<?xml version="1.0" encoding="UTF-8"?>
<gpx xmlns="http://www.topografix.com/GPX/1/1" xmlns:gpxtpx="http://www.garmin.com/xmlschemas/TrackPointExtension/v1" xmlns:xsi="http://www.w3.org/2001/XMLSchema-instance" xsi:schemaLocation="http://www.topografix.com/GPX/1/1 http://www.topografix.com/GPX/1/1/gpx.xsd" version="1.1" creator="gpx.py -- https://github.com/tkrajina/gpxpy">
  <trk>
    <name>gpx from keep</name>
    <trkseg>
      <trkpt lat="35.94032172309028" lon="120.22623209635417">
        <time>2021-01-21T07:26:51.922000Z</time>
      </trkpt>
      <trkpt lat="35.94011203342014" lon="120.22601969401042">
        <time>2021-01-21T07:27:03.922000Z</time>
      </trkpt>
      <trkpt lat="35.94005506727431" lon="120.22594265407986">
        <time>2021-01-21T07:27:06.922000Z</time>
      </trkpt>
      <trkpt lat="35.940013020833334" lon="120.22586100260416">
        <time>2021-01-21T07:27:09.922000Z</time>
      </trkpt>
      <trkpt lat="35.93992431640625" lon="120.22574924045139">
        <time>2021-01-21T07:27:15.922000Z</time>
      </trkpt>
      <trkpt lat="35.939860297309025" lon="120.22569118923612">
        <time>2021-01-21T07:27:18.922000Z</time>
      </trkpt>
      <trkpt lat="35.9398193359375" lon="120.22563910590277">
        <time>2021-01-21T07:27:21.922000Z</time>
      </trkpt>
      <trkpt lat="35.939716254340276" lon="120.22555555555556">
        <time>2021-01-21T07:27:27.922000Z</time>
      </trkpt>
      <trkpt lat="35.93966634114583" lon="120.2254847547743">
        <time>2021-01-21T07:27:30.922000Z</time>
      </trkpt>
      <trkpt lat="35.93957248263889" lon="120.22539360894098">
        <time>2021-01-21T07:27:36.922000Z</time>
      </trkpt>
      <trkpt lat="35.9395374891493" lon="120.22535888671875">
        <time>2021-01-21T07:27:39.922000Z</time>
      </trkpt>
      <trkpt lat="35.939365505642364" lon="120.22522623697917">
        <time>2021-01-21T07:27:48.922000Z</time>
      </trkpt>
      <trkpt lat="35.93933051215278" lon="120.22517035590278">
        <time>2021-01-21T07:27:51.922000Z</time>
      </trkpt>
      <trkpt lat="35.93928765190972" lon="120.22511827256945">
        <time>2021-01-21T07:27:54.922000Z</time>
      </trkpt>
      <trkpt lat="35.93925754123264" lon="120.22509358723958">
        <time>2021-01-21T07:28:00.922000Z</time>
      </trkpt>
      <trkpt lat="35.93920274522569" lon="120.22501356336805">
        <time>2021-01-21T07:28:03.922000Z</time>
      </trkpt>
      <trkpt lat="35.93911973741319" lon="120.2249498155382">
        <time>2021-01-21T07:28:06.922000Z</time>
      </trkpt>
      <trkpt lat="35.93907280815972" lon="120.22490668402777">
        <time>2021-01-21T07:28:09.922000Z</time>
      </trkpt>
      <trkpt lat="35.938951822916664" lon="120.2247691514757">
        <time>2021-01-21T07:28:15.922000Z</time>
      </trkpt>
      <trkpt lat="35.938802083333336" lon="120.22463731553819">
        <time>2021-01-21T07:28:24.922000Z</time>
      </trkpt>
      <trkpt lat="35.93875705295139" lon="120.2245703125">
        <time>2021-01-21T07:28:27.922000Z</time>
      </trkpt>
      <trkpt lat="35.93865315755208" lon="120.22447672526042">
        <time>2021-01-21T07:28:33.922000Z</time>
      </trkpt>
      <trkpt lat="35.938610026041665" lon="120.22442789713541">
        <time>2021-01-21T07:28:36.922000Z</time>
      </trkpt>
      <trkpt lat="35.93856635199653" lon="120.22437581380208">
        <time>2021-01-21T07:28:39.922000Z</time>
      </trkpt>
      <trkpt lat="35.93851345486111" lon="120.22432183159722">
        <time>2021-01-21T07:28:42.922000Z</time>
      </trkpt>
      <trkpt lat="35.93840630425347" lon="120.22421712239583">
        <time>2021-01-21T07:28:48.922000Z</time>
      </trkpt>
      <trkpt lat="35.93836235894097" lon="120.22416449652778">
        <time>2021-01-21T07:28:51.922000Z</time>
      </trkpt>
      <trkpt lat="35.938312445746526" lon="120.22411349826389">
        <time>2021-01-21T07:28:54.922000Z</time>
      </trkpt>
      <trkpt lat="35.93825466579861" lon="120.22405843098959">
        <time>2021-01-21T07:28:57.922000Z</time>
      </trkpt>
      <trkpt lat="35.93814778645833" lon="120.22395670572917">
        <time>2021-01-21T07:29:03.922000Z</time>
      </trkpt>
      <trkpt lat="35.9381005859375" lon="120.22390597873265">
        <time>2021-01-21T07:29:06.922000Z</time>
      </trkpt>
      <trkpt lat="35.937993706597226" lon="120.22382486979167">
        <time>2021-01-21T07:29:12.922000Z</time>
      </trkpt>
      <trkpt lat="35.9379505750868" lon="120.2237779405382">
        <time>2021-01-21T07:29:15.922000Z</time>
      </trkpt>
      <trkpt lat="35.93785888671875" lon="120.22370035807292">
        <time>2021-01-21T07:29:21.922000Z</time>
      </trkpt>
      <trkpt lat="35.93773681640625" lon="120.22359754774305">
        <time>2021-01-21T07:29:27.922000Z</time>
      </trkpt>
      <trkpt lat="35.93767795138889" lon="120.22354058159722">
        <time>2021-01-21T07:29:30.922000Z</time>
      </trkpt>
      <trkpt lat="35.93762288411458" lon="120.22348470052083">
        <time>2021-01-21T07:29:33.922000Z</time>
      </trkpt>
      <trkpt lat="35.937526312934025" lon="120.22338216145833">
        <time>2021-01-21T07:29:39.922000Z</time>
      </trkpt>
      <trkpt lat="35.93746826171875" lon="120.22334499782986">
        <time>2021-01-21T07:29:42.922000Z</time>
      </trkpt>
      <trkpt lat="35.93741617838542" lon="120.22328911675348">
        <time>2021-01-21T07:29:45.922000Z</time>
      </trkpt>
      <trkpt lat="35.937366265190974" lon="120.22325222439235">
        <time>2021-01-21T07:29:48.922000Z</time>
      </trkpt>
      <trkpt lat="35.9372412109375" lon="120.22315836588541">
        <time>2021-01-21T07:29:54.922000Z</time>
      </trkpt>
      <trkpt lat="35.937189127604164" lon="120.22311469184028">
        <time>2021-01-21T07:29:57.922000Z</time>
      </trkpt>
      <trkpt lat="35.93712727864583" lon="120.22307373046876">
        <time>2021-01-21T07:30:00.922000Z</time>
      </trkpt>
      <trkpt lat="35.93708034939236" lon="120.22302951388889">
        <time>2021-01-21T07:30:03.922000Z</time>
      </trkpt>
      <trkpt lat="35.93695339626736" lon="120.2229408094618">
        <time>2021-01-21T07:30:09.922000Z</time>
      </trkpt>
      <trkpt lat="35.93689860026041" lon="120.22288492838541">
        <time>2021-01-21T07:30:12.922000Z</time>
      </trkpt>
      <trkpt lat="35.93685139973958" lon="120.22283908420138">
        <time>2021-01-21T07:30:15.922000Z</time>
      </trkpt>
      <trkpt lat="35.936719563802086" lon="120.22275119357639">
        <time>2021-01-21T07:30:21.922000Z</time>
      </trkpt>
      <trkpt lat="35.93662082248264" lon="120.22268147786458">
        <time>2021-01-21T07:30:27.922000Z</time>
      </trkpt>
      <trkpt lat="35.93649983723958" lon="120.22256456163194">
        <time>2021-01-21T07:30:33.922000Z</time>
      </trkpt>
      <trkpt lat="35.93642985026042" lon="120.22252658420139">
        <time>2021-01-21T07:30:36.922000Z</time>
      </trkpt>
      <trkpt lat="35.93636962890625" lon="120.22247395833334">
        <time>2021-01-21T07:30:39.922000Z</time>
      </trkpt>
      <trkpt lat="35.936238064236115" lon="120.22237684461805">
        <time>2021-01-21T07:30:45.922000Z</time>
      </trkpt>
      <trkpt lat="35.93618408203125" lon="120.22234320746527">
        <time>2021-01-21T07:30:48.922000Z</time>
      </trkpt>
      <trkpt lat="35.93611192491319" lon="120.22228814019097">
        <time>2021-01-21T07:30:51.922000Z</time>
      </trkpt>
      <trkpt lat="35.93593397352431" lon="120.22215142144097">
        <time>2021-01-21T07:31:00.922000Z</time>
      </trkpt>
      <trkpt lat="35.93587510850694" lon="120.22210856119791">
        <time>2021-01-21T07:31:03.922000Z</time>
      </trkpt>
      <trkpt lat="35.93582004123264" lon="120.22206868489583">
        <time>2021-01-21T07:31:06.922000Z</time>
      </trkpt>
      <trkpt lat="35.93571533203125" lon="120.22198567708334">
        <time>2021-01-21T07:31:12.922000Z</time>
      </trkpt>
      <trkpt lat="35.9356591796875" lon="120.22194498697917">
        <time>2021-01-21T07:31:15.922000Z</time>
      </trkpt>
      <trkpt lat="35.935528157552085" lon="120.22185899522569">
        <time>2021-01-21T07:31:21.922000Z</time>
      </trkpt>
      <trkpt lat="35.93532416449653" lon="120.22170437282986">
        <time>2021-01-21T07:31:30.922000Z</time>
      </trkpt>
      <trkpt lat="35.9352685546875" lon="120.22166259765625">
        <time>2021-01-21T07:31:33.922000Z</time>
      </trkpt>
      <trkpt lat="35.93520453559028" lon="120.2216246202257">
        <time>2021-01-21T07:31:36.922000Z</time>
      </trkpt>
      <trkpt lat="35.93508355034722" lon="120.22152099609374">
        <time>2021-01-21T07:31:42.922000Z</time>
      </trkpt>
      <trkpt lat="35.935023600260415" lon="120.22147677951389">
        <time>2021-01-21T07:31:45.922000Z</time>
      </trkpt>
      <trkpt lat="35.93497260199653" lon="120.22144314236111">
        <time>2021-01-21T07:31:48.922000Z</time>
      </trkpt>
      <trkpt lat="35.93491156684028" lon="120.2214000108507">
        <time>2021-01-21T07:31:51.922000Z</time>
      </trkpt>
      <trkpt lat="35.93481174045139" lon="120.22132514105903">
        <time>2021-01-21T07:31:57.922000Z</time>
      </trkpt>
      <trkpt lat="35.93475179036459" lon="120.2212814670139">
        <time>2021-01-21T07:32:00.922000Z</time>
      </trkpt>
      <trkpt lat="35.93470594618056" lon="120.22124240451389">
        <time>2021-01-21T07:32:03.922000Z</time>
      </trkpt>
      <trkpt lat="35.93464491102431" lon="120.22119276258681">
        <time>2021-01-21T07:32:06.922000Z</time>
      </trkpt>
      <trkpt lat="35.93449571397569" lon="120.22107855902777">
        <time>2021-01-21T07:32:12.922000Z</time>
      </trkpt>
      <trkpt lat="35.93443603515625" lon="120.22103597005209">
        <time>2021-01-21T07:32:15.922000Z</time>
      </trkpt>
      <trkpt lat="35.93437717013889" lon="120.22098307291667">
        <time>2021-01-21T07:32:18.922000Z</time>
      </trkpt>
      <trkpt lat="35.93420708550347" lon="120.2208572048611">
        <time>2021-01-21T07:32:27.922000Z</time>
      </trkpt>
      <trkpt lat="35.93407199435764" lon="120.22075358072917">
        <time>2021-01-21T07:32:33.922000Z</time>
      </trkpt>
      <trkpt lat="35.93401936848959" lon="120.22070855034723">
        <time>2021-01-21T07:32:36.922000Z</time>
      </trkpt>
      <trkpt lat="35.93395236545139" lon="120.2206627061632">
        <time>2021-01-21T07:32:39.922000Z</time>
      </trkpt>
      <trkpt lat="35.933832465277774" lon="120.22057779947917">
        <time>2021-01-21T07:32:45.922000Z</time>
      </trkpt>
      <trkpt lat="35.933779296875" lon="120.220537109375">
        <time>2021-01-21T07:32:48.922000Z</time>
      </trkpt>
      <trkpt lat="35.93370849609375" lon="120.22049506293403">
        <time>2021-01-21T07:32:51.922000Z</time>
      </trkpt>
      <trkpt lat="35.93359375" lon="120.22038221571181">
        <time>2021-01-21T07:32:57.922000Z</time>
      </trkpt>
      <trkpt lat="35.9335386827257" lon="120.22033637152778">
        <time>2021-01-21T07:33:00.922000Z</time>
      </trkpt>
      <trkpt lat="35.93347466362847" lon="120.22029161241319">
        <time>2021-01-21T07:33:03.922000Z</time>
      </trkpt>
      <trkpt lat="35.93320366753472" lon="120.22008897569444">
        <time>2021-01-21T07:33:15.922000Z</time>
      </trkpt>
      <trkpt lat="35.93313503689236" lon="120.22004313151042">
        <time>2021-01-21T07:33:18.922000Z</time>
      </trkpt>
      <trkpt lat="35.933064778645836" lon="120.22000298394097">
        <time>2021-01-21T07:33:21.922000Z</time>
      </trkpt>
      <trkpt lat="35.932940809461805" lon="120.21990831163194">
        <time>2021-01-21T07:33:27.922000Z</time>
      </trkpt>
      <trkpt lat="35.93281792534722" lon="120.21982340494792">
        <time>2021-01-21T07:33:33.922000Z</time>
      </trkpt>
      <trkpt lat="35.932744954427086" lon="120.2197767469618">
        <time>2021-01-21T07:33:36.922000Z</time>
      </trkpt>
      <trkpt lat="35.93267930772569" lon="120.21973253038195">
        <time>2021-01-21T07:33:39.922000Z</time>
      </trkpt>
      <trkpt lat="35.93256429036458" lon="120.21964192708333">
        <time>2021-01-21T07:33:45.922000Z</time>
      </trkpt>
      <trkpt lat="35.932515190972225" lon="120.21958387586805">
        <time>2021-01-21T07:33:48.922000Z</time>
      </trkpt>
      <trkpt lat="35.93238823784722" lon="120.21949517144097">
        <time>2021-01-21T07:33:54.922000Z</time>
      </trkpt>
      <trkpt lat="35.932331271701386" lon="120.21946207682292">
        <time>2021-01-21T07:33:57.922000Z</time>
      </trkpt>
      <trkpt lat="35.93228135850694" lon="120.21941840277778">
        <time>2021-01-21T07:34:00.922000Z</time>
      </trkpt>
      <trkpt lat="35.932169325086804" lon="120.21932779947916">
        <time>2021-01-21T07:34:06.922000Z</time>
      </trkpt>
      <trkpt lat="35.93211344401042" lon="120.21926676432291">
        <time>2021-01-21T07:34:09.922000Z</time>
      </trkpt>
      <trkpt lat="35.93199055989583" lon="120.21917290581597">
        <time>2021-01-21T07:34:15.922000Z</time>
      </trkpt>
      <trkpt lat="35.93191569010417" lon="120.21913601345486">
        <time>2021-01-21T07:34:18.922000Z</time>
      </trkpt>
      <trkpt lat="35.93184868706597" lon="120.21908799913194">
        <time>2021-01-21T07:34:21.922000Z</time>
      </trkpt>
      <trkpt lat="35.931736653645835" lon="120.21902642144097">
        <time>2021-01-21T07:34:27.922000Z</time>
      </trkpt>
      <trkpt lat="35.93167263454861" lon="120.21896321614584">
        <time>2021-01-21T07:34:30.922000Z</time>
      </trkpt>
      <trkpt lat="35.931598849826386" lon="120.2188894314236">
        <time>2021-01-21T07:34:33.922000Z</time>
      </trkpt>
      <trkpt lat="35.931484103732636" lon="120.21879286024306">
        <time>2021-01-21T07:34:39.922000Z</time>
      </trkpt>
      <trkpt lat="35.93141411675347" lon="120.21876491970487">
        <time>2021-01-21T07:34:42.922000Z</time>
      </trkpt>
      <trkpt lat="35.93135199652778" lon="120.21872016059028">
        <time>2021-01-21T07:34:45.922000Z</time>
      </trkpt>
      <trkpt lat="35.93129611545139" lon="120.2186829969618">
        <time>2021-01-21T07:34:48.922000Z</time>
      </trkpt>
      <trkpt lat="35.93116590711806" lon="120.21859917534722">
        <time>2021-01-21T07:34:54.922000Z</time>
      </trkpt>
      <trkpt lat="35.931056315104165" lon="120.21849826388889">
        <time>2021-01-21T07:35:00.922000Z</time>
      </trkpt>
      <trkpt lat="35.93099826388889" lon="120.2184556749132">
        <time>2021-01-21T07:35:03.922000Z</time>
      </trkpt>
      <trkpt lat="35.930934244791665" lon="120.21840874565972">
        <time>2021-01-21T07:35:06.922000Z</time>
      </trkpt>
      <trkpt lat="35.930882161458335" lon="120.2183656141493">
        <time>2021-01-21T07:35:09.922000Z</time>
      </trkpt>
      <trkpt lat="35.93072536892361" lon="120.2182497829861">
        <time>2021-01-21T07:35:15.922000Z</time>
      </trkpt>
      <trkpt lat="35.93065456814236" lon="120.21820909288195">
        <time>2021-01-21T07:35:18.922000Z</time>
      </trkpt>
      <trkpt lat="35.93061143663194" lon="120.21818413628472">
        <time>2021-01-21T07:35:21.922000Z</time>
      </trkpt>
      <trkpt lat="35.93046549479167" lon="120.21809353298612">
        <time>2021-01-21T07:35:27.922000Z</time>
      </trkpt>
      <trkpt lat="35.93032741970486" lon="120.21796875">
        <time>2021-01-21T07:35:33.922000Z</time>
      </trkpt>
      <trkpt lat="35.93027289496528" lon="120.21791775173611">
        <time>2021-01-21T07:35:36.922000Z</time>
      </trkpt>
      <trkpt lat="35.93013970269097" lon="120.21782389322917">
        <time>2021-01-21T07:35:42.922000Z</time>
      </trkpt>
      <trkpt lat="35.930072699652776" lon="120.2177769639757">
        <time>2021-01-21T07:35:45.922000Z</time>
      </trkpt>
      <trkpt lat="35.92994873046875" lon="120.21766628689237">
        <time>2021-01-21T07:35:51.922000Z</time>
      </trkpt>
      <trkpt lat="35.92989013671875" lon="120.21761257595486">
        <time>2021-01-21T07:35:54.922000Z</time>
      </trkpt>
      <trkpt lat="35.9298291015625" lon="120.21756564670139">
        <time>2021-01-21T07:35:57.922000Z</time>
      </trkpt>
      <trkpt lat="35.929721950954864" lon="120.21747775607639">
        <time>2021-01-21T07:36:03.922000Z</time>
      </trkpt>
      <trkpt lat="35.929661187065975" lon="120.2174427625868">
        <time>2021-01-21T07:36:06.922000Z</time>
      </trkpt>
      <trkpt lat="35.9296031358507" lon="120.21740668402778">
        <time>2021-01-21T07:36:09.922000Z</time>
      </trkpt>
      <trkpt lat="35.929541015625" lon="120.21736409505208">
        <time>2021-01-21T07:36:12.922000Z</time>
      </trkpt>
      <trkpt lat="35.92941324869792" lon="120.21725341796875">
        <time>2021-01-21T07:36:18.922000Z</time>
      </trkpt>
      <trkpt lat="35.92935248480903" lon="120.21717827690972">
        <time>2021-01-21T07:36:21.922000Z</time>
      </trkpt>
      <trkpt lat="35.929202745225695" lon="120.21705349392361">
        <time>2021-01-21T07:36:27.922000Z</time>
      </trkpt>
      <trkpt lat="35.92913872612847" lon="120.21699978298611">
        <time>2021-01-21T07:36:30.922000Z</time>
      </trkpt>
      <trkpt lat="35.92899875217014" lon="120.21686116536458">
        <time>2021-01-21T07:36:36.922000Z</time>
      </trkpt>
      <trkpt lat="35.92893798828125" lon="120.21679741753472">
        <time>2021-01-21T07:36:39.922000Z</time>
      </trkpt>
      <trkpt lat="35.92888888888889" lon="120.21675347222222">
        <time>2021-01-21T07:36:42.922000Z</time>
      </trkpt>
      <trkpt lat="35.9287779405382" lon="120.21663167317708">
        <time>2021-01-21T07:36:48.922000Z</time>
      </trkpt>
      <trkpt lat="35.92867811414931" lon="120.21650200737847">
        <time>2021-01-21T07:36:54.922000Z</time>
      </trkpt>
      <trkpt lat="35.92861328125" lon="120.21642930772569">
        <time>2021-01-21T07:36:57.922000Z</time>
      </trkpt>
      <trkpt lat="35.92856608072917" lon="120.21637424045139">
        <time>2021-01-21T07:37:00.922000Z</time>
      </trkpt>
      <trkpt lat="35.92844455295139" lon="120.21624565972222">
        <time>2021-01-21T07:37:06.922000Z</time>
      </trkpt>
      <trkpt lat="35.92826633029514" lon="120.21607014973958">
        <time>2021-01-21T07:37:15.922000Z</time>
      </trkpt>
      <trkpt lat="35.92818576388889" lon="120.215986328125">
        <time>2021-01-21T07:37:18.922000Z</time>
      </trkpt>
      <trkpt lat="35.92809461805555" lon="120.21583658854166">
        <time>2021-01-21T07:37:24.922000Z</time>
      </trkpt>
      <trkpt lat="35.92798692491319" lon="120.2157240125868">
        <time>2021-01-21T07:37:30.922000Z</time>
      </trkpt>
      <trkpt lat="35.92793402777778" lon="120.21565402560763">
        <time>2021-01-21T07:37:33.922000Z</time>
      </trkpt>
      <trkpt lat="35.927877061631946" lon="120.21557807074653">
        <time>2021-01-21T07:37:36.922000Z</time>
      </trkpt>
      <trkpt lat="35.92761745876736" lon="120.21518717447917">
        <time>2021-01-21T07:37:54.922000Z</time>
      </trkpt>
      <trkpt lat="35.9274888780382" lon="120.21500949435764">
        <time>2021-01-21T07:38:00.922000Z</time>
      </trkpt>
      <trkpt lat="35.92743082682291" lon="120.214921875">
        <time>2021-01-21T07:38:03.922000Z</time>
      </trkpt>
      <trkpt lat="35.927326931423615" lon="120.21475423177084">
        <time>2021-01-21T07:38:09.922000Z</time>
      </trkpt>
      <trkpt lat="35.927296006944445" lon="120.21470024956598">
        <time>2021-01-21T07:38:12.922000Z</time>
      </trkpt>
      <trkpt lat="35.927166341145835" lon="120.2144837782118">
        <time>2021-01-21T07:38:21.922000Z</time>
      </trkpt>
      <trkpt lat="35.92713053385417" lon="120.2144091796875">
        <time>2021-01-21T07:38:24.922000Z</time>
      </trkpt>
      <trkpt lat="35.92703450520833" lon="120.21428249782986">
        <time>2021-01-21T07:38:30.922000Z</time>
      </trkpt>
      <trkpt lat="35.92697075737847" lon="120.2141636827257">
        <time>2021-01-21T07:38:36.922000Z</time>
      </trkpt>
      <trkpt lat="35.9269349500868" lon="120.21409098307292">
        <time>2021-01-21T07:38:39.922000Z</time>
      </trkpt>
      <trkpt lat="35.92679714626736" lon="120.21380452473959">
        <time>2021-01-21T07:38:48.922000Z</time>
      </trkpt>
      <trkpt lat="35.92674940321181" lon="120.21372585720486">
        <time>2021-01-21T07:38:51.922000Z</time>
      </trkpt>
      <trkpt lat="35.926702473958336" lon="120.2136461046007">
        <time>2021-01-21T07:38:54.922000Z</time>
      </trkpt>
      <trkpt lat="35.92659966362847" lon="120.21337754991319">
        <time>2021-01-21T07:39:03.922000Z</time>
      </trkpt>
      <trkpt lat="35.92646891276042" lon="120.21317925347222">
        <time>2021-01-21T07:39:12.922000Z</time>
      </trkpt>
      <trkpt lat="35.926412217881946" lon="120.21308539496528">
        <time>2021-01-21T07:39:15.922000Z</time>
      </trkpt>
      <trkpt lat="35.926121961805556" lon="120.21241997612847">
        <time>2021-01-21T07:39:39.922000Z</time>
      </trkpt>
      <trkpt lat="35.92607313368055" lon="120.21231526692708">
        <time>2021-01-21T07:39:42.922000Z</time>
      </trkpt>
      <trkpt lat="35.92602023654514" lon="120.21213677300348">
        <time>2021-01-21T07:39:48.922000Z</time>
      </trkpt>
      <trkpt lat="35.92596354166667" lon="120.21198703342014">
        <time>2021-01-21T07:39:54.922000Z</time>
      </trkpt>
      <trkpt lat="35.925930718315975" lon="120.21189534505208">
        <time>2021-01-21T07:39:57.922000Z</time>
      </trkpt>
      <trkpt lat="35.925897894965274" lon="120.21182373046875">
        <time>2021-01-21T07:40:00.922000Z</time>
      </trkpt>
      <trkpt lat="35.92581705729167" lon="120.21163818359375">
        <time>2021-01-21T07:40:06.922000Z</time>
      </trkpt>
      <trkpt lat="35.92579318576389" lon="120.2115394422743">
        <time>2021-01-21T07:40:09.922000Z</time>
      </trkpt>
      <trkpt lat="35.92576443142361" lon="120.21141682942708">
        <time>2021-01-21T07:40:12.922000Z</time>
      </trkpt>
      <trkpt lat="35.925708550347224" lon="120.21120930989584">
        <time>2021-01-21T07:40:18.922000Z</time>
      </trkpt>
      <trkpt lat="35.92564181857639" lon="120.21099582248264">
        <time>2021-01-21T07:40:24.922000Z</time>
      </trkpt>
      <trkpt lat="35.925617947048615" lon="120.21091905381944">
        <time>2021-01-21T07:40:27.922000Z</time>
      </trkpt>
      <trkpt lat="35.92558919270834" lon="120.21080647786458">
        <time>2021-01-21T07:40:30.922000Z</time>
      </trkpt>
      <trkpt lat="35.92555148654514" lon="120.21062065972222">
        <time>2021-01-21T07:40:36.922000Z</time>
      </trkpt>
      <trkpt lat="35.92551242404514" lon="120.21052191840278">
        <time>2021-01-21T07:40:39.922000Z</time>
      </trkpt>
      <trkpt lat="35.925472819010416" lon="120.21035536024306">
        <time>2021-01-21T07:40:45.922000Z</time>
      </trkpt>
      <trkpt lat="35.92541693793403" lon="120.21018798828125">
        <time>2021-01-21T07:40:51.922000Z</time>
      </trkpt>
      <trkpt lat="35.92534722222222" lon="120.20989556206597">
        <time>2021-01-21T07:41:00.922000Z</time>
      </trkpt>
      <trkpt lat="35.9253125" lon="120.20978488498264">
        <time>2021-01-21T07:41:03.922000Z</time>
      </trkpt>
      <trkpt lat="35.92525607638889" lon="120.20947292751737">
        <time>2021-01-21T07:41:12.922000Z</time>
      </trkpt>
      <trkpt lat="35.92521647135417" lon="120.20929009331597">
        <time>2021-01-21T07:41:18.922000Z</time>
      </trkpt>
      <trkpt lat="35.92515353732639" lon="120.2091126844618">
        <time>2021-01-21T07:41:24.922000Z</time>
      </trkpt>
      <trkpt lat="35.92509195963542" lon="120.20891221788195">
        <time>2021-01-21T07:41:30.922000Z</time>
      </trkpt>
      <trkpt lat="35.92507703993056" lon="120.20883165147569">
        <time>2021-01-21T07:41:33.922000Z</time>
      </trkpt>
      <trkpt lat="35.92498046875" lon="120.20854546440972">
        <time>2021-01-21T07:41:42.922000Z</time>
      </trkpt>
      <trkpt lat="35.924945475260415" lon="120.20842366536458">
        <time>2021-01-21T07:41:45.922000Z</time>
      </trkpt>
      <trkpt lat="35.92486273871528" lon="120.20821614583333">
        <time>2021-01-21T07:41:51.922000Z</time>
      </trkpt>
      <trkpt lat="35.924777018229165" lon="120.20799777560764">
        <time>2021-01-21T07:41:57.922000Z</time>
      </trkpt>
      <trkpt lat="35.92471137152778" lon="120.20780626085069">
        <time>2021-01-21T07:42:03.922000Z</time>
      </trkpt>
      <trkpt lat="35.92468451605903" lon="120.20772162543403">
        <time>2021-01-21T07:42:06.922000Z</time>
      </trkpt>
      <trkpt lat="35.92466064453125" lon="120.2076478407118">
        <time>2021-01-21T07:42:09.922000Z</time>
      </trkpt>
      <trkpt lat="35.92460693359375" lon="120.20748209635417">
        <time>2021-01-21T07:42:15.922000Z</time>
      </trkpt>
      <trkpt lat="35.92456814236111" lon="120.20739718967013">
        <time>2021-01-21T07:42:18.922000Z</time>
      </trkpt>
      <trkpt lat="35.9245361328125" lon="120.20732069227431">
        <time>2021-01-21T07:42:21.922000Z</time>
      </trkpt>
      <trkpt lat="35.92445936414931" lon="120.2071470811632">
        <time>2021-01-21T07:42:27.922000Z</time>
      </trkpt>
      <trkpt lat="35.92442925347222" lon="120.20707221137152">
        <time>2021-01-21T07:42:30.922000Z</time>
      </trkpt>
      <trkpt lat="35.92439371744792" lon="120.2069873046875">
        <time>2021-01-21T07:42:33.922000Z</time>
      </trkpt>
      <trkpt lat="35.92431803385416" lon="120.20681206597222">
        <time>2021-01-21T07:42:39.922000Z</time>
      </trkpt>
      <trkpt lat="35.92428493923611" lon="120.20673529730902">
        <time>2021-01-21T07:42:42.922000Z</time>
      </trkpt>
      <trkpt lat="35.92424723307292" lon="120.20664849175347">
        <time>2021-01-21T07:42:45.922000Z</time>
      </trkpt>
      <trkpt lat="35.92416341145833" lon="120.20645779079861">
        <time>2021-01-21T07:42:51.922000Z</time>
      </trkpt>
      <trkpt lat="35.92412136501736" lon="120.20638509114583">
        <time>2021-01-21T07:42:54.922000Z</time>
      </trkpt>
      <trkpt lat="35.924076334635416" lon="120.20630425347223">
        <time>2021-01-21T07:42:57.922000Z</time>
      </trkpt>
      <trkpt lat="35.92399576822917" lon="120.20612684461805">
        <time>2021-01-21T07:43:03.922000Z</time>
      </trkpt>
      <trkpt lat="35.92395290798611" lon="120.20603298611111">
        <time>2021-01-21T07:43:06.922000Z</time>
      </trkpt>
      <trkpt lat="35.9239111328125" lon="120.20593343098959">
        <time>2021-01-21T07:43:09.922000Z</time>
      </trkpt>
      <trkpt lat="35.92382134331597" lon="120.20577175564236">
        <time>2021-01-21T07:43:15.922000Z</time>
      </trkpt>
      <trkpt lat="35.923777669270834" lon="120.20570285373265">
        <time>2021-01-21T07:43:18.922000Z</time>
      </trkpt>
      <trkpt lat="35.92373752170139" lon="120.20564507378472">
        <time>2021-01-21T07:43:21.922000Z</time>
      </trkpt>
      <trkpt lat="35.923648817274305" lon="120.2054673936632">
        <time>2021-01-21T07:43:27.922000Z</time>
      </trkpt>
      <trkpt lat="35.923603786892365" lon="120.20538465711806">
        <time>2021-01-21T07:43:30.922000Z</time>
      </trkpt>
      <trkpt lat="35.92355495876736" lon="120.20529296875">
        <time>2021-01-21T07:43:33.922000Z</time>
      </trkpt>
      <trkpt lat="35.92345920138889" lon="120.20514756944445">
        <time>2021-01-21T07:43:39.922000Z</time>
      </trkpt>
      <trkpt lat="35.92339626736111" lon="120.2050439453125">
        <time>2021-01-21T07:43:42.922000Z</time>
      </trkpt>
      <trkpt lat="35.923313530815975" lon="120.20489122178819">
        <time>2021-01-21T07:43:48.922000Z</time>
      </trkpt>
      <trkpt lat="35.92328152126736" lon="120.2048423936632">
        <time>2021-01-21T07:43:51.922000Z</time>
      </trkpt>
      <trkpt lat="35.923235948350694" lon="120.2047496202257">
        <time>2021-01-21T07:43:54.922000Z</time>
      </trkpt>
      <trkpt lat="35.923134765625" lon="120.2046218532986">
        <time>2021-01-21T07:44:00.922000Z</time>
      </trkpt>
      <trkpt lat="35.92307400173611" lon="120.2045779079861">
        <time>2021-01-21T07:44:03.922000Z</time>
      </trkpt>
      <trkpt lat="35.923016221788195" lon="120.2045081922743">
        <time>2021-01-21T07:44:06.922000Z</time>
      </trkpt>
      <trkpt lat="35.92289713541667" lon="120.20439344618056">
        <time>2021-01-21T07:44:12.922000Z</time>
      </trkpt>
      <trkpt lat="35.9228355577257" lon="120.20431966145833">
        <time>2021-01-21T07:44:15.922000Z</time>
      </trkpt>
      <trkpt lat="35.92277533637153" lon="120.20424696180555">
        <time>2021-01-21T07:44:18.922000Z</time>
      </trkpt>
      <trkpt lat="35.922664659288195" lon="120.20414035373264">
        <time>2021-01-21T07:44:24.922000Z</time>
      </trkpt>
      <trkpt lat="35.922587619357635" lon="120.20408718532985">
        <time>2021-01-21T07:44:27.922000Z</time>
      </trkpt>
      <trkpt lat="35.9224986436632" lon="120.20403049045139">
        <time>2021-01-21T07:44:30.922000Z</time>
      </trkpt>
      <trkpt lat="35.92235704210069" lon="120.20391384548611">
        <time>2021-01-21T07:44:36.922000Z</time>
      </trkpt>
      <trkpt lat="35.922281901041664" lon="120.20385199652777">
        <time>2021-01-21T07:44:39.922000Z</time>
      </trkpt>
      <trkpt lat="35.922214898003475" lon="120.20380913628472">
        <time>2021-01-21T07:44:42.922000Z</time>
      </trkpt>
      <trkpt lat="35.922001139322916" lon="120.20362874348959">
        <time>2021-01-21T07:44:51.922000Z</time>
      </trkpt>
      <trkpt lat="35.92193522135417" lon="120.20356960720486">
        <time>2021-01-21T07:44:54.922000Z</time>
      </trkpt>
      <trkpt lat="35.92186659071181" lon="120.20350775824653">
        <time>2021-01-21T07:44:57.922000Z</time>
      </trkpt>
      <trkpt lat="35.921732584635414" lon="120.2033810763889">
        <time>2021-01-21T07:45:03.922000Z</time>
      </trkpt>
      <trkpt lat="35.92165364583333" lon="120.20332845052083">
        <time>2021-01-21T07:45:06.922000Z</time>
      </trkpt>
      <trkpt lat="35.92150689019097" lon="120.20323974609374">
        <time>2021-01-21T07:45:12.922000Z</time>
      </trkpt>
      <trkpt lat="35.92137179904514" lon="120.203125">
        <time>2021-01-21T07:45:18.922000Z</time>
      </trkpt>
      <trkpt lat="35.921306966145835" lon="120.20304931640625">
        <time>2021-01-21T07:45:21.922000Z</time>
      </trkpt>
      <trkpt lat="35.92124104817708" lon="120.20298231336805">
        <time>2021-01-21T07:45:24.922000Z</time>
      </trkpt>
      <trkpt lat="35.921107313368054" lon="120.20288140190972">
        <time>2021-01-21T07:45:30.922000Z</time>
      </trkpt>
      <trkpt lat="35.92103841145833" lon="120.20282280815972">
        <time>2021-01-21T07:45:33.922000Z</time>
      </trkpt>
      <trkpt lat="35.92092230902778" lon="120.20270100911458">
        <time>2021-01-21T07:45:39.922000Z</time>
      </trkpt>
      <trkpt lat="35.92082248263889" lon="120.20255560980902">
        <time>2021-01-21T07:45:45.922000Z</time>
      </trkpt>
      <trkpt lat="35.92069986979167" lon="120.20241400824652">
        <time>2021-01-21T07:45:51.922000Z</time>
      </trkpt>
      <trkpt lat="35.92063693576389" lon="120.20232720269097">
        <time>2021-01-21T07:45:54.922000Z</time>
      </trkpt>
      <trkpt lat="35.920521104600695" lon="120.20216769748264">
        <time>2021-01-21T07:46:00.922000Z</time>
      </trkpt>
      <trkpt lat="35.92046142578125" lon="120.20209255642361">
        <time>2021-01-21T07:46:03.922000Z</time>
      </trkpt>
      <trkpt lat="35.92032633463542" lon="120.20194634331597">
        <time>2021-01-21T07:46:09.922000Z</time>
      </trkpt>
      <trkpt lat="35.92022081163194" lon="120.20178765190973">
        <time>2021-01-21T07:46:15.922000Z</time>
      </trkpt>
      <trkpt lat="35.92017985026042" lon="120.20170003255208">
        <time>2021-01-21T07:46:18.922000Z</time>
      </trkpt>
      <trkpt lat="35.920147026909724" lon="120.20163004557291">
        <time>2021-01-21T07:46:21.922000Z</time>
      </trkpt>
      <trkpt lat="35.92004231770834" lon="120.20148546006945">
        <time>2021-01-21T07:46:27.922000Z</time>
      </trkpt>
      <trkpt lat="35.919994303385415" lon="120.2014048936632">
        <time>2021-01-21T07:46:30.922000Z</time>
      </trkpt>
      <trkpt lat="35.919895562065975" lon="120.20128824869792">
        <time>2021-01-21T07:46:36.922000Z</time>
      </trkpt>
      <trkpt lat="35.91980984157986" lon="120.20114935980902">
        <time>2021-01-21T07:46:42.922000Z</time>
      </trkpt>
      <trkpt lat="35.919758843315975" lon="120.20106879340278">
        <time>2021-01-21T07:46:45.922000Z</time>
      </trkpt>
      <trkpt lat="35.91971516927083" lon="120.20099283854167">
        <time>2021-01-21T07:46:48.922000Z</time>
      </trkpt>
      <trkpt lat="35.919622395833336" lon="120.20084038628472">
        <time>2021-01-21T07:46:54.922000Z</time>
      </trkpt>
      <trkpt lat="35.9195543077257" lon="120.20074462890625">
        <time>2021-01-21T07:46:57.922000Z</time>
      </trkpt>
      <trkpt lat="35.91949435763889" lon="120.2006627061632">
        <time>2021-01-21T07:47:00.922000Z</time>
      </trkpt>
      <trkpt lat="35.919383680555555" lon="120.20053439670139">
        <time>2021-01-21T07:47:06.922000Z</time>
      </trkpt>
      <trkpt lat="35.91932156032986" lon="120.20047634548611">
        <time>2021-01-21T07:47:09.922000Z</time>
      </trkpt>
      <trkpt lat="35.91920193142361" lon="120.20038465711805">
        <time>2021-01-21T07:47:15.922000Z</time>
      </trkpt>
      <trkpt lat="35.91914496527778" lon="120.20034884982638">
        <time>2021-01-21T07:47:18.922000Z</time>
      </trkpt>
      <trkpt lat="35.91906494140625" lon="120.2002818467882">
        <time>2021-01-21T07:47:21.922000Z</time>
      </trkpt>
      <trkpt lat="35.9188902452257" lon="120.20017116970486">
        <time>2021-01-21T07:47:27.922000Z</time>
      </trkpt>
      <trkpt lat="35.918810221354164" lon="120.20011528862847">
        <time>2021-01-21T07:47:30.922000Z</time>
      </trkpt>
      <trkpt lat="35.91866238064236" lon="120.20000868055556">
        <time>2021-01-21T07:47:36.922000Z</time>
      </trkpt>
      <trkpt lat="35.91853949652778" lon="120.1999338107639">
        <time>2021-01-21T07:47:42.922000Z</time>
      </trkpt>
      <trkpt lat="35.9184583875868" lon="120.1999009874132">
        <time>2021-01-21T07:47:45.922000Z</time>
      </trkpt>
      <trkpt lat="35.91837429470486" lon="120.19985622829861">
        <time>2021-01-21T07:47:48.922000Z</time>
      </trkpt>
      <trkpt lat="35.91821967230903" lon="120.19978325737847">
        <time>2021-01-21T07:47:54.922000Z</time>
      </trkpt>
      <trkpt lat="35.91800075954861" lon="120.19968234592014">
        <time>2021-01-21T07:48:03.922000Z</time>
      </trkpt>
      <trkpt lat="35.91793972439236" lon="120.19964274088542">
        <time>2021-01-21T07:48:06.922000Z</time>
      </trkpt>
      <trkpt lat="35.91787082248264" lon="120.19959174262152">
        <time>2021-01-21T07:48:09.922000Z</time>
      </trkpt>
      <trkpt lat="35.91768798828125" lon="120.19946831597223">
        <time>2021-01-21T07:48:18.922000Z</time>
      </trkpt>
      <trkpt lat="35.91755805121528" lon="120.19941840277778">
        <time>2021-01-21T07:48:24.922000Z</time>
      </trkpt>
      <trkpt lat="35.91749593098958" lon="120.19940239800347">
        <time>2021-01-21T07:48:27.922000Z</time>
      </trkpt>
      <trkpt lat="35.91742594401042" lon="120.19939019097222">
        <time>2021-01-21T07:48:30.922000Z</time>
      </trkpt>
      <trkpt lat="35.9173033311632" lon="120.19933756510417">
        <time>2021-01-21T07:48:36.922000Z</time>
      </trkpt>
      <trkpt lat="35.917247178819444" lon="120.1993234592014">
        <time>2021-01-21T07:48:39.922000Z</time>
      </trkpt>
      <trkpt lat="35.91716335720486" lon="120.19930257161458">
        <time>2021-01-21T07:48:42.922000Z</time>
      </trkpt>
      <trkpt lat="35.91702419704861" lon="120.19924479166667">
        <time>2021-01-21T07:48:48.922000Z</time>
      </trkpt>
      <trkpt lat="35.91694634331597" lon="120.19920491536459">
        <time>2021-01-21T07:48:51.922000Z</time>
      </trkpt>
      <trkpt lat="35.91670030381945" lon="120.19909613715278">
        <time>2021-01-21T07:49:03.922000Z</time>
      </trkpt>
      <trkpt lat="35.91656629774305" lon="120.19907606336805">
        <time>2021-01-21T07:49:09.922000Z</time>
      </trkpt>
      <trkpt lat="35.91635959201389" lon="120.19897542317709">
        <time>2021-01-21T07:49:18.922000Z</time>
      </trkpt>
      <trkpt lat="35.91629150390625" lon="120.1989425998264">
        <time>2021-01-21T07:49:21.922000Z</time>
      </trkpt>
      <trkpt lat="35.9161244032118" lon="120.19892171223958">
        <time>2021-01-21T07:49:30.922000Z</time>
      </trkpt>
      <trkpt lat="35.91604654947917" lon="120.19888264973959">
        <time>2021-01-21T07:49:33.922000Z</time>
      </trkpt>
      <trkpt lat="35.91596950954861" lon="120.1988490125868">
        <time>2021-01-21T07:49:36.922000Z</time>
      </trkpt>
      <trkpt lat="35.915828450520834" lon="120.19882378472222">
        <time>2021-01-21T07:49:42.922000Z</time>
      </trkpt>
      <trkpt lat="35.9154576280382" lon="120.19874810112847">
        <time>2021-01-21T07:49:57.922000Z</time>
      </trkpt>
      <trkpt lat="35.91537543402778" lon="120.19873616536458">
        <time>2021-01-21T07:50:00.922000Z</time>
      </trkpt>
      <trkpt lat="35.91522243923611" lon="120.19870524088542">
        <time>2021-01-21T07:50:06.922000Z</time>
      </trkpt>
      <trkpt lat="35.915051812065975" lon="120.19866509331597">
        <time>2021-01-21T07:50:12.922000Z</time>
      </trkpt>
      <trkpt lat="35.91497585720486" lon="120.19865315755209">
        <time>2021-01-21T07:50:15.922000Z</time>
      </trkpt>
      <trkpt lat="35.91489366319445" lon="120.19863932291666">
        <time>2021-01-21T07:50:18.922000Z</time>
      </trkpt>
      <trkpt lat="35.91475070529514" lon="120.19861735026042">
        <time>2021-01-21T07:50:24.922000Z</time>
      </trkpt>
      <trkpt lat="35.91468071831597" lon="120.19860541449653">
        <time>2021-01-21T07:50:27.922000Z</time>
      </trkpt>
      <trkpt lat="35.91460259331597" lon="120.19859754774305">
        <time>2021-01-21T07:50:30.922000Z</time>
      </trkpt>
      <trkpt lat="35.91447645399305" lon="120.19859347873263">
        <time>2021-01-21T07:50:36.922000Z</time>
      </trkpt>
      <trkpt lat="35.91438937717014" lon="120.19859347873263">
        <time>2021-01-21T07:50:39.922000Z</time>
      </trkpt>
      <trkpt lat="35.91424750434028" lon="120.19859944661458">
        <time>2021-01-21T07:50:45.922000Z</time>
      </trkpt>
      <trkpt lat="35.91409261067708" lon="120.1985964626736">
        <time>2021-01-21T07:50:51.922000Z</time>
      </trkpt>
      <trkpt lat="35.9140234375" lon="120.19857855902778">
        <time>2021-01-21T07:50:54.922000Z</time>
      </trkpt>
      <trkpt lat="35.913959418402776" lon="120.19856743706598">
        <time>2021-01-21T07:50:57.922000Z</time>
      </trkpt>
      <trkpt lat="35.913768446180555" lon="120.19853949652777">
        <time>2021-01-21T07:51:03.922000Z</time>
      </trkpt>
      <trkpt lat="35.913683539496525" lon="120.1985365125868">
        <time>2021-01-21T07:51:06.922000Z</time>
      </trkpt>
      <trkpt lat="35.91359646267361" lon="120.19852837456597">
        <time>2021-01-21T07:51:09.922000Z</time>
      </trkpt>
      <trkpt lat="35.91342746310764" lon="120.1985205078125">
        <time>2021-01-21T07:51:15.922000Z</time>
      </trkpt>
      <trkpt lat="35.91334743923611" lon="120.19854058159723">
        <time>2021-01-21T07:51:18.922000Z</time>
      </trkpt>
      <trkpt lat="35.9132666015625" lon="120.1985413953993">
        <time>2021-01-21T07:51:21.922000Z</time>
      </trkpt>
      <trkpt lat="35.913097330729165" lon="120.19852240668403">
        <time>2021-01-21T07:51:27.922000Z</time>
      </trkpt>
      <trkpt lat="35.91276611328125" lon="120.19856825086805">
        <time>2021-01-21T07:51:39.922000Z</time>
      </trkpt>
      <trkpt lat="35.91268120659722" lon="120.19856825086805">
        <time>2021-01-21T07:51:42.922000Z</time>
      </trkpt>
      <trkpt lat="35.912441948784725" lon="120.19858127170139">
        <time>2021-01-21T07:51:51.922000Z</time>
      </trkpt>
      <trkpt lat="35.912358940972226" lon="120.19859130859375">
        <time>2021-01-21T07:51:54.922000Z</time>
      </trkpt>
      <trkpt lat="35.912280815972224" lon="120.19859619140625">
        <time>2021-01-21T07:51:57.922000Z</time>
      </trkpt>
      <trkpt lat="35.912134874131944" lon="120.19861328125">
        <time>2021-01-21T07:52:03.922000Z</time>
      </trkpt>
      <trkpt lat="35.912058919270834" lon="120.19862711588542">
        <time>2021-01-21T07:52:06.922000Z</time>
      </trkpt>
      <trkpt lat="35.91199001736111" lon="120.19864203559028">
        <time>2021-01-21T07:52:09.922000Z</time>
      </trkpt>
      <trkpt lat="35.91184054904514" lon="120.19866292317708">
        <time>2021-01-21T07:52:15.922000Z</time>
      </trkpt>
      <trkpt lat="35.911768663194444" lon="120.19866780598959">
        <time>2021-01-21T07:52:18.922000Z</time>
      </trkpt>
      <trkpt lat="35.911707628038194" lon="120.19868489583334">
        <time>2021-01-21T07:52:21.922000Z</time>
      </trkpt>
      <trkpt lat="35.91154568142361" lon="120.19870090060763">
        <time>2021-01-21T07:52:27.922000Z</time>
      </trkpt>
      <trkpt lat="35.911487630208335" lon="120.19870279947916">
        <time>2021-01-21T07:52:30.922000Z</time>
      </trkpt>
      <trkpt lat="35.911417643229164" lon="120.19872151692708">
        <time>2021-01-21T07:52:33.922000Z</time>
      </trkpt>
      <trkpt lat="35.911365288628474" lon="120.1987367078993">
        <time>2021-01-21T07:52:36.922000Z</time>
      </trkpt>
      <trkpt lat="35.911197374131945" lon="120.19874376085069">
        <time>2021-01-21T07:52:42.922000Z</time>
      </trkpt>
      <trkpt lat="35.91112250434028" lon="120.19874267578125">
        <time>2021-01-21T07:52:45.922000Z</time>
      </trkpt>
      <trkpt lat="35.91105034722222" lon="120.1987415907118">
        <time>2021-01-21T07:52:48.922000Z</time>
      </trkpt>
      <trkpt lat="35.91091254340278" lon="120.19874457465278">
        <time>2021-01-21T07:52:54.922000Z</time>
      </trkpt>
      <trkpt lat="35.910839301215276" lon="120.19875461154514">
        <time>2021-01-21T07:52:57.922000Z</time>
      </trkpt>
      <trkpt lat="35.910772298177086" lon="120.19875162760417">
        <time>2021-01-21T07:53:00.922000Z</time>
      </trkpt>
      <trkpt lat="35.910631510416664" lon="120.19873969184027">
        <time>2021-01-21T07:53:06.922000Z</time>
      </trkpt>
      <trkpt lat="35.91054741753472" lon="120.19873074001737">
        <time>2021-01-21T07:53:09.922000Z</time>
      </trkpt>
      <trkpt lat="35.910472276475694" lon="120.19873263888888">
        <time>2021-01-21T07:53:12.922000Z</time>
      </trkpt>
      <trkpt lat="35.91025743272569" lon="120.19867160373263">
        <time>2021-01-21T07:53:21.922000Z</time>
      </trkpt>
      <trkpt lat="35.91018636067708" lon="120.19866102430555">
        <time>2021-01-21T07:53:24.922000Z</time>
      </trkpt>
      <trkpt lat="35.91011149088542" lon="120.1986349826389">
        <time>2021-01-21T07:53:27.922000Z</time>
      </trkpt>
      <trkpt lat="35.90998046875" lon="120.19858479817708">
        <time>2021-01-21T07:53:33.922000Z</time>
      </trkpt>
      <trkpt lat="35.9098974609375" lon="120.19856201171875">
        <time>2021-01-21T07:53:36.922000Z</time>
      </trkpt>
      <trkpt lat="35.909832356770835" lon="120.19853814019098">
        <time>2021-01-21T07:53:39.922000Z</time>
      </trkpt>
      <trkpt lat="35.90968532986111" lon="120.19848117404514">
        <time>2021-01-21T07:53:45.922000Z</time>
      </trkpt>
      <trkpt lat="35.90962266710069" lon="120.19843532986111">
        <time>2021-01-21T07:53:48.922000Z</time>
      </trkpt>
      <trkpt lat="35.90955376519097" lon="120.19840250651042">
        <time>2021-01-21T07:53:51.922000Z</time>
      </trkpt>
      <trkpt lat="35.90942355685764" lon="120.19834364149305">
        <time>2021-01-21T07:53:57.922000Z</time>
      </trkpt>
      <trkpt lat="35.90935275607639" lon="120.19831678602431">
        <time>2021-01-21T07:54:00.922000Z</time>
      </trkpt>
      <trkpt lat="35.90929280598959" lon="120.19828776041666">
        <time>2021-01-21T07:54:03.922000Z</time>
      </trkpt>
      <trkpt lat="35.909076063368055" lon="120.1981591796875">
        <time>2021-01-21T07:54:12.922000Z</time>
      </trkpt>
      <trkpt lat="35.90900987413195" lon="120.19810221354167">
        <time>2021-01-21T07:54:15.922000Z</time>
      </trkpt>
      <trkpt lat="35.908953993055555" lon="120.19805555555556">
        <time>2021-01-21T07:54:18.922000Z</time>
      </trkpt>
      <trkpt lat="35.90883517795139" lon="120.19796875">
        <time>2021-01-21T07:54:24.922000Z</time>
      </trkpt>
      <trkpt lat="35.90876030815972" lon="120.197919921875">
        <time>2021-01-21T07:54:27.922000Z</time>
      </trkpt>
      <trkpt lat="35.908602430555554" lon="120.19775933159723">
        <time>2021-01-21T07:54:33.922000Z</time>
      </trkpt>
      <trkpt lat="35.908543565538196" lon="120.19769829644098">
        <time>2021-01-21T07:54:36.922000Z</time>
      </trkpt>
      <trkpt lat="35.908488498263885" lon="120.19764865451388">
        <time>2021-01-21T07:54:39.922000Z</time>
      </trkpt>
      <trkpt lat="35.908305935329864" lon="120.19743109809028">
        <time>2021-01-21T07:54:48.922000Z</time>
      </trkpt>
      <trkpt lat="35.908245985243056" lon="120.19736545138889">
        <time>2021-01-21T07:54:51.922000Z</time>
      </trkpt>
      <trkpt lat="35.9082080078125" lon="120.19732449001737">
        <time>2021-01-21T07:54:54.922000Z</time>
      </trkpt>
      <trkpt lat="35.908075358072914" lon="120.19719509548611">
        <time>2021-01-21T07:55:00.922000Z</time>
      </trkpt>
      <trkpt lat="35.90801920572917" lon="120.19712022569445">
        <time>2021-01-21T07:55:03.922000Z</time>
      </trkpt>
      <trkpt lat="35.90791965060764" lon="120.1969664171007">
        <time>2021-01-21T07:55:09.922000Z</time>
      </trkpt>
      <trkpt lat="35.90787272135417" lon="120.19689073350695">
        <time>2021-01-21T07:55:12.922000Z</time>
      </trkpt>
      <trkpt lat="35.90782986111111" lon="120.19681993272569">
        <time>2021-01-21T07:55:15.922000Z</time>
      </trkpt>
      <trkpt lat="35.90772406684028" lon="120.19668321397569">
        <time>2021-01-21T07:55:21.922000Z</time>
      </trkpt>
      <trkpt lat="35.90766411675347" lon="120.19657172309027">
        <time>2021-01-21T07:55:24.922000Z</time>
      </trkpt>
      <trkpt lat="35.907618272569444" lon="120.19650689019097">
        <time>2021-01-21T07:55:27.922000Z</time>
      </trkpt>
      <trkpt lat="35.90751654730903" lon="120.19632351345486">
        <time>2021-01-21T07:55:33.922000Z</time>
      </trkpt>
      <trkpt lat="35.907483723958336" lon="120.19624267578125">
        <time>2021-01-21T07:55:36.922000Z</time>
      </trkpt>
      <trkpt lat="35.907430013020836" lon="120.1961439344618">
        <time>2021-01-21T07:55:39.922000Z</time>
      </trkpt>
      <trkpt lat="35.907359212239584" lon="120.19594645182292">
        <time>2021-01-21T07:55:45.922000Z</time>
      </trkpt>
      <trkpt lat="35.90732557508681" lon="120.19584988064236">
        <time>2021-01-21T07:55:48.922000Z</time>
      </trkpt>
      <trkpt lat="35.90729437934028" lon="120.1957470703125">
        <time>2021-01-21T07:55:51.922000Z</time>
      </trkpt>
      <trkpt lat="35.90723361545139" lon="120.19558051215277">
        <time>2021-01-21T07:55:57.922000Z</time>
      </trkpt>
      <trkpt lat="35.90719401041667" lon="120.19548583984376">
        <time>2021-01-21T07:56:00.922000Z</time>
      </trkpt>
      <trkpt lat="35.90716606987847" lon="120.1953990342882">
        <time>2021-01-21T07:56:03.922000Z</time>
      </trkpt>
      <trkpt lat="35.90709418402778" lon="120.19523464626737">
        <time>2021-01-21T07:56:09.922000Z</time>
      </trkpt>
      <trkpt lat="35.9070556640625" lon="120.19514892578125">
        <time>2021-01-21T07:56:12.922000Z</time>
      </trkpt>
      <trkpt lat="35.906954752604165" lon="120.19498562282986">
        <time>2021-01-21T07:56:18.922000Z</time>
      </trkpt>
      <trkpt lat="35.90692084418403" lon="120.19491183810764">
        <time>2021-01-21T07:56:21.922000Z</time>
      </trkpt>
      <trkpt lat="35.906871202256944" lon="120.19481011284722">
        <time>2021-01-21T07:56:24.922000Z</time>
      </trkpt>
      <trkpt lat="35.90677842881944" lon="120.19466525607639">
        <time>2021-01-21T07:56:30.922000Z</time>
      </trkpt>
      <trkpt lat="35.90673231336805" lon="120.19459554036459">
        <time>2021-01-21T07:56:33.922000Z</time>
      </trkpt>
      <trkpt lat="35.90666151258681" lon="120.19450873480903">
        <time>2021-01-21T07:56:36.922000Z</time>
      </trkpt>
      <trkpt lat="35.906551920572916" lon="120.19436333550347">
        <time>2021-01-21T07:56:42.922000Z</time>
      </trkpt>
      <trkpt lat="35.90648600260417" lon="120.19427571614584">
        <time>2021-01-21T07:56:45.922000Z</time>
      </trkpt>
      <trkpt lat="35.9063880750868" lon="120.19416205512152">
        <time>2021-01-21T07:56:51.922000Z</time>
      </trkpt>
      <trkpt lat="35.906209581163196" lon="120.19399251302083">
        <time>2021-01-21T07:56:57.922000Z</time>
      </trkpt>
      <trkpt lat="35.90615044487847" lon="120.19393147786458">
        <time>2021-01-21T07:57:00.922000Z</time>
      </trkpt>
      <trkpt lat="35.906018608940975" lon="120.19381401909722">
        <time>2021-01-21T07:57:06.922000Z</time>
      </trkpt>
      <trkpt lat="35.905863715277775" lon="120.1937082248264">
        <time>2021-01-21T07:57:12.922000Z</time>
      </trkpt>
      <trkpt lat="35.90567708333333" lon="120.19358452690972">
        <time>2021-01-21T07:57:21.922000Z</time>
      </trkpt>
      <trkpt lat="35.905597873263886" lon="120.19354465060763">
        <time>2021-01-21T07:57:24.922000Z</time>
      </trkpt>
      <trkpt lat="35.90552001953125" lon="120.19351182725694">
        <time>2021-01-21T07:57:27.922000Z</time>
      </trkpt>
      <trkpt lat="35.905368109809025" lon="120.19343017578124">
        <time>2021-01-21T07:57:33.922000Z</time>
      </trkpt>
      <trkpt lat="35.90521240234375" lon="120.193369140625">
        <time>2021-01-21T07:57:39.922000Z</time>
      </trkpt>
      <trkpt lat="35.90512234157986" lon="120.1933273654514">
        <time>2021-01-21T07:57:42.922000Z</time>
      </trkpt>
      <trkpt lat="35.905040147569444" lon="120.19329427083333">
        <time>2021-01-21T07:57:45.922000Z</time>
      </trkpt>
      <trkpt lat="35.90488416883681" lon="120.19322970920139">
        <time>2021-01-21T07:57:51.922000Z</time>
      </trkpt>
      <trkpt lat="35.9048011610243" lon="120.19321451822917">
        <time>2021-01-21T07:57:54.922000Z</time>
      </trkpt>
      <trkpt lat="35.90460232204861" lon="120.19316867404514">
        <time>2021-01-21T07:58:00.922000Z</time>
      </trkpt>
      <trkpt lat="35.90451036241319" lon="120.19315972222222">
        <time>2021-01-21T07:58:03.922000Z</time>
      </trkpt>
      <trkpt lat="35.90432915581597" lon="120.19313286675347">
        <time>2021-01-21T07:58:09.922000Z</time>
      </trkpt>
      <trkpt lat="35.90425537109375" lon="120.19312282986111">
        <time>2021-01-21T07:58:12.922000Z</time>
      </trkpt>
      <trkpt lat="35.90408230251736" lon="120.19311686197916">
        <time>2021-01-21T07:58:18.922000Z</time>
      </trkpt>
      <trkpt lat="35.90400634765625" lon="120.19311089409722">
        <time>2021-01-21T07:58:21.922000Z</time>
      </trkpt>
      <trkpt lat="35.90391628689236" lon="120.19311496310763">
        <time>2021-01-21T07:58:24.922000Z</time>
      </trkpt>
      <trkpt lat="35.9037353515625" lon="120.19314371744791">
        <time>2021-01-21T07:58:30.922000Z</time>
      </trkpt>
      <trkpt lat="35.90364013671875" lon="120.19315673828125">
        <time>2021-01-21T07:58:33.922000Z</time>
      </trkpt>
      <trkpt lat="35.90342610677083" lon="120.19318467881945">
        <time>2021-01-21T07:58:39.922000Z</time>
      </trkpt>
      <trkpt lat="35.90335693359375" lon="120.19320041232639">
        <time>2021-01-21T07:58:42.922000Z</time>
      </trkpt>
      <trkpt lat="35.903171929253475" lon="120.19320231119792">
        <time>2021-01-21T07:58:48.922000Z</time>
      </trkpt>
      <trkpt lat="35.903110080295136" lon="120.19321126302083">
        <time>2021-01-21T07:58:51.922000Z</time>
      </trkpt>
      <trkpt lat="35.903011881510416" lon="120.19320231119792">
        <time>2021-01-21T07:58:54.922000Z</time>
      </trkpt>
      <trkpt lat="35.90275472005208" lon="120.19321750217014">
        <time>2021-01-21T07:59:03.922000Z</time>
      </trkpt>
      <trkpt lat="35.90266276041667" lon="120.19320827907985">
        <time>2021-01-21T07:59:06.922000Z</time>
      </trkpt>
      <trkpt lat="35.90258083767361" lon="120.19320936414931">
        <time>2021-01-21T07:59:09.922000Z</time>
      </trkpt>
      <trkpt lat="35.90241672092014" lon="120.19316948784723">
        <time>2021-01-21T07:59:15.922000Z</time>
      </trkpt>
      <trkpt lat="35.902179090711805" lon="120.19307562934027">
        <time>2021-01-21T07:59:24.922000Z</time>
      </trkpt>
      <trkpt lat="35.9019970703125" lon="120.19301486545139">
        <time>2021-01-21T07:59:30.922000Z</time>
      </trkpt>
      <trkpt lat="35.901905924479166" lon="120.1929820421007">
        <time>2021-01-21T07:59:33.922000Z</time>
      </trkpt>
      <trkpt lat="35.90173611111111" lon="120.19291720920138">
        <time>2021-01-21T07:59:39.922000Z</time>
      </trkpt>
      <trkpt lat="35.90165608723958" lon="120.19287434895833">
        <time>2021-01-21T07:59:42.922000Z</time>
      </trkpt>
      <trkpt lat="35.90159423828125" lon="120.19283148871527">
        <time>2021-01-21T07:59:45.922000Z</time>
      </trkpt>
      <trkpt lat="35.901432291666666" lon="120.19272271050347">
        <time>2021-01-21T07:59:51.922000Z</time>
      </trkpt>
      <trkpt lat="35.90126844618055" lon="120.19259331597222">
        <time>2021-01-21T07:59:57.922000Z</time>
      </trkpt>
      <trkpt lat="35.90101101345486" lon="120.19228108723958">
        <time>2021-01-21T08:00:09.922000Z</time>
      </trkpt>
      <trkpt lat="35.900952962239586" lon="120.19222927517362">
        <time>2021-01-21T08:00:12.922000Z</time>
      </trkpt>
      <trkpt lat="35.90082004123264" lon="120.19211968315972">
        <time>2021-01-21T08:00:18.922000Z</time>
      </trkpt>
      <trkpt lat="35.900762261284726" lon="120.19207058376736">
        <time>2021-01-21T08:00:21.922000Z</time>
      </trkpt>
      <trkpt lat="35.90071234809028" lon="120.19201795789931">
        <time>2021-01-21T08:00:24.922000Z</time>
      </trkpt>
      <trkpt lat="35.90059760199653" lon="120.1918882921007">
        <time>2021-01-21T08:00:30.922000Z</time>
      </trkpt>
      <trkpt lat="35.900547688802085" lon="120.19181640625">
        <time>2021-01-21T08:00:33.922000Z</time>
      </trkpt>
      <trkpt lat="35.90051188151042" lon="120.19176079644097">
        <time>2021-01-21T08:00:36.922000Z</time>
      </trkpt>
      <trkpt lat="35.90041395399305" lon="120.1916002061632">
        <time>2021-01-21T08:00:42.922000Z</time>
      </trkpt>
      <trkpt lat="35.9003662109375" lon="120.19150960286458">
        <time>2021-01-21T08:00:45.922000Z</time>
      </trkpt>
      <trkpt lat="35.90033447265625" lon="120.19142252604166">
        <time>2021-01-21T08:00:48.922000Z</time>
      </trkpt>
      <trkpt lat="35.9002587890625" lon="120.19126220703124">
        <time>2021-01-21T08:00:54.922000Z</time>
      </trkpt>
      <trkpt lat="35.90022081163195" lon="120.1911962890625">
        <time>2021-01-21T08:00:57.922000Z</time>
      </trkpt>
      <trkpt lat="35.90019558376736" lon="120.19112955729166">
        <time>2021-01-21T08:01:00.922000Z</time>
      </trkpt>
      <trkpt lat="35.90010687934028" lon="120.19096706814236">
        <time>2021-01-21T08:01:06.922000Z</time>
      </trkpt>
      <trkpt lat="35.90005723741319" lon="120.19080539279514">
        <time>2021-01-21T08:01:12.922000Z</time>
      </trkpt>
      <trkpt lat="35.90003255208333" lon="120.19073377821181">
        <time>2021-01-21T08:01:15.922000Z</time>
      </trkpt>
      <trkpt lat="35.90001057942708" lon="120.19065402560764">
        <time>2021-01-21T08:01:18.922000Z</time>
      </trkpt>
      <trkpt lat="35.89997992621528" lon="120.19057237413195">
        <time>2021-01-21T08:01:21.922000Z</time>
      </trkpt>
      <trkpt lat="35.89991617838542" lon="120.19041585286459">
        <time>2021-01-21T08:01:27.922000Z</time>
      </trkpt>
      <trkpt lat="35.89989013671875" lon="120.19033311631945">
        <time>2021-01-21T08:01:30.922000Z</time>
      </trkpt>
      <trkpt lat="35.89985921223958" lon="120.19026340060763">
        <time>2021-01-21T08:01:33.922000Z</time>
      </trkpt>
      <trkpt lat="35.899785698784726" lon="120.19012668185763">
        <time>2021-01-21T08:01:39.922000Z</time>
      </trkpt>
      <trkpt lat="35.89969401041667" lon="120.189912109375">
        <time>2021-01-21T08:01:48.922000Z</time>
      </trkpt>
      <trkpt lat="35.89963595920139" lon="120.18984347873264">
        <time>2021-01-21T08:01:51.922000Z</time>
      </trkpt>
      <trkpt lat="35.89958821614584" lon="120.18977457682291">
        <time>2021-01-21T08:01:54.922000Z</time>
      </trkpt>
      <trkpt lat="35.89950330946181" lon="120.18963812934028">
        <time>2021-01-21T08:02:00.922000Z</time>
      </trkpt>
      <trkpt lat="35.899410536024305" lon="120.18952745225694">
        <time>2021-01-21T08:02:06.922000Z</time>
      </trkpt>
      <trkpt lat="35.899356825086805" lon="120.18945963541667">
        <time>2021-01-21T08:02:09.922000Z</time>
      </trkpt>
      <trkpt lat="35.89931559244792" lon="120.18939290364584">
        <time>2021-01-21T08:02:12.922000Z</time>
      </trkpt>
      <trkpt lat="35.89922200520834" lon="120.18926540798611">
        <time>2021-01-21T08:02:18.922000Z</time>
      </trkpt>
      <trkpt lat="35.89916802300347" lon="120.18920138888889">
        <time>2021-01-21T08:02:21.922000Z</time>
      </trkpt>
      <trkpt lat="35.89912326388889" lon="120.1891455078125">
        <time>2021-01-21T08:02:24.922000Z</time>
      </trkpt>
      <trkpt lat="35.89901936848958" lon="120.18903483072917">
        <time>2021-01-21T08:02:30.922000Z</time>
      </trkpt>
      <trkpt lat="35.89897054036458" lon="120.18897922092015">
        <time>2021-01-21T08:02:33.922000Z</time>
      </trkpt>
      <trkpt lat="35.89891954210069" lon="120.1889320203993">
        <time>2021-01-21T08:02:36.922000Z</time>
      </trkpt>
      <trkpt lat="35.898755696614586" lon="120.18879774305556">
        <time>2021-01-21T08:02:45.922000Z</time>
      </trkpt>
      <trkpt lat="35.89870578342014" lon="120.18875379774306">
        <time>2021-01-21T08:02:48.922000Z</time>
      </trkpt>
      <trkpt lat="35.898624674479166" lon="120.1886998155382">
        <time>2021-01-21T08:02:51.922000Z</time>
      </trkpt>
      <trkpt lat="35.89849066840278" lon="120.18862114800348">
        <time>2021-01-21T08:02:57.922000Z</time>
      </trkpt>
      <trkpt lat="35.89835910373264" lon="120.18854437934027">
        <time>2021-01-21T08:03:03.922000Z</time>
      </trkpt>
      <trkpt lat="35.89827718098958" lon="120.18848253038195">
        <time>2021-01-21T08:03:06.922000Z</time>
      </trkpt>
      <trkpt lat="35.898203938802084" lon="120.1884388563368">
        <time>2021-01-21T08:03:09.922000Z</time>
      </trkpt>
      <trkpt lat="35.89804144965278" lon="120.18835503472222">
        <time>2021-01-21T08:03:15.922000Z</time>
      </trkpt>
      <trkpt lat="35.897976345486114" lon="120.18830810546875">
        <time>2021-01-21T08:03:18.922000Z</time>
      </trkpt>
      <trkpt lat="35.897900390625" lon="120.18826036241319">
        <time>2021-01-21T08:03:21.922000Z</time>
      </trkpt>
      <trkpt lat="35.89770453559028" lon="120.18816569010417">
        <time>2021-01-21T08:03:30.922000Z</time>
      </trkpt>
      <trkpt lat="35.89755967881945" lon="120.1880699327257">
        <time>2021-01-21T08:03:36.922000Z</time>
      </trkpt>
      <trkpt lat="35.89729275173611" lon="120.18792805989584">
        <time>2021-01-21T08:03:48.922000Z</time>
      </trkpt>
      <trkpt lat="35.89715386284722" lon="120.1878453233507">
        <time>2021-01-21T08:03:54.922000Z</time>
      </trkpt>
      <trkpt lat="35.89709418402778" lon="120.187802734375">
        <time>2021-01-21T08:03:57.922000Z</time>
      </trkpt>
      <trkpt lat="35.89692518446181" lon="120.18771782769097">
        <time>2021-01-21T08:04:03.922000Z</time>
      </trkpt>
      <trkpt lat="35.896764051649306" lon="120.18761528862848">
        <time>2021-01-21T08:04:09.922000Z</time>
      </trkpt>
      <trkpt lat="35.89669731987847" lon="120.18755913628472">
        <time>2021-01-21T08:04:12.922000Z</time>
      </trkpt>
      <trkpt lat="35.896625434027776" lon="120.18750135633681">
        <time>2021-01-21T08:04:15.922000Z</time>
      </trkpt>
      <trkpt lat="35.896473795572916" lon="120.18740966796875">
        <time>2021-01-21T08:04:21.922000Z</time>
      </trkpt>
      <trkpt lat="35.89639973958333" lon="120.18735514322917">
        <time>2021-01-21T08:04:24.922000Z</time>
      </trkpt>
      <trkpt lat="35.89630967881944" lon="120.18730387369791">
        <time>2021-01-21T08:04:27.922000Z</time>
      </trkpt>
      <trkpt lat="35.896069878472225" lon="120.1871714952257">
        <time>2021-01-21T08:04:36.922000Z</time>
      </trkpt>
      <trkpt lat="35.89599392361111" lon="120.18710747612847">
        <time>2021-01-21T08:04:39.922000Z</time>
      </trkpt>
      <trkpt lat="35.8958363172743" lon="120.18698920355902">
        <time>2021-01-21T08:04:45.922000Z</time>
      </trkpt>
      <trkpt lat="35.89576931423611" lon="120.18694010416667">
        <time>2021-01-21T08:04:48.922000Z</time>
      </trkpt>
      <trkpt lat="35.895594618055554" lon="120.18680067274306">
        <time>2021-01-21T08:04:54.922000Z</time>
      </trkpt>
      <trkpt lat="35.895534396701386" lon="120.1867298719618">
        <time>2021-01-21T08:04:57.922000Z</time>
      </trkpt>
      <trkpt lat="35.89546278211805" lon="120.18665988498265">
        <time>2021-01-21T08:05:00.922000Z</time>
      </trkpt>
      <trkpt lat="35.89532009548611" lon="120.18650553385417">
        <time>2021-01-21T08:05:06.922000Z</time>
      </trkpt>
      <trkpt lat="35.89525499131945" lon="120.18641465928819">
        <time>2021-01-21T08:05:09.922000Z</time>
      </trkpt>
      <trkpt lat="35.89512424045139" lon="120.18624430338542">
        <time>2021-01-21T08:05:15.922000Z</time>
      </trkpt>
      <trkpt lat="35.89507351345486" lon="120.18615749782987">
        <time>2021-01-21T08:05:18.922000Z</time>
      </trkpt>
      <trkpt lat="35.89502170138889" lon="120.18606580946181">
        <time>2021-01-21T08:05:21.922000Z</time>
      </trkpt>
      <trkpt lat="35.89488905164931" lon="120.18577175564236">
        <time>2021-01-21T08:05:30.922000Z</time>
      </trkpt>
      <trkpt lat="35.89484836154514" lon="120.18566813151041">
        <time>2021-01-21T08:05:33.922000Z</time>
      </trkpt>
      <trkpt lat="35.89481336805556" lon="120.18557942708334">
        <time>2021-01-21T08:05:36.922000Z</time>
      </trkpt>
      <trkpt lat="35.89476888020833" lon="120.18539794921875">
        <time>2021-01-21T08:05:42.922000Z</time>
      </trkpt>
      <trkpt lat="35.89473795572917" lon="120.18528727213541">
        <time>2021-01-21T08:05:45.922000Z</time>
      </trkpt>
      <trkpt lat="35.8946546766493" lon="120.18492024739584">
        <time>2021-01-21T08:05:57.922000Z</time>
      </trkpt>
      <trkpt lat="35.894627007378475" lon="120.1847132703993">
        <time>2021-01-21T08:06:03.922000Z</time>
      </trkpt>
      <trkpt lat="35.894618326822915" lon="120.1846204969618">
        <time>2021-01-21T08:06:06.922000Z</time>
      </trkpt>
      <trkpt lat="35.89457763671875" lon="120.18443386501735">
        <time>2021-01-21T08:06:12.922000Z</time>
      </trkpt>
      <trkpt lat="35.89454779730903" lon="120.18432915581597">
        <time>2021-01-21T08:06:15.922000Z</time>
      </trkpt>
      <trkpt lat="35.894459092881945" lon="120.18409803602431">
        <time>2021-01-21T08:06:24.922000Z</time>
      </trkpt>
      <trkpt lat="35.89441162109375" lon="120.18387261284722">
        <time>2021-01-21T08:06:30.922000Z</time>
      </trkpt>
      <trkpt lat="35.89431722005208" lon="120.18356065538194">
        <time>2021-01-21T08:06:39.922000Z</time>
      </trkpt>
      <trkpt lat="35.894291178385416" lon="120.18346788194444">
        <time>2021-01-21T08:06:42.922000Z</time>
      </trkpt>
      <trkpt lat="35.894253472222225" lon="120.18338134765625">
        <time>2021-01-21T08:06:45.922000Z</time>
      </trkpt>
      <trkpt lat="35.89416585286458" lon="120.18320773654514">
        <time>2021-01-21T08:06:51.922000Z</time>
      </trkpt>
      <trkpt lat="35.89413601345486" lon="120.1831201171875">
        <time>2021-01-21T08:06:54.922000Z</time>
      </trkpt>
      <trkpt lat="35.894090983072914" lon="120.18303629557292">
        <time>2021-01-21T08:06:57.922000Z</time>
      </trkpt>
      <trkpt lat="35.894002278645836" lon="120.18287380642361">
        <time>2021-01-21T08:07:03.922000Z</time>
      </trkpt>
      <trkpt lat="35.893954535590275" lon="120.18280110677084">
        <time>2021-01-21T08:07:06.922000Z</time>
      </trkpt>
      <trkpt lat="35.893909505208335" lon="120.18274224175347">
        <time>2021-01-21T08:07:09.922000Z</time>
      </trkpt>
      <trkpt lat="35.893757866753475" lon="120.18251681857639">
        <time>2021-01-21T08:07:18.922000Z</time>
      </trkpt>
      <trkpt lat="35.89366807725695" lon="120.18233940972222">
        <time>2021-01-21T08:07:24.922000Z</time>
      </trkpt>
      <trkpt lat="35.89366644965278" lon="120.18225477430556">
        <time>2021-01-21T08:07:27.922000Z</time>
      </trkpt>
      <trkpt lat="35.89355767144097" lon="120.1821023220486">
        <time>2021-01-21T08:07:33.922000Z</time>
      </trkpt>
      <trkpt lat="35.89342502170139" lon="120.18196750217014">
        <time>2021-01-21T08:07:39.922000Z</time>
      </trkpt>
      <trkpt lat="35.893290201822914" lon="120.18179009331597">
        <time>2021-01-21T08:07:48.922000Z</time>
      </trkpt>
      <trkpt lat="35.89318033854167" lon="120.18163058810764">
        <time>2021-01-21T08:07:54.922000Z</time>
      </trkpt>
      <trkpt lat="35.89312038845486" lon="120.18154188368055">
        <time>2021-01-21T08:07:57.922000Z</time>
      </trkpt>
      <trkpt lat="35.893023817274305" lon="120.1813845486111">
        <time>2021-01-21T08:08:03.922000Z</time>
      </trkpt>
      <trkpt lat="35.89297688802083" lon="120.18130859375">
        <time>2021-01-21T08:08:06.922000Z</time>
      </trkpt>
      <trkpt lat="35.89293023003472" lon="120.18110514322916">
        <time>2021-01-21T08:08:12.922000Z</time>
      </trkpt>
      <trkpt lat="35.892910427517364" lon="120.18098876953125">
        <time>2021-01-21T08:08:15.922000Z</time>
      </trkpt>
      <trkpt lat="35.89288384331597" lon="120.18078043619792">
        <time>2021-01-21T08:08:21.922000Z</time>
      </trkpt>
      <trkpt lat="35.89289143880208" lon="120.18052517361112">
        <time>2021-01-21T08:08:27.922000Z</time>
      </trkpt>
      <trkpt lat="35.89291368272569" lon="120.18039957682292">
        <time>2021-01-21T08:08:30.922000Z</time>
      </trkpt>
      <trkpt lat="35.89299506293403" lon="120.18007052951388">
        <time>2021-01-21T08:08:39.922000Z</time>
      </trkpt>
      <trkpt lat="35.89309705946181" lon="120.17975857204861">
        <time>2021-01-21T08:08:48.922000Z</time>
      </trkpt>
      <trkpt lat="35.89321234809028" lon="120.17957221137152">
        <time>2021-01-21T08:08:54.922000Z</time>
      </trkpt>
      <trkpt lat="35.89328748914931" lon="120.17948459201389">
        <time>2021-01-21T08:08:57.922000Z</time>
      </trkpt>
      <trkpt lat="35.89342475043403" lon="120.1793478732639">
        <time>2021-01-21T08:09:03.922000Z</time>
      </trkpt>
      <trkpt lat="35.89350775824653" lon="120.179287109375">
        <time>2021-01-21T08:09:06.922000Z</time>
      </trkpt>
      <trkpt lat="35.893573947482636" lon="120.17923936631945">
        <time>2021-01-21T08:09:09.922000Z</time>
      </trkpt>
      <trkpt lat="35.893704427083335" lon="120.17913872612847">
        <time>2021-01-21T08:09:15.922000Z</time>
      </trkpt>
      <trkpt lat="35.893778211805554" lon="120.17911078559028">
        <time>2021-01-21T08:09:18.922000Z</time>
      </trkpt>
      <trkpt lat="35.89394232855903" lon="120.1790660264757">
        <time>2021-01-21T08:09:24.922000Z</time>
      </trkpt>
      <trkpt lat="35.89401448567708" lon="120.17905300564236">
        <time>2021-01-21T08:09:27.922000Z</time>
      </trkpt>
      <trkpt lat="35.894220648871524" lon="120.1789724392361">
        <time>2021-01-21T08:09:36.922000Z</time>
      </trkpt>
      <trkpt lat="35.89429551866319" lon="120.1789892578125">
        <time>2021-01-21T08:09:39.922000Z</time>
      </trkpt>
      <trkpt lat="35.89437852647569" lon="120.17898518880209">
        <time>2021-01-21T08:09:42.922000Z</time>
      </trkpt>
      <trkpt lat="35.89451470269097" lon="120.17901421440972">
        <time>2021-01-21T08:09:48.922000Z</time>
      </trkpt>
      <trkpt lat="35.89457465277778" lon="120.1790380859375">
        <time>2021-01-21T08:09:51.922000Z</time>
      </trkpt>
      <trkpt lat="35.894638671875" lon="120.17905517578124">
        <time>2021-01-21T08:09:54.922000Z</time>
      </trkpt>
      <trkpt lat="35.89469970703125" lon="120.17907009548611">
        <time>2021-01-21T08:09:57.922000Z</time>
      </trkpt>
      <trkpt lat="35.894832628038195" lon="120.17909206814237">
        <time>2021-01-21T08:10:03.922000Z</time>
      </trkpt>
      <trkpt lat="35.89490749782986" lon="120.1790890842014">
        <time>2021-01-21T08:10:06.922000Z</time>
      </trkpt>
      <trkpt lat="35.895054796006946" lon="120.17904595269097">
        <time>2021-01-21T08:10:12.922000Z</time>
      </trkpt>
      <trkpt lat="35.89509494357639" lon="120.17904215494792">
        <time>2021-01-21T08:10:15.922000Z</time>
      </trkpt>
      <trkpt lat="35.89509575737847" lon="120.17902642144097">
        <time>2021-01-21T08:10:18.922000Z</time>
      </trkpt>
      <trkpt lat="35.895068901909724" lon="120.1790052625868">
        <time>2021-01-21T08:10:21.922000Z</time>
      </trkpt>
      <trkpt lat="35.89505588107639" lon="120.17906412760416">
        <time>2021-01-21T08:10:24.922000Z</time>
      </trkpt>
      <trkpt lat="35.89486056857639" lon="120.1790540907118">
        <time>2021-01-21T08:10:30.922000Z</time>
      </trkpt>
      <trkpt lat="35.8947705078125" lon="120.17903293185763">
        <time>2021-01-21T08:10:33.922000Z</time>
      </trkpt>
      <trkpt lat="35.894573838975695" lon="120.17899631076389">
        <time>2021-01-21T08:10:39.922000Z</time>
      </trkpt>
      <trkpt lat="35.89431857638889" lon="120.17897922092014">
        <time>2021-01-21T08:10:48.922000Z</time>
      </trkpt>
      <trkpt lat="35.89424560546875" lon="120.17897922092014">
        <time>2021-01-21T08:10:51.922000Z</time>
      </trkpt>
      <trkpt lat="35.894170735677086" lon="120.17898518880209">
        <time>2021-01-21T08:10:54.922000Z</time>
      </trkpt>
      <trkpt lat="35.89396565755208" lon="120.17902398003473">
        <time>2021-01-21T08:11:03.922000Z</time>
      </trkpt>
      <trkpt lat="35.89387342664931" lon="120.1790451388889">
        <time>2021-01-21T08:11:06.922000Z</time>
      </trkpt>
      <trkpt lat="35.89373019748264" lon="120.17910970052084">
        <time>2021-01-21T08:11:12.922000Z</time>
      </trkpt>
      <trkpt lat="35.893497721354166" lon="120.17929524739583">
        <time>2021-01-21T08:11:21.922000Z</time>
      </trkpt>
      <trkpt lat="35.89341579861111" lon="120.17934488932292">
        <time>2021-01-21T08:11:24.922000Z</time>
      </trkpt>
      <trkpt lat="35.893351508246525" lon="120.17939805772569">
        <time>2021-01-21T08:11:27.922000Z</time>
      </trkpt>
      <trkpt lat="35.89322021484375" lon="120.17953640407985">
        <time>2021-01-21T08:11:33.922000Z</time>
      </trkpt>
      <trkpt lat="35.89315619574653" lon="120.17961615668403">
        <time>2021-01-21T08:11:36.922000Z</time>
      </trkpt>
      <trkpt lat="35.89304904513889" lon="120.17977973090278">
        <time>2021-01-21T08:11:42.922000Z</time>
      </trkpt>
      <trkpt lat="35.8930126953125" lon="120.17987141927084">
        <time>2021-01-21T08:11:45.922000Z</time>
      </trkpt>
      <trkpt lat="35.892964138454865" lon="120.18005777994792">
        <time>2021-01-21T08:11:51.922000Z</time>
      </trkpt>
      <trkpt lat="35.89293728298611" lon="120.1801611328125">
        <time>2021-01-21T08:11:54.922000Z</time>
      </trkpt>
      <trkpt lat="35.892918836805556" lon="120.18024685329861">
        <time>2021-01-21T08:11:57.922000Z</time>
      </trkpt>
      <trkpt lat="35.89288465711805" lon="120.18044949001737">
        <time>2021-01-21T08:12:03.922000Z</time>
      </trkpt>
      <trkpt lat="35.892888997395836" lon="120.18066569010416">
        <time>2021-01-21T08:12:09.922000Z</time>
      </trkpt>
      <trkpt lat="35.89289306640625" lon="120.1807652452257">
        <time>2021-01-21T08:12:12.922000Z</time>
      </trkpt>
      <trkpt lat="35.89292263454861" lon="120.18099880642362">
        <time>2021-01-21T08:12:18.922000Z</time>
      </trkpt>
      <trkpt lat="35.89295220269097" lon="120.18111219618055">
        <time>2021-01-21T08:12:21.922000Z</time>
      </trkpt>
      <trkpt lat="35.89300401475695" lon="120.18133273654514">
        <time>2021-01-21T08:12:27.922000Z</time>
      </trkpt>
      <trkpt lat="35.89303575303819" lon="120.18142333984375">
        <time>2021-01-21T08:12:30.922000Z</time>
      </trkpt>
      <trkpt lat="35.89306667751736" lon="120.18150417751735">
        <time>2021-01-21T08:12:33.922000Z</time>
      </trkpt>
      <trkpt lat="35.893146430121526" lon="120.18163953993056">
        <time>2021-01-21T08:12:39.922000Z</time>
      </trkpt>
      <trkpt lat="35.89322509765625" lon="120.18175238715278">
        <time>2021-01-21T08:12:42.922000Z</time>
      </trkpt>
      <trkpt lat="35.89333577473958" lon="120.18186306423611">
        <time>2021-01-21T08:12:48.922000Z</time>
      </trkpt>
      <trkpt lat="35.89352376302083" lon="120.18203748914931">
        <time>2021-01-21T08:12:57.922000Z</time>
      </trkpt>
      <trkpt lat="35.89363335503472" lon="120.18221489800347">
        <time>2021-01-21T08:13:03.922000Z</time>
      </trkpt>
      <trkpt lat="35.893687337239584" lon="120.18228786892361">
        <time>2021-01-21T08:13:06.922000Z</time>
      </trkpt>
      <trkpt lat="35.89377712673611" lon="120.18245632595486">
        <time>2021-01-21T08:13:12.922000Z</time>
      </trkpt>
      <trkpt lat="35.89393446180556" lon="120.18271240234375">
        <time>2021-01-21T08:13:21.922000Z</time>
      </trkpt>
      <trkpt lat="35.89398844401042" lon="120.18280924479167">
        <time>2021-01-21T08:13:24.922000Z</time>
      </trkpt>
      <trkpt lat="35.894070095486114" lon="120.18298556857638">
        <time>2021-01-21T08:13:30.922000Z</time>
      </trkpt>
      <trkpt lat="35.89410590277778" lon="120.18308024088542">
        <time>2021-01-21T08:13:33.922000Z</time>
      </trkpt>
      <trkpt lat="35.894144694010414" lon="120.1831640625">
        <time>2021-01-21T08:13:36.922000Z</time>
      </trkpt>
      <trkpt lat="35.89422743055555" lon="120.18337212456598">
        <time>2021-01-21T08:13:42.922000Z</time>
      </trkpt>
      <trkpt lat="35.89427517361111" lon="120.1834779188368">
        <time>2021-01-21T08:13:45.922000Z</time>
      </trkpt>
      <trkpt lat="35.894358995225694" lon="120.18368842230903">
        <time>2021-01-21T08:13:51.922000Z</time>
      </trkpt>
      <trkpt lat="35.894388563368054" lon="120.18378879123264">
        <time>2021-01-21T08:13:54.922000Z</time>
      </trkpt>
      <trkpt lat="35.89446044921875" lon="120.18397026909722">
        <time>2021-01-21T08:14:00.922000Z</time>
      </trkpt>
      <trkpt lat="35.89456271701389" lon="120.18430013020833">
        <time>2021-01-21T08:14:09.922000Z</time>
      </trkpt>
      <trkpt lat="35.89462049696181" lon="120.18449381510416">
        <time>2021-01-21T08:14:15.922000Z</time>
      </trkpt>
      <trkpt lat="35.89463541666667" lon="120.18463433159722">
        <time>2021-01-21T08:14:18.922000Z</time>
      </trkpt>
      <trkpt lat="35.894671495225694" lon="120.18503607855902">
        <time>2021-01-21T08:14:27.922000Z</time>
      </trkpt>
      <trkpt lat="35.89477701822916" lon="120.18536295572916">
        <time>2021-01-21T08:14:36.922000Z</time>
      </trkpt>
      <trkpt lat="35.894839680989584" lon="120.1855504014757">
        <time>2021-01-21T08:14:42.922000Z</time>
      </trkpt>
      <trkpt lat="35.89489447699653" lon="120.18565809461805">
        <time>2021-01-21T08:14:45.922000Z</time>
      </trkpt>
      <trkpt lat="35.89497314453125" lon="120.18586534288194">
        <time>2021-01-21T08:14:51.922000Z</time>
      </trkpt>
      <trkpt lat="35.8950208875868" lon="120.18594997829861">
        <time>2021-01-21T08:14:54.922000Z</time>
      </trkpt>
      <trkpt lat="35.89506456163195" lon="120.18604573567708">
        <time>2021-01-21T08:14:57.922000Z</time>
      </trkpt>
      <trkpt lat="35.89517822265625" lon="120.18623236762153">
        <time>2021-01-21T08:15:03.922000Z</time>
      </trkpt>
      <trkpt lat="35.89524034288195" lon="120.18631998697917">
        <time>2021-01-21T08:15:06.922000Z</time>
      </trkpt>
      <trkpt lat="35.89538384331597" lon="120.18652452256944">
        <time>2021-01-21T08:15:12.922000Z</time>
      </trkpt>
      <trkpt lat="35.8954408094618" lon="120.18661729600694">
        <time>2021-01-21T08:15:15.922000Z</time>
      </trkpt>
      <trkpt lat="35.89563937717014" lon="120.18684136284722">
        <time>2021-01-21T08:15:24.922000Z</time>
      </trkpt>
      <trkpt lat="35.89572021484375" lon="120.1868994140625">
        <time>2021-01-21T08:15:27.922000Z</time>
      </trkpt>
      <trkpt lat="35.89591200086806" lon="120.18709174262153">
        <time>2021-01-21T08:15:36.922000Z</time>
      </trkpt>
      <trkpt lat="35.89617404513889" lon="120.18719536675347">
        <time>2021-01-21T08:15:45.922000Z</time>
      </trkpt>
      <trkpt lat="35.896259765625" lon="120.18724338107639">
        <time>2021-01-21T08:15:48.922000Z</time>
      </trkpt>
      <trkpt lat="35.89642361111111" lon="120.18731987847222">
        <time>2021-01-21T08:15:54.922000Z</time>
      </trkpt>
      <trkpt lat="35.89655978732639" lon="120.18742567274306">
        <time>2021-01-21T08:16:00.922000Z</time>
      </trkpt>
      <trkpt lat="35.89672037760417" lon="120.18750759548611">
        <time>2021-01-21T08:16:06.922000Z</time>
      </trkpt>
      <trkpt lat="35.896854383680555" lon="120.18758816189236">
        <time>2021-01-21T08:16:12.922000Z</time>
      </trkpt>
      <trkpt lat="35.897128092447915" lon="120.18776665581598">
        <time>2021-01-21T08:16:24.922000Z</time>
      </trkpt>
      <trkpt lat="35.897205132378474" lon="120.18778754340278">
        <time>2021-01-21T08:16:27.922000Z</time>
      </trkpt>
      <trkpt lat="35.89734483506945" lon="120.18787136501736">
        <time>2021-01-21T08:16:33.922000Z</time>
      </trkpt>
      <trkpt lat="35.897410753038194" lon="120.1879163953993">
        <time>2021-01-21T08:16:36.922000Z</time>
      </trkpt>
      <trkpt lat="35.89747097439236" lon="120.18797498914931">
        <time>2021-01-21T08:16:39.922000Z</time>
      </trkpt>
      <trkpt lat="35.897617730034725" lon="120.18805691189236">
        <time>2021-01-21T08:16:45.922000Z</time>
      </trkpt>
      <trkpt lat="35.89769558376736" lon="120.18807996961806">
        <time>2021-01-21T08:16:48.922000Z</time>
      </trkpt>
      <trkpt lat="35.89776448567709" lon="120.1881214735243">
        <time>2021-01-21T08:16:51.922000Z</time>
      </trkpt>
      <trkpt lat="35.89791259765625" lon="120.18822021484375">
        <time>2021-01-21T08:16:57.922000Z</time>
      </trkpt>
      <trkpt lat="35.89797743055556" lon="120.18828016493056">
        <time>2021-01-21T08:17:00.922000Z</time>
      </trkpt>
      <trkpt lat="35.89818142361111" lon="120.18839680989583">
        <time>2021-01-21T08:17:09.922000Z</time>
      </trkpt>
      <trkpt lat="35.898387044270834" lon="120.18854736328124">
        <time>2021-01-21T08:17:18.922000Z</time>
      </trkpt>
      <trkpt lat="35.898426106770835" lon="120.18859212239583">
        <time>2021-01-21T08:17:21.922000Z</time>
      </trkpt>
      <trkpt lat="35.89847466362847" lon="120.18864610460069">
        <time>2021-01-21T08:17:24.922000Z</time>
      </trkpt>
      <trkpt lat="35.89859375" lon="120.18872992621527">
        <time>2021-01-21T08:17:30.922000Z</time>
      </trkpt>
      <trkpt lat="35.89866482204861" lon="120.18877468532986">
        <time>2021-01-21T08:17:33.922000Z</time>
      </trkpt>
      <trkpt lat="35.89872856987847" lon="120.18881266276041">
        <time>2021-01-21T08:17:36.922000Z</time>
      </trkpt>
      <trkpt lat="35.89886745876736" lon="120.18889729817708">
        <time>2021-01-21T08:17:42.922000Z</time>
      </trkpt>
      <trkpt lat="35.89891954210069" lon="120.1889621310764">
        <time>2021-01-21T08:17:45.922000Z</time>
      </trkpt>
      <trkpt lat="35.89897216796875" lon="120.18902398003472">
        <time>2021-01-21T08:17:48.922000Z</time>
      </trkpt>
      <trkpt lat="35.899169921875" lon="120.18925130208333">
        <time>2021-01-21T08:18:00.922000Z</time>
      </trkpt>
      <trkpt lat="35.89924587673611" lon="120.18931694878472">
        <time>2021-01-21T08:18:03.922000Z</time>
      </trkpt>
      <trkpt lat="35.89936279296875" lon="120.18944064670139">
        <time>2021-01-21T08:18:09.922000Z</time>
      </trkpt>
      <trkpt lat="35.899408365885414" lon="120.18950737847223">
        <time>2021-01-21T08:18:12.922000Z</time>
      </trkpt>
      <trkpt lat="35.89945041232639" lon="120.18955810546875">
        <time>2021-01-21T08:18:15.922000Z</time>
      </trkpt>
      <trkpt lat="35.89964382595486" lon="120.1898583984375">
        <time>2021-01-21T08:18:24.922000Z</time>
      </trkpt>
      <trkpt lat="35.899776746961805" lon="120.19005099826389">
        <time>2021-01-21T08:18:30.922000Z</time>
      </trkpt>
      <trkpt lat="35.89985324435764" lon="120.1902064344618">
        <time>2021-01-21T08:18:36.922000Z</time>
      </trkpt>
      <trkpt lat="35.89988037109375" lon="120.19027615017362">
        <time>2021-01-21T08:18:39.922000Z</time>
      </trkpt>
      <trkpt lat="35.89991807725694" lon="120.19034613715277">
        <time>2021-01-21T08:18:42.922000Z</time>
      </trkpt>
      <trkpt lat="35.899998914930556" lon="120.19053412543403">
        <time>2021-01-21T08:18:48.922000Z</time>
      </trkpt>
      <trkpt lat="35.900035536024305" lon="120.19064887152778">
        <time>2021-01-21T08:18:51.922000Z</time>
      </trkpt>
      <trkpt lat="35.900098198784725" lon="120.19087049696181">
        <time>2021-01-21T08:18:57.922000Z</time>
      </trkpt>
      <trkpt lat="35.900135904947916" lon="120.19096516927084">
        <time>2021-01-21T08:19:00.922000Z</time>
      </trkpt>
      <trkpt lat="35.90016303168403" lon="120.19105387369791">
        <time>2021-01-21T08:19:03.922000Z</time>
      </trkpt>
      <trkpt lat="35.900255805121525" lon="120.1912451171875">
        <time>2021-01-21T08:19:09.922000Z</time>
      </trkpt>
      <trkpt lat="35.90029351128472" lon="120.191328125">
        <time>2021-01-21T08:19:12.922000Z</time>
      </trkpt>
      <trkpt lat="35.90038221571181" lon="120.19150553385417">
        <time>2021-01-21T08:19:18.922000Z</time>
      </trkpt>
      <trkpt lat="35.90055772569445" lon="120.19178738064237">
        <time>2021-01-21T08:19:27.922000Z</time>
      </trkpt>
      <trkpt lat="35.90059868706597" lon="120.19185031467013">
        <time>2021-01-21T08:19:30.922000Z</time>
      </trkpt>
      <trkpt lat="35.90065972222222" lon="120.19191704644098">
        <time>2021-01-21T08:19:33.922000Z</time>
      </trkpt>
      <trkpt lat="35.90076633029514" lon="120.19206163194444">
        <time>2021-01-21T08:19:39.922000Z</time>
      </trkpt>
      <trkpt lat="35.90086507161458" lon="120.19222547743055">
        <time>2021-01-21T08:19:48.922000Z</time>
      </trkpt>
      <trkpt lat="35.90105984157986" lon="120.19241183810765">
        <time>2021-01-21T08:19:54.922000Z</time>
      </trkpt>
      <trkpt lat="35.90114664713542" lon="120.19247450086806">
        <time>2021-01-21T08:19:57.922000Z</time>
      </trkpt>
      <trkpt lat="35.90132242838542" lon="120.19260308159723">
        <time>2021-01-21T08:20:03.922000Z</time>
      </trkpt>
      <trkpt lat="35.90142523871528" lon="120.19267306857638">
        <time>2021-01-21T08:20:06.922000Z</time>
      </trkpt>
      <trkpt lat="35.901835123697914" lon="120.19294026692708">
        <time>2021-01-21T08:20:21.922000Z</time>
      </trkpt>
      <trkpt lat="35.90190890842014" lon="120.19298285590278">
        <time>2021-01-21T08:20:24.922000Z</time>
      </trkpt>
      <trkpt lat="35.902071940104165" lon="120.19304578993055">
        <time>2021-01-21T08:20:30.922000Z</time>
      </trkpt>
      <trkpt lat="35.90214708116319" lon="120.19307156032986">
        <time>2021-01-21T08:20:33.922000Z</time>
      </trkpt>
      <trkpt lat="35.902226019965276" lon="120.19308159722222">
        <time>2021-01-21T08:20:36.922000Z</time>
      </trkpt>
      <trkpt lat="35.901959364149306" lon="120.19328911675348">
        <time>2021-01-21T08:20:48.922000Z</time>
      </trkpt>
      <trkpt lat="35.901615125868055" lon="120.19338975694444">
        <time>2021-01-21T08:20:57.922000Z</time>
      </trkpt>
      <trkpt lat="35.90152208116319" lon="120.19342366536458">
        <time>2021-01-21T08:21:00.922000Z</time>
      </trkpt>
      <trkpt lat="35.901349012586806" lon="120.1934716796875">
        <time>2021-01-21T08:21:06.922000Z</time>
      </trkpt>
      <trkpt lat="35.90118489583333" lon="120.19352023654514">
        <time>2021-01-21T08:21:12.922000Z</time>
      </trkpt>
      <trkpt lat="35.90111355251736" lon="120.19356038411458">
        <time>2021-01-21T08:21:15.922000Z</time>
      </trkpt>
      <trkpt lat="35.90096164279514" lon="120.19361789279515">
        <time>2021-01-21T08:21:21.922000Z</time>
      </trkpt>
      <trkpt lat="35.90082248263889" lon="120.19368679470486">
        <time>2021-01-21T08:21:27.922000Z</time>
      </trkpt>
      <trkpt lat="35.90065619574653" lon="120.1937584092882">
        <time>2021-01-21T08:21:33.922000Z</time>
      </trkpt>
      <trkpt lat="35.90058702256945" lon="120.19379855685764">
        <time>2021-01-21T08:21:36.922000Z</time>
      </trkpt>
      <trkpt lat="35.90052517361111" lon="120.19383219401041">
        <time>2021-01-21T08:21:39.922000Z</time>
      </trkpt>
      <trkpt lat="35.90033989800347" lon="120.19389892578126">
        <time>2021-01-21T08:21:45.922000Z</time>
      </trkpt>
      <trkpt lat="35.90026394314236" lon="120.1939488389757">
        <time>2021-01-21T08:21:48.922000Z</time>
      </trkpt>
      <trkpt lat="35.90019395616319" lon="120.19398356119791">
        <time>2021-01-21T08:21:51.922000Z</time>
      </trkpt>
      <trkpt lat="35.899928927951386" lon="120.194345703125">
        <time>2021-01-21T08:22:06.922000Z</time>
      </trkpt>
      <trkpt lat="35.89980523003472" lon="120.1947195095486">
        <time>2021-01-21T08:22:18.922000Z</time>
      </trkpt>
      <trkpt lat="35.89979519314236" lon="120.19481418185764">
        <time>2021-01-21T08:22:21.922000Z</time>
      </trkpt>
      <trkpt lat="35.899775933159724" lon="120.19490993923611">
        <time>2021-01-21T08:22:24.922000Z</time>
      </trkpt>
      <trkpt lat="35.89973876953125" lon="120.19510335286458">
        <time>2021-01-21T08:22:30.922000Z</time>
      </trkpt>
      <trkpt lat="35.899662000868055" lon="120.19540120442709">
        <time>2021-01-21T08:22:39.922000Z</time>
      </trkpt>
      <trkpt lat="35.8996337890625" lon="120.19548312717014">
        <time>2021-01-21T08:22:42.922000Z</time>
      </trkpt>
      <trkpt lat="35.89961181640625" lon="120.19556613498264">
        <time>2021-01-21T08:22:45.922000Z</time>
      </trkpt>
      <trkpt lat="35.899554307725694" lon="120.19577229817709">
        <time>2021-01-21T08:22:51.922000Z</time>
      </trkpt>
      <trkpt lat="35.89951904296875" lon="120.19588704427083">
        <time>2021-01-21T08:22:54.922000Z</time>
      </trkpt>
      <trkpt lat="35.899462890625" lon="120.1960693359375">
        <time>2021-01-21T08:23:00.922000Z</time>
      </trkpt>
      <trkpt lat="35.899441731770835" lon="120.19615125868056">
        <time>2021-01-21T08:23:03.922000Z</time>
      </trkpt>
      <trkpt lat="35.899356553819445" lon="120.19631971571181">
        <time>2021-01-21T08:23:09.922000Z</time>
      </trkpt>
      <trkpt lat="35.89930609809028" lon="120.19638726128473">
        <time>2021-01-21T08:23:12.922000Z</time>
      </trkpt>
      <trkpt lat="35.899235026041666" lon="120.19646809895833">
        <time>2021-01-21T08:23:15.922000Z</time>
      </trkpt>
      <trkpt lat="35.89894070095486" lon="120.19663547092014">
        <time>2021-01-21T08:23:30.922000Z</time>
      </trkpt>
      <trkpt lat="35.89894151475694" lon="120.19676920572917">
        <time>2021-01-21T08:23:33.922000Z</time>
      </trkpt>
      <trkpt lat="35.89891818576389" lon="120.19697672526041">
        <time>2021-01-21T08:23:39.922000Z</time>
      </trkpt>
      <trkpt lat="35.89890218098958" lon="120.19701144748264">
        <time>2021-01-21T08:23:42.922000Z</time>
      </trkpt>
      <trkpt lat="35.898899739583335" lon="120.1970445421007">
        <time>2021-01-21T08:23:48.922000Z</time>
      </trkpt>
      <trkpt lat="35.89892116970486" lon="120.19703857421875">
        <time>2021-01-21T08:24:00.922000Z</time>
      </trkpt>
      <trkpt lat="35.898955078125" lon="120.1970095486111">
        <time>2021-01-21T08:24:03.922000Z</time>
      </trkpt>
      <trkpt lat="35.89900390625" lon="120.19714328342013">
        <time>2021-01-21T08:24:09.922000Z</time>
      </trkpt>
      <trkpt lat="35.899175618489586" lon="120.19734157986112">
        <time>2021-01-21T08:24:21.922000Z</time>
      </trkpt>
      <trkpt lat="35.89934461805556" lon="120.19727783203125">
        <time>2021-01-21T08:24:27.922000Z</time>
      </trkpt>
      <trkpt lat="35.899539930555555" lon="120.19728759765626">
        <time>2021-01-21T08:24:33.922000Z</time>
      </trkpt>
      <trkpt lat="35.89980387369792" lon="120.19725802951389">
        <time>2021-01-21T08:24:42.922000Z</time>
      </trkpt>
      <trkpt lat="35.89995876736111" lon="120.19730061848958">
        <time>2021-01-21T08:24:48.922000Z</time>
      </trkpt>
      <trkpt lat="35.900029839409726" lon="120.19734049479166">
        <time>2021-01-21T08:24:51.922000Z</time>
      </trkpt>
      <trkpt lat="35.900333930121526" lon="120.19727077907986">
        <time>2021-01-21T08:25:03.922000Z</time>
      </trkpt>
      <trkpt lat="35.90048204210069" lon="120.19724283854167">
        <time>2021-01-21T08:25:09.922000Z</time>
      </trkpt>
      <trkpt lat="35.900555013020835" lon="120.19721923828125">
        <time>2021-01-21T08:25:12.922000Z</time>
      </trkpt>
      <trkpt lat="35.900622016059025" lon="120.19719618055555">
        <time>2021-01-21T08:25:15.922000Z</time>
      </trkpt>
      <trkpt lat="35.90077935112847" lon="120.19717122395834">
        <time>2021-01-21T08:25:21.922000Z</time>
      </trkpt>
      <trkpt lat="35.90086642795139" lon="120.19716905381945">
        <time>2021-01-21T08:25:24.922000Z</time>
      </trkpt>
      <trkpt lat="35.901165364583335" lon="120.19719211154514">
        <time>2021-01-21T08:25:36.922000Z</time>
      </trkpt>
      <trkpt lat="35.90133029513889" lon="120.19712456597222">
        <time>2021-01-21T08:25:42.922000Z</time>
      </trkpt>
      <trkpt lat="35.90140869140625" lon="120.19710340711805">
        <time>2021-01-21T08:25:45.922000Z</time>
      </trkpt>
      <trkpt lat="35.901493598090276" lon="120.19708441840278">
        <time>2021-01-21T08:25:48.922000Z</time>
      </trkpt>
      <trkpt lat="35.90165879991319" lon="120.19704264322917">
        <time>2021-01-21T08:25:54.922000Z</time>
      </trkpt>
      <trkpt lat="35.90171576605903" lon="120.19702962239583">
        <time>2021-01-21T08:25:57.922000Z</time>
      </trkpt>
      <trkpt lat="35.901796875" lon="120.19699788411458">
        <time>2021-01-21T08:26:00.922000Z</time>
      </trkpt>
      <trkpt lat="35.901943901909725" lon="120.19694797092014">
        <time>2021-01-21T08:26:06.922000Z</time>
      </trkpt>
      <trkpt lat="35.90215413411458" lon="120.19680745442709">
        <time>2021-01-21T08:26:15.922000Z</time>
      </trkpt>
      <trkpt lat="35.90228759765625" lon="120.19673882378473">
        <time>2021-01-21T08:26:21.922000Z</time>
      </trkpt>
      <trkpt lat="35.90236138237847" lon="120.19674370659722">
        <time>2021-01-21T08:26:24.922000Z</time>
      </trkpt>
      <trkpt lat="35.90243353949653" lon="120.1967369249132">
        <time>2021-01-21T08:26:27.922000Z</time>
      </trkpt>
      <trkpt lat="35.902485622829865" lon="120.19672173394098">
        <time>2021-01-21T08:26:48.922000Z</time>
      </trkpt>
      <trkpt lat="35.90251057942708" lon="120.19669487847223">
        <time>2021-01-21T08:26:51.922000Z</time>
      </trkpt>
      <trkpt lat="35.90245985243055" lon="120.1966259765625">
        <time>2021-01-21T08:27:00.922000Z</time>
      </trkpt>
      <trkpt lat="35.902599012586805" lon="120.19650526258681">
        <time>2021-01-21T08:27:06.922000Z</time>
      </trkpt>
      <trkpt lat="35.90274034288194" lon="120.1963609483507">
        <time>2021-01-21T08:27:12.922000Z</time>
      </trkpt>
      <trkpt lat="35.90298366970486" lon="120.19624321831597">
        <time>2021-01-21T08:27:21.922000Z</time>
      </trkpt>
      <trkpt lat="35.90322672526042" lon="120.19610080295139">
        <time>2021-01-21T08:27:30.922000Z</time>
      </trkpt>
      <trkpt lat="35.90324517144097" lon="120.19586046006944">
        <time>2021-01-21T08:27:39.922000Z</time>
      </trkpt>
      <trkpt lat="35.90321587456597" lon="120.19549370659722">
        <time>2021-01-21T08:28:54.922000Z</time>
      </trkpt>
      <trkpt lat="35.90314507378472" lon="120.19537299262153">
        <time>2021-01-21T08:29:00.922000Z</time>
      </trkpt>
      <trkpt lat="35.90303466796875" lon="120.19499104817709">
        <time>2021-01-21T08:29:12.922000Z</time>
      </trkpt>
      <trkpt lat="35.9030748155382" lon="120.19492513020833">
        <time>2021-01-21T08:29:15.922000Z</time>
      </trkpt>
      <trkpt lat="35.90312798394097" lon="120.19483940972222">
        <time>2021-01-21T08:29:18.922000Z</time>
      </trkpt>
      <trkpt lat="35.90319715711806" lon="120.19465711805556">
        <time>2021-01-21T08:29:24.922000Z</time>
      </trkpt>
      <trkpt lat="35.90324354383681" lon="120.19456325954862">
        <time>2021-01-21T08:29:27.922000Z</time>
      </trkpt>
      <trkpt lat="35.903286675347225" lon="120.19447970920139">
        <time>2021-01-21T08:29:30.922000Z</time>
      </trkpt>
      <trkpt lat="35.903387044270836" lon="120.19430908203125">
        <time>2021-01-21T08:29:36.922000Z</time>
      </trkpt>
      <trkpt lat="35.903592393663196" lon="120.19413872612847">
        <time>2021-01-21T08:29:45.922000Z</time>
      </trkpt>
      <trkpt lat="35.90367431640625" lon="120.19412868923611">
        <time>2021-01-21T08:29:48.922000Z</time>
      </trkpt>
      <trkpt lat="35.903760308159725" lon="120.19410183376736">
        <time>2021-01-21T08:29:51.922000Z</time>
      </trkpt>
      <trkpt lat="35.90391655815972" lon="120.19405680338542">
        <time>2021-01-21T08:29:57.922000Z</time>
      </trkpt>
      <trkpt lat="35.90425862630208" lon="120.19409396701388">
        <time>2021-01-21T08:30:09.922000Z</time>
      </trkpt>
      <trkpt lat="35.90432752821181" lon="120.19408582899305">
        <time>2021-01-21T08:30:12.922000Z</time>
      </trkpt>
      <trkpt lat="35.90440972222222" lon="120.19409206814237">
        <time>2021-01-21T08:30:15.922000Z</time>
      </trkpt>
      <trkpt lat="35.90469970703125" lon="120.19416069878473">
        <time>2021-01-21T08:30:27.922000Z</time>
      </trkpt>
      <trkpt lat="35.90480061848958" lon="120.1942165798611">
        <time>2021-01-21T08:30:33.922000Z</time>
      </trkpt>
      <trkpt lat="35.905009223090275" lon="120.19443874782986">
        <time>2021-01-21T08:30:45.922000Z</time>
      </trkpt>
      <trkpt lat="35.90513400607639" lon="120.19452256944444">
        <time>2021-01-21T08:30:51.922000Z</time>
      </trkpt>
      <trkpt lat="35.90517415364583" lon="120.19454752604166">
        <time>2021-01-21T08:30:54.922000Z</time>
      </trkpt>
      <trkpt lat="35.90529486762153" lon="120.19466227213542">
        <time>2021-01-21T08:31:00.922000Z</time>
      </trkpt>
      <trkpt lat="35.90551567925347" lon="120.19491238064236">
        <time>2021-01-21T08:31:12.922000Z</time>
      </trkpt>
      <trkpt lat="35.90555419921875" lon="120.19499213324653">
        <time>2021-01-21T08:31:15.922000Z</time>
      </trkpt>
      <trkpt lat="35.90564019097222" lon="120.19509792751737">
        <time>2021-01-21T08:31:21.922000Z</time>
      </trkpt>
      <trkpt lat="35.90579291449653" lon="120.19517957899305">
        <time>2021-01-21T08:31:27.922000Z</time>
      </trkpt>
      <trkpt lat="35.90598497178819" lon="120.1953013780382">
        <time>2021-01-21T08:31:36.922000Z</time>
      </trkpt>
      <trkpt lat="35.906025661892365" lon="120.19537217881944">
        <time>2021-01-21T08:31:39.922000Z</time>
      </trkpt>
      <trkpt lat="35.90615180121528" lon="120.19546196831597">
        <time>2021-01-21T08:31:45.922000Z</time>
      </trkpt>
      <trkpt lat="35.906223687065975" lon="120.19550482855902">
        <time>2021-01-21T08:31:48.922000Z</time>
      </trkpt>
      <trkpt lat="35.906375596788195" lon="120.19557562934028">
        <time>2021-01-21T08:31:54.922000Z</time>
      </trkpt>
      <trkpt lat="35.90643446180555" lon="120.19560763888889">
        <time>2021-01-21T08:31:57.922000Z</time>
      </trkpt>
      <trkpt lat="35.90651041666667" lon="120.1956382921007">
        <time>2021-01-21T08:32:00.922000Z</time>
      </trkpt>
      <trkpt lat="35.906634385850694" lon="120.19572238498264">
        <time>2021-01-21T08:32:06.922000Z</time>
      </trkpt>
      <trkpt lat="35.90668646918403" lon="120.19577311197916">
        <time>2021-01-21T08:32:09.922000Z</time>
      </trkpt>
      <trkpt lat="35.90673122829861" lon="120.19581976996528">
        <time>2021-01-21T08:32:12.922000Z</time>
      </trkpt>
      <trkpt lat="35.90683213975694" lon="120.19594753689236">
        <time>2021-01-21T08:32:18.922000Z</time>
      </trkpt>
      <trkpt lat="35.90701877170139" lon="120.19627360026041">
        <time>2021-01-21T08:32:30.922000Z</time>
      </trkpt>
      <trkpt lat="35.907069498697915" lon="120.19633653428819">
        <time>2021-01-21T08:32:33.922000Z</time>
      </trkpt>
      <trkpt lat="35.90711344401041" lon="120.19641628689236">
        <time>2021-01-21T08:32:36.922000Z</time>
      </trkpt>
      <trkpt lat="35.90732693142361" lon="120.19670627170139">
        <time>2021-01-21T08:32:48.922000Z</time>
      </trkpt>
      <trkpt lat="35.907381727430554" lon="120.19679497612847">
        <time>2021-01-21T08:32:51.922000Z</time>
      </trkpt>
      <trkpt lat="35.907443576388886" lon="120.19698757595486">
        <time>2021-01-21T08:32:57.922000Z</time>
      </trkpt>
      <trkpt lat="35.907489963107636" lon="120.19718098958333">
        <time>2021-01-21T08:33:03.922000Z</time>
      </trkpt>
      <trkpt lat="35.90753200954861" lon="120.1972886827257">
        <time>2021-01-21T08:33:06.922000Z</time>
      </trkpt>
      <trkpt lat="35.90756266276042" lon="120.19737440321181">
        <time>2021-01-21T08:33:09.922000Z</time>
      </trkpt>
      <trkpt lat="35.90762559678819" lon="120.19762451171874">
        <time>2021-01-21T08:33:18.922000Z</time>
      </trkpt>
      <trkpt lat="35.90763210720486" lon="120.1977273220486">
        <time>2021-01-21T08:33:21.922000Z</time>
      </trkpt>
      <trkpt lat="35.907634006076385" lon="120.19781521267362">
        <time>2021-01-21T08:33:24.922000Z</time>
      </trkpt>
      <trkpt lat="35.90778591579861" lon="120.1979736328125">
        <time>2021-01-21T08:33:33.922000Z</time>
      </trkpt>
      <trkpt lat="35.90793077256944" lon="120.19803059895834">
        <time>2021-01-21T08:33:39.922000Z</time>
      </trkpt>
      <trkpt lat="35.9079966905382" lon="120.198076171875">
        <time>2021-01-21T08:33:42.922000Z</time>
      </trkpt>
      <trkpt lat="35.90809651692708" lon="120.19820610894097">
        <time>2021-01-21T08:33:48.922000Z</time>
      </trkpt>
      <trkpt lat="35.90819444444445" lon="120.19834038628473">
        <time>2021-01-21T08:33:54.922000Z</time>
      </trkpt>
      <trkpt lat="35.90829508463542" lon="120.1984982638889">
        <time>2021-01-21T08:34:00.922000Z</time>
      </trkpt>
      <trkpt lat="35.90832682291666" lon="120.1985728624132">
        <time>2021-01-21T08:34:03.922000Z</time>
      </trkpt>
      <trkpt lat="35.90880452473959" lon="120.19881401909723">
        <time>2021-01-21T08:34:24.922000Z</time>
      </trkpt>
      <trkpt lat="35.908878580729166" lon="120.19887722439236">
        <time>2021-01-21T08:34:27.922000Z</time>
      </trkpt>
      <trkpt lat="35.90902153862847" lon="120.1989488389757">
        <time>2021-01-21T08:34:33.922000Z</time>
      </trkpt>
      <trkpt lat="35.909129503038194" lon="120.19896484375">
        <time>2021-01-21T08:34:42.922000Z</time>
      </trkpt>
      <trkpt lat="35.90917154947917" lon="120.19897894965278">
        <time>2021-01-21T08:34:45.922000Z</time>
      </trkpt>
      <trkpt lat="35.90927354600694" lon="120.199013671875">
        <time>2021-01-21T08:34:51.922000Z</time>
      </trkpt>
      <trkpt lat="35.909626736111115" lon="120.198916015625">
        <time>2021-01-21T08:35:06.922000Z</time>
      </trkpt>
      <trkpt lat="35.90976047092014" lon="120.19894585503472">
        <time>2021-01-21T08:35:12.922000Z</time>
      </trkpt>
      <trkpt lat="35.909831000434025" lon="120.1989488389757">
        <time>2021-01-21T08:35:15.922000Z</time>
      </trkpt>
      <trkpt lat="35.90989773220486" lon="120.19895779079862">
        <time>2021-01-21T08:35:18.922000Z</time>
      </trkpt>
      <trkpt lat="35.90995578342014" lon="120.19896674262152">
        <time>2021-01-21T08:35:21.922000Z</time>
      </trkpt>
      <trkpt lat="35.910191786024306" lon="120.19898871527778">
        <time>2021-01-21T08:35:33.922000Z</time>
      </trkpt>
      <trkpt lat="35.91026394314236" lon="120.19901774088542">
        <time>2021-01-21T08:35:36.922000Z</time>
      </trkpt>
      <trkpt lat="35.91034695095486" lon="120.19902777777777">
        <time>2021-01-21T08:35:39.922000Z</time>
      </trkpt>
      <trkpt lat="35.910503743489585" lon="120.19904758029514">
        <time>2021-01-21T08:35:45.922000Z</time>
      </trkpt>
      <trkpt lat="35.91056993272569" lon="120.19905951605902">
        <time>2021-01-21T08:35:48.922000Z</time>
      </trkpt>
      <trkpt lat="35.91064480251736" lon="120.19908067491319">
        <time>2021-01-21T08:35:51.922000Z</time>
      </trkpt>
      <trkpt lat="35.910801595052085" lon="120.1991175672743">
        <time>2021-01-21T08:35:57.922000Z</time>
      </trkpt>
      <trkpt lat="35.91087456597222" lon="120.19915337456597">
        <time>2021-01-21T08:36:00.922000Z</time>
      </trkpt>
      <trkpt lat="35.911091579861115" lon="120.19927897135416">
        <time>2021-01-21T08:36:09.922000Z</time>
      </trkpt>
      <trkpt lat="35.91113254123264" lon="120.19929389105903">
        <time>2021-01-21T08:36:15.922000Z</time>
      </trkpt>
      <trkpt lat="35.9111376953125" lon="120.19924018012152">
        <time>2021-01-21T08:36:18.922000Z</time>
      </trkpt>
      <trkpt lat="35.91115966796875" lon="120.19919623480902">
        <time>2021-01-21T08:36:24.922000Z</time>
      </trkpt>
      <trkpt lat="35.91130886501736" lon="120.19913655598958">
        <time>2021-01-21T08:36:33.922000Z</time>
      </trkpt>
      <trkpt lat="35.91133382161458" lon="120.19909261067708">
        <time>2021-01-21T08:36:36.922000Z</time>
      </trkpt>
      <trkpt lat="35.91137586805556" lon="120.19906575520834">
        <time>2021-01-21T08:36:45.922000Z</time>
      </trkpt>
      <trkpt lat="35.91143500434028" lon="120.19904269748264">
        <time>2021-01-21T08:36:51.922000Z</time>
      </trkpt>
      <trkpt lat="35.91190185546875" lon="120.19913357204861">
        <time>2021-01-21T08:37:09.922000Z</time>
      </trkpt>
      <trkpt lat="35.91207980685764" lon="120.1991685655382">
        <time>2021-01-21T08:37:15.922000Z</time>
      </trkpt>
      <trkpt lat="35.91212592230903" lon="120.19916558159723">
        <time>2021-01-21T08:37:18.922000Z</time>
      </trkpt>
      <trkpt lat="35.91214925130208" lon="120.19915554470487">
        <time>2021-01-21T08:37:21.922000Z</time>
      </trkpt>
      <trkpt lat="35.912198079427085" lon="120.19916042751736">
        <time>2021-01-21T08:37:27.922000Z</time>
      </trkpt>
      <trkpt lat="35.912204047309025" lon="120.19915744357638">
        <time>2021-01-21T08:37:30.922000Z</time>
      </trkpt>
      <trkpt lat="35.912211100260414" lon="120.19916151258681">
        <time>2021-01-21T08:37:33.922000Z</time>
      </trkpt>
      <trkpt lat="35.912234971788195" lon="120.1991921657986">
        <time>2021-01-21T08:37:45.922000Z</time>
      </trkpt>
      <trkpt lat="35.91223876953125" lon="120.1992103407118">
        <time>2021-01-21T08:37:48.922000Z</time>
      </trkpt>
      <trkpt lat="35.91240993923611" lon="120.19926323784722">
        <time>2021-01-21T08:37:57.922000Z</time>
      </trkpt>
      <trkpt lat="35.912449815538196" lon="120.1992654079861">
        <time>2021-01-21T08:38:00.922000Z</time>
      </trkpt>
      <trkpt lat="35.91248291015625" lon="120.19927218967014">
        <time>2021-01-21T08:38:03.922000Z</time>
      </trkpt>
      <trkpt lat="35.91268798828125" lon="120.19932996961805">
        <time>2021-01-21T08:38:15.922000Z</time>
      </trkpt>
      <trkpt lat="35.9127587890625" lon="120.19939670138889">
        <time>2021-01-21T08:38:18.922000Z</time>
      </trkpt>
      <trkpt lat="35.91282470703125" lon="120.19944769965278">
        <time>2021-01-21T08:38:21.922000Z</time>
      </trkpt>
      <trkpt lat="35.91316921657986" lon="120.19972900390626">
        <time>2021-01-21T08:38:36.922000Z</time>
      </trkpt>
      <trkpt lat="35.913265245225695" lon="120.1997398546007">
        <time>2021-01-21T08:38:39.922000Z</time>
      </trkpt>
      <trkpt lat="35.913447265625" lon="120.19972981770833">
        <time>2021-01-21T08:38:45.922000Z</time>
      </trkpt>
      <trkpt lat="35.91363823784722" lon="120.19974202473958">
        <time>2021-01-21T08:38:51.922000Z</time>
      </trkpt>
      <trkpt lat="35.91371826171875" lon="120.19976779513888">
        <time>2021-01-21T08:38:54.922000Z</time>
      </trkpt>
      <trkpt lat="35.91390028211806" lon="120.1998046875">
        <time>2021-01-21T08:39:00.922000Z</time>
      </trkpt>
      <trkpt lat="35.91398030598958" lon="120.19980685763889">
        <time>2021-01-21T08:39:03.922000Z</time>
      </trkpt>
      <trkpt lat="35.91416341145833" lon="120.19984076605903">
        <time>2021-01-21T08:39:09.922000Z</time>
      </trkpt>
      <trkpt lat="35.914410536024306" lon="120.19983669704861">
        <time>2021-01-21T08:39:18.922000Z</time>
      </trkpt>
      <trkpt lat="35.91455349392361" lon="120.19981282552084">
        <time>2021-01-21T08:39:24.922000Z</time>
      </trkpt>
      <trkpt lat="35.91467068142361" lon="120.1997998046875">
        <time>2021-01-21T08:39:27.922000Z</time>
      </trkpt>
      <trkpt lat="35.91475070529514" lon="120.19978298611112">
        <time>2021-01-21T08:39:30.922000Z</time>
      </trkpt>
      <trkpt lat="35.91490261501736" lon="120.19981201171875">
        <time>2021-01-21T08:39:36.922000Z</time>
      </trkpt>
      <trkpt lat="35.91497667100695" lon="120.19983588324652">
        <time>2021-01-21T08:39:39.922000Z</time>
      </trkpt>
      <trkpt lat="35.91511773003472" lon="120.19988362630208">
        <time>2021-01-21T08:39:45.922000Z</time>
      </trkpt>
      <trkpt lat="35.91521267361111" lon="120.19990370008681">
        <time>2021-01-21T08:39:48.922000Z</time>
      </trkpt>
      <trkpt lat="35.91529052734375" lon="120.19990858289931">
        <time>2021-01-21T08:39:51.922000Z</time>
      </trkpt>
      <trkpt lat="35.915446506076385" lon="120.19996636284722">
        <time>2021-01-21T08:39:57.922000Z</time>
      </trkpt>
      <trkpt lat="35.915516493055556" lon="120.20001844618055">
        <time>2021-01-21T08:40:00.922000Z</time>
      </trkpt>
      <trkpt lat="35.915653211805555" lon="120.20005126953124">
        <time>2021-01-21T08:40:06.922000Z</time>
      </trkpt>
      <trkpt lat="35.915958387586805" lon="120.20013807508681">
        <time>2021-01-21T08:40:18.922000Z</time>
      </trkpt>
      <trkpt lat="35.91611463758681" lon="120.2000732421875">
        <time>2021-01-21T08:40:24.922000Z</time>
      </trkpt>
      <trkpt lat="35.91632269965278" lon="120.2000404188368">
        <time>2021-01-21T08:40:33.922000Z</time>
      </trkpt>
      <trkpt lat="35.91641167534722" lon="120.200068359375">
        <time>2021-01-21T08:40:36.922000Z</time>
      </trkpt>
      <trkpt lat="35.916546495225695" lon="120.20012505425348">
        <time>2021-01-21T08:40:42.922000Z</time>
      </trkpt>
      <trkpt lat="35.916607530381945" lon="120.2001771375868">
        <time>2021-01-21T08:40:45.922000Z</time>
      </trkpt>
      <trkpt lat="35.91666531032986" lon="120.20022271050347">
        <time>2021-01-21T08:40:48.922000Z</time>
      </trkpt>
      <trkpt lat="35.91679443359375" lon="120.20032552083333">
        <time>2021-01-21T08:40:54.922000Z</time>
      </trkpt>
      <trkpt lat="35.91685628255208" lon="120.2003675672743">
        <time>2021-01-21T08:40:57.922000Z</time>
      </trkpt>
      <trkpt lat="35.91691623263889" lon="120.20040418836805">
        <time>2021-01-21T08:41:00.922000Z</time>
      </trkpt>
      <trkpt lat="35.91703993055555" lon="120.20057183159722">
        <time>2021-01-21T08:41:09.922000Z</time>
      </trkpt>
      <trkpt lat="35.91710964626736" lon="120.20062771267361">
        <time>2021-01-21T08:41:12.922000Z</time>
      </trkpt>
      <trkpt lat="35.917241753472226" lon="120.20070638020833">
        <time>2021-01-21T08:41:18.922000Z</time>
      </trkpt>
      <trkpt lat="35.91731065538195" lon="120.20073540581598">
        <time>2021-01-21T08:41:21.922000Z</time>
      </trkpt>
      <trkpt lat="35.91749728732639" lon="120.20115017361111">
        <time>2021-01-21T08:41:36.922000Z</time>
      </trkpt>
      <trkpt lat="35.917629937065975" lon="120.20129584418403">
        <time>2021-01-21T08:41:42.922000Z</time>
      </trkpt>
      <trkpt lat="35.91773356119791" lon="120.20144124348958">
        <time>2021-01-21T08:41:48.922000Z</time>
      </trkpt>
      <trkpt lat="35.91786946614583" lon="120.20154405381945">
        <time>2021-01-21T08:41:54.922000Z</time>
      </trkpt>
      <trkpt lat="35.91801649305555" lon="120.20164577907985">
        <time>2021-01-21T08:42:00.922000Z</time>
      </trkpt>
      <trkpt lat="35.918086480034724" lon="120.20170871310764">
        <time>2021-01-21T08:42:03.922000Z</time>
      </trkpt>
      <trkpt lat="35.91824327256944" lon="120.20179551866319">
        <time>2021-01-21T08:42:09.922000Z</time>
      </trkpt>
      <trkpt lat="35.91838704427084" lon="120.2019091796875">
        <time>2021-01-21T08:42:15.922000Z</time>
      </trkpt>
      <trkpt lat="35.918528917100694" lon="120.20204481336806">
        <time>2021-01-21T08:42:21.922000Z</time>
      </trkpt>
      <trkpt lat="35.91888563368055" lon="120.20225016276042">
        <time>2021-01-21T08:42:36.922000Z</time>
      </trkpt>
      <trkpt lat="35.91894368489584" lon="120.20232584635417">
        <time>2021-01-21T08:42:39.922000Z</time>
      </trkpt>
      <trkpt lat="35.91904541015625" lon="120.20246148003473">
        <time>2021-01-21T08:42:45.922000Z</time>
      </trkpt>
      <trkpt lat="35.91918429904514" lon="120.20254828559028">
        <time>2021-01-21T08:42:51.922000Z</time>
      </trkpt>
      <trkpt lat="35.919269205729165" lon="120.20257541232638">
        <time>2021-01-21T08:42:54.922000Z</time>
      </trkpt>
      <trkpt lat="35.919412977430554" lon="120.20266004774305">
        <time>2021-01-21T08:43:00.922000Z</time>
      </trkpt>
      <trkpt lat="35.91953206380208" lon="120.20279975043402">
        <time>2021-01-21T08:43:06.922000Z</time>
      </trkpt>
      <trkpt lat="35.919568684895836" lon="120.20286865234375">
        <time>2021-01-21T08:43:09.922000Z</time>
      </trkpt>
      <trkpt lat="35.91973361545139" lon="120.20306586371528">
        <time>2021-01-21T08:43:18.922000Z</time>
      </trkpt>
      <trkpt lat="35.91978759765625" lon="120.20313069661458">
        <time>2021-01-21T08:43:21.922000Z</time>
      </trkpt>
      <trkpt lat="35.91983723958333" lon="120.20318766276041">
        <time>2021-01-21T08:43:24.922000Z</time>
      </trkpt>
      <trkpt lat="35.91997314453125" lon="120.20333902994791">
        <time>2021-01-21T08:43:30.922000Z</time>
      </trkpt>
      <trkpt lat="35.92003390842014" lon="120.20338921440973">
        <time>2021-01-21T08:43:33.922000Z</time>
      </trkpt>
      <trkpt lat="35.92010009765625" lon="120.2034410264757">
        <time>2021-01-21T08:43:36.922000Z</time>
      </trkpt>
      <trkpt lat="35.92024305555555" lon="120.20355767144098">
        <time>2021-01-21T08:43:42.922000Z</time>
      </trkpt>
      <trkpt lat="35.92031873914931" lon="120.20361328125">
        <time>2021-01-21T08:43:45.922000Z</time>
      </trkpt>
      <trkpt lat="35.9204248046875" lon="120.20372016059028">
        <time>2021-01-21T08:43:51.922000Z</time>
      </trkpt>
      <trkpt lat="35.920482313368055" lon="120.20379611545138">
        <time>2021-01-21T08:43:54.922000Z</time>
      </trkpt>
      <trkpt lat="35.92054741753472" lon="120.20386990017361">
        <time>2021-01-21T08:43:57.922000Z</time>
      </trkpt>
      <trkpt lat="35.92067626953125" lon="120.20400824652778">
        <time>2021-01-21T08:44:03.922000Z</time>
      </trkpt>
      <trkpt lat="35.920749240451386" lon="120.20405924479167">
        <time>2021-01-21T08:44:06.922000Z</time>
      </trkpt>
      <trkpt lat="35.920811089409725" lon="120.20412299262152">
        <time>2021-01-21T08:44:09.922000Z</time>
      </trkpt>
      <trkpt lat="35.920941026475695" lon="120.20426161024305">
        <time>2021-01-21T08:44:15.922000Z</time>
      </trkpt>
      <trkpt lat="35.92099093967014" lon="120.2043115234375">
        <time>2021-01-21T08:44:18.922000Z</time>
      </trkpt>
      <trkpt lat="35.92106580946181" lon="120.20438449435764">
        <time>2021-01-21T08:44:21.922000Z</time>
      </trkpt>
      <trkpt lat="35.921155598958336" lon="120.2044873046875">
        <time>2021-01-21T08:44:27.922000Z</time>
      </trkpt>
      <trkpt lat="35.921238606770835" lon="120.2045578342014">
        <time>2021-01-21T08:44:30.922000Z</time>
      </trkpt>
      <trkpt lat="35.921314290364585" lon="120.20462863498264">
        <time>2021-01-21T08:44:33.922000Z</time>
      </trkpt>
      <trkpt lat="35.92146538628472" lon="120.20476047092014">
        <time>2021-01-21T08:44:39.922000Z</time>
      </trkpt>
      <trkpt lat="35.92158420138889" lon="120.20488308376736">
        <time>2021-01-21T08:44:45.922000Z</time>
      </trkpt>
      <trkpt lat="35.92172797309028" lon="120.2050146484375">
        <time>2021-01-21T08:44:51.922000Z</time>
      </trkpt>
      <trkpt lat="35.92180691189236" lon="120.20505967881944">
        <time>2021-01-21T08:44:54.922000Z</time>
      </trkpt>
      <trkpt lat="35.921863878038195" lon="120.20509847005208">
        <time>2021-01-21T08:44:57.922000Z</time>
      </trkpt>
      <trkpt lat="35.921970757378475" lon="120.20520887586805">
        <time>2021-01-21T08:45:03.922000Z</time>
      </trkpt>
      <trkpt lat="35.92201850043403" lon="120.20525607638889">
        <time>2021-01-21T08:45:06.922000Z</time>
      </trkpt>
      <trkpt lat="35.92206759982639" lon="120.2053138563368">
        <time>2021-01-21T08:45:09.922000Z</time>
      </trkpt>
      <trkpt lat="35.92211452907986" lon="120.20538275824653">
        <time>2021-01-21T08:45:12.922000Z</time>
      </trkpt>
      <trkpt lat="35.92225830078125" lon="120.20552924262152">
        <time>2021-01-21T08:45:18.922000Z</time>
      </trkpt>
      <trkpt lat="35.92228732638889" lon="120.20556830512153">
        <time>2021-01-21T08:45:21.922000Z</time>
      </trkpt>
      <trkpt lat="35.922351888020835" lon="120.20566379123264">
        <time>2021-01-21T08:45:24.922000Z</time>
      </trkpt>
      <trkpt lat="35.92246012369792" lon="120.20578369140625">
        <time>2021-01-21T08:45:30.922000Z</time>
      </trkpt>
      <trkpt lat="35.92252197265625" lon="120.2058363172743">
        <time>2021-01-21T08:45:33.922000Z</time>
      </trkpt>
      <trkpt lat="35.92258572048611" lon="120.20589436848958">
        <time>2021-01-21T08:45:36.922000Z</time>
      </trkpt>
      <trkpt lat="35.92268283420139" lon="120.20601182725694">
        <time>2021-01-21T08:45:42.922000Z</time>
      </trkpt>
      <trkpt lat="35.922716471354164" lon="120.20607096354166">
        <time>2021-01-21T08:45:45.922000Z</time>
      </trkpt>
      <trkpt lat="35.92273139105903" lon="120.20610948350695">
        <time>2021-01-21T08:45:48.922000Z</time>
      </trkpt>
      <trkpt lat="35.92276746961806" lon="120.2061705186632">
        <time>2021-01-21T08:45:57.922000Z</time>
      </trkpt>
      <trkpt lat="35.92284939236111" lon="120.20617268880208">
        <time>2021-01-21T08:46:03.922000Z</time>
      </trkpt>
      <trkpt lat="35.9228955078125" lon="120.20611463758681">
        <time>2021-01-21T08:46:24.922000Z</time>
      </trkpt>
      <trkpt lat="35.92285237630208" lon="120.20612548828124">
        <time>2021-01-21T08:46:27.922000Z</time>
      </trkpt>
      <trkpt lat="35.922894151475695" lon="120.20636908637152">
        <time>2021-01-21T08:47:42.922000Z</time>
      </trkpt>
      <trkpt lat="35.922998046875" lon="120.20654351128472">
        <time>2021-01-21T08:47:48.922000Z</time>
      </trkpt>
      <trkpt lat="35.92333523220486" lon="120.2070632595486">
        <time>2021-01-21T08:48:09.922000Z</time>
      </trkpt>
      <trkpt lat="35.92336208767361" lon="120.20714572482639">
        <time>2021-01-21T08:48:12.922000Z</time>
      </trkpt>
      <trkpt lat="35.92340196397569" lon="120.20722249348958">
        <time>2021-01-21T08:48:15.922000Z</time>
      </trkpt>
      <trkpt lat="35.92348470052083" lon="120.20735432942708">
        <time>2021-01-21T08:48:21.922000Z</time>
      </trkpt>
      <trkpt lat="35.923526475694445" lon="120.20743896484375">
        <time>2021-01-21T08:48:24.922000Z</time>
      </trkpt>
      <trkpt lat="35.92356255425347" lon="120.20749701605902">
        <time>2021-01-21T08:48:27.922000Z</time>
      </trkpt>
      <trkpt lat="35.9235986328125" lon="120.20756184895833">
        <time>2021-01-21T08:48:30.922000Z</time>
      </trkpt>
      <trkpt lat="35.923754340277775" lon="120.20780110677083">
        <time>2021-01-21T08:48:42.922000Z</time>
      </trkpt>
      <trkpt lat="35.92379611545139" lon="120.207880859375">
        <time>2021-01-21T08:48:45.922000Z</time>
      </trkpt>
      <trkpt lat="35.923828125" lon="120.20794759114584">
        <time>2021-01-21T08:48:48.922000Z</time>
      </trkpt>
      <trkpt lat="35.92388264973958" lon="120.20809136284723">
        <time>2021-01-21T08:48:54.922000Z</time>
      </trkpt>
      <trkpt lat="35.92391086154514" lon="120.20815809461806">
        <time>2021-01-21T08:48:57.922000Z</time>
      </trkpt>
      <trkpt lat="35.92393446180556" lon="120.20825086805556">
        <time>2021-01-21T08:49:00.922000Z</time>
      </trkpt>
      <trkpt lat="35.92395941840278" lon="120.20832763671875">
        <time>2021-01-21T08:49:03.922000Z</time>
      </trkpt>
      <trkpt lat="35.92408881293403" lon="120.20859212239583">
        <time>2021-01-21T08:49:15.922000Z</time>
      </trkpt>
      <trkpt lat="35.9241810438368" lon="120.20870171440973">
        <time>2021-01-21T08:49:21.922000Z</time>
      </trkpt>
      <trkpt lat="35.92431342230903" lon="120.20900010850694">
        <time>2021-01-21T08:49:33.922000Z</time>
      </trkpt>
      <trkpt lat="35.92433837890625" lon="120.20906467013889">
        <time>2021-01-21T08:49:36.922000Z</time>
      </trkpt>
      <trkpt lat="35.92437445746528" lon="120.20914632161458">
        <time>2021-01-21T08:49:39.922000Z</time>
      </trkpt>
      <trkpt lat="35.924435221354166" lon="120.20929904513889">
        <time>2021-01-21T08:49:45.922000Z</time>
      </trkpt>
      <trkpt lat="35.924456922743055" lon="120.20947455512153">
        <time>2021-01-21T08:49:51.922000Z</time>
      </trkpt>
      <trkpt lat="35.92443060980903" lon="120.20965711805556">
        <time>2021-01-21T08:49:57.922000Z</time>
      </trkpt>
      <trkpt lat="35.92442138671875" lon="120.20984375">
        <time>2021-01-21T08:50:03.922000Z</time>
      </trkpt>
      <trkpt lat="35.924427083333335" lon="120.20993842230902">
        <time>2021-01-21T08:50:06.922000Z</time>
      </trkpt>
      <trkpt lat="35.92445610894097" lon="120.21009006076389">
        <time>2021-01-21T08:50:12.922000Z</time>
      </trkpt>
      <trkpt lat="35.924473741319446" lon="120.21016384548611">
        <time>2021-01-21T08:50:15.922000Z</time>
      </trkpt>
      <trkpt lat="35.92449273003472" lon="120.21024983723959">
        <time>2021-01-21T08:50:18.922000Z</time>
      </trkpt>
      <trkpt lat="35.92451361762153" lon="120.21034044053819">
        <time>2021-01-21T08:50:24.922000Z</time>
      </trkpt>
      <trkpt lat="35.924527452256946" lon="120.21043321397569">
        <time>2021-01-21T08:50:27.922000Z</time>
      </trkpt>
      <trkpt lat="35.924434136284724" lon="120.21063259548612">
        <time>2021-01-21T08:50:36.922000Z</time>
      </trkpt>
      <trkpt lat="35.924344075520835" lon="120.21068033854166">
        <time>2021-01-21T08:50:39.922000Z</time>
      </trkpt>
      <trkpt lat="35.92430989583333" lon="120.21070339626736">
        <time>2021-01-21T08:50:42.922000Z</time>
      </trkpt>
      <trkpt lat="35.92458468967014" lon="120.21019965277777">
        <time>2021-01-21T08:51:06.922000Z</time>
      </trkpt>
      <trkpt lat="35.92456000434028" lon="120.21011094835069">
        <time>2021-01-21T08:51:09.922000Z</time>
      </trkpt>
      <trkpt lat="35.92449924045139" lon="120.20989447699652">
        <time>2021-01-21T08:51:18.922000Z</time>
      </trkpt>
      <trkpt lat="35.92445231119792" lon="120.20978271484375">
        <time>2021-01-21T08:51:24.922000Z</time>
      </trkpt>
      <trkpt lat="35.92444363064236" lon="120.20970106336806">
        <time>2021-01-21T08:51:27.922000Z</time>
      </trkpt>
      <trkpt lat="35.92443169487847" lon="120.20961534288195">
        <time>2021-01-21T08:51:30.922000Z</time>
      </trkpt>
      <trkpt lat="35.92442491319444" lon="120.20942898220486">
        <time>2021-01-21T08:51:36.922000Z</time>
      </trkpt>
      <trkpt lat="35.92452311197917" lon="120.20926703559027">
        <time>2021-01-21T08:51:42.922000Z</time>
      </trkpt>
      <trkpt lat="35.92459716796875" lon="120.2092173936632">
        <time>2021-01-21T08:51:45.922000Z</time>
      </trkpt>
      <trkpt lat="35.92466037326389" lon="120.20916341145833">
        <time>2021-01-21T08:51:48.922000Z</time>
      </trkpt>
      <trkpt lat="35.92480631510416" lon="120.20907877604166">
        <time>2021-01-21T08:51:54.922000Z</time>
      </trkpt>
      <trkpt lat="35.92487955729167" lon="120.20903510199653">
        <time>2021-01-21T08:51:57.922000Z</time>
      </trkpt>
      <trkpt lat="35.9249427625868" lon="120.20898898654514">
        <time>2021-01-21T08:52:00.922000Z</time>
      </trkpt>
      <trkpt lat="35.92504692925347" lon="120.20890028211805">
        <time>2021-01-21T08:52:06.922000Z</time>
      </trkpt>
      <trkpt lat="35.92523654513889" lon="120.20900906032986">
        <time>2021-01-21T08:52:18.922000Z</time>
      </trkpt>
      <trkpt lat="35.92525444878472" lon="120.20922743055556">
        <time>2021-01-21T08:52:24.922000Z</time>
      </trkpt>
      <trkpt lat="35.92529920789931" lon="120.20951958550347">
        <time>2021-01-21T08:52:33.922000Z</time>
      </trkpt>
      <trkpt lat="35.92531575520833" lon="120.2095974392361">
        <time>2021-01-21T08:52:36.922000Z</time>
      </trkpt>
      <trkpt lat="35.9253369140625" lon="120.20967529296875">
        <time>2021-01-21T08:52:39.922000Z</time>
      </trkpt>
      <trkpt lat="35.9253626844618" lon="120.2098277452257">
        <time>2021-01-21T08:52:45.922000Z</time>
      </trkpt>
      <trkpt lat="35.92539116753472" lon="120.2099085828993">
        <time>2021-01-21T08:52:48.922000Z</time>
      </trkpt>
      <trkpt lat="35.9254052734375" lon="120.20998453776042">
        <time>2021-01-21T08:52:51.922000Z</time>
      </trkpt>
      <trkpt lat="35.92544596354167" lon="120.21014485677084">
        <time>2021-01-21T08:52:57.922000Z</time>
      </trkpt>
      <trkpt lat="35.92552978515625" lon="120.21043212890625">
        <time>2021-01-21T08:53:09.922000Z</time>
      </trkpt>
      <trkpt lat="35.92553114149305" lon="120.21066975911458">
        <time>2021-01-21T08:53:21.922000Z</time>
      </trkpt>
      <trkpt lat="35.925617133246526" lon="120.2108620876736">
        <time>2021-01-21T08:53:27.922000Z</time>
      </trkpt>
      <trkpt lat="35.92563802083333" lon="120.21094292534723">
        <time>2021-01-21T08:53:30.922000Z</time>
      </trkpt>
      <trkpt lat="35.92566107855903" lon="120.21101779513889">
        <time>2021-01-21T08:53:33.922000Z</time>
      </trkpt>
      <trkpt lat="35.925714789496524" lon="120.2111851671007">
        <time>2021-01-21T08:53:39.922000Z</time>
      </trkpt>
      <trkpt lat="35.92574842664931" lon="120.21129692925348">
        <time>2021-01-21T08:53:42.922000Z</time>
      </trkpt>
      <trkpt lat="35.92577446831597" lon="120.21137261284723">
        <time>2021-01-21T08:53:45.922000Z</time>
      </trkpt>
      <trkpt lat="35.92581407335069" lon="120.21154730902778">
        <time>2021-01-21T08:53:51.922000Z</time>
      </trkpt>
      <trkpt lat="35.92582817925347" lon="120.21165283203125">
        <time>2021-01-21T08:53:54.922000Z</time>
      </trkpt>
      <trkpt lat="35.92588189019097" lon="120.21181559244792">
        <time>2021-01-21T08:54:00.922000Z</time>
      </trkpt>
      <trkpt lat="35.92591959635417" lon="120.21190239800347">
        <time>2021-01-21T08:54:03.922000Z</time>
      </trkpt>
      <trkpt lat="35.925951605902775" lon="120.2119921875">
        <time>2021-01-21T08:54:06.922000Z</time>
      </trkpt>
      <trkpt lat="35.926029188368055" lon="120.21215684678819">
        <time>2021-01-21T08:54:12.922000Z</time>
      </trkpt>
      <trkpt lat="35.926059299045136" lon="120.21223253038194">
        <time>2021-01-21T08:54:15.922000Z</time>
      </trkpt>
      <trkpt lat="35.92608696831597" lon="120.21231336805556">
        <time>2021-01-21T08:54:18.922000Z</time>
      </trkpt>
      <trkpt lat="35.92616400824653" lon="120.2124720594618">
        <time>2021-01-21T08:54:24.922000Z</time>
      </trkpt>
      <trkpt lat="35.926189778645835" lon="120.212548828125">
        <time>2021-01-21T08:54:27.922000Z</time>
      </trkpt>
      <trkpt lat="35.92621690538194" lon="120.2126345486111">
        <time>2021-01-21T08:54:30.922000Z</time>
      </trkpt>
      <trkpt lat="35.926280381944444" lon="120.2127943250868">
        <time>2021-01-21T08:54:36.922000Z</time>
      </trkpt>
      <trkpt lat="35.926326497395834" lon="120.21287190755208">
        <time>2021-01-21T08:54:39.922000Z</time>
      </trkpt>
      <trkpt lat="35.926365288628475" lon="120.21298177083334">
        <time>2021-01-21T08:54:42.922000Z</time>
      </trkpt>
      <trkpt lat="35.926426866319446" lon="120.21314208984376">
        <time>2021-01-21T08:54:48.922000Z</time>
      </trkpt>
      <trkpt lat="35.92643798828125" lon="120.21317599826389">
        <time>2021-01-21T08:54:51.922000Z</time>
      </trkpt>
      <trkpt lat="35.926472981770836" lon="120.21326388888889">
        <time>2021-01-21T08:54:54.922000Z</time>
      </trkpt>
      <trkpt lat="35.92659559461806" lon="120.21350124782987">
        <time>2021-01-21T08:55:00.922000Z</time>
      </trkpt>
      <trkpt lat="35.926728515625" lon="120.21373589409723">
        <time>2021-01-21T08:55:09.922000Z</time>
      </trkpt>
      <trkpt lat="35.926778157552086" lon="120.21381754557292">
        <time>2021-01-21T08:55:12.922000Z</time>
      </trkpt>
      <trkpt lat="35.92681613498264" lon="120.21391927083333">
        <time>2021-01-21T08:55:15.922000Z</time>
      </trkpt>
      <trkpt lat="35.926875813802084" lon="120.21405002170138">
        <time>2021-01-21T08:55:21.922000Z</time>
      </trkpt>
      <trkpt lat="35.92691786024306" lon="120.21413655598958">
        <time>2021-01-21T08:55:24.922000Z</time>
      </trkpt>
      <trkpt lat="35.92704047309028" lon="120.21431640625">
        <time>2021-01-21T08:55:30.922000Z</time>
      </trkpt>
      <trkpt lat="35.927081705729165" lon="120.21439507378473">
        <time>2021-01-21T08:55:33.922000Z</time>
      </trkpt>
      <trkpt lat="35.92712429470486" lon="120.21448079427083">
        <time>2021-01-21T08:55:36.922000Z</time>
      </trkpt>
      <trkpt lat="35.92722439236111" lon="120.2146115451389">
        <time>2021-01-21T08:55:42.922000Z</time>
      </trkpt>
      <trkpt lat="35.92730414496528" lon="120.21475423177084">
        <time>2021-01-21T08:55:48.922000Z</time>
      </trkpt>
      <trkpt lat="35.92747287326389" lon="120.21497368706598">
        <time>2021-01-21T08:55:57.922000Z</time>
      </trkpt>
      <trkpt lat="35.92760579427083" lon="120.21509847005208">
        <time>2021-01-21T08:56:03.922000Z</time>
      </trkpt>
      <trkpt lat="35.92767957899306" lon="120.21516221788194">
        <time>2021-01-21T08:56:06.922000Z</time>
      </trkpt>
      <trkpt lat="35.92777045355903" lon="120.21531195746527">
        <time>2021-01-21T08:56:12.922000Z</time>
      </trkpt>
      <trkpt lat="35.92785834418403" lon="120.21549235026042">
        <time>2021-01-21T08:56:18.922000Z</time>
      </trkpt>
      <trkpt lat="35.92795708550347" lon="120.21571695963542">
        <time>2021-01-21T08:56:27.922000Z</time>
      </trkpt>
      <trkpt lat="35.92807562934028" lon="120.21585259331597">
        <time>2021-01-21T08:56:33.922000Z</time>
      </trkpt>
      <trkpt lat="35.928120659722225" lon="120.21591634114583">
        <time>2021-01-21T08:56:36.922000Z</time>
      </trkpt>
      <trkpt lat="35.928378363715275" lon="120.21617078993056">
        <time>2021-01-21T08:56:48.922000Z</time>
      </trkpt>
      <trkpt lat="35.92843831380208" lon="120.21622287326389">
        <time>2021-01-21T08:56:54.922000Z</time>
      </trkpt>
    </trkseg>
  </trk>
</gpx>