<?xml version="1.0" encoding="UTF-8"?>
<gpx xmlns="http://www.topografix.com/GPX/1/1" xmlns:gpxtpx="http://www.garmin.com/xmlschemas/TrackPointExtension/v1" xmlns:xsi="http://www.w3.org/2001/XMLSchema-instance" xsi:schemaLocation="http://www.topografix.com/GPX/1/1 http://www.topografix.com/GPX/1/1/gpx.xsd" version="1.1" creator="gpx.py -- https://github.com/tkrajina/gpxpy">
  <trk>
    <name>gpx from keep</name>
    <trkseg>
      <trkpt lat="35.95702510848366" lon="120.2149740139553">
        <time>2020-11-25T03:21:39.461000Z</time>
      </trkpt>
      <trkpt lat="35.957017049711496" lon="120.21502362865876">
        <time>2020-11-25T03:21:45.461000Z</time>
      </trkpt>
      <trkpt lat="35.95701893913437" lon="120.21503925959739">
        <time>2020-11-25T03:21:48.461000Z</time>
      </trkpt>
      <trkpt lat="35.957018628656556" lon="120.21503212746867">
        <time>2020-11-25T03:21:51.461000Z</time>
      </trkpt>
      <trkpt lat="35.95701045705014" lon="120.21502441609336">
        <time>2020-11-25T03:21:54.461000Z</time>
      </trkpt>
      <trkpt lat="35.95701354784086" lon="120.21502438644389">
        <time>2020-11-25T03:21:57.461000Z</time>
      </trkpt>
      <trkpt lat="35.95702181481342" lon="120.21502812779177">
        <time>2020-11-25T03:22:00.461000Z</time>
      </trkpt>
      <trkpt lat="35.957021575439995" lon="120.21502761904728">
        <time>2020-11-25T03:22:03.461000Z</time>
      </trkpt>
      <trkpt lat="35.957021954941425" lon="120.21502805797951">
        <time>2020-11-25T03:22:06.461000Z</time>
      </trkpt>
      <trkpt lat="35.95702559620141" lon="120.21502777900497">
        <time>2020-11-25T03:22:09.461000Z</time>
      </trkpt>
      <trkpt lat="35.95711236271716" lon="120.21502373690137">
        <time>2020-11-25T03:22:12.461000Z</time>
      </trkpt>
      <trkpt lat="35.95719519680281" lon="120.21501336034837">
        <time>2020-11-25T03:22:15.461000Z</time>
      </trkpt>
      <trkpt lat="35.95734776190237" lon="120.21499252628625">
        <time>2020-11-25T03:22:21.461000Z</time>
      </trkpt>
      <trkpt lat="35.957431101930304" lon="120.21497783063711">
        <time>2020-11-25T03:22:24.461000Z</time>
      </trkpt>
      <trkpt lat="35.9577339262245" lon="120.21506638540625">
        <time>2020-11-25T03:22:36.461000Z</time>
      </trkpt>
      <trkpt lat="35.95776288110516" lon="120.21515729008796">
        <time>2020-11-25T03:22:39.461000Z</time>
      </trkpt>
      <trkpt lat="35.95788681164589" lon="120.215410846956">
        <time>2020-11-25T03:22:48.461000Z</time>
      </trkpt>
      <trkpt lat="35.957946810803556" lon="120.2155874020065">
        <time>2020-11-25T03:22:54.461000Z</time>
      </trkpt>
      <trkpt lat="35.95778524881039" lon="120.21580789918262">
        <time>2020-11-25T03:23:06.461000Z</time>
      </trkpt>
      <trkpt lat="35.957621075617965" lon="120.21583308199577">
        <time>2020-11-25T03:23:12.461000Z</time>
      </trkpt>
      <trkpt lat="35.957540309555846" lon="120.21584551392439">
        <time>2020-11-25T03:23:15.461000Z</time>
      </trkpt>
      <trkpt lat="35.95741416366908" lon="120.21587971778561">
        <time>2020-11-25T03:23:21.461000Z</time>
      </trkpt>
      <trkpt lat="35.95734605952914" lon="120.2158854674405">
        <time>2020-11-25T03:23:24.461000Z</time>
      </trkpt>
      <trkpt lat="35.95717366839117" lon="120.21595300459114">
        <time>2020-11-25T03:23:33.561000Z</time>
      </trkpt>
      <trkpt lat="35.95711098962224" lon="120.21597840605324">
        <time>2020-11-25T03:23:36.461000Z</time>
      </trkpt>
      <trkpt lat="35.95704273973689" lon="120.21601121868726">
        <time>2020-11-25T03:23:39.461000Z</time>
      </trkpt>
      <trkpt lat="35.95683765701776" lon="120.21611964209262">
        <time>2020-11-25T03:23:51.461000Z</time>
      </trkpt>
      <trkpt lat="35.9567596623451" lon="120.21609360950555">
        <time>2020-11-25T03:23:57.461000Z</time>
      </trkpt>
      <trkpt lat="35.956487174630034" lon="120.21611751605309">
        <time>2020-11-25T03:24:09.461000Z</time>
      </trkpt>
      <trkpt lat="35.95643382082278" lon="120.2161409433727">
        <time>2020-11-25T03:24:12.461000Z</time>
      </trkpt>
      <trkpt lat="35.95614909023245" lon="120.21625609355527">
        <time>2020-11-25T03:24:24.461000Z</time>
      </trkpt>
      <trkpt lat="35.95607961106922" lon="120.2162654343023">
        <time>2020-11-25T03:24:27.461000Z</time>
      </trkpt>
      <trkpt lat="35.95598563119494" lon="120.21633940349204">
        <time>2020-11-25T03:24:33.461000Z</time>
      </trkpt>
      <trkpt lat="35.95596086774192" lon="120.21639088443371">
        <time>2020-11-25T03:24:36.461000Z</time>
      </trkpt>
      <trkpt lat="35.95591901501843" lon="120.21650755356957">
        <time>2020-11-25T03:24:42.461000Z</time>
      </trkpt>
      <trkpt lat="35.95592548167787" lon="120.21657262421158">
        <time>2020-11-25T03:24:45.461000Z</time>
      </trkpt>
      <trkpt lat="35.95594496425399" lon="120.21664335227797">
        <time>2020-11-25T03:24:48.461000Z</time>
      </trkpt>
      <trkpt lat="35.95595231267148" lon="120.2167304991849">
        <time>2020-11-25T03:24:51.461000Z</time>
      </trkpt>
      <trkpt lat="35.95596110557045" lon="120.21697676737534">
        <time>2020-11-25T03:25:00.461000Z</time>
      </trkpt>
      <trkpt lat="35.95597623070806" lon="120.21706854470017">
        <time>2020-11-25T03:25:03.461000Z</time>
      </trkpt>
      <trkpt lat="35.95604214051389" lon="120.21733764542941">
        <time>2020-11-25T03:25:12.461000Z</time>
      </trkpt>
      <trkpt lat="35.95603954722996" lon="120.21814980350635">
        <time>2020-11-25T03:25:45.461000Z</time>
      </trkpt>
      <trkpt lat="35.95552401231903" lon="120.2185799880169">
        <time>2020-11-25T03:26:12.461000Z</time>
      </trkpt>
      <trkpt lat="35.95544725439939" lon="120.21858738352876">
        <time>2020-11-25T03:26:15.461000Z</time>
      </trkpt>
      <trkpt lat="35.95537542082137" lon="120.21860027637236">
        <time>2020-11-25T03:26:18.461000Z</time>
      </trkpt>
      <trkpt lat="35.9552461399934" lon="120.21863985049733">
        <time>2020-11-25T03:26:24.461000Z</time>
      </trkpt>
      <trkpt lat="35.95517506959118" lon="120.21866641087114">
        <time>2020-11-25T03:26:27.461000Z</time>
      </trkpt>
      <trkpt lat="35.95501435636437" lon="120.21871788396093">
        <time>2020-11-25T03:26:33.461000Z</time>
      </trkpt>
      <trkpt lat="35.9549422334075" lon="120.21875438067575">
        <time>2020-11-25T03:26:36.461000Z</time>
      </trkpt>
      <trkpt lat="35.95478669884812" lon="120.21879192750106">
        <time>2020-11-25T03:26:42.461000Z</time>
      </trkpt>
      <trkpt lat="35.95469987908922" lon="120.21879079245466">
        <time>2020-11-25T03:26:45.461000Z</time>
      </trkpt>
      <trkpt lat="35.95461147802111" lon="120.21880650720794">
        <time>2020-11-25T03:26:48.461000Z</time>
      </trkpt>
      <trkpt lat="35.95444873600783" lon="120.21883255079338">
        <time>2020-11-25T03:26:54.461000Z</time>
      </trkpt>
      <trkpt lat="35.95435844614469" lon="120.21883886772935">
        <time>2020-11-25T03:26:57.461000Z</time>
      </trkpt>
      <trkpt lat="35.95409567164433" lon="120.21888756862069">
        <time>2020-11-25T03:27:06.461000Z</time>
      </trkpt>
      <trkpt lat="35.95393909646775" lon="120.21888511048927">
        <time>2020-11-25T03:27:12.461000Z</time>
      </trkpt>
      <trkpt lat="35.95386944394364" lon="120.21888956370314">
        <time>2020-11-25T03:27:15.461000Z</time>
      </trkpt>
      <trkpt lat="35.95379982963821" lon="120.21890353432923">
        <time>2020-11-25T03:27:18.461000Z</time>
      </trkpt>
      <trkpt lat="35.953745228370906" lon="120.21889379258296">
        <time>2020-11-25T03:27:21.461000Z</time>
      </trkpt>
      <trkpt lat="35.95370874945319" lon="120.21889379931282">
        <time>2020-11-25T03:27:24.461000Z</time>
      </trkpt>
      <trkpt lat="35.95363970717503" lon="120.21892239528407">
        <time>2020-11-25T03:27:30.461000Z</time>
      </trkpt>
      <trkpt lat="35.953466087791114" lon="120.21896034976122">
        <time>2020-11-25T03:27:39.461000Z</time>
      </trkpt>
      <trkpt lat="35.9532398474543" lon="120.2189967832024">
        <time>2020-11-25T03:27:51.461000Z</time>
      </trkpt>
      <trkpt lat="35.95318654802325" lon="120.21897769369977">
        <time>2020-11-25T03:27:54.461000Z</time>
      </trkpt>
      <trkpt lat="35.95312328025473" lon="120.21896338199079">
        <time>2020-11-25T03:27:57.461000Z</time>
      </trkpt>
      <trkpt lat="35.95300388024956" lon="120.21889133229101">
        <time>2020-11-25T03:28:03.461000Z</time>
      </trkpt>
      <trkpt lat="35.95293139973177" lon="120.21876462691465">
        <time>2020-11-25T03:28:09.461000Z</time>
      </trkpt>
      <trkpt lat="35.952911286163335" lon="120.21869116994264">
        <time>2020-11-25T03:28:12.461000Z</time>
      </trkpt>
      <trkpt lat="35.95288473950939" lon="120.21861904940633">
        <time>2020-11-25T03:28:15.461000Z</time>
      </trkpt>
      <trkpt lat="35.95285898740504" lon="120.21855156805817">
        <time>2020-11-25T03:28:18.461000Z</time>
      </trkpt>
      <trkpt lat="35.95277549848202" lon="120.2183266981324">
        <time>2020-11-25T03:28:27.461000Z</time>
      </trkpt>
      <trkpt lat="35.952746787203985" lon="120.21825842911979">
        <time>2020-11-25T03:28:30.461000Z</time>
      </trkpt>
      <trkpt lat="35.952722383268004" lon="120.21819321333352">
        <time>2020-11-25T03:28:33.461000Z</time>
      </trkpt>
      <trkpt lat="35.95270139519243" lon="120.21811617639666">
        <time>2020-11-25T03:28:36.461000Z</time>
      </trkpt>
      <trkpt lat="35.95264880721369" lon="120.21793818979495">
        <time>2020-11-25T03:28:42.461000Z</time>
      </trkpt>
      <trkpt lat="35.95261898528679" lon="120.217855037519">
        <time>2020-11-25T03:28:45.461000Z</time>
      </trkpt>
      <trkpt lat="35.95258204338428" lon="120.21777064784204">
        <time>2020-11-25T03:28:48.461000Z</time>
      </trkpt>
      <trkpt lat="35.95253113026636" lon="120.2176532769191">
        <time>2020-11-25T03:28:54.461000Z</time>
      </trkpt>
      <trkpt lat="35.952440865193196" lon="120.21745198641182">
        <time>2020-11-25T03:29:03.461000Z</time>
      </trkpt>
      <trkpt lat="35.95237234216711" lon="120.21733979266591">
        <time>2020-11-25T03:29:09.461000Z</time>
      </trkpt>
      <trkpt lat="35.95236317874344" lon="120.21729396323514">
        <time>2020-11-25T03:29:12.461000Z</time>
      </trkpt>
      <trkpt lat="35.95234716846717" lon="120.21715116933848">
        <time>2020-11-25T03:29:18.461000Z</time>
      </trkpt>
      <trkpt lat="35.952340226873645" lon="120.21704252362316">
        <time>2020-11-25T03:29:21.461000Z</time>
      </trkpt>
      <trkpt lat="35.95233519929557" lon="120.21694684680152">
        <time>2020-11-25T03:29:24.461000Z</time>
      </trkpt>
      <trkpt lat="35.95230018551178" lon="120.21661964507656">
        <time>2020-11-25T03:29:33.461000Z</time>
      </trkpt>
      <trkpt lat="35.95227352087693" lon="120.21651851115642">
        <time>2020-11-25T03:29:36.461000Z</time>
      </trkpt>
      <trkpt lat="35.95226188486712" lon="120.21642910007488">
        <time>2020-11-25T03:29:39.461000Z</time>
      </trkpt>
      <trkpt lat="35.95224126076681" lon="120.21622239779936">
        <time>2020-11-25T03:29:45.461000Z</time>
      </trkpt>
      <trkpt lat="35.952229258546424" lon="120.21612299231154">
        <time>2020-11-25T03:29:48.461000Z</time>
      </trkpt>
      <trkpt lat="35.95221548067094" lon="120.21598227930083">
        <time>2020-11-25T03:29:54.461000Z</time>
      </trkpt>
      <trkpt lat="35.95223108594097" lon="120.21593575597504">
        <time>2020-11-25T03:29:57.461000Z</time>
      </trkpt>
      <trkpt lat="35.952234108863124" lon="120.21588872286476">
        <time>2020-11-25T03:30:00.461000Z</time>
      </trkpt>
      <trkpt lat="35.952221957249016" lon="120.21577442550031">
        <time>2020-11-25T03:30:06.461000Z</time>
      </trkpt>
      <trkpt lat="35.95205030527717" lon="120.21559368972738">
        <time>2020-11-25T03:30:21.461000Z</time>
      </trkpt>
      <trkpt lat="35.95201126037667" lon="120.21552260336486">
        <time>2020-11-25T03:30:27.461000Z</time>
      </trkpt>
      <trkpt lat="35.95200994335099" lon="120.21552012941464">
        <time>2020-11-25T03:30:30.461000Z</time>
      </trkpt>
      <trkpt lat="35.95201364200609" lon="120.21550681294572">
        <time>2020-11-25T03:30:36.461000Z</time>
      </trkpt>
      <trkpt lat="35.952013802617195" lon="120.21550638402954">
        <time>2020-11-25T03:30:39.461000Z</time>
      </trkpt>
      <trkpt lat="35.95201408245965" lon="120.21550655363164">
        <time>2020-11-25T03:30:42.461000Z</time>
      </trkpt>
      <trkpt lat="35.95201481384879" lon="120.2155056459602">
        <time>2020-11-25T03:30:45.461000Z</time>
      </trkpt>
      <trkpt lat="35.95201614589033" lon="120.21550435928748">
        <time>2020-11-25T03:30:48.461000Z</time>
      </trkpt>
      <trkpt lat="35.95201649640168" lon="120.21550404011465">
        <time>2020-11-25T03:30:51.461000Z</time>
      </trkpt>
      <trkpt lat="35.95201634640486" lon="120.2155040101759">
        <time>2020-11-25T03:30:54.461000Z</time>
      </trkpt>
      <trkpt lat="35.952016216107" lon="120.21550420966683">
        <time>2020-11-25T03:30:57.461000Z</time>
      </trkpt>
      <trkpt lat="35.952016245954724" lon="120.21550432937103">
        <time>2020-11-25T03:31:00.461000Z</time>
      </trkpt>
      <trkpt lat="35.95201711755112" lon="120.2155032920355">
        <time>2020-11-25T03:31:03.461000Z</time>
      </trkpt>
      <trkpt lat="35.952017508564445" lon="120.21550260378662">
        <time>2020-11-25T03:31:06.461000Z</time>
      </trkpt>
      <trkpt lat="35.9520175586831" lon="120.21550252399008">
        <time>2020-11-25T03:31:09.461000Z</time>
      </trkpt>
      <trkpt lat="35.9520175787146" lon="120.21550250404161">
        <time>2020-11-25T03:31:12.461000Z</time>
      </trkpt>
      <trkpt lat="35.952017588717055" lon="120.2155025040425">
        <time>2020-11-25T03:31:15.461000Z</time>
      </trkpt>
      <trkpt lat="35.9520180992277" lon="120.21550221480932">
        <time>2020-11-25T03:31:18.461000Z</time>
      </trkpt>
      <trkpt lat="35.95201858060893" lon="120.21550126721525">
        <time>2020-11-25T03:31:21.461000Z</time>
      </trkpt>
      <trkpt lat="35.95202095742828" lon="120.21549658909338">
        <time>2020-11-25T03:31:24.461000Z</time>
      </trkpt>
      <trkpt lat="35.95171863930433" lon="120.21565739153012">
        <time>2020-11-25T03:31:30.461000Z</time>
      </trkpt>
      <trkpt lat="35.95165037633391" lon="120.21565456247343">
        <time>2020-11-25T03:31:33.461000Z</time>
      </trkpt>
      <trkpt lat="35.95149883461072" lon="120.21563543653842">
        <time>2020-11-25T03:31:39.461000Z</time>
      </trkpt>
      <trkpt lat="35.95143674823581" lon="120.21565887267026">
        <time>2020-11-25T03:31:42.461000Z</time>
      </trkpt>
      <trkpt lat="35.95136792997239" lon="120.21568249774985">
        <time>2020-11-25T03:31:45.461000Z</time>
      </trkpt>
      <trkpt lat="35.95111942944652" lon="120.21573490524686">
        <time>2020-11-25T03:31:54.461000Z</time>
      </trkpt>
      <trkpt lat="35.951051344342154" lon="120.21574877469622">
        <time>2020-11-25T03:31:57.461000Z</time>
      </trkpt>
      <trkpt lat="35.95090836325201" lon="120.21576084194179">
        <time>2020-11-25T03:32:03.461000Z</time>
      </trkpt>
      <trkpt lat="35.95083761427097" lon="120.21577714511999">
        <time>2020-11-25T03:32:06.461000Z</time>
      </trkpt>
      <trkpt lat="35.950765853481805" lon="120.21578708402384">
        <time>2020-11-25T03:32:09.461000Z</time>
      </trkpt>
      <trkpt lat="35.95057798214912" lon="120.21583630503424">
        <time>2020-11-25T03:32:15.461000Z</time>
      </trkpt>
      <trkpt lat="35.950495960046716" lon="120.21586044779536">
        <time>2020-11-25T03:32:18.461000Z</time>
      </trkpt>
      <trkpt lat="35.950207811765644" lon="120.21591147549685">
        <time>2020-11-25T03:32:30.461000Z</time>
      </trkpt>
      <trkpt lat="35.950055229619764" lon="120.2159528293651">
        <time>2020-11-25T03:32:36.461000Z</time>
      </trkpt>
      <trkpt lat="35.94997715050434" lon="120.21596791501389">
        <time>2020-11-25T03:32:39.461000Z</time>
      </trkpt>
      <trkpt lat="35.94964003153787" lon="120.21604072461507">
        <time>2020-11-25T03:32:54.461000Z</time>
      </trkpt>
      <trkpt lat="35.94956328419591" lon="120.21603956064303">
        <time>2020-11-25T03:32:57.461000Z</time>
      </trkpt>
      <trkpt lat="35.949195405496624" lon="120.21619769683417">
        <time>2020-11-25T03:33:12.461000Z</time>
      </trkpt>
      <trkpt lat="35.949029199083206" lon="120.2162704125102">
        <time>2020-11-25T03:33:18.461000Z</time>
      </trkpt>
      <trkpt lat="35.94881769294633" lon="120.21634976796304">
        <time>2020-11-25T03:33:27.461000Z</time>
      </trkpt>
      <trkpt lat="35.94876521254801" lon="120.21634020684031">
        <time>2020-11-25T03:33:30.461000Z</time>
      </trkpt>
      <trkpt lat="35.94870739588205" lon="120.21633442592659">
        <time>2020-11-25T03:33:33.461000Z</time>
      </trkpt>
      <trkpt lat="35.94865759066383" lon="120.21634430712638">
        <time>2020-11-25T03:33:36.461000Z</time>
      </trkpt>
      <trkpt lat="35.94849694065305" lon="120.2163828079256">
        <time>2020-11-25T03:33:45.461000Z</time>
      </trkpt>
      <trkpt lat="35.948429673129844" lon="120.21638353014104">
        <time>2020-11-25T03:33:48.461000Z</time>
      </trkpt>
      <trkpt lat="35.94828794348757" lon="120.21642533455001">
        <time>2020-11-25T03:33:54.461000Z</time>
      </trkpt>
      <trkpt lat="35.94822275669973" lon="120.21645647209803">
        <time>2020-11-25T03:33:57.461000Z</time>
      </trkpt>
      <trkpt lat="35.94799170652427" lon="120.2164895301489">
        <time>2020-11-25T03:34:06.461000Z</time>
      </trkpt>
      <trkpt lat="35.94791847688099" lon="120.21650605298001">
        <time>2020-11-25T03:34:09.461000Z</time>
      </trkpt>
      <trkpt lat="35.947656380707805" lon="120.21657617724543">
        <time>2020-11-25T03:34:21.461000Z</time>
      </trkpt>
      <trkpt lat="35.94750472403366" lon="120.21662163208964">
        <time>2020-11-25T03:34:27.461000Z</time>
      </trkpt>
      <trkpt lat="35.94741129208377" lon="120.21665149046926">
        <time>2020-11-25T03:34:30.461000Z</time>
      </trkpt>
      <trkpt lat="35.94723859317386" lon="120.21669472899018">
        <time>2020-11-25T03:34:36.461000Z</time>
      </trkpt>
      <trkpt lat="35.9471629648649" lon="120.21672520751584">
        <time>2020-11-25T03:34:39.461000Z</time>
      </trkpt>
      <trkpt lat="35.9469810574415" lon="120.21674250887472">
        <time>2020-11-25T03:34:45.461000Z</time>
      </trkpt>
      <trkpt lat="35.946892608761026" lon="120.21675545924697">
        <time>2020-11-25T03:34:48.461000Z</time>
      </trkpt>
      <trkpt lat="35.946722205941235" lon="120.2167945083897">
        <time>2020-11-25T03:34:54.461000Z</time>
      </trkpt>
      <trkpt lat="35.946644503498604" lon="120.21683554100703">
        <time>2020-11-25T03:34:57.461000Z</time>
      </trkpt>
      <trkpt lat="35.9465755733583" lon="120.2168765046354">
        <time>2020-11-25T03:35:00.461000Z</time>
      </trkpt>
      <trkpt lat="35.946437035045456" lon="120.21694142356405">
        <time>2020-11-25T03:35:06.461000Z</time>
      </trkpt>
      <trkpt lat="35.94636800950889" lon="120.21697889586304">
        <time>2020-11-25T03:35:09.461000Z</time>
      </trkpt>
      <trkpt lat="35.94623591823519" lon="120.21702424336108">
        <time>2020-11-25T03:35:15.461000Z</time>
      </trkpt>
      <trkpt lat="35.94616419834822" lon="120.21704913621681">
        <time>2020-11-25T03:35:18.461000Z</time>
      </trkpt>
      <trkpt lat="35.94610125253844" lon="120.21707256345208">
        <time>2020-11-25T03:35:21.461000Z</time>
      </trkpt>
      <trkpt lat="35.94593081845153" lon="120.21711281011088">
        <time>2020-11-25T03:35:27.461000Z</time>
      </trkpt>
      <trkpt lat="35.94586545202631" lon="120.21713627708613">
        <time>2020-11-25T03:35:30.561000Z</time>
      </trkpt>
      <trkpt lat="35.94578541421899" lon="120.21715800700264">
        <time>2020-11-25T03:35:33.461000Z</time>
      </trkpt>
      <trkpt lat="35.945645364561244" lon="120.21721626265914">
        <time>2020-11-25T03:35:39.461000Z</time>
      </trkpt>
      <trkpt lat="35.94557704983527" lon="120.21724566501727">
        <time>2020-11-25T03:35:42.461000Z</time>
      </trkpt>
      <trkpt lat="35.945501477209056" lon="120.21727983516472">
        <time>2020-11-25T03:35:45.461000Z</time>
      </trkpt>
      <trkpt lat="35.94535328965742" lon="120.21735060993437">
        <time>2020-11-25T03:35:51.461000Z</time>
      </trkpt>
      <trkpt lat="35.945272744259334" lon="120.21739385772771">
        <time>2020-11-25T03:35:54.461000Z</time>
      </trkpt>
      <trkpt lat="35.94519046887872" lon="120.21742117408714">
        <time>2020-11-25T03:35:57.461000Z</time>
      </trkpt>
      <trkpt lat="35.94504059795278" lon="120.21751793608027">
        <time>2020-11-25T03:36:03.461000Z</time>
      </trkpt>
      <trkpt lat="35.9449588447769" lon="120.21755935844385">
        <time>2020-11-25T03:36:06.461000Z</time>
      </trkpt>
      <trkpt lat="35.9448738832326" lon="120.2175910740759">
        <time>2020-11-25T03:36:09.461000Z</time>
      </trkpt>
      <trkpt lat="35.94471999319265" lon="120.2176788480224">
        <time>2020-11-25T03:36:15.461000Z</time>
      </trkpt>
      <trkpt lat="35.94453658481563" lon="120.2177518452886">
        <time>2020-11-25T03:36:21.461000Z</time>
      </trkpt>
      <trkpt lat="35.944392187782455" lon="120.21783152012011">
        <time>2020-11-25T03:36:27.461000Z</time>
      </trkpt>
      <trkpt lat="35.94431906541466" lon="120.21789004250475">
        <time>2020-11-25T03:36:30.461000Z</time>
      </trkpt>
      <trkpt lat="35.944165368918654" lon="120.2179677017526">
        <time>2020-11-25T03:36:36.461000Z</time>
      </trkpt>
      <trkpt lat="35.944079341693175" lon="120.21801187777763">
        <time>2020-11-25T03:36:39.461000Z</time>
      </trkpt>
      <trkpt lat="35.94394382992006" lon="120.21808164794405">
        <time>2020-11-25T03:36:45.461000Z</time>
      </trkpt>
      <trkpt lat="35.94390932355984" lon="120.21808782003465">
        <time>2020-11-25T03:36:48.461000Z</time>
      </trkpt>
      <trkpt lat="35.94383384123153" lon="120.21810650840285">
        <time>2020-11-25T03:36:54.461000Z</time>
      </trkpt>
      <trkpt lat="35.94379061413026" lon="120.21808776956426">
        <time>2020-11-25T03:36:57.461000Z</time>
      </trkpt>
      <trkpt lat="35.9436997462874" lon="120.2179732069557">
        <time>2020-11-25T03:37:03.461000Z</time>
      </trkpt>
      <trkpt lat="35.943527009486296" lon="120.21772399247149">
        <time>2020-11-25T03:37:15.461000Z</time>
      </trkpt>
      <trkpt lat="35.943416512297304" lon="120.21762953096422">
        <time>2020-11-25T03:37:21.461000Z</time>
      </trkpt>
      <trkpt lat="35.943348446721664" lon="120.21759710335445">
        <time>2020-11-25T03:37:24.461000Z</time>
      </trkpt>
      <trkpt lat="35.94317919407075" lon="120.21728502528426">
        <time>2020-11-25T03:37:36.461000Z</time>
      </trkpt>
      <trkpt lat="35.943064242320354" lon="120.21703897431924">
        <time>2020-11-25T03:37:45.461000Z</time>
      </trkpt>
      <trkpt lat="35.94299190662756" lon="120.21688254996624">
        <time>2020-11-25T03:37:51.461000Z</time>
      </trkpt>
      <trkpt lat="35.94295156066114" lon="120.21680228276998">
        <time>2020-11-25T03:37:54.461000Z</time>
      </trkpt>
      <trkpt lat="35.94291464515437" lon="120.21672245502836">
        <time>2020-11-25T03:37:57.461000Z</time>
      </trkpt>
      <trkpt lat="35.942820796249805" lon="120.21656543195944">
        <time>2020-11-25T03:38:03.461000Z</time>
      </trkpt>
      <trkpt lat="35.942768271938135" lon="120.21648211207312">
        <time>2020-11-25T03:38:06.461000Z</time>
      </trkpt>
      <trkpt lat="35.94268570708737" lon="120.2162791745389">
        <time>2020-11-25T03:38:12.461000Z</time>
      </trkpt>
      <trkpt lat="35.94259312827523" lon="120.21609338512694">
        <time>2020-11-25T03:38:18.461000Z</time>
      </trkpt>
      <trkpt lat="35.94254251086324" lon="120.21600600682298">
        <time>2020-11-25T03:38:21.461000Z</time>
      </trkpt>
      <trkpt lat="35.94249499160681" lon="120.21592076376577">
        <time>2020-11-25T03:38:24.461000Z</time>
      </trkpt>
      <trkpt lat="35.94235102680842" lon="120.21566341998474">
        <time>2020-11-25T03:38:33.461000Z</time>
      </trkpt>
      <trkpt lat="35.94230981455526" lon="120.21557468718585">
        <time>2020-11-25T03:38:36.461000Z</time>
      </trkpt>
      <trkpt lat="35.94226238290177" lon="120.21549950032261">
        <time>2020-11-25T03:38:39.461000Z</time>
      </trkpt>
      <trkpt lat="35.94215471919989" lon="120.21536233303839">
        <time>2020-11-25T03:38:45.461000Z</time>
      </trkpt>
      <trkpt lat="35.94204782732935" lon="120.21521685725868">
        <time>2020-11-25T03:38:51.461000Z</time>
      </trkpt>
      <trkpt lat="35.941832460750156" lon="120.21507749717172">
        <time>2020-11-25T03:39:00.461000Z</time>
      </trkpt>
      <trkpt lat="35.94167103644781" lon="120.21504332845936">
        <time>2020-11-25T03:39:06.461000Z</time>
      </trkpt>
      <trkpt lat="35.94107314152163" lon="120.21544308483703">
        <time>2020-11-25T03:39:33.461000Z</time>
      </trkpt>
      <trkpt lat="35.940939944716334" lon="120.21540828978543">
        <time>2020-11-25T03:39:39.461000Z</time>
      </trkpt>
      <trkpt lat="35.94085815347765" lon="120.21537147441178">
        <time>2020-11-25T03:39:45.461000Z</time>
      </trkpt>
      <trkpt lat="35.94081693736394" lon="120.21535338591616">
        <time>2020-11-25T03:39:48.461000Z</time>
      </trkpt>
      <trkpt lat="35.940771617705934" lon="120.21532971102572">
        <time>2020-11-25T03:39:51.461000Z</time>
      </trkpt>
      <trkpt lat="35.94073949727299" lon="120.21530161837752">
        <time>2020-11-25T03:39:54.461000Z</time>
      </trkpt>
      <trkpt lat="35.940689532178396" lon="120.21529609771781">
        <time>2020-11-25T03:40:00.461000Z</time>
      </trkpt>
      <trkpt lat="35.94064913920528" lon="120.21529824873234">
        <time>2020-11-25T03:40:03.461000Z</time>
      </trkpt>
      <trkpt lat="35.94061883753724" lon="120.21530130837661">
        <time>2020-11-25T03:40:06.461000Z</time>
      </trkpt>
      <trkpt lat="35.940561470217254" lon="120.21525872973429">
        <time>2020-11-25T03:40:12.461000Z</time>
      </trkpt>
      <trkpt lat="35.94049634628278" lon="120.21524951696554">
        <time>2020-11-25T03:40:18.461000Z</time>
      </trkpt>
      <trkpt lat="35.94045881130839" lon="120.2152611545003">
        <time>2020-11-25T03:40:21.461000Z</time>
      </trkpt>
      <trkpt lat="35.94039259766095" lon="120.2152739166657">
        <time>2020-11-25T03:40:24.461000Z</time>
      </trkpt>
      <trkpt lat="35.940314432017104" lon="120.21528593961773">
        <time>2020-11-25T03:40:27.461000Z</time>
      </trkpt>
      <trkpt lat="35.94016498636586" lon="120.21529959213468">
        <time>2020-11-25T03:40:33.461000Z</time>
      </trkpt>
      <trkpt lat="35.94001485529315" lon="120.21533958875742">
        <time>2020-11-25T03:40:39.461000Z</time>
      </trkpt>
      <trkpt lat="35.93994281386452" lon="120.21537953254087">
        <time>2020-11-25T03:40:42.461000Z</time>
      </trkpt>
      <trkpt lat="35.939865093964634" lon="120.21540981000086">
        <time>2020-11-25T03:40:45.461000Z</time>
      </trkpt>
      <trkpt lat="35.939618953139146" lon="120.21546165863268">
        <time>2020-11-25T03:40:54.461000Z</time>
      </trkpt>
      <trkpt lat="35.939536068670115" lon="120.21547943688694">
        <time>2020-11-25T03:40:57.461000Z</time>
      </trkpt>
      <trkpt lat="35.93945783748578" lon="120.21551063211732">
        <time>2020-11-25T03:41:00.461000Z</time>
      </trkpt>
      <trkpt lat="35.939326765675276" lon="120.2155624113777">
        <time>2020-11-25T03:41:06.461000Z</time>
      </trkpt>
      <trkpt lat="35.93919285184984" lon="120.2156528243292">
        <time>2020-11-25T03:41:12.461000Z</time>
      </trkpt>
      <trkpt lat="35.938916238986735" lon="120.21576848209935">
        <time>2020-11-25T03:41:24.461000Z</time>
      </trkpt>
      <trkpt lat="35.93883568136697" lon="120.21577408099877">
        <time>2020-11-25T03:41:27.461000Z</time>
      </trkpt>
      <trkpt lat="35.93868350609471" lon="120.215764361554">
        <time>2020-11-25T03:41:33.461000Z</time>
      </trkpt>
      <trkpt lat="35.93861068570782" lon="120.2157358060029">
        <time>2020-11-25T03:41:36.461000Z</time>
      </trkpt>
      <trkpt lat="35.9385408081311" lon="120.21570570458572">
        <time>2020-11-25T03:41:39.461000Z</time>
      </trkpt>
      <trkpt lat="35.938405013428856" lon="120.21569111872694">
        <time>2020-11-25T03:41:45.461000Z</time>
      </trkpt>
      <trkpt lat="35.9383356102153" lon="120.21567289784497">
        <time>2020-11-25T03:41:48.461000Z</time>
      </trkpt>
      <trkpt lat="35.938266194323674" lon="120.21564917067299">
        <time>2020-11-25T03:41:51.461000Z</time>
      </trkpt>
      <trkpt lat="35.93808854100889" lon="120.21552047530247">
        <time>2020-11-25T03:42:00.461000Z</time>
      </trkpt>
      <trkpt lat="35.938053829009036" lon="120.21543297044161">
        <time>2020-11-25T03:42:03.461000Z</time>
      </trkpt>
      <trkpt lat="35.93782800800195" lon="120.21520450131152">
        <time>2020-11-25T03:42:15.461000Z</time>
      </trkpt>
      <trkpt lat="35.93776027636188" lon="120.21517813128604">
        <time>2020-11-25T03:42:18.461000Z</time>
      </trkpt>
      <trkpt lat="35.937698000418806" lon="120.21513365712914">
        <time>2020-11-25T03:42:21.461000Z</time>
      </trkpt>
      <trkpt lat="35.93756382634785" lon="120.21506695236266">
        <time>2020-11-25T03:42:27.461000Z</time>
      </trkpt>
      <trkpt lat="35.93749312771893" lon="120.2150527217414">
        <time>2020-11-25T03:42:30.461000Z</time>
      </trkpt>
      <trkpt lat="35.93742023654406" lon="120.21504740855941">
        <time>2020-11-25T03:42:33.461000Z</time>
      </trkpt>
      <trkpt lat="35.93713653050578" lon="120.21495435679664">
        <time>2020-11-25T03:42:45.461000Z</time>
      </trkpt>
      <trkpt lat="35.937023356525295" lon="120.21481766035063">
        <time>2020-11-25T03:42:51.461000Z</time>
      </trkpt>
      <trkpt lat="35.936936211362024" lon="120.21472394852732">
        <time>2020-11-25T03:42:57.461000Z</time>
      </trkpt>
      <trkpt lat="35.93691525947209" lon="120.2146845359825">
        <time>2020-11-25T03:43:00.461000Z</time>
      </trkpt>
      <trkpt lat="35.9368654491291" lon="120.2146091716102">
        <time>2020-11-25T03:43:06.461000Z</time>
      </trkpt>
      <trkpt lat="35.93680144483118" lon="120.21454891799605">
        <time>2020-11-25T03:43:12.461000Z</time>
      </trkpt>
      <trkpt lat="35.936753306753076" lon="120.21450180271766">
        <time>2020-11-25T03:43:15.461000Z</time>
      </trkpt>
      <trkpt lat="35.936633498872204" lon="120.21439727633286">
        <time>2020-11-25T03:43:21.461000Z</time>
      </trkpt>
      <trkpt lat="35.93657174997435" lon="120.2143483845754">
        <time>2020-11-25T03:43:24.461000Z</time>
      </trkpt>
      <trkpt lat="35.93644350025661" lon="120.21424394774414">
        <time>2020-11-25T03:43:30.461000Z</time>
      </trkpt>
      <trkpt lat="35.9363924577437" lon="120.21417788077476">
        <time>2020-11-25T03:43:33.461000Z</time>
      </trkpt>
      <trkpt lat="35.936334528073594" lon="120.2141231545321">
        <time>2020-11-25T03:43:36.461000Z</time>
      </trkpt>
      <trkpt lat="35.93622235862187" lon="120.21397821295233">
        <time>2020-11-25T03:43:42.461000Z</time>
      </trkpt>
      <trkpt lat="35.93611766059077" lon="120.21384852385773">
        <time>2020-11-25T03:43:48.461000Z</time>
      </trkpt>
      <trkpt lat="35.936054623168886" lon="120.21377706044805">
        <time>2020-11-25T03:43:51.461000Z</time>
      </trkpt>
      <trkpt lat="35.93600046068736" lon="120.2136964912519">
        <time>2020-11-25T03:43:54.461000Z</time>
      </trkpt>
      <trkpt lat="35.93587459058117" lon="120.21357234728572">
        <time>2020-11-25T03:44:00.461000Z</time>
      </trkpt>
      <trkpt lat="35.93581314474066" lon="120.21351482896911">
        <time>2020-11-25T03:44:03.461000Z</time>
      </trkpt>
      <trkpt lat="35.93575343200764" lon="120.21345544569304">
        <time>2020-11-25T03:44:06.461000Z</time>
      </trkpt>
      <trkpt lat="35.93555653238493" lon="120.21329704427261">
        <time>2020-11-25T03:44:15.461000Z</time>
      </trkpt>
      <trkpt lat="35.93533911975124" lon="120.21319490717835">
        <time>2020-11-25T03:44:24.461000Z</time>
      </trkpt>
      <trkpt lat="35.935240309768275" lon="120.21308384399524">
        <time>2020-11-25T03:44:30.461000Z</time>
      </trkpt>
      <trkpt lat="35.935208240732536" lon="120.2130058120624">
        <time>2020-11-25T03:44:33.461000Z</time>
      </trkpt>
      <trkpt lat="35.93517197674185" lon="120.21293067249346">
        <time>2020-11-25T03:44:36.461000Z</time>
      </trkpt>
      <trkpt lat="35.93501681376086" lon="120.21264850753566">
        <time>2020-11-25T03:44:48.461000Z</time>
      </trkpt>
      <trkpt lat="35.9349625323552" lon="120.21260426720154">
        <time>2020-11-25T03:44:51.461000Z</time>
      </trkpt>
      <trkpt lat="35.93489422673676" lon="120.21245424989054">
        <time>2020-11-25T03:44:57.461000Z</time>
      </trkpt>
      <trkpt lat="35.934859119330234" lon="120.21237540139069">
        <time>2020-11-25T03:45:00.461000Z</time>
      </trkpt>
      <trkpt lat="35.934765662025775" lon="120.21218746160498">
        <time>2020-11-25T03:45:09.461000Z</time>
      </trkpt>
      <trkpt lat="35.93473972206592" lon="120.21211944637639">
        <time>2020-11-25T03:45:12.461000Z</time>
      </trkpt>
      <trkpt lat="35.93470442279515" lon="120.21204936584238">
        <time>2020-11-25T03:45:15.461000Z</time>
      </trkpt>
      <trkpt lat="35.93468113512434" lon="120.21196634031745">
        <time>2020-11-25T03:45:18.461000Z</time>
      </trkpt>
      <trkpt lat="35.93462072513456" lon="120.21180145563612">
        <time>2020-11-25T03:45:24.461000Z</time>
      </trkpt>
      <trkpt lat="35.9345795703596" lon="120.21172758520312">
        <time>2020-11-25T03:45:27.461000Z</time>
      </trkpt>
      <trkpt lat="35.9344770473962" lon="120.21159986057226">
        <time>2020-11-25T03:45:33.461000Z</time>
      </trkpt>
      <trkpt lat="35.93438676125387" lon="120.21146286189612">
        <time>2020-11-25T03:45:39.461000Z</time>
      </trkpt>
      <trkpt lat="35.93433717395186" lon="120.2113966413933">
        <time>2020-11-25T03:45:42.461000Z</time>
      </trkpt>
      <trkpt lat="35.934277601991404" lon="120.21133197604519">
        <time>2020-11-25T03:45:45.461000Z</time>
      </trkpt>
      <trkpt lat="35.934189107097126" lon="120.21117427321639">
        <time>2020-11-25T03:45:51.461000Z</time>
      </trkpt>
      <trkpt lat="35.93416609413467" lon="120.2111238540288">
        <time>2020-11-25T03:45:54.461000Z</time>
      </trkpt>
      <trkpt lat="35.93407576772018" lon="120.21097433045689">
        <time>2020-11-25T03:46:03.461000Z</time>
      </trkpt>
      <trkpt lat="35.934076461138304" lon="120.2109169221708">
        <time>2020-11-25T03:46:06.461000Z</time>
      </trkpt>
      <trkpt lat="35.93405909398031" lon="120.21085681949621">
        <time>2020-11-25T03:46:09.461000Z</time>
      </trkpt>
      <trkpt lat="35.934045990115756" lon="120.21080213298261">
        <time>2020-11-25T03:46:12.461000Z</time>
      </trkpt>
      <trkpt lat="35.93404095214797" lon="120.2107311005671">
        <time>2020-11-25T03:46:15.461000Z</time>
      </trkpt>
      <trkpt lat="35.933968735341296" lon="120.21049006333239">
        <time>2020-11-25T03:46:24.461000Z</time>
      </trkpt>
      <trkpt lat="35.93394125861745" lon="120.21040782936495">
        <time>2020-11-25T03:46:27.461000Z</time>
      </trkpt>
      <trkpt lat="35.93386935690474" lon="120.21026685796575">
        <time>2020-11-25T03:46:33.461000Z</time>
      </trkpt>
      <trkpt lat="35.93366435940708" lon="120.20980190085606">
        <time>2020-11-25T03:46:51.461000Z</time>
      </trkpt>
      <trkpt lat="35.93362340937541" lon="120.2090882848869">
        <time>2020-11-25T03:47:15.461000Z</time>
      </trkpt>
      <trkpt lat="35.93357695798652" lon="120.20901445998383">
        <time>2020-11-25T03:47:18.461000Z</time>
      </trkpt>
      <trkpt lat="35.93353176870008" lon="120.2089395283454">
        <time>2020-11-25T03:47:21.461000Z</time>
      </trkpt>
      <trkpt lat="35.93330302676442" lon="120.20839693844194">
        <time>2020-11-25T03:47:42.461000Z</time>
      </trkpt>
      <trkpt lat="35.93331161214323" lon="120.20829556491495">
        <time>2020-11-25T03:47:45.461000Z</time>
      </trkpt>
      <trkpt lat="35.93330743391998" lon="120.20818798744413">
        <time>2020-11-25T03:47:48.461000Z</time>
      </trkpt>
      <trkpt lat="35.93328847344935" lon="120.20795449263828">
        <time>2020-11-25T03:47:54.461000Z</time>
      </trkpt>
      <trkpt lat="35.933282108552504" lon="120.20784491150837">
        <time>2020-11-25T03:47:57.461000Z</time>
      </trkpt>
      <trkpt lat="35.93320767080575" lon="120.20758852677915">
        <time>2020-11-25T03:48:06.461000Z</time>
      </trkpt>
      <trkpt lat="35.93316087901771" lon="120.20750347585718">
        <time>2020-11-25T03:48:09.461000Z</time>
      </trkpt>
      <trkpt lat="35.93313784076949" lon="120.20744626083275">
        <time>2020-11-25T03:48:12.461000Z</time>
      </trkpt>
      <trkpt lat="35.933083137707285" lon="120.20734786621541">
        <time>2020-11-25T03:48:18.461000Z</time>
      </trkpt>
      <trkpt lat="35.93307162196209" lon="120.20729105137453">
        <time>2020-11-25T03:48:21.461000Z</time>
      </trkpt>
      <trkpt lat="35.93303724367594" lon="120.20724518445523">
        <time>2020-11-25T03:48:24.461000Z</time>
      </trkpt>
      <trkpt lat="35.933004321327104" lon="120.20713069667113">
        <time>2020-11-25T03:48:30.461000Z</time>
      </trkpt>
      <trkpt lat="35.93299527896098" lon="120.20708526103971">
        <time>2020-11-25T03:48:33.461000Z</time>
      </trkpt>
      <trkpt lat="35.93299390867618" lon="120.20703976631641">
        <time>2020-11-25T03:48:36.461000Z</time>
      </trkpt>
      <trkpt lat="35.932991715085265" lon="120.20700279806017">
        <time>2020-11-25T03:48:39.461000Z</time>
      </trkpt>
      <trkpt lat="35.93298185728754" lon="120.20696083294268">
        <time>2020-11-25T03:48:42.461000Z</time>
      </trkpt>
      <trkpt lat="35.93296994596095" lon="120.20692084224045">
        <time>2020-11-25T03:48:45.461000Z</time>
      </trkpt>
      <trkpt lat="35.93296089627199" lon="120.2068802834081">
        <time>2020-11-25T03:48:48.461000Z</time>
      </trkpt>
      <trkpt lat="35.93295609481633" lon="120.20684806197043">
        <time>2020-11-25T03:48:51.461000Z</time>
      </trkpt>
      <trkpt lat="35.93294895097649" lon="120.20677173226125">
        <time>2020-11-25T03:48:57.461000Z</time>
      </trkpt>
      <trkpt lat="35.932948111601775" lon="120.20673240093825">
        <time>2020-11-25T03:49:00.461000Z</time>
      </trkpt>
      <trkpt lat="35.93293261580307" lon="120.20668838131648">
        <time>2020-11-25T03:49:03.461000Z</time>
      </trkpt>
      <trkpt lat="35.93292502758549" lon="120.20664724447745">
        <time>2020-11-25T03:49:06.461000Z</time>
      </trkpt>
      <trkpt lat="35.93291263614711" lon="120.20660742361103">
        <time>2020-11-25T03:49:09.461000Z</time>
      </trkpt>
      <trkpt lat="35.93290085777494" lon="120.20656574798147">
        <time>2020-11-25T03:49:12.461000Z</time>
      </trkpt>
      <trkpt lat="35.93288844355362" lon="120.20652776211753">
        <time>2020-11-25T03:49:15.461000Z</time>
      </trkpt>
      <trkpt lat="35.93286964367193" lon="120.20644732343808">
        <time>2020-11-25T03:49:21.461000Z</time>
      </trkpt>
      <trkpt lat="35.93286258274635" lon="120.20640171931578">
        <time>2020-11-25T03:49:24.461000Z</time>
      </trkpt>
      <trkpt lat="35.932774581440526" lon="120.20625967584003">
        <time>2020-11-25T03:49:30.461000Z</time>
      </trkpt>
      <trkpt lat="35.932718099590794" lon="120.20617466708588">
        <time>2020-11-25T03:49:33.461000Z</time>
      </trkpt>
      <trkpt lat="35.932662101718584" lon="120.20611291385333">
        <time>2020-11-25T03:49:36.461000Z</time>
      </trkpt>
      <trkpt lat="35.93253743557533" lon="120.20587909406427">
        <time>2020-11-25T03:49:45.461000Z</time>
      </trkpt>
      <trkpt lat="35.932522859752325" lon="120.20579746052515">
        <time>2020-11-25T03:49:48.461000Z</time>
      </trkpt>
      <trkpt lat="35.932511669246296" lon="120.20570670295828">
        <time>2020-11-25T03:49:51.461000Z</time>
      </trkpt>
      <trkpt lat="35.9324701982189" lon="120.20552880665278">
        <time>2020-11-25T03:49:57.461000Z</time>
      </trkpt>
      <trkpt lat="35.9324165117867" lon="120.20536547926488">
        <time>2020-11-25T03:50:03.461000Z</time>
      </trkpt>
      <trkpt lat="35.93239143691001" lon="120.20528845298912">
        <time>2020-11-25T03:50:06.461000Z</time>
      </trkpt>
      <trkpt lat="35.932361334995946" lon="120.20520249150265">
        <time>2020-11-25T03:50:09.461000Z</time>
      </trkpt>
      <trkpt lat="35.93219893468194" lon="120.20487977425275">
        <time>2020-11-25T03:50:21.461000Z</time>
      </trkpt>
      <trkpt lat="35.932161909453264" lon="120.20477636225414">
        <time>2020-11-25T03:50:24.461000Z</time>
      </trkpt>
      <trkpt lat="35.93210624043207" lon="120.2046787824116">
        <time>2020-11-25T03:50:27.461000Z</time>
      </trkpt>
      <trkpt lat="35.93200389241814" lon="120.20449794380872">
        <time>2020-11-25T03:50:33.461000Z</time>
      </trkpt>
      <trkpt lat="35.93196821034104" lon="120.2043995388006">
        <time>2020-11-25T03:50:36.461000Z</time>
      </trkpt>
      <trkpt lat="35.931907747364974" lon="120.20421033895296">
        <time>2020-11-25T03:50:42.461000Z</time>
      </trkpt>
      <trkpt lat="35.9318744942214" lon="120.20411334090491">
        <time>2020-11-25T03:50:45.461000Z</time>
      </trkpt>
      <trkpt lat="35.93177566882498" lon="120.20392648236054">
        <time>2020-11-25T03:50:51.461000Z</time>
      </trkpt>
      <trkpt lat="35.93172135682705" lon="120.20365803093566">
        <time>2020-11-25T03:51:00.461000Z</time>
      </trkpt>
      <trkpt lat="35.93174692673561" lon="120.20357526896437">
        <time>2020-11-25T03:51:03.461000Z</time>
      </trkpt>
      <trkpt lat="35.93181242443766" lon="120.20340737359663">
        <time>2020-11-25T03:51:12.461000Z</time>
      </trkpt>
      <trkpt lat="35.93180782444753" lon="120.20332006243422">
        <time>2020-11-25T03:51:18.461000Z</time>
      </trkpt>
      <trkpt lat="35.93184481070935" lon="120.20323550731692">
        <time>2020-11-25T03:51:24.461000Z</time>
      </trkpt>
      <trkpt lat="35.93189414920569" lon="120.20298520786841">
        <time>2020-11-25T03:51:33.461000Z</time>
      </trkpt>
      <trkpt lat="35.93187927528419" lon="120.20289300073784">
        <time>2020-11-25T03:51:36.461000Z</time>
      </trkpt>
      <trkpt lat="35.93184961651384" lon="120.20272788172228">
        <time>2020-11-25T03:51:42.461000Z</time>
      </trkpt>
      <trkpt lat="35.93182416718797" lon="120.20264988341108">
        <time>2020-11-25T03:51:45.461000Z</time>
      </trkpt>
      <trkpt lat="35.931722160382364" lon="120.20241160938431">
        <time>2020-11-25T03:51:54.461000Z</time>
      </trkpt>
      <trkpt lat="35.93167919443059" lon="120.2023352254537">
        <time>2020-11-25T03:51:57.461000Z</time>
      </trkpt>
      <trkpt lat="35.931633702650984" lon="120.2022559697144">
        <time>2020-11-25T03:52:00.461000Z</time>
      </trkpt>
      <trkpt lat="35.93155899424887" lon="120.20208486649166">
        <time>2020-11-25T03:52:06.461000Z</time>
      </trkpt>
      <trkpt lat="35.93153247687563" lon="120.20179938902847">
        <time>2020-11-25T03:52:15.461000Z</time>
      </trkpt>
      <trkpt lat="35.93154668214833" lon="120.2015013336376">
        <time>2020-11-25T03:52:24.461000Z</time>
      </trkpt>
      <trkpt lat="35.931561156863275" lon="120.20144625470617">
        <time>2020-11-25T03:52:27.461000Z</time>
      </trkpt>
      <trkpt lat="35.93157938354011" lon="120.20138455540038">
        <time>2020-11-25T03:52:30.461000Z</time>
      </trkpt>
      <trkpt lat="35.93158039488096" lon="120.20119672115563">
        <time>2020-11-25T03:52:36.461000Z</time>
      </trkpt>
      <trkpt lat="35.931576957120186" lon="120.20109838683982">
        <time>2020-11-25T03:52:39.461000Z</time>
      </trkpt>
      <trkpt lat="35.93157926252296" lon="120.20101117089139">
        <time>2020-11-25T03:52:42.461000Z</time>
      </trkpt>
      <trkpt lat="35.93156816582186" lon="120.20083308875493">
        <time>2020-11-25T03:52:48.461000Z</time>
      </trkpt>
      <trkpt lat="35.9315840172652" lon="120.20065457104008">
        <time>2020-11-25T03:52:54.461000Z</time>
      </trkpt>
      <trkpt lat="35.931614164313245" lon="120.20055904277018">
        <time>2020-11-25T03:52:57.461000Z</time>
      </trkpt>
      <trkpt lat="35.93168730692871" lon="120.20037709136491">
        <time>2020-11-25T03:53:03.461000Z</time>
      </trkpt>
      <trkpt lat="35.93174080704671" lon="120.19999726917992">
        <time>2020-11-25T03:53:15.461000Z</time>
      </trkpt>
      <trkpt lat="35.931765737814885" lon="120.1998042482737">
        <time>2020-11-25T03:53:21.461000Z</time>
      </trkpt>
      <trkpt lat="35.93177833773144" lon="120.19965772027314">
        <time>2020-11-25T03:53:27.461000Z</time>
      </trkpt>
      <trkpt lat="35.93181530906061" lon="120.19950239085914">
        <time>2020-11-25T03:53:33.461000Z</time>
      </trkpt>
      <trkpt lat="35.93184121336481" lon="120.19943858118505">
        <time>2020-11-25T03:53:36.461000Z</time>
      </trkpt>
      <trkpt lat="35.9318429098577" lon="120.19938763151126">
        <time>2020-11-25T03:53:39.461000Z</time>
      </trkpt>
      <trkpt lat="35.93195244777347" lon="120.1991806420341">
        <time>2020-11-25T03:53:48.461000Z</time>
      </trkpt>
      <trkpt lat="35.932002028316276" lon="120.19892229997453">
        <time>2020-11-25T03:53:57.461000Z</time>
      </trkpt>
      <trkpt lat="35.93200476862924" lon="120.1987576974207">
        <time>2020-11-25T03:54:03.461000Z</time>
      </trkpt>
      <trkpt lat="35.9320121348005" lon="120.19867873201353">
        <time>2020-11-25T03:54:06.461000Z</time>
      </trkpt>
      <trkpt lat="35.93201898538945" lon="120.19833320777408">
        <time>2020-11-25T03:54:18.461000Z</time>
      </trkpt>
      <trkpt lat="35.93200845614564" lon="120.19823751119462">
        <time>2020-11-25T03:54:21.461000Z</time>
      </trkpt>
      <trkpt lat="35.932005571291285" lon="120.19814046949382">
        <time>2020-11-25T03:54:24.461000Z</time>
      </trkpt>
      <trkpt lat="35.93199957089656" lon="120.19792950693426">
        <time>2020-11-25T03:54:30.461000Z</time>
      </trkpt>
      <trkpt lat="35.932001125343916" lon="120.19782214700744">
        <time>2020-11-25T03:54:33.461000Z</time>
      </trkpt>
      <trkpt lat="35.932010199533856" lon="120.1977103312854">
        <time>2020-11-25T03:54:36.461000Z</time>
      </trkpt>
      <trkpt lat="35.931984205409094" lon="120.19749360599954">
        <time>2020-11-25T03:54:42.461000Z</time>
      </trkpt>
      <trkpt lat="35.93192451441842" lon="120.19728792558315">
        <time>2020-11-25T03:54:48.461000Z</time>
      </trkpt>
      <trkpt lat="35.93187916015781" lon="120.19720251711064">
        <time>2020-11-25T03:54:51.461000Z</time>
      </trkpt>
      <trkpt lat="35.931754736001196" lon="120.19705335267999">
        <time>2020-11-25T03:54:57.461000Z</time>
      </trkpt>
      <trkpt lat="35.93167645005632" lon="120.19701054393617">
        <time>2020-11-25T03:55:00.461000Z</time>
      </trkpt>
      <trkpt lat="35.93160513996705" lon="120.19695381758575">
        <time>2020-11-25T03:55:03.461000Z</time>
      </trkpt>
      <trkpt lat="35.931386190852145" lon="120.19680550283223">
        <time>2020-11-25T03:55:12.461000Z</time>
      </trkpt>
      <trkpt lat="35.931184934254084" lon="120.19667005145395">
        <time>2020-11-25T03:55:21.461000Z</time>
      </trkpt>
      <trkpt lat="35.93096954679169" lon="120.19658505747572">
        <time>2020-11-25T03:55:30.461000Z</time>
      </trkpt>
      <trkpt lat="35.930814761861896" lon="120.19662284997527">
        <time>2020-11-25T03:55:36.461000Z</time>
      </trkpt>
      <trkpt lat="35.93059272786548" lon="120.19665022774329">
        <time>2020-11-25T03:55:45.461000Z</time>
      </trkpt>
      <trkpt lat="35.93050840746246" lon="120.19666114735345">
        <time>2020-11-25T03:55:48.461000Z</time>
      </trkpt>
      <trkpt lat="35.930420741293574" lon="120.19668644348044">
        <time>2020-11-25T03:55:51.461000Z</time>
      </trkpt>
      <trkpt lat="35.93007436494195" lon="120.19663340167435">
        <time>2020-11-25T03:56:03.461000Z</time>
      </trkpt>
      <trkpt lat="35.929988137375" lon="120.19660778090788">
        <time>2020-11-25T03:56:06.461000Z</time>
      </trkpt>
      <trkpt lat="35.929816499905094" lon="120.19657531305239">
        <time>2020-11-25T03:56:12.461000Z</time>
      </trkpt>
      <trkpt lat="35.92973402585599" lon="120.196559752409">
        <time>2020-11-25T03:56:15.461000Z</time>
      </trkpt>
      <trkpt lat="35.92965378128601" lon="120.19654482008177">
        <time>2020-11-25T03:56:18.461000Z</time>
      </trkpt>
      <trkpt lat="35.92949714602122" lon="120.19653057880981">
        <time>2020-11-25T03:56:24.461000Z</time>
      </trkpt>
      <trkpt lat="35.929415669455715" lon="120.19651085080062">
        <time>2020-11-25T03:56:27.461000Z</time>
      </trkpt>
      <trkpt lat="35.92932488242526" lon="120.1964784999253">
        <time>2020-11-25T03:56:30.461000Z</time>
      </trkpt>
      <trkpt lat="35.92915302989566" lon="120.19639133669838">
        <time>2020-11-25T03:56:39.461000Z</time>
      </trkpt>
      <trkpt lat="35.92910869507841" lon="120.19637607862933">
        <time>2020-11-25T03:56:45.461000Z</time>
      </trkpt>
      <trkpt lat="35.929057100700874" lon="120.19638252458869">
        <time>2020-11-25T03:56:48.461000Z</time>
      </trkpt>
      <trkpt lat="35.92899333291907" lon="120.19637187091598">
        <time>2020-11-25T03:56:51.461000Z</time>
      </trkpt>
      <trkpt lat="35.92894115571085" lon="120.19636834682908">
        <time>2020-11-25T03:56:54.461000Z</time>
      </trkpt>
      <trkpt lat="35.928783797821495" lon="120.19632672795407">
        <time>2020-11-25T03:57:00.461000Z</time>
      </trkpt>
      <trkpt lat="35.928710096376605" lon="120.19632247413088">
        <time>2020-11-25T03:57:03.461000Z</time>
      </trkpt>
      <trkpt lat="35.92849848426912" lon="120.19613736272535">
        <time>2020-11-25T03:57:15.461000Z</time>
      </trkpt>
      <trkpt lat="35.92849602431974" lon="120.19603935799697">
        <time>2020-11-25T03:57:18.461000Z</time>
      </trkpt>
      <trkpt lat="35.92863728068183" lon="120.19578120991076">
        <time>2020-11-25T03:57:36.461000Z</time>
      </trkpt>
      <trkpt lat="35.92863386813078" lon="120.19577644400108">
        <time>2020-11-25T03:57:39.461000Z</time>
      </trkpt>
      <trkpt lat="35.92862098206273" lon="120.19577230534448">
        <time>2020-11-25T03:57:42.461000Z</time>
      </trkpt>
      <trkpt lat="35.928609754009045" lon="120.19576381996944">
        <time>2020-11-25T03:57:45.461000Z</time>
      </trkpt>
      <trkpt lat="35.92860270262512" lon="120.1957635800598">
        <time>2020-11-25T03:57:48.461000Z</time>
      </trkpt>
      <trkpt lat="35.92860157365671" lon="120.1957742776399">
        <time>2020-11-25T03:57:51.461000Z</time>
      </trkpt>
      <trkpt lat="35.928584045791325" lon="120.19578194290672">
        <time>2020-11-25T03:57:54.461000Z</time>
      </trkpt>
      <trkpt lat="35.92857889301413" lon="120.19577132452063">
        <time>2020-11-25T03:57:57.461000Z</time>
      </trkpt>
      <trkpt lat="35.92857421341994" lon="120.19577040687186">
        <time>2020-11-25T03:58:00.461000Z</time>
      </trkpt>
      <trkpt lat="35.92857348438264" lon="120.19576974879435">
        <time>2020-11-25T03:58:03.461000Z</time>
      </trkpt>
      <trkpt lat="35.92856937604863" lon="120.19576819312451">
        <time>2020-11-25T03:58:06.461000Z</time>
      </trkpt>
      <trkpt lat="35.92856489572197" lon="120.19576772413826">
        <time>2020-11-25T03:58:09.461000Z</time>
      </trkpt>
      <trkpt lat="35.92856105840451" lon="120.19577135283045">
        <time>2020-11-25T03:58:12.461000Z</time>
      </trkpt>
      <trkpt lat="35.92855834964469" lon="120.19577024593072">
        <time>2020-11-25T03:58:15.461000Z</time>
      </trkpt>
      <trkpt lat="35.92855878607573" lon="120.19576662690342">
        <time>2020-11-25T03:58:18.461000Z</time>
      </trkpt>
      <trkpt lat="35.92855422030597" lon="120.19576353583123">
        <time>2020-11-25T03:58:21.461000Z</time>
      </trkpt>
      <trkpt lat="35.92857596099752" lon="120.1957605966672">
        <time>2020-11-25T03:58:24.461000Z</time>
      </trkpt>
      <trkpt lat="35.92858513501316" lon="120.1957596403818">
        <time>2020-11-25T03:58:27.461000Z</time>
      </trkpt>
      <trkpt lat="35.92859360446133" lon="120.1957611964426">
        <time>2020-11-25T03:58:30.461000Z</time>
      </trkpt>
      <trkpt lat="35.92859658625045" lon="120.19576060848723">
        <time>2020-11-25T03:58:33.461000Z</time>
      </trkpt>
      <trkpt lat="35.9286170398818" lon="120.19576725026157">
        <time>2020-11-25T03:58:36.461000Z</time>
      </trkpt>
      <trkpt lat="35.92865432145147" lon="120.19577180984112">
        <time>2020-11-25T03:58:39.461000Z</time>
      </trkpt>
      <trkpt lat="35.92869819116232" lon="120.19577267118613">
        <time>2020-11-25T03:58:42.461000Z</time>
      </trkpt>
      <trkpt lat="35.92877061569329" lon="120.19578640621046">
        <time>2020-11-25T03:58:48.461000Z</time>
      </trkpt>
      <trkpt lat="35.928800464173655" lon="120.19580883116014">
        <time>2020-11-25T03:58:51.461000Z</time>
      </trkpt>
      <trkpt lat="35.92882084077169" lon="120.19584241157936">
        <time>2020-11-25T03:58:54.461000Z</time>
      </trkpt>
      <trkpt lat="35.92890955773296" lon="120.19585714507234">
        <time>2020-11-25T03:59:00.461000Z</time>
      </trkpt>
      <trkpt lat="35.92906508409515" lon="120.19588773670397">
        <time>2020-11-25T03:59:06.461000Z</time>
      </trkpt>
      <trkpt lat="35.92913815130595" lon="120.19591150153978">
        <time>2020-11-25T03:59:09.461000Z</time>
      </trkpt>
      <trkpt lat="35.92921582679505" lon="120.19593693177455">
        <time>2020-11-25T03:59:12.461000Z</time>
      </trkpt>
      <trkpt lat="35.929366214249434" lon="120.1959890978944">
        <time>2020-11-25T03:59:18.461000Z</time>
      </trkpt>
      <trkpt lat="35.9295328162544" lon="120.19600661005187">
        <time>2020-11-25T03:59:24.461000Z</time>
      </trkpt>
      <trkpt lat="35.92969808835771" lon="120.19604682362484">
        <time>2020-11-25T03:59:30.461000Z</time>
      </trkpt>
      <trkpt lat="35.929772835657275" lon="120.19609376878748">
        <time>2020-11-25T03:59:33.461000Z</time>
      </trkpt>
      <trkpt lat="35.92984994306156" lon="120.19612952792139">
        <time>2020-11-25T03:59:36.461000Z</time>
      </trkpt>
      <trkpt lat="35.93002834378719" lon="120.19618972255653">
        <time>2020-11-25T03:59:42.461000Z</time>
      </trkpt>
      <trkpt lat="35.93011091367467" lon="120.19623062674687">
        <time>2020-11-25T03:59:45.461000Z</time>
      </trkpt>
      <trkpt lat="35.930179133801545" lon="120.19625780102973">
        <time>2020-11-25T03:59:48.461000Z</time>
      </trkpt>
      <trkpt lat="35.93032018068267" lon="120.19633204016691">
        <time>2020-11-25T03:59:54.461000Z</time>
      </trkpt>
      <trkpt lat="35.9303932994792" lon="120.19636647309454">
        <time>2020-11-25T03:59:57.461000Z</time>
      </trkpt>
      <trkpt lat="35.930539530323045" lon="120.19640470120102">
        <time>2020-11-25T04:00:03.461000Z</time>
      </trkpt>
      <trkpt lat="35.93078342785339" lon="120.19639006717834">
        <time>2020-11-25T04:00:12.461000Z</time>
      </trkpt>
      <trkpt lat="35.93087734637943" lon="120.19639316630018">
        <time>2020-11-25T04:00:15.461000Z</time>
      </trkpt>
      <trkpt lat="35.93102755277424" lon="120.19634242254357">
        <time>2020-11-25T04:00:21.461000Z</time>
      </trkpt>
      <trkpt lat="35.931103523906266" lon="120.19631837178439">
        <time>2020-11-25T04:00:24.461000Z</time>
      </trkpt>
      <trkpt lat="35.9312578080205" lon="120.19629831605127">
        <time>2020-11-25T04:00:30.461000Z</time>
      </trkpt>
      <trkpt lat="35.931362400743865" lon="120.1962890433829">
        <time>2020-11-25T04:00:36.461000Z</time>
      </trkpt>
      <trkpt lat="35.9314371886282" lon="120.1962781927871">
        <time>2020-11-25T04:00:42.461000Z</time>
      </trkpt>
      <trkpt lat="35.93148784706593" lon="120.19627499696885">
        <time>2020-11-25T04:00:45.461000Z</time>
      </trkpt>
      <trkpt lat="35.93155170832984" lon="120.1962893594608">
        <time>2020-11-25T04:00:48.461000Z</time>
      </trkpt>
      <trkpt lat="35.93162194814748" lon="120.19630548721506">
        <time>2020-11-25T04:00:51.461000Z</time>
      </trkpt>
      <trkpt lat="35.931762169734" lon="120.19634233887868">
        <time>2020-11-25T04:00:57.461000Z</time>
      </trkpt>
      <trkpt lat="35.93183252961963" lon="120.19637571474463">
        <time>2020-11-25T04:01:00.461000Z</time>
      </trkpt>
      <trkpt lat="35.931985109039445" lon="120.19643866903154">
        <time>2020-11-25T04:01:06.461000Z</time>
      </trkpt>
      <trkpt lat="35.93206238798151" lon="120.19645634281373">
        <time>2020-11-25T04:01:09.461000Z</time>
      </trkpt>
      <trkpt lat="35.93213209667334" lon="120.1964960995032">
        <time>2020-11-25T04:01:12.461000Z</time>
      </trkpt>
      <trkpt lat="35.93240875605902" lon="120.19677349089332">
        <time>2020-11-25T04:01:27.461000Z</time>
      </trkpt>
      <trkpt lat="35.9324153366169" lon="120.19686658210362">
        <time>2020-11-25T04:01:30.461000Z</time>
      </trkpt>
      <trkpt lat="35.9324803233064" lon="120.19714426558693">
        <time>2020-11-25T04:01:39.461000Z</time>
      </trkpt>
      <trkpt lat="35.932497362699124" lon="120.19725147616182">
        <time>2020-11-25T04:01:42.461000Z</time>
      </trkpt>
      <trkpt lat="35.93253968131713" lon="120.19745008599284">
        <time>2020-11-25T04:01:48.461000Z</time>
      </trkpt>
      <trkpt lat="35.93255464683126" lon="120.19748976875569">
        <time>2020-11-25T04:01:51.461000Z</time>
      </trkpt>
      <trkpt lat="35.932564171328416" lon="120.19754669954293">
        <time>2020-11-25T04:01:54.461000Z</time>
      </trkpt>
      <trkpt lat="35.932575010945854" lon="120.19758342085478">
        <time>2020-11-25T04:01:57.461000Z</time>
      </trkpt>
      <trkpt lat="35.93258694754234" lon="120.19763953440588">
        <time>2020-11-25T04:02:00.461000Z</time>
      </trkpt>
      <trkpt lat="35.932646508927114" lon="120.1978397824589">
        <time>2020-11-25T04:02:09.461000Z</time>
      </trkpt>
      <trkpt lat="35.932623842319316" lon="120.19798032170847">
        <time>2020-11-25T04:02:15.461000Z</time>
      </trkpt>
      <trkpt lat="35.93260692085645" lon="120.19804291383544">
        <time>2020-11-25T04:02:18.461000Z</time>
      </trkpt>
      <trkpt lat="35.93258949149076" lon="120.1981334727959">
        <time>2020-11-25T04:02:21.461000Z</time>
      </trkpt>
      <trkpt lat="35.93256929878835" lon="120.19830761327572">
        <time>2020-11-25T04:02:27.461000Z</time>
      </trkpt>
      <trkpt lat="35.93255729649248" lon="120.19838919986415">
        <time>2020-11-25T04:02:30.461000Z</time>
      </trkpt>
      <trkpt lat="35.93253202095527" lon="120.19847077543166">
        <time>2020-11-25T04:02:33.461000Z</time>
      </trkpt>
      <trkpt lat="35.93247887377594" lon="120.19863731670439">
        <time>2020-11-25T04:02:39.461000Z</time>
      </trkpt>
      <trkpt lat="35.93243856561958" lon="120.19871838285697">
        <time>2020-11-25T04:02:42.461000Z</time>
      </trkpt>
      <trkpt lat="35.93229231287143" lon="120.19902790379201">
        <time>2020-11-25T04:02:54.461000Z</time>
      </trkpt>
      <trkpt lat="35.932253816994894" lon="120.19912000817769">
        <time>2020-11-25T04:02:57.461000Z</time>
      </trkpt>
      <trkpt lat="35.932217917404735" lon="120.19927979324461">
        <time>2020-11-25T04:03:03.461000Z</time>
      </trkpt>
      <trkpt lat="35.93219885626574" lon="120.19936632630564">
        <time>2020-11-25T04:03:06.461000Z</time>
      </trkpt>
      <trkpt lat="35.93218225523734" lon="120.19945323863325">
        <time>2020-11-25T04:03:09.461000Z</time>
      </trkpt>
      <trkpt lat="35.93215936456701" lon="120.19962208934844">
        <time>2020-11-25T04:03:15.461000Z</time>
      </trkpt>
      <trkpt lat="35.93206744710723" lon="120.20013011885469">
        <time>2020-11-25T04:03:33.461000Z</time>
      </trkpt>
      <trkpt lat="35.931963785813295" lon="120.20055744882497">
        <time>2020-11-25T04:03:48.461000Z</time>
      </trkpt>
      <trkpt lat="35.931969875513374" lon="120.20066044852979">
        <time>2020-11-25T04:03:51.461000Z</time>
      </trkpt>
      <trkpt lat="35.931950803866336" lon="120.20086264694176">
        <time>2020-11-25T04:03:57.461000Z</time>
      </trkpt>
      <trkpt lat="35.931934743299486" lon="120.20096877626416">
        <time>2020-11-25T04:04:00.461000Z</time>
      </trkpt>
      <trkpt lat="35.931940180161945" lon="120.20106781840224">
        <time>2020-11-25T04:04:03.461000Z</time>
      </trkpt>
      <trkpt lat="35.93189998974578" lon="120.20126089333337">
        <time>2020-11-25T04:04:09.461000Z</time>
      </trkpt>
      <trkpt lat="35.93187923551497" lon="120.20135085017363">
        <time>2020-11-25T04:04:12.461000Z</time>
      </trkpt>
      <trkpt lat="35.93196180955406" lon="120.20170011488567">
        <time>2020-11-25T04:04:24.461000Z</time>
      </trkpt>
      <trkpt lat="35.932160320437625" lon="120.20219250991924">
        <time>2020-11-25T04:04:42.461000Z</time>
      </trkpt>
      <trkpt lat="35.93220689471596" lon="120.20238030300428">
        <time>2020-11-25T04:04:48.461000Z</time>
      </trkpt>
      <trkpt lat="35.93221977756002" lon="120.2024845441763">
        <time>2020-11-25T04:04:51.461000Z</time>
      </trkpt>
      <trkpt lat="35.93223059111035" lon="120.20258815723284">
        <time>2020-11-25T04:04:54.461000Z</time>
      </trkpt>
      <trkpt lat="35.93232647622509" lon="120.20292536809347">
        <time>2020-11-25T04:05:06.461000Z</time>
      </trkpt>
      <trkpt lat="35.93234074271257" lon="120.20302209230806">
        <time>2020-11-25T04:05:09.461000Z</time>
      </trkpt>
      <trkpt lat="35.93237944918109" lon="120.20319679593342">
        <time>2020-11-25T04:05:15.461000Z</time>
      </trkpt>
      <trkpt lat="35.93240169067231" lon="120.20327345882772">
        <time>2020-11-25T04:05:18.461000Z</time>
      </trkpt>
      <trkpt lat="35.93243130040554" lon="120.20335243592291">
        <time>2020-11-25T04:05:21.461000Z</time>
      </trkpt>
      <trkpt lat="35.93249349704377" lon="120.20350664153774">
        <time>2020-11-25T04:05:27.461000Z</time>
      </trkpt>
      <trkpt lat="35.93268031708818" lon="120.20363520195707">
        <time>2020-11-25T04:05:36.461000Z</time>
      </trkpt>
      <trkpt lat="35.93294589776123" lon="120.2038132790309">
        <time>2020-11-25T04:05:51.461000Z</time>
      </trkpt>
      <trkpt lat="35.93298077406027" lon="120.2039891724187">
        <time>2020-11-25T04:05:57.461000Z</time>
      </trkpt>
      <trkpt lat="35.93296656811598" lon="120.204084171567">
        <time>2020-11-25T04:06:00.461000Z</time>
      </trkpt>
      <trkpt lat="35.93296112600965" lon="120.20417827427389">
        <time>2020-11-25T04:06:03.461000Z</time>
      </trkpt>
      <trkpt lat="35.93287438051751" lon="120.20453735052732">
        <time>2020-11-25T04:06:15.461000Z</time>
      </trkpt>
      <trkpt lat="35.93286403178788" lon="120.20477373261463">
        <time>2020-11-25T04:06:24.461000Z</time>
      </trkpt>
      <trkpt lat="35.932877040033105" lon="120.20483988737841">
        <time>2020-11-25T04:06:27.461000Z</time>
      </trkpt>
      <trkpt lat="35.932880156546645" lon="120.20491191483897">
        <time>2020-11-25T04:06:30.461000Z</time>
      </trkpt>
      <trkpt lat="35.93290098271161" lon="120.20506916438995">
        <time>2020-11-25T04:06:36.461000Z</time>
      </trkpt>
      <trkpt lat="35.93295097868067" lon="120.20533927064">
        <time>2020-11-25T04:06:48.461000Z</time>
      </trkpt>
      <trkpt lat="35.93297158308066" lon="120.20541592765264">
        <time>2020-11-25T04:06:51.461000Z</time>
      </trkpt>
      <trkpt lat="35.93298525311948" lon="120.20550067156293">
        <time>2020-11-25T04:06:54.461000Z</time>
      </trkpt>
      <trkpt lat="35.93304730856085" lon="120.20564079514882">
        <time>2020-11-25T04:07:00.461000Z</time>
      </trkpt>
      <trkpt lat="35.93308233802193" lon="120.20571686571301">
        <time>2020-11-25T04:07:03.461000Z</time>
      </trkpt>
      <trkpt lat="35.933113884528936" lon="120.20580709659728">
        <time>2020-11-25T04:07:06.461000Z</time>
      </trkpt>
      <trkpt lat="35.93317649354819" lon="120.20598396898457">
        <time>2020-11-25T04:07:12.461000Z</time>
      </trkpt>
      <trkpt lat="35.93326389713094" lon="120.20612390719045">
        <time>2020-11-25T04:07:18.461000Z</time>
      </trkpt>
      <trkpt lat="35.933557472351985" lon="120.20647669361976">
        <time>2020-11-25T04:07:33.461000Z</time>
      </trkpt>
      <trkpt lat="35.93359539031143" lon="120.20654862763828">
        <time>2020-11-25T04:07:36.461000Z</time>
      </trkpt>
      <trkpt lat="35.933656216460804" lon="120.20671594987661">
        <time>2020-11-25T04:07:42.461000Z</time>
      </trkpt>
      <trkpt lat="35.93368267497579" lon="120.2068052952237">
        <time>2020-11-25T04:07:45.461000Z</time>
      </trkpt>
      <trkpt lat="35.933767753248105" lon="120.2069628577564">
        <time>2020-11-25T04:07:51.461000Z</time>
      </trkpt>
      <trkpt lat="35.93379869094973" lon="120.20704079556899">
        <time>2020-11-25T04:07:54.461000Z</time>
      </trkpt>
      <trkpt lat="35.93382724357728" lon="120.20720626232122">
        <time>2020-11-25T04:08:00.461000Z</time>
      </trkpt>
      <trkpt lat="35.93383386193032" lon="120.20728655202065">
        <time>2020-11-25T04:08:03.461000Z</time>
      </trkpt>
      <trkpt lat="35.93383002733828" lon="120.20737365225257">
        <time>2020-11-25T04:08:06.461000Z</time>
      </trkpt>
      <trkpt lat="35.93384561164304" lon="120.20754975023979">
        <time>2020-11-25T04:08:12.461000Z</time>
      </trkpt>
      <trkpt lat="35.93389316904494" lon="120.20772301971581">
        <time>2020-11-25T04:08:18.461000Z</time>
      </trkpt>
      <trkpt lat="35.93403226872172" lon="120.20807501031295">
        <time>2020-11-25T04:08:30.461000Z</time>
      </trkpt>
      <trkpt lat="35.934051802420555" lon="120.20816155611064">
        <time>2020-11-25T04:08:33.461000Z</time>
      </trkpt>
      <trkpt lat="35.934069536309686" lon="120.2082543948314">
        <time>2020-11-25T04:08:36.461000Z</time>
      </trkpt>
      <trkpt lat="35.934103112615944" lon="120.2084411200068">
        <time>2020-11-25T04:08:42.461000Z</time>
      </trkpt>
      <trkpt lat="35.93411323123092" lon="120.2085498456823">
        <time>2020-11-25T04:08:45.461000Z</time>
      </trkpt>
      <trkpt lat="35.934119686984985" lon="120.20866003740134">
        <time>2020-11-25T04:08:48.461000Z</time>
      </trkpt>
      <trkpt lat="35.934106691691014" lon="120.20903476258694">
        <time>2020-11-25T04:09:00.461000Z</time>
      </trkpt>
      <trkpt lat="35.93411732671789" lon="120.20916037467924">
        <time>2020-11-25T04:09:06.461000Z</time>
      </trkpt>
      <trkpt lat="35.93413614681128" lon="120.20921042148444">
        <time>2020-11-25T04:09:09.461000Z</time>
      </trkpt>
      <trkpt lat="35.93416307254991" lon="120.20929165512302">
        <time>2020-11-25T04:09:12.461000Z</time>
      </trkpt>
      <trkpt lat="35.934299811081296" lon="120.20962557015696">
        <time>2020-11-25T04:09:24.461000Z</time>
      </trkpt>
      <trkpt lat="35.93434417063222" lon="120.20970098196321">
        <time>2020-11-25T04:09:27.461000Z</time>
      </trkpt>
      <trkpt lat="35.9344456592588" lon="120.20998342539446">
        <time>2020-11-25T04:09:36.461000Z</time>
      </trkpt>
      <trkpt lat="35.9345726465254" lon="120.21023157484916">
        <time>2020-11-25T04:09:45.461000Z</time>
      </trkpt>
      <trkpt lat="35.934621447618696" lon="120.2103074372358">
        <time>2020-11-25T04:09:48.461000Z</time>
      </trkpt>
      <trkpt lat="35.93473859354502" lon="120.21057667231183">
        <time>2020-11-25T04:09:57.461000Z</time>
      </trkpt>
      <trkpt lat="35.93476381893719" lon="120.21066651633205">
        <time>2020-11-25T04:10:00.461000Z</time>
      </trkpt>
      <trkpt lat="35.93478776572092" lon="120.21074844145271">
        <time>2020-11-25T04:10:03.461000Z</time>
      </trkpt>
      <trkpt lat="35.934884721461046" lon="120.21096104789274">
        <time>2020-11-25T04:10:12.461000Z</time>
      </trkpt>
      <trkpt lat="35.934934275956635" lon="120.21102870370446">
        <time>2020-11-25T04:10:15.461000Z</time>
      </trkpt>
      <trkpt lat="35.9350290909976" lon="120.21117315129901">
        <time>2020-11-25T04:10:21.461000Z</time>
      </trkpt>
      <trkpt lat="35.935063904696484" lon="120.21125981620258">
        <time>2020-11-25T04:10:24.461000Z</time>
      </trkpt>
      <trkpt lat="35.93510638115647" lon="120.21133214970895">
        <time>2020-11-25T04:10:27.461000Z</time>
      </trkpt>
      <trkpt lat="35.935199425405145" lon="120.21149846112442">
        <time>2020-11-25T04:10:33.461000Z</time>
      </trkpt>
      <trkpt lat="35.93524591316874" lon="120.21159180045625">
        <time>2020-11-25T04:10:36.461000Z</time>
      </trkpt>
      <trkpt lat="35.93529384582171" lon="120.21167514636106">
        <time>2020-11-25T04:10:39.461000Z</time>
      </trkpt>
      <trkpt lat="35.93543844245984" lon="120.21202524436553">
        <time>2020-11-25T04:10:51.461000Z</time>
      </trkpt>
      <trkpt lat="35.93552726482241" lon="120.21218004898952">
        <time>2020-11-25T04:10:57.461000Z</time>
      </trkpt>
      <trkpt lat="35.935568041546155" lon="120.2122530527011">
        <time>2020-11-25T04:11:00.461000Z</time>
      </trkpt>
      <trkpt lat="35.93560105424067" lon="120.21231348854502">
        <time>2020-11-25T04:11:03.461000Z</time>
      </trkpt>
      <trkpt lat="35.93569940970215" lon="120.21243319649301">
        <time>2020-11-25T04:11:09.461000Z</time>
      </trkpt>
      <trkpt lat="35.9357572550945" lon="120.21248926622606">
        <time>2020-11-25T04:11:12.461000Z</time>
      </trkpt>
      <trkpt lat="35.935830643805666" lon="120.21255290783016">
        <time>2020-11-25T04:11:18.461000Z</time>
      </trkpt>
      <trkpt lat="35.93585111204915" lon="120.21265008802388">
        <time>2020-11-25T04:11:24.461000Z</time>
      </trkpt>
      <trkpt lat="35.93588152123095" lon="120.21273432287263">
        <time>2020-11-25T04:11:27.461000Z</time>
      </trkpt>
      <trkpt lat="35.93602094555971" lon="120.21294162014613">
        <time>2020-11-25T04:11:36.461000Z</time>
      </trkpt>
      <trkpt lat="35.93606728333674" lon="120.21300872134759">
        <time>2020-11-25T04:11:39.461000Z</time>
      </trkpt>
      <trkpt lat="35.93611552900906" lon="120.21307059631854">
        <time>2020-11-25T04:11:42.461000Z</time>
      </trkpt>
      <trkpt lat="35.93621944766798" lon="120.21320499991742">
        <time>2020-11-25T04:11:48.461000Z</time>
      </trkpt>
      <trkpt lat="35.93632295071251" lon="120.21332930996354">
        <time>2020-11-25T04:11:54.461000Z</time>
      </trkpt>
      <trkpt lat="35.93641311427743" lon="120.21345110576294">
        <time>2020-11-25T04:12:00.461000Z</time>
      </trkpt>
      <trkpt lat="35.93646659034378" lon="120.21349971605107">
        <time>2020-11-25T04:12:03.461000Z</time>
      </trkpt>
      <trkpt lat="35.936523564491154" lon="120.21355039144547">
        <time>2020-11-25T04:12:06.461000Z</time>
      </trkpt>
      <trkpt lat="35.93663843355273" lon="120.213673207728">
        <time>2020-11-25T04:12:12.461000Z</time>
      </trkpt>
      <trkpt lat="35.936697670281376" lon="120.21373707992686">
        <time>2020-11-25T04:12:15.461000Z</time>
      </trkpt>
      <trkpt lat="35.93675749227153" lon="120.21380457307808">
        <time>2020-11-25T04:12:18.461000Z</time>
      </trkpt>
      <trkpt lat="35.936924277104644" lon="120.21399878333445">
        <time>2020-11-25T04:12:27.461000Z</time>
      </trkpt>
      <trkpt lat="35.93703676206333" lon="120.21416901084936">
        <time>2020-11-25T04:12:33.461000Z</time>
      </trkpt>
      <trkpt lat="35.937395274511765" lon="120.21440168323463">
        <time>2020-11-25T04:12:48.461000Z</time>
      </trkpt>
      <trkpt lat="35.93756237661013" lon="120.21448241399467">
        <time>2020-11-25T04:12:54.461000Z</time>
      </trkpt>
      <trkpt lat="35.93764794444694" lon="120.21450716907673">
        <time>2020-11-25T04:12:57.461000Z</time>
      </trkpt>
      <trkpt lat="35.93786940324726" lon="120.2146521428887">
        <time>2020-11-25T04:13:06.461000Z</time>
      </trkpt>
      <trkpt lat="35.938087649379966" lon="120.21479149127836">
        <time>2020-11-25T04:13:15.461000Z</time>
      </trkpt>
      <trkpt lat="35.938161346102035" lon="120.21482240007117">
        <time>2020-11-25T04:13:18.461000Z</time>
      </trkpt>
      <trkpt lat="35.938235217893194" lon="120.21487182235236">
        <time>2020-11-25T04:13:21.461000Z</time>
      </trkpt>
      <trkpt lat="35.93837190189136" lon="120.2149461776822">
        <time>2020-11-25T04:13:27.461000Z</time>
      </trkpt>
      <trkpt lat="35.93843739318208" lon="120.21498710075855">
        <time>2020-11-25T04:13:30.461000Z</time>
      </trkpt>
      <trkpt lat="35.93865348802443" lon="120.21505349344268">
        <time>2020-11-25T04:13:39.461000Z</time>
      </trkpt>
      <trkpt lat="35.938734442997394" lon="120.21507976478466">
        <time>2020-11-25T04:13:42.461000Z</time>
      </trkpt>
      <trkpt lat="35.938823745896364" lon="120.21509426640063">
        <time>2020-11-25T04:13:45.461000Z</time>
      </trkpt>
      <trkpt lat="35.9389456076121" lon="120.21510828214944">
        <time>2020-11-25T04:13:51.461000Z</time>
      </trkpt>
      <trkpt lat="35.93898899847014" lon="120.21510829599013">
        <time>2020-11-25T04:13:57.461000Z</time>
      </trkpt>
      <trkpt lat="35.93901600888416" lon="120.21511302654532">
        <time>2020-11-25T04:14:00.461000Z</time>
      </trkpt>
      <trkpt lat="35.93904721438139" lon="120.21509987230559">
        <time>2020-11-25T04:14:03.461000Z</time>
      </trkpt>
      <trkpt lat="35.939112232764245" lon="120.2150834393128">
        <time>2020-11-25T04:14:06.461000Z</time>
      </trkpt>
      <trkpt lat="35.93932526815726" lon="120.21498533449574">
        <time>2020-11-25T04:14:15.461000Z</time>
      </trkpt>
      <trkpt lat="35.93940359495404" lon="120.21496516214681">
        <time>2020-11-25T04:14:18.461000Z</time>
      </trkpt>
      <trkpt lat="35.93947678167426" lon="120.2149366802286">
        <time>2020-11-25T04:14:21.461000Z</time>
      </trkpt>
      <trkpt lat="35.9396372281656" lon="120.21488751811664">
        <time>2020-11-25T04:14:27.461000Z</time>
      </trkpt>
      <trkpt lat="35.93971522747436" lon="120.21485804918584">
        <time>2020-11-25T04:14:30.461000Z</time>
      </trkpt>
      <trkpt lat="35.939793701949206" lon="120.21483226106596">
        <time>2020-11-25T04:14:33.461000Z</time>
      </trkpt>
      <trkpt lat="35.93994303890918" lon="120.21478817535598">
        <time>2020-11-25T04:14:39.461000Z</time>
      </trkpt>
      <trkpt lat="35.94000874689931" lon="120.2147722413427">
        <time>2020-11-25T04:14:42.461000Z</time>
      </trkpt>
      <trkpt lat="35.94007990287008" lon="120.21475142013362">
        <time>2020-11-25T04:14:45.461000Z</time>
      </trkpt>
      <trkpt lat="35.940229292758445" lon="120.21471262122607">
        <time>2020-11-25T04:14:51.461000Z</time>
      </trkpt>
      <trkpt lat="35.940305745889994" lon="120.21468751134307">
        <time>2020-11-25T04:14:54.461000Z</time>
      </trkpt>
      <trkpt lat="35.94037615707437" lon="120.2146701115003">
        <time>2020-11-25T04:14:57.461000Z</time>
      </trkpt>
      <trkpt lat="35.94056529167294" lon="120.21456153236979">
        <time>2020-11-25T04:15:06.461000Z</time>
      </trkpt>
      <trkpt lat="35.94064210882771" lon="120.21448210988706">
        <time>2020-11-25T04:15:12.461000Z</time>
      </trkpt>
      <trkpt lat="35.94067498840081" lon="120.21446641250765">
        <time>2020-11-25T04:15:15.461000Z</time>
      </trkpt>
      <trkpt lat="35.94069828719161" lon="120.21443484441885">
        <time>2020-11-25T04:15:18.461000Z</time>
      </trkpt>
      <trkpt lat="35.94072262598273" lon="120.214403485926">
        <time>2020-11-25T04:15:21.461000Z</time>
      </trkpt>
      <trkpt lat="35.940754672373096" lon="120.21437532007288">
        <time>2020-11-25T04:15:24.461000Z</time>
      </trkpt>
      <trkpt lat="35.94077909945243" lon="120.21434526834123">
        <time>2020-11-25T04:15:27.461000Z</time>
      </trkpt>
      <trkpt lat="35.940801741554736" lon="120.21431122658869">
        <time>2020-11-25T04:15:30.461000Z</time>
      </trkpt>
      <trkpt lat="35.940823599867144" lon="120.21427251663731">
        <time>2020-11-25T04:15:33.461000Z</time>
      </trkpt>
      <trkpt lat="35.94094467054714" lon="120.2142575553811">
        <time>2020-11-25T04:15:39.461000Z</time>
      </trkpt>
      <trkpt lat="35.94102696909074" lon="120.21425170756024">
        <time>2020-11-25T04:15:42.461000Z</time>
      </trkpt>
      <trkpt lat="35.941093805360325" lon="120.21423737986245">
        <time>2020-11-25T04:15:45.461000Z</time>
      </trkpt>
      <trkpt lat="35.94122996156692" lon="120.21424307757847">
        <time>2020-11-25T04:15:51.461000Z</time>
      </trkpt>
      <trkpt lat="35.94129809616276" lon="120.21425216063469">
        <time>2020-11-25T04:15:54.461000Z</time>
      </trkpt>
      <trkpt lat="35.94142859724044" lon="120.21430450961061">
        <time>2020-11-25T04:16:00.461000Z</time>
      </trkpt>
      <trkpt lat="35.94165595188989" lon="120.21434267325077">
        <time>2020-11-25T04:16:09.461000Z</time>
      </trkpt>
      <trkpt lat="35.941737753154726" lon="120.21433471072471">
        <time>2020-11-25T04:16:12.461000Z</time>
      </trkpt>
      <trkpt lat="35.941817012013146" lon="120.21433537612047">
        <time>2020-11-25T04:16:15.461000Z</time>
      </trkpt>
      <trkpt lat="35.94198122250282" lon="120.21432837851484">
        <time>2020-11-25T04:16:21.461000Z</time>
      </trkpt>
      <trkpt lat="35.94206178636868" lon="120.21431094986336">
        <time>2020-11-25T04:16:24.461000Z</time>
      </trkpt>
      <trkpt lat="35.94215473470466" lon="120.21429983632603">
        <time>2020-11-25T04:16:27.461000Z</time>
      </trkpt>
      <trkpt lat="35.94234141940496" lon="120.2142791953143">
        <time>2020-11-25T04:16:33.461000Z</time>
      </trkpt>
      <trkpt lat="35.942435816942506" lon="120.21426160832914">
        <time>2020-11-25T04:16:36.461000Z</time>
      </trkpt>
      <trkpt lat="35.942652757307876" lon="120.21415459919079">
        <time>2020-11-25T04:16:45.461000Z</time>
      </trkpt>
      <trkpt lat="35.942705027377755" lon="120.21410563820095">
        <time>2020-11-25T04:16:48.461000Z</time>
      </trkpt>
      <trkpt lat="35.942755853033084" lon="120.2140669709967">
        <time>2020-11-25T04:16:51.461000Z</time>
      </trkpt>
      <trkpt lat="35.94297326492441" lon="120.21398843015052">
        <time>2020-11-25T04:17:03.461000Z</time>
      </trkpt>
      <trkpt lat="35.94300644297494" lon="120.21400314567812">
        <time>2020-11-25T04:17:06.461000Z</time>
      </trkpt>
      <trkpt lat="35.943034708358624" lon="120.2139970636757">
        <time>2020-11-25T04:17:09.461000Z</time>
      </trkpt>
      <trkpt lat="35.94306132939155" lon="120.2140011356954">
        <time>2020-11-25T04:17:12.461000Z</time>
      </trkpt>
      <trkpt lat="35.94308784216136" lon="120.21399663950244">
        <time>2020-11-25T04:17:15.461000Z</time>
      </trkpt>
      <trkpt lat="35.94313133034594" lon="120.21399855850629">
        <time>2020-11-25T04:17:18.461000Z</time>
      </trkpt>
      <trkpt lat="35.943356095878215" lon="120.21395514905292">
        <time>2020-11-25T04:17:27.461000Z</time>
      </trkpt>
      <trkpt lat="35.94343184033588" lon="120.213929231802">
        <time>2020-11-25T04:17:30.461000Z</time>
      </trkpt>
      <trkpt lat="35.94351464524581" lon="120.21390427276368">
        <time>2020-11-25T04:17:33.461000Z</time>
      </trkpt>
      <trkpt lat="35.94367032067134" lon="120.21384851873655">
        <time>2020-11-25T04:17:39.461000Z</time>
      </trkpt>
      <trkpt lat="35.943745137300205" lon="120.21381364433499">
        <time>2020-11-25T04:17:42.461000Z</time>
      </trkpt>
      <trkpt lat="35.943955532647905" lon="120.21380415733002">
        <time>2020-11-25T04:17:51.461000Z</time>
      </trkpt>
      <trkpt lat="35.94402971372771" lon="120.21383126483542">
        <time>2020-11-25T04:17:54.461000Z</time>
      </trkpt>
      <trkpt lat="35.944114420337904" lon="120.21386353016057">
        <time>2020-11-25T04:17:57.461000Z</time>
      </trkpt>
      <trkpt lat="35.94456911053717" lon="120.21401825686983">
        <time>2020-11-25T04:18:15.461000Z</time>
      </trkpt>
      <trkpt lat="35.94465164968713" lon="120.21401194031083">
        <time>2020-11-25T04:18:18.461000Z</time>
      </trkpt>
      <trkpt lat="35.944723916120594" lon="120.21399846105642">
        <time>2020-11-25T04:18:21.461000Z</time>
      </trkpt>
      <trkpt lat="35.944871755469535" lon="120.21398194628475">
        <time>2020-11-25T04:18:30.461000Z</time>
      </trkpt>
      <trkpt lat="35.94491627554735" lon="120.21397536700492">
        <time>2020-11-25T04:18:33.461000Z</time>
      </trkpt>
      <trkpt lat="35.94497020469698" lon="120.21394932809838">
        <time>2020-11-25T04:18:36.461000Z</time>
      </trkpt>
      <trkpt lat="35.945035679908344" lon="120.2139282476198">
        <time>2020-11-25T04:18:39.461000Z</time>
      </trkpt>
      <trkpt lat="35.94509891144549" lon="120.21391671264422">
        <time>2020-11-25T04:18:42.461000Z</time>
      </trkpt>
      <trkpt lat="35.945219647250404" lon="120.21389062986994">
        <time>2020-11-25T04:18:48.461000Z</time>
      </trkpt>
      <trkpt lat="35.94529594213938" lon="120.2138790162765">
        <time>2020-11-25T04:18:51.461000Z</time>
      </trkpt>
      <trkpt lat="35.94537193038192" lon="120.21385764752154">
        <time>2020-11-25T04:18:54.461000Z</time>
      </trkpt>
      <trkpt lat="35.94552435191697" lon="120.21382586216976">
        <time>2020-11-25T04:19:00.461000Z</time>
      </trkpt>
      <trkpt lat="35.945668972278135" lon="120.21380805051362">
        <time>2020-11-25T04:19:06.461000Z</time>
      </trkpt>
      <trkpt lat="35.945741989141816" lon="120.21380893478326">
        <time>2020-11-25T04:19:09.461000Z</time>
      </trkpt>
      <trkpt lat="35.94581202549204" lon="120.21380239771406">
        <time>2020-11-25T04:19:12.461000Z</time>
      </trkpt>
      <trkpt lat="35.94602215867371" lon="120.2137435366765">
        <time>2020-11-25T04:19:21.461000Z</time>
      </trkpt>
      <trkpt lat="35.94610769790401" lon="120.21373044773274">
        <time>2020-11-25T04:19:24.461000Z</time>
      </trkpt>
      <trkpt lat="35.9461919431533" lon="120.21372001190484">
        <time>2020-11-25T04:19:27.461000Z</time>
      </trkpt>
      <trkpt lat="35.946360524499916" lon="120.21369854179653">
        <time>2020-11-25T04:19:33.461000Z</time>
      </trkpt>
      <trkpt lat="35.94643766646428" lon="120.21370369552818">
        <time>2020-11-25T04:19:36.461000Z</time>
      </trkpt>
      <trkpt lat="35.94660079966368" lon="120.21368714238473">
        <time>2020-11-25T04:19:42.461000Z</time>
      </trkpt>
      <trkpt lat="35.94667825433516" lon="120.21366866650627">
        <time>2020-11-25T04:19:45.461000Z</time>
      </trkpt>
      <trkpt lat="35.94675091023979" lon="120.21364844467229">
        <time>2020-11-25T04:19:48.461000Z</time>
      </trkpt>
      <trkpt lat="35.94678536110444" lon="120.2136395105847">
        <time>2020-11-25T04:19:51.461000Z</time>
      </trkpt>
      <trkpt lat="35.94685710149182" lon="120.21364482341708">
        <time>2020-11-25T04:19:57.461000Z</time>
      </trkpt>
      <trkpt lat="35.946885197430746" lon="120.21365278557953">
        <time>2020-11-25T04:20:00.461000Z</time>
      </trkpt>
      <trkpt lat="35.94690771474328" lon="120.21365152082394">
        <time>2020-11-25T04:20:03.461000Z</time>
      </trkpt>
      <trkpt lat="35.94693461599208" lon="120.21364819173584">
        <time>2020-11-25T04:20:06.461000Z</time>
      </trkpt>
      <trkpt lat="35.94696482186228" lon="120.21364210997874">
        <time>2020-11-25T04:20:09.461000Z</time>
      </trkpt>
      <trkpt lat="35.9469829142122" lon="120.21365087918402">
        <time>2020-11-25T04:20:12.461000Z</time>
      </trkpt>
      <trkpt lat="35.94697851598375" lon="120.21367776010675">
        <time>2020-11-25T04:20:15.461000Z</time>
      </trkpt>
      <trkpt lat="35.946988404869224" lon="120.21368757591576">
        <time>2020-11-25T04:20:18.461000Z</time>
      </trkpt>
      <trkpt lat="35.947022596212065" lon="120.21367100131337">
        <time>2020-11-25T04:20:21.461000Z</time>
      </trkpt>
      <trkpt lat="35.947122253936406" lon="120.21347368498576">
        <time>2020-11-25T04:20:30.461000Z</time>
      </trkpt>
      <trkpt lat="35.94710363921529" lon="120.213380103166">
        <time>2020-11-25T04:20:33.461000Z</time>
      </trkpt>
      <trkpt lat="35.94709458743512" lon="120.21329345468683">
        <time>2020-11-25T04:20:36.461000Z</time>
      </trkpt>
      <trkpt lat="35.94709474846324" lon="120.21304176190527">
        <time>2020-11-25T04:20:45.461000Z</time>
      </trkpt>
      <trkpt lat="35.94709393056794" lon="120.21294718555905">
        <time>2020-11-25T04:20:48.461000Z</time>
      </trkpt>
      <trkpt lat="35.94708913825648" lon="120.21284809081288">
        <time>2020-11-25T04:20:51.461000Z</time>
      </trkpt>
      <trkpt lat="35.9470715957518" lon="120.21266174092105">
        <time>2020-11-25T04:20:57.461000Z</time>
      </trkpt>
      <trkpt lat="35.94707294014899" lon="120.2125736591046">
        <time>2020-11-25T04:21:00.461000Z</time>
      </trkpt>
      <trkpt lat="35.94705844795884" lon="120.21248761084799">
        <time>2020-11-25T04:21:03.461000Z</time>
      </trkpt>
      <trkpt lat="35.9470504752736" lon="120.21226896793108">
        <time>2020-11-25T04:21:12.461000Z</time>
      </trkpt>
      <trkpt lat="35.94709863254725" lon="120.21221581051316">
        <time>2020-11-25T04:21:15.461000Z</time>
      </trkpt>
      <trkpt lat="35.94713659492338" lon="120.21215029445592">
        <time>2020-11-25T04:21:18.461000Z</time>
      </trkpt>
      <trkpt lat="35.947213305914126" lon="120.21192400144241">
        <time>2020-11-25T04:21:27.461000Z</time>
      </trkpt>
      <trkpt lat="35.94723664228366" lon="120.21183948435004">
        <time>2020-11-25T04:21:30.461000Z</time>
      </trkpt>
      <trkpt lat="35.94725811768597" lon="120.21174845436073">
        <time>2020-11-25T04:21:33.461000Z</time>
      </trkpt>
      <trkpt lat="35.94731526200387" lon="120.21158075876642">
        <time>2020-11-25T04:21:39.461000Z</time>
      </trkpt>
      <trkpt lat="35.94734607454774" lon="120.2115146150358">
        <time>2020-11-25T04:21:42.461000Z</time>
      </trkpt>
      <trkpt lat="35.947378088509055" lon="120.21144081166838">
        <time>2020-11-25T04:21:45.461000Z</time>
      </trkpt>
      <trkpt lat="35.94747137904397" lon="120.2113036206588">
        <time>2020-11-25T04:21:51.461000Z</time>
      </trkpt>
      <trkpt lat="35.94752026726158" lon="120.21123001875836">
        <time>2020-11-25T04:21:54.461000Z</time>
      </trkpt>
      <trkpt lat="35.94756162541025" lon="120.21115526937793">
        <time>2020-11-25T04:21:57.461000Z</time>
      </trkpt>
      <trkpt lat="35.94766305504537" lon="120.2109379419678">
        <time>2020-11-25T04:22:06.461000Z</time>
      </trkpt>
      <trkpt lat="35.94770101462304" lon="120.21086199612681">
        <time>2020-11-25T04:22:09.461000Z</time>
      </trkpt>
      <trkpt lat="35.94772720564937" lon="120.21077627528783">
        <time>2020-11-25T04:22:12.461000Z</time>
      </trkpt>
      <trkpt lat="35.94775942189443" lon="120.21059205638197">
        <time>2020-11-25T04:22:18.461000Z</time>
      </trkpt>
      <trkpt lat="35.94777521499373" lon="120.21050354274284">
        <time>2020-11-25T04:22:21.461000Z</time>
      </trkpt>
      <trkpt lat="35.947795009647486" lon="120.21041477038999">
        <time>2020-11-25T04:22:24.461000Z</time>
      </trkpt>
      <trkpt lat="35.94788720844324" lon="120.21015825158757">
        <time>2020-11-25T04:22:33.461000Z</time>
      </trkpt>
      <trkpt lat="35.94793225446815" lon="120.20991034753372">
        <time>2020-11-25T04:22:45.461000Z</time>
      </trkpt>
      <trkpt lat="35.94793372715909" lon="120.20990199001292">
        <time>2020-11-25T04:22:48.461000Z</time>
      </trkpt>
      <trkpt lat="35.94795990251953" lon="120.2098891766216">
        <time>2020-11-25T04:22:54.461000Z</time>
      </trkpt>
      <trkpt lat="35.9479578297195" lon="120.2098839504137">
        <time>2020-11-25T04:22:57.461000Z</time>
      </trkpt>
      <trkpt lat="35.94796045071181" lon="120.20987693940067">
        <time>2020-11-25T04:23:00.461000Z</time>
      </trkpt>
      <trkpt lat="35.94795820155342" lon="120.20984889422687">
        <time>2020-11-25T04:23:03.561000Z</time>
      </trkpt>
      <trkpt lat="35.94797570424042" lon="120.20980937156605">
        <time>2020-11-25T04:23:06.561000Z</time>
      </trkpt>
      <trkpt lat="35.94800111240206" lon="120.20973367655084">
        <time>2020-11-25T04:23:12.461000Z</time>
      </trkpt>
      <trkpt lat="35.94800332432972" lon="120.20965166656588">
        <time>2020-11-25T04:23:15.461000Z</time>
      </trkpt>
      <trkpt lat="35.947989078971545" lon="120.20957193918346">
        <time>2020-11-25T04:23:18.461000Z</time>
      </trkpt>
      <trkpt lat="35.94797163838435" lon="120.20949530340056">
        <time>2020-11-25T04:23:21.461000Z</time>
      </trkpt>
      <trkpt lat="35.94808863406202" lon="120.20938304561817">
        <time>2020-11-25T04:23:33.461000Z</time>
      </trkpt>
      <trkpt lat="35.948294281613904" lon="120.20946590127464">
        <time>2020-11-25T04:23:42.461000Z</time>
      </trkpt>
      <trkpt lat="35.948375867267664" lon="120.20949583814458">
        <time>2020-11-25T04:23:45.461000Z</time>
      </trkpt>
      <trkpt lat="35.94895959753261" lon="120.20941072912893">
        <time>2020-11-25T04:24:09.461000Z</time>
      </trkpt>
      <trkpt lat="35.94902901085524" lon="120.20944017617613">
        <time>2020-11-25T04:24:12.461000Z</time>
      </trkpt>
      <trkpt lat="35.94910860545695" lon="120.20947046190678">
        <time>2020-11-25T04:24:15.461000Z</time>
      </trkpt>
      <trkpt lat="35.949320663840545" lon="120.20954039305003">
        <time>2020-11-25T04:24:24.461000Z</time>
      </trkpt>
      <trkpt lat="35.949391107971074" lon="120.20957626306381">
        <time>2020-11-25T04:24:27.461000Z</time>
      </trkpt>
      <trkpt lat="35.9496652395613" lon="120.20964768598247">
        <time>2020-11-25T04:24:36.461000Z</time>
      </trkpt>
      <trkpt lat="35.94975476106442" lon="120.20966153685262">
        <time>2020-11-25T04:24:39.461000Z</time>
      </trkpt>
      <trkpt lat="35.949924211539354" lon="120.2097028712115">
        <time>2020-11-25T04:24:45.461000Z</time>
      </trkpt>
      <trkpt lat="35.95001548390481" lon="120.20972319491635">
        <time>2020-11-25T04:24:48.461000Z</time>
      </trkpt>
      <trkpt lat="35.95021074546036" lon="120.20974106451479">
        <time>2020-11-25T04:24:54.461000Z</time>
      </trkpt>
      <trkpt lat="35.95029346627561" lon="120.20974073280681">
        <time>2020-11-25T04:24:57.461000Z</time>
      </trkpt>
      <trkpt lat="35.95039284375151" lon="120.20971838158745">
        <time>2020-11-25T04:25:03.461000Z</time>
      </trkpt>
      <trkpt lat="35.950411506904175" lon="120.20969907499882">
        <time>2020-11-25T04:25:06.461000Z</time>
      </trkpt>
      <trkpt lat="35.95046067795843" lon="120.20968625376634">
        <time>2020-11-25T04:25:09.461000Z</time>
      </trkpt>
      <trkpt lat="35.9505036121146" lon="120.2096838141488">
        <time>2020-11-25T04:25:12.461000Z</time>
      </trkpt>
      <trkpt lat="35.95055407709532" lon="120.20962804820518">
        <time>2020-11-25T04:25:18.461000Z</time>
      </trkpt>
      <trkpt lat="35.95059817093981" lon="120.20965976708408">
        <time>2020-11-25T04:25:24.461000Z</time>
      </trkpt>
      <trkpt lat="35.95062393748914" lon="120.20974746435027">
        <time>2020-11-25T04:25:30.461000Z</time>
      </trkpt>
      <trkpt lat="35.950643200817055" lon="120.20979576671662">
        <time>2020-11-25T04:25:36.461000Z</time>
      </trkpt>
      <trkpt lat="35.950661837412476" lon="120.20976057263024">
        <time>2020-11-25T04:25:39.461000Z</time>
      </trkpt>
      <trkpt lat="35.95068334455264" lon="120.20967820527127">
        <time>2020-11-25T04:25:45.461000Z</time>
      </trkpt>
      <trkpt lat="35.950955368420324" lon="120.20967341246704">
        <time>2020-11-25T04:25:54.461000Z</time>
      </trkpt>
      <trkpt lat="35.95101489093696" lon="120.20967482401">
        <time>2020-11-25T04:25:57.461000Z</time>
      </trkpt>
      <trkpt lat="35.95114696520909" lon="120.20964655164137">
        <time>2020-11-25T04:26:03.461000Z</time>
      </trkpt>
      <trkpt lat="35.95122975276225" lon="120.20963491027365">
        <time>2020-11-25T04:26:06.461000Z</time>
      </trkpt>
      <trkpt lat="35.951299193576055" lon="120.20961885954421">
        <time>2020-11-25T04:26:09.461000Z</time>
      </trkpt>
      <trkpt lat="35.95143738443206" lon="120.20962090642163">
        <time>2020-11-25T04:26:15.461000Z</time>
      </trkpt>
      <trkpt lat="35.95151687997829" lon="120.20961007260179">
        <time>2020-11-25T04:26:18.461000Z</time>
      </trkpt>
      <trkpt lat="35.95159482702264" lon="120.20961146584035">
        <time>2020-11-25T04:26:21.461000Z</time>
      </trkpt>
      <trkpt lat="35.95174109616951" lon="120.20962273868956">
        <time>2020-11-25T04:26:27.461000Z</time>
      </trkpt>
      <trkpt lat="35.95178244824143" lon="120.20963492968939">
        <time>2020-11-25T04:26:30.461000Z</time>
      </trkpt>
      <trkpt lat="35.95182793034457" lon="120.20962753359905">
        <time>2020-11-25T04:26:33.461000Z</time>
      </trkpt>
      <trkpt lat="35.95187372424534" lon="120.2096324744445">
        <time>2020-11-25T04:26:36.461000Z</time>
      </trkpt>
      <trkpt lat="35.95199394104526" lon="120.20962076661043">
        <time>2020-11-25T04:26:42.461000Z</time>
      </trkpt>
      <trkpt lat="35.95205318044125" lon="120.20959048316675">
        <time>2020-11-25T04:26:45.461000Z</time>
      </trkpt>
      <trkpt lat="35.95210778419618" lon="120.20956325114442">
        <time>2020-11-25T04:26:48.461000Z</time>
      </trkpt>
      <trkpt lat="35.952182062931065" lon="120.2095359211685">
        <time>2020-11-25T04:26:51.461000Z</time>
      </trkpt>
      <trkpt lat="35.95233264144855" lon="120.20950786000851">
        <time>2020-11-25T04:26:57.461000Z</time>
      </trkpt>
      <trkpt lat="35.95240711879435" lon="120.20948151744302">
        <time>2020-11-25T04:27:00.461000Z</time>
      </trkpt>
      <trkpt lat="35.95254986424701" lon="120.2094542435123">
        <time>2020-11-25T04:27:06.461000Z</time>
      </trkpt>
      <trkpt lat="35.95260306035816" lon="120.20944543195762">
        <time>2020-11-25T04:27:09.461000Z</time>
      </trkpt>
      <trkpt lat="35.95286113434017" lon="120.20942468084222">
        <time>2020-11-25T04:27:21.461000Z</time>
      </trkpt>
      <trkpt lat="35.95290594204107" lon="120.2094066932188">
        <time>2020-11-25T04:27:24.461000Z</time>
      </trkpt>
      <trkpt lat="35.952985919604174" lon="120.20938113910528">
        <time>2020-11-25T04:27:27.461000Z</time>
      </trkpt>
      <trkpt lat="35.9531937919194" lon="120.20933309697443">
        <time>2020-11-25T04:27:36.461000Z</time>
      </trkpt>
      <trkpt lat="35.953289116114384" lon="120.20931906327935">
        <time>2020-11-25T04:27:42.461000Z</time>
      </trkpt>
      <trkpt lat="35.95333499424861" lon="120.20932113181823">
        <time>2020-11-25T04:27:45.461000Z</time>
      </trkpt>
      <trkpt lat="35.95339824536552" lon="120.20931061578753">
        <time>2020-11-25T04:27:48.461000Z</time>
      </trkpt>
      <trkpt lat="35.953459835691554" lon="120.2093003589138">
        <time>2020-11-25T04:27:51.461000Z</time>
      </trkpt>
      <trkpt lat="35.953494778993715" lon="120.2092971606526">
        <time>2020-11-25T04:27:54.461000Z</time>
      </trkpt>
      <trkpt lat="35.95358950002743" lon="120.20929186339436">
        <time>2020-11-25T04:28:00.461000Z</time>
      </trkpt>
      <trkpt lat="35.95376716604362" lon="120.20924313054978">
        <time>2020-11-25T04:28:09.461000Z</time>
      </trkpt>
      <trkpt lat="35.95381890705719" lon="120.20920398067457">
        <time>2020-11-25T04:28:12.461000Z</time>
      </trkpt>
      <trkpt lat="35.95405173875624" lon="120.20912702900434">
        <time>2020-11-25T04:28:21.461000Z</time>
      </trkpt>
      <trkpt lat="35.954127729292644" lon="120.20910561358144">
        <time>2020-11-25T04:28:24.461000Z</time>
      </trkpt>
      <trkpt lat="35.95420362406148" lon="120.20908804777478">
        <time>2020-11-25T04:28:27.461000Z</time>
      </trkpt>
      <trkpt lat="35.954339677072916" lon="120.20906141184585">
        <time>2020-11-25T04:28:33.461000Z</time>
      </trkpt>
      <trkpt lat="35.95443184871176" lon="120.20906867050402">
        <time>2020-11-25T04:28:36.461000Z</time>
      </trkpt>
      <trkpt lat="35.95452786699357" lon="120.20907880175508">
        <time>2020-11-25T04:28:39.461000Z</time>
      </trkpt>
      <trkpt lat="35.95467315785052" lon="120.20908186649076">
        <time>2020-11-25T04:28:45.461000Z</time>
      </trkpt>
      <trkpt lat="35.954817127708544" lon="120.2090719960197">
        <time>2020-11-25T04:28:51.461000Z</time>
      </trkpt>
      <trkpt lat="35.95491052313133" lon="120.20908360305398">
        <time>2020-11-25T04:28:54.461000Z</time>
      </trkpt>
      <trkpt lat="35.95509728379917" lon="120.20908015906835">
        <time>2020-11-25T04:29:00.461000Z</time>
      </trkpt>
      <trkpt lat="35.95518213624276" lon="120.20906559597213">
        <time>2020-11-25T04:29:03.461000Z</time>
      </trkpt>
      <trkpt lat="35.95538797751358" lon="120.20923901672538">
        <time>2020-11-25T04:29:15.461000Z</time>
      </trkpt>
      <trkpt lat="35.9553997528808" lon="120.20929773962027">
        <time>2020-11-25T04:29:18.461000Z</time>
      </trkpt>
      <trkpt lat="35.955409847165" lon="120.20935024918606">
        <time>2020-11-25T04:29:21.461000Z</time>
      </trkpt>
      <trkpt lat="35.955427695207206" lon="120.20941499661895">
        <time>2020-11-25T04:29:24.461000Z</time>
      </trkpt>
      <trkpt lat="35.95544358726872" lon="120.2094633181425">
        <time>2020-11-25T04:29:27.461000Z</time>
      </trkpt>
      <trkpt lat="35.955489374363445" lon="120.20960083295286">
        <time>2020-11-25T04:29:33.461000Z</time>
      </trkpt>
      <trkpt lat="35.95550115370665" lon="120.2096774684531">
        <time>2020-11-25T04:29:36.461000Z</time>
      </trkpt>
      <trkpt lat="35.9555066636548" lon="120.20975951906333">
        <time>2020-11-25T04:29:39.461000Z</time>
      </trkpt>
      <trkpt lat="35.95554785056517" lon="120.2099106083844">
        <time>2020-11-25T04:29:45.461000Z</time>
      </trkpt>
      <trkpt lat="35.95556963876377" lon="120.2101600043792">
        <time>2020-11-25T04:29:54.461000Z</time>
      </trkpt>
      <trkpt lat="35.95558348421761" lon="120.21024714337891">
        <time>2020-11-25T04:29:57.461000Z</time>
      </trkpt>
      <trkpt lat="35.95562105427395" lon="120.21043085787149">
        <time>2020-11-25T04:30:03.461000Z</time>
      </trkpt>
      <trkpt lat="35.95565114955698" lon="120.21052121051235">
        <time>2020-11-25T04:30:06.461000Z</time>
      </trkpt>
      <trkpt lat="35.95567571760986" lon="120.21060201823003">
        <time>2020-11-25T04:30:09.461000Z</time>
      </trkpt>
      <trkpt lat="35.95571180094452" lon="120.21078430836026">
        <time>2020-11-25T04:30:15.461000Z</time>
      </trkpt>
      <trkpt lat="35.955777987273" lon="120.21104608233428">
        <time>2020-11-25T04:30:24.461000Z</time>
      </trkpt>
      <trkpt lat="35.955787457289155" lon="120.2111513754598">
        <time>2020-11-25T04:30:27.461000Z</time>
      </trkpt>
      <trkpt lat="35.95580290826862" lon="120.21125719807172">
        <time>2020-11-25T04:30:30.461000Z</time>
      </trkpt>
      <trkpt lat="35.95581992846187" lon="120.2114682945447">
        <time>2020-11-25T04:30:36.461000Z</time>
      </trkpt>
      <trkpt lat="35.955812853009924" lon="120.2115753529504">
        <time>2020-11-25T04:30:39.461000Z</time>
      </trkpt>
      <trkpt lat="35.95581544412014" lon="120.21167966976255">
        <time>2020-11-25T04:30:42.461000Z</time>
      </trkpt>
      <trkpt lat="35.95580378875829" lon="120.21187028998212">
        <time>2020-11-25T04:30:48.461000Z</time>
      </trkpt>
      <trkpt lat="35.955808013071106" lon="120.21195913829045">
        <time>2020-11-25T04:30:51.461000Z</time>
      </trkpt>
      <trkpt lat="35.95580948951517" lon="120.21203912970135">
        <time>2020-11-25T04:30:54.461000Z</time>
      </trkpt>
      <trkpt lat="35.955807038083854" lon="120.21222976288485">
        <time>2020-11-25T04:31:00.461000Z</time>
      </trkpt>
      <trkpt lat="35.955808501084796" lon="120.21233375261244">
        <time>2020-11-25T04:31:03.461000Z</time>
      </trkpt>
      <trkpt lat="35.95585034141" lon="120.21253178237676">
        <time>2020-11-25T04:31:09.461000Z</time>
      </trkpt>
      <trkpt lat="35.95589425843642" lon="120.21262661062703">
        <time>2020-11-25T04:31:15.461000Z</time>
      </trkpt>
      <trkpt lat="35.956005734520346" lon="120.21269840478537">
        <time>2020-11-25T04:31:24.461000Z</time>
      </trkpt>
      <trkpt lat="35.95603752074758" lon="120.21271369806857">
        <time>2020-11-25T04:31:27.461000Z</time>
      </trkpt>
      <trkpt lat="35.956070716888526" lon="120.21272930068541">
        <time>2020-11-25T04:31:30.461000Z</time>
      </trkpt>
      <trkpt lat="35.95611235981605" lon="120.21271308634167">
        <time>2020-11-25T04:31:33.461000Z</time>
      </trkpt>
      <trkpt lat="35.95615453951108" lon="120.21271348907106">
        <time>2020-11-25T04:31:36.461000Z</time>
      </trkpt>
      <trkpt lat="35.95634831308344" lon="120.21263784214361">
        <time>2020-11-25T04:31:45.461000Z</time>
      </trkpt>
      <trkpt lat="35.95647965642278" lon="120.21260134838604">
        <time>2020-11-25T04:31:51.461000Z</time>
      </trkpt>
      <trkpt lat="35.956552783532075" lon="120.21258763045748">
        <time>2020-11-25T04:31:54.461000Z</time>
      </trkpt>
      <trkpt lat="35.95664798764161" lon="120.21260823559867">
        <time>2020-11-25T04:32:00.461000Z</time>
      </trkpt>
      <trkpt lat="35.956654449017734" lon="120.21279323760238">
        <time>2020-11-25T04:32:06.461000Z</time>
      </trkpt>
      <trkpt lat="35.95664231444306" lon="120.21289419581937">
        <time>2020-11-25T04:32:09.461000Z</time>
      </trkpt>
      <trkpt lat="35.95664372095066" lon="120.21307560832524">
        <time>2020-11-25T04:32:15.461000Z</time>
      </trkpt>
      <trkpt lat="35.956643455522006" lon="120.21316542717497">
        <time>2020-11-25T04:32:18.461000Z</time>
      </trkpt>
      <trkpt lat="35.95666180781645" lon="120.21333935201095">
        <time>2020-11-25T04:32:24.461000Z</time>
      </trkpt>
      <trkpt lat="35.95668464201788" lon="120.21343392152247">
        <time>2020-11-25T04:32:27.461000Z</time>
      </trkpt>
      <trkpt lat="35.956710755322575" lon="120.21353709958419">
        <time>2020-11-25T04:32:30.461000Z</time>
      </trkpt>
      <trkpt lat="35.956735346722624" lon="120.21373571405145">
        <time>2020-11-25T04:32:36.461000Z</time>
      </trkpt>
      <trkpt lat="35.95675557083125" lon="120.21383059377087">
        <time>2020-11-25T04:32:39.461000Z</time>
      </trkpt>
      <trkpt lat="35.95676187377322" lon="120.2139385791687">
        <time>2020-11-25T04:32:42.461000Z</time>
      </trkpt>
      <trkpt lat="35.95679150209973" lon="120.2141272419984">
        <time>2020-11-25T04:32:48.461000Z</time>
      </trkpt>
      <trkpt lat="35.95681008823658" lon="120.21422105550775">
        <time>2020-11-25T04:32:51.461000Z</time>
      </trkpt>
      <trkpt lat="35.9568318670619" lon="120.2143209641519">
        <time>2020-11-25T04:32:54.461000Z</time>
      </trkpt>
      <trkpt lat="35.9568638819929" lon="120.2145360129233">
        <time>2020-11-25T04:33:00.461000Z</time>
      </trkpt>
      <trkpt lat="35.95687961923306" lon="120.21460713472693">
        <time>2020-11-25T04:33:03.561000Z</time>
      </trkpt>
    </trkseg>
  </trk>
</gpx>