<?xml version='1.0' encoding='UTF-8' standalone='yes' ?>
<gpx xsi:schemaLocation="http://www.topografix.com/GPX/1/1 http://www.topografix.com/GPX/1/1/gpx.xsd" xmlns="http://www.topografix.com/GPX/1/1" xmlns:xsi="http://www.w3.org/2001/XMLSchema-instance" xmlns:ns3="http://www.garmin.com/xmlschemas/TrackPointExtension/v1" xmlns:ns2="http://www.garmin.com/xmlschemas/GpxExtensions/v3" xmlns:ns1="http://www.cluetrust.com/XML/GPXDATA/1/0" creator="Zepp App" version="6.7.1-play">
	<trk>
		<trkseg>
			<trkpt lat="35.937313" lon="120.20939">
				<ele>39.0</ele>
				<time>2021-02-21T09:44:13Z</time>
					<extensions>
						<ns3:TrackPointExtension>
						</ns3:TrackPointExtension>
					</extensions>
			</trkpt>
			<trkpt lat="35.937294" lon="120.209366">
				<ele>39.0</ele>
				<time>2021-02-21T09:44:14Z</time>
					<extensions>
						<ns3:TrackPointExtension>
						</ns3:TrackPointExtension>
					</extensions>
			</trkpt>
			<trkpt lat="35.937275" lon="120.20936">
				<ele>40.0</ele>
				<time>2021-02-21T09:44:15Z</time>
					<extensions>
						<ns3:TrackPointExtension>
						</ns3:TrackPointExtension>
					</extensions>
			</trkpt>
			<trkpt lat="35.937256" lon="120.209335">
				<ele>40.0</ele>
				<time>2021-02-21T09:44:16Z</time>
					<extensions>
						<ns3:TrackPointExtension>
						</ns3:TrackPointExtension>
					</extensions>
			</trkpt>
			<trkpt lat="35.937225" lon="120.209305">
				<ele>40.0</ele>
				<time>2021-02-21T09:44:17Z</time>
					<extensions>
						<ns3:TrackPointExtension>
						</ns3:TrackPointExtension>
					</extensions>
			</trkpt>
			<trkpt lat="35.937195" lon="120.20928">
				<ele>40.0</ele>
				<time>2021-02-21T09:44:18Z</time>
					<extensions>
						<ns3:TrackPointExtension>
						</ns3:TrackPointExtension>
					</extensions>
			</trkpt>
			<trkpt lat="35.937172" lon="120.20927">
				<ele>40.0</ele>
				<time>2021-02-21T09:44:19Z</time>
					<extensions>
						<ns3:TrackPointExtension>
						</ns3:TrackPointExtension>
					</extensions>
			</trkpt>
			<trkpt lat="35.937153" lon="120.20924">
				<ele>40.0</ele>
				<time>2021-02-21T09:44:20Z</time>
					<extensions>
						<ns3:TrackPointExtension>
						</ns3:TrackPointExtension>
					</extensions>
			</trkpt>
			<trkpt lat="35.93713" lon="120.20922">
				<ele>40.0</ele>
				<time>2021-02-21T09:44:21Z</time>
					<extensions>
						<ns3:TrackPointExtension>
						</ns3:TrackPointExtension>
					</extensions>
			</trkpt>
			<trkpt lat="35.93711" lon="120.20921">
				<ele>40.0</ele>
				<time>2021-02-21T09:44:22Z</time>
					<extensions>
						<ns3:TrackPointExtension>
						</ns3:TrackPointExtension>
					</extensions>
			</trkpt>
			<trkpt lat="35.937088" lon="120.20919">
				<ele>40.0</ele>
				<time>2021-02-21T09:44:23Z</time>
					<extensions>
						<ns3:TrackPointExtension>
						</ns3:TrackPointExtension>
					</extensions>
			</trkpt>
			<trkpt lat="35.937065" lon="120.209175">
				<ele>40.0</ele>
				<time>2021-02-21T09:44:24Z</time>
					<extensions>
						<ns3:TrackPointExtension>
						</ns3:TrackPointExtension>
					</extensions>
			</trkpt>
			<trkpt lat="35.937042" lon="120.20915">
				<ele>40.0</ele>
				<time>2021-02-21T09:44:25Z</time>
					<extensions>
						<ns3:TrackPointExtension>
						</ns3:TrackPointExtension>
					</extensions>
			</trkpt>
			<trkpt lat="35.937027" lon="120.209145">
				<ele>40.0</ele>
				<time>2021-02-21T09:44:26Z</time>
					<extensions>
						<ns3:TrackPointExtension>
						</ns3:TrackPointExtension>
					</extensions>
			</trkpt>
			<trkpt lat="35.937" lon="120.20912">
				<ele>40.0</ele>
				<time>2021-02-21T09:44:27Z</time>
					<extensions>
						<ns3:TrackPointExtension>
						</ns3:TrackPointExtension>
					</extensions>
			</trkpt>
			<trkpt lat="35.93698" lon="120.2091">
				<ele>40.0</ele>
				<time>2021-02-21T09:44:28Z</time>
					<extensions>
						<ns3:TrackPointExtension>
						</ns3:TrackPointExtension>
					</extensions>
			</trkpt>
			<trkpt lat="35.936962" lon="120.20909">
				<ele>40.0</ele>
				<time>2021-02-21T09:44:29Z</time>
					<extensions>
						<ns3:TrackPointExtension>
						</ns3:TrackPointExtension>
					</extensions>
			</trkpt>
			<trkpt lat="35.93694" lon="120.20907">
				<ele>40.0</ele>
				<time>2021-02-21T09:44:30Z</time>
					<extensions>
						<ns3:TrackPointExtension>
						</ns3:TrackPointExtension>
					</extensions>
			</trkpt>
			<trkpt lat="35.936924" lon="120.20905">
				<ele>40.0</ele>
				<time>2021-02-21T09:44:31Z</time>
					<extensions>
						<ns3:TrackPointExtension>
						</ns3:TrackPointExtension>
					</extensions>
			</trkpt>
			<trkpt lat="35.936897" lon="120.20903">
				<ele>40.0</ele>
				<time>2021-02-21T09:44:32Z</time>
					<extensions>
						<ns3:TrackPointExtension>
						</ns3:TrackPointExtension>
					</extensions>
			</trkpt>
			<trkpt lat="35.936867" lon="120.209">
				<ele>40.0</ele>
				<time>2021-02-21T09:44:33Z</time>
					<extensions>
						<ns3:TrackPointExtension>
						</ns3:TrackPointExtension>
					</extensions>
			</trkpt>
			<trkpt lat="35.936848" lon="120.208984">
				<ele>40.0</ele>
				<time>2021-02-21T09:44:34Z</time>
					<extensions>
						<ns3:TrackPointExtension>
						</ns3:TrackPointExtension>
					</extensions>
			</trkpt>
			<trkpt lat="35.936813" lon="120.208954">
				<ele>40.0</ele>
				<time>2021-02-21T09:44:35Z</time>
					<extensions>
						<ns3:TrackPointExtension>
						</ns3:TrackPointExtension>
					</extensions>
			</trkpt>
			<trkpt lat="35.936794" lon="120.20894">
				<ele>40.0</ele>
				<time>2021-02-21T09:44:36Z</time>
					<extensions>
						<ns3:TrackPointExtension>
						</ns3:TrackPointExtension>
					</extensions>
			</trkpt>
			<trkpt lat="35.93677" lon="120.208916">
				<ele>40.0</ele>
				<time>2021-02-21T09:44:37Z</time>
					<extensions>
						<ns3:TrackPointExtension>
						</ns3:TrackPointExtension>
					</extensions>
			</trkpt>
			<trkpt lat="35.93675" lon="120.20889">
				<ele>40.0</ele>
				<time>2021-02-21T09:44:38Z</time>
					<extensions>
						<ns3:TrackPointExtension>
						</ns3:TrackPointExtension>
					</extensions>
			</trkpt>
			<trkpt lat="35.93673" lon="120.20888">
				<ele>40.0</ele>
				<time>2021-02-21T09:44:39Z</time>
					<extensions>
						<ns3:TrackPointExtension>
						</ns3:TrackPointExtension>
					</extensions>
			</trkpt>
			<trkpt lat="35.936718" lon="120.20886">
				<ele>40.0</ele>
				<time>2021-02-21T09:44:40Z</time>
					<extensions>
						<ns3:TrackPointExtension>
						</ns3:TrackPointExtension>
					</extensions>
			</trkpt>
			<trkpt lat="35.936714" lon="120.208855">
				<ele>40.0</ele>
				<time>2021-02-21T09:44:41Z</time>
					<extensions>
						<ns3:TrackPointExtension>
						</ns3:TrackPointExtension>
					</extensions>
			</trkpt>
			<trkpt lat="35.9367" lon="120.20885">
				<ele>40.0</ele>
				<time>2021-02-21T09:44:42Z</time>
					<extensions>
						<ns3:TrackPointExtension>
						</ns3:TrackPointExtension>
					</extensions>
			</trkpt>
			<trkpt lat="35.936687" lon="120.20883">
				<ele>40.0</ele>
				<time>2021-02-21T09:44:43Z</time>
					<extensions>
						<ns3:TrackPointExtension>
						</ns3:TrackPointExtension>
					</extensions>
			</trkpt>
			<trkpt lat="35.936672" lon="120.20882">
				<ele>40.0</ele>
				<time>2021-02-21T09:44:44Z</time>
					<extensions>
						<ns3:TrackPointExtension>
						</ns3:TrackPointExtension>
					</extensions>
			</trkpt>
			<trkpt lat="35.93666" lon="120.2088">
				<ele>40.0</ele>
				<time>2021-02-21T09:44:45Z</time>
					<extensions>
						<ns3:TrackPointExtension>
						</ns3:TrackPointExtension>
					</extensions>
			</trkpt>
			<trkpt lat="35.93665" lon="120.208786">
				<ele>40.0</ele>
				<time>2021-02-21T09:44:46Z</time>
					<extensions>
						<ns3:TrackPointExtension>
						</ns3:TrackPointExtension>
					</extensions>
			</trkpt>
			<trkpt lat="35.936626" lon="120.20876">
				<ele>40.0</ele>
				<time>2021-02-21T09:44:47Z</time>
					<extensions>
						<ns3:TrackPointExtension>
						</ns3:TrackPointExtension>
					</extensions>
			</trkpt>
			<trkpt lat="35.9366" lon="120.20873">
				<ele>40.0</ele>
				<time>2021-02-21T09:44:48Z</time>
					<extensions>
						<ns3:TrackPointExtension>
						</ns3:TrackPointExtension>
					</extensions>
			</trkpt>
			<trkpt lat="35.93657" lon="120.2087">
				<ele>40.0</ele>
				<time>2021-02-21T09:44:49Z</time>
					<extensions>
						<ns3:TrackPointExtension>
						</ns3:TrackPointExtension>
					</extensions>
			</trkpt>
			<trkpt lat="35.936543" lon="120.20868">
				<ele>40.0</ele>
				<time>2021-02-21T09:44:50Z</time>
					<extensions>
						<ns3:TrackPointExtension>
						</ns3:TrackPointExtension>
					</extensions>
			</trkpt>
			<trkpt lat="35.936516" lon="120.20865">
				<ele>40.0</ele>
				<time>2021-02-21T09:44:51Z</time>
					<extensions>
						<ns3:TrackPointExtension>
						</ns3:TrackPointExtension>
					</extensions>
			</trkpt>
			<trkpt lat="35.9365" lon="120.20864">
				<ele>40.0</ele>
				<time>2021-02-21T09:44:52Z</time>
					<extensions>
						<ns3:TrackPointExtension>
						</ns3:TrackPointExtension>
					</extensions>
			</trkpt>
			<trkpt lat="35.93648" lon="120.20862">
				<ele>40.0</ele>
				<time>2021-02-21T09:44:53Z</time>
					<extensions>
						<ns3:TrackPointExtension>
						</ns3:TrackPointExtension>
					</extensions>
			</trkpt>
			<trkpt lat="35.93646" lon="120.20859">
				<ele>40.0</ele>
				<time>2021-02-21T09:44:54Z</time>
					<extensions>
						<ns3:TrackPointExtension>
						</ns3:TrackPointExtension>
					</extensions>
			</trkpt>
			<trkpt lat="35.93643" lon="120.208565">
				<ele>40.0</ele>
				<time>2021-02-21T09:44:55Z</time>
					<extensions>
						<ns3:TrackPointExtension>
						</ns3:TrackPointExtension>
					</extensions>
			</trkpt>
			<trkpt lat="35.936417" lon="120.20855">
				<ele>40.0</ele>
				<time>2021-02-21T09:44:56Z</time>
					<extensions>
						<ns3:TrackPointExtension>
						</ns3:TrackPointExtension>
					</extensions>
			</trkpt>
			<trkpt lat="35.936394" lon="120.20853">
				<ele>40.0</ele>
				<time>2021-02-21T09:44:57Z</time>
					<extensions>
						<ns3:TrackPointExtension>
						</ns3:TrackPointExtension>
					</extensions>
			</trkpt>
			<trkpt lat="35.93638" lon="120.20852">
				<ele>40.0</ele>
				<time>2021-02-21T09:44:58Z</time>
					<extensions>
						<ns3:TrackPointExtension>
						</ns3:TrackPointExtension>
					</extensions>
			</trkpt>
			<trkpt lat="35.936367" lon="120.208496">
				<ele>40.0</ele>
				<time>2021-02-21T09:44:59Z</time>
					<extensions>
						<ns3:TrackPointExtension>
						</ns3:TrackPointExtension>
					</extensions>
			</trkpt>
			<trkpt lat="35.936337" lon="120.208466">
				<ele>40.0</ele>
				<time>2021-02-21T09:45:00Z</time>
					<extensions>
						<ns3:TrackPointExtension>
						</ns3:TrackPointExtension>
					</extensions>
			</trkpt>
			<trkpt lat="35.93631" lon="120.20844">
				<ele>40.0</ele>
				<time>2021-02-21T09:45:01Z</time>
					<extensions>
						<ns3:TrackPointExtension>
						</ns3:TrackPointExtension>
					</extensions>
			</trkpt>
			<trkpt lat="35.936283" lon="120.20841">
				<ele>40.0</ele>
				<time>2021-02-21T09:45:02Z</time>
					<extensions>
						<ns3:TrackPointExtension>
						</ns3:TrackPointExtension>
					</extensions>
			</trkpt>
			<trkpt lat="35.936268" lon="120.2084">
				<ele>40.0</ele>
				<time>2021-02-21T09:45:03Z</time>
					<extensions>
						<ns3:TrackPointExtension>
						</ns3:TrackPointExtension>
					</extensions>
			</trkpt>
			<trkpt lat="35.936245" lon="120.208374">
				<ele>40.0</ele>
				<time>2021-02-21T09:45:04Z</time>
					<extensions>
						<ns3:TrackPointExtension>
						</ns3:TrackPointExtension>
					</extensions>
			</trkpt>
			<trkpt lat="35.936226" lon="120.20835">
				<ele>40.0</ele>
				<time>2021-02-21T09:45:05Z</time>
					<extensions>
						<ns3:TrackPointExtension>
						</ns3:TrackPointExtension>
					</extensions>
			</trkpt>
			<trkpt lat="35.936195" lon="120.20832">
				<ele>40.0</ele>
				<time>2021-02-21T09:45:06Z</time>
					<extensions>
						<ns3:TrackPointExtension>
						</ns3:TrackPointExtension>
					</extensions>
			</trkpt>
			<trkpt lat="35.93617" lon="120.20829">
				<ele>40.0</ele>
				<time>2021-02-21T09:45:07Z</time>
					<extensions>
						<ns3:TrackPointExtension>
						</ns3:TrackPointExtension>
					</extensions>
			</trkpt>
			<trkpt lat="35.936146" lon="120.208275">
				<ele>40.0</ele>
				<time>2021-02-21T09:45:08Z</time>
					<extensions>
						<ns3:TrackPointExtension>
						</ns3:TrackPointExtension>
					</extensions>
			</trkpt>
			<trkpt lat="35.936127" lon="120.20825">
				<ele>40.0</ele>
				<time>2021-02-21T09:45:09Z</time>
					<extensions>
						<ns3:TrackPointExtension>
						</ns3:TrackPointExtension>
					</extensions>
			</trkpt>
			<trkpt lat="35.93611" lon="120.20823">
				<ele>40.0</ele>
				<time>2021-02-21T09:45:10Z</time>
					<extensions>
						<ns3:TrackPointExtension>
						</ns3:TrackPointExtension>
					</extensions>
			</trkpt>
			<trkpt lat="35.93609" lon="120.2082">
				<ele>40.0</ele>
				<time>2021-02-21T09:45:11Z</time>
					<extensions>
						<ns3:TrackPointExtension>
						</ns3:TrackPointExtension>
					</extensions>
			</trkpt>
			<trkpt lat="35.936066" lon="120.208176">
				<ele>40.0</ele>
				<time>2021-02-21T09:45:12Z</time>
					<extensions>
						<ns3:TrackPointExtension>
						</ns3:TrackPointExtension>
					</extensions>
			</trkpt>
			<trkpt lat="35.936058" lon="120.20817">
				<ele>40.0</ele>
				<time>2021-02-21T09:45:13Z</time>
					<extensions>
						<ns3:TrackPointExtension>
						</ns3:TrackPointExtension>
					</extensions>
			</trkpt>
			<trkpt lat="35.936043" lon="120.208145">
				<ele>40.0</ele>
				<time>2021-02-21T09:45:14Z</time>
					<extensions>
						<ns3:TrackPointExtension>
						</ns3:TrackPointExtension>
					</extensions>
			</trkpt>
			<trkpt lat="35.936035" lon="120.20814">
				<ele>40.0</ele>
				<time>2021-02-21T09:45:15Z</time>
					<extensions>
						<ns3:TrackPointExtension>
						</ns3:TrackPointExtension>
					</extensions>
			</trkpt>
			<trkpt lat="35.936012" lon="120.208115">
				<ele>40.0</ele>
				<time>2021-02-21T09:45:16Z</time>
					<extensions>
						<ns3:TrackPointExtension>
						</ns3:TrackPointExtension>
					</extensions>
			</trkpt>
			<trkpt lat="35.93599" lon="120.208084">
				<ele>40.0</ele>
				<time>2021-02-21T09:45:17Z</time>
					<extensions>
						<ns3:TrackPointExtension>
						</ns3:TrackPointExtension>
					</extensions>
			</trkpt>
			<trkpt lat="35.935963" lon="120.20805">
				<ele>40.0</ele>
				<time>2021-02-21T09:45:18Z</time>
					<extensions>
						<ns3:TrackPointExtension>
						</ns3:TrackPointExtension>
					</extensions>
			</trkpt>
			<trkpt lat="35.935944" lon="120.20804">
				<ele>40.0</ele>
				<time>2021-02-21T09:45:19Z</time>
					<extensions>
						<ns3:TrackPointExtension>
						</ns3:TrackPointExtension>
					</extensions>
			</trkpt>
			<trkpt lat="35.935925" lon="120.208015">
				<ele>40.0</ele>
				<time>2021-02-21T09:45:20Z</time>
					<extensions>
						<ns3:TrackPointExtension>
						</ns3:TrackPointExtension>
					</extensions>
			</trkpt>
			<trkpt lat="35.93591" lon="120.207954">
				<ele>40.0</ele>
				<time>2021-02-21T09:45:21Z</time>
					<extensions>
						<ns3:TrackPointExtension>
						</ns3:TrackPointExtension>
					</extensions>
			</trkpt>
			<trkpt lat="35.935886" lon="120.20793">
				<ele>40.0</ele>
				<time>2021-02-21T09:45:22Z</time>
					<extensions>
						<ns3:TrackPointExtension>
						</ns3:TrackPointExtension>
					</extensions>
			</trkpt>
			<trkpt lat="35.93587" lon="120.2079">
				<ele>40.0</ele>
				<time>2021-02-21T09:45:23Z</time>
					<extensions>
						<ns3:TrackPointExtension>
						</ns3:TrackPointExtension>
					</extensions>
			</trkpt>
			<trkpt lat="35.935852" lon="120.20787">
				<ele>40.0</ele>
				<time>2021-02-21T09:45:24Z</time>
					<extensions>
						<ns3:TrackPointExtension>
						</ns3:TrackPointExtension>
					</extensions>
			</trkpt>
			<trkpt lat="35.93584" lon="120.20786">
				<ele>40.0</ele>
				<time>2021-02-21T09:45:25Z</time>
					<extensions>
						<ns3:TrackPointExtension>
						</ns3:TrackPointExtension>
					</extensions>
			</trkpt>
			<trkpt lat="35.93582" lon="120.20783">
				<ele>40.0</ele>
				<time>2021-02-21T09:45:26Z</time>
					<extensions>
						<ns3:TrackPointExtension>
						</ns3:TrackPointExtension>
					</extensions>
			</trkpt>
			<trkpt lat="35.9358" lon="120.2078">
				<ele>40.0</ele>
				<time>2021-02-21T09:45:27Z</time>
					<extensions>
						<ns3:TrackPointExtension>
						</ns3:TrackPointExtension>
					</extensions>
			</trkpt>
			<trkpt lat="35.935783" lon="120.20778">
				<ele>40.0</ele>
				<time>2021-02-21T09:45:28Z</time>
					<extensions>
						<ns3:TrackPointExtension>
						</ns3:TrackPointExtension>
					</extensions>
			</trkpt>
			<trkpt lat="35.93576" lon="120.20775">
				<ele>40.0</ele>
				<time>2021-02-21T09:45:29Z</time>
					<extensions>
						<ns3:TrackPointExtension>
						</ns3:TrackPointExtension>
					</extensions>
			</trkpt>
			<trkpt lat="35.935734" lon="120.20772">
				<ele>40.0</ele>
				<time>2021-02-21T09:45:30Z</time>
					<extensions>
						<ns3:TrackPointExtension>
						</ns3:TrackPointExtension>
					</extensions>
			</trkpt>
			<trkpt lat="35.935715" lon="120.207695">
				<ele>40.0</ele>
				<time>2021-02-21T09:45:31Z</time>
					<extensions>
						<ns3:TrackPointExtension>
						</ns3:TrackPointExtension>
					</extensions>
			</trkpt>
			<trkpt lat="35.9357" lon="120.207664">
				<ele>40.0</ele>
				<time>2021-02-21T09:45:32Z</time>
					<extensions>
						<ns3:TrackPointExtension>
						</ns3:TrackPointExtension>
					</extensions>
			</trkpt>
			<trkpt lat="35.935677" lon="120.207634">
				<ele>40.0</ele>
				<time>2021-02-21T09:45:33Z</time>
					<extensions>
						<ns3:TrackPointExtension>
						</ns3:TrackPointExtension>
					</extensions>
			</trkpt>
			<trkpt lat="35.93566" lon="120.20762">
				<ele>40.0</ele>
				<time>2021-02-21T09:45:34Z</time>
					<extensions>
						<ns3:TrackPointExtension>
						</ns3:TrackPointExtension>
					</extensions>
			</trkpt>
			<trkpt lat="35.935646" lon="120.207596">
				<ele>40.0</ele>
				<time>2021-02-21T09:45:35Z</time>
					<extensions>
						<ns3:TrackPointExtension>
						</ns3:TrackPointExtension>
					</extensions>
			</trkpt>
			<trkpt lat="35.93562" lon="120.207565">
				<ele>40.0</ele>
				<time>2021-02-21T09:45:36Z</time>
					<extensions>
						<ns3:TrackPointExtension>
						</ns3:TrackPointExtension>
					</extensions>
			</trkpt>
			<trkpt lat="35.935608" lon="120.20756">
				<ele>40.0</ele>
				<time>2021-02-21T09:45:37Z</time>
					<extensions>
						<ns3:TrackPointExtension>
						</ns3:TrackPointExtension>
					</extensions>
			</trkpt>
			<trkpt lat="35.935585" lon="120.20753">
				<ele>40.0</ele>
				<time>2021-02-21T09:45:38Z</time>
					<extensions>
						<ns3:TrackPointExtension>
						</ns3:TrackPointExtension>
					</extensions>
			</trkpt>
			<trkpt lat="35.93557" lon="120.207504">
				<ele>40.0</ele>
				<time>2021-02-21T09:45:39Z</time>
					<extensions>
						<ns3:TrackPointExtension>
						</ns3:TrackPointExtension>
					</extensions>
			</trkpt>
			<trkpt lat="35.93556" lon="120.20748">
				<ele>40.0</ele>
				<time>2021-02-21T09:45:40Z</time>
					<extensions>
						<ns3:TrackPointExtension>
						</ns3:TrackPointExtension>
					</extensions>
			</trkpt>
			<trkpt lat="35.935543" lon="120.20745">
				<ele>40.0</ele>
				<time>2021-02-21T09:45:41Z</time>
					<extensions>
						<ns3:TrackPointExtension>
						</ns3:TrackPointExtension>
					</extensions>
			</trkpt>
			<trkpt lat="35.935528" lon="120.20743">
				<ele>40.0</ele>
				<time>2021-02-21T09:45:42Z</time>
					<extensions>
						<ns3:TrackPointExtension>
						</ns3:TrackPointExtension>
					</extensions>
			</trkpt>
			<trkpt lat="35.935513" lon="120.2074">
				<ele>40.0</ele>
				<time>2021-02-21T09:45:43Z</time>
					<extensions>
						<ns3:TrackPointExtension>
						</ns3:TrackPointExtension>
					</extensions>
			</trkpt>
			<trkpt lat="35.935497" lon="120.20738">
				<ele>40.0</ele>
				<time>2021-02-21T09:45:44Z</time>
					<extensions>
						<ns3:TrackPointExtension>
						</ns3:TrackPointExtension>
					</extensions>
			</trkpt>
			<trkpt lat="35.935482" lon="120.20736">
				<ele>40.0</ele>
				<time>2021-02-21T09:45:45Z</time>
					<extensions>
						<ns3:TrackPointExtension>
						</ns3:TrackPointExtension>
					</extensions>
			</trkpt>
			<trkpt lat="35.93546" lon="120.20733">
				<ele>40.0</ele>
				<time>2021-02-21T09:45:46Z</time>
					<extensions>
						<ns3:TrackPointExtension>
						</ns3:TrackPointExtension>
					</extensions>
			</trkpt>
			<trkpt lat="35.935444" lon="120.207306">
				<ele>40.0</ele>
				<time>2021-02-21T09:45:47Z</time>
					<extensions>
						<ns3:TrackPointExtension>
						</ns3:TrackPointExtension>
					</extensions>
			</trkpt>
			<trkpt lat="35.93543" lon="120.207275">
				<ele>40.0</ele>
				<time>2021-02-21T09:45:48Z</time>
					<extensions>
						<ns3:TrackPointExtension>
						</ns3:TrackPointExtension>
					</extensions>
			</trkpt>
			<trkpt lat="35.935413" lon="120.20726">
				<ele>40.0</ele>
				<time>2021-02-21T09:45:49Z</time>
					<extensions>
						<ns3:TrackPointExtension>
						</ns3:TrackPointExtension>
					</extensions>
			</trkpt>
			<trkpt lat="35.935402" lon="120.20724">
				<ele>40.0</ele>
				<time>2021-02-21T09:45:50Z</time>
					<extensions>
						<ns3:TrackPointExtension>
						</ns3:TrackPointExtension>
					</extensions>
			</trkpt>
			<trkpt lat="35.935387" lon="120.20721">
				<ele>40.0</ele>
				<time>2021-02-21T09:45:51Z</time>
					<extensions>
						<ns3:TrackPointExtension>
						</ns3:TrackPointExtension>
					</extensions>
			</trkpt>
			<trkpt lat="35.93537" lon="120.207184">
				<ele>40.0</ele>
				<time>2021-02-21T09:45:52Z</time>
					<extensions>
						<ns3:TrackPointExtension>
						</ns3:TrackPointExtension>
					</extensions>
			</trkpt>
			<trkpt lat="35.935356" lon="120.20717">
				<ele>40.0</ele>
				<time>2021-02-21T09:45:53Z</time>
					<extensions>
						<ns3:TrackPointExtension>
						</ns3:TrackPointExtension>
					</extensions>
			</trkpt>
			<trkpt lat="35.93534" lon="120.207146">
				<ele>40.0</ele>
				<time>2021-02-21T09:45:54Z</time>
					<extensions>
						<ns3:TrackPointExtension>
						</ns3:TrackPointExtension>
					</extensions>
			</trkpt>
			<trkpt lat="35.935326" lon="120.207115">
				<ele>40.0</ele>
				<time>2021-02-21T09:45:55Z</time>
					<extensions>
						<ns3:TrackPointExtension>
						</ns3:TrackPointExtension>
					</extensions>
			</trkpt>
			<trkpt lat="35.935303" lon="120.207085">
				<ele>40.0</ele>
				<time>2021-02-21T09:45:56Z</time>
					<extensions>
						<ns3:TrackPointExtension>
						</ns3:TrackPointExtension>
					</extensions>
			</trkpt>
			<trkpt lat="35.935295" lon="120.20706">
				<ele>40.0</ele>
				<time>2021-02-21T09:45:57Z</time>
					<extensions>
						<ns3:TrackPointExtension>
						</ns3:TrackPointExtension>
					</extensions>
			</trkpt>
			<trkpt lat="35.93528" lon="120.20704">
				<ele>40.0</ele>
				<time>2021-02-21T09:45:58Z</time>
					<extensions>
						<ns3:TrackPointExtension>
						</ns3:TrackPointExtension>
					</extensions>
			</trkpt>
			<trkpt lat="35.935265" lon="120.20702">
				<ele>39.0</ele>
				<time>2021-02-21T09:45:59Z</time>
					<extensions>
						<ns3:TrackPointExtension>
						</ns3:TrackPointExtension>
					</extensions>
			</trkpt>
			<trkpt lat="35.935253" lon="120.20699">
				<ele>39.0</ele>
				<time>2021-02-21T09:46:00Z</time>
					<extensions>
						<ns3:TrackPointExtension>
						</ns3:TrackPointExtension>
					</extensions>
			</trkpt>
			<trkpt lat="35.935238" lon="120.20697">
				<ele>39.0</ele>
				<time>2021-02-21T09:46:01Z</time>
					<extensions>
						<ns3:TrackPointExtension>
						</ns3:TrackPointExtension>
					</extensions>
			</trkpt>
			<trkpt lat="35.935223" lon="120.20694">
				<ele>39.0</ele>
				<time>2021-02-21T09:46:02Z</time>
					<extensions>
						<ns3:TrackPointExtension>
						</ns3:TrackPointExtension>
					</extensions>
			</trkpt>
			<trkpt lat="35.93521" lon="120.20692">
				<ele>39.0</ele>
				<time>2021-02-21T09:46:03Z</time>
					<extensions>
						<ns3:TrackPointExtension>
						</ns3:TrackPointExtension>
					</extensions>
			</trkpt>
			<trkpt lat="35.9352" lon="120.2069">
				<ele>39.0</ele>
				<time>2021-02-21T09:46:04Z</time>
					<extensions>
						<ns3:TrackPointExtension>
						</ns3:TrackPointExtension>
					</extensions>
			</trkpt>
			<trkpt lat="35.935192" lon="120.20688">
				<ele>39.0</ele>
				<time>2021-02-21T09:46:05Z</time>
					<extensions>
						<ns3:TrackPointExtension>
						</ns3:TrackPointExtension>
					</extensions>
			</trkpt>
			<trkpt lat="35.93518" lon="120.206856">
				<ele>39.0</ele>
				<time>2021-02-21T09:46:06Z</time>
					<extensions>
						<ns3:TrackPointExtension>
						</ns3:TrackPointExtension>
					</extensions>
			</trkpt>
			<trkpt lat="35.93517" lon="120.20684">
				<ele>39.0</ele>
				<time>2021-02-21T09:46:07Z</time>
					<extensions>
						<ns3:TrackPointExtension>
						</ns3:TrackPointExtension>
					</extensions>
			</trkpt>
			<trkpt lat="35.935154" lon="120.20681">
				<ele>39.0</ele>
				<time>2021-02-21T09:46:08Z</time>
					<extensions>
						<ns3:TrackPointExtension>
						</ns3:TrackPointExtension>
					</extensions>
			</trkpt>
			<trkpt lat="35.935146" lon="120.20679">
				<ele>39.0</ele>
				<time>2021-02-21T09:46:09Z</time>
					<extensions>
						<ns3:TrackPointExtension>
						</ns3:TrackPointExtension>
					</extensions>
			</trkpt>
			<trkpt lat="35.93513" lon="120.20676">
				<ele>39.0</ele>
				<time>2021-02-21T09:46:10Z</time>
					<extensions>
						<ns3:TrackPointExtension>
						</ns3:TrackPointExtension>
					</extensions>
			</trkpt>
			<trkpt lat="35.93512" lon="120.20673">
				<ele>39.0</ele>
				<time>2021-02-21T09:46:11Z</time>
					<extensions>
						<ns3:TrackPointExtension>
						</ns3:TrackPointExtension>
					</extensions>
			</trkpt>
			<trkpt lat="35.93511" lon="120.20672">
				<ele>39.0</ele>
				<time>2021-02-21T09:46:12Z</time>
					<extensions>
						<ns3:TrackPointExtension>
						</ns3:TrackPointExtension>
					</extensions>
			</trkpt>
			<trkpt lat="35.9351" lon="120.206696">
				<ele>39.0</ele>
				<time>2021-02-21T09:46:13Z</time>
					<extensions>
						<ns3:TrackPointExtension>
						</ns3:TrackPointExtension>
					</extensions>
			</trkpt>
			<trkpt lat="35.93509" lon="120.206665">
				<ele>39.0</ele>
				<time>2021-02-21T09:46:14Z</time>
					<extensions>
						<ns3:TrackPointExtension>
						</ns3:TrackPointExtension>
					</extensions>
			</trkpt>
			<trkpt lat="35.935078" lon="120.20664">
				<ele>39.0</ele>
				<time>2021-02-21T09:46:15Z</time>
					<extensions>
						<ns3:TrackPointExtension>
						</ns3:TrackPointExtension>
					</extensions>
			</trkpt>
			<trkpt lat="35.93507" lon="120.20662">
				<ele>39.0</ele>
				<time>2021-02-21T09:46:16Z</time>
					<extensions>
						<ns3:TrackPointExtension>
						</ns3:TrackPointExtension>
					</extensions>
			</trkpt>
			<trkpt lat="35.93505" lon="120.20658">
				<ele>39.0</ele>
				<time>2021-02-21T09:46:17Z</time>
					<extensions>
						<ns3:TrackPointExtension>
						</ns3:TrackPointExtension>
					</extensions>
			</trkpt>
			<trkpt lat="35.935036" lon="120.20656">
				<ele>39.0</ele>
				<time>2021-02-21T09:46:18Z</time>
					<extensions>
						<ns3:TrackPointExtension>
						</ns3:TrackPointExtension>
					</extensions>
			</trkpt>
			<trkpt lat="35.93502" lon="120.20653">
				<ele>39.0</ele>
				<time>2021-02-21T09:46:19Z</time>
					<extensions>
						<ns3:TrackPointExtension>
						</ns3:TrackPointExtension>
					</extensions>
			</trkpt>
			<trkpt lat="35.935005" lon="120.2065">
				<ele>39.0</ele>
				<time>2021-02-21T09:46:20Z</time>
					<extensions>
						<ns3:TrackPointExtension>
						</ns3:TrackPointExtension>
					</extensions>
			</trkpt>
			<trkpt lat="35.93499" lon="120.20646">
				<ele>39.0</ele>
				<time>2021-02-21T09:46:21Z</time>
					<extensions>
						<ns3:TrackPointExtension>
						</ns3:TrackPointExtension>
					</extensions>
			</trkpt>
			<trkpt lat="35.93498" lon="120.206436">
				<ele>39.0</ele>
				<time>2021-02-21T09:46:22Z</time>
					<extensions>
						<ns3:TrackPointExtension>
						</ns3:TrackPointExtension>
					</extensions>
			</trkpt>
			<trkpt lat="35.934967" lon="120.20642">
				<ele>39.0</ele>
				<time>2021-02-21T09:46:23Z</time>
					<extensions>
						<ns3:TrackPointExtension>
						</ns3:TrackPointExtension>
					</extensions>
			</trkpt>
			<trkpt lat="35.93495" lon="120.20639">
				<ele>39.0</ele>
				<time>2021-02-21T09:46:24Z</time>
					<extensions>
						<ns3:TrackPointExtension>
						</ns3:TrackPointExtension>
					</extensions>
			</trkpt>
			<trkpt lat="35.934937" lon="120.20636">
				<ele>39.0</ele>
				<time>2021-02-21T09:46:25Z</time>
					<extensions>
						<ns3:TrackPointExtension>
						</ns3:TrackPointExtension>
					</extensions>
			</trkpt>
			<trkpt lat="35.93493" lon="120.20634">
				<ele>39.0</ele>
				<time>2021-02-21T09:46:26Z</time>
					<extensions>
						<ns3:TrackPointExtension>
						</ns3:TrackPointExtension>
					</extensions>
			</trkpt>
			<trkpt lat="35.93491" lon="120.20631">
				<ele>39.0</ele>
				<time>2021-02-21T09:46:27Z</time>
					<extensions>
						<ns3:TrackPointExtension>
						</ns3:TrackPointExtension>
					</extensions>
			</trkpt>
			<trkpt lat="35.9349" lon="120.206276">
				<ele>39.0</ele>
				<time>2021-02-21T09:46:28Z</time>
					<extensions>
						<ns3:TrackPointExtension>
						</ns3:TrackPointExtension>
					</extensions>
			</trkpt>
			<trkpt lat="35.934883" lon="120.206245">
				<ele>39.0</ele>
				<time>2021-02-21T09:46:29Z</time>
					<extensions>
						<ns3:TrackPointExtension>
						</ns3:TrackPointExtension>
					</extensions>
			</trkpt>
			<trkpt lat="35.93487" lon="120.206215">
				<ele>39.0</ele>
				<time>2021-02-21T09:46:30Z</time>
					<extensions>
						<ns3:TrackPointExtension>
						</ns3:TrackPointExtension>
					</extensions>
			</trkpt>
			<trkpt lat="35.934856" lon="120.206184">
				<ele>39.0</ele>
				<time>2021-02-21T09:46:31Z</time>
					<extensions>
						<ns3:TrackPointExtension>
						</ns3:TrackPointExtension>
					</extensions>
			</trkpt>
			<trkpt lat="35.934845" lon="120.206154">
				<ele>38.0</ele>
				<time>2021-02-21T09:46:32Z</time>
					<extensions>
						<ns3:TrackPointExtension>
						</ns3:TrackPointExtension>
					</extensions>
			</trkpt>
			<trkpt lat="35.934834" lon="120.20612">
				<ele>38.0</ele>
				<time>2021-02-21T09:46:33Z</time>
					<extensions>
						<ns3:TrackPointExtension>
						</ns3:TrackPointExtension>
					</extensions>
			</trkpt>
			<trkpt lat="35.934822" lon="120.2061">
				<ele>38.0</ele>
				<time>2021-02-21T09:46:34Z</time>
					<extensions>
						<ns3:TrackPointExtension>
						</ns3:TrackPointExtension>
					</extensions>
			</trkpt>
			<trkpt lat="35.934807" lon="120.20607">
				<ele>38.0</ele>
				<time>2021-02-21T09:46:35Z</time>
					<extensions>
						<ns3:TrackPointExtension>
						</ns3:TrackPointExtension>
					</extensions>
			</trkpt>
			<trkpt lat="35.934795" lon="120.20604">
				<ele>38.0</ele>
				<time>2021-02-21T09:46:36Z</time>
					<extensions>
						<ns3:TrackPointExtension>
						</ns3:TrackPointExtension>
					</extensions>
			</trkpt>
			<trkpt lat="35.93478" lon="120.20601">
				<ele>38.0</ele>
				<time>2021-02-21T09:46:37Z</time>
					<extensions>
						<ns3:TrackPointExtension>
						</ns3:TrackPointExtension>
					</extensions>
			</trkpt>
			<trkpt lat="35.934772" lon="120.20598">
				<ele>38.0</ele>
				<time>2021-02-21T09:46:38Z</time>
					<extensions>
						<ns3:TrackPointExtension>
						</ns3:TrackPointExtension>
					</extensions>
			</trkpt>
			<trkpt lat="35.934757" lon="120.205956">
				<ele>38.0</ele>
				<time>2021-02-21T09:46:39Z</time>
					<extensions>
						<ns3:TrackPointExtension>
						</ns3:TrackPointExtension>
					</extensions>
			</trkpt>
			<trkpt lat="35.934746" lon="120.205925">
				<ele>38.0</ele>
				<time>2021-02-21T09:46:40Z</time>
					<extensions>
						<ns3:TrackPointExtension>
						</ns3:TrackPointExtension>
					</extensions>
			</trkpt>
			<trkpt lat="35.934734" lon="120.205894">
				<ele>38.0</ele>
				<time>2021-02-21T09:46:41Z</time>
					<extensions>
						<ns3:TrackPointExtension>
						</ns3:TrackPointExtension>
					</extensions>
			</trkpt>
			<trkpt lat="35.934727" lon="120.20587">
				<ele>38.0</ele>
				<time>2021-02-21T09:46:42Z</time>
					<extensions>
						<ns3:TrackPointExtension>
						</ns3:TrackPointExtension>
					</extensions>
			</trkpt>
			<trkpt lat="35.934715" lon="120.20586">
				<ele>38.0</ele>
				<time>2021-02-21T09:46:43Z</time>
					<extensions>
						<ns3:TrackPointExtension>
						</ns3:TrackPointExtension>
					</extensions>
			</trkpt>
			<trkpt lat="35.934704" lon="120.205826">
				<ele>38.0</ele>
				<time>2021-02-21T09:46:44Z</time>
					<extensions>
						<ns3:TrackPointExtension>
						</ns3:TrackPointExtension>
					</extensions>
			</trkpt>
			<trkpt lat="35.93469" lon="120.205795">
				<ele>38.0</ele>
				<time>2021-02-21T09:46:45Z</time>
					<extensions>
						<ns3:TrackPointExtension>
						</ns3:TrackPointExtension>
					</extensions>
			</trkpt>
			<trkpt lat="35.93468" lon="120.20577">
				<ele>38.0</ele>
				<time>2021-02-21T09:46:46Z</time>
					<extensions>
						<ns3:TrackPointExtension>
						</ns3:TrackPointExtension>
					</extensions>
			</trkpt>
			<trkpt lat="35.934666" lon="120.20575">
				<ele>39.0</ele>
				<time>2021-02-21T09:46:47Z</time>
					<extensions>
						<ns3:TrackPointExtension>
						</ns3:TrackPointExtension>
					</extensions>
			</trkpt>
			<trkpt lat="35.934658" lon="120.20572">
				<ele>39.0</ele>
				<time>2021-02-21T09:46:48Z</time>
					<extensions>
						<ns3:TrackPointExtension>
						</ns3:TrackPointExtension>
					</extensions>
			</trkpt>
			<trkpt lat="35.934647" lon="120.20569">
				<ele>39.0</ele>
				<time>2021-02-21T09:46:49Z</time>
					<extensions>
						<ns3:TrackPointExtension>
						</ns3:TrackPointExtension>
					</extensions>
			</trkpt>
			<trkpt lat="35.93463" lon="120.20567">
				<ele>39.0</ele>
				<time>2021-02-21T09:46:50Z</time>
					<extensions>
						<ns3:TrackPointExtension>
						</ns3:TrackPointExtension>
					</extensions>
			</trkpt>
			<trkpt lat="35.934624" lon="120.20564">
				<ele>39.0</ele>
				<time>2021-02-21T09:46:51Z</time>
					<extensions>
						<ns3:TrackPointExtension>
						</ns3:TrackPointExtension>
					</extensions>
			</trkpt>
			<trkpt lat="35.93461" lon="120.20561">
				<ele>39.0</ele>
				<time>2021-02-21T09:46:52Z</time>
					<extensions>
						<ns3:TrackPointExtension>
						</ns3:TrackPointExtension>
					</extensions>
			</trkpt>
			<trkpt lat="35.9346" lon="120.20559">
				<ele>39.0</ele>
				<time>2021-02-21T09:46:53Z</time>
					<extensions>
						<ns3:TrackPointExtension>
						</ns3:TrackPointExtension>
					</extensions>
			</trkpt>
			<trkpt lat="35.934586" lon="120.20557">
				<ele>39.0</ele>
				<time>2021-02-21T09:46:54Z</time>
					<extensions>
						<ns3:TrackPointExtension>
						</ns3:TrackPointExtension>
					</extensions>
			</trkpt>
			<trkpt lat="35.934574" lon="120.205536">
				<ele>39.0</ele>
				<time>2021-02-21T09:46:55Z</time>
					<extensions>
						<ns3:TrackPointExtension>
						</ns3:TrackPointExtension>
					</extensions>
			</trkpt>
			<trkpt lat="35.934566" lon="120.205505">
				<ele>39.0</ele>
				<time>2021-02-21T09:46:56Z</time>
					<extensions>
						<ns3:TrackPointExtension>
						</ns3:TrackPointExtension>
					</extensions>
			</trkpt>
			<trkpt lat="35.93455" lon="120.205475">
				<ele>39.0</ele>
				<time>2021-02-21T09:46:57Z</time>
					<extensions>
						<ns3:TrackPointExtension>
						</ns3:TrackPointExtension>
					</extensions>
			</trkpt>
			<trkpt lat="35.93454" lon="120.205444">
				<ele>39.0</ele>
				<time>2021-02-21T09:46:58Z</time>
					<extensions>
						<ns3:TrackPointExtension>
						</ns3:TrackPointExtension>
					</extensions>
			</trkpt>
			<trkpt lat="35.934532" lon="120.20542">
				<ele>39.0</ele>
				<time>2021-02-21T09:46:59Z</time>
					<extensions>
						<ns3:TrackPointExtension>
						</ns3:TrackPointExtension>
					</extensions>
			</trkpt>
			<trkpt lat="35.934517" lon="120.20539">
				<ele>39.0</ele>
				<time>2021-02-21T09:47:00Z</time>
					<extensions>
						<ns3:TrackPointExtension>
						</ns3:TrackPointExtension>
					</extensions>
			</trkpt>
			<trkpt lat="35.934505" lon="120.20536">
				<ele>39.0</ele>
				<time>2021-02-21T09:47:01Z</time>
					<extensions>
						<ns3:TrackPointExtension>
						</ns3:TrackPointExtension>
					</extensions>
			</trkpt>
			<trkpt lat="35.934494" lon="120.20533">
				<ele>39.0</ele>
				<time>2021-02-21T09:47:02Z</time>
					<extensions>
						<ns3:TrackPointExtension>
						</ns3:TrackPointExtension>
					</extensions>
			</trkpt>
			<trkpt lat="35.93448" lon="120.2053">
				<ele>39.0</ele>
				<time>2021-02-21T09:47:03Z</time>
					<extensions>
						<ns3:TrackPointExtension>
						</ns3:TrackPointExtension>
					</extensions>
			</trkpt>
			<trkpt lat="35.934467" lon="120.20527">
				<ele>39.0</ele>
				<time>2021-02-21T09:47:04Z</time>
					<extensions>
						<ns3:TrackPointExtension>
						</ns3:TrackPointExtension>
					</extensions>
			</trkpt>
			<trkpt lat="35.93446" lon="120.20524">
				<ele>39.0</ele>
				<time>2021-02-21T09:47:05Z</time>
					<extensions>
						<ns3:TrackPointExtension>
						</ns3:TrackPointExtension>
					</extensions>
			</trkpt>
			<trkpt lat="35.934452" lon="120.20521">
				<ele>39.0</ele>
				<time>2021-02-21T09:47:06Z</time>
					<extensions>
						<ns3:TrackPointExtension>
						</ns3:TrackPointExtension>
					</extensions>
			</trkpt>
			<trkpt lat="35.934437" lon="120.20518">
				<ele>39.0</ele>
				<time>2021-02-21T09:47:07Z</time>
					<extensions>
						<ns3:TrackPointExtension>
						</ns3:TrackPointExtension>
					</extensions>
			</trkpt>
			<trkpt lat="35.934425" lon="120.20516">
				<ele>39.0</ele>
				<time>2021-02-21T09:47:08Z</time>
					<extensions>
						<ns3:TrackPointExtension>
						</ns3:TrackPointExtension>
					</extensions>
			</trkpt>
			<trkpt lat="35.934414" lon="120.205124">
				<ele>39.0</ele>
				<time>2021-02-21T09:47:09Z</time>
					<extensions>
						<ns3:TrackPointExtension>
						</ns3:TrackPointExtension>
					</extensions>
			</trkpt>
			<trkpt lat="35.934406" lon="120.20511">
				<ele>39.0</ele>
				<time>2021-02-21T09:47:10Z</time>
					<extensions>
						<ns3:TrackPointExtension>
						</ns3:TrackPointExtension>
					</extensions>
			</trkpt>
			<trkpt lat="35.93439" lon="120.205086">
				<ele>39.0</ele>
				<time>2021-02-21T09:47:11Z</time>
					<extensions>
						<ns3:TrackPointExtension>
						</ns3:TrackPointExtension>
					</extensions>
			</trkpt>
			<trkpt lat="35.93438" lon="120.205055">
				<ele>39.0</ele>
				<time>2021-02-21T09:47:12Z</time>
					<extensions>
						<ns3:TrackPointExtension>
						</ns3:TrackPointExtension>
					</extensions>
			</trkpt>
			<trkpt lat="35.93437" lon="120.205025">
				<ele>39.0</ele>
				<time>2021-02-21T09:47:13Z</time>
					<extensions>
						<ns3:TrackPointExtension>
						</ns3:TrackPointExtension>
					</extensions>
			</trkpt>
			<trkpt lat="35.934353" lon="120.205">
				<ele>39.0</ele>
				<time>2021-02-21T09:47:14Z</time>
					<extensions>
						<ns3:TrackPointExtension>
						</ns3:TrackPointExtension>
					</extensions>
			</trkpt>
			<trkpt lat="35.934338" lon="120.20497">
				<ele>39.0</ele>
				<time>2021-02-21T09:47:15Z</time>
					<extensions>
						<ns3:TrackPointExtension>
						</ns3:TrackPointExtension>
					</extensions>
			</trkpt>
			<trkpt lat="35.934326" lon="120.20494">
				<ele>39.0</ele>
				<time>2021-02-21T09:47:16Z</time>
					<extensions>
						<ns3:TrackPointExtension>
						</ns3:TrackPointExtension>
					</extensions>
			</trkpt>
			<trkpt lat="35.93431" lon="120.20491">
				<ele>39.0</ele>
				<time>2021-02-21T09:47:17Z</time>
					<extensions>
						<ns3:TrackPointExtension>
						</ns3:TrackPointExtension>
					</extensions>
			</trkpt>
			<trkpt lat="35.934296" lon="120.20487">
				<ele>39.0</ele>
				<time>2021-02-21T09:47:18Z</time>
					<extensions>
						<ns3:TrackPointExtension>
						</ns3:TrackPointExtension>
					</extensions>
			</trkpt>
			<trkpt lat="35.93428" lon="120.20485">
				<ele>39.0</ele>
				<time>2021-02-21T09:47:19Z</time>
					<extensions>
						<ns3:TrackPointExtension>
						</ns3:TrackPointExtension>
					</extensions>
			</trkpt>
			<trkpt lat="35.93427" lon="120.20481">
				<ele>39.0</ele>
				<time>2021-02-21T09:47:20Z</time>
					<extensions>
						<ns3:TrackPointExtension>
						</ns3:TrackPointExtension>
					</extensions>
			</trkpt>
			<trkpt lat="35.934254" lon="120.20478">
				<ele>39.0</ele>
				<time>2021-02-21T09:47:21Z</time>
					<extensions>
						<ns3:TrackPointExtension>
						</ns3:TrackPointExtension>
					</extensions>
			</trkpt>
			<trkpt lat="35.934242" lon="120.20475">
				<ele>39.0</ele>
				<time>2021-02-21T09:47:22Z</time>
					<extensions>
						<ns3:TrackPointExtension>
						</ns3:TrackPointExtension>
					</extensions>
			</trkpt>
			<trkpt lat="35.934235" lon="120.20473">
				<ele>39.0</ele>
				<time>2021-02-21T09:47:23Z</time>
					<extensions>
						<ns3:TrackPointExtension>
						</ns3:TrackPointExtension>
					</extensions>
			</trkpt>
			<trkpt lat="35.93422" lon="120.20469">
				<ele>39.0</ele>
				<time>2021-02-21T09:47:24Z</time>
					<extensions>
						<ns3:TrackPointExtension>
						</ns3:TrackPointExtension>
					</extensions>
			</trkpt>
			<trkpt lat="35.93421" lon="120.20467">
				<ele>39.0</ele>
				<time>2021-02-21T09:47:25Z</time>
					<extensions>
						<ns3:TrackPointExtension>
						</ns3:TrackPointExtension>
					</extensions>
			</trkpt>
			<trkpt lat="35.9342" lon="120.20464">
				<ele>39.0</ele>
				<time>2021-02-21T09:47:26Z</time>
					<extensions>
						<ns3:TrackPointExtension>
						</ns3:TrackPointExtension>
					</extensions>
			</trkpt>
			<trkpt lat="35.93419" lon="120.20461">
				<ele>39.0</ele>
				<time>2021-02-21T09:47:27Z</time>
					<extensions>
						<ns3:TrackPointExtension>
						</ns3:TrackPointExtension>
					</extensions>
			</trkpt>
			<trkpt lat="35.93418" lon="120.2046">
				<ele>39.0</ele>
				<time>2021-02-21T09:47:28Z</time>
					<extensions>
						<ns3:TrackPointExtension>
						</ns3:TrackPointExtension>
					</extensions>
			</trkpt>
			<trkpt lat="35.93417" lon="120.20457">
				<ele>39.0</ele>
				<time>2021-02-21T09:47:29Z</time>
					<extensions>
						<ns3:TrackPointExtension>
						</ns3:TrackPointExtension>
					</extensions>
			</trkpt>
			<trkpt lat="35.93416" lon="120.20454">
				<ele>39.0</ele>
				<time>2021-02-21T09:47:30Z</time>
					<extensions>
						<ns3:TrackPointExtension>
						</ns3:TrackPointExtension>
					</extensions>
			</trkpt>
			<trkpt lat="35.934143" lon="120.20451">
				<ele>39.0</ele>
				<time>2021-02-21T09:47:31Z</time>
					<extensions>
						<ns3:TrackPointExtension>
						</ns3:TrackPointExtension>
					</extensions>
			</trkpt>
			<trkpt lat="35.934135" lon="120.20448">
				<ele>39.0</ele>
				<time>2021-02-21T09:47:32Z</time>
					<extensions>
						<ns3:TrackPointExtension>
						</ns3:TrackPointExtension>
					</extensions>
			</trkpt>
			<trkpt lat="35.93412" lon="120.20445">
				<ele>39.0</ele>
				<time>2021-02-21T09:47:33Z</time>
					<extensions>
						<ns3:TrackPointExtension>
						</ns3:TrackPointExtension>
					</extensions>
			</trkpt>
			<trkpt lat="35.93411" lon="120.20443">
				<ele>39.0</ele>
				<time>2021-02-21T09:47:34Z</time>
					<extensions>
						<ns3:TrackPointExtension>
						</ns3:TrackPointExtension>
					</extensions>
			</trkpt>
			<trkpt lat="35.9341" lon="120.204414">
				<ele>39.0</ele>
				<time>2021-02-21T09:47:35Z</time>
					<extensions>
						<ns3:TrackPointExtension>
						</ns3:TrackPointExtension>
					</extensions>
			</trkpt>
			<trkpt lat="35.93409" lon="120.204384">
				<ele>39.0</ele>
				<time>2021-02-21T09:47:36Z</time>
					<extensions>
						<ns3:TrackPointExtension>
						</ns3:TrackPointExtension>
					</extensions>
			</trkpt>
			<trkpt lat="35.93408" lon="120.20436">
				<ele>39.0</ele>
				<time>2021-02-21T09:47:37Z</time>
					<extensions>
						<ns3:TrackPointExtension>
						</ns3:TrackPointExtension>
					</extensions>
			</trkpt>
			<trkpt lat="35.934067" lon="120.20433">
				<ele>39.0</ele>
				<time>2021-02-21T09:47:38Z</time>
					<extensions>
						<ns3:TrackPointExtension>
						</ns3:TrackPointExtension>
					</extensions>
			</trkpt>
			<trkpt lat="35.93405" lon="120.2043">
				<ele>39.0</ele>
				<time>2021-02-21T09:47:39Z</time>
					<extensions>
						<ns3:TrackPointExtension>
						</ns3:TrackPointExtension>
					</extensions>
			</trkpt>
			<trkpt lat="35.93404" lon="120.20427">
				<ele>39.0</ele>
				<time>2021-02-21T09:47:40Z</time>
					<extensions>
						<ns3:TrackPointExtension>
						</ns3:TrackPointExtension>
					</extensions>
			</trkpt>
			<trkpt lat="35.934025" lon="120.20424">
				<ele>38.0</ele>
				<time>2021-02-21T09:47:41Z</time>
					<extensions>
						<ns3:TrackPointExtension>
						</ns3:TrackPointExtension>
					</extensions>
			</trkpt>
			<trkpt lat="35.934032" lon="120.20421">
				<ele>38.0</ele>
				<time>2021-02-21T09:47:42Z</time>
					<extensions>
						<ns3:TrackPointExtension>
						</ns3:TrackPointExtension>
					</extensions>
			</trkpt>
			<trkpt lat="35.934025" lon="120.20418">
				<ele>38.0</ele>
				<time>2021-02-21T09:47:43Z</time>
					<extensions>
						<ns3:TrackPointExtension>
						</ns3:TrackPointExtension>
					</extensions>
			</trkpt>
			<trkpt lat="35.934032" lon="120.204155">
				<ele>38.0</ele>
				<time>2021-02-21T09:47:44Z</time>
					<extensions>
						<ns3:TrackPointExtension>
						</ns3:TrackPointExtension>
					</extensions>
			</trkpt>
			<trkpt lat="35.934032" lon="120.204124">
				<ele>38.0</ele>
				<time>2021-02-21T09:47:45Z</time>
					<extensions>
						<ns3:TrackPointExtension>
						</ns3:TrackPointExtension>
					</extensions>
			</trkpt>
			<trkpt lat="35.934032" lon="120.2041">
				<ele>38.0</ele>
				<time>2021-02-21T09:47:46Z</time>
					<extensions>
						<ns3:TrackPointExtension>
						</ns3:TrackPointExtension>
					</extensions>
			</trkpt>
			<trkpt lat="35.934025" lon="120.20407">
				<ele>38.0</ele>
				<time>2021-02-21T09:47:47Z</time>
					<extensions>
						<ns3:TrackPointExtension>
						</ns3:TrackPointExtension>
					</extensions>
			</trkpt>
			<trkpt lat="35.934025" lon="120.204056">
				<ele>38.0</ele>
				<time>2021-02-21T09:47:48Z</time>
					<extensions>
						<ns3:TrackPointExtension>
						</ns3:TrackPointExtension>
					</extensions>
			</trkpt>
			<trkpt lat="35.934017" lon="120.204025">
				<ele>38.0</ele>
				<time>2021-02-21T09:47:49Z</time>
					<extensions>
						<ns3:TrackPointExtension>
						</ns3:TrackPointExtension>
					</extensions>
			</trkpt>
			<trkpt lat="35.934013" lon="120.204">
				<ele>38.0</ele>
				<time>2021-02-21T09:47:50Z</time>
					<extensions>
						<ns3:TrackPointExtension>
						</ns3:TrackPointExtension>
					</extensions>
			</trkpt>
			<trkpt lat="35.934002" lon="120.20397">
				<ele>38.0</ele>
				<time>2021-02-21T09:47:51Z</time>
					<extensions>
						<ns3:TrackPointExtension>
						</ns3:TrackPointExtension>
					</extensions>
			</trkpt>
			<trkpt lat="35.933994" lon="120.20394">
				<ele>38.0</ele>
				<time>2021-02-21T09:47:52Z</time>
					<extensions>
						<ns3:TrackPointExtension>
						</ns3:TrackPointExtension>
					</extensions>
			</trkpt>
			<trkpt lat="35.933987" lon="120.20391">
				<ele>38.0</ele>
				<time>2021-02-21T09:47:53Z</time>
					<extensions>
						<ns3:TrackPointExtension>
						</ns3:TrackPointExtension>
					</extensions>
			</trkpt>
			<trkpt lat="35.93398" lon="120.20388">
				<ele>38.0</ele>
				<time>2021-02-21T09:47:54Z</time>
					<extensions>
						<ns3:TrackPointExtension>
						</ns3:TrackPointExtension>
					</extensions>
			</trkpt>
			<trkpt lat="35.933975" lon="120.20385">
				<ele>38.0</ele>
				<time>2021-02-21T09:47:55Z</time>
					<extensions>
						<ns3:TrackPointExtension>
						</ns3:TrackPointExtension>
					</extensions>
			</trkpt>
			<trkpt lat="35.933968" lon="120.20382">
				<ele>38.0</ele>
				<time>2021-02-21T09:47:56Z</time>
					<extensions>
						<ns3:TrackPointExtension>
						</ns3:TrackPointExtension>
					</extensions>
			</trkpt>
			<trkpt lat="35.933964" lon="120.20377">
				<ele>38.0</ele>
				<time>2021-02-21T09:47:57Z</time>
					<extensions>
						<ns3:TrackPointExtension>
						</ns3:TrackPointExtension>
					</extensions>
			</trkpt>
			<trkpt lat="35.93396" lon="120.20374">
				<ele>38.0</ele>
				<time>2021-02-21T09:47:58Z</time>
					<extensions>
						<ns3:TrackPointExtension>
						</ns3:TrackPointExtension>
					</extensions>
			</trkpt>
			<trkpt lat="35.933952" lon="120.20371">
				<ele>38.0</ele>
				<time>2021-02-21T09:47:59Z</time>
					<extensions>
						<ns3:TrackPointExtension>
						</ns3:TrackPointExtension>
					</extensions>
			</trkpt>
			<trkpt lat="35.93395" lon="120.20368">
				<ele>38.0</ele>
				<time>2021-02-21T09:48:00Z</time>
					<extensions>
						<ns3:TrackPointExtension>
						</ns3:TrackPointExtension>
					</extensions>
			</trkpt>
			<trkpt lat="35.93395" lon="120.20365">
				<ele>38.0</ele>
				<time>2021-02-21T09:48:01Z</time>
					<extensions>
						<ns3:TrackPointExtension>
						</ns3:TrackPointExtension>
					</extensions>
			</trkpt>
			<trkpt lat="35.93394" lon="120.20362">
				<ele>38.0</ele>
				<time>2021-02-21T09:48:02Z</time>
					<extensions>
						<ns3:TrackPointExtension>
						</ns3:TrackPointExtension>
					</extensions>
			</trkpt>
			<trkpt lat="35.93394" lon="120.20359">
				<ele>38.0</ele>
				<time>2021-02-21T09:48:03Z</time>
					<extensions>
						<ns3:TrackPointExtension>
						</ns3:TrackPointExtension>
					</extensions>
			</trkpt>
			<trkpt lat="35.933937" lon="120.20355">
				<ele>38.0</ele>
				<time>2021-02-21T09:48:04Z</time>
					<extensions>
						<ns3:TrackPointExtension>
						</ns3:TrackPointExtension>
					</extensions>
			</trkpt>
			<trkpt lat="35.933933" lon="120.20352">
				<ele>38.0</ele>
				<time>2021-02-21T09:48:05Z</time>
					<extensions>
						<ns3:TrackPointExtension>
						</ns3:TrackPointExtension>
					</extensions>
			</trkpt>
			<trkpt lat="35.933933" lon="120.20349">
				<ele>38.0</ele>
				<time>2021-02-21T09:48:06Z</time>
					<extensions>
						<ns3:TrackPointExtension>
						</ns3:TrackPointExtension>
					</extensions>
			</trkpt>
			<trkpt lat="35.93393" lon="120.20346">
				<ele>38.0</ele>
				<time>2021-02-21T09:48:07Z</time>
					<extensions>
						<ns3:TrackPointExtension>
						</ns3:TrackPointExtension>
					</extensions>
			</trkpt>
			<trkpt lat="35.933926" lon="120.20343">
				<ele>38.0</ele>
				<time>2021-02-21T09:48:08Z</time>
					<extensions>
						<ns3:TrackPointExtension>
						</ns3:TrackPointExtension>
					</extensions>
			</trkpt>
			<trkpt lat="35.933926" lon="120.2034">
				<ele>38.0</ele>
				<time>2021-02-21T09:48:09Z</time>
					<extensions>
						<ns3:TrackPointExtension>
						</ns3:TrackPointExtension>
					</extensions>
			</trkpt>
			<trkpt lat="35.93392" lon="120.20337">
				<ele>38.0</ele>
				<time>2021-02-21T09:48:10Z</time>
					<extensions>
						<ns3:TrackPointExtension>
						</ns3:TrackPointExtension>
					</extensions>
			</trkpt>
			<trkpt lat="35.933918" lon="120.20332">
				<ele>38.0</ele>
				<time>2021-02-21T09:48:11Z</time>
					<extensions>
						<ns3:TrackPointExtension>
						</ns3:TrackPointExtension>
					</extensions>
			</trkpt>
			<trkpt lat="35.933914" lon="120.203285">
				<ele>38.0</ele>
				<time>2021-02-21T09:48:12Z</time>
					<extensions>
						<ns3:TrackPointExtension>
						</ns3:TrackPointExtension>
					</extensions>
			</trkpt>
			<trkpt lat="35.933914" lon="120.20326">
				<ele>38.0</ele>
				<time>2021-02-21T09:48:13Z</time>
					<extensions>
						<ns3:TrackPointExtension>
						</ns3:TrackPointExtension>
					</extensions>
			</trkpt>
			<trkpt lat="35.93391" lon="120.20323">
				<ele>38.0</ele>
				<time>2021-02-21T09:48:14Z</time>
					<extensions>
						<ns3:TrackPointExtension>
						</ns3:TrackPointExtension>
					</extensions>
			</trkpt>
			<trkpt lat="35.933903" lon="120.20319">
				<ele>38.0</ele>
				<time>2021-02-21T09:48:15Z</time>
					<extensions>
						<ns3:TrackPointExtension>
						</ns3:TrackPointExtension>
					</extensions>
			</trkpt>
			<trkpt lat="35.9339" lon="120.20316">
				<ele>38.0</ele>
				<time>2021-02-21T09:48:16Z</time>
					<extensions>
						<ns3:TrackPointExtension>
						</ns3:TrackPointExtension>
					</extensions>
			</trkpt>
			<trkpt lat="35.933895" lon="120.20314">
				<ele>38.0</ele>
				<time>2021-02-21T09:48:17Z</time>
					<extensions>
						<ns3:TrackPointExtension>
						</ns3:TrackPointExtension>
					</extensions>
			</trkpt>
			<trkpt lat="35.93389" lon="120.2031">
				<ele>38.0</ele>
				<time>2021-02-21T09:48:18Z</time>
					<extensions>
						<ns3:TrackPointExtension>
						</ns3:TrackPointExtension>
					</extensions>
			</trkpt>
			<trkpt lat="35.933884" lon="120.20307">
				<ele>38.0</ele>
				<time>2021-02-21T09:48:19Z</time>
					<extensions>
						<ns3:TrackPointExtension>
						</ns3:TrackPointExtension>
					</extensions>
			</trkpt>
			<trkpt lat="35.933876" lon="120.20304">
				<ele>38.0</ele>
				<time>2021-02-21T09:48:20Z</time>
					<extensions>
						<ns3:TrackPointExtension>
						</ns3:TrackPointExtension>
					</extensions>
			</trkpt>
			<trkpt lat="35.93387" lon="120.20301">
				<ele>38.0</ele>
				<time>2021-02-21T09:48:21Z</time>
					<extensions>
						<ns3:TrackPointExtension>
						</ns3:TrackPointExtension>
					</extensions>
			</trkpt>
			<trkpt lat="35.93386" lon="120.20298">
				<ele>38.0</ele>
				<time>2021-02-21T09:48:22Z</time>
					<extensions>
						<ns3:TrackPointExtension>
						</ns3:TrackPointExtension>
					</extensions>
			</trkpt>
			<trkpt lat="35.93386" lon="120.20295">
				<ele>38.0</ele>
				<time>2021-02-21T09:48:23Z</time>
					<extensions>
						<ns3:TrackPointExtension>
						</ns3:TrackPointExtension>
					</extensions>
			</trkpt>
			<trkpt lat="35.933853" lon="120.20292">
				<ele>38.0</ele>
				<time>2021-02-21T09:48:24Z</time>
					<extensions>
						<ns3:TrackPointExtension>
						</ns3:TrackPointExtension>
					</extensions>
			</trkpt>
			<trkpt lat="35.933846" lon="120.202896">
				<ele>38.0</ele>
				<time>2021-02-21T09:48:25Z</time>
					<extensions>
						<ns3:TrackPointExtension>
						</ns3:TrackPointExtension>
					</extensions>
			</trkpt>
			<trkpt lat="35.933838" lon="120.202866">
				<ele>38.0</ele>
				<time>2021-02-21T09:48:26Z</time>
					<extensions>
						<ns3:TrackPointExtension>
						</ns3:TrackPointExtension>
					</extensions>
			</trkpt>
			<trkpt lat="35.93383" lon="120.202835">
				<ele>38.0</ele>
				<time>2021-02-21T09:48:27Z</time>
					<extensions>
						<ns3:TrackPointExtension>
						</ns3:TrackPointExtension>
					</extensions>
			</trkpt>
			<trkpt lat="35.933823" lon="120.20283">
				<ele>38.0</ele>
				<time>2021-02-21T09:48:28Z</time>
					<extensions>
						<ns3:TrackPointExtension>
						</ns3:TrackPointExtension>
					</extensions>
			</trkpt>
			<trkpt lat="35.93381" lon="120.20279">
				<ele>38.0</ele>
				<time>2021-02-21T09:48:29Z</time>
					<extensions>
						<ns3:TrackPointExtension>
						</ns3:TrackPointExtension>
					</extensions>
			</trkpt>
			<trkpt lat="35.9338" lon="120.20276">
				<ele>38.0</ele>
				<time>2021-02-21T09:48:30Z</time>
					<extensions>
						<ns3:TrackPointExtension>
						</ns3:TrackPointExtension>
					</extensions>
			</trkpt>
			<trkpt lat="35.933792" lon="120.20273">
				<ele>38.0</ele>
				<time>2021-02-21T09:48:31Z</time>
					<extensions>
						<ns3:TrackPointExtension>
						</ns3:TrackPointExtension>
					</extensions>
			</trkpt>
			<trkpt lat="35.93378" lon="120.2027">
				<ele>38.0</ele>
				<time>2021-02-21T09:48:32Z</time>
					<extensions>
						<ns3:TrackPointExtension>
						</ns3:TrackPointExtension>
					</extensions>
			</trkpt>
			<trkpt lat="35.93377" lon="120.20267">
				<ele>38.0</ele>
				<time>2021-02-21T09:48:33Z</time>
					<extensions>
						<ns3:TrackPointExtension>
						</ns3:TrackPointExtension>
					</extensions>
			</trkpt>
			<trkpt lat="35.933758" lon="120.20264">
				<ele>38.0</ele>
				<time>2021-02-21T09:48:34Z</time>
					<extensions>
						<ns3:TrackPointExtension>
						</ns3:TrackPointExtension>
					</extensions>
			</trkpt>
			<trkpt lat="35.933746" lon="120.20261">
				<ele>38.0</ele>
				<time>2021-02-21T09:48:35Z</time>
					<extensions>
						<ns3:TrackPointExtension>
						</ns3:TrackPointExtension>
					</extensions>
			</trkpt>
			<trkpt lat="35.93373" lon="120.202576">
				<ele>38.0</ele>
				<time>2021-02-21T09:48:36Z</time>
					<extensions>
						<ns3:TrackPointExtension>
						</ns3:TrackPointExtension>
					</extensions>
			</trkpt>
			<trkpt lat="35.933723" lon="120.20256">
				<ele>38.0</ele>
				<time>2021-02-21T09:48:37Z</time>
					<extensions>
						<ns3:TrackPointExtension>
						</ns3:TrackPointExtension>
					</extensions>
			</trkpt>
			<trkpt lat="35.93371" lon="120.20253">
				<ele>38.0</ele>
				<time>2021-02-21T09:48:38Z</time>
					<extensions>
						<ns3:TrackPointExtension>
						</ns3:TrackPointExtension>
					</extensions>
			</trkpt>
			<trkpt lat="35.9337" lon="120.2025">
				<ele>38.0</ele>
				<time>2021-02-21T09:48:39Z</time>
					<extensions>
						<ns3:TrackPointExtension>
						</ns3:TrackPointExtension>
					</extensions>
			</trkpt>
			<trkpt lat="35.93369" lon="120.20248">
				<ele>38.0</ele>
				<time>2021-02-21T09:48:40Z</time>
					<extensions>
						<ns3:TrackPointExtension>
						</ns3:TrackPointExtension>
					</extensions>
			</trkpt>
			<trkpt lat="35.933678" lon="120.20245">
				<ele>38.0</ele>
				<time>2021-02-21T09:48:41Z</time>
					<extensions>
						<ns3:TrackPointExtension>
						</ns3:TrackPointExtension>
					</extensions>
			</trkpt>
			<trkpt lat="35.933666" lon="120.20242">
				<ele>38.0</ele>
				<time>2021-02-21T09:48:42Z</time>
					<extensions>
						<ns3:TrackPointExtension>
						</ns3:TrackPointExtension>
					</extensions>
			</trkpt>
			<trkpt lat="35.933655" lon="120.20239">
				<ele>38.0</ele>
				<time>2021-02-21T09:48:43Z</time>
					<extensions>
						<ns3:TrackPointExtension>
						</ns3:TrackPointExtension>
					</extensions>
			</trkpt>
			<trkpt lat="35.933643" lon="120.20237">
				<ele>38.0</ele>
				<time>2021-02-21T09:48:44Z</time>
					<extensions>
						<ns3:TrackPointExtension>
						</ns3:TrackPointExtension>
					</extensions>
			</trkpt>
			<trkpt lat="35.93363" lon="120.20234">
				<ele>38.0</ele>
				<time>2021-02-21T09:48:45Z</time>
					<extensions>
						<ns3:TrackPointExtension>
						</ns3:TrackPointExtension>
					</extensions>
			</trkpt>
			<trkpt lat="35.93362" lon="120.20231">
				<ele>38.0</ele>
				<time>2021-02-21T09:48:46Z</time>
					<extensions>
						<ns3:TrackPointExtension>
						</ns3:TrackPointExtension>
					</extensions>
			</trkpt>
			<trkpt lat="35.93361" lon="120.20228">
				<ele>38.0</ele>
				<time>2021-02-21T09:48:47Z</time>
					<extensions>
						<ns3:TrackPointExtension>
						</ns3:TrackPointExtension>
					</extensions>
			</trkpt>
			<trkpt lat="35.933598" lon="120.20225">
				<ele>38.0</ele>
				<time>2021-02-21T09:48:48Z</time>
					<extensions>
						<ns3:TrackPointExtension>
						</ns3:TrackPointExtension>
					</extensions>
			</trkpt>
			<trkpt lat="35.933586" lon="120.20222">
				<ele>38.0</ele>
				<time>2021-02-21T09:48:49Z</time>
					<extensions>
						<ns3:TrackPointExtension>
						</ns3:TrackPointExtension>
					</extensions>
			</trkpt>
			<trkpt lat="35.93357" lon="120.20218">
				<ele>38.0</ele>
				<time>2021-02-21T09:48:50Z</time>
					<extensions>
						<ns3:TrackPointExtension>
						</ns3:TrackPointExtension>
					</extensions>
			</trkpt>
			<trkpt lat="35.933563" lon="120.20215">
				<ele>38.0</ele>
				<time>2021-02-21T09:48:51Z</time>
					<extensions>
						<ns3:TrackPointExtension>
						</ns3:TrackPointExtension>
					</extensions>
			</trkpt>
			<trkpt lat="35.933548" lon="120.20211">
				<ele>38.0</ele>
				<time>2021-02-21T09:48:52Z</time>
					<extensions>
						<ns3:TrackPointExtension>
						</ns3:TrackPointExtension>
					</extensions>
			</trkpt>
			<trkpt lat="35.933537" lon="120.20209">
				<ele>38.0</ele>
				<time>2021-02-21T09:48:53Z</time>
					<extensions>
						<ns3:TrackPointExtension>
						</ns3:TrackPointExtension>
					</extensions>
			</trkpt>
			<trkpt lat="35.93353" lon="120.20206">
				<ele>38.0</ele>
				<time>2021-02-21T09:48:54Z</time>
					<extensions>
						<ns3:TrackPointExtension>
						</ns3:TrackPointExtension>
					</extensions>
			</trkpt>
			<trkpt lat="35.93352" lon="120.20203">
				<ele>38.0</ele>
				<time>2021-02-21T09:48:55Z</time>
					<extensions>
						<ns3:TrackPointExtension>
						</ns3:TrackPointExtension>
					</extensions>
			</trkpt>
			<trkpt lat="35.933514" lon="120.201996">
				<ele>38.0</ele>
				<time>2021-02-21T09:48:56Z</time>
					<extensions>
						<ns3:TrackPointExtension>
						</ns3:TrackPointExtension>
					</extensions>
			</trkpt>
			<trkpt lat="35.93351" lon="120.201965">
				<ele>38.0</ele>
				<time>2021-02-21T09:48:57Z</time>
					<extensions>
						<ns3:TrackPointExtension>
						</ns3:TrackPointExtension>
					</extensions>
			</trkpt>
			<trkpt lat="35.933502" lon="120.20194">
				<ele>38.0</ele>
				<time>2021-02-21T09:48:58Z</time>
					<extensions>
						<ns3:TrackPointExtension>
						</ns3:TrackPointExtension>
					</extensions>
			</trkpt>
			<trkpt lat="35.933495" lon="120.201904">
				<ele>38.0</ele>
				<time>2021-02-21T09:48:59Z</time>
					<extensions>
						<ns3:TrackPointExtension>
						</ns3:TrackPointExtension>
					</extensions>
			</trkpt>
			<trkpt lat="35.93349" lon="120.20187">
				<ele>38.0</ele>
				<time>2021-02-21T09:49:00Z</time>
					<extensions>
						<ns3:TrackPointExtension>
						</ns3:TrackPointExtension>
					</extensions>
			</trkpt>
			<trkpt lat="35.933487" lon="120.20184">
				<ele>38.0</ele>
				<time>2021-02-21T09:49:01Z</time>
					<extensions>
						<ns3:TrackPointExtension>
						</ns3:TrackPointExtension>
					</extensions>
			</trkpt>
			<trkpt lat="35.933487" lon="120.20182">
				<ele>38.0</ele>
				<time>2021-02-21T09:49:02Z</time>
					<extensions>
						<ns3:TrackPointExtension>
						</ns3:TrackPointExtension>
					</extensions>
			</trkpt>
			<trkpt lat="35.933487" lon="120.20179">
				<ele>38.0</ele>
				<time>2021-02-21T09:49:03Z</time>
					<extensions>
						<ns3:TrackPointExtension>
						</ns3:TrackPointExtension>
					</extensions>
			</trkpt>
			<trkpt lat="35.933483" lon="120.20176">
				<ele>38.0</ele>
				<time>2021-02-21T09:49:04Z</time>
					<extensions>
						<ns3:TrackPointExtension>
						</ns3:TrackPointExtension>
					</extensions>
			</trkpt>
			<trkpt lat="35.93348" lon="120.20173">
				<ele>38.0</ele>
				<time>2021-02-21T09:49:05Z</time>
					<extensions>
						<ns3:TrackPointExtension>
						</ns3:TrackPointExtension>
					</extensions>
			</trkpt>
			<trkpt lat="35.933483" lon="120.2017">
				<ele>38.0</ele>
				<time>2021-02-21T09:49:06Z</time>
					<extensions>
						<ns3:TrackPointExtension>
						</ns3:TrackPointExtension>
					</extensions>
			</trkpt>
			<trkpt lat="35.93348" lon="120.20167">
				<ele>37.0</ele>
				<time>2021-02-21T09:49:07Z</time>
					<extensions>
						<ns3:TrackPointExtension>
						</ns3:TrackPointExtension>
					</extensions>
			</trkpt>
			<trkpt lat="35.93348" lon="120.201645">
				<ele>37.0</ele>
				<time>2021-02-21T09:49:08Z</time>
					<extensions>
						<ns3:TrackPointExtension>
						</ns3:TrackPointExtension>
					</extensions>
			</trkpt>
			<trkpt lat="35.93348" lon="120.20161">
				<ele>37.0</ele>
				<time>2021-02-21T09:49:09Z</time>
					<extensions>
						<ns3:TrackPointExtension>
						</ns3:TrackPointExtension>
					</extensions>
			</trkpt>
			<trkpt lat="35.93348" lon="120.20158">
				<ele>37.0</ele>
				<time>2021-02-21T09:49:10Z</time>
					<extensions>
						<ns3:TrackPointExtension>
						</ns3:TrackPointExtension>
					</extensions>
			</trkpt>
			<trkpt lat="35.933475" lon="120.201546">
				<ele>37.0</ele>
				<time>2021-02-21T09:49:11Z</time>
					<extensions>
						<ns3:TrackPointExtension>
						</ns3:TrackPointExtension>
					</extensions>
			</trkpt>
			<trkpt lat="35.933475" lon="120.20152">
				<ele>37.0</ele>
				<time>2021-02-21T09:49:12Z</time>
					<extensions>
						<ns3:TrackPointExtension>
						</ns3:TrackPointExtension>
					</extensions>
			</trkpt>
			<trkpt lat="35.933475" lon="120.2015">
				<ele>37.0</ele>
				<time>2021-02-21T09:49:13Z</time>
					<extensions>
						<ns3:TrackPointExtension>
						</ns3:TrackPointExtension>
					</extensions>
			</trkpt>
			<trkpt lat="35.93348" lon="120.20149">
				<ele>37.0</ele>
				<time>2021-02-21T09:49:14Z</time>
					<extensions>
						<ns3:TrackPointExtension>
						</ns3:TrackPointExtension>
					</extensions>
			</trkpt>
			<trkpt lat="35.93348" lon="120.20147">
				<ele>37.0</ele>
				<time>2021-02-21T09:49:15Z</time>
					<extensions>
						<ns3:TrackPointExtension>
						</ns3:TrackPointExtension>
					</extensions>
			</trkpt>
			<trkpt lat="35.93348" lon="120.20146">
				<ele>37.0</ele>
				<time>2021-02-21T09:49:16Z</time>
					<extensions>
						<ns3:TrackPointExtension>
						</ns3:TrackPointExtension>
					</extensions>
			</trkpt>
			<trkpt lat="35.93348" lon="120.201454">
				<ele>37.0</ele>
				<time>2021-02-21T09:49:17Z</time>
					<extensions>
						<ns3:TrackPointExtension>
						</ns3:TrackPointExtension>
					</extensions>
			</trkpt>
			<trkpt lat="35.93348" lon="120.20143">
				<ele>37.0</ele>
				<time>2021-02-21T09:49:18Z</time>
					<extensions>
						<ns3:TrackPointExtension>
						</ns3:TrackPointExtension>
					</extensions>
			</trkpt>
			<trkpt lat="35.93348" lon="120.20142">
				<ele>37.0</ele>
				<time>2021-02-21T09:49:19Z</time>
					<extensions>
						<ns3:TrackPointExtension>
						</ns3:TrackPointExtension>
					</extensions>
			</trkpt>
			<trkpt lat="35.93348" lon="120.20142">
				<ele>37.0</ele>
				<time>2021-02-21T09:49:20Z</time>
					<extensions>
						<ns3:TrackPointExtension>
						</ns3:TrackPointExtension>
					</extensions>
			</trkpt>
			<trkpt lat="35.93348" lon="120.20142">
				<ele>37.0</ele>
				<time>2021-02-21T09:49:21Z</time>
					<extensions>
						<ns3:TrackPointExtension>
						</ns3:TrackPointExtension>
					</extensions>
			</trkpt>
			<trkpt lat="35.93348" lon="120.20141">
				<ele>37.0</ele>
				<time>2021-02-21T09:49:22Z</time>
					<extensions>
						<ns3:TrackPointExtension>
						</ns3:TrackPointExtension>
					</extensions>
			</trkpt>
			<trkpt lat="35.933487" lon="120.20142">
				<ele>37.0</ele>
				<time>2021-02-21T09:49:24Z</time>
					<extensions>
						<ns3:TrackPointExtension>
						</ns3:TrackPointExtension>
					</extensions>
			</trkpt>
			<trkpt lat="35.933487" lon="120.20142">
				<ele>37.0</ele>
				<time>2021-02-21T09:49:26Z</time>
					<extensions>
						<ns3:TrackPointExtension>
						</ns3:TrackPointExtension>
					</extensions>
			</trkpt>
			<trkpt lat="35.93349" lon="120.20143">
				<ele>36.0</ele>
				<time>2021-02-21T09:49:27Z</time>
					<extensions>
						<ns3:TrackPointExtension>
						</ns3:TrackPointExtension>
					</extensions>
			</trkpt>
			<trkpt lat="35.933495" lon="120.20143">
				<ele>36.0</ele>
				<time>2021-02-21T09:49:28Z</time>
					<extensions>
						<ns3:TrackPointExtension>
						</ns3:TrackPointExtension>
					</extensions>
			</trkpt>
			<trkpt lat="35.933495" lon="120.20143">
				<ele>36.0</ele>
				<time>2021-02-21T09:49:29Z</time>
					<extensions>
						<ns3:TrackPointExtension>
						</ns3:TrackPointExtension>
					</extensions>
			</trkpt>
			<trkpt lat="35.933495" lon="120.20143">
				<ele>36.0</ele>
				<time>2021-02-21T09:49:30Z</time>
					<extensions>
						<ns3:TrackPointExtension>
						</ns3:TrackPointExtension>
					</extensions>
			</trkpt>
			<trkpt lat="35.933464" lon="120.2014">
				<ele>36.0</ele>
				<time>2021-02-21T09:49:50Z</time>
					<extensions>
						<ns3:TrackPointExtension>
						</ns3:TrackPointExtension>
					</extensions>
			</trkpt>
			<trkpt lat="35.933456" lon="120.20138">
				<ele>36.0</ele>
				<time>2021-02-21T09:49:51Z</time>
					<extensions>
						<ns3:TrackPointExtension>
						</ns3:TrackPointExtension>
					</extensions>
			</trkpt>
			<trkpt lat="35.93345" lon="120.20137">
				<ele>36.0</ele>
				<time>2021-02-21T09:49:52Z</time>
					<extensions>
						<ns3:TrackPointExtension>
						</ns3:TrackPointExtension>
					</extensions>
			</trkpt>
			<trkpt lat="35.93344" lon="120.20136">
				<ele>36.0</ele>
				<time>2021-02-21T09:49:53Z</time>
					<extensions>
						<ns3:TrackPointExtension>
						</ns3:TrackPointExtension>
					</extensions>
			</trkpt>
			<trkpt lat="35.93343" lon="120.20134">
				<ele>36.0</ele>
				<time>2021-02-21T09:49:54Z</time>
					<extensions>
						<ns3:TrackPointExtension>
						</ns3:TrackPointExtension>
					</extensions>
			</trkpt>
			<trkpt lat="35.933414" lon="120.20131">
				<ele>36.0</ele>
				<time>2021-02-21T09:49:55Z</time>
					<extensions>
						<ns3:TrackPointExtension>
						</ns3:TrackPointExtension>
					</extensions>
			</trkpt>
			<trkpt lat="35.933403" lon="120.20129">
				<ele>36.0</ele>
				<time>2021-02-21T09:49:56Z</time>
					<extensions>
						<ns3:TrackPointExtension>
						</ns3:TrackPointExtension>
					</extensions>
			</trkpt>
			<trkpt lat="35.933388" lon="120.20126">
				<ele>36.0</ele>
				<time>2021-02-21T09:49:57Z</time>
					<extensions>
						<ns3:TrackPointExtension>
						</ns3:TrackPointExtension>
					</extensions>
			</trkpt>
			<trkpt lat="35.933372" lon="120.20123">
				<ele>36.0</ele>
				<time>2021-02-21T09:49:58Z</time>
					<extensions>
						<ns3:TrackPointExtension>
						</ns3:TrackPointExtension>
					</extensions>
			</trkpt>
			<trkpt lat="35.933357" lon="120.20122">
				<ele>36.0</ele>
				<time>2021-02-21T09:49:59Z</time>
					<extensions>
						<ns3:TrackPointExtension>
						</ns3:TrackPointExtension>
					</extensions>
			</trkpt>
			<trkpt lat="35.933342" lon="120.201195">
				<ele>36.0</ele>
				<time>2021-02-21T09:50:00Z</time>
					<extensions>
						<ns3:TrackPointExtension>
						</ns3:TrackPointExtension>
					</extensions>
			</trkpt>
			<trkpt lat="35.933327" lon="120.20117">
				<ele>36.0</ele>
				<time>2021-02-21T09:50:01Z</time>
					<extensions>
						<ns3:TrackPointExtension>
						</ns3:TrackPointExtension>
					</extensions>
			</trkpt>
			<trkpt lat="35.933315" lon="120.20116">
				<ele>36.0</ele>
				<time>2021-02-21T09:50:02Z</time>
					<extensions>
						<ns3:TrackPointExtension>
						</ns3:TrackPointExtension>
					</extensions>
			</trkpt>
			<trkpt lat="35.9333" lon="120.201126">
				<ele>36.0</ele>
				<time>2021-02-21T09:50:03Z</time>
					<extensions>
						<ns3:TrackPointExtension>
						</ns3:TrackPointExtension>
					</extensions>
			</trkpt>
			<trkpt lat="35.933285" lon="120.2011">
				<ele>36.0</ele>
				<time>2021-02-21T09:50:04Z</time>
					<extensions>
						<ns3:TrackPointExtension>
						</ns3:TrackPointExtension>
					</extensions>
			</trkpt>
			<trkpt lat="35.93327" lon="120.20108">
				<ele>36.0</ele>
				<time>2021-02-21T09:50:05Z</time>
					<extensions>
						<ns3:TrackPointExtension>
						</ns3:TrackPointExtension>
					</extensions>
			</trkpt>
			<trkpt lat="35.933247" lon="120.201065">
				<ele>36.0</ele>
				<time>2021-02-21T09:50:06Z</time>
					<extensions>
						<ns3:TrackPointExtension>
						</ns3:TrackPointExtension>
					</extensions>
			</trkpt>
			<trkpt lat="35.93323" lon="120.20104">
				<ele>36.0</ele>
				<time>2021-02-21T09:50:07Z</time>
					<extensions>
						<ns3:TrackPointExtension>
						</ns3:TrackPointExtension>
					</extensions>
			</trkpt>
			<trkpt lat="35.933216" lon="120.20102">
				<ele>36.0</ele>
				<time>2021-02-21T09:50:08Z</time>
					<extensions>
						<ns3:TrackPointExtension>
						</ns3:TrackPointExtension>
					</extensions>
			</trkpt>
			<trkpt lat="35.9332" lon="120.201004">
				<ele>36.0</ele>
				<time>2021-02-21T09:50:09Z</time>
					<extensions>
						<ns3:TrackPointExtension>
						</ns3:TrackPointExtension>
					</extensions>
			</trkpt>
			<trkpt lat="35.93318" lon="120.20098">
				<ele>36.0</ele>
				<time>2021-02-21T09:50:10Z</time>
					<extensions>
						<ns3:TrackPointExtension>
						</ns3:TrackPointExtension>
					</extensions>
			</trkpt>
			<trkpt lat="35.933163" lon="120.20096">
				<ele>36.0</ele>
				<time>2021-02-21T09:50:11Z</time>
					<extensions>
						<ns3:TrackPointExtension>
						</ns3:TrackPointExtension>
					</extensions>
			</trkpt>
			<trkpt lat="35.93315" lon="120.20094">
				<ele>36.0</ele>
				<time>2021-02-21T09:50:12Z</time>
					<extensions>
						<ns3:TrackPointExtension>
						</ns3:TrackPointExtension>
					</extensions>
			</trkpt>
			<trkpt lat="35.933113" lon="120.20092">
				<ele>36.0</ele>
				<time>2021-02-21T09:50:13Z</time>
					<extensions>
						<ns3:TrackPointExtension>
						</ns3:TrackPointExtension>
					</extensions>
			</trkpt>
			<trkpt lat="35.933098" lon="120.2009">
				<ele>36.0</ele>
				<time>2021-02-21T09:50:14Z</time>
					<extensions>
						<ns3:TrackPointExtension>
						</ns3:TrackPointExtension>
					</extensions>
			</trkpt>
			<trkpt lat="35.933075" lon="120.200874">
				<ele>36.0</ele>
				<time>2021-02-21T09:50:15Z</time>
					<extensions>
						<ns3:TrackPointExtension>
						</ns3:TrackPointExtension>
					</extensions>
			</trkpt>
			<trkpt lat="35.93305" lon="120.20086">
				<ele>36.0</ele>
				<time>2021-02-21T09:50:16Z</time>
					<extensions>
						<ns3:TrackPointExtension>
						</ns3:TrackPointExtension>
					</extensions>
			</trkpt>
			<trkpt lat="35.93303" lon="120.200836">
				<ele>36.0</ele>
				<time>2021-02-21T09:50:17Z</time>
					<extensions>
						<ns3:TrackPointExtension>
						</ns3:TrackPointExtension>
					</extensions>
			</trkpt>
			<trkpt lat="35.933006" lon="120.20081">
				<ele>36.0</ele>
				<time>2021-02-21T09:50:18Z</time>
					<extensions>
						<ns3:TrackPointExtension>
						</ns3:TrackPointExtension>
					</extensions>
			</trkpt>
			<trkpt lat="35.93299" lon="120.200806">
				<ele>36.0</ele>
				<time>2021-02-21T09:50:19Z</time>
					<extensions>
						<ns3:TrackPointExtension>
						</ns3:TrackPointExtension>
					</extensions>
			</trkpt>
			<trkpt lat="35.932976" lon="120.20078">
				<ele>36.0</ele>
				<time>2021-02-21T09:50:20Z</time>
					<extensions>
						<ns3:TrackPointExtension>
						</ns3:TrackPointExtension>
					</extensions>
			</trkpt>
			<trkpt lat="35.93296" lon="120.20077">
				<ele>36.0</ele>
				<time>2021-02-21T09:50:21Z</time>
					<extensions>
						<ns3:TrackPointExtension>
						</ns3:TrackPointExtension>
					</extensions>
			</trkpt>
			<trkpt lat="35.932938" lon="120.20072">
				<ele>36.0</ele>
				<time>2021-02-21T09:50:22Z</time>
					<extensions>
						<ns3:TrackPointExtension>
						</ns3:TrackPointExtension>
					</extensions>
			</trkpt>
			<trkpt lat="35.932926" lon="120.20071">
				<ele>36.0</ele>
				<time>2021-02-21T09:50:23Z</time>
					<extensions>
						<ns3:TrackPointExtension>
						</ns3:TrackPointExtension>
					</extensions>
			</trkpt>
			<trkpt lat="35.932915" lon="120.200676">
				<ele>36.0</ele>
				<time>2021-02-21T09:50:24Z</time>
					<extensions>
						<ns3:TrackPointExtension>
						</ns3:TrackPointExtension>
					</extensions>
			</trkpt>
			<trkpt lat="35.932903" lon="120.20065">
				<ele>36.0</ele>
				<time>2021-02-21T09:50:25Z</time>
					<extensions>
						<ns3:TrackPointExtension>
						</ns3:TrackPointExtension>
					</extensions>
			</trkpt>
			<trkpt lat="35.932888" lon="120.20063">
				<ele>36.0</ele>
				<time>2021-02-21T09:50:26Z</time>
					<extensions>
						<ns3:TrackPointExtension>
						</ns3:TrackPointExtension>
					</extensions>
			</trkpt>
			<trkpt lat="35.932873" lon="120.2006">
				<ele>36.0</ele>
				<time>2021-02-21T09:50:27Z</time>
					<extensions>
						<ns3:TrackPointExtension>
						</ns3:TrackPointExtension>
					</extensions>
			</trkpt>
			<trkpt lat="35.932858" lon="120.20057">
				<ele>36.0</ele>
				<time>2021-02-21T09:50:28Z</time>
					<extensions>
						<ns3:TrackPointExtension>
						</ns3:TrackPointExtension>
					</extensions>
			</trkpt>
			<trkpt lat="35.932842" lon="120.20054">
				<ele>36.0</ele>
				<time>2021-02-21T09:50:29Z</time>
					<extensions>
						<ns3:TrackPointExtension>
						</ns3:TrackPointExtension>
					</extensions>
			</trkpt>
			<trkpt lat="35.932827" lon="120.20052">
				<ele>36.0</ele>
				<time>2021-02-21T09:50:30Z</time>
					<extensions>
						<ns3:TrackPointExtension>
						</ns3:TrackPointExtension>
					</extensions>
			</trkpt>
			<trkpt lat="35.93281" lon="120.200485">
				<ele>36.0</ele>
				<time>2021-02-21T09:50:31Z</time>
					<extensions>
						<ns3:TrackPointExtension>
						</ns3:TrackPointExtension>
					</extensions>
			</trkpt>
			<trkpt lat="35.932796" lon="120.20045">
				<ele>36.0</ele>
				<time>2021-02-21T09:50:32Z</time>
					<extensions>
						<ns3:TrackPointExtension>
						</ns3:TrackPointExtension>
					</extensions>
			</trkpt>
			<trkpt lat="35.93278" lon="120.20041">
				<ele>36.0</ele>
				<time>2021-02-21T09:50:33Z</time>
					<extensions>
						<ns3:TrackPointExtension>
						</ns3:TrackPointExtension>
					</extensions>
			</trkpt>
			<trkpt lat="35.932774" lon="120.200386">
				<ele>36.0</ele>
				<time>2021-02-21T09:50:34Z</time>
					<extensions>
						<ns3:TrackPointExtension>
						</ns3:TrackPointExtension>
					</extensions>
			</trkpt>
			<trkpt lat="35.932762" lon="120.20035">
				<ele>36.0</ele>
				<time>2021-02-21T09:50:35Z</time>
					<extensions>
						<ns3:TrackPointExtension>
						</ns3:TrackPointExtension>
					</extensions>
			</trkpt>
			<trkpt lat="35.932755" lon="120.20032">
				<ele>36.0</ele>
				<time>2021-02-21T09:50:36Z</time>
					<extensions>
						<ns3:TrackPointExtension>
						</ns3:TrackPointExtension>
					</extensions>
			</trkpt>
			<trkpt lat="35.93274" lon="120.20027">
				<ele>36.0</ele>
				<time>2021-02-21T09:50:37Z</time>
					<extensions>
						<ns3:TrackPointExtension>
						</ns3:TrackPointExtension>
					</extensions>
			</trkpt>
			<trkpt lat="35.93273" lon="120.20024">
				<ele>37.0</ele>
				<time>2021-02-21T09:50:38Z</time>
					<extensions>
						<ns3:TrackPointExtension>
						</ns3:TrackPointExtension>
					</extensions>
			</trkpt>
			<trkpt lat="35.932724" lon="120.200226">
				<ele>37.0</ele>
				<time>2021-02-21T09:50:39Z</time>
					<extensions>
						<ns3:TrackPointExtension>
						</ns3:TrackPointExtension>
					</extensions>
			</trkpt>
			<trkpt lat="35.932716" lon="120.200195">
				<ele>37.0</ele>
				<time>2021-02-21T09:50:40Z</time>
					<extensions>
						<ns3:TrackPointExtension>
						</ns3:TrackPointExtension>
					</extensions>
			</trkpt>
			<trkpt lat="35.932713" lon="120.200165">
				<ele>37.0</ele>
				<time>2021-02-21T09:50:41Z</time>
					<extensions>
						<ns3:TrackPointExtension>
						</ns3:TrackPointExtension>
					</extensions>
			</trkpt>
			<trkpt lat="35.932705" lon="120.20012">
				<ele>37.0</ele>
				<time>2021-02-21T09:50:42Z</time>
					<extensions>
						<ns3:TrackPointExtension>
						</ns3:TrackPointExtension>
					</extensions>
			</trkpt>
			<trkpt lat="35.9327" lon="120.200096">
				<ele>37.0</ele>
				<time>2021-02-21T09:50:43Z</time>
					<extensions>
						<ns3:TrackPointExtension>
						</ns3:TrackPointExtension>
					</extensions>
			</trkpt>
			<trkpt lat="35.9327" lon="120.20006">
				<ele>37.0</ele>
				<time>2021-02-21T09:50:44Z</time>
					<extensions>
						<ns3:TrackPointExtension>
						</ns3:TrackPointExtension>
					</extensions>
			</trkpt>
			<trkpt lat="35.932693" lon="120.20003">
				<ele>37.0</ele>
				<time>2021-02-21T09:50:45Z</time>
					<extensions>
						<ns3:TrackPointExtension>
						</ns3:TrackPointExtension>
					</extensions>
			</trkpt>
			<trkpt lat="35.93269" lon="120.2">
				<ele>37.0</ele>
				<time>2021-02-21T09:50:46Z</time>
					<extensions>
						<ns3:TrackPointExtension>
						</ns3:TrackPointExtension>
					</extensions>
			</trkpt>
			<trkpt lat="35.932686" lon="120.19997">
				<ele>37.0</ele>
				<time>2021-02-21T09:50:47Z</time>
					<extensions>
						<ns3:TrackPointExtension>
						</ns3:TrackPointExtension>
					</extensions>
			</trkpt>
			<trkpt lat="35.932682" lon="120.19993">
				<ele>37.0</ele>
				<time>2021-02-21T09:50:48Z</time>
					<extensions>
						<ns3:TrackPointExtension>
						</ns3:TrackPointExtension>
					</extensions>
			</trkpt>
			<trkpt lat="35.93268" lon="120.199905">
				<ele>37.0</ele>
				<time>2021-02-21T09:50:49Z</time>
					<extensions>
						<ns3:TrackPointExtension>
						</ns3:TrackPointExtension>
					</extensions>
			</trkpt>
			<trkpt lat="35.93268" lon="120.199875">
				<ele>37.0</ele>
				<time>2021-02-21T09:50:50Z</time>
					<extensions>
						<ns3:TrackPointExtension>
						</ns3:TrackPointExtension>
					</extensions>
			</trkpt>
			<trkpt lat="35.93268" lon="120.199844">
				<ele>37.0</ele>
				<time>2021-02-21T09:50:51Z</time>
					<extensions>
						<ns3:TrackPointExtension>
						</ns3:TrackPointExtension>
					</extensions>
			</trkpt>
			<trkpt lat="35.932674" lon="120.19982">
				<ele>37.0</ele>
				<time>2021-02-21T09:50:52Z</time>
					<extensions>
						<ns3:TrackPointExtension>
						</ns3:TrackPointExtension>
					</extensions>
			</trkpt>
			<trkpt lat="35.93267" lon="120.19978">
				<ele>37.0</ele>
				<time>2021-02-21T09:50:53Z</time>
					<extensions>
						<ns3:TrackPointExtension>
						</ns3:TrackPointExtension>
					</extensions>
			</trkpt>
			<trkpt lat="35.93267" lon="120.19975">
				<ele>37.0</ele>
				<time>2021-02-21T09:50:54Z</time>
					<extensions>
						<ns3:TrackPointExtension>
						</ns3:TrackPointExtension>
					</extensions>
			</trkpt>
			<trkpt lat="35.932667" lon="120.19971">
				<ele>37.0</ele>
				<time>2021-02-21T09:50:55Z</time>
					<extensions>
						<ns3:TrackPointExtension>
						</ns3:TrackPointExtension>
					</extensions>
			</trkpt>
			<trkpt lat="35.932663" lon="120.19968">
				<ele>37.0</ele>
				<time>2021-02-21T09:50:56Z</time>
					<extensions>
						<ns3:TrackPointExtension>
						</ns3:TrackPointExtension>
					</extensions>
			</trkpt>
			<trkpt lat="35.932663" lon="120.19964">
				<ele>37.0</ele>
				<time>2021-02-21T09:50:57Z</time>
					<extensions>
						<ns3:TrackPointExtension>
						</ns3:TrackPointExtension>
					</extensions>
			</trkpt>
			<trkpt lat="35.932667" lon="120.199615">
				<ele>37.0</ele>
				<time>2021-02-21T09:50:58Z</time>
					<extensions>
						<ns3:TrackPointExtension>
						</ns3:TrackPointExtension>
					</extensions>
			</trkpt>
			<trkpt lat="35.932724" lon="120.1996">
				<ele>37.0</ele>
				<time>2021-02-21T09:50:59Z</time>
					<extensions>
						<ns3:TrackPointExtension>
						</ns3:TrackPointExtension>
					</extensions>
			</trkpt>
			<trkpt lat="35.93273" lon="120.19957">
				<ele>37.0</ele>
				<time>2021-02-21T09:51:00Z</time>
					<extensions>
						<ns3:TrackPointExtension>
						</ns3:TrackPointExtension>
					</extensions>
			</trkpt>
			<trkpt lat="35.932743" lon="120.19954">
				<ele>37.0</ele>
				<time>2021-02-21T09:51:01Z</time>
					<extensions>
						<ns3:TrackPointExtension>
						</ns3:TrackPointExtension>
					</extensions>
			</trkpt>
			<trkpt lat="35.93275" lon="120.19952">
				<ele>37.0</ele>
				<time>2021-02-21T09:51:02Z</time>
					<extensions>
						<ns3:TrackPointExtension>
						</ns3:TrackPointExtension>
					</extensions>
			</trkpt>
			<trkpt lat="35.932766" lon="120.199486">
				<ele>37.0</ele>
				<time>2021-02-21T09:51:03Z</time>
					<extensions>
						<ns3:TrackPointExtension>
						</ns3:TrackPointExtension>
					</extensions>
			</trkpt>
			<trkpt lat="35.932777" lon="120.199455">
				<ele>37.0</ele>
				<time>2021-02-21T09:51:04Z</time>
					<extensions>
						<ns3:TrackPointExtension>
						</ns3:TrackPointExtension>
					</extensions>
			</trkpt>
			<trkpt lat="35.93279" lon="120.199425">
				<ele>37.0</ele>
				<time>2021-02-21T09:51:05Z</time>
					<extensions>
						<ns3:TrackPointExtension>
						</ns3:TrackPointExtension>
					</extensions>
			</trkpt>
			<trkpt lat="35.9328" lon="120.199394">
				<ele>37.0</ele>
				<time>2021-02-21T09:51:06Z</time>
					<extensions>
						<ns3:TrackPointExtension>
						</ns3:TrackPointExtension>
					</extensions>
			</trkpt>
			<trkpt lat="35.93281" lon="120.19936">
				<ele>37.0</ele>
				<time>2021-02-21T09:51:07Z</time>
					<extensions>
						<ns3:TrackPointExtension>
						</ns3:TrackPointExtension>
					</extensions>
			</trkpt>
			<trkpt lat="35.932827" lon="120.19934">
				<ele>37.0</ele>
				<time>2021-02-21T09:51:08Z</time>
					<extensions>
						<ns3:TrackPointExtension>
						</ns3:TrackPointExtension>
					</extensions>
			</trkpt>
			<trkpt lat="35.932842" lon="120.19931">
				<ele>37.0</ele>
				<time>2021-02-21T09:51:09Z</time>
					<extensions>
						<ns3:TrackPointExtension>
						</ns3:TrackPointExtension>
					</extensions>
			</trkpt>
			<trkpt lat="35.932858" lon="120.19929">
				<ele>37.0</ele>
				<time>2021-02-21T09:51:10Z</time>
					<extensions>
						<ns3:TrackPointExtension>
						</ns3:TrackPointExtension>
					</extensions>
			</trkpt>
			<trkpt lat="35.932873" lon="120.19926">
				<ele>37.0</ele>
				<time>2021-02-21T09:51:11Z</time>
					<extensions>
						<ns3:TrackPointExtension>
						</ns3:TrackPointExtension>
					</extensions>
			</trkpt>
			<trkpt lat="35.932888" lon="120.19924">
				<ele>37.0</ele>
				<time>2021-02-21T09:51:12Z</time>
					<extensions>
						<ns3:TrackPointExtension>
						</ns3:TrackPointExtension>
					</extensions>
			</trkpt>
			<trkpt lat="35.932903" lon="120.19921">
				<ele>37.0</ele>
				<time>2021-02-21T09:51:13Z</time>
					<extensions>
						<ns3:TrackPointExtension>
						</ns3:TrackPointExtension>
					</extensions>
			</trkpt>
			<trkpt lat="35.93292" lon="120.19918">
				<ele>37.0</ele>
				<time>2021-02-21T09:51:14Z</time>
					<extensions>
						<ns3:TrackPointExtension>
						</ns3:TrackPointExtension>
					</extensions>
			</trkpt>
			<trkpt lat="35.932934" lon="120.19915">
				<ele>37.0</ele>
				<time>2021-02-21T09:51:15Z</time>
					<extensions>
						<ns3:TrackPointExtension>
						</ns3:TrackPointExtension>
					</extensions>
			</trkpt>
			<trkpt lat="35.932953" lon="120.19912">
				<ele>37.0</ele>
				<time>2021-02-21T09:51:16Z</time>
					<extensions>
						<ns3:TrackPointExtension>
						</ns3:TrackPointExtension>
					</extensions>
			</trkpt>
			<trkpt lat="35.932964" lon="120.19909">
				<ele>37.0</ele>
				<time>2021-02-21T09:51:17Z</time>
					<extensions>
						<ns3:TrackPointExtension>
						</ns3:TrackPointExtension>
					</extensions>
			</trkpt>
			<trkpt lat="35.932976" lon="120.19906">
				<ele>37.0</ele>
				<time>2021-02-21T09:51:18Z</time>
					<extensions>
						<ns3:TrackPointExtension>
						</ns3:TrackPointExtension>
					</extensions>
			</trkpt>
			<trkpt lat="35.932983" lon="120.19903">
				<ele>37.0</ele>
				<time>2021-02-21T09:51:19Z</time>
					<extensions>
						<ns3:TrackPointExtension>
						</ns3:TrackPointExtension>
					</extensions>
			</trkpt>
			<trkpt lat="35.932995" lon="120.199">
				<ele>37.0</ele>
				<time>2021-02-21T09:51:20Z</time>
					<extensions>
						<ns3:TrackPointExtension>
						</ns3:TrackPointExtension>
					</extensions>
			</trkpt>
			<trkpt lat="35.933" lon="120.198975">
				<ele>37.0</ele>
				<time>2021-02-21T09:51:21Z</time>
					<extensions>
						<ns3:TrackPointExtension>
						</ns3:TrackPointExtension>
					</extensions>
			</trkpt>
			<trkpt lat="35.93301" lon="120.198944">
				<ele>37.0</ele>
				<time>2021-02-21T09:51:22Z</time>
					<extensions>
						<ns3:TrackPointExtension>
						</ns3:TrackPointExtension>
					</extensions>
			</trkpt>
			<trkpt lat="35.933018" lon="120.19891">
				<ele>37.0</ele>
				<time>2021-02-21T09:51:23Z</time>
					<extensions>
						<ns3:TrackPointExtension>
						</ns3:TrackPointExtension>
					</extensions>
			</trkpt>
			<trkpt lat="35.933025" lon="120.19888">
				<ele>37.0</ele>
				<time>2021-02-21T09:51:24Z</time>
					<extensions>
						<ns3:TrackPointExtension>
						</ns3:TrackPointExtension>
					</extensions>
			</trkpt>
			<trkpt lat="35.933033" lon="120.19885">
				<ele>37.0</ele>
				<time>2021-02-21T09:51:25Z</time>
					<extensions>
						<ns3:TrackPointExtension>
						</ns3:TrackPointExtension>
					</extensions>
			</trkpt>
			<trkpt lat="35.93304" lon="120.19882">
				<ele>37.0</ele>
				<time>2021-02-21T09:51:26Z</time>
					<extensions>
						<ns3:TrackPointExtension>
						</ns3:TrackPointExtension>
					</extensions>
			</trkpt>
			<trkpt lat="35.933044" lon="120.19878">
				<ele>37.0</ele>
				<time>2021-02-21T09:51:27Z</time>
					<extensions>
						<ns3:TrackPointExtension>
						</ns3:TrackPointExtension>
					</extensions>
			</trkpt>
			<trkpt lat="35.933006" lon="120.198746">
				<ele>37.0</ele>
				<time>2021-02-21T09:51:28Z</time>
					<extensions>
						<ns3:TrackPointExtension>
						</ns3:TrackPointExtension>
					</extensions>
			</trkpt>
			<trkpt lat="35.933006" lon="120.19873">
				<ele>37.0</ele>
				<time>2021-02-21T09:51:29Z</time>
					<extensions>
						<ns3:TrackPointExtension>
						</ns3:TrackPointExtension>
					</extensions>
			</trkpt>
			<trkpt lat="35.933002" lon="120.1987">
				<ele>37.0</ele>
				<time>2021-02-21T09:51:30Z</time>
					<extensions>
						<ns3:TrackPointExtension>
						</ns3:TrackPointExtension>
					</extensions>
			</trkpt>
			<trkpt lat="35.932995" lon="120.19867">
				<ele>37.0</ele>
				<time>2021-02-21T09:51:31Z</time>
					<extensions>
						<ns3:TrackPointExtension>
						</ns3:TrackPointExtension>
					</extensions>
			</trkpt>
			<trkpt lat="35.932987" lon="120.19864">
				<ele>37.0</ele>
				<time>2021-02-21T09:51:32Z</time>
					<extensions>
						<ns3:TrackPointExtension>
						</ns3:TrackPointExtension>
					</extensions>
			</trkpt>
			<trkpt lat="35.93298" lon="120.198616">
				<ele>37.0</ele>
				<time>2021-02-21T09:51:33Z</time>
					<extensions>
						<ns3:TrackPointExtension>
						</ns3:TrackPointExtension>
					</extensions>
			</trkpt>
			<trkpt lat="35.932972" lon="120.19859">
				<ele>37.0</ele>
				<time>2021-02-21T09:51:34Z</time>
					<extensions>
						<ns3:TrackPointExtension>
						</ns3:TrackPointExtension>
					</extensions>
			</trkpt>
			<trkpt lat="35.93296" lon="120.19858">
				<ele>37.0</ele>
				<time>2021-02-21T09:51:35Z</time>
					<extensions>
						<ns3:TrackPointExtension>
						</ns3:TrackPointExtension>
					</extensions>
			</trkpt>
			<trkpt lat="35.932953" lon="120.198555">
				<ele>37.0</ele>
				<time>2021-02-21T09:51:36Z</time>
					<extensions>
						<ns3:TrackPointExtension>
						</ns3:TrackPointExtension>
					</extensions>
			</trkpt>
			<trkpt lat="35.93292" lon="120.19854">
				<ele>37.0</ele>
				<time>2021-02-21T09:51:37Z</time>
					<extensions>
						<ns3:TrackPointExtension>
						</ns3:TrackPointExtension>
					</extensions>
			</trkpt>
			<trkpt lat="35.932896" lon="120.19853">
				<ele>37.0</ele>
				<time>2021-02-21T09:51:38Z</time>
					<extensions>
						<ns3:TrackPointExtension>
						</ns3:TrackPointExtension>
					</extensions>
			</trkpt>
			<trkpt lat="35.93288" lon="120.198524">
				<ele>37.0</ele>
				<time>2021-02-21T09:51:39Z</time>
					<extensions>
						<ns3:TrackPointExtension>
						</ns3:TrackPointExtension>
					</extensions>
			</trkpt>
			<trkpt lat="35.93286" lon="120.19851">
				<ele>37.0</ele>
				<time>2021-02-21T09:51:40Z</time>
					<extensions>
						<ns3:TrackPointExtension>
						</ns3:TrackPointExtension>
					</extensions>
			</trkpt>
			<trkpt lat="35.932846" lon="120.1985">
				<ele>37.0</ele>
				<time>2021-02-21T09:51:41Z</time>
					<extensions>
						<ns3:TrackPointExtension>
						</ns3:TrackPointExtension>
					</extensions>
			</trkpt>
			<trkpt lat="35.93284" lon="120.198494">
				<ele>36.0</ele>
				<time>2021-02-21T09:51:42Z</time>
					<extensions>
						<ns3:TrackPointExtension>
						</ns3:TrackPointExtension>
					</extensions>
			</trkpt>
			<trkpt lat="35.932827" lon="120.198494">
				<ele>36.0</ele>
				<time>2021-02-21T09:51:43Z</time>
					<extensions>
						<ns3:TrackPointExtension>
						</ns3:TrackPointExtension>
					</extensions>
			</trkpt>
			<trkpt lat="35.93282" lon="120.19848">
				<ele>36.0</ele>
				<time>2021-02-21T09:51:44Z</time>
					<extensions>
						<ns3:TrackPointExtension>
						</ns3:TrackPointExtension>
					</extensions>
			</trkpt>
			<trkpt lat="35.932804" lon="120.19847">
				<ele>36.0</ele>
				<time>2021-02-21T09:51:45Z</time>
					<extensions>
						<ns3:TrackPointExtension>
						</ns3:TrackPointExtension>
					</extensions>
			</trkpt>
			<trkpt lat="35.932796" lon="120.19847">
				<ele>36.0</ele>
				<time>2021-02-21T09:51:46Z</time>
					<extensions>
						<ns3:TrackPointExtension>
						</ns3:TrackPointExtension>
					</extensions>
			</trkpt>
			<trkpt lat="35.93278" lon="120.19846">
				<ele>36.0</ele>
				<time>2021-02-21T09:51:47Z</time>
					<extensions>
						<ns3:TrackPointExtension>
						</ns3:TrackPointExtension>
					</extensions>
			</trkpt>
			<trkpt lat="35.932762" lon="120.19846">
				<ele>36.0</ele>
				<time>2021-02-21T09:51:48Z</time>
					<extensions>
						<ns3:TrackPointExtension>
						</ns3:TrackPointExtension>
					</extensions>
			</trkpt>
			<trkpt lat="35.932747" lon="120.19845">
				<ele>36.0</ele>
				<time>2021-02-21T09:51:49Z</time>
					<extensions>
						<ns3:TrackPointExtension>
						</ns3:TrackPointExtension>
					</extensions>
			</trkpt>
			<trkpt lat="35.93273" lon="120.19845">
				<ele>36.0</ele>
				<time>2021-02-21T09:51:50Z</time>
					<extensions>
						<ns3:TrackPointExtension>
						</ns3:TrackPointExtension>
					</extensions>
			</trkpt>
			<trkpt lat="35.932716" lon="120.19845">
				<ele>36.0</ele>
				<time>2021-02-21T09:51:51Z</time>
					<extensions>
						<ns3:TrackPointExtension>
						</ns3:TrackPointExtension>
					</extensions>
			</trkpt>
			<trkpt lat="35.93271" lon="120.19845">
				<ele>36.0</ele>
				<time>2021-02-21T09:51:52Z</time>
					<extensions>
						<ns3:TrackPointExtension>
						</ns3:TrackPointExtension>
					</extensions>
			</trkpt>
			<trkpt lat="35.932705" lon="120.19845">
				<ele>36.0</ele>
				<time>2021-02-21T09:51:53Z</time>
					<extensions>
						<ns3:TrackPointExtension>
						</ns3:TrackPointExtension>
					</extensions>
			</trkpt>
			<trkpt lat="35.9327" lon="120.19845">
				<ele>36.0</ele>
				<time>2021-02-21T09:51:54Z</time>
					<extensions>
						<ns3:TrackPointExtension>
						</ns3:TrackPointExtension>
					</extensions>
			</trkpt>
			<trkpt lat="35.9327" lon="120.19844">
				<ele>36.0</ele>
				<time>2021-02-21T09:51:55Z</time>
					<extensions>
						<ns3:TrackPointExtension>
						</ns3:TrackPointExtension>
					</extensions>
			</trkpt>
			<trkpt lat="35.932697" lon="120.19844">
				<ele>36.0</ele>
				<time>2021-02-21T09:51:56Z</time>
					<extensions>
						<ns3:TrackPointExtension>
						</ns3:TrackPointExtension>
					</extensions>
			</trkpt>
			<trkpt lat="35.932693" lon="120.19843">
				<ele>36.0</ele>
				<time>2021-02-21T09:51:57Z</time>
					<extensions>
						<ns3:TrackPointExtension>
						</ns3:TrackPointExtension>
					</extensions>
			</trkpt>
			<trkpt lat="35.932693" lon="120.19843">
				<ele>36.0</ele>
				<time>2021-02-21T09:51:58Z</time>
					<extensions>
						<ns3:TrackPointExtension>
						</ns3:TrackPointExtension>
					</extensions>
			</trkpt>
			<trkpt lat="35.932693" lon="120.19843">
				<ele>36.0</ele>
				<time>2021-02-21T09:52:00Z</time>
					<extensions>
						<ns3:TrackPointExtension>
						</ns3:TrackPointExtension>
					</extensions>
			</trkpt>
			<trkpt lat="35.932693" lon="120.19843">
				<ele>36.0</ele>
				<time>2021-02-21T09:52:02Z</time>
					<extensions>
						<ns3:TrackPointExtension>
						</ns3:TrackPointExtension>
					</extensions>
			</trkpt>
			<trkpt lat="35.932705" lon="120.19845">
				<ele>36.0</ele>
				<time>2021-02-21T09:52:08Z</time>
					<extensions>
						<ns3:TrackPointExtension>
						</ns3:TrackPointExtension>
					</extensions>
			</trkpt>
			<trkpt lat="35.9327" lon="120.19844">
				<ele>36.0</ele>
				<time>2021-02-21T09:52:09Z</time>
					<extensions>
						<ns3:TrackPointExtension>
						</ns3:TrackPointExtension>
					</extensions>
			</trkpt>
			<trkpt lat="35.9327" lon="120.19844">
				<ele>36.0</ele>
				<time>2021-02-21T09:52:10Z</time>
					<extensions>
						<ns3:TrackPointExtension>
						</ns3:TrackPointExtension>
					</extensions>
			</trkpt>
			<trkpt lat="35.932674" lon="120.19844">
				<ele>36.0</ele>
				<time>2021-02-21T09:52:29Z</time>
					<extensions>
						<ns3:TrackPointExtension>
						</ns3:TrackPointExtension>
					</extensions>
			</trkpt>
			<trkpt lat="35.93266" lon="120.19845">
				<ele>36.0</ele>
				<time>2021-02-21T09:52:30Z</time>
					<extensions>
						<ns3:TrackPointExtension>
						</ns3:TrackPointExtension>
					</extensions>
			</trkpt>
			<trkpt lat="35.93265" lon="120.19846">
				<ele>36.0</ele>
				<time>2021-02-21T09:52:31Z</time>
					<extensions>
						<ns3:TrackPointExtension>
						</ns3:TrackPointExtension>
					</extensions>
			</trkpt>
			<trkpt lat="35.93264" lon="120.19848">
				<ele>36.0</ele>
				<time>2021-02-21T09:52:32Z</time>
					<extensions>
						<ns3:TrackPointExtension>
						</ns3:TrackPointExtension>
					</extensions>
			</trkpt>
			<trkpt lat="35.932644" lon="120.1985">
				<ele>36.0</ele>
				<time>2021-02-21T09:52:33Z</time>
					<extensions>
						<ns3:TrackPointExtension>
						</ns3:TrackPointExtension>
					</extensions>
			</trkpt>
			<trkpt lat="35.93265" lon="120.19851">
				<ele>36.0</ele>
				<time>2021-02-21T09:52:34Z</time>
					<extensions>
						<ns3:TrackPointExtension>
						</ns3:TrackPointExtension>
					</extensions>
			</trkpt>
			<trkpt lat="35.93266" lon="120.19853">
				<ele>36.0</ele>
				<time>2021-02-21T09:52:35Z</time>
					<extensions>
						<ns3:TrackPointExtension>
						</ns3:TrackPointExtension>
					</extensions>
			</trkpt>
			<trkpt lat="35.932674" lon="120.198555">
				<ele>36.0</ele>
				<time>2021-02-21T09:52:36Z</time>
					<extensions>
						<ns3:TrackPointExtension>
						</ns3:TrackPointExtension>
					</extensions>
			</trkpt>
			<trkpt lat="35.932693" lon="120.19858">
				<ele>36.0</ele>
				<time>2021-02-21T09:52:37Z</time>
					<extensions>
						<ns3:TrackPointExtension>
						</ns3:TrackPointExtension>
					</extensions>
			</trkpt>
			<trkpt lat="35.932705" lon="120.198586">
				<ele>36.0</ele>
				<time>2021-02-21T09:52:38Z</time>
					<extensions>
						<ns3:TrackPointExtension>
						</ns3:TrackPointExtension>
					</extensions>
			</trkpt>
			<trkpt lat="35.932724" lon="120.19861">
				<ele>36.0</ele>
				<time>2021-02-21T09:52:39Z</time>
					<extensions>
						<ns3:TrackPointExtension>
						</ns3:TrackPointExtension>
					</extensions>
			</trkpt>
			<trkpt lat="35.932743" lon="120.19862">
				<ele>36.0</ele>
				<time>2021-02-21T09:52:40Z</time>
					<extensions>
						<ns3:TrackPointExtension>
						</ns3:TrackPointExtension>
					</extensions>
			</trkpt>
			<trkpt lat="35.932766" lon="120.198654">
				<ele>36.0</ele>
				<time>2021-02-21T09:52:41Z</time>
					<extensions>
						<ns3:TrackPointExtension>
						</ns3:TrackPointExtension>
					</extensions>
			</trkpt>
			<trkpt lat="35.93278" lon="120.19867">
				<ele>36.0</ele>
				<time>2021-02-21T09:52:42Z</time>
					<extensions>
						<ns3:TrackPointExtension>
						</ns3:TrackPointExtension>
					</extensions>
			</trkpt>
			<trkpt lat="35.932804" lon="120.1987">
				<ele>36.0</ele>
				<time>2021-02-21T09:52:43Z</time>
					<extensions>
						<ns3:TrackPointExtension>
						</ns3:TrackPointExtension>
					</extensions>
			</trkpt>
			<trkpt lat="35.932816" lon="120.198715">
				<ele>36.0</ele>
				<time>2021-02-21T09:52:44Z</time>
					<extensions>
						<ns3:TrackPointExtension>
						</ns3:TrackPointExtension>
					</extensions>
			</trkpt>
			<trkpt lat="35.93283" lon="120.198746">
				<ele>36.0</ele>
				<time>2021-02-21T09:52:45Z</time>
					<extensions>
						<ns3:TrackPointExtension>
						</ns3:TrackPointExtension>
					</extensions>
			</trkpt>
			<trkpt lat="35.932846" lon="120.19877">
				<ele>36.0</ele>
				<time>2021-02-21T09:52:46Z</time>
					<extensions>
						<ns3:TrackPointExtension>
						</ns3:TrackPointExtension>
					</extensions>
			</trkpt>
			<trkpt lat="35.932858" lon="120.1988">
				<ele>36.0</ele>
				<time>2021-02-21T09:52:47Z</time>
					<extensions>
						<ns3:TrackPointExtension>
						</ns3:TrackPointExtension>
					</extensions>
			</trkpt>
			<trkpt lat="35.93287" lon="120.19883">
				<ele>36.0</ele>
				<time>2021-02-21T09:52:48Z</time>
					<extensions>
						<ns3:TrackPointExtension>
						</ns3:TrackPointExtension>
					</extensions>
			</trkpt>
			<trkpt lat="35.932873" lon="120.19885">
				<ele>36.0</ele>
				<time>2021-02-21T09:52:49Z</time>
					<extensions>
						<ns3:TrackPointExtension>
						</ns3:TrackPointExtension>
					</extensions>
			</trkpt>
			<trkpt lat="35.932884" lon="120.19887">
				<ele>36.0</ele>
				<time>2021-02-21T09:52:50Z</time>
					<extensions>
						<ns3:TrackPointExtension>
						</ns3:TrackPointExtension>
					</extensions>
			</trkpt>
			<trkpt lat="35.932888" lon="120.1989">
				<ele>36.0</ele>
				<time>2021-02-21T09:52:51Z</time>
					<extensions>
						<ns3:TrackPointExtension>
						</ns3:TrackPointExtension>
					</extensions>
			</trkpt>
			<trkpt lat="35.9329" lon="120.19893">
				<ele>36.0</ele>
				<time>2021-02-21T09:52:52Z</time>
					<extensions>
						<ns3:TrackPointExtension>
						</ns3:TrackPointExtension>
					</extensions>
			</trkpt>
			<trkpt lat="35.932903" lon="120.19897">
				<ele>36.0</ele>
				<time>2021-02-21T09:52:53Z</time>
					<extensions>
						<ns3:TrackPointExtension>
						</ns3:TrackPointExtension>
					</extensions>
			</trkpt>
			<trkpt lat="35.932907" lon="120.19898">
				<ele>36.0</ele>
				<time>2021-02-21T09:52:54Z</time>
					<extensions>
						<ns3:TrackPointExtension>
						</ns3:TrackPointExtension>
					</extensions>
			</trkpt>
			<trkpt lat="35.932915" lon="120.19903">
				<ele>36.0</ele>
				<time>2021-02-21T09:52:55Z</time>
					<extensions>
						<ns3:TrackPointExtension>
						</ns3:TrackPointExtension>
					</extensions>
			</trkpt>
			<trkpt lat="35.932915" lon="120.19906">
				<ele>38.0</ele>
				<time>2021-02-21T09:52:56Z</time>
					<extensions>
						<ns3:TrackPointExtension>
						</ns3:TrackPointExtension>
					</extensions>
			</trkpt>
			<trkpt lat="35.932915" lon="120.19909">
				<ele>38.0</ele>
				<time>2021-02-21T09:52:57Z</time>
					<extensions>
						<ns3:TrackPointExtension>
						</ns3:TrackPointExtension>
					</extensions>
			</trkpt>
			<trkpt lat="35.93288" lon="120.19912">
				<ele>38.0</ele>
				<time>2021-02-21T09:52:58Z</time>
					<extensions>
						<ns3:TrackPointExtension>
						</ns3:TrackPointExtension>
					</extensions>
			</trkpt>
			<trkpt lat="35.932873" lon="120.19915">
				<ele>38.0</ele>
				<time>2021-02-21T09:52:59Z</time>
					<extensions>
						<ns3:TrackPointExtension>
						</ns3:TrackPointExtension>
					</extensions>
			</trkpt>
			<trkpt lat="35.932873" lon="120.19918">
				<ele>38.0</ele>
				<time>2021-02-21T09:53:00Z</time>
					<extensions>
						<ns3:TrackPointExtension>
						</ns3:TrackPointExtension>
					</extensions>
			</trkpt>
			<trkpt lat="35.932865" lon="120.19921">
				<ele>38.0</ele>
				<time>2021-02-21T09:53:01Z</time>
					<extensions>
						<ns3:TrackPointExtension>
						</ns3:TrackPointExtension>
					</extensions>
			</trkpt>
			<trkpt lat="35.932858" lon="120.19924">
				<ele>38.0</ele>
				<time>2021-02-21T09:53:02Z</time>
					<extensions>
						<ns3:TrackPointExtension>
						</ns3:TrackPointExtension>
					</extensions>
			</trkpt>
			<trkpt lat="35.932854" lon="120.19926">
				<ele>38.0</ele>
				<time>2021-02-21T09:53:03Z</time>
					<extensions>
						<ns3:TrackPointExtension>
						</ns3:TrackPointExtension>
					</extensions>
			</trkpt>
			<trkpt lat="35.932846" lon="120.1993">
				<ele>38.0</ele>
				<time>2021-02-21T09:53:04Z</time>
					<extensions>
						<ns3:TrackPointExtension>
						</ns3:TrackPointExtension>
					</extensions>
			</trkpt>
			<trkpt lat="35.93284" lon="120.19932">
				<ele>38.0</ele>
				<time>2021-02-21T09:53:05Z</time>
					<extensions>
						<ns3:TrackPointExtension>
						</ns3:TrackPointExtension>
					</extensions>
			</trkpt>
			<trkpt lat="35.93283" lon="120.199356">
				<ele>38.0</ele>
				<time>2021-02-21T09:53:06Z</time>
					<extensions>
						<ns3:TrackPointExtension>
						</ns3:TrackPointExtension>
					</extensions>
			</trkpt>
			<trkpt lat="35.932823" lon="120.19939">
				<ele>38.0</ele>
				<time>2021-02-21T09:53:07Z</time>
					<extensions>
						<ns3:TrackPointExtension>
						</ns3:TrackPointExtension>
					</extensions>
			</trkpt>
			<trkpt lat="35.932816" lon="120.1994">
				<ele>38.0</ele>
				<time>2021-02-21T09:53:08Z</time>
					<extensions>
						<ns3:TrackPointExtension>
						</ns3:TrackPointExtension>
					</extensions>
			</trkpt>
			<trkpt lat="35.932804" lon="120.19943">
				<ele>38.0</ele>
				<time>2021-02-21T09:53:09Z</time>
					<extensions>
						<ns3:TrackPointExtension>
						</ns3:TrackPointExtension>
					</extensions>
			</trkpt>
			<trkpt lat="35.932793" lon="120.199455">
				<ele>38.0</ele>
				<time>2021-02-21T09:53:10Z</time>
					<extensions>
						<ns3:TrackPointExtension>
						</ns3:TrackPointExtension>
					</extensions>
			</trkpt>
			<trkpt lat="35.93278" lon="120.19948">
				<ele>38.0</ele>
				<time>2021-02-21T09:53:11Z</time>
					<extensions>
						<ns3:TrackPointExtension>
						</ns3:TrackPointExtension>
					</extensions>
			</trkpt>
			<trkpt lat="35.932774" lon="120.199486">
				<ele>38.0</ele>
				<time>2021-02-21T09:53:12Z</time>
					<extensions>
						<ns3:TrackPointExtension>
						</ns3:TrackPointExtension>
					</extensions>
			</trkpt>
			<trkpt lat="35.932735" lon="120.199486">
				<ele>38.0</ele>
				<time>2021-02-21T09:53:13Z</time>
					<extensions>
						<ns3:TrackPointExtension>
						</ns3:TrackPointExtension>
					</extensions>
			</trkpt>
			<trkpt lat="35.932724" lon="120.19951">
				<ele>38.0</ele>
				<time>2021-02-21T09:53:14Z</time>
					<extensions>
						<ns3:TrackPointExtension>
						</ns3:TrackPointExtension>
					</extensions>
			</trkpt>
			<trkpt lat="35.932716" lon="120.19952">
				<ele>38.0</ele>
				<time>2021-02-21T09:53:15Z</time>
					<extensions>
						<ns3:TrackPointExtension>
						</ns3:TrackPointExtension>
					</extensions>
			</trkpt>
			<trkpt lat="35.93271" lon="120.19952">
				<ele>38.0</ele>
				<time>2021-02-21T09:53:16Z</time>
					<extensions>
						<ns3:TrackPointExtension>
						</ns3:TrackPointExtension>
					</extensions>
			</trkpt>
			<trkpt lat="35.93271" lon="120.199524">
				<ele>38.0</ele>
				<time>2021-02-21T09:53:17Z</time>
					<extensions>
						<ns3:TrackPointExtension>
						</ns3:TrackPointExtension>
					</extensions>
			</trkpt>
			<trkpt lat="35.9327" lon="120.19954">
				<ele>38.0</ele>
				<time>2021-02-21T09:53:18Z</time>
					<extensions>
						<ns3:TrackPointExtension>
						</ns3:TrackPointExtension>
					</extensions>
			</trkpt>
			<trkpt lat="35.9327" lon="120.19955">
				<ele>38.0</ele>
				<time>2021-02-21T09:53:19Z</time>
					<extensions>
						<ns3:TrackPointExtension>
						</ns3:TrackPointExtension>
					</extensions>
			</trkpt>
			<trkpt lat="35.932697" lon="120.199554">
				<ele>38.0</ele>
				<time>2021-02-21T09:53:20Z</time>
					<extensions>
						<ns3:TrackPointExtension>
						</ns3:TrackPointExtension>
					</extensions>
			</trkpt>
			<trkpt lat="35.932693" lon="120.19957">
				<ele>38.0</ele>
				<time>2021-02-21T09:53:21Z</time>
					<extensions>
						<ns3:TrackPointExtension>
						</ns3:TrackPointExtension>
					</extensions>
			</trkpt>
			<trkpt lat="35.93269" lon="120.19958">
				<ele>38.0</ele>
				<time>2021-02-21T09:53:22Z</time>
					<extensions>
						<ns3:TrackPointExtension>
						</ns3:TrackPointExtension>
					</extensions>
			</trkpt>
			<trkpt lat="35.932686" lon="120.1996">
				<ele>38.0</ele>
				<time>2021-02-21T09:53:23Z</time>
					<extensions>
						<ns3:TrackPointExtension>
						</ns3:TrackPointExtension>
					</extensions>
			</trkpt>
			<trkpt lat="35.932686" lon="120.19961">
				<ele>38.0</ele>
				<time>2021-02-21T09:53:24Z</time>
					<extensions>
						<ns3:TrackPointExtension>
						</ns3:TrackPointExtension>
					</extensions>
			</trkpt>
			<trkpt lat="35.932686" lon="120.19963">
				<ele>38.0</ele>
				<time>2021-02-21T09:53:25Z</time>
					<extensions>
						<ns3:TrackPointExtension>
						</ns3:TrackPointExtension>
					</extensions>
			</trkpt>
			<trkpt lat="35.932693" lon="120.19964">
				<ele>38.0</ele>
				<time>2021-02-21T09:53:26Z</time>
					<extensions>
						<ns3:TrackPointExtension>
						</ns3:TrackPointExtension>
					</extensions>
			</trkpt>
			<trkpt lat="35.932693" lon="120.19966">
				<ele>38.0</ele>
				<time>2021-02-21T09:53:27Z</time>
					<extensions>
						<ns3:TrackPointExtension>
						</ns3:TrackPointExtension>
					</extensions>
			</trkpt>
			<trkpt lat="35.932693" lon="120.19967">
				<ele>38.0</ele>
				<time>2021-02-21T09:53:28Z</time>
					<extensions>
						<ns3:TrackPointExtension>
						</ns3:TrackPointExtension>
					</extensions>
			</trkpt>
			<trkpt lat="35.932693" lon="120.19968">
				<ele>38.0</ele>
				<time>2021-02-21T09:53:29Z</time>
					<extensions>
						<ns3:TrackPointExtension>
						</ns3:TrackPointExtension>
					</extensions>
			</trkpt>
			<trkpt lat="35.932693" lon="120.19969">
				<ele>38.0</ele>
				<time>2021-02-21T09:53:30Z</time>
					<extensions>
						<ns3:TrackPointExtension>
						</ns3:TrackPointExtension>
					</extensions>
			</trkpt>
			<trkpt lat="35.932697" lon="120.1997">
				<ele>37.0</ele>
				<time>2021-02-21T09:53:31Z</time>
					<extensions>
						<ns3:TrackPointExtension>
						</ns3:TrackPointExtension>
					</extensions>
			</trkpt>
			<trkpt lat="35.93271" lon="120.19972">
				<ele>37.0</ele>
				<time>2021-02-21T09:53:32Z</time>
					<extensions>
						<ns3:TrackPointExtension>
						</ns3:TrackPointExtension>
					</extensions>
			</trkpt>
			<trkpt lat="35.93271" lon="120.199745">
				<ele>37.0</ele>
				<time>2021-02-21T09:53:33Z</time>
					<extensions>
						<ns3:TrackPointExtension>
						</ns3:TrackPointExtension>
					</extensions>
			</trkpt>
			<trkpt lat="35.932713" lon="120.19976">
				<ele>37.0</ele>
				<time>2021-02-21T09:53:34Z</time>
					<extensions>
						<ns3:TrackPointExtension>
						</ns3:TrackPointExtension>
					</extensions>
			</trkpt>
			<trkpt lat="35.932716" lon="120.19979">
				<ele>37.0</ele>
				<time>2021-02-21T09:53:35Z</time>
					<extensions>
						<ns3:TrackPointExtension>
						</ns3:TrackPointExtension>
					</extensions>
			</trkpt>
			<trkpt lat="35.93272" lon="120.19982">
				<ele>37.0</ele>
				<time>2021-02-21T09:53:36Z</time>
					<extensions>
						<ns3:TrackPointExtension>
						</ns3:TrackPointExtension>
					</extensions>
			</trkpt>
			<trkpt lat="35.932724" lon="120.19985">
				<ele>37.0</ele>
				<time>2021-02-21T09:53:37Z</time>
					<extensions>
						<ns3:TrackPointExtension>
						</ns3:TrackPointExtension>
					</extensions>
			</trkpt>
			<trkpt lat="35.932724" lon="120.19988">
				<ele>37.0</ele>
				<time>2021-02-21T09:53:38Z</time>
					<extensions>
						<ns3:TrackPointExtension>
						</ns3:TrackPointExtension>
					</extensions>
			</trkpt>
			<trkpt lat="35.932724" lon="120.199905">
				<ele>37.0</ele>
				<time>2021-02-21T09:53:39Z</time>
					<extensions>
						<ns3:TrackPointExtension>
						</ns3:TrackPointExtension>
					</extensions>
			</trkpt>
			<trkpt lat="35.932728" lon="120.199936">
				<ele>37.0</ele>
				<time>2021-02-21T09:53:40Z</time>
					<extensions>
						<ns3:TrackPointExtension>
						</ns3:TrackPointExtension>
					</extensions>
			</trkpt>
			<trkpt lat="35.93273" lon="120.19997">
				<ele>37.0</ele>
				<time>2021-02-21T09:53:41Z</time>
					<extensions>
						<ns3:TrackPointExtension>
						</ns3:TrackPointExtension>
					</extensions>
			</trkpt>
			<trkpt lat="35.93273" lon="120.2">
				<ele>38.0</ele>
				<time>2021-02-21T09:53:42Z</time>
					<extensions>
						<ns3:TrackPointExtension>
						</ns3:TrackPointExtension>
					</extensions>
			</trkpt>
			<trkpt lat="35.93273" lon="120.20003">
				<ele>38.0</ele>
				<time>2021-02-21T09:53:43Z</time>
					<extensions>
						<ns3:TrackPointExtension>
						</ns3:TrackPointExtension>
					</extensions>
			</trkpt>
			<trkpt lat="35.932735" lon="120.20005">
				<ele>38.0</ele>
				<time>2021-02-21T09:53:44Z</time>
					<extensions>
						<ns3:TrackPointExtension>
						</ns3:TrackPointExtension>
					</extensions>
			</trkpt>
			<trkpt lat="35.93274" lon="120.20008">
				<ele>38.0</ele>
				<time>2021-02-21T09:53:45Z</time>
					<extensions>
						<ns3:TrackPointExtension>
						</ns3:TrackPointExtension>
					</extensions>
			</trkpt>
			<trkpt lat="35.93274" lon="120.20011">
				<ele>38.0</ele>
				<time>2021-02-21T09:53:46Z</time>
					<extensions>
						<ns3:TrackPointExtension>
						</ns3:TrackPointExtension>
					</extensions>
			</trkpt>
			<trkpt lat="35.93274" lon="120.200134">
				<ele>38.0</ele>
				<time>2021-02-21T09:53:47Z</time>
					<extensions>
						<ns3:TrackPointExtension>
						</ns3:TrackPointExtension>
					</extensions>
			</trkpt>
			<trkpt lat="35.93274" lon="120.20015">
				<ele>38.0</ele>
				<time>2021-02-21T09:53:48Z</time>
					<extensions>
						<ns3:TrackPointExtension>
						</ns3:TrackPointExtension>
					</extensions>
			</trkpt>
			<trkpt lat="35.932743" lon="120.200195">
				<ele>38.0</ele>
				<time>2021-02-21T09:53:49Z</time>
					<extensions>
						<ns3:TrackPointExtension>
						</ns3:TrackPointExtension>
					</extensions>
			</trkpt>
			<trkpt lat="35.932747" lon="120.200226">
				<ele>38.0</ele>
				<time>2021-02-21T09:53:50Z</time>
					<extensions>
						<ns3:TrackPointExtension>
						</ns3:TrackPointExtension>
					</extensions>
			</trkpt>
			<trkpt lat="35.93275" lon="120.20026">
				<ele>38.0</ele>
				<time>2021-02-21T09:53:51Z</time>
					<extensions>
						<ns3:TrackPointExtension>
						</ns3:TrackPointExtension>
					</extensions>
			</trkpt>
			<trkpt lat="35.932755" lon="120.20027">
				<ele>38.0</ele>
				<time>2021-02-21T09:53:52Z</time>
					<extensions>
						<ns3:TrackPointExtension>
						</ns3:TrackPointExtension>
					</extensions>
			</trkpt>
			<trkpt lat="35.93276" lon="120.2003">
				<ele>38.0</ele>
				<time>2021-02-21T09:53:53Z</time>
					<extensions>
						<ns3:TrackPointExtension>
						</ns3:TrackPointExtension>
					</extensions>
			</trkpt>
			<trkpt lat="35.932762" lon="120.200325">
				<ele>38.0</ele>
				<time>2021-02-21T09:53:54Z</time>
					<extensions>
						<ns3:TrackPointExtension>
						</ns3:TrackPointExtension>
					</extensions>
			</trkpt>
			<trkpt lat="35.932766" lon="120.200356">
				<ele>38.0</ele>
				<time>2021-02-21T09:53:55Z</time>
					<extensions>
						<ns3:TrackPointExtension>
						</ns3:TrackPointExtension>
					</extensions>
			</trkpt>
			<trkpt lat="35.93277" lon="120.200386">
				<ele>38.0</ele>
				<time>2021-02-21T09:53:56Z</time>
					<extensions>
						<ns3:TrackPointExtension>
						</ns3:TrackPointExtension>
					</extensions>
			</trkpt>
			<trkpt lat="35.932777" lon="120.20042">
				<ele>37.0</ele>
				<time>2021-02-21T09:53:57Z</time>
					<extensions>
						<ns3:TrackPointExtension>
						</ns3:TrackPointExtension>
					</extensions>
			</trkpt>
			<trkpt lat="35.93278" lon="120.20044">
				<ele>37.0</ele>
				<time>2021-02-21T09:53:58Z</time>
					<extensions>
						<ns3:TrackPointExtension>
						</ns3:TrackPointExtension>
					</extensions>
			</trkpt>
			<trkpt lat="35.93279" lon="120.20047">
				<ele>37.0</ele>
				<time>2021-02-21T09:53:59Z</time>
					<extensions>
						<ns3:TrackPointExtension>
						</ns3:TrackPointExtension>
					</extensions>
			</trkpt>
			<trkpt lat="35.932796" lon="120.2005">
				<ele>37.0</ele>
				<time>2021-02-21T09:54:00Z</time>
					<extensions>
						<ns3:TrackPointExtension>
						</ns3:TrackPointExtension>
					</extensions>
			</trkpt>
			<trkpt lat="35.932804" lon="120.20052">
				<ele>37.0</ele>
				<time>2021-02-21T09:54:01Z</time>
					<extensions>
						<ns3:TrackPointExtension>
						</ns3:TrackPointExtension>
					</extensions>
			</trkpt>
			<trkpt lat="35.93281" lon="120.20054">
				<ele>37.0</ele>
				<time>2021-02-21T09:54:02Z</time>
					<extensions>
						<ns3:TrackPointExtension>
						</ns3:TrackPointExtension>
					</extensions>
			</trkpt>
			<trkpt lat="35.93282" lon="120.20056">
				<ele>37.0</ele>
				<time>2021-02-21T09:54:03Z</time>
					<extensions>
						<ns3:TrackPointExtension>
						</ns3:TrackPointExtension>
					</extensions>
			</trkpt>
			<trkpt lat="35.93283" lon="120.20059">
				<ele>37.0</ele>
				<time>2021-02-21T09:54:04Z</time>
					<extensions>
						<ns3:TrackPointExtension>
						</ns3:TrackPointExtension>
					</extensions>
			</trkpt>
			<trkpt lat="35.93284" lon="120.200615">
				<ele>37.0</ele>
				<time>2021-02-21T09:54:05Z</time>
					<extensions>
						<ns3:TrackPointExtension>
						</ns3:TrackPointExtension>
					</extensions>
			</trkpt>
			<trkpt lat="35.93285" lon="120.20063">
				<ele>37.0</ele>
				<time>2021-02-21T09:54:06Z</time>
					<extensions>
						<ns3:TrackPointExtension>
						</ns3:TrackPointExtension>
					</extensions>
			</trkpt>
			<trkpt lat="35.932858" lon="120.20066">
				<ele>37.0</ele>
				<time>2021-02-21T09:54:07Z</time>
					<extensions>
						<ns3:TrackPointExtension>
						</ns3:TrackPointExtension>
					</extensions>
			</trkpt>
			<trkpt lat="35.932873" lon="120.20068">
				<ele>37.0</ele>
				<time>2021-02-21T09:54:08Z</time>
					<extensions>
						<ns3:TrackPointExtension>
						</ns3:TrackPointExtension>
					</extensions>
			</trkpt>
			<trkpt lat="35.93288" lon="120.200714">
				<ele>37.0</ele>
				<time>2021-02-21T09:54:09Z</time>
					<extensions>
						<ns3:TrackPointExtension>
						</ns3:TrackPointExtension>
					</extensions>
			</trkpt>
			<trkpt lat="35.932896" lon="120.20074">
				<ele>37.0</ele>
				<time>2021-02-21T09:54:10Z</time>
					<extensions>
						<ns3:TrackPointExtension>
						</ns3:TrackPointExtension>
					</extensions>
			</trkpt>
			<trkpt lat="35.932907" lon="120.200745">
				<ele>37.0</ele>
				<time>2021-02-21T09:54:11Z</time>
					<extensions>
						<ns3:TrackPointExtension>
						</ns3:TrackPointExtension>
					</extensions>
			</trkpt>
			<trkpt lat="35.93292" lon="120.200775">
				<ele>37.0</ele>
				<time>2021-02-21T09:54:12Z</time>
					<extensions>
						<ns3:TrackPointExtension>
						</ns3:TrackPointExtension>
					</extensions>
			</trkpt>
			<trkpt lat="35.932934" lon="120.200806">
				<ele>38.0</ele>
				<time>2021-02-21T09:54:13Z</time>
					<extensions>
						<ns3:TrackPointExtension>
						</ns3:TrackPointExtension>
					</extensions>
			</trkpt>
			<trkpt lat="35.93295" lon="120.20081">
				<ele>38.0</ele>
				<time>2021-02-21T09:54:14Z</time>
					<extensions>
						<ns3:TrackPointExtension>
						</ns3:TrackPointExtension>
					</extensions>
			</trkpt>
			<trkpt lat="35.932964" lon="120.200836">
				<ele>38.0</ele>
				<time>2021-02-21T09:54:15Z</time>
					<extensions>
						<ns3:TrackPointExtension>
						</ns3:TrackPointExtension>
					</extensions>
			</trkpt>
			<trkpt lat="35.932976" lon="120.20087">
				<ele>38.0</ele>
				<time>2021-02-21T09:54:16Z</time>
					<extensions>
						<ns3:TrackPointExtension>
						</ns3:TrackPointExtension>
					</extensions>
			</trkpt>
			<trkpt lat="35.93299" lon="120.20089">
				<ele>38.0</ele>
				<time>2021-02-21T09:54:17Z</time>
					<extensions>
						<ns3:TrackPointExtension>
						</ns3:TrackPointExtension>
					</extensions>
			</trkpt>
			<trkpt lat="35.933113" lon="120.2009">
				<ele>38.0</ele>
				<time>2021-02-21T09:54:18Z</time>
					<extensions>
						<ns3:TrackPointExtension>
						</ns3:TrackPointExtension>
					</extensions>
			</trkpt>
			<trkpt lat="35.933132" lon="120.20092">
				<ele>38.0</ele>
				<time>2021-02-21T09:54:19Z</time>
					<extensions>
						<ns3:TrackPointExtension>
						</ns3:TrackPointExtension>
					</extensions>
			</trkpt>
			<trkpt lat="35.933155" lon="120.20094">
				<ele>38.0</ele>
				<time>2021-02-21T09:54:20Z</time>
					<extensions>
						<ns3:TrackPointExtension>
						</ns3:TrackPointExtension>
					</extensions>
			</trkpt>
			<trkpt lat="35.93317" lon="120.20096">
				<ele>38.0</ele>
				<time>2021-02-21T09:54:21Z</time>
					<extensions>
						<ns3:TrackPointExtension>
						</ns3:TrackPointExtension>
					</extensions>
			</trkpt>
			<trkpt lat="35.93319" lon="120.20098">
				<ele>38.0</ele>
				<time>2021-02-21T09:54:22Z</time>
					<extensions>
						<ns3:TrackPointExtension>
						</ns3:TrackPointExtension>
					</extensions>
			</trkpt>
			<trkpt lat="35.93321" lon="120.20101">
				<ele>38.0</ele>
				<time>2021-02-21T09:54:23Z</time>
					<extensions>
						<ns3:TrackPointExtension>
						</ns3:TrackPointExtension>
					</extensions>
			</trkpt>
			<trkpt lat="35.933224" lon="120.201035">
				<ele>38.0</ele>
				<time>2021-02-21T09:54:24Z</time>
					<extensions>
						<ns3:TrackPointExtension>
						</ns3:TrackPointExtension>
					</extensions>
			</trkpt>
			<trkpt lat="35.93323" lon="120.20105">
				<ele>38.0</ele>
				<time>2021-02-21T09:54:25Z</time>
					<extensions>
						<ns3:TrackPointExtension>
						</ns3:TrackPointExtension>
					</extensions>
			</trkpt>
			<trkpt lat="35.93324" lon="120.20107">
				<ele>38.0</ele>
				<time>2021-02-21T09:54:26Z</time>
					<extensions>
						<ns3:TrackPointExtension>
						</ns3:TrackPointExtension>
					</extensions>
			</trkpt>
			<trkpt lat="35.933254" lon="120.2011">
				<ele>38.0</ele>
				<time>2021-02-21T09:54:27Z</time>
					<extensions>
						<ns3:TrackPointExtension>
						</ns3:TrackPointExtension>
					</extensions>
			</trkpt>
			<trkpt lat="35.93327" lon="120.201126">
				<ele>38.0</ele>
				<time>2021-02-21T09:54:28Z</time>
					<extensions>
						<ns3:TrackPointExtension>
						</ns3:TrackPointExtension>
					</extensions>
			</trkpt>
			<trkpt lat="35.933277" lon="120.20114">
				<ele>38.0</ele>
				<time>2021-02-21T09:54:29Z</time>
					<extensions>
						<ns3:TrackPointExtension>
						</ns3:TrackPointExtension>
					</extensions>
			</trkpt>
			<trkpt lat="35.933292" lon="120.201164">
				<ele>38.0</ele>
				<time>2021-02-21T09:54:30Z</time>
					<extensions>
						<ns3:TrackPointExtension>
						</ns3:TrackPointExtension>
					</extensions>
			</trkpt>
			<trkpt lat="35.933308" lon="120.20119">
				<ele>38.0</ele>
				<time>2021-02-21T09:54:31Z</time>
					<extensions>
						<ns3:TrackPointExtension>
						</ns3:TrackPointExtension>
					</extensions>
			</trkpt>
			<trkpt lat="35.933315" lon="120.2012">
				<ele>38.0</ele>
				<time>2021-02-21T09:54:32Z</time>
					<extensions>
						<ns3:TrackPointExtension>
						</ns3:TrackPointExtension>
					</extensions>
			</trkpt>
			<trkpt lat="35.933323" lon="120.20122">
				<ele>38.0</ele>
				<time>2021-02-21T09:54:33Z</time>
					<extensions>
						<ns3:TrackPointExtension>
						</ns3:TrackPointExtension>
					</extensions>
			</trkpt>
			<trkpt lat="35.933334" lon="120.201225">
				<ele>38.0</ele>
				<time>2021-02-21T09:54:34Z</time>
					<extensions>
						<ns3:TrackPointExtension>
						</ns3:TrackPointExtension>
					</extensions>
			</trkpt>
			<trkpt lat="35.933342" lon="120.20123">
				<ele>38.0</ele>
				<time>2021-02-21T09:54:35Z</time>
					<extensions>
						<ns3:TrackPointExtension>
						</ns3:TrackPointExtension>
					</extensions>
			</trkpt>
			<trkpt lat="35.93335" lon="120.20125">
				<ele>38.0</ele>
				<time>2021-02-21T09:54:36Z</time>
					<extensions>
						<ns3:TrackPointExtension>
						</ns3:TrackPointExtension>
					</extensions>
			</trkpt>
			<trkpt lat="35.933357" lon="120.20126">
				<ele>38.0</ele>
				<time>2021-02-21T09:54:37Z</time>
					<extensions>
						<ns3:TrackPointExtension>
						</ns3:TrackPointExtension>
					</extensions>
			</trkpt>
			<trkpt lat="35.933365" lon="120.20128">
				<ele>38.0</ele>
				<time>2021-02-21T09:54:38Z</time>
					<extensions>
						<ns3:TrackPointExtension>
						</ns3:TrackPointExtension>
					</extensions>
			</trkpt>
			<trkpt lat="35.933376" lon="120.2013">
				<ele>38.0</ele>
				<time>2021-02-21T09:54:39Z</time>
					<extensions>
						<ns3:TrackPointExtension>
						</ns3:TrackPointExtension>
					</extensions>
			</trkpt>
			<trkpt lat="35.933384" lon="120.20132">
				<ele>38.0</ele>
				<time>2021-02-21T09:54:40Z</time>
					<extensions>
						<ns3:TrackPointExtension>
						</ns3:TrackPointExtension>
					</extensions>
			</trkpt>
			<trkpt lat="35.9334" lon="120.20134">
				<ele>38.0</ele>
				<time>2021-02-21T09:54:41Z</time>
					<extensions>
						<ns3:TrackPointExtension>
						</ns3:TrackPointExtension>
					</extensions>
			</trkpt>
			<trkpt lat="35.933407" lon="120.20136">
				<ele>37.0</ele>
				<time>2021-02-21T09:54:42Z</time>
					<extensions>
						<ns3:TrackPointExtension>
						</ns3:TrackPointExtension>
					</extensions>
			</trkpt>
			<trkpt lat="35.93342" lon="120.20138">
				<ele>37.0</ele>
				<time>2021-02-21T09:54:43Z</time>
					<extensions>
						<ns3:TrackPointExtension>
						</ns3:TrackPointExtension>
					</extensions>
			</trkpt>
			<trkpt lat="35.93343" lon="120.2014">
				<ele>37.0</ele>
				<time>2021-02-21T09:54:44Z</time>
					<extensions>
						<ns3:TrackPointExtension>
						</ns3:TrackPointExtension>
					</extensions>
			</trkpt>
			<trkpt lat="35.933437" lon="120.20142">
				<ele>37.0</ele>
				<time>2021-02-21T09:54:45Z</time>
					<extensions>
						<ns3:TrackPointExtension>
						</ns3:TrackPointExtension>
					</extensions>
			</trkpt>
			<trkpt lat="35.93345" lon="120.20144">
				<ele>37.0</ele>
				<time>2021-02-21T09:54:46Z</time>
					<extensions>
						<ns3:TrackPointExtension>
						</ns3:TrackPointExtension>
					</extensions>
			</trkpt>
			<trkpt lat="35.933456" lon="120.20147">
				<ele>37.0</ele>
				<time>2021-02-21T09:54:47Z</time>
					<extensions>
						<ns3:TrackPointExtension>
						</ns3:TrackPointExtension>
					</extensions>
			</trkpt>
			<trkpt lat="35.933464" lon="120.201485">
				<ele>37.0</ele>
				<time>2021-02-21T09:54:48Z</time>
					<extensions>
						<ns3:TrackPointExtension>
						</ns3:TrackPointExtension>
					</extensions>
			</trkpt>
			<trkpt lat="35.933475" lon="120.201515">
				<ele>37.0</ele>
				<time>2021-02-21T09:54:49Z</time>
					<extensions>
						<ns3:TrackPointExtension>
						</ns3:TrackPointExtension>
					</extensions>
			</trkpt>
			<trkpt lat="35.933487" lon="120.20153">
				<ele>37.0</ele>
				<time>2021-02-21T09:54:50Z</time>
					<extensions>
						<ns3:TrackPointExtension>
						</ns3:TrackPointExtension>
					</extensions>
			</trkpt>
			<trkpt lat="35.933495" lon="120.20156">
				<ele>37.0</ele>
				<time>2021-02-21T09:54:51Z</time>
					<extensions>
						<ns3:TrackPointExtension>
						</ns3:TrackPointExtension>
					</extensions>
			</trkpt>
			<trkpt lat="35.933506" lon="120.20159">
				<ele>37.0</ele>
				<time>2021-02-21T09:54:52Z</time>
					<extensions>
						<ns3:TrackPointExtension>
						</ns3:TrackPointExtension>
					</extensions>
			</trkpt>
			<trkpt lat="35.933514" lon="120.201614">
				<ele>37.0</ele>
				<time>2021-02-21T09:54:53Z</time>
					<extensions>
						<ns3:TrackPointExtension>
						</ns3:TrackPointExtension>
					</extensions>
			</trkpt>
			<trkpt lat="35.93353" lon="120.201645">
				<ele>37.0</ele>
				<time>2021-02-21T09:54:54Z</time>
					<extensions>
						<ns3:TrackPointExtension>
						</ns3:TrackPointExtension>
					</extensions>
			</trkpt>
			<trkpt lat="35.933537" lon="120.201675">
				<ele>37.0</ele>
				<time>2021-02-21T09:54:55Z</time>
					<extensions>
						<ns3:TrackPointExtension>
						</ns3:TrackPointExtension>
					</extensions>
			</trkpt>
			<trkpt lat="35.933544" lon="120.2017">
				<ele>37.0</ele>
				<time>2021-02-21T09:54:56Z</time>
					<extensions>
						<ns3:TrackPointExtension>
						</ns3:TrackPointExtension>
					</extensions>
			</trkpt>
			<trkpt lat="35.933548" lon="120.20173">
				<ele>37.0</ele>
				<time>2021-02-21T09:54:57Z</time>
					<extensions>
						<ns3:TrackPointExtension>
						</ns3:TrackPointExtension>
					</extensions>
			</trkpt>
			<trkpt lat="35.933556" lon="120.20175">
				<ele>37.0</ele>
				<time>2021-02-21T09:54:58Z</time>
					<extensions>
						<ns3:TrackPointExtension>
						</ns3:TrackPointExtension>
					</extensions>
			</trkpt>
			<trkpt lat="35.93356" lon="120.20177">
				<ele>37.0</ele>
				<time>2021-02-21T09:54:59Z</time>
					<extensions>
						<ns3:TrackPointExtension>
						</ns3:TrackPointExtension>
					</extensions>
			</trkpt>
			<trkpt lat="35.933567" lon="120.2018">
				<ele>37.0</ele>
				<time>2021-02-21T09:55:00Z</time>
					<extensions>
						<ns3:TrackPointExtension>
						</ns3:TrackPointExtension>
					</extensions>
			</trkpt>
			<trkpt lat="35.933575" lon="120.20183">
				<ele>38.0</ele>
				<time>2021-02-21T09:55:01Z</time>
					<extensions>
						<ns3:TrackPointExtension>
						</ns3:TrackPointExtension>
					</extensions>
			</trkpt>
			<trkpt lat="35.93358" lon="120.20185">
				<ele>38.0</ele>
				<time>2021-02-21T09:55:02Z</time>
					<extensions>
						<ns3:TrackPointExtension>
						</ns3:TrackPointExtension>
					</extensions>
			</trkpt>
			<trkpt lat="35.933582" lon="120.20188">
				<ele>38.0</ele>
				<time>2021-02-21T09:55:03Z</time>
					<extensions>
						<ns3:TrackPointExtension>
						</ns3:TrackPointExtension>
					</extensions>
			</trkpt>
			<trkpt lat="35.933586" lon="120.20191">
				<ele>38.0</ele>
				<time>2021-02-21T09:55:04Z</time>
					<extensions>
						<ns3:TrackPointExtension>
						</ns3:TrackPointExtension>
					</extensions>
			</trkpt>
			<trkpt lat="35.93359" lon="120.20194">
				<ele>38.0</ele>
				<time>2021-02-21T09:55:05Z</time>
					<extensions>
						<ns3:TrackPointExtension>
						</ns3:TrackPointExtension>
					</extensions>
			</trkpt>
			<trkpt lat="35.933598" lon="120.201965">
				<ele>38.0</ele>
				<time>2021-02-21T09:55:06Z</time>
					<extensions>
						<ns3:TrackPointExtension>
						</ns3:TrackPointExtension>
					</extensions>
			</trkpt>
			<trkpt lat="35.933598" lon="120.201996">
				<ele>38.0</ele>
				<time>2021-02-21T09:55:07Z</time>
					<extensions>
						<ns3:TrackPointExtension>
						</ns3:TrackPointExtension>
					</extensions>
			</trkpt>
			<trkpt lat="35.933605" lon="120.20203">
				<ele>38.0</ele>
				<time>2021-02-21T09:55:08Z</time>
					<extensions>
						<ns3:TrackPointExtension>
						</ns3:TrackPointExtension>
					</extensions>
			</trkpt>
			<trkpt lat="35.933605" lon="120.20204">
				<ele>38.0</ele>
				<time>2021-02-21T09:55:09Z</time>
					<extensions>
						<ns3:TrackPointExtension>
						</ns3:TrackPointExtension>
					</extensions>
			</trkpt>
			<trkpt lat="35.933613" lon="120.20209">
				<ele>38.0</ele>
				<time>2021-02-21T09:55:10Z</time>
					<extensions>
						<ns3:TrackPointExtension>
						</ns3:TrackPointExtension>
					</extensions>
			</trkpt>
			<trkpt lat="35.933613" lon="120.20211">
				<ele>38.0</ele>
				<time>2021-02-21T09:55:11Z</time>
					<extensions>
						<ns3:TrackPointExtension>
						</ns3:TrackPointExtension>
					</extensions>
			</trkpt>
			<trkpt lat="35.93362" lon="120.202126">
				<ele>38.0</ele>
				<time>2021-02-21T09:55:12Z</time>
					<extensions>
						<ns3:TrackPointExtension>
						</ns3:TrackPointExtension>
					</extensions>
			</trkpt>
			<trkpt lat="35.93362" lon="120.20217">
				<ele>38.0</ele>
				<time>2021-02-21T09:55:13Z</time>
					<extensions>
						<ns3:TrackPointExtension>
						</ns3:TrackPointExtension>
					</extensions>
			</trkpt>
			<trkpt lat="35.93362" lon="120.20219">
				<ele>38.0</ele>
				<time>2021-02-21T09:55:14Z</time>
					<extensions>
						<ns3:TrackPointExtension>
						</ns3:TrackPointExtension>
					</extensions>
			</trkpt>
			<trkpt lat="35.93362" lon="120.20222">
				<ele>38.0</ele>
				<time>2021-02-21T09:55:15Z</time>
					<extensions>
						<ns3:TrackPointExtension>
						</ns3:TrackPointExtension>
					</extensions>
			</trkpt>
			<trkpt lat="35.93362" lon="120.20225">
				<ele>38.0</ele>
				<time>2021-02-21T09:55:16Z</time>
					<extensions>
						<ns3:TrackPointExtension>
						</ns3:TrackPointExtension>
					</extensions>
			</trkpt>
			<trkpt lat="35.933624" lon="120.20229">
				<ele>38.0</ele>
				<time>2021-02-21T09:55:17Z</time>
					<extensions>
						<ns3:TrackPointExtension>
						</ns3:TrackPointExtension>
					</extensions>
			</trkpt>
			<trkpt lat="35.933624" lon="120.20231">
				<ele>38.0</ele>
				<time>2021-02-21T09:55:18Z</time>
					<extensions>
						<ns3:TrackPointExtension>
						</ns3:TrackPointExtension>
					</extensions>
			</trkpt>
			<trkpt lat="35.933628" lon="120.20234">
				<ele>38.0</ele>
				<time>2021-02-21T09:55:19Z</time>
					<extensions>
						<ns3:TrackPointExtension>
						</ns3:TrackPointExtension>
					</extensions>
			</trkpt>
			<trkpt lat="35.933628" lon="120.20237">
				<ele>38.0</ele>
				<time>2021-02-21T09:55:20Z</time>
					<extensions>
						<ns3:TrackPointExtension>
						</ns3:TrackPointExtension>
					</extensions>
			</trkpt>
			<trkpt lat="35.93363" lon="120.202415">
				<ele>38.0</ele>
				<time>2021-02-21T09:55:21Z</time>
					<extensions>
						<ns3:TrackPointExtension>
						</ns3:TrackPointExtension>
					</extensions>
			</trkpt>
			<trkpt lat="35.93363" lon="120.20244">
				<ele>38.0</ele>
				<time>2021-02-21T09:55:22Z</time>
					<extensions>
						<ns3:TrackPointExtension>
						</ns3:TrackPointExtension>
					</extensions>
			</trkpt>
			<trkpt lat="35.933636" lon="120.20247">
				<ele>38.0</ele>
				<time>2021-02-21T09:55:23Z</time>
					<extensions>
						<ns3:TrackPointExtension>
						</ns3:TrackPointExtension>
					</extensions>
			</trkpt>
			<trkpt lat="35.933636" lon="120.2025">
				<ele>38.0</ele>
				<time>2021-02-21T09:55:24Z</time>
					<extensions>
						<ns3:TrackPointExtension>
						</ns3:TrackPointExtension>
					</extensions>
			</trkpt>
			<trkpt lat="35.933636" lon="120.202515">
				<ele>38.0</ele>
				<time>2021-02-21T09:55:25Z</time>
					<extensions>
						<ns3:TrackPointExtension>
						</ns3:TrackPointExtension>
					</extensions>
			</trkpt>
			<trkpt lat="35.933643" lon="120.202545">
				<ele>38.0</ele>
				<time>2021-02-21T09:55:26Z</time>
					<extensions>
						<ns3:TrackPointExtension>
						</ns3:TrackPointExtension>
					</extensions>
			</trkpt>
			<trkpt lat="35.933643" lon="120.202576">
				<ele>38.0</ele>
				<time>2021-02-21T09:55:27Z</time>
					<extensions>
						<ns3:TrackPointExtension>
						</ns3:TrackPointExtension>
					</extensions>
			</trkpt>
			<trkpt lat="35.933647" lon="120.2026">
				<ele>38.0</ele>
				<time>2021-02-21T09:55:28Z</time>
					<extensions>
						<ns3:TrackPointExtension>
						</ns3:TrackPointExtension>
					</extensions>
			</trkpt>
			<trkpt lat="35.93365" lon="120.20262">
				<ele>38.0</ele>
				<time>2021-02-21T09:55:29Z</time>
					<extensions>
						<ns3:TrackPointExtension>
						</ns3:TrackPointExtension>
					</extensions>
			</trkpt>
			<trkpt lat="35.93365" lon="120.20266">
				<ele>38.0</ele>
				<time>2021-02-21T09:55:30Z</time>
					<extensions>
						<ns3:TrackPointExtension>
						</ns3:TrackPointExtension>
					</extensions>
			</trkpt>
			<trkpt lat="35.93366" lon="120.20268">
				<ele>38.0</ele>
				<time>2021-02-21T09:55:31Z</time>
					<extensions>
						<ns3:TrackPointExtension>
						</ns3:TrackPointExtension>
					</extensions>
			</trkpt>
			<trkpt lat="35.933666" lon="120.20271">
				<ele>38.0</ele>
				<time>2021-02-21T09:55:32Z</time>
					<extensions>
						<ns3:TrackPointExtension>
						</ns3:TrackPointExtension>
					</extensions>
			</trkpt>
			<trkpt lat="35.933666" lon="120.20273">
				<ele>38.0</ele>
				<time>2021-02-21T09:55:33Z</time>
					<extensions>
						<ns3:TrackPointExtension>
						</ns3:TrackPointExtension>
					</extensions>
			</trkpt>
			<trkpt lat="35.93367" lon="120.20275">
				<ele>38.0</ele>
				<time>2021-02-21T09:55:34Z</time>
					<extensions>
						<ns3:TrackPointExtension>
						</ns3:TrackPointExtension>
					</extensions>
			</trkpt>
			<trkpt lat="35.93368" lon="120.20278">
				<ele>38.0</ele>
				<time>2021-02-21T09:55:35Z</time>
					<extensions>
						<ns3:TrackPointExtension>
						</ns3:TrackPointExtension>
					</extensions>
			</trkpt>
			<trkpt lat="35.933685" lon="120.20281">
				<ele>38.0</ele>
				<time>2021-02-21T09:55:36Z</time>
					<extensions>
						<ns3:TrackPointExtension>
						</ns3:TrackPointExtension>
					</extensions>
			</trkpt>
			<trkpt lat="35.93369" lon="120.202835">
				<ele>38.0</ele>
				<time>2021-02-21T09:55:37Z</time>
					<extensions>
						<ns3:TrackPointExtension>
						</ns3:TrackPointExtension>
					</extensions>
			</trkpt>
			<trkpt lat="35.9337" lon="120.202866">
				<ele>38.0</ele>
				<time>2021-02-21T09:55:38Z</time>
					<extensions>
						<ns3:TrackPointExtension>
						</ns3:TrackPointExtension>
					</extensions>
			</trkpt>
			<trkpt lat="35.93371" lon="120.202896">
				<ele>38.0</ele>
				<time>2021-02-21T09:55:39Z</time>
					<extensions>
						<ns3:TrackPointExtension>
						</ns3:TrackPointExtension>
					</extensions>
			</trkpt>
			<trkpt lat="35.933716" lon="120.20293">
				<ele>38.0</ele>
				<time>2021-02-21T09:55:40Z</time>
					<extensions>
						<ns3:TrackPointExtension>
						</ns3:TrackPointExtension>
					</extensions>
			</trkpt>
			<trkpt lat="35.933723" lon="120.20295">
				<ele>38.0</ele>
				<time>2021-02-21T09:55:41Z</time>
					<extensions>
						<ns3:TrackPointExtension>
						</ns3:TrackPointExtension>
					</extensions>
			</trkpt>
			<trkpt lat="35.933735" lon="120.20298">
				<ele>38.0</ele>
				<time>2021-02-21T09:55:42Z</time>
					<extensions>
						<ns3:TrackPointExtension>
						</ns3:TrackPointExtension>
					</extensions>
			</trkpt>
			<trkpt lat="35.933746" lon="120.20301">
				<ele>38.0</ele>
				<time>2021-02-21T09:55:43Z</time>
					<extensions>
						<ns3:TrackPointExtension>
						</ns3:TrackPointExtension>
					</extensions>
			</trkpt>
			<trkpt lat="35.933754" lon="120.203026">
				<ele>38.0</ele>
				<time>2021-02-21T09:55:44Z</time>
					<extensions>
						<ns3:TrackPointExtension>
						</ns3:TrackPointExtension>
					</extensions>
			</trkpt>
			<trkpt lat="35.933765" lon="120.20306">
				<ele>38.0</ele>
				<time>2021-02-21T09:55:45Z</time>
					<extensions>
						<ns3:TrackPointExtension>
						</ns3:TrackPointExtension>
					</extensions>
			</trkpt>
			<trkpt lat="35.933777" lon="120.20309">
				<ele>38.0</ele>
				<time>2021-02-21T09:55:46Z</time>
					<extensions>
						<ns3:TrackPointExtension>
						</ns3:TrackPointExtension>
					</extensions>
			</trkpt>
			<trkpt lat="35.93379" lon="120.20312">
				<ele>38.0</ele>
				<time>2021-02-21T09:55:47Z</time>
					<extensions>
						<ns3:TrackPointExtension>
						</ns3:TrackPointExtension>
					</extensions>
			</trkpt>
			<trkpt lat="35.9338" lon="120.20315">
				<ele>38.0</ele>
				<time>2021-02-21T09:55:48Z</time>
					<extensions>
						<ns3:TrackPointExtension>
						</ns3:TrackPointExtension>
					</extensions>
			</trkpt>
			<trkpt lat="35.933807" lon="120.20318">
				<ele>38.0</ele>
				<time>2021-02-21T09:55:49Z</time>
					<extensions>
						<ns3:TrackPointExtension>
						</ns3:TrackPointExtension>
					</extensions>
			</trkpt>
			<trkpt lat="35.93382" lon="120.20322">
				<ele>38.0</ele>
				<time>2021-02-21T09:55:50Z</time>
					<extensions>
						<ns3:TrackPointExtension>
						</ns3:TrackPointExtension>
					</extensions>
			</trkpt>
			<trkpt lat="35.93383" lon="120.20323">
				<ele>38.0</ele>
				<time>2021-02-21T09:55:51Z</time>
					<extensions>
						<ns3:TrackPointExtension>
						</ns3:TrackPointExtension>
					</extensions>
			</trkpt>
			<trkpt lat="35.933838" lon="120.20326">
				<ele>38.0</ele>
				<time>2021-02-21T09:55:52Z</time>
					<extensions>
						<ns3:TrackPointExtension>
						</ns3:TrackPointExtension>
					</extensions>
			</trkpt>
			<trkpt lat="35.933846" lon="120.20329">
				<ele>38.0</ele>
				<time>2021-02-21T09:55:53Z</time>
					<extensions>
						<ns3:TrackPointExtension>
						</ns3:TrackPointExtension>
					</extensions>
			</trkpt>
			<trkpt lat="35.933853" lon="120.203316">
				<ele>38.0</ele>
				<time>2021-02-21T09:55:54Z</time>
					<extensions>
						<ns3:TrackPointExtension>
						</ns3:TrackPointExtension>
					</extensions>
			</trkpt>
			<trkpt lat="35.93386" lon="120.203354">
				<ele>38.0</ele>
				<time>2021-02-21T09:55:55Z</time>
					<extensions>
						<ns3:TrackPointExtension>
						</ns3:TrackPointExtension>
					</extensions>
			</trkpt>
			<trkpt lat="35.93387" lon="120.20338">
				<ele>38.0</ele>
				<time>2021-02-21T09:55:56Z</time>
					<extensions>
						<ns3:TrackPointExtension>
						</ns3:TrackPointExtension>
					</extensions>
			</trkpt>
			<trkpt lat="35.933876" lon="120.203415">
				<ele>38.0</ele>
				<time>2021-02-21T09:55:57Z</time>
					<extensions>
						<ns3:TrackPointExtension>
						</ns3:TrackPointExtension>
					</extensions>
			</trkpt>
			<trkpt lat="35.933884" lon="120.203445">
				<ele>38.0</ele>
				<time>2021-02-21T09:55:58Z</time>
					<extensions>
						<ns3:TrackPointExtension>
						</ns3:TrackPointExtension>
					</extensions>
			</trkpt>
			<trkpt lat="35.93389" lon="120.203476">
				<ele>38.0</ele>
				<time>2021-02-21T09:55:59Z</time>
					<extensions>
						<ns3:TrackPointExtension>
						</ns3:TrackPointExtension>
					</extensions>
			</trkpt>
			<trkpt lat="35.933895" lon="120.20351">
				<ele>38.0</ele>
				<time>2021-02-21T09:56:00Z</time>
					<extensions>
						<ns3:TrackPointExtension>
						</ns3:TrackPointExtension>
					</extensions>
			</trkpt>
			<trkpt lat="35.933903" lon="120.20354">
				<ele>38.0</ele>
				<time>2021-02-21T09:56:01Z</time>
					<extensions>
						<ns3:TrackPointExtension>
						</ns3:TrackPointExtension>
					</extensions>
			</trkpt>
			<trkpt lat="35.93391" lon="120.20356">
				<ele>38.0</ele>
				<time>2021-02-21T09:56:02Z</time>
					<extensions>
						<ns3:TrackPointExtension>
						</ns3:TrackPointExtension>
					</extensions>
			</trkpt>
			<trkpt lat="35.93391" lon="120.20359">
				<ele>38.0</ele>
				<time>2021-02-21T09:56:03Z</time>
					<extensions>
						<ns3:TrackPointExtension>
						</ns3:TrackPointExtension>
					</extensions>
			</trkpt>
			<trkpt lat="35.933918" lon="120.20362">
				<ele>38.0</ele>
				<time>2021-02-21T09:56:04Z</time>
					<extensions>
						<ns3:TrackPointExtension>
						</ns3:TrackPointExtension>
					</extensions>
			</trkpt>
			<trkpt lat="35.93392" lon="120.20367">
				<ele>38.0</ele>
				<time>2021-02-21T09:56:05Z</time>
					<extensions>
						<ns3:TrackPointExtension>
						</ns3:TrackPointExtension>
					</extensions>
			</trkpt>
			<trkpt lat="35.93392" lon="120.20368">
				<ele>38.0</ele>
				<time>2021-02-21T09:56:06Z</time>
					<extensions>
						<ns3:TrackPointExtension>
						</ns3:TrackPointExtension>
					</extensions>
			</trkpt>
			<trkpt lat="35.933926" lon="120.20371">
				<ele>38.0</ele>
				<time>2021-02-21T09:56:07Z</time>
					<extensions>
						<ns3:TrackPointExtension>
						</ns3:TrackPointExtension>
					</extensions>
			</trkpt>
			<trkpt lat="35.933926" lon="120.20374">
				<ele>38.0</ele>
				<time>2021-02-21T09:56:08Z</time>
					<extensions>
						<ns3:TrackPointExtension>
						</ns3:TrackPointExtension>
					</extensions>
			</trkpt>
			<trkpt lat="35.933926" lon="120.20377">
				<ele>38.0</ele>
				<time>2021-02-21T09:56:09Z</time>
					<extensions>
						<ns3:TrackPointExtension>
						</ns3:TrackPointExtension>
					</extensions>
			</trkpt>
			<trkpt lat="35.933926" lon="120.203804">
				<ele>38.0</ele>
				<time>2021-02-21T09:56:10Z</time>
					<extensions>
						<ns3:TrackPointExtension>
						</ns3:TrackPointExtension>
					</extensions>
			</trkpt>
			<trkpt lat="35.933926" lon="120.20383">
				<ele>38.0</ele>
				<time>2021-02-21T09:56:11Z</time>
					<extensions>
						<ns3:TrackPointExtension>
						</ns3:TrackPointExtension>
					</extensions>
			</trkpt>
			<trkpt lat="35.93393" lon="120.203865">
				<ele>38.0</ele>
				<time>2021-02-21T09:56:12Z</time>
					<extensions>
						<ns3:TrackPointExtension>
						</ns3:TrackPointExtension>
					</extensions>
			</trkpt>
			<trkpt lat="35.933926" lon="120.20389">
				<ele>38.0</ele>
				<time>2021-02-21T09:56:13Z</time>
					<extensions>
						<ns3:TrackPointExtension>
						</ns3:TrackPointExtension>
					</extensions>
			</trkpt>
			<trkpt lat="35.933926" lon="120.203926">
				<ele>38.0</ele>
				<time>2021-02-21T09:56:14Z</time>
					<extensions>
						<ns3:TrackPointExtension>
						</ns3:TrackPointExtension>
					</extensions>
			</trkpt>
			<trkpt lat="35.93393" lon="120.20395">
				<ele>38.0</ele>
				<time>2021-02-21T09:56:15Z</time>
					<extensions>
						<ns3:TrackPointExtension>
						</ns3:TrackPointExtension>
					</extensions>
			</trkpt>
			<trkpt lat="35.93393" lon="120.20398">
				<ele>38.0</ele>
				<time>2021-02-21T09:56:16Z</time>
					<extensions>
						<ns3:TrackPointExtension>
						</ns3:TrackPointExtension>
					</extensions>
			</trkpt>
			<trkpt lat="35.93393" lon="120.204025">
				<ele>38.0</ele>
				<time>2021-02-21T09:56:17Z</time>
					<extensions>
						<ns3:TrackPointExtension>
						</ns3:TrackPointExtension>
					</extensions>
			</trkpt>
			<trkpt lat="35.93393" lon="120.20404">
				<ele>38.0</ele>
				<time>2021-02-21T09:56:18Z</time>
					<extensions>
						<ns3:TrackPointExtension>
						</ns3:TrackPointExtension>
					</extensions>
			</trkpt>
			<trkpt lat="35.933933" lon="120.20407">
				<ele>38.0</ele>
				<time>2021-02-21T09:56:19Z</time>
					<extensions>
						<ns3:TrackPointExtension>
						</ns3:TrackPointExtension>
					</extensions>
			</trkpt>
			<trkpt lat="35.933933" lon="120.2041">
				<ele>38.0</ele>
				<time>2021-02-21T09:56:20Z</time>
					<extensions>
						<ns3:TrackPointExtension>
						</ns3:TrackPointExtension>
					</extensions>
			</trkpt>
			<trkpt lat="35.933933" lon="120.20413">
				<ele>38.0</ele>
				<time>2021-02-21T09:56:21Z</time>
					<extensions>
						<ns3:TrackPointExtension>
						</ns3:TrackPointExtension>
					</extensions>
			</trkpt>
			<trkpt lat="35.933937" lon="120.20416">
				<ele>38.0</ele>
				<time>2021-02-21T09:56:22Z</time>
					<extensions>
						<ns3:TrackPointExtension>
						</ns3:TrackPointExtension>
					</extensions>
			</trkpt>
			<trkpt lat="35.93394" lon="120.20421">
				<ele>38.0</ele>
				<time>2021-02-21T09:56:23Z</time>
					<extensions>
						<ns3:TrackPointExtension>
						</ns3:TrackPointExtension>
					</extensions>
			</trkpt>
			<trkpt lat="35.93394" lon="120.20422">
				<ele>38.0</ele>
				<time>2021-02-21T09:56:24Z</time>
					<extensions>
						<ns3:TrackPointExtension>
						</ns3:TrackPointExtension>
					</extensions>
			</trkpt>
			<trkpt lat="35.93395" lon="120.204254">
				<ele>38.0</ele>
				<time>2021-02-21T09:56:25Z</time>
					<extensions>
						<ns3:TrackPointExtension>
						</ns3:TrackPointExtension>
					</extensions>
			</trkpt>
			<trkpt lat="35.933952" lon="120.2043">
				<ele>38.0</ele>
				<time>2021-02-21T09:56:26Z</time>
					<extensions>
						<ns3:TrackPointExtension>
						</ns3:TrackPointExtension>
					</extensions>
			</trkpt>
			<trkpt lat="35.933956" lon="120.204315">
				<ele>38.0</ele>
				<time>2021-02-21T09:56:27Z</time>
					<extensions>
						<ns3:TrackPointExtension>
						</ns3:TrackPointExtension>
					</extensions>
			</trkpt>
			<trkpt lat="35.933964" lon="120.204346">
				<ele>38.0</ele>
				<time>2021-02-21T09:56:28Z</time>
					<extensions>
						<ns3:TrackPointExtension>
						</ns3:TrackPointExtension>
					</extensions>
			</trkpt>
			<trkpt lat="35.93397" lon="120.20437">
				<ele>38.0</ele>
				<time>2021-02-21T09:56:29Z</time>
					<extensions>
						<ns3:TrackPointExtension>
						</ns3:TrackPointExtension>
					</extensions>
			</trkpt>
			<trkpt lat="35.93398" lon="120.204414">
				<ele>38.0</ele>
				<time>2021-02-21T09:56:30Z</time>
					<extensions>
						<ns3:TrackPointExtension>
						</ns3:TrackPointExtension>
					</extensions>
			</trkpt>
			<trkpt lat="35.933987" lon="120.20443">
				<ele>38.0</ele>
				<time>2021-02-21T09:56:31Z</time>
					<extensions>
						<ns3:TrackPointExtension>
						</ns3:TrackPointExtension>
					</extensions>
			</trkpt>
			<trkpt lat="35.933994" lon="120.20445">
				<ele>38.0</ele>
				<time>2021-02-21T09:56:32Z</time>
					<extensions>
						<ns3:TrackPointExtension>
						</ns3:TrackPointExtension>
					</extensions>
			</trkpt>
			<trkpt lat="35.934002" lon="120.20448">
				<ele>38.0</ele>
				<time>2021-02-21T09:56:33Z</time>
					<extensions>
						<ns3:TrackPointExtension>
						</ns3:TrackPointExtension>
					</extensions>
			</trkpt>
			<trkpt lat="35.93401" lon="120.20451">
				<ele>38.0</ele>
				<time>2021-02-21T09:56:34Z</time>
					<extensions>
						<ns3:TrackPointExtension>
						</ns3:TrackPointExtension>
					</extensions>
			</trkpt>
			<trkpt lat="35.934025" lon="120.204544">
				<ele>38.0</ele>
				<time>2021-02-21T09:56:35Z</time>
					<extensions>
						<ns3:TrackPointExtension>
						</ns3:TrackPointExtension>
					</extensions>
			</trkpt>
			<trkpt lat="35.934032" lon="120.204575">
				<ele>38.0</ele>
				<time>2021-02-21T09:56:36Z</time>
					<extensions>
						<ns3:TrackPointExtension>
						</ns3:TrackPointExtension>
					</extensions>
			</trkpt>
			<trkpt lat="35.934044" lon="120.2046">
				<ele>37.0</ele>
				<time>2021-02-21T09:56:37Z</time>
					<extensions>
						<ns3:TrackPointExtension>
						</ns3:TrackPointExtension>
					</extensions>
			</trkpt>
			<trkpt lat="35.934055" lon="120.20461">
				<ele>37.0</ele>
				<time>2021-02-21T09:56:38Z</time>
					<extensions>
						<ns3:TrackPointExtension>
						</ns3:TrackPointExtension>
					</extensions>
			</trkpt>
			<trkpt lat="35.934067" lon="120.20464">
				<ele>37.0</ele>
				<time>2021-02-21T09:56:39Z</time>
					<extensions>
						<ns3:TrackPointExtension>
						</ns3:TrackPointExtension>
					</extensions>
			</trkpt>
			<trkpt lat="35.93408" lon="120.20467">
				<ele>37.0</ele>
				<time>2021-02-21T09:56:40Z</time>
					<extensions>
						<ns3:TrackPointExtension>
						</ns3:TrackPointExtension>
					</extensions>
			</trkpt>
			<trkpt lat="35.934093" lon="120.2047">
				<ele>37.0</ele>
				<time>2021-02-21T09:56:41Z</time>
					<extensions>
						<ns3:TrackPointExtension>
						</ns3:TrackPointExtension>
					</extensions>
			</trkpt>
			<trkpt lat="35.93411" lon="120.20472">
				<ele>37.0</ele>
				<time>2021-02-21T09:56:42Z</time>
					<extensions>
						<ns3:TrackPointExtension>
						</ns3:TrackPointExtension>
					</extensions>
			</trkpt>
			<trkpt lat="35.93412" lon="120.20475">
				<ele>37.0</ele>
				<time>2021-02-21T09:56:43Z</time>
					<extensions>
						<ns3:TrackPointExtension>
						</ns3:TrackPointExtension>
					</extensions>
			</trkpt>
			<trkpt lat="35.934135" lon="120.20477">
				<ele>37.0</ele>
				<time>2021-02-21T09:56:44Z</time>
					<extensions>
						<ns3:TrackPointExtension>
						</ns3:TrackPointExtension>
					</extensions>
			</trkpt>
			<trkpt lat="35.93415" lon="120.2048">
				<ele>37.0</ele>
				<time>2021-02-21T09:56:45Z</time>
					<extensions>
						<ns3:TrackPointExtension>
						</ns3:TrackPointExtension>
					</extensions>
			</trkpt>
			<trkpt lat="35.934162" lon="120.20482">
				<ele>37.0</ele>
				<time>2021-02-21T09:56:46Z</time>
					<extensions>
						<ns3:TrackPointExtension>
						</ns3:TrackPointExtension>
					</extensions>
			</trkpt>
			<trkpt lat="35.934177" lon="120.20485">
				<ele>37.0</ele>
				<time>2021-02-21T09:56:47Z</time>
					<extensions>
						<ns3:TrackPointExtension>
						</ns3:TrackPointExtension>
					</extensions>
			</trkpt>
			<trkpt lat="35.934193" lon="120.20487">
				<ele>37.0</ele>
				<time>2021-02-21T09:56:48Z</time>
					<extensions>
						<ns3:TrackPointExtension>
						</ns3:TrackPointExtension>
					</extensions>
			</trkpt>
			<trkpt lat="35.934208" lon="120.2049">
				<ele>37.0</ele>
				<time>2021-02-21T09:56:49Z</time>
					<extensions>
						<ns3:TrackPointExtension>
						</ns3:TrackPointExtension>
					</extensions>
			</trkpt>
			<trkpt lat="35.934227" lon="120.20493">
				<ele>37.0</ele>
				<time>2021-02-21T09:56:50Z</time>
					<extensions>
						<ns3:TrackPointExtension>
						</ns3:TrackPointExtension>
					</extensions>
			</trkpt>
			<trkpt lat="35.934242" lon="120.204956">
				<ele>37.0</ele>
				<time>2021-02-21T09:56:51Z</time>
					<extensions>
						<ns3:TrackPointExtension>
						</ns3:TrackPointExtension>
					</extensions>
			</trkpt>
			<trkpt lat="35.934254" lon="120.20497">
				<ele>37.0</ele>
				<time>2021-02-21T09:56:52Z</time>
					<extensions>
						<ns3:TrackPointExtension>
						</ns3:TrackPointExtension>
					</extensions>
			</trkpt>
			<trkpt lat="35.934265" lon="120.204994">
				<ele>37.0</ele>
				<time>2021-02-21T09:56:53Z</time>
					<extensions>
						<ns3:TrackPointExtension>
						</ns3:TrackPointExtension>
					</extensions>
			</trkpt>
			<trkpt lat="35.93428" lon="120.20502">
				<ele>37.0</ele>
				<time>2021-02-21T09:56:54Z</time>
					<extensions>
						<ns3:TrackPointExtension>
						</ns3:TrackPointExtension>
					</extensions>
			</trkpt>
			<trkpt lat="35.93429" lon="120.20503">
				<ele>37.0</ele>
				<time>2021-02-21T09:56:55Z</time>
					<extensions>
						<ns3:TrackPointExtension>
						</ns3:TrackPointExtension>
					</extensions>
			</trkpt>
			<trkpt lat="35.934303" lon="120.20505">
				<ele>37.0</ele>
				<time>2021-02-21T09:56:56Z</time>
					<extensions>
						<ns3:TrackPointExtension>
						</ns3:TrackPointExtension>
					</extensions>
			</trkpt>
			<trkpt lat="35.93432" lon="120.20506">
				<ele>37.0</ele>
				<time>2021-02-21T09:56:57Z</time>
					<extensions>
						<ns3:TrackPointExtension>
						</ns3:TrackPointExtension>
					</extensions>
			</trkpt>
			<trkpt lat="35.934338" lon="120.20509">
				<ele>37.0</ele>
				<time>2021-02-21T09:56:59Z</time>
					<extensions>
						<ns3:TrackPointExtension>
						</ns3:TrackPointExtension>
					</extensions>
			</trkpt>
			<trkpt lat="35.93435" lon="120.20512">
				<ele>37.0</ele>
				<time>2021-02-21T09:57:00Z</time>
					<extensions>
						<ns3:TrackPointExtension>
						</ns3:TrackPointExtension>
					</extensions>
			</trkpt>
			<trkpt lat="35.93436" lon="120.20514">
				<ele>37.0</ele>
				<time>2021-02-21T09:57:01Z</time>
					<extensions>
						<ns3:TrackPointExtension>
						</ns3:TrackPointExtension>
					</extensions>
			</trkpt>
			<trkpt lat="35.934372" lon="120.20516">
				<ele>37.0</ele>
				<time>2021-02-21T09:57:02Z</time>
					<extensions>
						<ns3:TrackPointExtension>
						</ns3:TrackPointExtension>
					</extensions>
			</trkpt>
			<trkpt lat="35.934383" lon="120.20519">
				<ele>37.0</ele>
				<time>2021-02-21T09:57:03Z</time>
					<extensions>
						<ns3:TrackPointExtension>
						</ns3:TrackPointExtension>
					</extensions>
			</trkpt>
			<trkpt lat="35.9344" lon="120.20521">
				<ele>37.0</ele>
				<time>2021-02-21T09:57:04Z</time>
					<extensions>
						<ns3:TrackPointExtension>
						</ns3:TrackPointExtension>
					</extensions>
			</trkpt>
			<trkpt lat="35.934406" lon="120.20523">
				<ele>37.0</ele>
				<time>2021-02-21T09:57:05Z</time>
					<extensions>
						<ns3:TrackPointExtension>
						</ns3:TrackPointExtension>
					</extensions>
			</trkpt>
			<trkpt lat="35.93442" lon="120.20525">
				<ele>37.0</ele>
				<time>2021-02-21T09:57:06Z</time>
					<extensions>
						<ns3:TrackPointExtension>
						</ns3:TrackPointExtension>
					</extensions>
			</trkpt>
			<trkpt lat="35.934433" lon="120.205284">
				<ele>37.0</ele>
				<time>2021-02-21T09:57:07Z</time>
					<extensions>
						<ns3:TrackPointExtension>
						</ns3:TrackPointExtension>
					</extensions>
			</trkpt>
			<trkpt lat="35.934444" lon="120.2053">
				<ele>37.0</ele>
				<time>2021-02-21T09:57:08Z</time>
					<extensions>
						<ns3:TrackPointExtension>
						</ns3:TrackPointExtension>
					</extensions>
			</trkpt>
			<trkpt lat="35.93446" lon="120.20533">
				<ele>37.0</ele>
				<time>2021-02-21T09:57:09Z</time>
					<extensions>
						<ns3:TrackPointExtension>
						</ns3:TrackPointExtension>
					</extensions>
			</trkpt>
			<trkpt lat="35.934467" lon="120.20535">
				<ele>37.0</ele>
				<time>2021-02-21T09:57:10Z</time>
					<extensions>
						<ns3:TrackPointExtension>
						</ns3:TrackPointExtension>
					</extensions>
			</trkpt>
			<trkpt lat="35.93448" lon="120.205376">
				<ele>37.0</ele>
				<time>2021-02-21T09:57:11Z</time>
					<extensions>
						<ns3:TrackPointExtension>
						</ns3:TrackPointExtension>
					</extensions>
			</trkpt>
			<trkpt lat="35.934494" lon="120.20541">
				<ele>37.0</ele>
				<time>2021-02-21T09:57:12Z</time>
					<extensions>
						<ns3:TrackPointExtension>
						</ns3:TrackPointExtension>
					</extensions>
			</trkpt>
			<trkpt lat="35.9345" lon="120.20542">
				<ele>37.0</ele>
				<time>2021-02-21T09:57:13Z</time>
					<extensions>
						<ns3:TrackPointExtension>
						</ns3:TrackPointExtension>
					</extensions>
			</trkpt>
			<trkpt lat="35.934517" lon="120.20545">
				<ele>37.0</ele>
				<time>2021-02-21T09:57:14Z</time>
					<extensions>
						<ns3:TrackPointExtension>
						</ns3:TrackPointExtension>
					</extensions>
			</trkpt>
			<trkpt lat="35.93453" lon="120.205475">
				<ele>37.0</ele>
				<time>2021-02-21T09:57:15Z</time>
					<extensions>
						<ns3:TrackPointExtension>
						</ns3:TrackPointExtension>
					</extensions>
			</trkpt>
			<trkpt lat="35.934536" lon="120.20548">
				<ele>36.0</ele>
				<time>2021-02-21T09:57:16Z</time>
					<extensions>
						<ns3:TrackPointExtension>
						</ns3:TrackPointExtension>
					</extensions>
			</trkpt>
			<trkpt lat="35.93455" lon="120.20553">
				<ele>36.0</ele>
				<time>2021-02-21T09:57:17Z</time>
					<extensions>
						<ns3:TrackPointExtension>
						</ns3:TrackPointExtension>
					</extensions>
			</trkpt>
			<trkpt lat="35.93456" lon="120.205536">
				<ele>36.0</ele>
				<time>2021-02-21T09:57:18Z</time>
					<extensions>
						<ns3:TrackPointExtension>
						</ns3:TrackPointExtension>
					</extensions>
			</trkpt>
			<trkpt lat="35.93457" lon="120.20557">
				<ele>36.0</ele>
				<time>2021-02-21T09:57:19Z</time>
					<extensions>
						<ns3:TrackPointExtension>
						</ns3:TrackPointExtension>
					</extensions>
			</trkpt>
			<trkpt lat="35.934578" lon="120.20559">
				<ele>36.0</ele>
				<time>2021-02-21T09:57:20Z</time>
					<extensions>
						<ns3:TrackPointExtension>
						</ns3:TrackPointExtension>
					</extensions>
			</trkpt>
			<trkpt lat="35.934593" lon="120.20562">
				<ele>36.0</ele>
				<time>2021-02-21T09:57:21Z</time>
					<extensions>
						<ns3:TrackPointExtension>
						</ns3:TrackPointExtension>
					</extensions>
			</trkpt>
			<trkpt lat="35.9346" lon="120.20564">
				<ele>36.0</ele>
				<time>2021-02-21T09:57:22Z</time>
					<extensions>
						<ns3:TrackPointExtension>
						</ns3:TrackPointExtension>
					</extensions>
			</trkpt>
			<trkpt lat="35.934612" lon="120.20566">
				<ele>36.0</ele>
				<time>2021-02-21T09:57:23Z</time>
					<extensions>
						<ns3:TrackPointExtension>
						</ns3:TrackPointExtension>
					</extensions>
			</trkpt>
			<trkpt lat="35.934616" lon="120.20568">
				<ele>36.0</ele>
				<time>2021-02-21T09:57:24Z</time>
					<extensions>
						<ns3:TrackPointExtension>
						</ns3:TrackPointExtension>
					</extensions>
			</trkpt>
			<trkpt lat="35.93463" lon="120.20571">
				<ele>36.0</ele>
				<time>2021-02-21T09:57:25Z</time>
					<extensions>
						<ns3:TrackPointExtension>
						</ns3:TrackPointExtension>
					</extensions>
			</trkpt>
			<trkpt lat="35.93464" lon="120.205734">
				<ele>36.0</ele>
				<time>2021-02-21T09:57:26Z</time>
					<extensions>
						<ns3:TrackPointExtension>
						</ns3:TrackPointExtension>
					</extensions>
			</trkpt>
			<trkpt lat="35.934654" lon="120.205765">
				<ele>36.0</ele>
				<time>2021-02-21T09:57:27Z</time>
					<extensions>
						<ns3:TrackPointExtension>
						</ns3:TrackPointExtension>
					</extensions>
			</trkpt>
			<trkpt lat="35.93467" lon="120.205795">
				<ele>36.0</ele>
				<time>2021-02-21T09:57:28Z</time>
					<extensions>
						<ns3:TrackPointExtension>
						</ns3:TrackPointExtension>
					</extensions>
			</trkpt>
			<trkpt lat="35.93468" lon="120.20581">
				<ele>36.0</ele>
				<time>2021-02-21T09:57:29Z</time>
					<extensions>
						<ns3:TrackPointExtension>
						</ns3:TrackPointExtension>
					</extensions>
			</trkpt>
			<trkpt lat="35.934692" lon="120.20583">
				<ele>36.0</ele>
				<time>2021-02-21T09:57:30Z</time>
					<extensions>
						<ns3:TrackPointExtension>
						</ns3:TrackPointExtension>
					</extensions>
			</trkpt>
			<trkpt lat="35.934704" lon="120.20586">
				<ele>36.0</ele>
				<time>2021-02-21T09:57:31Z</time>
					<extensions>
						<ns3:TrackPointExtension>
						</ns3:TrackPointExtension>
					</extensions>
			</trkpt>
			<trkpt lat="35.93472" lon="120.20589">
				<ele>36.0</ele>
				<time>2021-02-21T09:57:32Z</time>
					<extensions>
						<ns3:TrackPointExtension>
						</ns3:TrackPointExtension>
					</extensions>
			</trkpt>
			<trkpt lat="35.934727" lon="120.205894">
				<ele>36.0</ele>
				<time>2021-02-21T09:57:33Z</time>
					<extensions>
						<ns3:TrackPointExtension>
						</ns3:TrackPointExtension>
					</extensions>
			</trkpt>
			<trkpt lat="35.934742" lon="120.205925">
				<ele>36.0</ele>
				<time>2021-02-21T09:57:34Z</time>
					<extensions>
						<ns3:TrackPointExtension>
						</ns3:TrackPointExtension>
					</extensions>
			</trkpt>
			<trkpt lat="35.93476" lon="120.205956">
				<ele>36.0</ele>
				<time>2021-02-21T09:57:35Z</time>
					<extensions>
						<ns3:TrackPointExtension>
						</ns3:TrackPointExtension>
					</extensions>
			</trkpt>
			<trkpt lat="35.934776" lon="120.205986">
				<ele>36.0</ele>
				<time>2021-02-21T09:57:36Z</time>
					<extensions>
						<ns3:TrackPointExtension>
						</ns3:TrackPointExtension>
					</extensions>
			</trkpt>
			<trkpt lat="35.934788" lon="120.20601">
				<ele>36.0</ele>
				<time>2021-02-21T09:57:37Z</time>
					<extensions>
						<ns3:TrackPointExtension>
						</ns3:TrackPointExtension>
					</extensions>
			</trkpt>
			<trkpt lat="35.934803" lon="120.20603">
				<ele>36.0</ele>
				<time>2021-02-21T09:57:38Z</time>
					<extensions>
						<ns3:TrackPointExtension>
						</ns3:TrackPointExtension>
					</extensions>
			</trkpt>
			<trkpt lat="35.93482" lon="120.20606">
				<ele>36.0</ele>
				<time>2021-02-21T09:57:39Z</time>
					<extensions>
						<ns3:TrackPointExtension>
						</ns3:TrackPointExtension>
					</extensions>
			</trkpt>
			<trkpt lat="35.934834" lon="120.20609">
				<ele>36.0</ele>
				<time>2021-02-21T09:57:40Z</time>
					<extensions>
						<ns3:TrackPointExtension>
						</ns3:TrackPointExtension>
					</extensions>
			</trkpt>
			<trkpt lat="35.93485" lon="120.20612">
				<ele>36.0</ele>
				<time>2021-02-21T09:57:41Z</time>
					<extensions>
						<ns3:TrackPointExtension>
						</ns3:TrackPointExtension>
					</extensions>
			</trkpt>
			<trkpt lat="35.934864" lon="120.20614">
				<ele>36.0</ele>
				<time>2021-02-21T09:57:42Z</time>
					<extensions>
						<ns3:TrackPointExtension>
						</ns3:TrackPointExtension>
					</extensions>
			</trkpt>
			<trkpt lat="35.934875" lon="120.20616">
				<ele>36.0</ele>
				<time>2021-02-21T09:57:43Z</time>
					<extensions>
						<ns3:TrackPointExtension>
						</ns3:TrackPointExtension>
					</extensions>
			</trkpt>
			<trkpt lat="35.93489" lon="120.206184">
				<ele>36.0</ele>
				<time>2021-02-21T09:57:44Z</time>
					<extensions>
						<ns3:TrackPointExtension>
						</ns3:TrackPointExtension>
					</extensions>
			</trkpt>
			<trkpt lat="35.9349" lon="120.2062">
				<ele>36.0</ele>
				<time>2021-02-21T09:57:45Z</time>
					<extensions>
						<ns3:TrackPointExtension>
						</ns3:TrackPointExtension>
					</extensions>
			</trkpt>
			<trkpt lat="35.934906" lon="120.20622">
				<ele>36.0</ele>
				<time>2021-02-21T09:57:46Z</time>
					<extensions>
						<ns3:TrackPointExtension>
						</ns3:TrackPointExtension>
					</extensions>
			</trkpt>
			<trkpt lat="35.934917" lon="120.20623">
				<ele>36.0</ele>
				<time>2021-02-21T09:57:47Z</time>
					<extensions>
						<ns3:TrackPointExtension>
						</ns3:TrackPointExtension>
					</extensions>
			</trkpt>
			<trkpt lat="35.934925" lon="120.20625">
				<ele>36.0</ele>
				<time>2021-02-21T09:57:48Z</time>
					<extensions>
						<ns3:TrackPointExtension>
						</ns3:TrackPointExtension>
					</extensions>
			</trkpt>
			<trkpt lat="35.934933" lon="120.206276">
				<ele>36.0</ele>
				<time>2021-02-21T09:57:49Z</time>
					<extensions>
						<ns3:TrackPointExtension>
						</ns3:TrackPointExtension>
					</extensions>
			</trkpt>
			<trkpt lat="35.934944" lon="120.2063">
				<ele>36.0</ele>
				<time>2021-02-21T09:57:50Z</time>
					<extensions>
						<ns3:TrackPointExtension>
						</ns3:TrackPointExtension>
					</extensions>
			</trkpt>
			<trkpt lat="35.93495" lon="120.20631">
				<ele>36.0</ele>
				<time>2021-02-21T09:57:51Z</time>
					<extensions>
						<ns3:TrackPointExtension>
						</ns3:TrackPointExtension>
					</extensions>
			</trkpt>
			<trkpt lat="35.93496" lon="120.206314">
				<ele>36.0</ele>
				<time>2021-02-21T09:57:52Z</time>
					<extensions>
						<ns3:TrackPointExtension>
						</ns3:TrackPointExtension>
					</extensions>
			</trkpt>
			<trkpt lat="35.934967" lon="120.20634">
				<ele>36.0</ele>
				<time>2021-02-21T09:57:53Z</time>
					<extensions>
						<ns3:TrackPointExtension>
						</ns3:TrackPointExtension>
					</extensions>
			</trkpt>
			<trkpt lat="35.934975" lon="120.20636">
				<ele>36.0</ele>
				<time>2021-02-21T09:57:54Z</time>
					<extensions>
						<ns3:TrackPointExtension>
						</ns3:TrackPointExtension>
					</extensions>
			</trkpt>
			<trkpt lat="35.934982" lon="120.20637">
				<ele>36.0</ele>
				<time>2021-02-21T09:57:55Z</time>
					<extensions>
						<ns3:TrackPointExtension>
						</ns3:TrackPointExtension>
					</extensions>
			</trkpt>
			<trkpt lat="35.93499" lon="120.206375">
				<ele>36.0</ele>
				<time>2021-02-21T09:57:56Z</time>
					<extensions>
						<ns3:TrackPointExtension>
						</ns3:TrackPointExtension>
					</extensions>
			</trkpt>
			<trkpt lat="35.934998" lon="120.2064">
				<ele>36.0</ele>
				<time>2021-02-21T09:57:57Z</time>
					<extensions>
						<ns3:TrackPointExtension>
						</ns3:TrackPointExtension>
					</extensions>
			</trkpt>
			<trkpt lat="35.935005" lon="120.206406">
				<ele>36.0</ele>
				<time>2021-02-21T09:57:58Z</time>
					<extensions>
						<ns3:TrackPointExtension>
						</ns3:TrackPointExtension>
					</extensions>
			</trkpt>
			<trkpt lat="35.935013" lon="120.20643">
				<ele>36.0</ele>
				<time>2021-02-21T09:57:59Z</time>
					<extensions>
						<ns3:TrackPointExtension>
						</ns3:TrackPointExtension>
					</extensions>
			</trkpt>
			<trkpt lat="35.93502" lon="120.206436">
				<ele>36.0</ele>
				<time>2021-02-21T09:58:00Z</time>
					<extensions>
						<ns3:TrackPointExtension>
						</ns3:TrackPointExtension>
					</extensions>
			</trkpt>
			<trkpt lat="35.935028" lon="120.20646">
				<ele>36.0</ele>
				<time>2021-02-21T09:58:01Z</time>
					<extensions>
						<ns3:TrackPointExtension>
						</ns3:TrackPointExtension>
					</extensions>
			</trkpt>
			<trkpt lat="35.935036" lon="120.20648">
				<ele>36.0</ele>
				<time>2021-02-21T09:58:02Z</time>
					<extensions>
						<ns3:TrackPointExtension>
						</ns3:TrackPointExtension>
					</extensions>
			</trkpt>
			<trkpt lat="35.935047" lon="120.2065">
				<ele>36.0</ele>
				<time>2021-02-21T09:58:03Z</time>
					<extensions>
						<ns3:TrackPointExtension>
						</ns3:TrackPointExtension>
					</extensions>
			</trkpt>
			<trkpt lat="35.93506" lon="120.20652">
				<ele>36.0</ele>
				<time>2021-02-21T09:58:04Z</time>
					<extensions>
						<ns3:TrackPointExtension>
						</ns3:TrackPointExtension>
					</extensions>
			</trkpt>
			<trkpt lat="35.935066" lon="120.20654">
				<ele>36.0</ele>
				<time>2021-02-21T09:58:05Z</time>
					<extensions>
						<ns3:TrackPointExtension>
						</ns3:TrackPointExtension>
					</extensions>
			</trkpt>
			<trkpt lat="35.935078" lon="120.20656">
				<ele>36.0</ele>
				<time>2021-02-21T09:58:06Z</time>
					<extensions>
						<ns3:TrackPointExtension>
						</ns3:TrackPointExtension>
					</extensions>
			</trkpt>
			<trkpt lat="35.935085" lon="120.20658">
				<ele>36.0</ele>
				<time>2021-02-21T09:58:07Z</time>
					<extensions>
						<ns3:TrackPointExtension>
						</ns3:TrackPointExtension>
					</extensions>
			</trkpt>
			<trkpt lat="35.935097" lon="120.206604">
				<ele>36.0</ele>
				<time>2021-02-21T09:58:08Z</time>
					<extensions>
						<ns3:TrackPointExtension>
						</ns3:TrackPointExtension>
					</extensions>
			</trkpt>
			<trkpt lat="35.93511" lon="120.206635">
				<ele>36.0</ele>
				<time>2021-02-21T09:58:09Z</time>
					<extensions>
						<ns3:TrackPointExtension>
						</ns3:TrackPointExtension>
					</extensions>
			</trkpt>
			<trkpt lat="35.935116" lon="120.20665">
				<ele>36.0</ele>
				<time>2021-02-21T09:58:10Z</time>
					<extensions>
						<ns3:TrackPointExtension>
						</ns3:TrackPointExtension>
					</extensions>
			</trkpt>
			<trkpt lat="35.935123" lon="120.20667">
				<ele>36.0</ele>
				<time>2021-02-21T09:58:11Z</time>
					<extensions>
						<ns3:TrackPointExtension>
						</ns3:TrackPointExtension>
					</extensions>
			</trkpt>
			<trkpt lat="35.93514" lon="120.206696">
				<ele>36.0</ele>
				<time>2021-02-21T09:58:12Z</time>
					<extensions>
						<ns3:TrackPointExtension>
						</ns3:TrackPointExtension>
					</extensions>
			</trkpt>
			<trkpt lat="35.93515" lon="120.206726">
				<ele>36.0</ele>
				<time>2021-02-21T09:58:13Z</time>
					<extensions>
						<ns3:TrackPointExtension>
						</ns3:TrackPointExtension>
					</extensions>
			</trkpt>
			<trkpt lat="35.93516" lon="120.20675">
				<ele>36.0</ele>
				<time>2021-02-21T09:58:14Z</time>
					<extensions>
						<ns3:TrackPointExtension>
						</ns3:TrackPointExtension>
					</extensions>
			</trkpt>
			<trkpt lat="35.93517" lon="120.206764">
				<ele>36.0</ele>
				<time>2021-02-21T09:58:15Z</time>
					<extensions>
						<ns3:TrackPointExtension>
						</ns3:TrackPointExtension>
					</extensions>
			</trkpt>
			<trkpt lat="35.935177" lon="120.20679">
				<ele>36.0</ele>
				<time>2021-02-21T09:58:16Z</time>
					<extensions>
						<ns3:TrackPointExtension>
						</ns3:TrackPointExtension>
					</extensions>
			</trkpt>
			<trkpt lat="35.935192" lon="120.20682">
				<ele>36.0</ele>
				<time>2021-02-21T09:58:17Z</time>
					<extensions>
						<ns3:TrackPointExtension>
						</ns3:TrackPointExtension>
					</extensions>
			</trkpt>
			<trkpt lat="35.9352" lon="120.20684">
				<ele>36.0</ele>
				<time>2021-02-21T09:58:18Z</time>
					<extensions>
						<ns3:TrackPointExtension>
						</ns3:TrackPointExtension>
					</extensions>
			</trkpt>
			<trkpt lat="35.935207" lon="120.206856">
				<ele>36.0</ele>
				<time>2021-02-21T09:58:19Z</time>
					<extensions>
						<ns3:TrackPointExtension>
						</ns3:TrackPointExtension>
					</extensions>
			</trkpt>
			<trkpt lat="35.935215" lon="120.20688">
				<ele>36.0</ele>
				<time>2021-02-21T09:58:20Z</time>
					<extensions>
						<ns3:TrackPointExtension>
						</ns3:TrackPointExtension>
					</extensions>
			</trkpt>
			<trkpt lat="35.93523" lon="120.20691">
				<ele>36.0</ele>
				<time>2021-02-21T09:58:21Z</time>
					<extensions>
						<ns3:TrackPointExtension>
						</ns3:TrackPointExtension>
					</extensions>
			</trkpt>
			<trkpt lat="35.935238" lon="120.20693">
				<ele>36.0</ele>
				<time>2021-02-21T09:58:22Z</time>
					<extensions>
						<ns3:TrackPointExtension>
						</ns3:TrackPointExtension>
					</extensions>
			</trkpt>
			<trkpt lat="35.93525" lon="120.20696">
				<ele>36.0</ele>
				<time>2021-02-21T09:58:23Z</time>
					<extensions>
						<ns3:TrackPointExtension>
						</ns3:TrackPointExtension>
					</extensions>
			</trkpt>
			<trkpt lat="35.935265" lon="120.20699">
				<ele>36.0</ele>
				<time>2021-02-21T09:58:24Z</time>
					<extensions>
						<ns3:TrackPointExtension>
						</ns3:TrackPointExtension>
					</extensions>
			</trkpt>
			<trkpt lat="35.935276" lon="120.20701">
				<ele>36.0</ele>
				<time>2021-02-21T09:58:25Z</time>
					<extensions>
						<ns3:TrackPointExtension>
						</ns3:TrackPointExtension>
					</extensions>
			</trkpt>
			<trkpt lat="35.935287" lon="120.20703">
				<ele>36.0</ele>
				<time>2021-02-21T09:58:26Z</time>
					<extensions>
						<ns3:TrackPointExtension>
						</ns3:TrackPointExtension>
					</extensions>
			</trkpt>
			<trkpt lat="35.935303" lon="120.20706">
				<ele>36.0</ele>
				<time>2021-02-21T09:58:27Z</time>
					<extensions>
						<ns3:TrackPointExtension>
						</ns3:TrackPointExtension>
					</extensions>
			</trkpt>
			<trkpt lat="35.93531" lon="120.207085">
				<ele>36.0</ele>
				<time>2021-02-21T09:58:28Z</time>
					<extensions>
						<ns3:TrackPointExtension>
						</ns3:TrackPointExtension>
					</extensions>
			</trkpt>
			<trkpt lat="35.93533" lon="120.207115">
				<ele>36.0</ele>
				<time>2021-02-21T09:58:29Z</time>
					<extensions>
						<ns3:TrackPointExtension>
						</ns3:TrackPointExtension>
					</extensions>
			</trkpt>
			<trkpt lat="35.935333" lon="120.20712">
				<ele>36.0</ele>
				<time>2021-02-21T09:58:30Z</time>
					<extensions>
						<ns3:TrackPointExtension>
						</ns3:TrackPointExtension>
					</extensions>
			</trkpt>
			<trkpt lat="35.93535" lon="120.20715">
				<ele>36.0</ele>
				<time>2021-02-21T09:58:31Z</time>
					<extensions>
						<ns3:TrackPointExtension>
						</ns3:TrackPointExtension>
					</extensions>
			</trkpt>
			<trkpt lat="35.935364" lon="120.207184">
				<ele>36.0</ele>
				<time>2021-02-21T09:58:32Z</time>
					<extensions>
						<ns3:TrackPointExtension>
						</ns3:TrackPointExtension>
					</extensions>
			</trkpt>
			<trkpt lat="35.93537" lon="120.20721">
				<ele>36.0</ele>
				<time>2021-02-21T09:58:33Z</time>
					<extensions>
						<ns3:TrackPointExtension>
						</ns3:TrackPointExtension>
					</extensions>
			</trkpt>
			<trkpt lat="35.935387" lon="120.20723">
				<ele>36.0</ele>
				<time>2021-02-21T09:58:34Z</time>
					<extensions>
						<ns3:TrackPointExtension>
						</ns3:TrackPointExtension>
					</extensions>
			</trkpt>
			<trkpt lat="35.935406" lon="120.207245">
				<ele>36.0</ele>
				<time>2021-02-21T09:58:35Z</time>
					<extensions>
						<ns3:TrackPointExtension>
						</ns3:TrackPointExtension>
					</extensions>
			</trkpt>
			<trkpt lat="35.935417" lon="120.207275">
				<ele>36.0</ele>
				<time>2021-02-21T09:58:36Z</time>
					<extensions>
						<ns3:TrackPointExtension>
						</ns3:TrackPointExtension>
					</extensions>
			</trkpt>
			<trkpt lat="35.935432" lon="120.2073">
				<ele>36.0</ele>
				<time>2021-02-21T09:58:37Z</time>
					<extensions>
						<ns3:TrackPointExtension>
						</ns3:TrackPointExtension>
					</extensions>
			</trkpt>
			<trkpt lat="35.935444" lon="120.20732">
				<ele>36.0</ele>
				<time>2021-02-21T09:58:38Z</time>
					<extensions>
						<ns3:TrackPointExtension>
						</ns3:TrackPointExtension>
					</extensions>
			</trkpt>
			<trkpt lat="35.93546" lon="120.20734">
				<ele>36.0</ele>
				<time>2021-02-21T09:58:39Z</time>
					<extensions>
						<ns3:TrackPointExtension>
						</ns3:TrackPointExtension>
					</extensions>
			</trkpt>
			<trkpt lat="35.93548" lon="120.20737">
				<ele>36.0</ele>
				<time>2021-02-21T09:58:40Z</time>
					<extensions>
						<ns3:TrackPointExtension>
						</ns3:TrackPointExtension>
					</extensions>
			</trkpt>
			<trkpt lat="35.93549" lon="120.20739">
				<ele>36.0</ele>
				<time>2021-02-21T09:58:41Z</time>
					<extensions>
						<ns3:TrackPointExtension>
						</ns3:TrackPointExtension>
					</extensions>
			</trkpt>
			<trkpt lat="35.9355" lon="120.20741">
				<ele>36.0</ele>
				<time>2021-02-21T09:58:42Z</time>
					<extensions>
						<ns3:TrackPointExtension>
						</ns3:TrackPointExtension>
					</extensions>
			</trkpt>
			<trkpt lat="35.935513" lon="120.20743">
				<ele>36.0</ele>
				<time>2021-02-21T09:58:43Z</time>
					<extensions>
						<ns3:TrackPointExtension>
						</ns3:TrackPointExtension>
					</extensions>
			</trkpt>
			<trkpt lat="35.935528" lon="120.20744">
				<ele>36.0</ele>
				<time>2021-02-21T09:58:44Z</time>
					<extensions>
						<ns3:TrackPointExtension>
						</ns3:TrackPointExtension>
					</extensions>
			</trkpt>
			<trkpt lat="35.935543" lon="120.20747">
				<ele>36.0</ele>
				<time>2021-02-21T09:58:45Z</time>
					<extensions>
						<ns3:TrackPointExtension>
						</ns3:TrackPointExtension>
					</extensions>
			</trkpt>
			<trkpt lat="35.93555" lon="120.20748">
				<ele>36.0</ele>
				<time>2021-02-21T09:58:46Z</time>
					<extensions>
						<ns3:TrackPointExtension>
						</ns3:TrackPointExtension>
					</extensions>
			</trkpt>
			<trkpt lat="35.935566" lon="120.207504">
				<ele>36.0</ele>
				<time>2021-02-21T09:58:47Z</time>
					<extensions>
						<ns3:TrackPointExtension>
						</ns3:TrackPointExtension>
					</extensions>
			</trkpt>
			<trkpt lat="35.93558" lon="120.207535">
				<ele>36.0</ele>
				<time>2021-02-21T09:58:48Z</time>
					<extensions>
						<ns3:TrackPointExtension>
						</ns3:TrackPointExtension>
					</extensions>
			</trkpt>
			<trkpt lat="35.935596" lon="120.20756">
				<ele>36.0</ele>
				<time>2021-02-21T09:58:49Z</time>
					<extensions>
						<ns3:TrackPointExtension>
						</ns3:TrackPointExtension>
					</extensions>
			</trkpt>
			<trkpt lat="35.93561" lon="120.20757">
				<ele>36.0</ele>
				<time>2021-02-21T09:58:50Z</time>
					<extensions>
						<ns3:TrackPointExtension>
						</ns3:TrackPointExtension>
					</extensions>
			</trkpt>
			<trkpt lat="35.935623" lon="120.207596">
				<ele>36.0</ele>
				<time>2021-02-21T09:58:51Z</time>
					<extensions>
						<ns3:TrackPointExtension>
						</ns3:TrackPointExtension>
					</extensions>
			</trkpt>
			<trkpt lat="35.935642" lon="120.20763">
				<ele>36.0</ele>
				<time>2021-02-21T09:58:52Z</time>
					<extensions>
						<ns3:TrackPointExtension>
						</ns3:TrackPointExtension>
					</extensions>
			</trkpt>
			<trkpt lat="35.935654" lon="120.20765">
				<ele>36.0</ele>
				<time>2021-02-21T09:58:53Z</time>
					<extensions>
						<ns3:TrackPointExtension>
						</ns3:TrackPointExtension>
					</extensions>
			</trkpt>
			<trkpt lat="35.93567" lon="120.207664">
				<ele>36.0</ele>
				<time>2021-02-21T09:58:54Z</time>
					<extensions>
						<ns3:TrackPointExtension>
						</ns3:TrackPointExtension>
					</extensions>
			</trkpt>
			<trkpt lat="35.935684" lon="120.207695">
				<ele>36.0</ele>
				<time>2021-02-21T09:58:55Z</time>
					<extensions>
						<ns3:TrackPointExtension>
						</ns3:TrackPointExtension>
					</extensions>
			</trkpt>
			<trkpt lat="35.9357" lon="120.20772">
				<ele>36.0</ele>
				<time>2021-02-21T09:58:56Z</time>
					<extensions>
						<ns3:TrackPointExtension>
						</ns3:TrackPointExtension>
					</extensions>
			</trkpt>
			<trkpt lat="35.93571" lon="120.20774">
				<ele>36.0</ele>
				<time>2021-02-21T09:58:57Z</time>
					<extensions>
						<ns3:TrackPointExtension>
						</ns3:TrackPointExtension>
					</extensions>
			</trkpt>
			<trkpt lat="35.93573" lon="120.20777">
				<ele>36.0</ele>
				<time>2021-02-21T09:58:58Z</time>
					<extensions>
						<ns3:TrackPointExtension>
						</ns3:TrackPointExtension>
					</extensions>
			</trkpt>
			<trkpt lat="35.93574" lon="120.20778">
				<ele>36.0</ele>
				<time>2021-02-21T09:58:59Z</time>
					<extensions>
						<ns3:TrackPointExtension>
						</ns3:TrackPointExtension>
					</extensions>
			</trkpt>
			<trkpt lat="35.935753" lon="120.2078">
				<ele>36.0</ele>
				<time>2021-02-21T09:59:00Z</time>
					<extensions>
						<ns3:TrackPointExtension>
						</ns3:TrackPointExtension>
					</extensions>
			</trkpt>
			<trkpt lat="35.93577" lon="120.20782">
				<ele>36.0</ele>
				<time>2021-02-21T09:59:01Z</time>
					<extensions>
						<ns3:TrackPointExtension>
						</ns3:TrackPointExtension>
					</extensions>
			</trkpt>
			<trkpt lat="35.935787" lon="120.207855">
				<ele>36.0</ele>
				<time>2021-02-21T09:59:02Z</time>
					<extensions>
						<ns3:TrackPointExtension>
						</ns3:TrackPointExtension>
					</extensions>
			</trkpt>
			<trkpt lat="35.935806" lon="120.20786">
				<ele>36.0</ele>
				<time>2021-02-21T09:59:03Z</time>
					<extensions>
						<ns3:TrackPointExtension>
						</ns3:TrackPointExtension>
					</extensions>
			</trkpt>
			<trkpt lat="35.93582" lon="120.20789">
				<ele>36.0</ele>
				<time>2021-02-21T09:59:04Z</time>
					<extensions>
						<ns3:TrackPointExtension>
						</ns3:TrackPointExtension>
					</extensions>
			</trkpt>
			<trkpt lat="35.935833" lon="120.2079">
				<ele>36.0</ele>
				<time>2021-02-21T09:59:05Z</time>
					<extensions>
						<ns3:TrackPointExtension>
						</ns3:TrackPointExtension>
					</extensions>
			</trkpt>
			<trkpt lat="35.935852" lon="120.207924">
				<ele>36.0</ele>
				<time>2021-02-21T09:59:06Z</time>
					<extensions>
						<ns3:TrackPointExtension>
						</ns3:TrackPointExtension>
					</extensions>
			</trkpt>
			<trkpt lat="35.935867" lon="120.20795">
				<ele>36.0</ele>
				<time>2021-02-21T09:59:07Z</time>
					<extensions>
						<ns3:TrackPointExtension>
						</ns3:TrackPointExtension>
					</extensions>
			</trkpt>
			<trkpt lat="35.935886" lon="120.20798">
				<ele>36.0</ele>
				<time>2021-02-21T09:59:08Z</time>
					<extensions>
						<ns3:TrackPointExtension>
						</ns3:TrackPointExtension>
					</extensions>
			</trkpt>
			<trkpt lat="35.9359" lon="120.20799">
				<ele>36.0</ele>
				<time>2021-02-21T09:59:09Z</time>
					<extensions>
						<ns3:TrackPointExtension>
						</ns3:TrackPointExtension>
					</extensions>
			</trkpt>
			<trkpt lat="35.935913" lon="120.20801">
				<ele>36.0</ele>
				<time>2021-02-21T09:59:10Z</time>
					<extensions>
						<ns3:TrackPointExtension>
						</ns3:TrackPointExtension>
					</extensions>
			</trkpt>
			<trkpt lat="35.93593" lon="120.20802">
				<ele>36.0</ele>
				<time>2021-02-21T09:59:11Z</time>
					<extensions>
						<ns3:TrackPointExtension>
						</ns3:TrackPointExtension>
					</extensions>
			</trkpt>
			<trkpt lat="35.93594" lon="120.208046">
				<ele>36.0</ele>
				<time>2021-02-21T09:59:12Z</time>
					<extensions>
						<ns3:TrackPointExtension>
						</ns3:TrackPointExtension>
					</extensions>
			</trkpt>
			<trkpt lat="35.935955" lon="120.20807">
				<ele>36.0</ele>
				<time>2021-02-21T09:59:13Z</time>
					<extensions>
						<ns3:TrackPointExtension>
						</ns3:TrackPointExtension>
					</extensions>
			</trkpt>
			<trkpt lat="35.935966" lon="120.20808">
				<ele>36.0</ele>
				<time>2021-02-21T09:59:14Z</time>
					<extensions>
						<ns3:TrackPointExtension>
						</ns3:TrackPointExtension>
					</extensions>
			</trkpt>
			<trkpt lat="35.93598" lon="120.2081">
				<ele>36.0</ele>
				<time>2021-02-21T09:59:15Z</time>
					<extensions>
						<ns3:TrackPointExtension>
						</ns3:TrackPointExtension>
					</extensions>
			</trkpt>
			<trkpt lat="35.935997" lon="120.208115">
				<ele>36.0</ele>
				<time>2021-02-21T09:59:16Z</time>
					<extensions>
						<ns3:TrackPointExtension>
						</ns3:TrackPointExtension>
					</extensions>
			</trkpt>
			<trkpt lat="35.936012" lon="120.20814">
				<ele>36.0</ele>
				<time>2021-02-21T09:59:17Z</time>
					<extensions>
						<ns3:TrackPointExtension>
						</ns3:TrackPointExtension>
					</extensions>
			</trkpt>
			<trkpt lat="35.93603" lon="120.20816">
				<ele>36.0</ele>
				<time>2021-02-21T09:59:18Z</time>
					<extensions>
						<ns3:TrackPointExtension>
						</ns3:TrackPointExtension>
					</extensions>
			</trkpt>
			<trkpt lat="35.936085" lon="120.20817">
				<ele>36.0</ele>
				<time>2021-02-21T09:59:19Z</time>
					<extensions>
						<ns3:TrackPointExtension>
						</ns3:TrackPointExtension>
					</extensions>
			</trkpt>
			<trkpt lat="35.936104" lon="120.20819">
				<ele>36.0</ele>
				<time>2021-02-21T09:59:20Z</time>
					<extensions>
						<ns3:TrackPointExtension>
						</ns3:TrackPointExtension>
					</extensions>
			</trkpt>
			<trkpt lat="35.936127" lon="120.208206">
				<ele>36.0</ele>
				<time>2021-02-21T09:59:21Z</time>
					<extensions>
						<ns3:TrackPointExtension>
						</ns3:TrackPointExtension>
					</extensions>
			</trkpt>
			<trkpt lat="35.936142" lon="120.20823">
				<ele>36.0</ele>
				<time>2021-02-21T09:59:22Z</time>
					<extensions>
						<ns3:TrackPointExtension>
						</ns3:TrackPointExtension>
					</extensions>
			</trkpt>
			<trkpt lat="35.936157" lon="120.20825">
				<ele>36.0</ele>
				<time>2021-02-21T09:59:23Z</time>
					<extensions>
						<ns3:TrackPointExtension>
						</ns3:TrackPointExtension>
					</extensions>
			</trkpt>
			<trkpt lat="35.936172" lon="120.208275">
				<ele>36.0</ele>
				<time>2021-02-21T09:59:24Z</time>
					<extensions>
						<ns3:TrackPointExtension>
						</ns3:TrackPointExtension>
					</extensions>
			</trkpt>
			<trkpt lat="35.936188" lon="120.20828">
				<ele>36.0</ele>
				<time>2021-02-21T09:59:25Z</time>
					<extensions>
						<ns3:TrackPointExtension>
						</ns3:TrackPointExtension>
					</extensions>
			</trkpt>
			<trkpt lat="35.93621" lon="120.20831">
				<ele>36.0</ele>
				<time>2021-02-21T09:59:26Z</time>
					<extensions>
						<ns3:TrackPointExtension>
						</ns3:TrackPointExtension>
					</extensions>
			</trkpt>
			<trkpt lat="35.93623" lon="120.208336">
				<ele>36.0</ele>
				<time>2021-02-21T09:59:27Z</time>
					<extensions>
						<ns3:TrackPointExtension>
						</ns3:TrackPointExtension>
					</extensions>
			</trkpt>
			<trkpt lat="35.936245" lon="120.20835">
				<ele>36.0</ele>
				<time>2021-02-21T09:59:28Z</time>
					<extensions>
						<ns3:TrackPointExtension>
						</ns3:TrackPointExtension>
					</extensions>
			</trkpt>
			<trkpt lat="35.936268" lon="120.208374">
				<ele>36.0</ele>
				<time>2021-02-21T09:59:29Z</time>
					<extensions>
						<ns3:TrackPointExtension>
						</ns3:TrackPointExtension>
					</extensions>
			</trkpt>
			<trkpt lat="35.936283" lon="120.2084">
				<ele>36.0</ele>
				<time>2021-02-21T09:59:30Z</time>
					<extensions>
						<ns3:TrackPointExtension>
						</ns3:TrackPointExtension>
					</extensions>
			</trkpt>
			<trkpt lat="35.9363" lon="120.20841">
				<ele>36.0</ele>
				<time>2021-02-21T09:59:31Z</time>
					<extensions>
						<ns3:TrackPointExtension>
						</ns3:TrackPointExtension>
					</extensions>
			</trkpt>
			<trkpt lat="35.936314" lon="120.208435">
				<ele>36.0</ele>
				<time>2021-02-21T09:59:32Z</time>
					<extensions>
						<ns3:TrackPointExtension>
						</ns3:TrackPointExtension>
					</extensions>
			</trkpt>
			<trkpt lat="35.936325" lon="120.20844">
				<ele>36.0</ele>
				<time>2021-02-21T09:59:33Z</time>
					<extensions>
						<ns3:TrackPointExtension>
						</ns3:TrackPointExtension>
					</extensions>
			</trkpt>
			<trkpt lat="35.936344" lon="120.20847">
				<ele>36.0</ele>
				<time>2021-02-21T09:59:34Z</time>
					<extensions>
						<ns3:TrackPointExtension>
						</ns3:TrackPointExtension>
					</extensions>
			</trkpt>
			<trkpt lat="35.93636" lon="120.208496">
				<ele>36.0</ele>
				<time>2021-02-21T09:59:35Z</time>
					<extensions>
						<ns3:TrackPointExtension>
						</ns3:TrackPointExtension>
					</extensions>
			</trkpt>
			<trkpt lat="35.93637" lon="120.2085">
				<ele>36.0</ele>
				<time>2021-02-21T09:59:36Z</time>
					<extensions>
						<ns3:TrackPointExtension>
						</ns3:TrackPointExtension>
					</extensions>
			</trkpt>
			<trkpt lat="35.936386" lon="120.20853">
				<ele>36.0</ele>
				<time>2021-02-21T09:59:37Z</time>
					<extensions>
						<ns3:TrackPointExtension>
						</ns3:TrackPointExtension>
					</extensions>
			</trkpt>
			<trkpt lat="35.93641" lon="120.20855">
				<ele>36.0</ele>
				<time>2021-02-21T09:59:38Z</time>
					<extensions>
						<ns3:TrackPointExtension>
						</ns3:TrackPointExtension>
					</extensions>
			</trkpt>
			<trkpt lat="35.936428" lon="120.208565">
				<ele>36.0</ele>
				<time>2021-02-21T09:59:39Z</time>
					<extensions>
						<ns3:TrackPointExtension>
						</ns3:TrackPointExtension>
					</extensions>
			</trkpt>
			<trkpt lat="35.936447" lon="120.20858">
				<ele>36.0</ele>
				<time>2021-02-21T09:59:40Z</time>
					<extensions>
						<ns3:TrackPointExtension>
						</ns3:TrackPointExtension>
					</extensions>
			</trkpt>
			<trkpt lat="35.936462" lon="120.208595">
				<ele>36.0</ele>
				<time>2021-02-21T09:59:41Z</time>
					<extensions>
						<ns3:TrackPointExtension>
						</ns3:TrackPointExtension>
					</extensions>
			</trkpt>
			<trkpt lat="35.936478" lon="120.20862">
				<ele>35.0</ele>
				<time>2021-02-21T09:59:42Z</time>
					<extensions>
						<ns3:TrackPointExtension>
						</ns3:TrackPointExtension>
					</extensions>
			</trkpt>
			<trkpt lat="35.93649" lon="120.20863">
				<ele>35.0</ele>
				<time>2021-02-21T09:59:43Z</time>
					<extensions>
						<ns3:TrackPointExtension>
						</ns3:TrackPointExtension>
					</extensions>
			</trkpt>
			<trkpt lat="35.936504" lon="120.20865">
				<ele>35.0</ele>
				<time>2021-02-21T09:59:44Z</time>
					<extensions>
						<ns3:TrackPointExtension>
						</ns3:TrackPointExtension>
					</extensions>
			</trkpt>
			<trkpt lat="35.936516" lon="120.20867">
				<ele>35.0</ele>
				<time>2021-02-21T09:59:45Z</time>
					<extensions>
						<ns3:TrackPointExtension>
						</ns3:TrackPointExtension>
					</extensions>
			</trkpt>
			<trkpt lat="35.93653" lon="120.20868">
				<ele>35.0</ele>
				<time>2021-02-21T09:59:46Z</time>
					<extensions>
						<ns3:TrackPointExtension>
						</ns3:TrackPointExtension>
					</extensions>
			</trkpt>
			<trkpt lat="35.936546" lon="120.208694">
				<ele>35.0</ele>
				<time>2021-02-21T09:59:47Z</time>
					<extensions>
						<ns3:TrackPointExtension>
						</ns3:TrackPointExtension>
					</extensions>
			</trkpt>
			<trkpt lat="35.936554" lon="120.2087">
				<ele>35.0</ele>
				<time>2021-02-21T09:59:48Z</time>
					<extensions>
						<ns3:TrackPointExtension>
						</ns3:TrackPointExtension>
					</extensions>
			</trkpt>
			<trkpt lat="35.93656" lon="120.20871">
				<ele>35.0</ele>
				<time>2021-02-21T09:59:49Z</time>
					<extensions>
						<ns3:TrackPointExtension>
						</ns3:TrackPointExtension>
					</extensions>
			</trkpt>
			<trkpt lat="35.93657" lon="120.20871">
				<ele>35.0</ele>
				<time>2021-02-21T09:59:50Z</time>
					<extensions>
						<ns3:TrackPointExtension>
						</ns3:TrackPointExtension>
					</extensions>
			</trkpt>
			<trkpt lat="35.93658" lon="120.208725">
				<ele>35.0</ele>
				<time>2021-02-21T09:59:51Z</time>
					<extensions>
						<ns3:TrackPointExtension>
						</ns3:TrackPointExtension>
					</extensions>
			</trkpt>
			<trkpt lat="35.936592" lon="120.20873">
				<ele>35.0</ele>
				<time>2021-02-21T09:59:52Z</time>
					<extensions>
						<ns3:TrackPointExtension>
						</ns3:TrackPointExtension>
					</extensions>
			</trkpt>
			<trkpt lat="35.9366" lon="120.20874">
				<ele>35.0</ele>
				<time>2021-02-21T09:59:53Z</time>
					<extensions>
						<ns3:TrackPointExtension>
						</ns3:TrackPointExtension>
					</extensions>
			</trkpt>
			<trkpt lat="35.93661" lon="120.208755">
				<ele>35.0</ele>
				<time>2021-02-21T09:59:54Z</time>
					<extensions>
						<ns3:TrackPointExtension>
						</ns3:TrackPointExtension>
					</extensions>
			</trkpt>
			<trkpt lat="35.93662" lon="120.208755">
				<ele>35.0</ele>
				<time>2021-02-21T09:59:55Z</time>
					<extensions>
						<ns3:TrackPointExtension>
						</ns3:TrackPointExtension>
					</extensions>
			</trkpt>
			<trkpt lat="35.936626" lon="120.20876">
				<ele>35.0</ele>
				<time>2021-02-21T09:59:56Z</time>
					<extensions>
						<ns3:TrackPointExtension>
						</ns3:TrackPointExtension>
					</extensions>
			</trkpt>
			<trkpt lat="35.936638" lon="120.20877">
				<ele>35.0</ele>
				<time>2021-02-21T09:59:57Z</time>
					<extensions>
						<ns3:TrackPointExtension>
						</ns3:TrackPointExtension>
					</extensions>
			</trkpt>
			<trkpt lat="35.93665" lon="120.208786">
				<ele>35.0</ele>
				<time>2021-02-21T09:59:58Z</time>
					<extensions>
						<ns3:TrackPointExtension>
						</ns3:TrackPointExtension>
					</extensions>
			</trkpt>
			<trkpt lat="35.93666" lon="120.20879">
				<ele>35.0</ele>
				<time>2021-02-21T09:59:59Z</time>
					<extensions>
						<ns3:TrackPointExtension>
						</ns3:TrackPointExtension>
					</extensions>
			</trkpt>
			<trkpt lat="35.936676" lon="120.20882">
				<ele>35.0</ele>
				<time>2021-02-21T10:00:00Z</time>
					<extensions>
						<ns3:TrackPointExtension>
						</ns3:TrackPointExtension>
					</extensions>
			</trkpt>
			<trkpt lat="35.93669" lon="120.208824">
				<ele>35.0</ele>
				<time>2021-02-21T10:00:01Z</time>
					<extensions>
						<ns3:TrackPointExtension>
						</ns3:TrackPointExtension>
					</extensions>
			</trkpt>
			<trkpt lat="35.936707" lon="120.20885">
				<ele>35.0</ele>
				<time>2021-02-21T10:00:02Z</time>
					<extensions>
						<ns3:TrackPointExtension>
						</ns3:TrackPointExtension>
					</extensions>
			</trkpt>
			<trkpt lat="35.936726" lon="120.208855">
				<ele>35.0</ele>
				<time>2021-02-21T10:00:03Z</time>
					<extensions>
						<ns3:TrackPointExtension>
						</ns3:TrackPointExtension>
					</extensions>
			</trkpt>
			<trkpt lat="35.93675" lon="120.20888">
				<ele>35.0</ele>
				<time>2021-02-21T10:00:04Z</time>
					<extensions>
						<ns3:TrackPointExtension>
						</ns3:TrackPointExtension>
					</extensions>
			</trkpt>
			<trkpt lat="35.93676" lon="120.20889">
				<ele>35.0</ele>
				<time>2021-02-21T10:00:05Z</time>
					<extensions>
						<ns3:TrackPointExtension>
						</ns3:TrackPointExtension>
					</extensions>
			</trkpt>
			<trkpt lat="35.936775" lon="120.20891">
				<ele>35.0</ele>
				<time>2021-02-21T10:00:06Z</time>
					<extensions>
						<ns3:TrackPointExtension>
						</ns3:TrackPointExtension>
					</extensions>
			</trkpt>
			<trkpt lat="35.936794" lon="120.20892">
				<ele>35.0</ele>
				<time>2021-02-21T10:00:07Z</time>
					<extensions>
						<ns3:TrackPointExtension>
						</ns3:TrackPointExtension>
					</extensions>
			</trkpt>
			<trkpt lat="35.936813" lon="120.20894">
				<ele>35.0</ele>
				<time>2021-02-21T10:00:08Z</time>
					<extensions>
						<ns3:TrackPointExtension>
						</ns3:TrackPointExtension>
					</extensions>
			</trkpt>
			<trkpt lat="35.936832" lon="120.208954">
				<ele>35.0</ele>
				<time>2021-02-21T10:00:09Z</time>
					<extensions>
						<ns3:TrackPointExtension>
						</ns3:TrackPointExtension>
					</extensions>
			</trkpt>
			<trkpt lat="35.93685" lon="120.20898">
				<ele>35.0</ele>
				<time>2021-02-21T10:00:10Z</time>
					<extensions>
						<ns3:TrackPointExtension>
						</ns3:TrackPointExtension>
					</extensions>
			</trkpt>
			<trkpt lat="35.93687" lon="120.209">
				<ele>35.0</ele>
				<time>2021-02-21T10:00:11Z</time>
					<extensions>
						<ns3:TrackPointExtension>
						</ns3:TrackPointExtension>
					</extensions>
			</trkpt>
			<trkpt lat="35.93689" lon="120.20902">
				<ele>35.0</ele>
				<time>2021-02-21T10:00:12Z</time>
					<extensions>
						<ns3:TrackPointExtension>
						</ns3:TrackPointExtension>
					</extensions>
			</trkpt>
			<trkpt lat="35.93691" lon="120.20903">
				<ele>35.0</ele>
				<time>2021-02-21T10:00:13Z</time>
					<extensions>
						<ns3:TrackPointExtension>
						</ns3:TrackPointExtension>
					</extensions>
			</trkpt>
			<trkpt lat="35.936928" lon="120.20904">
				<ele>35.0</ele>
				<time>2021-02-21T10:00:14Z</time>
					<extensions>
						<ns3:TrackPointExtension>
						</ns3:TrackPointExtension>
					</extensions>
			</trkpt>
			<trkpt lat="35.936943" lon="120.20906">
				<ele>35.0</ele>
				<time>2021-02-21T10:00:15Z</time>
					<extensions>
						<ns3:TrackPointExtension>
						</ns3:TrackPointExtension>
					</extensions>
			</trkpt>
			<trkpt lat="35.93696" lon="120.20907">
				<ele>35.0</ele>
				<time>2021-02-21T10:00:16Z</time>
					<extensions>
						<ns3:TrackPointExtension>
						</ns3:TrackPointExtension>
					</extensions>
			</trkpt>
			<trkpt lat="35.936977" lon="120.20909">
				<ele>35.0</ele>
				<time>2021-02-21T10:00:17Z</time>
					<extensions>
						<ns3:TrackPointExtension>
						</ns3:TrackPointExtension>
					</extensions>
			</trkpt>
			<trkpt lat="35.937" lon="120.209114">
				<ele>35.0</ele>
				<time>2021-02-21T10:00:18Z</time>
					<extensions>
						<ns3:TrackPointExtension>
						</ns3:TrackPointExtension>
					</extensions>
			</trkpt>
			<trkpt lat="35.937016" lon="120.20912">
				<ele>35.0</ele>
				<time>2021-02-21T10:00:19Z</time>
					<extensions>
						<ns3:TrackPointExtension>
						</ns3:TrackPointExtension>
					</extensions>
			</trkpt>
			<trkpt lat="35.93704" lon="120.209145">
				<ele>35.0</ele>
				<time>2021-02-21T10:00:20Z</time>
					<extensions>
						<ns3:TrackPointExtension>
						</ns3:TrackPointExtension>
					</extensions>
			</trkpt>
			<trkpt lat="35.937054" lon="120.20916">
				<ele>35.0</ele>
				<time>2021-02-21T10:00:21Z</time>
					<extensions>
						<ns3:TrackPointExtension>
						</ns3:TrackPointExtension>
					</extensions>
			</trkpt>
			<trkpt lat="35.937073" lon="120.20918">
				<ele>35.0</ele>
				<time>2021-02-21T10:00:22Z</time>
					<extensions>
						<ns3:TrackPointExtension>
						</ns3:TrackPointExtension>
					</extensions>
			</trkpt>
			<trkpt lat="35.937088" lon="120.20919">
				<ele>35.0</ele>
				<time>2021-02-21T10:00:23Z</time>
					<extensions>
						<ns3:TrackPointExtension>
						</ns3:TrackPointExtension>
					</extensions>
			</trkpt>
			<trkpt lat="35.937107" lon="120.20921">
				<ele>35.0</ele>
				<time>2021-02-21T10:00:24Z</time>
					<extensions>
						<ns3:TrackPointExtension>
						</ns3:TrackPointExtension>
					</extensions>
			</trkpt>
			<trkpt lat="35.93713" lon="120.209236">
				<ele>35.0</ele>
				<time>2021-02-21T10:00:25Z</time>
					<extensions>
						<ns3:TrackPointExtension>
						</ns3:TrackPointExtension>
					</extensions>
			</trkpt>
			<trkpt lat="35.937153" lon="120.20925">
				<ele>34.0</ele>
				<time>2021-02-21T10:00:26Z</time>
					<extensions>
						<ns3:TrackPointExtension>
						</ns3:TrackPointExtension>
					</extensions>
			</trkpt>
			<trkpt lat="35.937176" lon="120.209274">
				<ele>34.0</ele>
				<time>2021-02-21T10:00:27Z</time>
					<extensions>
						<ns3:TrackPointExtension>
						</ns3:TrackPointExtension>
					</extensions>
			</trkpt>
			<trkpt lat="35.9372" lon="120.20928">
				<ele>34.0</ele>
				<time>2021-02-21T10:00:28Z</time>
					<extensions>
						<ns3:TrackPointExtension>
						</ns3:TrackPointExtension>
					</extensions>
			</trkpt>
			<trkpt lat="35.937218" lon="120.209305">
				<ele>34.0</ele>
				<time>2021-02-21T10:00:29Z</time>
					<extensions>
						<ns3:TrackPointExtension>
						</ns3:TrackPointExtension>
					</extensions>
			</trkpt>
			<trkpt lat="35.937237" lon="120.20931">
				<ele>34.0</ele>
				<time>2021-02-21T10:00:30Z</time>
					<extensions>
						<ns3:TrackPointExtension>
						</ns3:TrackPointExtension>
					</extensions>
			</trkpt>
			<trkpt lat="35.937252" lon="120.20933">
				<ele>34.0</ele>
				<time>2021-02-21T10:00:31Z</time>
					<extensions>
						<ns3:TrackPointExtension>
						</ns3:TrackPointExtension>
					</extensions>
			</trkpt>
			<trkpt lat="35.937267" lon="120.209335">
				<ele>34.0</ele>
				<time>2021-02-21T10:00:32Z</time>
					<extensions>
						<ns3:TrackPointExtension>
						</ns3:TrackPointExtension>
					</extensions>
			</trkpt>
			<trkpt lat="35.937294" lon="120.209366">
				<ele>34.0</ele>
				<time>2021-02-21T10:00:33Z</time>
					<extensions>
						<ns3:TrackPointExtension>
						</ns3:TrackPointExtension>
					</extensions>
			</trkpt>
			<trkpt lat="35.93731" lon="120.20937">
				<ele>34.0</ele>
				<time>2021-02-21T10:00:34Z</time>
					<extensions>
						<ns3:TrackPointExtension>
						</ns3:TrackPointExtension>
					</extensions>
			</trkpt>
			<trkpt lat="35.937332" lon="120.2094">
				<ele>34.0</ele>
				<time>2021-02-21T10:00:35Z</time>
					<extensions>
						<ns3:TrackPointExtension>
						</ns3:TrackPointExtension>
					</extensions>
			</trkpt>
			<trkpt lat="35.937347" lon="120.20941">
				<ele>34.0</ele>
				<time>2021-02-21T10:00:36Z</time>
					<extensions>
						<ns3:TrackPointExtension>
						</ns3:TrackPointExtension>
					</extensions>
			</trkpt>
			<trkpt lat="35.93737" lon="120.20943">
				<ele>34.0</ele>
				<time>2021-02-21T10:00:37Z</time>
					<extensions>
						<ns3:TrackPointExtension>
						</ns3:TrackPointExtension>
					</extensions>
			</trkpt>
			<trkpt lat="35.937397" lon="120.20945">
				<ele>34.0</ele>
				<time>2021-02-21T10:00:38Z</time>
					<extensions>
						<ns3:TrackPointExtension>
						</ns3:TrackPointExtension>
					</extensions>
			</trkpt>
			<trkpt lat="35.937416" lon="120.20947">
				<ele>34.0</ele>
				<time>2021-02-21T10:00:39Z</time>
					<extensions>
						<ns3:TrackPointExtension>
						</ns3:TrackPointExtension>
					</extensions>
			</trkpt>
			<trkpt lat="35.937435" lon="120.20948">
				<ele>34.0</ele>
				<time>2021-02-21T10:00:40Z</time>
					<extensions>
						<ns3:TrackPointExtension>
						</ns3:TrackPointExtension>
					</extensions>
			</trkpt>
			<trkpt lat="35.937458" lon="120.2095">
				<ele>34.0</ele>
				<time>2021-02-21T10:00:41Z</time>
					<extensions>
						<ns3:TrackPointExtension>
						</ns3:TrackPointExtension>
					</extensions>
			</trkpt>
			<trkpt lat="35.93748" lon="120.20951">
				<ele>34.0</ele>
				<time>2021-02-21T10:00:42Z</time>
					<extensions>
						<ns3:TrackPointExtension>
						</ns3:TrackPointExtension>
					</extensions>
			</trkpt>
			<trkpt lat="35.937496" lon="120.20952">
				<ele>34.0</ele>
				<time>2021-02-21T10:00:43Z</time>
					<extensions>
						<ns3:TrackPointExtension>
						</ns3:TrackPointExtension>
					</extensions>
			</trkpt>
			<trkpt lat="35.93752" lon="120.20954">
				<ele>34.0</ele>
				<time>2021-02-21T10:00:44Z</time>
					<extensions>
						<ns3:TrackPointExtension>
						</ns3:TrackPointExtension>
					</extensions>
			</trkpt>
			<trkpt lat="35.937546" lon="120.209564">
				<ele>34.0</ele>
				<time>2021-02-21T10:00:45Z</time>
					<extensions>
						<ns3:TrackPointExtension>
						</ns3:TrackPointExtension>
					</extensions>
			</trkpt>
			<trkpt lat="35.937557" lon="120.20957">
				<ele>34.0</ele>
				<time>2021-02-21T10:00:46Z</time>
					<extensions>
						<ns3:TrackPointExtension>
						</ns3:TrackPointExtension>
					</extensions>
			</trkpt>
			<trkpt lat="35.937584" lon="120.20958">
				<ele>34.0</ele>
				<time>2021-02-21T10:00:47Z</time>
					<extensions>
						<ns3:TrackPointExtension>
						</ns3:TrackPointExtension>
					</extensions>
			</trkpt>
			<trkpt lat="35.937607" lon="120.2096">
				<ele>34.0</ele>
				<time>2021-02-21T10:00:48Z</time>
					<extensions>
						<ns3:TrackPointExtension>
						</ns3:TrackPointExtension>
					</extensions>
			</trkpt>
			<trkpt lat="35.93763" lon="120.209625">
				<ele>34.0</ele>
				<time>2021-02-21T10:00:49Z</time>
					<extensions>
						<ns3:TrackPointExtension>
						</ns3:TrackPointExtension>
					</extensions>
			</trkpt>
			<trkpt lat="35.937653" lon="120.20963">
				<ele>34.0</ele>
				<time>2021-02-21T10:00:50Z</time>
					<extensions>
						<ns3:TrackPointExtension>
						</ns3:TrackPointExtension>
					</extensions>
			</trkpt>
			<trkpt lat="35.93767" lon="120.20964">
				<ele>34.0</ele>
				<time>2021-02-21T10:00:51Z</time>
					<extensions>
						<ns3:TrackPointExtension>
						</ns3:TrackPointExtension>
					</extensions>
			</trkpt>
			<trkpt lat="35.93769" lon="120.20966">
				<ele>34.0</ele>
				<time>2021-02-21T10:00:52Z</time>
					<extensions>
						<ns3:TrackPointExtension>
						</ns3:TrackPointExtension>
					</extensions>
			</trkpt>
			<trkpt lat="35.93772" lon="120.20967">
				<ele>34.0</ele>
				<time>2021-02-21T10:00:53Z</time>
					<extensions>
						<ns3:TrackPointExtension>
						</ns3:TrackPointExtension>
					</extensions>
			</trkpt>
			<trkpt lat="35.937737" lon="120.20969">
				<ele>34.0</ele>
				<time>2021-02-21T10:00:54Z</time>
					<extensions>
						<ns3:TrackPointExtension>
						</ns3:TrackPointExtension>
					</extensions>
			</trkpt>
			<trkpt lat="35.93775" lon="120.209694">
				<ele>34.0</ele>
				<time>2021-02-21T10:00:55Z</time>
					<extensions>
						<ns3:TrackPointExtension>
						</ns3:TrackPointExtension>
					</extensions>
			</trkpt>
			<trkpt lat="35.937775" lon="120.20972">
				<ele>34.0</ele>
				<time>2021-02-21T10:00:56Z</time>
					<extensions>
						<ns3:TrackPointExtension>
						</ns3:TrackPointExtension>
					</extensions>
			</trkpt>
			<trkpt lat="35.937794" lon="120.209724">
				<ele>34.0</ele>
				<time>2021-02-21T10:00:57Z</time>
					<extensions>
						<ns3:TrackPointExtension>
						</ns3:TrackPointExtension>
					</extensions>
			</trkpt>
			<trkpt lat="35.937817" lon="120.20973">
				<ele>34.0</ele>
				<time>2021-02-21T10:00:58Z</time>
					<extensions>
						<ns3:TrackPointExtension>
						</ns3:TrackPointExtension>
					</extensions>
			</trkpt>
			<trkpt lat="35.93784" lon="120.209755">
				<ele>34.0</ele>
				<time>2021-02-21T10:00:59Z</time>
					<extensions>
						<ns3:TrackPointExtension>
						</ns3:TrackPointExtension>
					</extensions>
			</trkpt>
			<trkpt lat="35.937862" lon="120.20977">
				<ele>34.0</ele>
				<time>2021-02-21T10:01:00Z</time>
					<extensions>
						<ns3:TrackPointExtension>
						</ns3:TrackPointExtension>
					</extensions>
			</trkpt>
			<trkpt lat="35.937885" lon="120.209785">
				<ele>34.0</ele>
				<time>2021-02-21T10:01:01Z</time>
					<extensions>
						<ns3:TrackPointExtension>
						</ns3:TrackPointExtension>
					</extensions>
			</trkpt>
			<trkpt lat="35.9379" lon="120.2098">
				<ele>34.0</ele>
				<time>2021-02-21T10:01:02Z</time>
					<extensions>
						<ns3:TrackPointExtension>
						</ns3:TrackPointExtension>
					</extensions>
			</trkpt>
			<trkpt lat="35.937923" lon="120.20981">
				<ele>34.0</ele>
				<time>2021-02-21T10:01:03Z</time>
					<extensions>
						<ns3:TrackPointExtension>
						</ns3:TrackPointExtension>
					</extensions>
			</trkpt>
			<trkpt lat="35.937946" lon="120.20983">
				<ele>34.0</ele>
				<time>2021-02-21T10:01:04Z</time>
					<extensions>
						<ns3:TrackPointExtension>
						</ns3:TrackPointExtension>
					</extensions>
			</trkpt>
			<trkpt lat="35.937965" lon="120.20984">
				<ele>34.0</ele>
				<time>2021-02-21T10:01:05Z</time>
					<extensions>
						<ns3:TrackPointExtension>
						</ns3:TrackPointExtension>
					</extensions>
			</trkpt>
			<trkpt lat="35.937992" lon="120.20986">
				<ele>34.0</ele>
				<time>2021-02-21T10:01:06Z</time>
					<extensions>
						<ns3:TrackPointExtension>
						</ns3:TrackPointExtension>
					</extensions>
			</trkpt>
			<trkpt lat="35.93801" lon="120.20987">
				<ele>34.0</ele>
				<time>2021-02-21T10:01:07Z</time>
					<extensions>
						<ns3:TrackPointExtension>
						</ns3:TrackPointExtension>
					</extensions>
			</trkpt>
			<trkpt lat="35.938038" lon="120.20989">
				<ele>34.0</ele>
				<time>2021-02-21T10:01:08Z</time>
					<extensions>
						<ns3:TrackPointExtension>
						</ns3:TrackPointExtension>
					</extensions>
			</trkpt>
			<trkpt lat="35.93805" lon="120.2099">
				<ele>34.0</ele>
				<time>2021-02-21T10:01:09Z</time>
					<extensions>
						<ns3:TrackPointExtension>
						</ns3:TrackPointExtension>
					</extensions>
			</trkpt>
			<trkpt lat="35.938076" lon="120.20991">
				<ele>34.0</ele>
				<time>2021-02-21T10:01:10Z</time>
					<extensions>
						<ns3:TrackPointExtension>
						</ns3:TrackPointExtension>
					</extensions>
			</trkpt>
			<trkpt lat="35.938095" lon="120.20992">
				<ele>34.0</ele>
				<time>2021-02-21T10:01:11Z</time>
					<extensions>
						<ns3:TrackPointExtension>
						</ns3:TrackPointExtension>
					</extensions>
			</trkpt>
			<trkpt lat="35.938118" lon="120.20994">
				<ele>34.0</ele>
				<time>2021-02-21T10:01:12Z</time>
					<extensions>
						<ns3:TrackPointExtension>
						</ns3:TrackPointExtension>
					</extensions>
			</trkpt>
			<trkpt lat="35.93814" lon="120.20995">
				<ele>34.0</ele>
				<time>2021-02-21T10:01:13Z</time>
					<extensions>
						<ns3:TrackPointExtension>
						</ns3:TrackPointExtension>
					</extensions>
			</trkpt>
			<trkpt lat="35.938164" lon="120.20996">
				<ele>34.0</ele>
				<time>2021-02-21T10:01:14Z</time>
					<extensions>
						<ns3:TrackPointExtension>
						</ns3:TrackPointExtension>
					</extensions>
			</trkpt>
			<trkpt lat="35.938187" lon="120.209984">
				<ele>34.0</ele>
				<time>2021-02-21T10:01:15Z</time>
					<extensions>
						<ns3:TrackPointExtension>
						</ns3:TrackPointExtension>
					</extensions>
			</trkpt>
			<trkpt lat="35.938206" lon="120.209984">
				<ele>34.0</ele>
				<time>2021-02-21T10:01:16Z</time>
					<extensions>
						<ns3:TrackPointExtension>
						</ns3:TrackPointExtension>
					</extensions>
			</trkpt>
			<trkpt lat="35.93823" lon="120.21">
				<ele>34.0</ele>
				<time>2021-02-21T10:01:17Z</time>
					<extensions>
						<ns3:TrackPointExtension>
						</ns3:TrackPointExtension>
					</extensions>
			</trkpt>
			<trkpt lat="35.93825" lon="120.210014">
				<ele>34.0</ele>
				<time>2021-02-21T10:01:18Z</time>
					<extensions>
						<ns3:TrackPointExtension>
						</ns3:TrackPointExtension>
					</extensions>
			</trkpt>
			<trkpt lat="35.938274" lon="120.21002">
				<ele>34.0</ele>
				<time>2021-02-21T10:01:19Z</time>
					<extensions>
						<ns3:TrackPointExtension>
						</ns3:TrackPointExtension>
					</extensions>
			</trkpt>
			<trkpt lat="35.9383" lon="120.21003">
				<ele>34.0</ele>
				<time>2021-02-21T10:01:20Z</time>
					<extensions>
						<ns3:TrackPointExtension>
						</ns3:TrackPointExtension>
					</extensions>
			</trkpt>
			<trkpt lat="35.938324" lon="120.210045">
				<ele>34.0</ele>
				<time>2021-02-21T10:01:21Z</time>
					<extensions>
						<ns3:TrackPointExtension>
						</ns3:TrackPointExtension>
					</extensions>
			</trkpt>
			<trkpt lat="35.938347" lon="120.21005">
				<ele>34.0</ele>
				<time>2021-02-21T10:01:22Z</time>
					<extensions>
						<ns3:TrackPointExtension>
						</ns3:TrackPointExtension>
					</extensions>
			</trkpt>
			<trkpt lat="35.93837" lon="120.21006">
				<ele>34.0</ele>
				<time>2021-02-21T10:01:23Z</time>
					<extensions>
						<ns3:TrackPointExtension>
						</ns3:TrackPointExtension>
					</extensions>
			</trkpt>
			<trkpt lat="35.938396" lon="120.210075">
				<ele>34.0</ele>
				<time>2021-02-21T10:01:24Z</time>
					<extensions>
						<ns3:TrackPointExtension>
						</ns3:TrackPointExtension>
					</extensions>
			</trkpt>
			<trkpt lat="35.93842" lon="120.21008">
				<ele>34.0</ele>
				<time>2021-02-21T10:01:25Z</time>
					<extensions>
						<ns3:TrackPointExtension>
						</ns3:TrackPointExtension>
					</extensions>
			</trkpt>
			<trkpt lat="35.93844" lon="120.21009">
				<ele>34.0</ele>
				<time>2021-02-21T10:01:26Z</time>
					<extensions>
						<ns3:TrackPointExtension>
						</ns3:TrackPointExtension>
					</extensions>
			</trkpt>
			<trkpt lat="35.938454" lon="120.21009">
				<ele>34.0</ele>
				<time>2021-02-21T10:01:27Z</time>
					<extensions>
						<ns3:TrackPointExtension>
						</ns3:TrackPointExtension>
					</extensions>
			</trkpt>
			<trkpt lat="35.938477" lon="120.210106">
				<ele>34.0</ele>
				<time>2021-02-21T10:01:28Z</time>
					<extensions>
						<ns3:TrackPointExtension>
						</ns3:TrackPointExtension>
					</extensions>
			</trkpt>
			<trkpt lat="35.938507" lon="120.21011">
				<ele>34.0</ele>
				<time>2021-02-21T10:01:29Z</time>
					<extensions>
						<ns3:TrackPointExtension>
						</ns3:TrackPointExtension>
					</extensions>
			</trkpt>
			<trkpt lat="35.93853" lon="120.21011">
				<ele>34.0</ele>
				<time>2021-02-21T10:01:30Z</time>
					<extensions>
						<ns3:TrackPointExtension>
						</ns3:TrackPointExtension>
					</extensions>
			</trkpt>
			<trkpt lat="35.93855" lon="120.21011">
				<ele>34.0</ele>
				<time>2021-02-21T10:01:31Z</time>
					<extensions>
						<ns3:TrackPointExtension>
						</ns3:TrackPointExtension>
					</extensions>
			</trkpt>
			<trkpt lat="35.938572" lon="120.21012">
				<ele>34.0</ele>
				<time>2021-02-21T10:01:32Z</time>
					<extensions>
						<ns3:TrackPointExtension>
						</ns3:TrackPointExtension>
					</extensions>
			</trkpt>
			<trkpt lat="35.9386" lon="120.21012">
				<ele>34.0</ele>
				<time>2021-02-21T10:01:33Z</time>
					<extensions>
						<ns3:TrackPointExtension>
						</ns3:TrackPointExtension>
					</extensions>
			</trkpt>
			<trkpt lat="35.938618" lon="120.21012">
				<ele>34.0</ele>
				<time>2021-02-21T10:01:34Z</time>
					<extensions>
						<ns3:TrackPointExtension>
						</ns3:TrackPointExtension>
					</extensions>
			</trkpt>
			<trkpt lat="35.93865" lon="120.21014">
				<ele>34.0</ele>
				<time>2021-02-21T10:01:35Z</time>
					<extensions>
						<ns3:TrackPointExtension>
						</ns3:TrackPointExtension>
					</extensions>
			</trkpt>
			<trkpt lat="35.938663" lon="120.21012">
				<ele>34.0</ele>
				<time>2021-02-21T10:01:36Z</time>
					<extensions>
						<ns3:TrackPointExtension>
						</ns3:TrackPointExtension>
					</extensions>
			</trkpt>
			<trkpt lat="35.938686" lon="120.21012">
				<ele>34.0</ele>
				<time>2021-02-21T10:01:37Z</time>
					<extensions>
						<ns3:TrackPointExtension>
						</ns3:TrackPointExtension>
					</extensions>
			</trkpt>
			<trkpt lat="35.93871" lon="120.21012">
				<ele>34.0</ele>
				<time>2021-02-21T10:01:38Z</time>
					<extensions>
						<ns3:TrackPointExtension>
						</ns3:TrackPointExtension>
					</extensions>
			</trkpt>
			<trkpt lat="35.93874" lon="120.21012">
				<ele>34.0</ele>
				<time>2021-02-21T10:01:39Z</time>
					<extensions>
						<ns3:TrackPointExtension>
						</ns3:TrackPointExtension>
					</extensions>
			</trkpt>
			<trkpt lat="35.938766" lon="120.21012">
				<ele>34.0</ele>
				<time>2021-02-21T10:01:40Z</time>
					<extensions>
						<ns3:TrackPointExtension>
						</ns3:TrackPointExtension>
					</extensions>
			</trkpt>
			<trkpt lat="35.938786" lon="120.21011">
				<ele>34.0</ele>
				<time>2021-02-21T10:01:41Z</time>
					<extensions>
						<ns3:TrackPointExtension>
						</ns3:TrackPointExtension>
					</extensions>
			</trkpt>
			<trkpt lat="35.938812" lon="120.21011">
				<ele>34.0</ele>
				<time>2021-02-21T10:01:42Z</time>
					<extensions>
						<ns3:TrackPointExtension>
						</ns3:TrackPointExtension>
					</extensions>
			</trkpt>
			<trkpt lat="35.93884" lon="120.21011">
				<ele>34.0</ele>
				<time>2021-02-21T10:01:43Z</time>
					<extensions>
						<ns3:TrackPointExtension>
						</ns3:TrackPointExtension>
					</extensions>
			</trkpt>
			<trkpt lat="35.93886" lon="120.210106">
				<ele>34.0</ele>
				<time>2021-02-21T10:01:44Z</time>
					<extensions>
						<ns3:TrackPointExtension>
						</ns3:TrackPointExtension>
					</extensions>
			</trkpt>
			<trkpt lat="35.93889" lon="120.210106">
				<ele>34.0</ele>
				<time>2021-02-21T10:01:45Z</time>
					<extensions>
						<ns3:TrackPointExtension>
						</ns3:TrackPointExtension>
					</extensions>
			</trkpt>
			<trkpt lat="35.938904" lon="120.21009">
				<ele>34.0</ele>
				<time>2021-02-21T10:01:46Z</time>
					<extensions>
						<ns3:TrackPointExtension>
						</ns3:TrackPointExtension>
					</extensions>
			</trkpt>
			<trkpt lat="35.938934" lon="120.21009">
				<ele>34.0</ele>
				<time>2021-02-21T10:01:47Z</time>
					<extensions>
						<ns3:TrackPointExtension>
						</ns3:TrackPointExtension>
					</extensions>
			</trkpt>
			<trkpt lat="35.93896" lon="120.21008">
				<ele>34.0</ele>
				<time>2021-02-21T10:01:48Z</time>
					<extensions>
						<ns3:TrackPointExtension>
						</ns3:TrackPointExtension>
					</extensions>
			</trkpt>
			<trkpt lat="35.938976" lon="120.21008">
				<ele>34.0</ele>
				<time>2021-02-21T10:01:49Z</time>
					<extensions>
						<ns3:TrackPointExtension>
						</ns3:TrackPointExtension>
					</extensions>
			</trkpt>
			<trkpt lat="35.939007" lon="120.210075">
				<ele>34.0</ele>
				<time>2021-02-21T10:01:50Z</time>
					<extensions>
						<ns3:TrackPointExtension>
						</ns3:TrackPointExtension>
					</extensions>
			</trkpt>
			<trkpt lat="35.939026" lon="120.21006">
				<ele>34.0</ele>
				<time>2021-02-21T10:01:51Z</time>
					<extensions>
						<ns3:TrackPointExtension>
						</ns3:TrackPointExtension>
					</extensions>
			</trkpt>
			<trkpt lat="35.939053" lon="120.21006">
				<ele>34.0</ele>
				<time>2021-02-21T10:01:52Z</time>
					<extensions>
						<ns3:TrackPointExtension>
						</ns3:TrackPointExtension>
					</extensions>
			</trkpt>
			<trkpt lat="35.939075" lon="120.21005">
				<ele>34.0</ele>
				<time>2021-02-21T10:01:53Z</time>
					<extensions>
						<ns3:TrackPointExtension>
						</ns3:TrackPointExtension>
					</extensions>
			</trkpt>
			<trkpt lat="35.9391" lon="120.210045">
				<ele>34.0</ele>
				<time>2021-02-21T10:01:54Z</time>
					<extensions>
						<ns3:TrackPointExtension>
						</ns3:TrackPointExtension>
					</extensions>
			</trkpt>
			<trkpt lat="35.939117" lon="120.210045">
				<ele>34.0</ele>
				<time>2021-02-21T10:01:55Z</time>
					<extensions>
						<ns3:TrackPointExtension>
						</ns3:TrackPointExtension>
					</extensions>
			</trkpt>
			<trkpt lat="35.939148" lon="120.21003">
				<ele>34.0</ele>
				<time>2021-02-21T10:01:56Z</time>
					<extensions>
						<ns3:TrackPointExtension>
						</ns3:TrackPointExtension>
					</extensions>
			</trkpt>
			<trkpt lat="35.939167" lon="120.21002">
				<ele>34.0</ele>
				<time>2021-02-21T10:01:57Z</time>
					<extensions>
						<ns3:TrackPointExtension>
						</ns3:TrackPointExtension>
					</extensions>
			</trkpt>
			<trkpt lat="35.93919" lon="120.210014">
				<ele>34.0</ele>
				<time>2021-02-21T10:01:58Z</time>
					<extensions>
						<ns3:TrackPointExtension>
						</ns3:TrackPointExtension>
					</extensions>
			</trkpt>
			<trkpt lat="35.939213" lon="120.21">
				<ele>33.0</ele>
				<time>2021-02-21T10:01:59Z</time>
					<extensions>
						<ns3:TrackPointExtension>
						</ns3:TrackPointExtension>
					</extensions>
			</trkpt>
			<trkpt lat="35.939228" lon="120.20999">
				<ele>33.0</ele>
				<time>2021-02-21T10:02:00Z</time>
					<extensions>
						<ns3:TrackPointExtension>
						</ns3:TrackPointExtension>
					</extensions>
			</trkpt>
			<trkpt lat="35.939247" lon="120.209984">
				<ele>33.0</ele>
				<time>2021-02-21T10:02:01Z</time>
					<extensions>
						<ns3:TrackPointExtension>
						</ns3:TrackPointExtension>
					</extensions>
			</trkpt>
			<trkpt lat="35.939262" lon="120.20997">
				<ele>33.0</ele>
				<time>2021-02-21T10:02:02Z</time>
					<extensions>
						<ns3:TrackPointExtension>
						</ns3:TrackPointExtension>
					</extensions>
			</trkpt>
			<trkpt lat="35.939274" lon="120.20997">
				<ele>33.0</ele>
				<time>2021-02-21T10:02:03Z</time>
					<extensions>
						<ns3:TrackPointExtension>
						</ns3:TrackPointExtension>
					</extensions>
			</trkpt>
			<trkpt lat="35.939293" lon="120.20996">
				<ele>33.0</ele>
				<time>2021-02-21T10:02:04Z</time>
					<extensions>
						<ns3:TrackPointExtension>
						</ns3:TrackPointExtension>
					</extensions>
			</trkpt>
			<trkpt lat="35.939304" lon="120.20995">
				<ele>33.0</ele>
				<time>2021-02-21T10:02:05Z</time>
					<extensions>
						<ns3:TrackPointExtension>
						</ns3:TrackPointExtension>
					</extensions>
			</trkpt>
			<trkpt lat="35.939316" lon="120.20994">
				<ele>33.0</ele>
				<time>2021-02-21T10:02:06Z</time>
					<extensions>
						<ns3:TrackPointExtension>
						</ns3:TrackPointExtension>
					</extensions>
			</trkpt>
			<trkpt lat="35.939327" lon="120.20993">
				<ele>33.0</ele>
				<time>2021-02-21T10:02:07Z</time>
					<extensions>
						<ns3:TrackPointExtension>
						</ns3:TrackPointExtension>
					</extensions>
			</trkpt>
			<trkpt lat="35.939335" lon="120.20993">
				<ele>33.0</ele>
				<time>2021-02-21T10:02:08Z</time>
					<extensions>
						<ns3:TrackPointExtension>
						</ns3:TrackPointExtension>
					</extensions>
			</trkpt>
			<trkpt lat="35.939346" lon="120.20992">
				<ele>33.0</ele>
				<time>2021-02-21T10:02:09Z</time>
					<extensions>
						<ns3:TrackPointExtension>
						</ns3:TrackPointExtension>
					</extensions>
			</trkpt>
			<trkpt lat="35.939358" lon="120.20991">
				<ele>33.0</ele>
				<time>2021-02-21T10:02:10Z</time>
					<extensions>
						<ns3:TrackPointExtension>
						</ns3:TrackPointExtension>
					</extensions>
			</trkpt>
			<trkpt lat="35.939373" lon="120.2099">
				<ele>33.0</ele>
				<time>2021-02-21T10:02:11Z</time>
					<extensions>
						<ns3:TrackPointExtension>
						</ns3:TrackPointExtension>
					</extensions>
			</trkpt>
			<trkpt lat="35.93939" lon="120.2099">
				<ele>33.0</ele>
				<time>2021-02-21T10:02:12Z</time>
					<extensions>
						<ns3:TrackPointExtension>
						</ns3:TrackPointExtension>
					</extensions>
			</trkpt>
			<trkpt lat="35.9394" lon="120.20989">
				<ele>33.0</ele>
				<time>2021-02-21T10:02:13Z</time>
					<extensions>
						<ns3:TrackPointExtension>
						</ns3:TrackPointExtension>
					</extensions>
			</trkpt>
			<trkpt lat="35.93941" lon="120.20988">
				<ele>33.0</ele>
				<time>2021-02-21T10:02:14Z</time>
					<extensions>
						<ns3:TrackPointExtension>
						</ns3:TrackPointExtension>
					</extensions>
			</trkpt>
			<trkpt lat="35.939426" lon="120.20988">
				<ele>33.0</ele>
				<time>2021-02-21T10:02:15Z</time>
					<extensions>
						<ns3:TrackPointExtension>
						</ns3:TrackPointExtension>
					</extensions>
			</trkpt>
			<trkpt lat="35.939445" lon="120.20987">
				<ele>33.0</ele>
				<time>2021-02-21T10:02:16Z</time>
					<extensions>
						<ns3:TrackPointExtension>
						</ns3:TrackPointExtension>
					</extensions>
			</trkpt>
			<trkpt lat="35.939465" lon="120.20986">
				<ele>33.0</ele>
				<time>2021-02-21T10:02:17Z</time>
					<extensions>
						<ns3:TrackPointExtension>
						</ns3:TrackPointExtension>
					</extensions>
			</trkpt>
			<trkpt lat="35.939484" lon="120.20985">
				<ele>33.0</ele>
				<time>2021-02-21T10:02:18Z</time>
					<extensions>
						<ns3:TrackPointExtension>
						</ns3:TrackPointExtension>
					</extensions>
			</trkpt>
			<trkpt lat="35.939507" lon="120.20984">
				<ele>33.0</ele>
				<time>2021-02-21T10:02:19Z</time>
					<extensions>
						<ns3:TrackPointExtension>
						</ns3:TrackPointExtension>
					</extensions>
			</trkpt>
			<trkpt lat="35.93953" lon="120.20984">
				<ele>33.0</ele>
				<time>2021-02-21T10:02:20Z</time>
					<extensions>
						<ns3:TrackPointExtension>
						</ns3:TrackPointExtension>
					</extensions>
			</trkpt>
			<trkpt lat="35.939552" lon="120.20983">
				<ele>33.0</ele>
				<time>2021-02-21T10:02:21Z</time>
					<extensions>
						<ns3:TrackPointExtension>
						</ns3:TrackPointExtension>
					</extensions>
			</trkpt>
			<trkpt lat="35.939575" lon="120.209816">
				<ele>33.0</ele>
				<time>2021-02-21T10:02:22Z</time>
					<extensions>
						<ns3:TrackPointExtension>
						</ns3:TrackPointExtension>
					</extensions>
			</trkpt>
			<trkpt lat="35.93959" lon="120.20981">
				<ele>33.0</ele>
				<time>2021-02-21T10:02:23Z</time>
					<extensions>
						<ns3:TrackPointExtension>
						</ns3:TrackPointExtension>
					</extensions>
			</trkpt>
			<trkpt lat="35.939613" lon="120.2098">
				<ele>33.0</ele>
				<time>2021-02-21T10:02:24Z</time>
					<extensions>
						<ns3:TrackPointExtension>
						</ns3:TrackPointExtension>
					</extensions>
			</trkpt>
			<trkpt lat="35.939636" lon="120.209785">
				<ele>33.0</ele>
				<time>2021-02-21T10:02:25Z</time>
					<extensions>
						<ns3:TrackPointExtension>
						</ns3:TrackPointExtension>
					</extensions>
			</trkpt>
			<trkpt lat="35.939655" lon="120.20978">
				<ele>33.0</ele>
				<time>2021-02-21T10:02:26Z</time>
					<extensions>
						<ns3:TrackPointExtension>
						</ns3:TrackPointExtension>
					</extensions>
			</trkpt>
			<trkpt lat="35.939674" lon="120.20977">
				<ele>33.0</ele>
				<time>2021-02-21T10:02:27Z</time>
					<extensions>
						<ns3:TrackPointExtension>
						</ns3:TrackPointExtension>
					</extensions>
			</trkpt>
			<trkpt lat="35.939693" lon="120.209755">
				<ele>33.0</ele>
				<time>2021-02-21T10:02:28Z</time>
					<extensions>
						<ns3:TrackPointExtension>
						</ns3:TrackPointExtension>
					</extensions>
			</trkpt>
			<trkpt lat="35.939716" lon="120.20975">
				<ele>33.0</ele>
				<time>2021-02-21T10:02:29Z</time>
					<extensions>
						<ns3:TrackPointExtension>
						</ns3:TrackPointExtension>
					</extensions>
			</trkpt>
			<trkpt lat="35.939743" lon="120.20973">
				<ele>33.0</ele>
				<time>2021-02-21T10:02:30Z</time>
					<extensions>
						<ns3:TrackPointExtension>
						</ns3:TrackPointExtension>
					</extensions>
			</trkpt>
			<trkpt lat="35.939754" lon="120.209724">
				<ele>33.0</ele>
				<time>2021-02-21T10:02:31Z</time>
					<extensions>
						<ns3:TrackPointExtension>
						</ns3:TrackPointExtension>
					</extensions>
			</trkpt>
			<trkpt lat="35.939785" lon="120.20972">
				<ele>33.0</ele>
				<time>2021-02-21T10:02:32Z</time>
					<extensions>
						<ns3:TrackPointExtension>
						</ns3:TrackPointExtension>
					</extensions>
			</trkpt>
			<trkpt lat="35.939808" lon="120.2097">
				<ele>33.0</ele>
				<time>2021-02-21T10:02:33Z</time>
					<extensions>
						<ns3:TrackPointExtension>
						</ns3:TrackPointExtension>
					</extensions>
			</trkpt>
			<trkpt lat="35.939823" lon="120.2097">
				<ele>33.0</ele>
				<time>2021-02-21T10:02:34Z</time>
					<extensions>
						<ns3:TrackPointExtension>
						</ns3:TrackPointExtension>
					</extensions>
			</trkpt>
			<trkpt lat="35.93985" lon="120.20969">
				<ele>33.0</ele>
				<time>2021-02-21T10:02:35Z</time>
					<extensions>
						<ns3:TrackPointExtension>
						</ns3:TrackPointExtension>
					</extensions>
			</trkpt>
			<trkpt lat="35.93987" lon="120.20969">
				<ele>33.0</ele>
				<time>2021-02-21T10:02:36Z</time>
					<extensions>
						<ns3:TrackPointExtension>
						</ns3:TrackPointExtension>
					</extensions>
			</trkpt>
			<trkpt lat="35.939884" lon="120.20967">
				<ele>33.0</ele>
				<time>2021-02-21T10:02:37Z</time>
					<extensions>
						<ns3:TrackPointExtension>
						</ns3:TrackPointExtension>
					</extensions>
			</trkpt>
			<trkpt lat="35.93991" lon="120.20966">
				<ele>33.0</ele>
				<time>2021-02-21T10:02:38Z</time>
					<extensions>
						<ns3:TrackPointExtension>
						</ns3:TrackPointExtension>
					</extensions>
			</trkpt>
			<trkpt lat="35.939934" lon="120.20966">
				<ele>33.0</ele>
				<time>2021-02-21T10:02:39Z</time>
					<extensions>
						<ns3:TrackPointExtension>
						</ns3:TrackPointExtension>
					</extensions>
			</trkpt>
			<trkpt lat="35.93995" lon="120.209656">
				<ele>33.0</ele>
				<time>2021-02-21T10:02:40Z</time>
					<extensions>
						<ns3:TrackPointExtension>
						</ns3:TrackPointExtension>
					</extensions>
			</trkpt>
			<trkpt lat="35.939976" lon="120.20964">
				<ele>33.0</ele>
				<time>2021-02-21T10:02:41Z</time>
					<extensions>
						<ns3:TrackPointExtension>
						</ns3:TrackPointExtension>
					</extensions>
			</trkpt>
			<trkpt lat="35.94" lon="120.20964">
				<ele>33.0</ele>
				<time>2021-02-21T10:02:42Z</time>
					<extensions>
						<ns3:TrackPointExtension>
						</ns3:TrackPointExtension>
					</extensions>
			</trkpt>
			<trkpt lat="35.940018" lon="120.20963">
				<ele>33.0</ele>
				<time>2021-02-21T10:02:43Z</time>
					<extensions>
						<ns3:TrackPointExtension>
						</ns3:TrackPointExtension>
					</extensions>
			</trkpt>
			<trkpt lat="35.94004" lon="120.209625">
				<ele>33.0</ele>
				<time>2021-02-21T10:02:44Z</time>
					<extensions>
						<ns3:TrackPointExtension>
						</ns3:TrackPointExtension>
					</extensions>
			</trkpt>
			<trkpt lat="35.94006" lon="120.209625">
				<ele>33.0</ele>
				<time>2021-02-21T10:02:45Z</time>
					<extensions>
						<ns3:TrackPointExtension>
						</ns3:TrackPointExtension>
					</extensions>
			</trkpt>
			<trkpt lat="35.940075" lon="120.20961">
				<ele>33.0</ele>
				<time>2021-02-21T10:02:46Z</time>
					<extensions>
						<ns3:TrackPointExtension>
						</ns3:TrackPointExtension>
					</extensions>
			</trkpt>
			<trkpt lat="35.9401" lon="120.2096">
				<ele>33.0</ele>
				<time>2021-02-21T10:02:47Z</time>
					<extensions>
						<ns3:TrackPointExtension>
						</ns3:TrackPointExtension>
					</extensions>
			</trkpt>
			<trkpt lat="35.940125" lon="120.2096">
				<ele>33.0</ele>
				<time>2021-02-21T10:02:48Z</time>
					<extensions>
						<ns3:TrackPointExtension>
						</ns3:TrackPointExtension>
					</extensions>
			</trkpt>
			<trkpt lat="35.94015" lon="120.209595">
				<ele>33.0</ele>
				<time>2021-02-21T10:02:49Z</time>
					<extensions>
						<ns3:TrackPointExtension>
						</ns3:TrackPointExtension>
					</extensions>
			</trkpt>
			<trkpt lat="35.940166" lon="120.20958">
				<ele>33.0</ele>
				<time>2021-02-21T10:02:50Z</time>
					<extensions>
						<ns3:TrackPointExtension>
						</ns3:TrackPointExtension>
					</extensions>
			</trkpt>
			<trkpt lat="35.94019" lon="120.20958">
				<ele>33.0</ele>
				<time>2021-02-21T10:02:51Z</time>
					<extensions>
						<ns3:TrackPointExtension>
						</ns3:TrackPointExtension>
					</extensions>
			</trkpt>
			<trkpt lat="35.940212" lon="120.20957">
				<ele>33.0</ele>
				<time>2021-02-21T10:02:52Z</time>
					<extensions>
						<ns3:TrackPointExtension>
						</ns3:TrackPointExtension>
					</extensions>
			</trkpt>
			<trkpt lat="35.94023" lon="120.209564">
				<ele>33.0</ele>
				<time>2021-02-21T10:02:53Z</time>
					<extensions>
						<ns3:TrackPointExtension>
						</ns3:TrackPointExtension>
					</extensions>
			</trkpt>
			<trkpt lat="35.94025" lon="120.209564">
				<ele>33.0</ele>
				<time>2021-02-21T10:02:54Z</time>
					<extensions>
						<ns3:TrackPointExtension>
						</ns3:TrackPointExtension>
					</extensions>
			</trkpt>
			<trkpt lat="35.940277" lon="120.20955">
				<ele>33.0</ele>
				<time>2021-02-21T10:02:55Z</time>
					<extensions>
						<ns3:TrackPointExtension>
						</ns3:TrackPointExtension>
					</extensions>
			</trkpt>
			<trkpt lat="35.940292" lon="120.20954">
				<ele>33.0</ele>
				<time>2021-02-21T10:02:56Z</time>
					<extensions>
						<ns3:TrackPointExtension>
						</ns3:TrackPointExtension>
					</extensions>
			</trkpt>
			<trkpt lat="35.94032" lon="120.20954">
				<ele>33.0</ele>
				<time>2021-02-21T10:02:57Z</time>
					<extensions>
						<ns3:TrackPointExtension>
						</ns3:TrackPointExtension>
					</extensions>
			</trkpt>
			<trkpt lat="35.94034" lon="120.20953">
				<ele>33.0</ele>
				<time>2021-02-21T10:02:58Z</time>
					<extensions>
						<ns3:TrackPointExtension>
						</ns3:TrackPointExtension>
					</extensions>
			</trkpt>
			<trkpt lat="35.940353" lon="120.20952">
				<ele>33.0</ele>
				<time>2021-02-21T10:02:59Z</time>
					<extensions>
						<ns3:TrackPointExtension>
						</ns3:TrackPointExtension>
					</extensions>
			</trkpt>
			<trkpt lat="35.940365" lon="120.20949">
				<ele>33.0</ele>
				<time>2021-02-21T10:03:00Z</time>
					<extensions>
						<ns3:TrackPointExtension>
						</ns3:TrackPointExtension>
					</extensions>
			</trkpt>
			<trkpt lat="35.940376" lon="120.20946">
				<ele>33.0</ele>
				<time>2021-02-21T10:03:01Z</time>
					<extensions>
						<ns3:TrackPointExtension>
						</ns3:TrackPointExtension>
					</extensions>
			</trkpt>
			<trkpt lat="35.940388" lon="120.20943">
				<ele>33.0</ele>
				<time>2021-02-21T10:03:02Z</time>
					<extensions>
						<ns3:TrackPointExtension>
						</ns3:TrackPointExtension>
					</extensions>
			</trkpt>
			<trkpt lat="35.94039" lon="120.2094">
				<ele>33.0</ele>
				<time>2021-02-21T10:03:03Z</time>
					<extensions>
						<ns3:TrackPointExtension>
						</ns3:TrackPointExtension>
					</extensions>
			</trkpt>
			<trkpt lat="35.94039" lon="120.20937">
				<ele>33.0</ele>
				<time>2021-02-21T10:03:04Z</time>
					<extensions>
						<ns3:TrackPointExtension>
						</ns3:TrackPointExtension>
					</extensions>
			</trkpt>
			<trkpt lat="35.940395" lon="120.209335">
				<ele>33.0</ele>
				<time>2021-02-21T10:03:05Z</time>
					<extensions>
						<ns3:TrackPointExtension>
						</ns3:TrackPointExtension>
					</extensions>
			</trkpt>
			<trkpt lat="35.9404" lon="120.20931">
				<ele>33.0</ele>
				<time>2021-02-21T10:03:06Z</time>
					<extensions>
						<ns3:TrackPointExtension>
						</ns3:TrackPointExtension>
					</extensions>
			</trkpt>
			<trkpt lat="35.9404" lon="120.2093">
				<ele>33.0</ele>
				<time>2021-02-21T10:03:07Z</time>
					<extensions>
						<ns3:TrackPointExtension>
						</ns3:TrackPointExtension>
					</extensions>
			</trkpt>
			<trkpt lat="35.940407" lon="120.20927">
				<ele>33.0</ele>
				<time>2021-02-21T10:03:08Z</time>
					<extensions>
						<ns3:TrackPointExtension>
						</ns3:TrackPointExtension>
					</extensions>
			</trkpt>
			<trkpt lat="35.940414" lon="120.209236">
				<ele>33.0</ele>
				<time>2021-02-21T10:03:09Z</time>
					<extensions>
						<ns3:TrackPointExtension>
						</ns3:TrackPointExtension>
					</extensions>
			</trkpt>
			<trkpt lat="35.94043" lon="120.209206">
				<ele>33.0</ele>
				<time>2021-02-21T10:03:10Z</time>
					<extensions>
						<ns3:TrackPointExtension>
						</ns3:TrackPointExtension>
					</extensions>
			</trkpt>
			<trkpt lat="35.940437" lon="120.20918">
				<ele>33.0</ele>
				<time>2021-02-21T10:03:11Z</time>
					<extensions>
						<ns3:TrackPointExtension>
						</ns3:TrackPointExtension>
					</extensions>
			</trkpt>
			<trkpt lat="35.940445" lon="120.20916">
				<ele>33.0</ele>
				<time>2021-02-21T10:03:12Z</time>
					<extensions>
						<ns3:TrackPointExtension>
						</ns3:TrackPointExtension>
					</extensions>
			</trkpt>
			<trkpt lat="35.940456" lon="120.20913">
				<ele>33.0</ele>
				<time>2021-02-21T10:03:13Z</time>
					<extensions>
						<ns3:TrackPointExtension>
						</ns3:TrackPointExtension>
					</extensions>
			</trkpt>
			<trkpt lat="35.940468" lon="120.209114">
				<ele>33.0</ele>
				<time>2021-02-21T10:03:14Z</time>
					<extensions>
						<ns3:TrackPointExtension>
						</ns3:TrackPointExtension>
					</extensions>
			</trkpt>
			<trkpt lat="35.940475" lon="120.20909">
				<ele>33.0</ele>
				<time>2021-02-21T10:03:15Z</time>
					<extensions>
						<ns3:TrackPointExtension>
						</ns3:TrackPointExtension>
					</extensions>
			</trkpt>
			<trkpt lat="35.94048" lon="120.20908">
				<ele>33.0</ele>
				<time>2021-02-21T10:03:16Z</time>
					<extensions>
						<ns3:TrackPointExtension>
						</ns3:TrackPointExtension>
					</extensions>
			</trkpt>
			<trkpt lat="35.940487" lon="120.20907">
				<ele>33.0</ele>
				<time>2021-02-21T10:03:17Z</time>
					<extensions>
						<ns3:TrackPointExtension>
						</ns3:TrackPointExtension>
					</extensions>
			</trkpt>
			<trkpt lat="35.94049" lon="120.20906">
				<ele>33.0</ele>
				<time>2021-02-21T10:03:18Z</time>
					<extensions>
						<ns3:TrackPointExtension>
						</ns3:TrackPointExtension>
					</extensions>
			</trkpt>
			<trkpt lat="35.940517" lon="120.20906">
				<ele>33.0</ele>
				<time>2021-02-21T10:03:19Z</time>
					<extensions>
						<ns3:TrackPointExtension>
						</ns3:TrackPointExtension>
					</extensions>
			</trkpt>
			<trkpt lat="35.940525" lon="120.20905">
				<ele>33.0</ele>
				<time>2021-02-21T10:03:20Z</time>
					<extensions>
						<ns3:TrackPointExtension>
						</ns3:TrackPointExtension>
					</extensions>
			</trkpt>
			<trkpt lat="35.940533" lon="120.20905">
				<ele>33.0</ele>
				<time>2021-02-21T10:03:21Z</time>
					<extensions>
						<ns3:TrackPointExtension>
						</ns3:TrackPointExtension>
					</extensions>
			</trkpt>
			<trkpt lat="35.94054" lon="120.20904">
				<ele>33.0</ele>
				<time>2021-02-21T10:03:22Z</time>
					<extensions>
						<ns3:TrackPointExtension>
						</ns3:TrackPointExtension>
					</extensions>
			</trkpt>
			<trkpt lat="35.940548" lon="120.20903">
				<ele>33.0</ele>
				<time>2021-02-21T10:03:23Z</time>
					<extensions>
						<ns3:TrackPointExtension>
						</ns3:TrackPointExtension>
					</extensions>
			</trkpt>
			<trkpt lat="35.940556" lon="120.20902">
				<ele>33.0</ele>
				<time>2021-02-21T10:03:24Z</time>
					<extensions>
						<ns3:TrackPointExtension>
						</ns3:TrackPointExtension>
					</extensions>
			</trkpt>
			<trkpt lat="35.940563" lon="120.20901">
				<ele>33.0</ele>
				<time>2021-02-21T10:03:25Z</time>
					<extensions>
						<ns3:TrackPointExtension>
						</ns3:TrackPointExtension>
					</extensions>
			</trkpt>
			<trkpt lat="35.94058" lon="120.209">
				<ele>33.0</ele>
				<time>2021-02-21T10:03:26Z</time>
					<extensions>
						<ns3:TrackPointExtension>
						</ns3:TrackPointExtension>
					</extensions>
			</trkpt>
			<trkpt lat="35.940586" lon="120.209">
				<ele>33.0</ele>
				<time>2021-02-21T10:03:27Z</time>
					<extensions>
						<ns3:TrackPointExtension>
						</ns3:TrackPointExtension>
					</extensions>
			</trkpt>
			<trkpt lat="35.940598" lon="120.208984">
				<ele>33.0</ele>
				<time>2021-02-21T10:03:28Z</time>
					<extensions>
						<ns3:TrackPointExtension>
						</ns3:TrackPointExtension>
					</extensions>
			</trkpt>
			<trkpt lat="35.940605" lon="120.208984">
				<ele>33.0</ele>
				<time>2021-02-21T10:03:29Z</time>
					<extensions>
						<ns3:TrackPointExtension>
						</ns3:TrackPointExtension>
					</extensions>
			</trkpt>
			<trkpt lat="35.940617" lon="120.208984">
				<ele>33.0</ele>
				<time>2021-02-21T10:03:30Z</time>
					<extensions>
						<ns3:TrackPointExtension>
						</ns3:TrackPointExtension>
					</extensions>
			</trkpt>
			<trkpt lat="35.940624" lon="120.20898">
				<ele>33.0</ele>
				<time>2021-02-21T10:03:31Z</time>
					<extensions>
						<ns3:TrackPointExtension>
						</ns3:TrackPointExtension>
					</extensions>
			</trkpt>
			<trkpt lat="35.94064" lon="120.20897">
				<ele>33.0</ele>
				<time>2021-02-21T10:03:32Z</time>
					<extensions>
						<ns3:TrackPointExtension>
						</ns3:TrackPointExtension>
					</extensions>
			</trkpt>
			<trkpt lat="35.940655" lon="120.208954">
				<ele>33.0</ele>
				<time>2021-02-21T10:03:33Z</time>
					<extensions>
						<ns3:TrackPointExtension>
						</ns3:TrackPointExtension>
					</extensions>
			</trkpt>
			<trkpt lat="35.940666" lon="120.208954">
				<ele>33.0</ele>
				<time>2021-02-21T10:03:34Z</time>
					<extensions>
						<ns3:TrackPointExtension>
						</ns3:TrackPointExtension>
					</extensions>
			</trkpt>
			<trkpt lat="35.94068" lon="120.20895">
				<ele>33.0</ele>
				<time>2021-02-21T10:03:35Z</time>
					<extensions>
						<ns3:TrackPointExtension>
						</ns3:TrackPointExtension>
					</extensions>
			</trkpt>
			<trkpt lat="35.9407" lon="120.20894">
				<ele>33.0</ele>
				<time>2021-02-21T10:03:36Z</time>
					<extensions>
						<ns3:TrackPointExtension>
						</ns3:TrackPointExtension>
					</extensions>
			</trkpt>
			<trkpt lat="35.94072" lon="120.20892">
				<ele>34.0</ele>
				<time>2021-02-21T10:03:37Z</time>
					<extensions>
						<ns3:TrackPointExtension>
						</ns3:TrackPointExtension>
					</extensions>
			</trkpt>
			<trkpt lat="35.940735" lon="120.208916">
				<ele>34.0</ele>
				<time>2021-02-21T10:03:38Z</time>
					<extensions>
						<ns3:TrackPointExtension>
						</ns3:TrackPointExtension>
					</extensions>
			</trkpt>
			<trkpt lat="35.940758" lon="120.20891">
				<ele>34.0</ele>
				<time>2021-02-21T10:03:39Z</time>
					<extensions>
						<ns3:TrackPointExtension>
						</ns3:TrackPointExtension>
					</extensions>
			</trkpt>
			<trkpt lat="35.940777" lon="120.20889">
				<ele>34.0</ele>
				<time>2021-02-21T10:03:40Z</time>
					<extensions>
						<ns3:TrackPointExtension>
						</ns3:TrackPointExtension>
					</extensions>
			</trkpt>
			<trkpt lat="35.940796" lon="120.20889">
				<ele>34.0</ele>
				<time>2021-02-21T10:03:41Z</time>
					<extensions>
						<ns3:TrackPointExtension>
						</ns3:TrackPointExtension>
					</extensions>
			</trkpt>
			<trkpt lat="35.940823" lon="120.208885">
				<ele>34.0</ele>
				<time>2021-02-21T10:03:42Z</time>
					<extensions>
						<ns3:TrackPointExtension>
						</ns3:TrackPointExtension>
					</extensions>
			</trkpt>
			<trkpt lat="35.94084" lon="120.20888">
				<ele>34.0</ele>
				<time>2021-02-21T10:03:43Z</time>
					<extensions>
						<ns3:TrackPointExtension>
						</ns3:TrackPointExtension>
					</extensions>
			</trkpt>
			<trkpt lat="35.94087" lon="120.20888">
				<ele>34.0</ele>
				<time>2021-02-21T10:03:44Z</time>
					<extensions>
						<ns3:TrackPointExtension>
						</ns3:TrackPointExtension>
					</extensions>
			</trkpt>
			<trkpt lat="35.940884" lon="120.20888">
				<ele>34.0</ele>
				<time>2021-02-21T10:03:46Z</time>
					<extensions>
						<ns3:TrackPointExtension>
						</ns3:TrackPointExtension>
					</extensions>
			</trkpt>
			<trkpt lat="35.94094" lon="120.20891">
				<ele>34.0</ele>
				<time>2021-02-21T10:03:47Z</time>
					<extensions>
						<ns3:TrackPointExtension>
						</ns3:TrackPointExtension>
					</extensions>
			</trkpt>
			<trkpt lat="35.940964" lon="120.208916">
				<ele>34.0</ele>
				<time>2021-02-21T10:03:48Z</time>
					<extensions>
						<ns3:TrackPointExtension>
						</ns3:TrackPointExtension>
					</extensions>
			</trkpt>
			<trkpt lat="35.94098" lon="120.208916">
				<ele>34.0</ele>
				<time>2021-02-21T10:03:49Z</time>
					<extensions>
						<ns3:TrackPointExtension>
						</ns3:TrackPointExtension>
					</extensions>
			</trkpt>
			<trkpt lat="35.941006" lon="120.20892">
				<ele>34.0</ele>
				<time>2021-02-21T10:03:50Z</time>
					<extensions>
						<ns3:TrackPointExtension>
						</ns3:TrackPointExtension>
					</extensions>
			</trkpt>
			<trkpt lat="35.941036" lon="120.20894">
				<ele>34.0</ele>
				<time>2021-02-21T10:03:51Z</time>
					<extensions>
						<ns3:TrackPointExtension>
						</ns3:TrackPointExtension>
					</extensions>
			</trkpt>
			<trkpt lat="35.941055" lon="120.20895">
				<ele>34.0</ele>
				<time>2021-02-21T10:03:52Z</time>
					<extensions>
						<ns3:TrackPointExtension>
						</ns3:TrackPointExtension>
					</extensions>
			</trkpt>
			<trkpt lat="35.94108" lon="120.208954">
				<ele>34.0</ele>
				<time>2021-02-21T10:03:53Z</time>
					<extensions>
						<ns3:TrackPointExtension>
						</ns3:TrackPointExtension>
					</extensions>
			</trkpt>
			<trkpt lat="35.941097" lon="120.20897">
				<ele>34.0</ele>
				<time>2021-02-21T10:03:54Z</time>
					<extensions>
						<ns3:TrackPointExtension>
						</ns3:TrackPointExtension>
					</extensions>
			</trkpt>
			<trkpt lat="35.941128" lon="120.20898">
				<ele>34.0</ele>
				<time>2021-02-21T10:03:55Z</time>
					<extensions>
						<ns3:TrackPointExtension>
						</ns3:TrackPointExtension>
					</extensions>
			</trkpt>
			<trkpt lat="35.941154" lon="120.209">
				<ele>34.0</ele>
				<time>2021-02-21T10:03:56Z</time>
					<extensions>
						<ns3:TrackPointExtension>
						</ns3:TrackPointExtension>
					</extensions>
			</trkpt>
			<trkpt lat="35.941174" lon="120.20901">
				<ele>34.0</ele>
				<time>2021-02-21T10:03:57Z</time>
					<extensions>
						<ns3:TrackPointExtension>
						</ns3:TrackPointExtension>
					</extensions>
			</trkpt>
			<trkpt lat="35.941193" lon="120.20902">
				<ele>34.0</ele>
				<time>2021-02-21T10:03:58Z</time>
					<extensions>
						<ns3:TrackPointExtension>
						</ns3:TrackPointExtension>
					</extensions>
			</trkpt>
			<trkpt lat="35.94121" lon="120.20903">
				<ele>34.0</ele>
				<time>2021-02-21T10:03:59Z</time>
					<extensions>
						<ns3:TrackPointExtension>
						</ns3:TrackPointExtension>
					</extensions>
			</trkpt>
			<trkpt lat="35.941235" lon="120.20905">
				<ele>34.0</ele>
				<time>2021-02-21T10:04:00Z</time>
					<extensions>
						<ns3:TrackPointExtension>
						</ns3:TrackPointExtension>
					</extensions>
			</trkpt>
			<trkpt lat="35.941254" lon="120.20907">
				<ele>34.0</ele>
				<time>2021-02-21T10:04:01Z</time>
					<extensions>
						<ns3:TrackPointExtension>
						</ns3:TrackPointExtension>
					</extensions>
			</trkpt>
			<trkpt lat="35.941273" lon="120.20908">
				<ele>34.0</ele>
				<time>2021-02-21T10:04:02Z</time>
					<extensions>
						<ns3:TrackPointExtension>
						</ns3:TrackPointExtension>
					</extensions>
			</trkpt>
			<trkpt lat="35.941288" lon="120.2091">
				<ele>34.0</ele>
				<time>2021-02-21T10:04:03Z</time>
					<extensions>
						<ns3:TrackPointExtension>
						</ns3:TrackPointExtension>
					</extensions>
			</trkpt>
			<trkpt lat="35.9413" lon="120.20912">
				<ele>34.0</ele>
				<time>2021-02-21T10:04:04Z</time>
					<extensions>
						<ns3:TrackPointExtension>
						</ns3:TrackPointExtension>
					</extensions>
			</trkpt>
			<trkpt lat="35.94132" lon="120.20918">
				<ele>34.0</ele>
				<time>2021-02-21T10:04:05Z</time>
					<extensions>
						<ns3:TrackPointExtension>
						</ns3:TrackPointExtension>
					</extensions>
			</trkpt>
			<trkpt lat="35.941334" lon="120.209206">
				<ele>34.0</ele>
				<time>2021-02-21T10:04:06Z</time>
					<extensions>
						<ns3:TrackPointExtension>
						</ns3:TrackPointExtension>
					</extensions>
			</trkpt>
			<trkpt lat="35.941353" lon="120.20922">
				<ele>34.0</ele>
				<time>2021-02-21T10:04:07Z</time>
					<extensions>
						<ns3:TrackPointExtension>
						</ns3:TrackPointExtension>
					</extensions>
			</trkpt>
			<trkpt lat="35.941372" lon="120.20924">
				<ele>34.0</ele>
				<time>2021-02-21T10:04:08Z</time>
					<extensions>
						<ns3:TrackPointExtension>
						</ns3:TrackPointExtension>
					</extensions>
			</trkpt>
			<trkpt lat="35.941387" lon="120.209274">
				<ele>34.0</ele>
				<time>2021-02-21T10:04:09Z</time>
					<extensions>
						<ns3:TrackPointExtension>
						</ns3:TrackPointExtension>
					</extensions>
			</trkpt>
			<trkpt lat="35.9414" lon="120.20928">
				<ele>34.0</ele>
				<time>2021-02-21T10:04:10Z</time>
					<extensions>
						<ns3:TrackPointExtension>
						</ns3:TrackPointExtension>
					</extensions>
			</trkpt>
			<trkpt lat="35.941418" lon="120.2093">
				<ele>34.0</ele>
				<time>2021-02-21T10:04:11Z</time>
					<extensions>
						<ns3:TrackPointExtension>
						</ns3:TrackPointExtension>
					</extensions>
			</trkpt>
			<trkpt lat="35.94144" lon="120.209305">
				<ele>34.0</ele>
				<time>2021-02-21T10:04:12Z</time>
					<extensions>
						<ns3:TrackPointExtension>
						</ns3:TrackPointExtension>
					</extensions>
			</trkpt>
			<trkpt lat="35.941463" lon="120.209305">
				<ele>33.0</ele>
				<time>2021-02-21T10:04:13Z</time>
					<extensions>
						<ns3:TrackPointExtension>
						</ns3:TrackPointExtension>
					</extensions>
			</trkpt>
			<trkpt lat="35.94149" lon="120.209305">
				<ele>33.0</ele>
				<time>2021-02-21T10:04:14Z</time>
					<extensions>
						<ns3:TrackPointExtension>
						</ns3:TrackPointExtension>
					</extensions>
			</trkpt>
			<trkpt lat="35.941513" lon="120.209305">
				<ele>33.0</ele>
				<time>2021-02-21T10:04:15Z</time>
					<extensions>
						<ns3:TrackPointExtension>
						</ns3:TrackPointExtension>
					</extensions>
			</trkpt>
			<trkpt lat="35.941536" lon="120.209305">
				<ele>33.0</ele>
				<time>2021-02-21T10:04:16Z</time>
					<extensions>
						<ns3:TrackPointExtension>
						</ns3:TrackPointExtension>
					</extensions>
			</trkpt>
			<trkpt lat="35.94156" lon="120.209305">
				<ele>33.0</ele>
				<time>2021-02-21T10:04:17Z</time>
					<extensions>
						<ns3:TrackPointExtension>
						</ns3:TrackPointExtension>
					</extensions>
			</trkpt>
			<trkpt lat="35.941574" lon="120.209305">
				<ele>33.0</ele>
				<time>2021-02-21T10:04:18Z</time>
					<extensions>
						<ns3:TrackPointExtension>
						</ns3:TrackPointExtension>
					</extensions>
			</trkpt>
			<trkpt lat="35.941605" lon="120.209305">
				<ele>33.0</ele>
				<time>2021-02-21T10:04:19Z</time>
					<extensions>
						<ns3:TrackPointExtension>
						</ns3:TrackPointExtension>
					</extensions>
			</trkpt>
			<trkpt lat="35.94163" lon="120.209305">
				<ele>33.0</ele>
				<time>2021-02-21T10:04:20Z</time>
					<extensions>
						<ns3:TrackPointExtension>
						</ns3:TrackPointExtension>
					</extensions>
			</trkpt>
			<trkpt lat="35.94166" lon="120.209305">
				<ele>33.0</ele>
				<time>2021-02-21T10:04:21Z</time>
					<extensions>
						<ns3:TrackPointExtension>
						</ns3:TrackPointExtension>
					</extensions>
			</trkpt>
			<trkpt lat="35.941685" lon="120.209305">
				<ele>33.0</ele>
				<time>2021-02-21T10:04:22Z</time>
					<extensions>
						<ns3:TrackPointExtension>
						</ns3:TrackPointExtension>
					</extensions>
			</trkpt>
			<trkpt lat="35.9417" lon="120.209305">
				<ele>33.0</ele>
				<time>2021-02-21T10:04:23Z</time>
					<extensions>
						<ns3:TrackPointExtension>
						</ns3:TrackPointExtension>
					</extensions>
			</trkpt>
			<trkpt lat="35.941723" lon="120.209305">
				<ele>33.0</ele>
				<time>2021-02-21T10:04:24Z</time>
					<extensions>
						<ns3:TrackPointExtension>
						</ns3:TrackPointExtension>
					</extensions>
			</trkpt>
			<trkpt lat="35.941753" lon="120.2093">
				<ele>33.0</ele>
				<time>2021-02-21T10:04:25Z</time>
					<extensions>
						<ns3:TrackPointExtension>
						</ns3:TrackPointExtension>
					</extensions>
			</trkpt>
			<trkpt lat="35.941776" lon="120.2093">
				<ele>33.0</ele>
				<time>2021-02-21T10:04:26Z</time>
					<extensions>
						<ns3:TrackPointExtension>
						</ns3:TrackPointExtension>
					</extensions>
			</trkpt>
			<trkpt lat="35.9418" lon="120.2093">
				<ele>33.0</ele>
				<time>2021-02-21T10:04:27Z</time>
					<extensions>
						<ns3:TrackPointExtension>
						</ns3:TrackPointExtension>
					</extensions>
			</trkpt>
			<trkpt lat="35.94182" lon="120.20928">
				<ele>33.0</ele>
				<time>2021-02-21T10:04:28Z</time>
					<extensions>
						<ns3:TrackPointExtension>
						</ns3:TrackPointExtension>
					</extensions>
			</trkpt>
			<trkpt lat="35.94185" lon="120.20928">
				<ele>33.0</ele>
				<time>2021-02-21T10:04:29Z</time>
					<extensions>
						<ns3:TrackPointExtension>
						</ns3:TrackPointExtension>
					</extensions>
			</trkpt>
			<trkpt lat="35.941868" lon="120.20928">
				<ele>33.0</ele>
				<time>2021-02-21T10:04:30Z</time>
					<extensions>
						<ns3:TrackPointExtension>
						</ns3:TrackPointExtension>
					</extensions>
			</trkpt>
			<trkpt lat="35.941895" lon="120.209274">
				<ele>33.0</ele>
				<time>2021-02-21T10:04:31Z</time>
					<extensions>
						<ns3:TrackPointExtension>
						</ns3:TrackPointExtension>
					</extensions>
			</trkpt>
			<trkpt lat="35.941917" lon="120.209274">
				<ele>33.0</ele>
				<time>2021-02-21T10:04:32Z</time>
					<extensions>
						<ns3:TrackPointExtension>
						</ns3:TrackPointExtension>
					</extensions>
			</trkpt>
			<trkpt lat="35.941933" lon="120.209274">
				<ele>33.0</ele>
				<time>2021-02-21T10:04:33Z</time>
					<extensions>
						<ns3:TrackPointExtension>
						</ns3:TrackPointExtension>
					</extensions>
			</trkpt>
			<trkpt lat="35.941963" lon="120.20927">
				<ele>33.0</ele>
				<time>2021-02-21T10:04:34Z</time>
					<extensions>
						<ns3:TrackPointExtension>
						</ns3:TrackPointExtension>
					</extensions>
			</trkpt>
			<trkpt lat="35.941986" lon="120.20927">
				<ele>33.0</ele>
				<time>2021-02-21T10:04:35Z</time>
					<extensions>
						<ns3:TrackPointExtension>
						</ns3:TrackPointExtension>
					</extensions>
			</trkpt>
			<trkpt lat="35.942" lon="120.20925">
				<ele>33.0</ele>
				<time>2021-02-21T10:04:36Z</time>
					<extensions>
						<ns3:TrackPointExtension>
						</ns3:TrackPointExtension>
					</extensions>
			</trkpt>
			<trkpt lat="35.94203" lon="120.20925">
				<ele>33.0</ele>
				<time>2021-02-21T10:04:37Z</time>
					<extensions>
						<ns3:TrackPointExtension>
						</ns3:TrackPointExtension>
					</extensions>
			</trkpt>
			<trkpt lat="35.94206" lon="120.20924">
				<ele>33.0</ele>
				<time>2021-02-21T10:04:38Z</time>
					<extensions>
						<ns3:TrackPointExtension>
						</ns3:TrackPointExtension>
					</extensions>
			</trkpt>
			<trkpt lat="35.942074" lon="120.20924">
				<ele>33.0</ele>
				<time>2021-02-21T10:04:39Z</time>
					<extensions>
						<ns3:TrackPointExtension>
						</ns3:TrackPointExtension>
					</extensions>
			</trkpt>
			<trkpt lat="35.942097" lon="120.209236">
				<ele>33.0</ele>
				<time>2021-02-21T10:04:40Z</time>
					<extensions>
						<ns3:TrackPointExtension>
						</ns3:TrackPointExtension>
					</extensions>
			</trkpt>
			<trkpt lat="35.94212" lon="120.209236">
				<ele>33.0</ele>
				<time>2021-02-21T10:04:41Z</time>
					<extensions>
						<ns3:TrackPointExtension>
						</ns3:TrackPointExtension>
					</extensions>
			</trkpt>
			<trkpt lat="35.942142" lon="120.20922">
				<ele>33.0</ele>
				<time>2021-02-21T10:04:42Z</time>
					<extensions>
						<ns3:TrackPointExtension>
						</ns3:TrackPointExtension>
					</extensions>
			</trkpt>
			<trkpt lat="35.942165" lon="120.20921">
				<ele>33.0</ele>
				<time>2021-02-21T10:04:43Z</time>
					<extensions>
						<ns3:TrackPointExtension>
						</ns3:TrackPointExtension>
					</extensions>
			</trkpt>
			<trkpt lat="35.94219" lon="120.20921">
				<ele>33.0</ele>
				<time>2021-02-21T10:04:44Z</time>
					<extensions>
						<ns3:TrackPointExtension>
						</ns3:TrackPointExtension>
					</extensions>
			</trkpt>
			<trkpt lat="35.942207" lon="120.209206">
				<ele>33.0</ele>
				<time>2021-02-21T10:04:45Z</time>
					<extensions>
						<ns3:TrackPointExtension>
						</ns3:TrackPointExtension>
					</extensions>
			</trkpt>
			<trkpt lat="35.942234" lon="120.20919">
				<ele>33.0</ele>
				<time>2021-02-21T10:04:46Z</time>
					<extensions>
						<ns3:TrackPointExtension>
						</ns3:TrackPointExtension>
					</extensions>
			</trkpt>
			<trkpt lat="35.942253" lon="120.20919">
				<ele>33.0</ele>
				<time>2021-02-21T10:04:47Z</time>
					<extensions>
						<ns3:TrackPointExtension>
						</ns3:TrackPointExtension>
					</extensions>
			</trkpt>
			<trkpt lat="35.942276" lon="120.20918">
				<ele>33.0</ele>
				<time>2021-02-21T10:04:48Z</time>
					<extensions>
						<ns3:TrackPointExtension>
						</ns3:TrackPointExtension>
					</extensions>
			</trkpt>
			<trkpt lat="35.942303" lon="120.209175">
				<ele>33.0</ele>
				<time>2021-02-21T10:04:49Z</time>
					<extensions>
						<ns3:TrackPointExtension>
						</ns3:TrackPointExtension>
					</extensions>
			</trkpt>
			<trkpt lat="35.942318" lon="120.20916">
				<ele>33.0</ele>
				<time>2021-02-21T10:04:50Z</time>
					<extensions>
						<ns3:TrackPointExtension>
						</ns3:TrackPointExtension>
					</extensions>
			</trkpt>
			<trkpt lat="35.942345" lon="120.20915">
				<ele>33.0</ele>
				<time>2021-02-21T10:04:51Z</time>
					<extensions>
						<ns3:TrackPointExtension>
						</ns3:TrackPointExtension>
					</extensions>
			</trkpt>
			<trkpt lat="35.942368" lon="120.209145">
				<ele>33.0</ele>
				<time>2021-02-21T10:04:52Z</time>
					<extensions>
						<ns3:TrackPointExtension>
						</ns3:TrackPointExtension>
					</extensions>
			</trkpt>
			<trkpt lat="35.94239" lon="120.20913">
				<ele>33.0</ele>
				<time>2021-02-21T10:04:53Z</time>
					<extensions>
						<ns3:TrackPointExtension>
						</ns3:TrackPointExtension>
					</extensions>
			</trkpt>
			<trkpt lat="35.94241" lon="120.20912">
				<ele>33.0</ele>
				<time>2021-02-21T10:04:54Z</time>
					<extensions>
						<ns3:TrackPointExtension>
						</ns3:TrackPointExtension>
					</extensions>
			</trkpt>
			<trkpt lat="35.942436" lon="120.209114">
				<ele>32.0</ele>
				<time>2021-02-21T10:04:55Z</time>
					<extensions>
						<ns3:TrackPointExtension>
						</ns3:TrackPointExtension>
					</extensions>
			</trkpt>
			<trkpt lat="35.94246" lon="120.2091">
				<ele>32.0</ele>
				<time>2021-02-21T10:04:56Z</time>
					<extensions>
						<ns3:TrackPointExtension>
						</ns3:TrackPointExtension>
					</extensions>
			</trkpt>
			<trkpt lat="35.942482" lon="120.20909">
				<ele>32.0</ele>
				<time>2021-02-21T10:04:57Z</time>
					<extensions>
						<ns3:TrackPointExtension>
						</ns3:TrackPointExtension>
					</extensions>
			</trkpt>
			<trkpt lat="35.94251" lon="120.20907">
				<ele>32.0</ele>
				<time>2021-02-21T10:04:58Z</time>
					<extensions>
						<ns3:TrackPointExtension>
						</ns3:TrackPointExtension>
					</extensions>
			</trkpt>
			<trkpt lat="35.942528" lon="120.20906">
				<ele>32.0</ele>
				<time>2021-02-21T10:04:59Z</time>
					<extensions>
						<ns3:TrackPointExtension>
						</ns3:TrackPointExtension>
					</extensions>
			</trkpt>
			<trkpt lat="35.94255" lon="120.20905">
				<ele>32.0</ele>
				<time>2021-02-21T10:05:00Z</time>
					<extensions>
						<ns3:TrackPointExtension>
						</ns3:TrackPointExtension>
					</extensions>
			</trkpt>
			<trkpt lat="35.942574" lon="120.20904">
				<ele>32.0</ele>
				<time>2021-02-21T10:05:01Z</time>
					<extensions>
						<ns3:TrackPointExtension>
						</ns3:TrackPointExtension>
					</extensions>
			</trkpt>
			<trkpt lat="35.942596" lon="120.20903">
				<ele>32.0</ele>
				<time>2021-02-21T10:05:02Z</time>
					<extensions>
						<ns3:TrackPointExtension>
						</ns3:TrackPointExtension>
					</extensions>
			</trkpt>
			<trkpt lat="35.942623" lon="120.20902">
				<ele>32.0</ele>
				<time>2021-02-21T10:05:03Z</time>
					<extensions>
						<ns3:TrackPointExtension>
						</ns3:TrackPointExtension>
					</extensions>
			</trkpt>
			<trkpt lat="35.942646" lon="120.20901">
				<ele>32.0</ele>
				<time>2021-02-21T10:05:04Z</time>
					<extensions>
						<ns3:TrackPointExtension>
						</ns3:TrackPointExtension>
					</extensions>
			</trkpt>
			<trkpt lat="35.942677" lon="120.208984">
				<ele>32.0</ele>
				<time>2021-02-21T10:05:05Z</time>
					<extensions>
						<ns3:TrackPointExtension>
						</ns3:TrackPointExtension>
					</extensions>
			</trkpt>
			<trkpt lat="35.942703" lon="120.20898">
				<ele>32.0</ele>
				<time>2021-02-21T10:05:06Z</time>
					<extensions>
						<ns3:TrackPointExtension>
						</ns3:TrackPointExtension>
					</extensions>
			</trkpt>
			<trkpt lat="35.94273" lon="120.20897">
				<ele>32.0</ele>
				<time>2021-02-21T10:05:07Z</time>
					<extensions>
						<ns3:TrackPointExtension>
						</ns3:TrackPointExtension>
					</extensions>
			</trkpt>
			<trkpt lat="35.94275" lon="120.20895">
				<ele>32.0</ele>
				<time>2021-02-21T10:05:08Z</time>
					<extensions>
						<ns3:TrackPointExtension>
						</ns3:TrackPointExtension>
					</extensions>
			</trkpt>
			<trkpt lat="35.942783" lon="120.20894">
				<ele>32.0</ele>
				<time>2021-02-21T10:05:09Z</time>
					<extensions>
						<ns3:TrackPointExtension>
						</ns3:TrackPointExtension>
					</extensions>
			</trkpt>
			<trkpt lat="35.94281" lon="120.20892">
				<ele>32.0</ele>
				<time>2021-02-21T10:05:10Z</time>
					<extensions>
						<ns3:TrackPointExtension>
						</ns3:TrackPointExtension>
					</extensions>
			</trkpt>
			<trkpt lat="35.942837" lon="120.208916">
				<ele>32.0</ele>
				<time>2021-02-21T10:05:11Z</time>
					<extensions>
						<ns3:TrackPointExtension>
						</ns3:TrackPointExtension>
					</extensions>
			</trkpt>
			<trkpt lat="35.94286" lon="120.20891">
				<ele>32.0</ele>
				<time>2021-02-21T10:05:12Z</time>
					<extensions>
						<ns3:TrackPointExtension>
						</ns3:TrackPointExtension>
					</extensions>
			</trkpt>
			<trkpt lat="35.94288" lon="120.20889">
				<ele>32.0</ele>
				<time>2021-02-21T10:05:13Z</time>
					<extensions>
						<ns3:TrackPointExtension>
						</ns3:TrackPointExtension>
					</extensions>
			</trkpt>
			<trkpt lat="35.94291" lon="120.20889">
				<ele>32.0</ele>
				<time>2021-02-21T10:05:14Z</time>
					<extensions>
						<ns3:TrackPointExtension>
						</ns3:TrackPointExtension>
					</extensions>
			</trkpt>
			<trkpt lat="35.94293" lon="120.208885">
				<ele>32.0</ele>
				<time>2021-02-21T10:05:15Z</time>
					<extensions>
						<ns3:TrackPointExtension>
						</ns3:TrackPointExtension>
					</extensions>
			</trkpt>
			<trkpt lat="35.942955" lon="120.20888">
				<ele>32.0</ele>
				<time>2021-02-21T10:05:16Z</time>
					<extensions>
						<ns3:TrackPointExtension>
						</ns3:TrackPointExtension>
					</extensions>
			</trkpt>
			<trkpt lat="35.942986" lon="120.20886">
				<ele>32.0</ele>
				<time>2021-02-21T10:05:17Z</time>
					<extensions>
						<ns3:TrackPointExtension>
						</ns3:TrackPointExtension>
					</extensions>
			</trkpt>
			<trkpt lat="35.943" lon="120.20886">
				<ele>32.0</ele>
				<time>2021-02-21T10:05:18Z</time>
					<extensions>
						<ns3:TrackPointExtension>
						</ns3:TrackPointExtension>
					</extensions>
			</trkpt>
			<trkpt lat="35.94303" lon="120.208855">
				<ele>32.0</ele>
				<time>2021-02-21T10:05:19Z</time>
					<extensions>
						<ns3:TrackPointExtension>
						</ns3:TrackPointExtension>
					</extensions>
			</trkpt>
			<trkpt lat="35.943054" lon="120.208855">
				<ele>32.0</ele>
				<time>2021-02-21T10:05:20Z</time>
					<extensions>
						<ns3:TrackPointExtension>
						</ns3:TrackPointExtension>
					</extensions>
			</trkpt>
			<trkpt lat="35.943077" lon="120.20885">
				<ele>32.0</ele>
				<time>2021-02-21T10:05:21Z</time>
					<extensions>
						<ns3:TrackPointExtension>
						</ns3:TrackPointExtension>
					</extensions>
			</trkpt>
			<trkpt lat="35.9431" lon="120.20885">
				<ele>32.0</ele>
				<time>2021-02-21T10:05:22Z</time>
					<extensions>
						<ns3:TrackPointExtension>
						</ns3:TrackPointExtension>
					</extensions>
			</trkpt>
			<trkpt lat="35.943123" lon="120.20883">
				<ele>32.0</ele>
				<time>2021-02-21T10:05:23Z</time>
					<extensions>
						<ns3:TrackPointExtension>
						</ns3:TrackPointExtension>
					</extensions>
			</trkpt>
			<trkpt lat="35.943146" lon="120.20883">
				<ele>32.0</ele>
				<time>2021-02-21T10:05:24Z</time>
					<extensions>
						<ns3:TrackPointExtension>
						</ns3:TrackPointExtension>
					</extensions>
			</trkpt>
			<trkpt lat="35.94317" lon="120.20883">
				<ele>32.0</ele>
				<time>2021-02-21T10:05:25Z</time>
					<extensions>
						<ns3:TrackPointExtension>
						</ns3:TrackPointExtension>
					</extensions>
			</trkpt>
			<trkpt lat="35.943188" lon="120.208824">
				<ele>32.0</ele>
				<time>2021-02-21T10:05:26Z</time>
					<extensions>
						<ns3:TrackPointExtension>
						</ns3:TrackPointExtension>
					</extensions>
			</trkpt>
			<trkpt lat="35.943203" lon="120.208824">
				<ele>32.0</ele>
				<time>2021-02-21T10:05:27Z</time>
					<extensions>
						<ns3:TrackPointExtension>
						</ns3:TrackPointExtension>
					</extensions>
			</trkpt>
			<trkpt lat="35.943214" lon="120.208824">
				<ele>32.0</ele>
				<time>2021-02-21T10:05:28Z</time>
					<extensions>
						<ns3:TrackPointExtension>
						</ns3:TrackPointExtension>
					</extensions>
			</trkpt>
			<trkpt lat="35.943226" lon="120.208824">
				<ele>32.0</ele>
				<time>2021-02-21T10:05:29Z</time>
					<extensions>
						<ns3:TrackPointExtension>
						</ns3:TrackPointExtension>
					</extensions>
			</trkpt>
			<trkpt lat="35.943237" lon="120.208824">
				<ele>32.0</ele>
				<time>2021-02-21T10:05:30Z</time>
					<extensions>
						<ns3:TrackPointExtension>
						</ns3:TrackPointExtension>
					</extensions>
			</trkpt>
			<trkpt lat="35.94325" lon="120.208824">
				<ele>32.0</ele>
				<time>2021-02-21T10:05:31Z</time>
					<extensions>
						<ns3:TrackPointExtension>
						</ns3:TrackPointExtension>
					</extensions>
			</trkpt>
			<trkpt lat="35.943256" lon="120.208824">
				<ele>32.0</ele>
				<time>2021-02-21T10:05:32Z</time>
					<extensions>
						<ns3:TrackPointExtension>
						</ns3:TrackPointExtension>
					</extensions>
			</trkpt>
			<trkpt lat="35.943268" lon="120.208824">
				<ele>32.0</ele>
				<time>2021-02-21T10:05:33Z</time>
					<extensions>
						<ns3:TrackPointExtension>
						</ns3:TrackPointExtension>
					</extensions>
			</trkpt>
			<trkpt lat="35.943275" lon="120.208824">
				<ele>32.0</ele>
				<time>2021-02-21T10:05:34Z</time>
					<extensions>
						<ns3:TrackPointExtension>
						</ns3:TrackPointExtension>
					</extensions>
			</trkpt>
			<trkpt lat="35.943287" lon="120.208824">
				<ele>32.0</ele>
				<time>2021-02-21T10:05:35Z</time>
					<extensions>
						<ns3:TrackPointExtension>
						</ns3:TrackPointExtension>
					</extensions>
			</trkpt>
			<trkpt lat="35.943302" lon="120.208824">
				<ele>32.0</ele>
				<time>2021-02-21T10:05:36Z</time>
					<extensions>
						<ns3:TrackPointExtension>
						</ns3:TrackPointExtension>
					</extensions>
			</trkpt>
			<trkpt lat="35.94331" lon="120.208824">
				<ele>32.0</ele>
				<time>2021-02-21T10:05:37Z</time>
					<extensions>
						<ns3:TrackPointExtension>
						</ns3:TrackPointExtension>
					</extensions>
			</trkpt>
			<trkpt lat="35.943325" lon="120.208824">
				<ele>32.0</ele>
				<time>2021-02-21T10:05:38Z</time>
					<extensions>
						<ns3:TrackPointExtension>
						</ns3:TrackPointExtension>
					</extensions>
			</trkpt>
			<trkpt lat="35.943333" lon="120.208824">
				<ele>32.0</ele>
				<time>2021-02-21T10:05:39Z</time>
					<extensions>
						<ns3:TrackPointExtension>
						</ns3:TrackPointExtension>
					</extensions>
			</trkpt>
			<trkpt lat="35.943344" lon="120.208824">
				<ele>32.0</ele>
				<time>2021-02-21T10:05:40Z</time>
					<extensions>
						<ns3:TrackPointExtension>
						</ns3:TrackPointExtension>
					</extensions>
			</trkpt>
			<trkpt lat="35.943356" lon="120.20882">
				<ele>32.0</ele>
				<time>2021-02-21T10:05:41Z</time>
					<extensions>
						<ns3:TrackPointExtension>
						</ns3:TrackPointExtension>
					</extensions>
			</trkpt>
			<trkpt lat="35.943363" lon="120.20882">
				<ele>32.0</ele>
				<time>2021-02-21T10:05:42Z</time>
					<extensions>
						<ns3:TrackPointExtension>
						</ns3:TrackPointExtension>
					</extensions>
			</trkpt>
			<trkpt lat="35.94338" lon="120.20882">
				<ele>32.0</ele>
				<time>2021-02-21T10:05:43Z</time>
					<extensions>
						<ns3:TrackPointExtension>
						</ns3:TrackPointExtension>
					</extensions>
			</trkpt>
			<trkpt lat="35.94339" lon="120.20882">
				<ele>32.0</ele>
				<time>2021-02-21T10:05:44Z</time>
					<extensions>
						<ns3:TrackPointExtension>
						</ns3:TrackPointExtension>
					</extensions>
			</trkpt>
			<trkpt lat="35.943398" lon="120.20882">
				<ele>32.0</ele>
				<time>2021-02-21T10:05:45Z</time>
					<extensions>
						<ns3:TrackPointExtension>
						</ns3:TrackPointExtension>
					</extensions>
			</trkpt>
			<trkpt lat="35.943405" lon="120.2088">
				<ele>32.0</ele>
				<time>2021-02-21T10:05:46Z</time>
					<extensions>
						<ns3:TrackPointExtension>
						</ns3:TrackPointExtension>
					</extensions>
			</trkpt>
			<trkpt lat="35.94342" lon="120.2088">
				<ele>32.0</ele>
				<time>2021-02-21T10:05:47Z</time>
					<extensions>
						<ns3:TrackPointExtension>
						</ns3:TrackPointExtension>
					</extensions>
			</trkpt>
			<trkpt lat="35.94344" lon="120.2088">
				<ele>32.0</ele>
				<time>2021-02-21T10:05:48Z</time>
					<extensions>
						<ns3:TrackPointExtension>
						</ns3:TrackPointExtension>
					</extensions>
			</trkpt>
			<trkpt lat="35.94346" lon="120.20879">
				<ele>32.0</ele>
				<time>2021-02-21T10:05:49Z</time>
					<extensions>
						<ns3:TrackPointExtension>
						</ns3:TrackPointExtension>
					</extensions>
			</trkpt>
			<trkpt lat="35.943466" lon="120.20879">
				<ele>32.0</ele>
				<time>2021-02-21T10:05:50Z</time>
					<extensions>
						<ns3:TrackPointExtension>
						</ns3:TrackPointExtension>
					</extensions>
			</trkpt>
			<trkpt lat="35.94348" lon="120.208786">
				<ele>32.0</ele>
				<time>2021-02-21T10:05:51Z</time>
					<extensions>
						<ns3:TrackPointExtension>
						</ns3:TrackPointExtension>
					</extensions>
			</trkpt>
			<trkpt lat="35.943497" lon="120.208786">
				<ele>32.0</ele>
				<time>2021-02-21T10:05:52Z</time>
					<extensions>
						<ns3:TrackPointExtension>
						</ns3:TrackPointExtension>
					</extensions>
			</trkpt>
			<trkpt lat="35.943512" lon="120.20877">
				<ele>32.0</ele>
				<time>2021-02-21T10:05:53Z</time>
					<extensions>
						<ns3:TrackPointExtension>
						</ns3:TrackPointExtension>
					</extensions>
			</trkpt>
			<trkpt lat="35.943523" lon="120.20877">
				<ele>32.0</ele>
				<time>2021-02-21T10:05:54Z</time>
					<extensions>
						<ns3:TrackPointExtension>
						</ns3:TrackPointExtension>
					</extensions>
			</trkpt>
			<trkpt lat="35.943535" lon="120.20876">
				<ele>32.0</ele>
				<time>2021-02-21T10:05:55Z</time>
					<extensions>
						<ns3:TrackPointExtension>
						</ns3:TrackPointExtension>
					</extensions>
			</trkpt>
			<trkpt lat="35.94355" lon="120.20876">
				<ele>32.0</ele>
				<time>2021-02-21T10:05:56Z</time>
					<extensions>
						<ns3:TrackPointExtension>
						</ns3:TrackPointExtension>
					</extensions>
			</trkpt>
			<trkpt lat="35.94356" lon="120.208755">
				<ele>32.0</ele>
				<time>2021-02-21T10:05:57Z</time>
					<extensions>
						<ns3:TrackPointExtension>
						</ns3:TrackPointExtension>
					</extensions>
			</trkpt>
			<trkpt lat="35.943577" lon="120.208755">
				<ele>32.0</ele>
				<time>2021-02-21T10:05:58Z</time>
					<extensions>
						<ns3:TrackPointExtension>
						</ns3:TrackPointExtension>
					</extensions>
			</trkpt>
			<trkpt lat="35.943592" lon="120.20874">
				<ele>32.0</ele>
				<time>2021-02-21T10:05:59Z</time>
					<extensions>
						<ns3:TrackPointExtension>
						</ns3:TrackPointExtension>
					</extensions>
			</trkpt>
			<trkpt lat="35.943604" lon="120.20874">
				<ele>32.0</ele>
				<time>2021-02-21T10:06:00Z</time>
					<extensions>
						<ns3:TrackPointExtension>
						</ns3:TrackPointExtension>
					</extensions>
			</trkpt>
			<trkpt lat="35.943626" lon="120.20873">
				<ele>32.0</ele>
				<time>2021-02-21T10:06:01Z</time>
					<extensions>
						<ns3:TrackPointExtension>
						</ns3:TrackPointExtension>
					</extensions>
			</trkpt>
			<trkpt lat="35.943645" lon="120.20873">
				<ele>32.0</ele>
				<time>2021-02-21T10:06:02Z</time>
					<extensions>
						<ns3:TrackPointExtension>
						</ns3:TrackPointExtension>
					</extensions>
			</trkpt>
			<trkpt lat="35.94367" lon="120.208725">
				<ele>32.0</ele>
				<time>2021-02-21T10:06:03Z</time>
					<extensions>
						<ns3:TrackPointExtension>
						</ns3:TrackPointExtension>
					</extensions>
			</trkpt>
			<trkpt lat="35.943684" lon="120.20871">
				<ele>32.0</ele>
				<time>2021-02-21T10:06:04Z</time>
					<extensions>
						<ns3:TrackPointExtension>
						</ns3:TrackPointExtension>
					</extensions>
			</trkpt>
			<trkpt lat="35.943707" lon="120.20871">
				<ele>32.0</ele>
				<time>2021-02-21T10:06:05Z</time>
					<extensions>
						<ns3:TrackPointExtension>
						</ns3:TrackPointExtension>
					</extensions>
			</trkpt>
			<trkpt lat="35.94373" lon="120.2087">
				<ele>32.0</ele>
				<time>2021-02-21T10:06:06Z</time>
					<extensions>
						<ns3:TrackPointExtension>
						</ns3:TrackPointExtension>
					</extensions>
			</trkpt>
			<trkpt lat="35.943752" lon="120.2087">
				<ele>32.0</ele>
				<time>2021-02-21T10:06:07Z</time>
					<extensions>
						<ns3:TrackPointExtension>
						</ns3:TrackPointExtension>
					</extensions>
			</trkpt>
			<trkpt lat="35.94377" lon="120.208694">
				<ele>32.0</ele>
				<time>2021-02-21T10:06:08Z</time>
					<extensions>
						<ns3:TrackPointExtension>
						</ns3:TrackPointExtension>
					</extensions>
			</trkpt>
			<trkpt lat="35.94379" lon="120.208694">
				<ele>32.0</ele>
				<time>2021-02-21T10:06:09Z</time>
					<extensions>
						<ns3:TrackPointExtension>
						</ns3:TrackPointExtension>
					</extensions>
			</trkpt>
			<trkpt lat="35.943817" lon="120.20868">
				<ele>32.0</ele>
				<time>2021-02-21T10:06:10Z</time>
					<extensions>
						<ns3:TrackPointExtension>
						</ns3:TrackPointExtension>
					</extensions>
			</trkpt>
			<trkpt lat="35.94384" lon="120.20868">
				<ele>32.0</ele>
				<time>2021-02-21T10:06:11Z</time>
					<extensions>
						<ns3:TrackPointExtension>
						</ns3:TrackPointExtension>
					</extensions>
			</trkpt>
			<trkpt lat="35.943863" lon="120.20868">
				<ele>32.0</ele>
				<time>2021-02-21T10:06:12Z</time>
					<extensions>
						<ns3:TrackPointExtension>
						</ns3:TrackPointExtension>
					</extensions>
			</trkpt>
			<trkpt lat="35.943886" lon="120.20868">
				<ele>32.0</ele>
				<time>2021-02-21T10:06:13Z</time>
					<extensions>
						<ns3:TrackPointExtension>
						</ns3:TrackPointExtension>
					</extensions>
			</trkpt>
			<trkpt lat="35.94391" lon="120.20868">
				<ele>32.0</ele>
				<time>2021-02-21T10:06:14Z</time>
					<extensions>
						<ns3:TrackPointExtension>
						</ns3:TrackPointExtension>
					</extensions>
			</trkpt>
			<trkpt lat="35.943928" lon="120.20868">
				<ele>32.0</ele>
				<time>2021-02-21T10:06:15Z</time>
					<extensions>
						<ns3:TrackPointExtension>
						</ns3:TrackPointExtension>
					</extensions>
			</trkpt>
			<trkpt lat="35.94395" lon="120.208694">
				<ele>32.0</ele>
				<time>2021-02-21T10:06:16Z</time>
					<extensions>
						<ns3:TrackPointExtension>
						</ns3:TrackPointExtension>
					</extensions>
			</trkpt>
			<trkpt lat="35.943974" lon="120.208694">
				<ele>32.0</ele>
				<time>2021-02-21T10:06:17Z</time>
					<extensions>
						<ns3:TrackPointExtension>
						</ns3:TrackPointExtension>
					</extensions>
			</trkpt>
			<trkpt lat="35.943993" lon="120.2087">
				<ele>32.0</ele>
				<time>2021-02-21T10:06:18Z</time>
					<extensions>
						<ns3:TrackPointExtension>
						</ns3:TrackPointExtension>
					</extensions>
			</trkpt>
			<trkpt lat="35.94402" lon="120.20871">
				<ele>32.0</ele>
				<time>2021-02-21T10:06:19Z</time>
					<extensions>
						<ns3:TrackPointExtension>
						</ns3:TrackPointExtension>
					</extensions>
			</trkpt>
			<trkpt lat="35.944042" lon="120.20871">
				<ele>32.0</ele>
				<time>2021-02-21T10:06:20Z</time>
					<extensions>
						<ns3:TrackPointExtension>
						</ns3:TrackPointExtension>
					</extensions>
			</trkpt>
			<trkpt lat="35.944065" lon="120.208725">
				<ele>32.0</ele>
				<time>2021-02-21T10:06:21Z</time>
					<extensions>
						<ns3:TrackPointExtension>
						</ns3:TrackPointExtension>
					</extensions>
			</trkpt>
			<trkpt lat="35.94409" lon="120.20873">
				<ele>32.0</ele>
				<time>2021-02-21T10:06:22Z</time>
					<extensions>
						<ns3:TrackPointExtension>
						</ns3:TrackPointExtension>
					</extensions>
			</trkpt>
			<trkpt lat="35.944115" lon="120.20874">
				<ele>32.0</ele>
				<time>2021-02-21T10:06:23Z</time>
					<extensions>
						<ns3:TrackPointExtension>
						</ns3:TrackPointExtension>
					</extensions>
			</trkpt>
			<trkpt lat="35.944138" lon="120.208755">
				<ele>32.0</ele>
				<time>2021-02-21T10:06:24Z</time>
					<extensions>
						<ns3:TrackPointExtension>
						</ns3:TrackPointExtension>
					</extensions>
			</trkpt>
			<trkpt lat="35.94416" lon="120.20876">
				<ele>32.0</ele>
				<time>2021-02-21T10:06:25Z</time>
					<extensions>
						<ns3:TrackPointExtension>
						</ns3:TrackPointExtension>
					</extensions>
			</trkpt>
			<trkpt lat="35.944183" lon="120.20877">
				<ele>32.0</ele>
				<time>2021-02-21T10:06:26Z</time>
					<extensions>
						<ns3:TrackPointExtension>
						</ns3:TrackPointExtension>
					</extensions>
			</trkpt>
			<trkpt lat="35.944202" lon="120.208786">
				<ele>32.0</ele>
				<time>2021-02-21T10:06:27Z</time>
					<extensions>
						<ns3:TrackPointExtension>
						</ns3:TrackPointExtension>
					</extensions>
			</trkpt>
			<trkpt lat="35.94423" lon="120.20879">
				<ele>32.0</ele>
				<time>2021-02-21T10:06:28Z</time>
					<extensions>
						<ns3:TrackPointExtension>
						</ns3:TrackPointExtension>
					</extensions>
			</trkpt>
			<trkpt lat="35.944252" lon="120.20882">
				<ele>32.0</ele>
				<time>2021-02-21T10:06:29Z</time>
					<extensions>
						<ns3:TrackPointExtension>
						</ns3:TrackPointExtension>
					</extensions>
			</trkpt>
			<trkpt lat="35.944275" lon="120.208824">
				<ele>32.0</ele>
				<time>2021-02-21T10:06:30Z</time>
					<extensions>
						<ns3:TrackPointExtension>
						</ns3:TrackPointExtension>
					</extensions>
			</trkpt>
			<trkpt lat="35.9443" lon="120.20883">
				<ele>32.0</ele>
				<time>2021-02-21T10:06:31Z</time>
					<extensions>
						<ns3:TrackPointExtension>
						</ns3:TrackPointExtension>
					</extensions>
			</trkpt>
			<trkpt lat="35.944332" lon="120.20885">
				<ele>32.0</ele>
				<time>2021-02-21T10:06:32Z</time>
					<extensions>
						<ns3:TrackPointExtension>
						</ns3:TrackPointExtension>
					</extensions>
			</trkpt>
			<trkpt lat="35.94435" lon="120.208855">
				<ele>32.0</ele>
				<time>2021-02-21T10:06:33Z</time>
					<extensions>
						<ns3:TrackPointExtension>
						</ns3:TrackPointExtension>
					</extensions>
			</trkpt>
			<trkpt lat="35.944378" lon="120.20886">
				<ele>32.0</ele>
				<time>2021-02-21T10:06:34Z</time>
					<extensions>
						<ns3:TrackPointExtension>
						</ns3:TrackPointExtension>
					</extensions>
			</trkpt>
			<trkpt lat="35.944405" lon="120.20886">
				<ele>32.0</ele>
				<time>2021-02-21T10:06:35Z</time>
					<extensions>
						<ns3:TrackPointExtension>
						</ns3:TrackPointExtension>
					</extensions>
			</trkpt>
			<trkpt lat="35.94443" lon="120.20888">
				<ele>32.0</ele>
				<time>2021-02-21T10:06:36Z</time>
					<extensions>
						<ns3:TrackPointExtension>
						</ns3:TrackPointExtension>
					</extensions>
			</trkpt>
			<trkpt lat="35.944454" lon="120.208885">
				<ele>32.0</ele>
				<time>2021-02-21T10:06:37Z</time>
					<extensions>
						<ns3:TrackPointExtension>
						</ns3:TrackPointExtension>
					</extensions>
			</trkpt>
			<trkpt lat="35.944477" lon="120.20889">
				<ele>32.0</ele>
				<time>2021-02-21T10:06:38Z</time>
					<extensions>
						<ns3:TrackPointExtension>
						</ns3:TrackPointExtension>
					</extensions>
			</trkpt>
			<trkpt lat="35.944504" lon="120.20889">
				<ele>32.0</ele>
				<time>2021-02-21T10:06:39Z</time>
					<extensions>
						<ns3:TrackPointExtension>
						</ns3:TrackPointExtension>
					</extensions>
			</trkpt>
			<trkpt lat="35.944527" lon="120.20889">
				<ele>31.0</ele>
				<time>2021-02-21T10:06:40Z</time>
					<extensions>
						<ns3:TrackPointExtension>
						</ns3:TrackPointExtension>
					</extensions>
			</trkpt>
			<trkpt lat="35.944553" lon="120.20891">
				<ele>31.0</ele>
				<time>2021-02-21T10:06:41Z</time>
					<extensions>
						<ns3:TrackPointExtension>
						</ns3:TrackPointExtension>
					</extensions>
			</trkpt>
			<trkpt lat="35.944572" lon="120.20891">
				<ele>31.0</ele>
				<time>2021-02-21T10:06:42Z</time>
					<extensions>
						<ns3:TrackPointExtension>
						</ns3:TrackPointExtension>
					</extensions>
			</trkpt>
			<trkpt lat="35.944603" lon="120.20891">
				<ele>31.0</ele>
				<time>2021-02-21T10:06:43Z</time>
					<extensions>
						<ns3:TrackPointExtension>
						</ns3:TrackPointExtension>
					</extensions>
			</trkpt>
			<trkpt lat="35.944626" lon="120.20891">
				<ele>31.0</ele>
				<time>2021-02-21T10:06:44Z</time>
					<extensions>
						<ns3:TrackPointExtension>
						</ns3:TrackPointExtension>
					</extensions>
			</trkpt>
			<trkpt lat="35.944653" lon="120.20891">
				<ele>31.0</ele>
				<time>2021-02-21T10:06:45Z</time>
					<extensions>
						<ns3:TrackPointExtension>
						</ns3:TrackPointExtension>
					</extensions>
			</trkpt>
			<trkpt lat="35.94467" lon="120.208916">
				<ele>31.0</ele>
				<time>2021-02-21T10:06:46Z</time>
					<extensions>
						<ns3:TrackPointExtension>
						</ns3:TrackPointExtension>
					</extensions>
			</trkpt>
			<trkpt lat="35.9447" lon="120.20891">
				<ele>31.0</ele>
				<time>2021-02-21T10:06:47Z</time>
					<extensions>
						<ns3:TrackPointExtension>
						</ns3:TrackPointExtension>
					</extensions>
			</trkpt>
			<trkpt lat="35.94472" lon="120.20891">
				<ele>31.0</ele>
				<time>2021-02-21T10:06:48Z</time>
					<extensions>
						<ns3:TrackPointExtension>
						</ns3:TrackPointExtension>
					</extensions>
			</trkpt>
			<trkpt lat="35.944744" lon="120.20891">
				<ele>31.0</ele>
				<time>2021-02-21T10:06:49Z</time>
					<extensions>
						<ns3:TrackPointExtension>
						</ns3:TrackPointExtension>
					</extensions>
			</trkpt>
			<trkpt lat="35.944763" lon="120.20891">
				<ele>31.0</ele>
				<time>2021-02-21T10:06:50Z</time>
					<extensions>
						<ns3:TrackPointExtension>
						</ns3:TrackPointExtension>
					</extensions>
			</trkpt>
			<trkpt lat="35.94479" lon="120.20889">
				<ele>31.0</ele>
				<time>2021-02-21T10:06:51Z</time>
					<extensions>
						<ns3:TrackPointExtension>
						</ns3:TrackPointExtension>
					</extensions>
			</trkpt>
			<trkpt lat="35.944813" lon="120.20889">
				<ele>31.0</ele>
				<time>2021-02-21T10:06:52Z</time>
					<extensions>
						<ns3:TrackPointExtension>
						</ns3:TrackPointExtension>
					</extensions>
			</trkpt>
			<trkpt lat="35.944836" lon="120.208885">
				<ele>31.0</ele>
				<time>2021-02-21T10:06:53Z</time>
					<extensions>
						<ns3:TrackPointExtension>
						</ns3:TrackPointExtension>
					</extensions>
			</trkpt>
			<trkpt lat="35.94486" lon="120.208885">
				<ele>31.0</ele>
				<time>2021-02-21T10:06:54Z</time>
					<extensions>
						<ns3:TrackPointExtension>
						</ns3:TrackPointExtension>
					</extensions>
			</trkpt>
			<trkpt lat="35.944885" lon="120.20888">
				<ele>31.0</ele>
				<time>2021-02-21T10:06:55Z</time>
					<extensions>
						<ns3:TrackPointExtension>
						</ns3:TrackPointExtension>
					</extensions>
			</trkpt>
			<trkpt lat="35.94492" lon="120.20888">
				<ele>31.0</ele>
				<time>2021-02-21T10:06:56Z</time>
					<extensions>
						<ns3:TrackPointExtension>
						</ns3:TrackPointExtension>
					</extensions>
			</trkpt>
			<trkpt lat="35.94494" lon="120.20886">
				<ele>31.0</ele>
				<time>2021-02-21T10:06:57Z</time>
					<extensions>
						<ns3:TrackPointExtension>
						</ns3:TrackPointExtension>
					</extensions>
			</trkpt>
			<trkpt lat="35.94496" lon="120.208855">
				<ele>31.0</ele>
				<time>2021-02-21T10:06:58Z</time>
					<extensions>
						<ns3:TrackPointExtension>
						</ns3:TrackPointExtension>
					</extensions>
			</trkpt>
			<trkpt lat="35.944984" lon="120.20885">
				<ele>31.0</ele>
				<time>2021-02-21T10:06:59Z</time>
					<extensions>
						<ns3:TrackPointExtension>
						</ns3:TrackPointExtension>
					</extensions>
			</trkpt>
			<trkpt lat="35.945007" lon="120.20885">
				<ele>31.0</ele>
				<time>2021-02-21T10:07:00Z</time>
					<extensions>
						<ns3:TrackPointExtension>
						</ns3:TrackPointExtension>
					</extensions>
			</trkpt>
			<trkpt lat="35.945023" lon="120.20883">
				<ele>31.0</ele>
				<time>2021-02-21T10:07:01Z</time>
					<extensions>
						<ns3:TrackPointExtension>
						</ns3:TrackPointExtension>
					</extensions>
			</trkpt>
			<trkpt lat="35.945038" lon="120.208824">
				<ele>31.0</ele>
				<time>2021-02-21T10:07:02Z</time>
					<extensions>
						<ns3:TrackPointExtension>
						</ns3:TrackPointExtension>
					</extensions>
			</trkpt>
			<trkpt lat="35.945045" lon="120.208824">
				<ele>31.0</ele>
				<time>2021-02-21T10:07:03Z</time>
					<extensions>
						<ns3:TrackPointExtension>
						</ns3:TrackPointExtension>
					</extensions>
			</trkpt>
			<trkpt lat="35.94506" lon="120.20882">
				<ele>31.0</ele>
				<time>2021-02-21T10:07:04Z</time>
					<extensions>
						<ns3:TrackPointExtension>
						</ns3:TrackPointExtension>
					</extensions>
			</trkpt>
			<trkpt lat="35.945076" lon="120.2088">
				<ele>31.0</ele>
				<time>2021-02-21T10:07:05Z</time>
					<extensions>
						<ns3:TrackPointExtension>
						</ns3:TrackPointExtension>
					</extensions>
			</trkpt>
			<trkpt lat="35.945084" lon="120.2088">
				<ele>31.0</ele>
				<time>2021-02-21T10:07:06Z</time>
					<extensions>
						<ns3:TrackPointExtension>
						</ns3:TrackPointExtension>
					</extensions>
			</trkpt>
			<trkpt lat="35.945103" lon="120.20879">
				<ele>31.0</ele>
				<time>2021-02-21T10:07:07Z</time>
					<extensions>
						<ns3:TrackPointExtension>
						</ns3:TrackPointExtension>
					</extensions>
			</trkpt>
			<trkpt lat="35.94511" lon="120.20879">
				<ele>31.0</ele>
				<time>2021-02-21T10:07:08Z</time>
					<extensions>
						<ns3:TrackPointExtension>
						</ns3:TrackPointExtension>
					</extensions>
			</trkpt>
			<trkpt lat="35.945126" lon="120.208786">
				<ele>31.0</ele>
				<time>2021-02-21T10:07:09Z</time>
					<extensions>
						<ns3:TrackPointExtension>
						</ns3:TrackPointExtension>
					</extensions>
			</trkpt>
			<trkpt lat="35.945137" lon="120.208786">
				<ele>31.0</ele>
				<time>2021-02-21T10:07:10Z</time>
					<extensions>
						<ns3:TrackPointExtension>
						</ns3:TrackPointExtension>
					</extensions>
			</trkpt>
			<trkpt lat="35.94515" lon="120.20877">
				<ele>31.0</ele>
				<time>2021-02-21T10:07:11Z</time>
					<extensions>
						<ns3:TrackPointExtension>
						</ns3:TrackPointExtension>
					</extensions>
			</trkpt>
			<trkpt lat="35.945156" lon="120.20877">
				<ele>31.0</ele>
				<time>2021-02-21T10:07:12Z</time>
					<extensions>
						<ns3:TrackPointExtension>
						</ns3:TrackPointExtension>
					</extensions>
			</trkpt>
			<trkpt lat="35.94517" lon="120.20876">
				<ele>31.0</ele>
				<time>2021-02-21T10:07:13Z</time>
					<extensions>
						<ns3:TrackPointExtension>
						</ns3:TrackPointExtension>
					</extensions>
			</trkpt>
			<trkpt lat="35.945183" lon="120.20876">
				<ele>31.0</ele>
				<time>2021-02-21T10:07:14Z</time>
					<extensions>
						<ns3:TrackPointExtension>
						</ns3:TrackPointExtension>
					</extensions>
			</trkpt>
			<trkpt lat="35.945194" lon="120.20876">
				<ele>31.0</ele>
				<time>2021-02-21T10:07:15Z</time>
					<extensions>
						<ns3:TrackPointExtension>
						</ns3:TrackPointExtension>
					</extensions>
			</trkpt>
			<trkpt lat="35.94521" lon="120.20876">
				<ele>31.0</ele>
				<time>2021-02-21T10:07:16Z</time>
					<extensions>
						<ns3:TrackPointExtension>
						</ns3:TrackPointExtension>
					</extensions>
			</trkpt>
			<trkpt lat="35.945217" lon="120.20876">
				<ele>31.0</ele>
				<time>2021-02-21T10:07:17Z</time>
					<extensions>
						<ns3:TrackPointExtension>
						</ns3:TrackPointExtension>
					</extensions>
			</trkpt>
			<trkpt lat="35.94523" lon="120.208755">
				<ele>31.0</ele>
				<time>2021-02-21T10:07:18Z</time>
					<extensions>
						<ns3:TrackPointExtension>
						</ns3:TrackPointExtension>
					</extensions>
			</trkpt>
			<trkpt lat="35.945248" lon="120.208755">
				<ele>31.0</ele>
				<time>2021-02-21T10:07:19Z</time>
					<extensions>
						<ns3:TrackPointExtension>
						</ns3:TrackPointExtension>
					</extensions>
			</trkpt>
			<trkpt lat="35.945263" lon="120.208755">
				<ele>31.0</ele>
				<time>2021-02-21T10:07:20Z</time>
					<extensions>
						<ns3:TrackPointExtension>
						</ns3:TrackPointExtension>
					</extensions>
			</trkpt>
			<trkpt lat="35.94527" lon="120.208755">
				<ele>31.0</ele>
				<time>2021-02-21T10:07:21Z</time>
					<extensions>
						<ns3:TrackPointExtension>
						</ns3:TrackPointExtension>
					</extensions>
			</trkpt>
			<trkpt lat="35.945286" lon="120.208755">
				<ele>31.0</ele>
				<time>2021-02-21T10:07:22Z</time>
					<extensions>
						<ns3:TrackPointExtension>
						</ns3:TrackPointExtension>
					</extensions>
			</trkpt>
			<trkpt lat="35.945297" lon="120.20874">
				<ele>31.0</ele>
				<time>2021-02-21T10:07:23Z</time>
					<extensions>
						<ns3:TrackPointExtension>
						</ns3:TrackPointExtension>
					</extensions>
			</trkpt>
			<trkpt lat="35.945312" lon="120.20874">
				<ele>31.0</ele>
				<time>2021-02-21T10:07:24Z</time>
					<extensions>
						<ns3:TrackPointExtension>
						</ns3:TrackPointExtension>
					</extensions>
			</trkpt>
			<trkpt lat="35.945328" lon="120.20874">
				<ele>31.0</ele>
				<time>2021-02-21T10:07:25Z</time>
					<extensions>
						<ns3:TrackPointExtension>
						</ns3:TrackPointExtension>
					</extensions>
			</trkpt>
			<trkpt lat="35.945343" lon="120.20874">
				<ele>31.0</ele>
				<time>2021-02-21T10:07:26Z</time>
					<extensions>
						<ns3:TrackPointExtension>
						</ns3:TrackPointExtension>
					</extensions>
			</trkpt>
			<trkpt lat="35.94536" lon="120.20873">
				<ele>31.0</ele>
				<time>2021-02-21T10:07:27Z</time>
					<extensions>
						<ns3:TrackPointExtension>
						</ns3:TrackPointExtension>
					</extensions>
			</trkpt>
			<trkpt lat="35.94538" lon="120.20873">
				<ele>31.0</ele>
				<time>2021-02-21T10:07:28Z</time>
					<extensions>
						<ns3:TrackPointExtension>
						</ns3:TrackPointExtension>
					</extensions>
			</trkpt>
			<trkpt lat="35.945404" lon="120.20873">
				<ele>31.0</ele>
				<time>2021-02-21T10:07:29Z</time>
					<extensions>
						<ns3:TrackPointExtension>
						</ns3:TrackPointExtension>
					</extensions>
			</trkpt>
			<trkpt lat="35.94543" lon="120.208725">
				<ele>31.0</ele>
				<time>2021-02-21T10:07:30Z</time>
					<extensions>
						<ns3:TrackPointExtension>
						</ns3:TrackPointExtension>
					</extensions>
			</trkpt>
			<trkpt lat="35.945454" lon="120.208725">
				<ele>31.0</ele>
				<time>2021-02-21T10:07:31Z</time>
					<extensions>
						<ns3:TrackPointExtension>
						</ns3:TrackPointExtension>
					</extensions>
			</trkpt>
			<trkpt lat="35.945473" lon="120.208725">
				<ele>31.0</ele>
				<time>2021-02-21T10:07:32Z</time>
					<extensions>
						<ns3:TrackPointExtension>
						</ns3:TrackPointExtension>
					</extensions>
			</trkpt>
			<trkpt lat="35.945503" lon="120.20871">
				<ele>31.0</ele>
				<time>2021-02-21T10:07:33Z</time>
					<extensions>
						<ns3:TrackPointExtension>
						</ns3:TrackPointExtension>
					</extensions>
			</trkpt>
			<trkpt lat="35.945526" lon="120.20871">
				<ele>31.0</ele>
				<time>2021-02-21T10:07:34Z</time>
					<extensions>
						<ns3:TrackPointExtension>
						</ns3:TrackPointExtension>
					</extensions>
			</trkpt>
			<trkpt lat="35.945538" lon="120.20871">
				<ele>31.0</ele>
				<time>2021-02-21T10:07:35Z</time>
					<extensions>
						<ns3:TrackPointExtension>
						</ns3:TrackPointExtension>
					</extensions>
			</trkpt>
			<trkpt lat="35.945564" lon="120.20871">
				<ele>31.0</ele>
				<time>2021-02-21T10:07:36Z</time>
					<extensions>
						<ns3:TrackPointExtension>
						</ns3:TrackPointExtension>
					</extensions>
			</trkpt>
			<trkpt lat="35.94559" lon="120.2087">
				<ele>31.0</ele>
				<time>2021-02-21T10:07:37Z</time>
					<extensions>
						<ns3:TrackPointExtension>
						</ns3:TrackPointExtension>
					</extensions>
			</trkpt>
			<trkpt lat="35.945614" lon="120.2087">
				<ele>31.0</ele>
				<time>2021-02-21T10:07:38Z</time>
					<extensions>
						<ns3:TrackPointExtension>
						</ns3:TrackPointExtension>
					</extensions>
			</trkpt>
			<trkpt lat="35.945637" lon="120.208694">
				<ele>31.0</ele>
				<time>2021-02-21T10:07:39Z</time>
					<extensions>
						<ns3:TrackPointExtension>
						</ns3:TrackPointExtension>
					</extensions>
			</trkpt>
			<trkpt lat="35.94566" lon="120.208694">
				<ele>31.0</ele>
				<time>2021-02-21T10:07:40Z</time>
					<extensions>
						<ns3:TrackPointExtension>
						</ns3:TrackPointExtension>
					</extensions>
			</trkpt>
			<trkpt lat="35.94568" lon="120.208694">
				<ele>31.0</ele>
				<time>2021-02-21T10:07:41Z</time>
					<extensions>
						<ns3:TrackPointExtension>
						</ns3:TrackPointExtension>
					</extensions>
			</trkpt>
			<trkpt lat="35.94571" lon="120.20868">
				<ele>31.0</ele>
				<time>2021-02-21T10:07:42Z</time>
					<extensions>
						<ns3:TrackPointExtension>
						</ns3:TrackPointExtension>
					</extensions>
			</trkpt>
			<trkpt lat="35.945732" lon="120.20868">
				<ele>31.0</ele>
				<time>2021-02-21T10:07:43Z</time>
					<extensions>
						<ns3:TrackPointExtension>
						</ns3:TrackPointExtension>
					</extensions>
			</trkpt>
			<trkpt lat="35.94576" lon="120.20867">
				<ele>31.0</ele>
				<time>2021-02-21T10:07:44Z</time>
					<extensions>
						<ns3:TrackPointExtension>
						</ns3:TrackPointExtension>
					</extensions>
			</trkpt>
			<trkpt lat="35.945786" lon="120.20867">
				<ele>31.0</ele>
				<time>2021-02-21T10:07:45Z</time>
					<extensions>
						<ns3:TrackPointExtension>
						</ns3:TrackPointExtension>
					</extensions>
			</trkpt>
			<trkpt lat="35.94581" lon="120.20867">
				<ele>31.0</ele>
				<time>2021-02-21T10:07:46Z</time>
					<extensions>
						<ns3:TrackPointExtension>
						</ns3:TrackPointExtension>
					</extensions>
			</trkpt>
			<trkpt lat="35.94583" lon="120.20867">
				<ele>31.0</ele>
				<time>2021-02-21T10:07:47Z</time>
					<extensions>
						<ns3:TrackPointExtension>
						</ns3:TrackPointExtension>
					</extensions>
			</trkpt>
			<trkpt lat="35.945854" lon="120.208664">
				<ele>31.0</ele>
				<time>2021-02-21T10:07:48Z</time>
					<extensions>
						<ns3:TrackPointExtension>
						</ns3:TrackPointExtension>
					</extensions>
			</trkpt>
			<trkpt lat="35.945877" lon="120.208664">
				<ele>31.0</ele>
				<time>2021-02-21T10:07:49Z</time>
					<extensions>
						<ns3:TrackPointExtension>
						</ns3:TrackPointExtension>
					</extensions>
			</trkpt>
			<trkpt lat="35.945904" lon="120.208664">
				<ele>31.0</ele>
				<time>2021-02-21T10:07:50Z</time>
					<extensions>
						<ns3:TrackPointExtension>
						</ns3:TrackPointExtension>
					</extensions>
			</trkpt>
			<trkpt lat="35.945927" lon="120.20865">
				<ele>31.0</ele>
				<time>2021-02-21T10:07:51Z</time>
					<extensions>
						<ns3:TrackPointExtension>
						</ns3:TrackPointExtension>
					</extensions>
			</trkpt>
			<trkpt lat="35.94595" lon="120.20865">
				<ele>32.0</ele>
				<time>2021-02-21T10:07:52Z</time>
					<extensions>
						<ns3:TrackPointExtension>
						</ns3:TrackPointExtension>
					</extensions>
			</trkpt>
			<trkpt lat="35.945972" lon="120.20865">
				<ele>32.0</ele>
				<time>2021-02-21T10:07:53Z</time>
					<extensions>
						<ns3:TrackPointExtension>
						</ns3:TrackPointExtension>
					</extensions>
			</trkpt>
			<trkpt lat="35.945995" lon="120.20865">
				<ele>32.0</ele>
				<time>2021-02-21T10:07:54Z</time>
					<extensions>
						<ns3:TrackPointExtension>
						</ns3:TrackPointExtension>
					</extensions>
			</trkpt>
			<trkpt lat="35.94602" lon="120.20864">
				<ele>32.0</ele>
				<time>2021-02-21T10:07:55Z</time>
					<extensions>
						<ns3:TrackPointExtension>
						</ns3:TrackPointExtension>
					</extensions>
			</trkpt>
			<trkpt lat="35.94604" lon="120.20864">
				<ele>32.0</ele>
				<time>2021-02-21T10:07:56Z</time>
					<extensions>
						<ns3:TrackPointExtension>
						</ns3:TrackPointExtension>
					</extensions>
			</trkpt>
			<trkpt lat="35.946068" lon="120.20864">
				<ele>32.0</ele>
				<time>2021-02-21T10:07:57Z</time>
					<extensions>
						<ns3:TrackPointExtension>
						</ns3:TrackPointExtension>
					</extensions>
			</trkpt>
			<trkpt lat="35.94609" lon="120.20864">
				<ele>32.0</ele>
				<time>2021-02-21T10:07:58Z</time>
					<extensions>
						<ns3:TrackPointExtension>
						</ns3:TrackPointExtension>
					</extensions>
			</trkpt>
			<trkpt lat="35.946114" lon="120.20864">
				<ele>32.0</ele>
				<time>2021-02-21T10:07:59Z</time>
					<extensions>
						<ns3:TrackPointExtension>
						</ns3:TrackPointExtension>
					</extensions>
			</trkpt>
			<trkpt lat="35.946136" lon="120.20864">
				<ele>32.0</ele>
				<time>2021-02-21T10:08:00Z</time>
					<extensions>
						<ns3:TrackPointExtension>
						</ns3:TrackPointExtension>
					</extensions>
			</trkpt>
			<trkpt lat="35.946167" lon="120.20863">
				<ele>32.0</ele>
				<time>2021-02-21T10:08:01Z</time>
					<extensions>
						<ns3:TrackPointExtension>
						</ns3:TrackPointExtension>
					</extensions>
			</trkpt>
			<trkpt lat="35.946194" lon="120.20863">
				<ele>32.0</ele>
				<time>2021-02-21T10:08:02Z</time>
					<extensions>
						<ns3:TrackPointExtension>
						</ns3:TrackPointExtension>
					</extensions>
			</trkpt>
			<trkpt lat="35.94622" lon="120.20863">
				<ele>32.0</ele>
				<time>2021-02-21T10:08:03Z</time>
					<extensions>
						<ns3:TrackPointExtension>
						</ns3:TrackPointExtension>
					</extensions>
			</trkpt>
			<trkpt lat="35.94625" lon="120.20863">
				<ele>32.0</ele>
				<time>2021-02-21T10:08:04Z</time>
					<extensions>
						<ns3:TrackPointExtension>
						</ns3:TrackPointExtension>
					</extensions>
			</trkpt>
			<trkpt lat="35.946278" lon="120.20863">
				<ele>32.0</ele>
				<time>2021-02-21T10:08:05Z</time>
					<extensions>
						<ns3:TrackPointExtension>
						</ns3:TrackPointExtension>
					</extensions>
			</trkpt>
			<trkpt lat="35.9463" lon="120.20863">
				<ele>32.0</ele>
				<time>2021-02-21T10:08:06Z</time>
					<extensions>
						<ns3:TrackPointExtension>
						</ns3:TrackPointExtension>
					</extensions>
			</trkpt>
			<trkpt lat="35.946323" lon="120.20863">
				<ele>32.0</ele>
				<time>2021-02-21T10:08:07Z</time>
					<extensions>
						<ns3:TrackPointExtension>
						</ns3:TrackPointExtension>
					</extensions>
			</trkpt>
			<trkpt lat="35.946346" lon="120.20862">
				<ele>32.0</ele>
				<time>2021-02-21T10:08:08Z</time>
					<extensions>
						<ns3:TrackPointExtension>
						</ns3:TrackPointExtension>
					</extensions>
			</trkpt>
			<trkpt lat="35.94637" lon="120.20862">
				<ele>32.0</ele>
				<time>2021-02-21T10:08:09Z</time>
					<extensions>
						<ns3:TrackPointExtension>
						</ns3:TrackPointExtension>
					</extensions>
			</trkpt>
			<trkpt lat="35.9464" lon="120.20862">
				<ele>32.0</ele>
				<time>2021-02-21T10:08:10Z</time>
					<extensions>
						<ns3:TrackPointExtension>
						</ns3:TrackPointExtension>
					</extensions>
			</trkpt>
			<trkpt lat="35.946423" lon="120.20861">
				<ele>32.0</ele>
				<time>2021-02-21T10:08:11Z</time>
					<extensions>
						<ns3:TrackPointExtension>
						</ns3:TrackPointExtension>
					</extensions>
			</trkpt>
			<trkpt lat="35.946445" lon="120.20861">
				<ele>32.0</ele>
				<time>2021-02-21T10:08:12Z</time>
					<extensions>
						<ns3:TrackPointExtension>
						</ns3:TrackPointExtension>
					</extensions>
			</trkpt>
			<trkpt lat="35.946472" lon="120.20861">
				<ele>32.0</ele>
				<time>2021-02-21T10:08:13Z</time>
					<extensions>
						<ns3:TrackPointExtension>
						</ns3:TrackPointExtension>
					</extensions>
			</trkpt>
			<trkpt lat="35.946495" lon="120.20861">
				<ele>32.0</ele>
				<time>2021-02-21T10:08:14Z</time>
					<extensions>
						<ns3:TrackPointExtension>
						</ns3:TrackPointExtension>
					</extensions>
			</trkpt>
			<trkpt lat="35.946518" lon="120.208595">
				<ele>32.0</ele>
				<time>2021-02-21T10:08:15Z</time>
					<extensions>
						<ns3:TrackPointExtension>
						</ns3:TrackPointExtension>
					</extensions>
			</trkpt>
			<trkpt lat="35.94655" lon="120.208595">
				<ele>32.0</ele>
				<time>2021-02-21T10:08:16Z</time>
					<extensions>
						<ns3:TrackPointExtension>
						</ns3:TrackPointExtension>
					</extensions>
			</trkpt>
			<trkpt lat="35.94658" lon="120.20859">
				<ele>32.0</ele>
				<time>2021-02-21T10:08:17Z</time>
					<extensions>
						<ns3:TrackPointExtension>
						</ns3:TrackPointExtension>
					</extensions>
			</trkpt>
			<trkpt lat="35.946594" lon="120.20859">
				<ele>32.0</ele>
				<time>2021-02-21T10:08:18Z</time>
					<extensions>
						<ns3:TrackPointExtension>
						</ns3:TrackPointExtension>
					</extensions>
			</trkpt>
			<trkpt lat="35.946625" lon="120.20858">
				<ele>32.0</ele>
				<time>2021-02-21T10:08:19Z</time>
					<extensions>
						<ns3:TrackPointExtension>
						</ns3:TrackPointExtension>
					</extensions>
			</trkpt>
			<trkpt lat="35.946648" lon="120.20858">
				<ele>32.0</ele>
				<time>2021-02-21T10:08:20Z</time>
					<extensions>
						<ns3:TrackPointExtension>
						</ns3:TrackPointExtension>
					</extensions>
			</trkpt>
			<trkpt lat="35.94667" lon="120.20858">
				<ele>32.0</ele>
				<time>2021-02-21T10:08:21Z</time>
					<extensions>
						<ns3:TrackPointExtension>
						</ns3:TrackPointExtension>
					</extensions>
			</trkpt>
			<trkpt lat="35.946693" lon="120.208565">
				<ele>32.0</ele>
				<time>2021-02-21T10:08:22Z</time>
					<extensions>
						<ns3:TrackPointExtension>
						</ns3:TrackPointExtension>
					</extensions>
			</trkpt>
			<trkpt lat="35.94672" lon="120.208565">
				<ele>32.0</ele>
				<time>2021-02-21T10:08:23Z</time>
					<extensions>
						<ns3:TrackPointExtension>
						</ns3:TrackPointExtension>
					</extensions>
			</trkpt>
			<trkpt lat="35.946743" lon="120.208565">
				<ele>32.0</ele>
				<time>2021-02-21T10:08:24Z</time>
					<extensions>
						<ns3:TrackPointExtension>
						</ns3:TrackPointExtension>
					</extensions>
			</trkpt>
			<trkpt lat="35.946762" lon="120.20856">
				<ele>32.0</ele>
				<time>2021-02-21T10:08:25Z</time>
					<extensions>
						<ns3:TrackPointExtension>
						</ns3:TrackPointExtension>
					</extensions>
			</trkpt>
			<trkpt lat="35.94679" lon="120.20856">
				<ele>32.0</ele>
				<time>2021-02-21T10:08:26Z</time>
					<extensions>
						<ns3:TrackPointExtension>
						</ns3:TrackPointExtension>
					</extensions>
			</trkpt>
			<trkpt lat="35.946815" lon="120.20856">
				<ele>32.0</ele>
				<time>2021-02-21T10:08:27Z</time>
					<extensions>
						<ns3:TrackPointExtension>
						</ns3:TrackPointExtension>
					</extensions>
			</trkpt>
			<trkpt lat="35.94684" lon="120.20856">
				<ele>32.0</ele>
				<time>2021-02-21T10:08:28Z</time>
					<extensions>
						<ns3:TrackPointExtension>
						</ns3:TrackPointExtension>
					</extensions>
			</trkpt>
			<trkpt lat="35.94687" lon="120.20855">
				<ele>32.0</ele>
				<time>2021-02-21T10:08:29Z</time>
					<extensions>
						<ns3:TrackPointExtension>
						</ns3:TrackPointExtension>
					</extensions>
			</trkpt>
			<trkpt lat="35.94689" lon="120.20855">
				<ele>32.0</ele>
				<time>2021-02-21T10:08:30Z</time>
					<extensions>
						<ns3:TrackPointExtension>
						</ns3:TrackPointExtension>
					</extensions>
			</trkpt>
			<trkpt lat="35.946915" lon="120.208534">
				<ele>32.0</ele>
				<time>2021-02-21T10:08:31Z</time>
					<extensions>
						<ns3:TrackPointExtension>
						</ns3:TrackPointExtension>
					</extensions>
			</trkpt>
			<trkpt lat="35.946938" lon="120.208534">
				<ele>32.0</ele>
				<time>2021-02-21T10:08:32Z</time>
					<extensions>
						<ns3:TrackPointExtension>
						</ns3:TrackPointExtension>
					</extensions>
			</trkpt>
			<trkpt lat="35.946964" lon="120.208534">
				<ele>32.0</ele>
				<time>2021-02-21T10:08:33Z</time>
					<extensions>
						<ns3:TrackPointExtension>
						</ns3:TrackPointExtension>
					</extensions>
			</trkpt>
			<trkpt lat="35.946983" lon="120.208534">
				<ele>32.0</ele>
				<time>2021-02-21T10:08:34Z</time>
					<extensions>
						<ns3:TrackPointExtension>
						</ns3:TrackPointExtension>
					</extensions>
			</trkpt>
			<trkpt lat="35.947" lon="120.208534">
				<ele>32.0</ele>
				<time>2021-02-21T10:08:35Z</time>
					<extensions>
						<ns3:TrackPointExtension>
						</ns3:TrackPointExtension>
					</extensions>
			</trkpt>
			<trkpt lat="35.94702" lon="120.20853">
				<ele>32.0</ele>
				<time>2021-02-21T10:08:36Z</time>
					<extensions>
						<ns3:TrackPointExtension>
						</ns3:TrackPointExtension>
					</extensions>
			</trkpt>
			<trkpt lat="35.947033" lon="120.20853">
				<ele>32.0</ele>
				<time>2021-02-21T10:08:37Z</time>
					<extensions>
						<ns3:TrackPointExtension>
						</ns3:TrackPointExtension>
					</extensions>
			</trkpt>
			<trkpt lat="35.94704" lon="120.20853">
				<ele>32.0</ele>
				<time>2021-02-21T10:08:38Z</time>
					<extensions>
						<ns3:TrackPointExtension>
						</ns3:TrackPointExtension>
					</extensions>
			</trkpt>
			<trkpt lat="35.94704" lon="120.208466">
				<ele>32.0</ele>
				<time>2021-02-21T10:08:39Z</time>
					<extensions>
						<ns3:TrackPointExtension>
						</ns3:TrackPointExtension>
					</extensions>
			</trkpt>
			<trkpt lat="35.947044" lon="120.208435">
				<ele>32.0</ele>
				<time>2021-02-21T10:08:40Z</time>
					<extensions>
						<ns3:TrackPointExtension>
						</ns3:TrackPointExtension>
					</extensions>
			</trkpt>
			<trkpt lat="35.94704" lon="120.208405">
				<ele>32.0</ele>
				<time>2021-02-21T10:08:41Z</time>
					<extensions>
						<ns3:TrackPointExtension>
						</ns3:TrackPointExtension>
					</extensions>
			</trkpt>
			<trkpt lat="35.94704" lon="120.208374">
				<ele>32.0</ele>
				<time>2021-02-21T10:08:42Z</time>
					<extensions>
						<ns3:TrackPointExtension>
						</ns3:TrackPointExtension>
					</extensions>
			</trkpt>
			<trkpt lat="35.947033" lon="120.20834">
				<ele>32.0</ele>
				<time>2021-02-21T10:08:43Z</time>
					<extensions>
						<ns3:TrackPointExtension>
						</ns3:TrackPointExtension>
					</extensions>
			</trkpt>
			<trkpt lat="35.947033" lon="120.208305">
				<ele>32.0</ele>
				<time>2021-02-21T10:08:44Z</time>
					<extensions>
						<ns3:TrackPointExtension>
						</ns3:TrackPointExtension>
					</extensions>
			</trkpt>
			<trkpt lat="35.94702" lon="120.208275">
				<ele>32.0</ele>
				<time>2021-02-21T10:08:45Z</time>
					<extensions>
						<ns3:TrackPointExtension>
						</ns3:TrackPointExtension>
					</extensions>
			</trkpt>
			<trkpt lat="35.947018" lon="120.208244">
				<ele>32.0</ele>
				<time>2021-02-21T10:08:46Z</time>
					<extensions>
						<ns3:TrackPointExtension>
						</ns3:TrackPointExtension>
					</extensions>
			</trkpt>
			<trkpt lat="35.947014" lon="120.2082">
				<ele>32.0</ele>
				<time>2021-02-21T10:08:47Z</time>
					<extensions>
						<ns3:TrackPointExtension>
						</ns3:TrackPointExtension>
					</extensions>
			</trkpt>
			<trkpt lat="35.947006" lon="120.20817">
				<ele>32.0</ele>
				<time>2021-02-21T10:08:48Z</time>
					<extensions>
						<ns3:TrackPointExtension>
						</ns3:TrackPointExtension>
					</extensions>
			</trkpt>
			<trkpt lat="35.947" lon="120.20814">
				<ele>32.0</ele>
				<time>2021-02-21T10:08:49Z</time>
					<extensions>
						<ns3:TrackPointExtension>
						</ns3:TrackPointExtension>
					</extensions>
			</trkpt>
			<trkpt lat="35.946995" lon="120.20811">
				<ele>32.0</ele>
				<time>2021-02-21T10:08:50Z</time>
					<extensions>
						<ns3:TrackPointExtension>
						</ns3:TrackPointExtension>
					</extensions>
			</trkpt>
			<trkpt lat="35.946987" lon="120.20805">
				<ele>32.0</ele>
				<time>2021-02-21T10:08:51Z</time>
					<extensions>
						<ns3:TrackPointExtension>
						</ns3:TrackPointExtension>
					</extensions>
			</trkpt>
			<trkpt lat="35.946983" lon="120.20802">
				<ele>32.0</ele>
				<time>2021-02-21T10:08:52Z</time>
					<extensions>
						<ns3:TrackPointExtension>
						</ns3:TrackPointExtension>
					</extensions>
			</trkpt>
			<trkpt lat="35.94698" lon="120.20799">
				<ele>32.0</ele>
				<time>2021-02-21T10:08:53Z</time>
					<extensions>
						<ns3:TrackPointExtension>
						</ns3:TrackPointExtension>
					</extensions>
			</trkpt>
			<trkpt lat="35.94698" lon="120.20796">
				<ele>32.0</ele>
				<time>2021-02-21T10:08:54Z</time>
					<extensions>
						<ns3:TrackPointExtension>
						</ns3:TrackPointExtension>
					</extensions>
			</trkpt>
			<trkpt lat="35.946976" lon="120.20793">
				<ele>32.0</ele>
				<time>2021-02-21T10:08:55Z</time>
					<extensions>
						<ns3:TrackPointExtension>
						</ns3:TrackPointExtension>
					</extensions>
			</trkpt>
			<trkpt lat="35.946976" lon="120.20789">
				<ele>32.0</ele>
				<time>2021-02-21T10:08:56Z</time>
					<extensions>
						<ns3:TrackPointExtension>
						</ns3:TrackPointExtension>
					</extensions>
			</trkpt>
			<trkpt lat="35.946968" lon="120.20786">
				<ele>32.0</ele>
				<time>2021-02-21T10:08:57Z</time>
					<extensions>
						<ns3:TrackPointExtension>
						</ns3:TrackPointExtension>
					</extensions>
			</trkpt>
			<trkpt lat="35.946968" lon="120.20783">
				<ele>32.0</ele>
				<time>2021-02-21T10:08:58Z</time>
					<extensions>
						<ns3:TrackPointExtension>
						</ns3:TrackPointExtension>
					</extensions>
			</trkpt>
			<trkpt lat="35.94696" lon="120.20779">
				<ele>32.0</ele>
				<time>2021-02-21T10:08:59Z</time>
					<extensions>
						<ns3:TrackPointExtension>
						</ns3:TrackPointExtension>
					</extensions>
			</trkpt>
			<trkpt lat="35.94696" lon="120.20775">
				<ele>32.0</ele>
				<time>2021-02-21T10:09:00Z</time>
					<extensions>
						<ns3:TrackPointExtension>
						</ns3:TrackPointExtension>
					</extensions>
			</trkpt>
			<trkpt lat="35.946957" lon="120.20772">
				<ele>32.0</ele>
				<time>2021-02-21T10:09:01Z</time>
					<extensions>
						<ns3:TrackPointExtension>
						</ns3:TrackPointExtension>
					</extensions>
			</trkpt>
			<trkpt lat="35.946953" lon="120.20768">
				<ele>32.0</ele>
				<time>2021-02-21T10:09:02Z</time>
					<extensions>
						<ns3:TrackPointExtension>
						</ns3:TrackPointExtension>
					</extensions>
			</trkpt>
			<trkpt lat="35.946953" lon="120.20766">
				<ele>32.0</ele>
				<time>2021-02-21T10:09:03Z</time>
					<extensions>
						<ns3:TrackPointExtension>
						</ns3:TrackPointExtension>
					</extensions>
			</trkpt>
			<trkpt lat="35.94695" lon="120.20762">
				<ele>32.0</ele>
				<time>2021-02-21T10:09:04Z</time>
					<extensions>
						<ns3:TrackPointExtension>
						</ns3:TrackPointExtension>
					</extensions>
			</trkpt>
			<trkpt lat="35.946945" lon="120.20757">
				<ele>32.0</ele>
				<time>2021-02-21T10:09:05Z</time>
					<extensions>
						<ns3:TrackPointExtension>
						</ns3:TrackPointExtension>
					</extensions>
			</trkpt>
			<trkpt lat="35.946945" lon="120.20754">
				<ele>32.0</ele>
				<time>2021-02-21T10:09:06Z</time>
					<extensions>
						<ns3:TrackPointExtension>
						</ns3:TrackPointExtension>
					</extensions>
			</trkpt>
			<trkpt lat="35.94694" lon="120.20751">
				<ele>32.0</ele>
				<time>2021-02-21T10:09:07Z</time>
					<extensions>
						<ns3:TrackPointExtension>
						</ns3:TrackPointExtension>
					</extensions>
			</trkpt>
			<trkpt lat="35.94694" lon="120.2075">
				<ele>32.0</ele>
				<time>2021-02-21T10:09:08Z</time>
					<extensions>
						<ns3:TrackPointExtension>
						</ns3:TrackPointExtension>
					</extensions>
			</trkpt>
			<trkpt lat="35.946938" lon="120.20745">
				<ele>32.0</ele>
				<time>2021-02-21T10:09:09Z</time>
					<extensions>
						<ns3:TrackPointExtension>
						</ns3:TrackPointExtension>
					</extensions>
			</trkpt>
			<trkpt lat="35.946938" lon="120.20742">
				<ele>32.0</ele>
				<time>2021-02-21T10:09:10Z</time>
					<extensions>
						<ns3:TrackPointExtension>
						</ns3:TrackPointExtension>
					</extensions>
			</trkpt>
			<trkpt lat="35.946938" lon="120.20739">
				<ele>32.0</ele>
				<time>2021-02-21T10:09:11Z</time>
					<extensions>
						<ns3:TrackPointExtension>
						</ns3:TrackPointExtension>
					</extensions>
			</trkpt>
			<trkpt lat="35.946938" lon="120.20736">
				<ele>32.0</ele>
				<time>2021-02-21T10:09:12Z</time>
					<extensions>
						<ns3:TrackPointExtension>
						</ns3:TrackPointExtension>
					</extensions>
			</trkpt>
			<trkpt lat="35.946934" lon="120.20734">
				<ele>32.0</ele>
				<time>2021-02-21T10:09:13Z</time>
					<extensions>
						<ns3:TrackPointExtension>
						</ns3:TrackPointExtension>
					</extensions>
			</trkpt>
			<trkpt lat="35.94693" lon="120.20729">
				<ele>32.0</ele>
				<time>2021-02-21T10:09:14Z</time>
					<extensions>
						<ns3:TrackPointExtension>
						</ns3:TrackPointExtension>
					</extensions>
			</trkpt>
			<trkpt lat="35.94693" lon="120.20727">
				<ele>32.0</ele>
				<time>2021-02-21T10:09:15Z</time>
					<extensions>
						<ns3:TrackPointExtension>
						</ns3:TrackPointExtension>
					</extensions>
			</trkpt>
			<trkpt lat="35.946926" lon="120.20724">
				<ele>32.0</ele>
				<time>2021-02-21T10:09:16Z</time>
					<extensions>
						<ns3:TrackPointExtension>
						</ns3:TrackPointExtension>
					</extensions>
			</trkpt>
			<trkpt lat="35.946926" lon="120.20721">
				<ele>32.0</ele>
				<time>2021-02-21T10:09:17Z</time>
					<extensions>
						<ns3:TrackPointExtension>
						</ns3:TrackPointExtension>
					</extensions>
			</trkpt>
			<trkpt lat="35.946922" lon="120.20718">
				<ele>32.0</ele>
				<time>2021-02-21T10:09:18Z</time>
					<extensions>
						<ns3:TrackPointExtension>
						</ns3:TrackPointExtension>
					</extensions>
			</trkpt>
			<trkpt lat="35.946922" lon="120.207146">
				<ele>32.0</ele>
				<time>2021-02-21T10:09:19Z</time>
					<extensions>
						<ns3:TrackPointExtension>
						</ns3:TrackPointExtension>
					</extensions>
			</trkpt>
			<trkpt lat="35.946922" lon="120.207115">
				<ele>32.0</ele>
				<time>2021-02-21T10:09:20Z</time>
					<extensions>
						<ns3:TrackPointExtension>
						</ns3:TrackPointExtension>
					</extensions>
			</trkpt>
			<trkpt lat="35.946926" lon="120.207085">
				<ele>32.0</ele>
				<time>2021-02-21T10:09:21Z</time>
					<extensions>
						<ns3:TrackPointExtension>
						</ns3:TrackPointExtension>
					</extensions>
			</trkpt>
			<trkpt lat="35.946926" lon="120.207054">
				<ele>32.0</ele>
				<time>2021-02-21T10:09:22Z</time>
					<extensions>
						<ns3:TrackPointExtension>
						</ns3:TrackPointExtension>
					</extensions>
			</trkpt>
			<trkpt lat="35.94693" lon="120.20703">
				<ele>32.0</ele>
				<time>2021-02-21T10:09:23Z</time>
					<extensions>
						<ns3:TrackPointExtension>
						</ns3:TrackPointExtension>
					</extensions>
			</trkpt>
			<trkpt lat="35.946938" lon="120.207">
				<ele>32.0</ele>
				<time>2021-02-21T10:09:24Z</time>
					<extensions>
						<ns3:TrackPointExtension>
						</ns3:TrackPointExtension>
					</extensions>
			</trkpt>
			<trkpt lat="35.94694" lon="120.20698">
				<ele>32.0</ele>
				<time>2021-02-21T10:09:25Z</time>
					<extensions>
						<ns3:TrackPointExtension>
						</ns3:TrackPointExtension>
					</extensions>
			</trkpt>
			<trkpt lat="35.946945" lon="120.20696">
				<ele>32.0</ele>
				<time>2021-02-21T10:09:26Z</time>
					<extensions>
						<ns3:TrackPointExtension>
						</ns3:TrackPointExtension>
					</extensions>
			</trkpt>
			<trkpt lat="35.946953" lon="120.20692">
				<ele>32.0</ele>
				<time>2021-02-21T10:09:27Z</time>
					<extensions>
						<ns3:TrackPointExtension>
						</ns3:TrackPointExtension>
					</extensions>
			</trkpt>
			<trkpt lat="35.94696" lon="120.20689">
				<ele>32.0</ele>
				<time>2021-02-21T10:09:28Z</time>
					<extensions>
						<ns3:TrackPointExtension>
						</ns3:TrackPointExtension>
					</extensions>
			</trkpt>
			<trkpt lat="35.946968" lon="120.20687">
				<ele>32.0</ele>
				<time>2021-02-21T10:09:29Z</time>
					<extensions>
						<ns3:TrackPointExtension>
						</ns3:TrackPointExtension>
					</extensions>
			</trkpt>
			<trkpt lat="35.946976" lon="120.20685">
				<ele>32.0</ele>
				<time>2021-02-21T10:09:30Z</time>
					<extensions>
						<ns3:TrackPointExtension>
						</ns3:TrackPointExtension>
					</extensions>
			</trkpt>
			<trkpt lat="35.94698" lon="120.20682">
				<ele>33.0</ele>
				<time>2021-02-21T10:09:31Z</time>
					<extensions>
						<ns3:TrackPointExtension>
						</ns3:TrackPointExtension>
					</extensions>
			</trkpt>
			<trkpt lat="35.946987" lon="120.206795">
				<ele>33.0</ele>
				<time>2021-02-21T10:09:32Z</time>
					<extensions>
						<ns3:TrackPointExtension>
						</ns3:TrackPointExtension>
					</extensions>
			</trkpt>
			<trkpt lat="35.946995" lon="120.206764">
				<ele>33.0</ele>
				<time>2021-02-21T10:09:33Z</time>
					<extensions>
						<ns3:TrackPointExtension>
						</ns3:TrackPointExtension>
					</extensions>
			</trkpt>
			<trkpt lat="35.947002" lon="120.20673">
				<ele>33.0</ele>
				<time>2021-02-21T10:09:34Z</time>
					<extensions>
						<ns3:TrackPointExtension>
						</ns3:TrackPointExtension>
					</extensions>
			</trkpt>
			<trkpt lat="35.947014" lon="120.20672">
				<ele>33.0</ele>
				<time>2021-02-21T10:09:35Z</time>
					<extensions>
						<ns3:TrackPointExtension>
						</ns3:TrackPointExtension>
					</extensions>
			</trkpt>
			<trkpt lat="35.94703" lon="120.20667">
				<ele>33.0</ele>
				<time>2021-02-21T10:09:36Z</time>
					<extensions>
						<ns3:TrackPointExtension>
						</ns3:TrackPointExtension>
					</extensions>
			</trkpt>
			<trkpt lat="35.94704" lon="120.20665">
				<ele>33.0</ele>
				<time>2021-02-21T10:09:37Z</time>
					<extensions>
						<ns3:TrackPointExtension>
						</ns3:TrackPointExtension>
					</extensions>
			</trkpt>
			<trkpt lat="35.947052" lon="120.20662">
				<ele>33.0</ele>
				<time>2021-02-21T10:09:38Z</time>
					<extensions>
						<ns3:TrackPointExtension>
						</ns3:TrackPointExtension>
					</extensions>
			</trkpt>
			<trkpt lat="35.947067" lon="120.206604">
				<ele>33.0</ele>
				<time>2021-02-21T10:09:39Z</time>
					<extensions>
						<ns3:TrackPointExtension>
						</ns3:TrackPointExtension>
					</extensions>
			</trkpt>
			<trkpt lat="35.94708" lon="120.20658">
				<ele>33.0</ele>
				<time>2021-02-21T10:09:40Z</time>
					<extensions>
						<ns3:TrackPointExtension>
						</ns3:TrackPointExtension>
					</extensions>
			</trkpt>
			<trkpt lat="35.947094" lon="120.20655">
				<ele>33.0</ele>
				<time>2021-02-21T10:09:41Z</time>
					<extensions>
						<ns3:TrackPointExtension>
						</ns3:TrackPointExtension>
					</extensions>
			</trkpt>
			<trkpt lat="35.94711" lon="120.20653">
				<ele>33.0</ele>
				<time>2021-02-21T10:09:42Z</time>
					<extensions>
						<ns3:TrackPointExtension>
						</ns3:TrackPointExtension>
					</extensions>
			</trkpt>
			<trkpt lat="35.947124" lon="120.2065">
				<ele>33.0</ele>
				<time>2021-02-21T10:09:43Z</time>
					<extensions>
						<ns3:TrackPointExtension>
						</ns3:TrackPointExtension>
					</extensions>
			</trkpt>
			<trkpt lat="35.94714" lon="120.20647">
				<ele>33.0</ele>
				<time>2021-02-21T10:09:44Z</time>
					<extensions>
						<ns3:TrackPointExtension>
						</ns3:TrackPointExtension>
					</extensions>
			</trkpt>
			<trkpt lat="35.947155" lon="120.206436">
				<ele>33.0</ele>
				<time>2021-02-21T10:09:45Z</time>
					<extensions>
						<ns3:TrackPointExtension>
						</ns3:TrackPointExtension>
					</extensions>
			</trkpt>
			<trkpt lat="35.94717" lon="120.206406">
				<ele>33.0</ele>
				<time>2021-02-21T10:09:46Z</time>
					<extensions>
						<ns3:TrackPointExtension>
						</ns3:TrackPointExtension>
					</extensions>
			</trkpt>
			<trkpt lat="35.947186" lon="120.20639">
				<ele>33.0</ele>
				<time>2021-02-21T10:09:47Z</time>
					<extensions>
						<ns3:TrackPointExtension>
						</ns3:TrackPointExtension>
					</extensions>
			</trkpt>
			<trkpt lat="35.9472" lon="120.20637">
				<ele>33.0</ele>
				<time>2021-02-21T10:09:48Z</time>
					<extensions>
						<ns3:TrackPointExtension>
						</ns3:TrackPointExtension>
					</extensions>
			</trkpt>
			<trkpt lat="35.947216" lon="120.206345">
				<ele>33.0</ele>
				<time>2021-02-21T10:09:49Z</time>
					<extensions>
						<ns3:TrackPointExtension>
						</ns3:TrackPointExtension>
					</extensions>
			</trkpt>
			<trkpt lat="35.947235" lon="120.206314">
				<ele>33.0</ele>
				<time>2021-02-21T10:09:50Z</time>
					<extensions>
						<ns3:TrackPointExtension>
						</ns3:TrackPointExtension>
					</extensions>
			</trkpt>
			<trkpt lat="35.94725" lon="120.2063">
				<ele>33.0</ele>
				<time>2021-02-21T10:09:51Z</time>
					<extensions>
						<ns3:TrackPointExtension>
						</ns3:TrackPointExtension>
					</extensions>
			</trkpt>
			<trkpt lat="35.947266" lon="120.206276">
				<ele>33.0</ele>
				<time>2021-02-21T10:09:52Z</time>
					<extensions>
						<ns3:TrackPointExtension>
						</ns3:TrackPointExtension>
					</extensions>
			</trkpt>
			<trkpt lat="35.94728" lon="120.206245">
				<ele>33.0</ele>
				<time>2021-02-21T10:09:53Z</time>
					<extensions>
						<ns3:TrackPointExtension>
						</ns3:TrackPointExtension>
					</extensions>
			</trkpt>
			<trkpt lat="35.9473" lon="120.206215">
				<ele>33.0</ele>
				<time>2021-02-21T10:09:54Z</time>
					<extensions>
						<ns3:TrackPointExtension>
						</ns3:TrackPointExtension>
					</extensions>
			</trkpt>
			<trkpt lat="35.94732" lon="120.206184">
				<ele>33.0</ele>
				<time>2021-02-21T10:09:55Z</time>
					<extensions>
						<ns3:TrackPointExtension>
						</ns3:TrackPointExtension>
					</extensions>
			</trkpt>
			<trkpt lat="35.947334" lon="120.20616">
				<ele>33.0</ele>
				<time>2021-02-21T10:09:56Z</time>
					<extensions>
						<ns3:TrackPointExtension>
						</ns3:TrackPointExtension>
					</extensions>
			</trkpt>
			<trkpt lat="35.94735" lon="120.20613">
				<ele>33.0</ele>
				<time>2021-02-21T10:09:57Z</time>
					<extensions>
						<ns3:TrackPointExtension>
						</ns3:TrackPointExtension>
					</extensions>
			</trkpt>
			<trkpt lat="35.947365" lon="120.20611">
				<ele>33.0</ele>
				<time>2021-02-21T10:09:58Z</time>
					<extensions>
						<ns3:TrackPointExtension>
						</ns3:TrackPointExtension>
					</extensions>
			</trkpt>
			<trkpt lat="35.94738" lon="120.20608">
				<ele>33.0</ele>
				<time>2021-02-21T10:09:59Z</time>
					<extensions>
						<ns3:TrackPointExtension>
						</ns3:TrackPointExtension>
					</extensions>
			</trkpt>
			<trkpt lat="35.947395" lon="120.20605">
				<ele>33.0</ele>
				<time>2021-02-21T10:10:00Z</time>
					<extensions>
						<ns3:TrackPointExtension>
						</ns3:TrackPointExtension>
					</extensions>
			</trkpt>
			<trkpt lat="35.947414" lon="120.20602">
				<ele>33.0</ele>
				<time>2021-02-21T10:10:01Z</time>
					<extensions>
						<ns3:TrackPointExtension>
						</ns3:TrackPointExtension>
					</extensions>
			</trkpt>
			<trkpt lat="35.94743" lon="120.206">
				<ele>33.0</ele>
				<time>2021-02-21T10:10:02Z</time>
					<extensions>
						<ns3:TrackPointExtension>
						</ns3:TrackPointExtension>
					</extensions>
			</trkpt>
			<trkpt lat="35.947445" lon="120.20597">
				<ele>33.0</ele>
				<time>2021-02-21T10:10:03Z</time>
					<extensions>
						<ns3:TrackPointExtension>
						</ns3:TrackPointExtension>
					</extensions>
			</trkpt>
			<trkpt lat="35.94746" lon="120.20594">
				<ele>33.0</ele>
				<time>2021-02-21T10:10:04Z</time>
					<extensions>
						<ns3:TrackPointExtension>
						</ns3:TrackPointExtension>
					</extensions>
			</trkpt>
			<trkpt lat="35.947475" lon="120.20592">
				<ele>33.0</ele>
				<time>2021-02-21T10:10:05Z</time>
					<extensions>
						<ns3:TrackPointExtension>
						</ns3:TrackPointExtension>
					</extensions>
			</trkpt>
			<trkpt lat="35.947483" lon="120.20589">
				<ele>33.0</ele>
				<time>2021-02-21T10:10:06Z</time>
					<extensions>
						<ns3:TrackPointExtension>
						</ns3:TrackPointExtension>
					</extensions>
			</trkpt>
			<trkpt lat="35.94749" lon="120.20587">
				<ele>33.0</ele>
				<time>2021-02-21T10:10:07Z</time>
					<extensions>
						<ns3:TrackPointExtension>
						</ns3:TrackPointExtension>
					</extensions>
			</trkpt>
			<trkpt lat="35.947506" lon="120.20584">
				<ele>33.0</ele>
				<time>2021-02-21T10:10:08Z</time>
					<extensions>
						<ns3:TrackPointExtension>
						</ns3:TrackPointExtension>
					</extensions>
			</trkpt>
			<trkpt lat="35.947517" lon="120.205826">
				<ele>33.0</ele>
				<time>2021-02-21T10:10:09Z</time>
					<extensions>
						<ns3:TrackPointExtension>
						</ns3:TrackPointExtension>
					</extensions>
			</trkpt>
			<trkpt lat="35.94753" lon="120.205795">
				<ele>33.0</ele>
				<time>2021-02-21T10:10:10Z</time>
					<extensions>
						<ns3:TrackPointExtension>
						</ns3:TrackPointExtension>
					</extensions>
			</trkpt>
			<trkpt lat="35.94754" lon="120.205765">
				<ele>33.0</ele>
				<time>2021-02-21T10:10:11Z</time>
					<extensions>
						<ns3:TrackPointExtension>
						</ns3:TrackPointExtension>
					</extensions>
			</trkpt>
			<trkpt lat="35.94755" lon="120.20574">
				<ele>33.0</ele>
				<time>2021-02-21T10:10:12Z</time>
					<extensions>
						<ns3:TrackPointExtension>
						</ns3:TrackPointExtension>
					</extensions>
			</trkpt>
			<trkpt lat="35.947563" lon="120.20571">
				<ele>33.0</ele>
				<time>2021-02-21T10:10:13Z</time>
					<extensions>
						<ns3:TrackPointExtension>
						</ns3:TrackPointExtension>
					</extensions>
			</trkpt>
			<trkpt lat="35.947575" lon="120.20568">
				<ele>33.0</ele>
				<time>2021-02-21T10:10:14Z</time>
					<extensions>
						<ns3:TrackPointExtension>
						</ns3:TrackPointExtension>
					</extensions>
			</trkpt>
			<trkpt lat="35.94759" lon="120.20565">
				<ele>33.0</ele>
				<time>2021-02-21T10:10:15Z</time>
					<extensions>
						<ns3:TrackPointExtension>
						</ns3:TrackPointExtension>
					</extensions>
			</trkpt>
			<trkpt lat="35.9476" lon="120.20562">
				<ele>33.0</ele>
				<time>2021-02-21T10:10:16Z</time>
					<extensions>
						<ns3:TrackPointExtension>
						</ns3:TrackPointExtension>
					</extensions>
			</trkpt>
			<trkpt lat="35.947613" lon="120.2056">
				<ele>33.0</ele>
				<time>2021-02-21T10:10:17Z</time>
					<extensions>
						<ns3:TrackPointExtension>
						</ns3:TrackPointExtension>
					</extensions>
			</trkpt>
			<trkpt lat="35.947624" lon="120.20557">
				<ele>33.0</ele>
				<time>2021-02-21T10:10:18Z</time>
					<extensions>
						<ns3:TrackPointExtension>
						</ns3:TrackPointExtension>
					</extensions>
			</trkpt>
			<trkpt lat="35.94763" lon="120.205536">
				<ele>33.0</ele>
				<time>2021-02-21T10:10:19Z</time>
					<extensions>
						<ns3:TrackPointExtension>
						</ns3:TrackPointExtension>
					</extensions>
			</trkpt>
			<trkpt lat="35.947647" lon="120.20551">
				<ele>33.0</ele>
				<time>2021-02-21T10:10:20Z</time>
					<extensions>
						<ns3:TrackPointExtension>
						</ns3:TrackPointExtension>
					</extensions>
			</trkpt>
			<trkpt lat="35.947655" lon="120.2055">
				<ele>33.0</ele>
				<time>2021-02-21T10:10:21Z</time>
					<extensions>
						<ns3:TrackPointExtension>
						</ns3:TrackPointExtension>
					</extensions>
			</trkpt>
			<trkpt lat="35.947662" lon="120.20547">
				<ele>33.0</ele>
				<time>2021-02-21T10:10:22Z</time>
					<extensions>
						<ns3:TrackPointExtension>
						</ns3:TrackPointExtension>
					</extensions>
			</trkpt>
			<trkpt lat="35.947678" lon="120.20544">
				<ele>33.0</ele>
				<time>2021-02-21T10:10:23Z</time>
					<extensions>
						<ns3:TrackPointExtension>
						</ns3:TrackPointExtension>
					</extensions>
			</trkpt>
			<trkpt lat="35.94769" lon="120.20541">
				<ele>33.0</ele>
				<time>2021-02-21T10:10:24Z</time>
					<extensions>
						<ns3:TrackPointExtension>
						</ns3:TrackPointExtension>
					</extensions>
			</trkpt>
			<trkpt lat="35.9477" lon="120.205376">
				<ele>33.0</ele>
				<time>2021-02-21T10:10:25Z</time>
					<extensions>
						<ns3:TrackPointExtension>
						</ns3:TrackPointExtension>
					</extensions>
			</trkpt>
			<trkpt lat="35.94771" lon="120.20535">
				<ele>33.0</ele>
				<time>2021-02-21T10:10:26Z</time>
					<extensions>
						<ns3:TrackPointExtension>
						</ns3:TrackPointExtension>
					</extensions>
			</trkpt>
			<trkpt lat="35.947716" lon="120.20532">
				<ele>33.0</ele>
				<time>2021-02-21T10:10:27Z</time>
					<extensions>
						<ns3:TrackPointExtension>
						</ns3:TrackPointExtension>
					</extensions>
			</trkpt>
			<trkpt lat="35.94773" lon="120.20529">
				<ele>33.0</ele>
				<time>2021-02-21T10:10:28Z</time>
					<extensions>
						<ns3:TrackPointExtension>
						</ns3:TrackPointExtension>
					</extensions>
			</trkpt>
			<trkpt lat="35.94774" lon="120.20527">
				<ele>33.0</ele>
				<time>2021-02-21T10:10:29Z</time>
					<extensions>
						<ns3:TrackPointExtension>
						</ns3:TrackPointExtension>
					</extensions>
			</trkpt>
			<trkpt lat="35.947746" lon="120.20525">
				<ele>33.0</ele>
				<time>2021-02-21T10:10:30Z</time>
					<extensions>
						<ns3:TrackPointExtension>
						</ns3:TrackPointExtension>
					</extensions>
			</trkpt>
			<trkpt lat="35.947754" lon="120.20522">
				<ele>33.0</ele>
				<time>2021-02-21T10:10:31Z</time>
					<extensions>
						<ns3:TrackPointExtension>
						</ns3:TrackPointExtension>
					</extensions>
			</trkpt>
			<trkpt lat="35.94777" lon="120.20519">
				<ele>33.0</ele>
				<time>2021-02-21T10:10:32Z</time>
					<extensions>
						<ns3:TrackPointExtension>
						</ns3:TrackPointExtension>
					</extensions>
			</trkpt>
			<trkpt lat="35.947777" lon="120.20517">
				<ele>33.0</ele>
				<time>2021-02-21T10:10:33Z</time>
					<extensions>
						<ns3:TrackPointExtension>
						</ns3:TrackPointExtension>
					</extensions>
			</trkpt>
			<trkpt lat="35.947784" lon="120.20515">
				<ele>33.0</ele>
				<time>2021-02-21T10:10:34Z</time>
					<extensions>
						<ns3:TrackPointExtension>
						</ns3:TrackPointExtension>
					</extensions>
			</trkpt>
			<trkpt lat="35.947792" lon="120.20512">
				<ele>33.0</ele>
				<time>2021-02-21T10:10:35Z</time>
					<extensions>
						<ns3:TrackPointExtension>
						</ns3:TrackPointExtension>
					</extensions>
			</trkpt>
			<trkpt lat="35.947807" lon="120.205086">
				<ele>33.0</ele>
				<time>2021-02-21T10:10:36Z</time>
					<extensions>
						<ns3:TrackPointExtension>
						</ns3:TrackPointExtension>
					</extensions>
			</trkpt>
			<trkpt lat="35.947815" lon="120.20506">
				<ele>33.0</ele>
				<time>2021-02-21T10:10:37Z</time>
					<extensions>
						<ns3:TrackPointExtension>
						</ns3:TrackPointExtension>
					</extensions>
			</trkpt>
			<trkpt lat="35.947826" lon="120.205025">
				<ele>33.0</ele>
				<time>2021-02-21T10:10:38Z</time>
					<extensions>
						<ns3:TrackPointExtension>
						</ns3:TrackPointExtension>
					</extensions>
			</trkpt>
			<trkpt lat="35.947834" lon="120.205">
				<ele>33.0</ele>
				<time>2021-02-21T10:10:39Z</time>
					<extensions>
						<ns3:TrackPointExtension>
						</ns3:TrackPointExtension>
					</extensions>
			</trkpt>
			<trkpt lat="35.94784" lon="120.20497">
				<ele>33.0</ele>
				<time>2021-02-21T10:10:40Z</time>
					<extensions>
						<ns3:TrackPointExtension>
						</ns3:TrackPointExtension>
					</extensions>
			</trkpt>
			<trkpt lat="35.94785" lon="120.20494">
				<ele>33.0</ele>
				<time>2021-02-21T10:10:41Z</time>
					<extensions>
						<ns3:TrackPointExtension>
						</ns3:TrackPointExtension>
					</extensions>
			</trkpt>
			<trkpt lat="35.947857" lon="120.20491">
				<ele>33.0</ele>
				<time>2021-02-21T10:10:42Z</time>
					<extensions>
						<ns3:TrackPointExtension>
						</ns3:TrackPointExtension>
					</extensions>
			</trkpt>
			<trkpt lat="35.94787" lon="120.20488">
				<ele>33.0</ele>
				<time>2021-02-21T10:10:43Z</time>
					<extensions>
						<ns3:TrackPointExtension>
						</ns3:TrackPointExtension>
					</extensions>
			</trkpt>
			<trkpt lat="35.947876" lon="120.204865">
				<ele>33.0</ele>
				<time>2021-02-21T10:10:44Z</time>
					<extensions>
						<ns3:TrackPointExtension>
						</ns3:TrackPointExtension>
					</extensions>
			</trkpt>
			<trkpt lat="35.947887" lon="120.204834">
				<ele>33.0</ele>
				<time>2021-02-21T10:10:45Z</time>
					<extensions>
						<ns3:TrackPointExtension>
						</ns3:TrackPointExtension>
					</extensions>
			</trkpt>
			<trkpt lat="35.947895" lon="120.20479">
				<ele>33.0</ele>
				<time>2021-02-21T10:10:46Z</time>
					<extensions>
						<ns3:TrackPointExtension>
						</ns3:TrackPointExtension>
					</extensions>
			</trkpt>
			<trkpt lat="35.947903" lon="120.20476">
				<ele>33.0</ele>
				<time>2021-02-21T10:10:47Z</time>
					<extensions>
						<ns3:TrackPointExtension>
						</ns3:TrackPointExtension>
					</extensions>
			</trkpt>
			<trkpt lat="35.94791" lon="120.20473">
				<ele>33.0</ele>
				<time>2021-02-21T10:10:48Z</time>
					<extensions>
						<ns3:TrackPointExtension>
						</ns3:TrackPointExtension>
					</extensions>
			</trkpt>
			<trkpt lat="35.947918" lon="120.204704">
				<ele>33.0</ele>
				<time>2021-02-21T10:10:49Z</time>
					<extensions>
						<ns3:TrackPointExtension>
						</ns3:TrackPointExtension>
					</extensions>
			</trkpt>
			<trkpt lat="35.947926" lon="120.204666">
				<ele>33.0</ele>
				<time>2021-02-21T10:10:50Z</time>
					<extensions>
						<ns3:TrackPointExtension>
						</ns3:TrackPointExtension>
					</extensions>
			</trkpt>
			<trkpt lat="35.94793" lon="120.204636">
				<ele>33.0</ele>
				<time>2021-02-21T10:10:51Z</time>
					<extensions>
						<ns3:TrackPointExtension>
						</ns3:TrackPointExtension>
					</extensions>
			</trkpt>
			<trkpt lat="35.947933" lon="120.204605">
				<ele>33.0</ele>
				<time>2021-02-21T10:10:52Z</time>
					<extensions>
						<ns3:TrackPointExtension>
						</ns3:TrackPointExtension>
					</extensions>
			</trkpt>
			<trkpt lat="35.947937" lon="120.20458">
				<ele>33.0</ele>
				<time>2021-02-21T10:10:53Z</time>
					<extensions>
						<ns3:TrackPointExtension>
						</ns3:TrackPointExtension>
					</extensions>
			</trkpt>
			<trkpt lat="35.94794" lon="120.20455">
				<ele>33.0</ele>
				<time>2021-02-21T10:10:54Z</time>
					<extensions>
						<ns3:TrackPointExtension>
						</ns3:TrackPointExtension>
					</extensions>
			</trkpt>
			<trkpt lat="35.94794" lon="120.20452">
				<ele>33.0</ele>
				<time>2021-02-21T10:10:55Z</time>
					<extensions>
						<ns3:TrackPointExtension>
						</ns3:TrackPointExtension>
					</extensions>
			</trkpt>
			<trkpt lat="35.947945" lon="120.20449">
				<ele>33.0</ele>
				<time>2021-02-21T10:10:56Z</time>
					<extensions>
						<ns3:TrackPointExtension>
						</ns3:TrackPointExtension>
					</extensions>
			</trkpt>
			<trkpt lat="35.94795" lon="120.20445">
				<ele>33.0</ele>
				<time>2021-02-21T10:10:57Z</time>
					<extensions>
						<ns3:TrackPointExtension>
						</ns3:TrackPointExtension>
					</extensions>
			</trkpt>
			<trkpt lat="35.94795" lon="120.20443">
				<ele>33.0</ele>
				<time>2021-02-21T10:10:58Z</time>
					<extensions>
						<ns3:TrackPointExtension>
						</ns3:TrackPointExtension>
					</extensions>
			</trkpt>
			<trkpt lat="35.94795" lon="120.2044">
				<ele>33.0</ele>
				<time>2021-02-21T10:10:59Z</time>
					<extensions>
						<ns3:TrackPointExtension>
						</ns3:TrackPointExtension>
					</extensions>
			</trkpt>
			<trkpt lat="35.94795" lon="120.20437">
				<ele>33.0</ele>
				<time>2021-02-21T10:11:00Z</time>
					<extensions>
						<ns3:TrackPointExtension>
						</ns3:TrackPointExtension>
					</extensions>
			</trkpt>
			<trkpt lat="35.947952" lon="120.20434">
				<ele>33.0</ele>
				<time>2021-02-21T10:11:01Z</time>
					<extensions>
						<ns3:TrackPointExtension>
						</ns3:TrackPointExtension>
					</extensions>
			</trkpt>
			<trkpt lat="35.94795" lon="120.20431">
				<ele>33.0</ele>
				<time>2021-02-21T10:11:02Z</time>
					<extensions>
						<ns3:TrackPointExtension>
						</ns3:TrackPointExtension>
					</extensions>
			</trkpt>
			<trkpt lat="35.947945" lon="120.204285">
				<ele>33.0</ele>
				<time>2021-02-21T10:11:03Z</time>
					<extensions>
						<ns3:TrackPointExtension>
						</ns3:TrackPointExtension>
					</extensions>
			</trkpt>
			<trkpt lat="35.94794" lon="120.20427">
				<ele>33.0</ele>
				<time>2021-02-21T10:11:04Z</time>
					<extensions>
						<ns3:TrackPointExtension>
						</ns3:TrackPointExtension>
					</extensions>
			</trkpt>
			<trkpt lat="35.94794" lon="120.20424">
				<ele>33.0</ele>
				<time>2021-02-21T10:11:05Z</time>
					<extensions>
						<ns3:TrackPointExtension>
						</ns3:TrackPointExtension>
					</extensions>
			</trkpt>
			<trkpt lat="35.947933" lon="120.20422">
				<ele>33.0</ele>
				<time>2021-02-21T10:11:06Z</time>
					<extensions>
						<ns3:TrackPointExtension>
						</ns3:TrackPointExtension>
					</extensions>
			</trkpt>
			<trkpt lat="35.94793" lon="120.204216">
				<ele>33.0</ele>
				<time>2021-02-21T10:11:07Z</time>
					<extensions>
						<ns3:TrackPointExtension>
						</ns3:TrackPointExtension>
					</extensions>
			</trkpt>
			<trkpt lat="35.947926" lon="120.20419">
				<ele>33.0</ele>
				<time>2021-02-21T10:11:08Z</time>
					<extensions>
						<ns3:TrackPointExtension>
						</ns3:TrackPointExtension>
					</extensions>
			</trkpt>
			<trkpt lat="35.94792" lon="120.204185">
				<ele>33.0</ele>
				<time>2021-02-21T10:11:09Z</time>
					<extensions>
						<ns3:TrackPointExtension>
						</ns3:TrackPointExtension>
					</extensions>
			</trkpt>
			<trkpt lat="35.947884" lon="120.20419">
				<ele>33.0</ele>
				<time>2021-02-21T10:11:10Z</time>
					<extensions>
						<ns3:TrackPointExtension>
						</ns3:TrackPointExtension>
					</extensions>
			</trkpt>
			<trkpt lat="35.947895" lon="120.20419">
				<ele>33.0</ele>
				<time>2021-02-21T10:11:11Z</time>
					<extensions>
						<ns3:TrackPointExtension>
						</ns3:TrackPointExtension>
					</extensions>
			</trkpt>
			<trkpt lat="35.947903" lon="120.20421">
				<ele>33.0</ele>
				<time>2021-02-21T10:11:12Z</time>
					<extensions>
						<ns3:TrackPointExtension>
						</ns3:TrackPointExtension>
					</extensions>
			</trkpt>
			<trkpt lat="35.94791" lon="120.20421">
				<ele>33.0</ele>
				<time>2021-02-21T10:11:13Z</time>
					<extensions>
						<ns3:TrackPointExtension>
						</ns3:TrackPointExtension>
					</extensions>
			</trkpt>
			<trkpt lat="35.947926" lon="120.204216">
				<ele>33.0</ele>
				<time>2021-02-21T10:11:14Z</time>
					<extensions>
						<ns3:TrackPointExtension>
						</ns3:TrackPointExtension>
					</extensions>
			</trkpt>
			<trkpt lat="35.947933" lon="120.20422">
				<ele>33.0</ele>
				<time>2021-02-21T10:11:15Z</time>
					<extensions>
						<ns3:TrackPointExtension>
						</ns3:TrackPointExtension>
					</extensions>
			</trkpt>
			<trkpt lat="35.94794" lon="120.20424">
				<ele>33.0</ele>
				<time>2021-02-21T10:11:16Z</time>
					<extensions>
						<ns3:TrackPointExtension>
						</ns3:TrackPointExtension>
					</extensions>
			</trkpt>
			<trkpt lat="35.94795" lon="120.20425">
				<ele>33.0</ele>
				<time>2021-02-21T10:11:17Z</time>
					<extensions>
						<ns3:TrackPointExtension>
						</ns3:TrackPointExtension>
					</extensions>
			</trkpt>
			<trkpt lat="35.94796" lon="120.204254">
				<ele>33.0</ele>
				<time>2021-02-21T10:11:18Z</time>
					<extensions>
						<ns3:TrackPointExtension>
						</ns3:TrackPointExtension>
					</extensions>
			</trkpt>
			<trkpt lat="35.94797" lon="120.20427">
				<ele>33.0</ele>
				<time>2021-02-21T10:11:19Z</time>
					<extensions>
						<ns3:TrackPointExtension>
						</ns3:TrackPointExtension>
					</extensions>
			</trkpt>
			<trkpt lat="35.94798" lon="120.20428">
				<ele>33.0</ele>
				<time>2021-02-21T10:11:20Z</time>
					<extensions>
						<ns3:TrackPointExtension>
						</ns3:TrackPointExtension>
					</extensions>
			</trkpt>
			<trkpt lat="35.947987" lon="120.204285">
				<ele>33.0</ele>
				<time>2021-02-21T10:11:21Z</time>
					<extensions>
						<ns3:TrackPointExtension>
						</ns3:TrackPointExtension>
					</extensions>
			</trkpt>
			<trkpt lat="35.948006" lon="120.2043">
				<ele>33.0</ele>
				<time>2021-02-21T10:11:22Z</time>
					<extensions>
						<ns3:TrackPointExtension>
						</ns3:TrackPointExtension>
					</extensions>
			</trkpt>
			<trkpt lat="35.948017" lon="120.204315">
				<ele>33.0</ele>
				<time>2021-02-21T10:11:23Z</time>
					<extensions>
						<ns3:TrackPointExtension>
						</ns3:TrackPointExtension>
					</extensions>
			</trkpt>
			<trkpt lat="35.948032" lon="120.20433">
				<ele>33.0</ele>
				<time>2021-02-21T10:11:24Z</time>
					<extensions>
						<ns3:TrackPointExtension>
						</ns3:TrackPointExtension>
					</extensions>
			</trkpt>
			<trkpt lat="35.948048" lon="120.204346">
				<ele>33.0</ele>
				<time>2021-02-21T10:11:25Z</time>
					<extensions>
						<ns3:TrackPointExtension>
						</ns3:TrackPointExtension>
					</extensions>
			</trkpt>
			<trkpt lat="35.948063" lon="120.20436">
				<ele>33.0</ele>
				<time>2021-02-21T10:11:26Z</time>
					<extensions>
						<ns3:TrackPointExtension>
						</ns3:TrackPointExtension>
					</extensions>
			</trkpt>
			<trkpt lat="35.948082" lon="120.204384">
				<ele>33.0</ele>
				<time>2021-02-21T10:11:27Z</time>
					<extensions>
						<ns3:TrackPointExtension>
						</ns3:TrackPointExtension>
					</extensions>
			</trkpt>
			<trkpt lat="35.948097" lon="120.2044">
				<ele>33.0</ele>
				<time>2021-02-21T10:11:28Z</time>
					<extensions>
						<ns3:TrackPointExtension>
						</ns3:TrackPointExtension>
					</extensions>
			</trkpt>
			<trkpt lat="35.948116" lon="120.20442">
				<ele>33.0</ele>
				<time>2021-02-21T10:11:29Z</time>
					<extensions>
						<ns3:TrackPointExtension>
						</ns3:TrackPointExtension>
					</extensions>
			</trkpt>
			<trkpt lat="35.948143" lon="120.204445">
				<ele>33.0</ele>
				<time>2021-02-21T10:11:30Z</time>
					<extensions>
						<ns3:TrackPointExtension>
						</ns3:TrackPointExtension>
					</extensions>
			</trkpt>
			<trkpt lat="35.94816" lon="120.20445">
				<ele>33.0</ele>
				<time>2021-02-21T10:11:31Z</time>
					<extensions>
						<ns3:TrackPointExtension>
						</ns3:TrackPointExtension>
					</extensions>
			</trkpt>
			<trkpt lat="35.948174" lon="120.204475">
				<ele>33.0</ele>
				<time>2021-02-21T10:11:32Z</time>
					<extensions>
						<ns3:TrackPointExtension>
						</ns3:TrackPointExtension>
					</extensions>
			</trkpt>
			<trkpt lat="35.948193" lon="120.20448">
				<ele>33.0</ele>
				<time>2021-02-21T10:11:33Z</time>
					<extensions>
						<ns3:TrackPointExtension>
						</ns3:TrackPointExtension>
					</extensions>
			</trkpt>
			<trkpt lat="35.948208" lon="120.204506">
				<ele>33.0</ele>
				<time>2021-02-21T10:11:34Z</time>
					<extensions>
						<ns3:TrackPointExtension>
						</ns3:TrackPointExtension>
					</extensions>
			</trkpt>
			<trkpt lat="35.94822" lon="120.20451">
				<ele>33.0</ele>
				<time>2021-02-21T10:11:35Z</time>
					<extensions>
						<ns3:TrackPointExtension>
						</ns3:TrackPointExtension>
					</extensions>
			</trkpt>
			<trkpt lat="35.948246" lon="120.204544">
				<ele>33.0</ele>
				<time>2021-02-21T10:11:36Z</time>
					<extensions>
						<ns3:TrackPointExtension>
						</ns3:TrackPointExtension>
					</extensions>
			</trkpt>
			<trkpt lat="35.94826" lon="120.20457">
				<ele>33.0</ele>
				<time>2021-02-21T10:11:37Z</time>
					<extensions>
						<ns3:TrackPointExtension>
						</ns3:TrackPointExtension>
					</extensions>
			</trkpt>
			<trkpt lat="35.948277" lon="120.204575">
				<ele>33.0</ele>
				<time>2021-02-21T10:11:38Z</time>
					<extensions>
						<ns3:TrackPointExtension>
						</ns3:TrackPointExtension>
					</extensions>
			</trkpt>
			<trkpt lat="35.9483" lon="120.2046">
				<ele>33.0</ele>
				<time>2021-02-21T10:11:39Z</time>
					<extensions>
						<ns3:TrackPointExtension>
						</ns3:TrackPointExtension>
					</extensions>
			</trkpt>
			<trkpt lat="35.948322" lon="120.20461">
				<ele>33.0</ele>
				<time>2021-02-21T10:11:40Z</time>
					<extensions>
						<ns3:TrackPointExtension>
						</ns3:TrackPointExtension>
					</extensions>
			</trkpt>
			<trkpt lat="35.948338" lon="120.204636">
				<ele>33.0</ele>
				<time>2021-02-21T10:11:41Z</time>
					<extensions>
						<ns3:TrackPointExtension>
						</ns3:TrackPointExtension>
					</extensions>
			</trkpt>
			<trkpt lat="35.948357" lon="120.20466">
				<ele>33.0</ele>
				<time>2021-02-21T10:11:42Z</time>
					<extensions>
						<ns3:TrackPointExtension>
						</ns3:TrackPointExtension>
					</extensions>
			</trkpt>
			<trkpt lat="35.948376" lon="120.20467">
				<ele>33.0</ele>
				<time>2021-02-21T10:11:43Z</time>
					<extensions>
						<ns3:TrackPointExtension>
						</ns3:TrackPointExtension>
					</extensions>
			</trkpt>
			<trkpt lat="35.948395" lon="120.2047">
				<ele>33.0</ele>
				<time>2021-02-21T10:11:44Z</time>
					<extensions>
						<ns3:TrackPointExtension>
						</ns3:TrackPointExtension>
					</extensions>
			</trkpt>
			<trkpt lat="35.94841" lon="120.204704">
				<ele>33.0</ele>
				<time>2021-02-21T10:11:45Z</time>
					<extensions>
						<ns3:TrackPointExtension>
						</ns3:TrackPointExtension>
					</extensions>
			</trkpt>
			<trkpt lat="35.94843" lon="120.20473">
				<ele>33.0</ele>
				<time>2021-02-21T10:11:46Z</time>
					<extensions>
						<ns3:TrackPointExtension>
						</ns3:TrackPointExtension>
					</extensions>
			</trkpt>
			<trkpt lat="35.948444" lon="120.20475">
				<ele>33.0</ele>
				<time>2021-02-21T10:11:47Z</time>
					<extensions>
						<ns3:TrackPointExtension>
						</ns3:TrackPointExtension>
					</extensions>
			</trkpt>
			<trkpt lat="35.948463" lon="120.20477">
				<ele>33.0</ele>
				<time>2021-02-21T10:11:48Z</time>
					<extensions>
						<ns3:TrackPointExtension>
						</ns3:TrackPointExtension>
					</extensions>
			</trkpt>
			<trkpt lat="35.948483" lon="120.20479">
				<ele>33.0</ele>
				<time>2021-02-21T10:11:49Z</time>
					<extensions>
						<ns3:TrackPointExtension>
						</ns3:TrackPointExtension>
					</extensions>
			</trkpt>
			<trkpt lat="35.948505" lon="120.20481">
				<ele>33.0</ele>
				<time>2021-02-21T10:11:50Z</time>
					<extensions>
						<ns3:TrackPointExtension>
						</ns3:TrackPointExtension>
					</extensions>
			</trkpt>
			<trkpt lat="35.94852" lon="120.204834">
				<ele>33.0</ele>
				<time>2021-02-21T10:11:51Z</time>
					<extensions>
						<ns3:TrackPointExtension>
						</ns3:TrackPointExtension>
					</extensions>
			</trkpt>
			<trkpt lat="35.948532" lon="120.20484">
				<ele>33.0</ele>
				<time>2021-02-21T10:11:52Z</time>
					<extensions>
						<ns3:TrackPointExtension>
						</ns3:TrackPointExtension>
					</extensions>
			</trkpt>
			<trkpt lat="35.948547" lon="120.204865">
				<ele>33.0</ele>
				<time>2021-02-21T10:11:53Z</time>
					<extensions>
						<ns3:TrackPointExtension>
						</ns3:TrackPointExtension>
					</extensions>
			</trkpt>
			<trkpt lat="35.94857" lon="120.20488">
				<ele>33.0</ele>
				<time>2021-02-21T10:11:54Z</time>
					<extensions>
						<ns3:TrackPointExtension>
						</ns3:TrackPointExtension>
					</extensions>
			</trkpt>
			<trkpt lat="35.948586" lon="120.2049">
				<ele>33.0</ele>
				<time>2021-02-21T10:11:55Z</time>
					<extensions>
						<ns3:TrackPointExtension>
						</ns3:TrackPointExtension>
					</extensions>
			</trkpt>
			<trkpt lat="35.948605" lon="120.204926">
				<ele>33.0</ele>
				<time>2021-02-21T10:11:56Z</time>
					<extensions>
						<ns3:TrackPointExtension>
						</ns3:TrackPointExtension>
					</extensions>
			</trkpt>
			<trkpt lat="35.948624" lon="120.20494">
				<ele>33.0</ele>
				<time>2021-02-21T10:11:57Z</time>
					<extensions>
						<ns3:TrackPointExtension>
						</ns3:TrackPointExtension>
					</extensions>
			</trkpt>
			<trkpt lat="35.948643" lon="120.20496">
				<ele>33.0</ele>
				<time>2021-02-21T10:11:58Z</time>
					<extensions>
						<ns3:TrackPointExtension>
						</ns3:TrackPointExtension>
					</extensions>
			</trkpt>
			<trkpt lat="35.948666" lon="120.20499">
				<ele>33.0</ele>
				<time>2021-02-21T10:11:59Z</time>
					<extensions>
						<ns3:TrackPointExtension>
						</ns3:TrackPointExtension>
					</extensions>
			</trkpt>
			<trkpt lat="35.94868" lon="120.205">
				<ele>33.0</ele>
				<time>2021-02-21T10:12:00Z</time>
					<extensions>
						<ns3:TrackPointExtension>
						</ns3:TrackPointExtension>
					</extensions>
			</trkpt>
			<trkpt lat="35.9487" lon="120.205025">
				<ele>33.0</ele>
				<time>2021-02-21T10:12:01Z</time>
					<extensions>
						<ns3:TrackPointExtension>
						</ns3:TrackPointExtension>
					</extensions>
			</trkpt>
			<trkpt lat="35.94872" lon="120.20505">
				<ele>33.0</ele>
				<time>2021-02-21T10:12:02Z</time>
					<extensions>
						<ns3:TrackPointExtension>
						</ns3:TrackPointExtension>
					</extensions>
			</trkpt>
			<trkpt lat="35.948742" lon="120.20506">
				<ele>33.0</ele>
				<time>2021-02-21T10:12:03Z</time>
					<extensions>
						<ns3:TrackPointExtension>
						</ns3:TrackPointExtension>
					</extensions>
			</trkpt>
			<trkpt lat="35.948765" lon="120.20509">
				<ele>33.0</ele>
				<time>2021-02-21T10:12:04Z</time>
					<extensions>
						<ns3:TrackPointExtension>
						</ns3:TrackPointExtension>
					</extensions>
			</trkpt>
			<trkpt lat="35.948784" lon="120.20512">
				<ele>33.0</ele>
				<time>2021-02-21T10:12:05Z</time>
					<extensions>
						<ns3:TrackPointExtension>
						</ns3:TrackPointExtension>
					</extensions>
			</trkpt>
			<trkpt lat="35.9488" lon="120.205124">
				<ele>33.0</ele>
				<time>2021-02-21T10:12:06Z</time>
					<extensions>
						<ns3:TrackPointExtension>
						</ns3:TrackPointExtension>
					</extensions>
			</trkpt>
			<trkpt lat="35.948814" lon="120.20515">
				<ele>33.0</ele>
				<time>2021-02-21T10:12:07Z</time>
					<extensions>
						<ns3:TrackPointExtension>
						</ns3:TrackPointExtension>
					</extensions>
			</trkpt>
			<trkpt lat="35.948837" lon="120.20518">
				<ele>33.0</ele>
				<time>2021-02-21T10:12:08Z</time>
					<extensions>
						<ns3:TrackPointExtension>
						</ns3:TrackPointExtension>
					</extensions>
			</trkpt>
			<trkpt lat="35.94886" lon="120.2052">
				<ele>33.0</ele>
				<time>2021-02-21T10:12:09Z</time>
					<extensions>
						<ns3:TrackPointExtension>
						</ns3:TrackPointExtension>
					</extensions>
			</trkpt>
			<trkpt lat="35.94888" lon="120.20522">
				<ele>33.0</ele>
				<time>2021-02-21T10:12:10Z</time>
					<extensions>
						<ns3:TrackPointExtension>
						</ns3:TrackPointExtension>
					</extensions>
			</trkpt>
			<trkpt lat="35.948895" lon="120.20524">
				<ele>33.0</ele>
				<time>2021-02-21T10:12:11Z</time>
					<extensions>
						<ns3:TrackPointExtension>
						</ns3:TrackPointExtension>
					</extensions>
			</trkpt>
			<trkpt lat="35.948906" lon="120.20525">
				<ele>33.0</ele>
				<time>2021-02-21T10:12:12Z</time>
					<extensions>
						<ns3:TrackPointExtension>
						</ns3:TrackPointExtension>
					</extensions>
			</trkpt>
			<trkpt lat="35.948925" lon="120.20527">
				<ele>33.0</ele>
				<time>2021-02-21T10:12:13Z</time>
					<extensions>
						<ns3:TrackPointExtension>
						</ns3:TrackPointExtension>
					</extensions>
			</trkpt>
			<trkpt lat="35.948944" lon="120.2053">
				<ele>33.0</ele>
				<time>2021-02-21T10:12:14Z</time>
					<extensions>
						<ns3:TrackPointExtension>
						</ns3:TrackPointExtension>
					</extensions>
			</trkpt>
			<trkpt lat="35.948963" lon="120.20533">
				<ele>33.0</ele>
				<time>2021-02-21T10:12:15Z</time>
					<extensions>
						<ns3:TrackPointExtension>
						</ns3:TrackPointExtension>
					</extensions>
			</trkpt>
			<trkpt lat="35.94898" lon="120.205345">
				<ele>34.0</ele>
				<time>2021-02-21T10:12:16Z</time>
					<extensions>
						<ns3:TrackPointExtension>
						</ns3:TrackPointExtension>
					</extensions>
			</trkpt>
			<trkpt lat="35.949" lon="120.205376">
				<ele>34.0</ele>
				<time>2021-02-21T10:12:17Z</time>
					<extensions>
						<ns3:TrackPointExtension>
						</ns3:TrackPointExtension>
					</extensions>
			</trkpt>
			<trkpt lat="35.949024" lon="120.20539">
				<ele>34.0</ele>
				<time>2021-02-21T10:12:18Z</time>
					<extensions>
						<ns3:TrackPointExtension>
						</ns3:TrackPointExtension>
					</extensions>
			</trkpt>
			<trkpt lat="35.949047" lon="120.205414">
				<ele>34.0</ele>
				<time>2021-02-21T10:12:19Z</time>
					<extensions>
						<ns3:TrackPointExtension>
						</ns3:TrackPointExtension>
					</extensions>
			</trkpt>
			<trkpt lat="35.94907" lon="120.205444">
				<ele>34.0</ele>
				<time>2021-02-21T10:12:20Z</time>
					<extensions>
						<ns3:TrackPointExtension>
						</ns3:TrackPointExtension>
					</extensions>
			</trkpt>
			<trkpt lat="35.949085" lon="120.20545">
				<ele>34.0</ele>
				<time>2021-02-21T10:12:21Z</time>
					<extensions>
						<ns3:TrackPointExtension>
						</ns3:TrackPointExtension>
					</extensions>
			</trkpt>
			<trkpt lat="35.949112" lon="120.20548">
				<ele>34.0</ele>
				<time>2021-02-21T10:12:22Z</time>
					<extensions>
						<ns3:TrackPointExtension>
						</ns3:TrackPointExtension>
					</extensions>
			</trkpt>
			<trkpt lat="35.94913" lon="120.2055">
				<ele>34.0</ele>
				<time>2021-02-21T10:12:23Z</time>
					<extensions>
						<ns3:TrackPointExtension>
						</ns3:TrackPointExtension>
					</extensions>
			</trkpt>
			<trkpt lat="35.949158" lon="120.20551">
				<ele>34.0</ele>
				<time>2021-02-21T10:12:24Z</time>
					<extensions>
						<ns3:TrackPointExtension>
						</ns3:TrackPointExtension>
					</extensions>
			</trkpt>
			<trkpt lat="35.94918" lon="120.205536">
				<ele>34.0</ele>
				<time>2021-02-21T10:12:25Z</time>
					<extensions>
						<ns3:TrackPointExtension>
						</ns3:TrackPointExtension>
					</extensions>
			</trkpt>
			<trkpt lat="35.949203" lon="120.20556">
				<ele>34.0</ele>
				<time>2021-02-21T10:12:26Z</time>
					<extensions>
						<ns3:TrackPointExtension>
						</ns3:TrackPointExtension>
					</extensions>
			</trkpt>
			<trkpt lat="35.949223" lon="120.20559">
				<ele>34.0</ele>
				<time>2021-02-21T10:12:27Z</time>
					<extensions>
						<ns3:TrackPointExtension>
						</ns3:TrackPointExtension>
					</extensions>
			</trkpt>
			<trkpt lat="35.94924" lon="120.2056">
				<ele>34.0</ele>
				<time>2021-02-21T10:12:28Z</time>
					<extensions>
						<ns3:TrackPointExtension>
						</ns3:TrackPointExtension>
					</extensions>
			</trkpt>
			<trkpt lat="35.949257" lon="120.20562">
				<ele>34.0</ele>
				<time>2021-02-21T10:12:29Z</time>
					<extensions>
						<ns3:TrackPointExtension>
						</ns3:TrackPointExtension>
					</extensions>
			</trkpt>
			<trkpt lat="35.94927" lon="120.20564">
				<ele>34.0</ele>
				<time>2021-02-21T10:12:30Z</time>
					<extensions>
						<ns3:TrackPointExtension>
						</ns3:TrackPointExtension>
					</extensions>
			</trkpt>
			<trkpt lat="35.94929" lon="120.20566">
				<ele>34.0</ele>
				<time>2021-02-21T10:12:31Z</time>
					<extensions>
						<ns3:TrackPointExtension>
						</ns3:TrackPointExtension>
					</extensions>
			</trkpt>
			<trkpt lat="35.949318" lon="120.20568">
				<ele>34.0</ele>
				<time>2021-02-21T10:12:32Z</time>
					<extensions>
						<ns3:TrackPointExtension>
						</ns3:TrackPointExtension>
					</extensions>
			</trkpt>
			<trkpt lat="35.949337" lon="120.2057">
				<ele>34.0</ele>
				<time>2021-02-21T10:12:33Z</time>
					<extensions>
						<ns3:TrackPointExtension>
						</ns3:TrackPointExtension>
					</extensions>
			</trkpt>
			<trkpt lat="35.94936" lon="120.20571">
				<ele>34.0</ele>
				<time>2021-02-21T10:12:34Z</time>
					<extensions>
						<ns3:TrackPointExtension>
						</ns3:TrackPointExtension>
					</extensions>
			</trkpt>
			<trkpt lat="35.949387" lon="120.205734">
				<ele>34.0</ele>
				<time>2021-02-21T10:12:35Z</time>
					<extensions>
						<ns3:TrackPointExtension>
						</ns3:TrackPointExtension>
					</extensions>
			</trkpt>
			<trkpt lat="35.9494" lon="120.20575">
				<ele>34.0</ele>
				<time>2021-02-21T10:12:36Z</time>
					<extensions>
						<ns3:TrackPointExtension>
						</ns3:TrackPointExtension>
					</extensions>
			</trkpt>
			<trkpt lat="35.94943" lon="120.20577">
				<ele>34.0</ele>
				<time>2021-02-21T10:12:37Z</time>
					<extensions>
						<ns3:TrackPointExtension>
						</ns3:TrackPointExtension>
					</extensions>
			</trkpt>
			<trkpt lat="35.949448" lon="120.205795">
				<ele>34.0</ele>
				<time>2021-02-21T10:12:38Z</time>
					<extensions>
						<ns3:TrackPointExtension>
						</ns3:TrackPointExtension>
					</extensions>
			</trkpt>
			<trkpt lat="35.949467" lon="120.20581">
				<ele>34.0</ele>
				<time>2021-02-21T10:12:39Z</time>
					<extensions>
						<ns3:TrackPointExtension>
						</ns3:TrackPointExtension>
					</extensions>
			</trkpt>
			<trkpt lat="35.94949" lon="120.20583">
				<ele>34.0</ele>
				<time>2021-02-21T10:12:40Z</time>
					<extensions>
						<ns3:TrackPointExtension>
						</ns3:TrackPointExtension>
					</extensions>
			</trkpt>
			<trkpt lat="35.949505" lon="120.20584">
				<ele>34.0</ele>
				<time>2021-02-21T10:12:41Z</time>
					<extensions>
						<ns3:TrackPointExtension>
						</ns3:TrackPointExtension>
					</extensions>
			</trkpt>
			<trkpt lat="35.94952" lon="120.205864">
				<ele>34.0</ele>
				<time>2021-02-21T10:12:42Z</time>
					<extensions>
						<ns3:TrackPointExtension>
						</ns3:TrackPointExtension>
					</extensions>
			</trkpt>
			<trkpt lat="35.94954" lon="120.20589">
				<ele>34.0</ele>
				<time>2021-02-21T10:12:43Z</time>
					<extensions>
						<ns3:TrackPointExtension>
						</ns3:TrackPointExtension>
					</extensions>
			</trkpt>
			<trkpt lat="35.949554" lon="120.205894">
				<ele>34.0</ele>
				<time>2021-02-21T10:12:44Z</time>
					<extensions>
						<ns3:TrackPointExtension>
						</ns3:TrackPointExtension>
					</extensions>
			</trkpt>
			<trkpt lat="35.949566" lon="120.20591">
				<ele>34.0</ele>
				<time>2021-02-21T10:12:45Z</time>
					<extensions>
						<ns3:TrackPointExtension>
						</ns3:TrackPointExtension>
					</extensions>
			</trkpt>
			<trkpt lat="35.949577" lon="120.20592">
				<ele>34.0</ele>
				<time>2021-02-21T10:12:46Z</time>
					<extensions>
						<ns3:TrackPointExtension>
						</ns3:TrackPointExtension>
					</extensions>
			</trkpt>
			<trkpt lat="35.949593" lon="120.205925">
				<ele>34.0</ele>
				<time>2021-02-21T10:12:47Z</time>
					<extensions>
						<ns3:TrackPointExtension>
						</ns3:TrackPointExtension>
					</extensions>
			</trkpt>
			<trkpt lat="35.9496" lon="120.20594">
				<ele>34.0</ele>
				<time>2021-02-21T10:12:48Z</time>
					<extensions>
						<ns3:TrackPointExtension>
						</ns3:TrackPointExtension>
					</extensions>
			</trkpt>
			<trkpt lat="35.949615" lon="120.20595">
				<ele>34.0</ele>
				<time>2021-02-21T10:12:49Z</time>
					<extensions>
						<ns3:TrackPointExtension>
						</ns3:TrackPointExtension>
					</extensions>
			</trkpt>
			<trkpt lat="35.94963" lon="120.205956">
				<ele>34.0</ele>
				<time>2021-02-21T10:12:50Z</time>
					<extensions>
						<ns3:TrackPointExtension>
						</ns3:TrackPointExtension>
					</extensions>
			</trkpt>
			<trkpt lat="35.949646" lon="120.20597">
				<ele>34.0</ele>
				<time>2021-02-21T10:12:51Z</time>
					<extensions>
						<ns3:TrackPointExtension>
						</ns3:TrackPointExtension>
					</extensions>
			</trkpt>
			<trkpt lat="35.94966" lon="120.20598">
				<ele>34.0</ele>
				<time>2021-02-21T10:12:52Z</time>
					<extensions>
						<ns3:TrackPointExtension>
						</ns3:TrackPointExtension>
					</extensions>
			</trkpt>
			<trkpt lat="35.94967" lon="120.205986">
				<ele>34.0</ele>
				<time>2021-02-21T10:12:53Z</time>
					<extensions>
						<ns3:TrackPointExtension>
						</ns3:TrackPointExtension>
					</extensions>
			</trkpt>
			<trkpt lat="35.949684" lon="120.206">
				<ele>34.0</ele>
				<time>2021-02-21T10:12:54Z</time>
					<extensions>
						<ns3:TrackPointExtension>
						</ns3:TrackPointExtension>
					</extensions>
			</trkpt>
			<trkpt lat="35.949696" lon="120.20601">
				<ele>34.0</ele>
				<time>2021-02-21T10:12:55Z</time>
					<extensions>
						<ns3:TrackPointExtension>
						</ns3:TrackPointExtension>
					</extensions>
			</trkpt>
			<trkpt lat="35.949707" lon="120.20601">
				<ele>34.0</ele>
				<time>2021-02-21T10:12:56Z</time>
					<extensions>
						<ns3:TrackPointExtension>
						</ns3:TrackPointExtension>
					</extensions>
			</trkpt>
			<trkpt lat="35.949715" lon="120.20602">
				<ele>34.0</ele>
				<time>2021-02-21T10:12:57Z</time>
					<extensions>
						<ns3:TrackPointExtension>
						</ns3:TrackPointExtension>
					</extensions>
			</trkpt>
			<trkpt lat="35.94973" lon="120.20603">
				<ele>35.0</ele>
				<time>2021-02-21T10:12:58Z</time>
					<extensions>
						<ns3:TrackPointExtension>
						</ns3:TrackPointExtension>
					</extensions>
			</trkpt>
			<trkpt lat="35.94974" lon="120.20604">
				<ele>35.0</ele>
				<time>2021-02-21T10:12:59Z</time>
					<extensions>
						<ns3:TrackPointExtension>
						</ns3:TrackPointExtension>
					</extensions>
			</trkpt>
			<trkpt lat="35.949757" lon="120.20601">
				<ele>35.0</ele>
				<time>2021-02-21T10:13:00Z</time>
					<extensions>
						<ns3:TrackPointExtension>
						</ns3:TrackPointExtension>
					</extensions>
			</trkpt>
			<trkpt lat="35.94977" lon="120.206">
				<ele>35.0</ele>
				<time>2021-02-21T10:13:01Z</time>
					<extensions>
						<ns3:TrackPointExtension>
						</ns3:TrackPointExtension>
					</extensions>
			</trkpt>
			<trkpt lat="35.949787" lon="120.205986">
				<ele>35.0</ele>
				<time>2021-02-21T10:13:02Z</time>
					<extensions>
						<ns3:TrackPointExtension>
						</ns3:TrackPointExtension>
					</extensions>
			</trkpt>
			<trkpt lat="35.94981" lon="120.20597">
				<ele>35.0</ele>
				<time>2021-02-21T10:13:03Z</time>
					<extensions>
						<ns3:TrackPointExtension>
						</ns3:TrackPointExtension>
					</extensions>
			</trkpt>
			<trkpt lat="35.94983" lon="120.205956">
				<ele>35.0</ele>
				<time>2021-02-21T10:13:04Z</time>
					<extensions>
						<ns3:TrackPointExtension>
						</ns3:TrackPointExtension>
					</extensions>
			</trkpt>
			<trkpt lat="35.94985" lon="120.20594">
				<ele>35.0</ele>
				<time>2021-02-21T10:13:05Z</time>
					<extensions>
						<ns3:TrackPointExtension>
						</ns3:TrackPointExtension>
					</extensions>
			</trkpt>
			<trkpt lat="35.949875" lon="120.20592">
				<ele>35.0</ele>
				<time>2021-02-21T10:13:06Z</time>
					<extensions>
						<ns3:TrackPointExtension>
						</ns3:TrackPointExtension>
					</extensions>
			</trkpt>
			<trkpt lat="35.949894" lon="120.20591">
				<ele>35.0</ele>
				<time>2021-02-21T10:13:07Z</time>
					<extensions>
						<ns3:TrackPointExtension>
						</ns3:TrackPointExtension>
					</extensions>
			</trkpt>
			<trkpt lat="35.949924" lon="120.20589">
				<ele>35.0</ele>
				<time>2021-02-21T10:13:08Z</time>
					<extensions>
						<ns3:TrackPointExtension>
						</ns3:TrackPointExtension>
					</extensions>
			</trkpt>
			<trkpt lat="35.949944" lon="120.205864">
				<ele>35.0</ele>
				<time>2021-02-21T10:13:09Z</time>
					<extensions>
						<ns3:TrackPointExtension>
						</ns3:TrackPointExtension>
					</extensions>
			</trkpt>
			<trkpt lat="35.949966" lon="120.20586">
				<ele>35.0</ele>
				<time>2021-02-21T10:13:10Z</time>
					<extensions>
						<ns3:TrackPointExtension>
						</ns3:TrackPointExtension>
					</extensions>
			</trkpt>
			<trkpt lat="35.94999" lon="120.20583">
				<ele>35.0</ele>
				<time>2021-02-21T10:13:11Z</time>
					<extensions>
						<ns3:TrackPointExtension>
						</ns3:TrackPointExtension>
					</extensions>
			</trkpt>
			<trkpt lat="35.95001" lon="120.205826">
				<ele>35.0</ele>
				<time>2021-02-21T10:13:12Z</time>
					<extensions>
						<ns3:TrackPointExtension>
						</ns3:TrackPointExtension>
					</extensions>
			</trkpt>
			<trkpt lat="35.950035" lon="120.2058">
				<ele>35.0</ele>
				<time>2021-02-21T10:13:13Z</time>
					<extensions>
						<ns3:TrackPointExtension>
						</ns3:TrackPointExtension>
					</extensions>
			</trkpt>
			<trkpt lat="35.950054" lon="120.205795">
				<ele>35.0</ele>
				<time>2021-02-21T10:13:14Z</time>
					<extensions>
						<ns3:TrackPointExtension>
						</ns3:TrackPointExtension>
					</extensions>
			</trkpt>
			<trkpt lat="35.950077" lon="120.20577">
				<ele>35.0</ele>
				<time>2021-02-21T10:13:15Z</time>
					<extensions>
						<ns3:TrackPointExtension>
						</ns3:TrackPointExtension>
					</extensions>
			</trkpt>
			<trkpt lat="35.9501" lon="120.205765">
				<ele>35.0</ele>
				<time>2021-02-21T10:13:16Z</time>
					<extensions>
						<ns3:TrackPointExtension>
						</ns3:TrackPointExtension>
					</extensions>
			</trkpt>
			<trkpt lat="35.950123" lon="120.20574">
				<ele>35.0</ele>
				<time>2021-02-21T10:13:17Z</time>
					<extensions>
						<ns3:TrackPointExtension>
						</ns3:TrackPointExtension>
					</extensions>
			</trkpt>
			<trkpt lat="35.95015" lon="120.205734">
				<ele>35.0</ele>
				<time>2021-02-21T10:13:18Z</time>
					<extensions>
						<ns3:TrackPointExtension>
						</ns3:TrackPointExtension>
					</extensions>
			</trkpt>
			<trkpt lat="35.950172" lon="120.20571">
				<ele>35.0</ele>
				<time>2021-02-21T10:13:19Z</time>
					<extensions>
						<ns3:TrackPointExtension>
						</ns3:TrackPointExtension>
					</extensions>
			</trkpt>
			<trkpt lat="35.9502" lon="120.2057">
				<ele>35.0</ele>
				<time>2021-02-21T10:13:20Z</time>
					<extensions>
						<ns3:TrackPointExtension>
						</ns3:TrackPointExtension>
					</extensions>
			</trkpt>
			<trkpt lat="35.950214" lon="120.20569">
				<ele>35.0</ele>
				<time>2021-02-21T10:13:21Z</time>
					<extensions>
						<ns3:TrackPointExtension>
						</ns3:TrackPointExtension>
					</extensions>
			</trkpt>
			<trkpt lat="35.950245" lon="120.20568">
				<ele>35.0</ele>
				<time>2021-02-21T10:13:22Z</time>
					<extensions>
						<ns3:TrackPointExtension>
						</ns3:TrackPointExtension>
					</extensions>
			</trkpt>
			<trkpt lat="35.95027" lon="120.20567">
				<ele>35.0</ele>
				<time>2021-02-21T10:13:23Z</time>
					<extensions>
						<ns3:TrackPointExtension>
						</ns3:TrackPointExtension>
					</extensions>
			</trkpt>
			<trkpt lat="35.95029" lon="120.20566">
				<ele>35.0</ele>
				<time>2021-02-21T10:13:24Z</time>
					<extensions>
						<ns3:TrackPointExtension>
						</ns3:TrackPointExtension>
					</extensions>
			</trkpt>
			<trkpt lat="35.95031" lon="120.20565">
				<ele>35.0</ele>
				<time>2021-02-21T10:13:25Z</time>
					<extensions>
						<ns3:TrackPointExtension>
						</ns3:TrackPointExtension>
					</extensions>
			</trkpt>
			<trkpt lat="35.950336" lon="120.20564">
				<ele>35.0</ele>
				<time>2021-02-21T10:13:26Z</time>
					<extensions>
						<ns3:TrackPointExtension>
						</ns3:TrackPointExtension>
					</extensions>
			</trkpt>
			<trkpt lat="35.95036" lon="120.20564">
				<ele>35.0</ele>
				<time>2021-02-21T10:13:27Z</time>
					<extensions>
						<ns3:TrackPointExtension>
						</ns3:TrackPointExtension>
					</extensions>
			</trkpt>
			<trkpt lat="35.95038" lon="120.20563">
				<ele>35.0</ele>
				<time>2021-02-21T10:13:28Z</time>
					<extensions>
						<ns3:TrackPointExtension>
						</ns3:TrackPointExtension>
					</extensions>
			</trkpt>
			<trkpt lat="35.9504" lon="120.20562">
				<ele>35.0</ele>
				<time>2021-02-21T10:13:29Z</time>
					<extensions>
						<ns3:TrackPointExtension>
						</ns3:TrackPointExtension>
					</extensions>
			</trkpt>
			<trkpt lat="35.950424" lon="120.20561">
				<ele>35.0</ele>
				<time>2021-02-21T10:13:30Z</time>
					<extensions>
						<ns3:TrackPointExtension>
						</ns3:TrackPointExtension>
					</extensions>
			</trkpt>
			<trkpt lat="35.95045" lon="120.2056">
				<ele>35.0</ele>
				<time>2021-02-21T10:13:31Z</time>
					<extensions>
						<ns3:TrackPointExtension>
						</ns3:TrackPointExtension>
					</extensions>
			</trkpt>
			<trkpt lat="35.950474" lon="120.2056">
				<ele>35.0</ele>
				<time>2021-02-21T10:13:32Z</time>
					<extensions>
						<ns3:TrackPointExtension>
						</ns3:TrackPointExtension>
					</extensions>
			</trkpt>
			<trkpt lat="35.950493" lon="120.20559">
				<ele>35.0</ele>
				<time>2021-02-21T10:13:33Z</time>
					<extensions>
						<ns3:TrackPointExtension>
						</ns3:TrackPointExtension>
					</extensions>
			</trkpt>
			<trkpt lat="35.950512" lon="120.20559">
				<ele>35.0</ele>
				<time>2021-02-21T10:13:34Z</time>
					<extensions>
						<ns3:TrackPointExtension>
						</ns3:TrackPointExtension>
					</extensions>
			</trkpt>
			<trkpt lat="35.95054" lon="120.20558">
				<ele>35.0</ele>
				<time>2021-02-21T10:13:35Z</time>
					<extensions>
						<ns3:TrackPointExtension>
						</ns3:TrackPointExtension>
					</extensions>
			</trkpt>
			<trkpt lat="35.950558" lon="120.20557">
				<ele>35.0</ele>
				<time>2021-02-21T10:13:36Z</time>
					<extensions>
						<ns3:TrackPointExtension>
						</ns3:TrackPointExtension>
					</extensions>
			</trkpt>
			<trkpt lat="35.950573" lon="120.20556">
				<ele>35.0</ele>
				<time>2021-02-21T10:13:37Z</time>
					<extensions>
						<ns3:TrackPointExtension>
						</ns3:TrackPointExtension>
					</extensions>
			</trkpt>
			<trkpt lat="35.950592" lon="120.20555">
				<ele>35.0</ele>
				<time>2021-02-21T10:13:38Z</time>
					<extensions>
						<ns3:TrackPointExtension>
						</ns3:TrackPointExtension>
					</extensions>
			</trkpt>
			<trkpt lat="35.950607" lon="120.20555">
				<ele>35.0</ele>
				<time>2021-02-21T10:13:39Z</time>
					<extensions>
						<ns3:TrackPointExtension>
						</ns3:TrackPointExtension>
					</extensions>
			</trkpt>
			<trkpt lat="35.950626" lon="120.205536">
				<ele>35.0</ele>
				<time>2021-02-21T10:13:40Z</time>
					<extensions>
						<ns3:TrackPointExtension>
						</ns3:TrackPointExtension>
					</extensions>
			</trkpt>
			<trkpt lat="35.95064" lon="120.20553">
				<ele>35.0</ele>
				<time>2021-02-21T10:13:41Z</time>
					<extensions>
						<ns3:TrackPointExtension>
						</ns3:TrackPointExtension>
					</extensions>
			</trkpt>
			<trkpt lat="35.95065" lon="120.20547">
				<ele>35.0</ele>
				<time>2021-02-21T10:13:42Z</time>
					<extensions>
						<ns3:TrackPointExtension>
						</ns3:TrackPointExtension>
					</extensions>
			</trkpt>
			<trkpt lat="35.950653" lon="120.205444">
				<ele>35.0</ele>
				<time>2021-02-21T10:13:43Z</time>
					<extensions>
						<ns3:TrackPointExtension>
						</ns3:TrackPointExtension>
					</extensions>
			</trkpt>
			<trkpt lat="35.95066" lon="120.205414">
				<ele>35.0</ele>
				<time>2021-02-21T10:13:44Z</time>
					<extensions>
						<ns3:TrackPointExtension>
						</ns3:TrackPointExtension>
					</extensions>
			</trkpt>
			<trkpt lat="35.95066" lon="120.20539">
				<ele>35.0</ele>
				<time>2021-02-21T10:13:45Z</time>
					<extensions>
						<ns3:TrackPointExtension>
						</ns3:TrackPointExtension>
					</extensions>
			</trkpt>
			<trkpt lat="35.95066" lon="120.20536">
				<ele>35.0</ele>
				<time>2021-02-21T10:13:46Z</time>
					<extensions>
						<ns3:TrackPointExtension>
						</ns3:TrackPointExtension>
					</extensions>
			</trkpt>
			<trkpt lat="35.950657" lon="120.20533">
				<ele>35.0</ele>
				<time>2021-02-21T10:13:47Z</time>
					<extensions>
						<ns3:TrackPointExtension>
						</ns3:TrackPointExtension>
					</extensions>
			</trkpt>
			<trkpt lat="35.95065" lon="120.205315">
				<ele>35.0</ele>
				<time>2021-02-21T10:13:48Z</time>
					<extensions>
						<ns3:TrackPointExtension>
						</ns3:TrackPointExtension>
					</extensions>
			</trkpt>
			<trkpt lat="35.95065" lon="120.205284">
				<ele>35.0</ele>
				<time>2021-02-21T10:13:49Z</time>
					<extensions>
						<ns3:TrackPointExtension>
						</ns3:TrackPointExtension>
					</extensions>
			</trkpt>
			<trkpt lat="35.95064" lon="120.20524">
				<ele>35.0</ele>
				<time>2021-02-21T10:13:50Z</time>
					<extensions>
						<ns3:TrackPointExtension>
						</ns3:TrackPointExtension>
					</extensions>
			</trkpt>
			<trkpt lat="35.950638" lon="120.20521">
				<ele>35.0</ele>
				<time>2021-02-21T10:13:51Z</time>
					<extensions>
						<ns3:TrackPointExtension>
						</ns3:TrackPointExtension>
					</extensions>
			</trkpt>
			<trkpt lat="35.95063" lon="120.20518">
				<ele>35.0</ele>
				<time>2021-02-21T10:13:52Z</time>
					<extensions>
						<ns3:TrackPointExtension>
						</ns3:TrackPointExtension>
					</extensions>
			</trkpt>
			<trkpt lat="35.950623" lon="120.20516">
				<ele>35.0</ele>
				<time>2021-02-21T10:13:53Z</time>
					<extensions>
						<ns3:TrackPointExtension>
						</ns3:TrackPointExtension>
					</extensions>
			</trkpt>
			<trkpt lat="35.950615" lon="120.20512">
				<ele>35.0</ele>
				<time>2021-02-21T10:13:54Z</time>
					<extensions>
						<ns3:TrackPointExtension>
						</ns3:TrackPointExtension>
					</extensions>
			</trkpt>
			<trkpt lat="35.950607" lon="120.20509">
				<ele>35.0</ele>
				<time>2021-02-21T10:13:55Z</time>
					<extensions>
						<ns3:TrackPointExtension>
						</ns3:TrackPointExtension>
					</extensions>
			</trkpt>
			<trkpt lat="35.950603" lon="120.20508">
				<ele>35.0</ele>
				<time>2021-02-21T10:13:56Z</time>
					<extensions>
						<ns3:TrackPointExtension>
						</ns3:TrackPointExtension>
					</extensions>
			</trkpt>
			<trkpt lat="35.950603" lon="120.20506">
				<ele>35.0</ele>
				<time>2021-02-21T10:13:57Z</time>
					<extensions>
						<ns3:TrackPointExtension>
						</ns3:TrackPointExtension>
					</extensions>
			</trkpt>
			<trkpt lat="35.9506" lon="120.205055">
				<ele>35.0</ele>
				<time>2021-02-21T10:13:58Z</time>
					<extensions>
						<ns3:TrackPointExtension>
						</ns3:TrackPointExtension>
					</extensions>
			</trkpt>
			<trkpt lat="35.950596" lon="120.20503">
				<ele>35.0</ele>
				<time>2021-02-21T10:13:59Z</time>
					<extensions>
						<ns3:TrackPointExtension>
						</ns3:TrackPointExtension>
					</extensions>
			</trkpt>
			<trkpt lat="35.950592" lon="120.20502">
				<ele>35.0</ele>
				<time>2021-02-21T10:14:00Z</time>
					<extensions>
						<ns3:TrackPointExtension>
						</ns3:TrackPointExtension>
					</extensions>
			</trkpt>
			<trkpt lat="35.950542" lon="120.20488">
				<ele>37.0</ele>
				<time>2021-02-21T10:14:13Z</time>
					<extensions>
						<ns3:TrackPointExtension>
						</ns3:TrackPointExtension>
					</extensions>
			</trkpt>
			<trkpt lat="35.95058" lon="120.204834">
				<ele>38.0</ele>
				<time>2021-02-21T10:14:17Z</time>
					<extensions>
						<ns3:TrackPointExtension>
						</ns3:TrackPointExtension>
					</extensions>
			</trkpt>
			<trkpt lat="35.950603" lon="120.20481">
				<ele>38.0</ele>
				<time>2021-02-21T10:14:18Z</time>
					<extensions>
						<ns3:TrackPointExtension>
						</ns3:TrackPointExtension>
					</extensions>
			</trkpt>
			<trkpt lat="35.950623" lon="120.20481">
				<ele>38.0</ele>
				<time>2021-02-21T10:14:19Z</time>
					<extensions>
						<ns3:TrackPointExtension>
						</ns3:TrackPointExtension>
					</extensions>
			</trkpt>
			<trkpt lat="35.950645" lon="120.20479">
				<ele>38.0</ele>
				<time>2021-02-21T10:14:20Z</time>
					<extensions>
						<ns3:TrackPointExtension>
						</ns3:TrackPointExtension>
					</extensions>
			</trkpt>
			<trkpt lat="35.950672" lon="120.20479">
				<ele>38.0</ele>
				<time>2021-02-21T10:14:21Z</time>
					<extensions>
						<ns3:TrackPointExtension>
						</ns3:TrackPointExtension>
					</extensions>
			</trkpt>
			<trkpt lat="35.950687" lon="120.20478">
				<ele>39.0</ele>
				<time>2021-02-21T10:14:22Z</time>
					<extensions>
						<ns3:TrackPointExtension>
						</ns3:TrackPointExtension>
					</extensions>
			</trkpt>
			<trkpt lat="35.950706" lon="120.20477">
				<ele>39.0</ele>
				<time>2021-02-21T10:14:23Z</time>
					<extensions>
						<ns3:TrackPointExtension>
						</ns3:TrackPointExtension>
					</extensions>
			</trkpt>
			<trkpt lat="35.950726" lon="120.20476">
				<ele>39.0</ele>
				<time>2021-02-21T10:14:24Z</time>
					<extensions>
						<ns3:TrackPointExtension>
						</ns3:TrackPointExtension>
					</extensions>
			</trkpt>
			<trkpt lat="35.950745" lon="120.20475">
				<ele>39.0</ele>
				<time>2021-02-21T10:14:25Z</time>
					<extensions>
						<ns3:TrackPointExtension>
						</ns3:TrackPointExtension>
					</extensions>
			</trkpt>
			<trkpt lat="35.950768" lon="120.204735">
				<ele>39.0</ele>
				<time>2021-02-21T10:14:26Z</time>
					<extensions>
						<ns3:TrackPointExtension>
						</ns3:TrackPointExtension>
					</extensions>
			</trkpt>
			<trkpt lat="35.950787" lon="120.204735">
				<ele>39.0</ele>
				<time>2021-02-21T10:14:27Z</time>
					<extensions>
						<ns3:TrackPointExtension>
						</ns3:TrackPointExtension>
					</extensions>
			</trkpt>
			<trkpt lat="35.95081" lon="120.20473">
				<ele>40.0</ele>
				<time>2021-02-21T10:14:28Z</time>
					<extensions>
						<ns3:TrackPointExtension>
						</ns3:TrackPointExtension>
					</extensions>
			</trkpt>
			<trkpt lat="35.950832" lon="120.20473">
				<ele>40.0</ele>
				<time>2021-02-21T10:14:29Z</time>
					<extensions>
						<ns3:TrackPointExtension>
						</ns3:TrackPointExtension>
					</extensions>
			</trkpt>
			<trkpt lat="35.95085" lon="120.20472">
				<ele>40.0</ele>
				<time>2021-02-21T10:14:30Z</time>
					<extensions>
						<ns3:TrackPointExtension>
						</ns3:TrackPointExtension>
					</extensions>
			</trkpt>
			<trkpt lat="35.950867" lon="120.20472">
				<ele>40.0</ele>
				<time>2021-02-21T10:14:31Z</time>
					<extensions>
						<ns3:TrackPointExtension>
						</ns3:TrackPointExtension>
					</extensions>
			</trkpt>
			<trkpt lat="35.950874" lon="120.20469">
				<ele>40.0</ele>
				<time>2021-02-21T10:14:32Z</time>
					<extensions>
						<ns3:TrackPointExtension>
						</ns3:TrackPointExtension>
					</extensions>
			</trkpt>
			<trkpt lat="35.950893" lon="120.204666">
				<ele>40.0</ele>
				<time>2021-02-21T10:14:33Z</time>
					<extensions>
						<ns3:TrackPointExtension>
						</ns3:TrackPointExtension>
					</extensions>
			</trkpt>
			<trkpt lat="35.95091" lon="120.20464">
				<ele>40.0</ele>
				<time>2021-02-21T10:14:34Z</time>
					<extensions>
						<ns3:TrackPointExtension>
						</ns3:TrackPointExtension>
					</extensions>
			</trkpt>
			<trkpt lat="35.95093" lon="120.20463">
				<ele>40.0</ele>
				<time>2021-02-21T10:14:35Z</time>
					<extensions>
						<ns3:TrackPointExtension>
						</ns3:TrackPointExtension>
					</extensions>
			</trkpt>
			<trkpt lat="35.95095" lon="120.20461">
				<ele>40.0</ele>
				<time>2021-02-21T10:14:36Z</time>
					<extensions>
						<ns3:TrackPointExtension>
						</ns3:TrackPointExtension>
					</extensions>
			</trkpt>
			<trkpt lat="35.950974" lon="120.2046">
				<ele>40.0</ele>
				<time>2021-02-21T10:14:37Z</time>
					<extensions>
						<ns3:TrackPointExtension>
						</ns3:TrackPointExtension>
					</extensions>
			</trkpt>
			<trkpt lat="35.950993" lon="120.20458">
				<ele>40.0</ele>
				<time>2021-02-21T10:14:38Z</time>
					<extensions>
						<ns3:TrackPointExtension>
						</ns3:TrackPointExtension>
					</extensions>
			</trkpt>
			<trkpt lat="35.951015" lon="120.204575">
				<ele>40.0</ele>
				<time>2021-02-21T10:14:39Z</time>
					<extensions>
						<ns3:TrackPointExtension>
						</ns3:TrackPointExtension>
					</extensions>
			</trkpt>
			<trkpt lat="35.951042" lon="120.204575">
				<ele>40.0</ele>
				<time>2021-02-21T10:14:40Z</time>
					<extensions>
						<ns3:TrackPointExtension>
						</ns3:TrackPointExtension>
					</extensions>
			</trkpt>
			<trkpt lat="35.951065" lon="120.20457">
				<ele>40.0</ele>
				<time>2021-02-21T10:14:41Z</time>
					<extensions>
						<ns3:TrackPointExtension>
						</ns3:TrackPointExtension>
					</extensions>
			</trkpt>
			<trkpt lat="35.951088" lon="120.20457">
				<ele>40.0</ele>
				<time>2021-02-21T10:14:42Z</time>
					<extensions>
						<ns3:TrackPointExtension>
						</ns3:TrackPointExtension>
					</extensions>
			</trkpt>
			<trkpt lat="35.95112" lon="120.20455">
				<ele>40.0</ele>
				<time>2021-02-21T10:14:43Z</time>
					<extensions>
						<ns3:TrackPointExtension>
						</ns3:TrackPointExtension>
					</extensions>
			</trkpt>
			<trkpt lat="35.95114" lon="120.204544">
				<ele>40.0</ele>
				<time>2021-02-21T10:14:44Z</time>
					<extensions>
						<ns3:TrackPointExtension>
						</ns3:TrackPointExtension>
					</extensions>
			</trkpt>
			<trkpt lat="35.951157" lon="120.204544">
				<ele>40.0</ele>
				<time>2021-02-21T10:14:45Z</time>
					<extensions>
						<ns3:TrackPointExtension>
						</ns3:TrackPointExtension>
					</extensions>
			</trkpt>
			<trkpt lat="35.951176" lon="120.20454">
				<ele>40.0</ele>
				<time>2021-02-21T10:14:46Z</time>
					<extensions>
						<ns3:TrackPointExtension>
						</ns3:TrackPointExtension>
					</extensions>
			</trkpt>
			<trkpt lat="35.951195" lon="120.20452">
				<ele>40.0</ele>
				<time>2021-02-21T10:14:47Z</time>
					<extensions>
						<ns3:TrackPointExtension>
						</ns3:TrackPointExtension>
					</extensions>
			</trkpt>
			<trkpt lat="35.951225" lon="120.20451">
				<ele>40.0</ele>
				<time>2021-02-21T10:14:48Z</time>
					<extensions>
						<ns3:TrackPointExtension>
						</ns3:TrackPointExtension>
					</extensions>
			</trkpt>
			<trkpt lat="35.95125" lon="120.204506">
				<ele>40.0</ele>
				<time>2021-02-21T10:14:49Z</time>
					<extensions>
						<ns3:TrackPointExtension>
						</ns3:TrackPointExtension>
					</extensions>
			</trkpt>
			<trkpt lat="35.951283" lon="120.20449">
				<ele>40.0</ele>
				<time>2021-02-21T10:14:50Z</time>
					<extensions>
						<ns3:TrackPointExtension>
						</ns3:TrackPointExtension>
					</extensions>
			</trkpt>
			<trkpt lat="35.951305" lon="120.20449">
				<ele>40.0</ele>
				<time>2021-02-21T10:14:51Z</time>
					<extensions>
						<ns3:TrackPointExtension>
						</ns3:TrackPointExtension>
					</extensions>
			</trkpt>
			<trkpt lat="35.95133" lon="120.20448">
				<ele>40.0</ele>
				<time>2021-02-21T10:14:52Z</time>
					<extensions>
						<ns3:TrackPointExtension>
						</ns3:TrackPointExtension>
					</extensions>
			</trkpt>
			<trkpt lat="35.95136" lon="120.20448">
				<ele>40.0</ele>
				<time>2021-02-21T10:14:53Z</time>
					<extensions>
						<ns3:TrackPointExtension>
						</ns3:TrackPointExtension>
					</extensions>
			</trkpt>
			<trkpt lat="35.951378" lon="120.204475">
				<ele>40.0</ele>
				<time>2021-02-21T10:14:54Z</time>
					<extensions>
						<ns3:TrackPointExtension>
						</ns3:TrackPointExtension>
					</extensions>
			</trkpt>
			<trkpt lat="35.9514" lon="120.204475">
				<ele>40.0</ele>
				<time>2021-02-21T10:14:55Z</time>
					<extensions>
						<ns3:TrackPointExtension>
						</ns3:TrackPointExtension>
					</extensions>
			</trkpt>
			<trkpt lat="35.95142" lon="120.20446">
				<ele>40.0</ele>
				<time>2021-02-21T10:14:56Z</time>
					<extensions>
						<ns3:TrackPointExtension>
						</ns3:TrackPointExtension>
					</extensions>
			</trkpt>
			<trkpt lat="35.95145" lon="120.20446">
				<ele>40.0</ele>
				<time>2021-02-21T10:14:57Z</time>
					<extensions>
						<ns3:TrackPointExtension>
						</ns3:TrackPointExtension>
					</extensions>
			</trkpt>
			<trkpt lat="35.951477" lon="120.20445">
				<ele>40.0</ele>
				<time>2021-02-21T10:14:58Z</time>
					<extensions>
						<ns3:TrackPointExtension>
						</ns3:TrackPointExtension>
					</extensions>
			</trkpt>
			<trkpt lat="35.951508" lon="120.204445">
				<ele>40.0</ele>
				<time>2021-02-21T10:14:59Z</time>
					<extensions>
						<ns3:TrackPointExtension>
						</ns3:TrackPointExtension>
					</extensions>
			</trkpt>
			<trkpt lat="35.951523" lon="120.204445">
				<ele>40.0</ele>
				<time>2021-02-21T10:15:00Z</time>
					<extensions>
						<ns3:TrackPointExtension>
						</ns3:TrackPointExtension>
					</extensions>
			</trkpt>
			<trkpt lat="35.951546" lon="120.204445">
				<ele>40.0</ele>
				<time>2021-02-21T10:15:01Z</time>
					<extensions>
						<ns3:TrackPointExtension>
						</ns3:TrackPointExtension>
					</extensions>
			</trkpt>
			<trkpt lat="35.95157" lon="120.20443">
				<ele>40.0</ele>
				<time>2021-02-21T10:15:02Z</time>
					<extensions>
						<ns3:TrackPointExtension>
						</ns3:TrackPointExtension>
					</extensions>
			</trkpt>
			<trkpt lat="35.951595" lon="120.20443">
				<ele>40.0</ele>
				<time>2021-02-21T10:15:03Z</time>
					<extensions>
						<ns3:TrackPointExtension>
						</ns3:TrackPointExtension>
					</extensions>
			</trkpt>
			<trkpt lat="35.951614" lon="120.20442">
				<ele>40.0</ele>
				<time>2021-02-21T10:15:04Z</time>
					<extensions>
						<ns3:TrackPointExtension>
						</ns3:TrackPointExtension>
					</extensions>
			</trkpt>
			<trkpt lat="35.95163" lon="120.20442">
				<ele>40.0</ele>
				<time>2021-02-21T10:15:05Z</time>
					<extensions>
						<ns3:TrackPointExtension>
						</ns3:TrackPointExtension>
					</extensions>
			</trkpt>
			<trkpt lat="35.951664" lon="120.20442">
				<ele>40.0</ele>
				<time>2021-02-21T10:15:06Z</time>
					<extensions>
						<ns3:TrackPointExtension>
						</ns3:TrackPointExtension>
					</extensions>
			</trkpt>
			<trkpt lat="35.951683" lon="120.204414">
				<ele>40.0</ele>
				<time>2021-02-21T10:15:07Z</time>
					<extensions>
						<ns3:TrackPointExtension>
						</ns3:TrackPointExtension>
					</extensions>
			</trkpt>
			<trkpt lat="35.951714" lon="120.204414">
				<ele>40.0</ele>
				<time>2021-02-21T10:15:08Z</time>
					<extensions>
						<ns3:TrackPointExtension>
						</ns3:TrackPointExtension>
					</extensions>
			</trkpt>
			<trkpt lat="35.951733" lon="120.2044">
				<ele>40.0</ele>
				<time>2021-02-21T10:15:09Z</time>
					<extensions>
						<ns3:TrackPointExtension>
						</ns3:TrackPointExtension>
					</extensions>
			</trkpt>
			<trkpt lat="35.951756" lon="120.2044">
				<ele>40.0</ele>
				<time>2021-02-21T10:15:10Z</time>
					<extensions>
						<ns3:TrackPointExtension>
						</ns3:TrackPointExtension>
					</extensions>
			</trkpt>
			<trkpt lat="35.951782" lon="120.20439">
				<ele>39.0</ele>
				<time>2021-02-21T10:15:11Z</time>
					<extensions>
						<ns3:TrackPointExtension>
						</ns3:TrackPointExtension>
					</extensions>
			</trkpt>
			<trkpt lat="35.95181" lon="120.20439">
				<ele>39.0</ele>
				<time>2021-02-21T10:15:12Z</time>
					<extensions>
						<ns3:TrackPointExtension>
						</ns3:TrackPointExtension>
					</extensions>
			</trkpt>
			<trkpt lat="35.951836" lon="120.204384">
				<ele>39.0</ele>
				<time>2021-02-21T10:15:13Z</time>
					<extensions>
						<ns3:TrackPointExtension>
						</ns3:TrackPointExtension>
					</extensions>
			</trkpt>
			<trkpt lat="35.95186" lon="120.204384">
				<ele>39.0</ele>
				<time>2021-02-21T10:15:14Z</time>
					<extensions>
						<ns3:TrackPointExtension>
						</ns3:TrackPointExtension>
					</extensions>
			</trkpt>
			<trkpt lat="35.95188" lon="120.20437">
				<ele>39.0</ele>
				<time>2021-02-21T10:15:15Z</time>
					<extensions>
						<ns3:TrackPointExtension>
						</ns3:TrackPointExtension>
					</extensions>
			</trkpt>
			<trkpt lat="35.951904" lon="120.20437">
				<ele>39.0</ele>
				<time>2021-02-21T10:15:16Z</time>
					<extensions>
						<ns3:TrackPointExtension>
						</ns3:TrackPointExtension>
					</extensions>
			</trkpt>
			<trkpt lat="35.951927" lon="120.20436">
				<ele>39.0</ele>
				<time>2021-02-21T10:15:17Z</time>
					<extensions>
						<ns3:TrackPointExtension>
						</ns3:TrackPointExtension>
					</extensions>
			</trkpt>
			<trkpt lat="35.951954" lon="120.20436">
				<ele>39.0</ele>
				<time>2021-02-21T10:15:18Z</time>
					<extensions>
						<ns3:TrackPointExtension>
						</ns3:TrackPointExtension>
					</extensions>
			</trkpt>
			<trkpt lat="35.951973" lon="120.204346">
				<ele>39.0</ele>
				<time>2021-02-21T10:15:19Z</time>
					<extensions>
						<ns3:TrackPointExtension>
						</ns3:TrackPointExtension>
					</extensions>
			</trkpt>
			<trkpt lat="35.952" lon="120.204346">
				<ele>39.0</ele>
				<time>2021-02-21T10:15:20Z</time>
					<extensions>
						<ns3:TrackPointExtension>
						</ns3:TrackPointExtension>
					</extensions>
			</trkpt>
			<trkpt lat="35.952026" lon="120.20434">
				<ele>39.0</ele>
				<time>2021-02-21T10:15:21Z</time>
					<extensions>
						<ns3:TrackPointExtension>
						</ns3:TrackPointExtension>
					</extensions>
			</trkpt>
			<trkpt lat="35.952053" lon="120.20434">
				<ele>39.0</ele>
				<time>2021-02-21T10:15:22Z</time>
					<extensions>
						<ns3:TrackPointExtension>
						</ns3:TrackPointExtension>
					</extensions>
			</trkpt>
			<trkpt lat="35.952072" lon="120.20433">
				<ele>39.0</ele>
				<time>2021-02-21T10:15:23Z</time>
					<extensions>
						<ns3:TrackPointExtension>
						</ns3:TrackPointExtension>
					</extensions>
			</trkpt>
			<trkpt lat="35.9521" lon="120.20433">
				<ele>39.0</ele>
				<time>2021-02-21T10:15:24Z</time>
					<extensions>
						<ns3:TrackPointExtension>
						</ns3:TrackPointExtension>
					</extensions>
			</trkpt>
			<trkpt lat="35.95212" lon="120.204315">
				<ele>39.0</ele>
				<time>2021-02-21T10:15:25Z</time>
					<extensions>
						<ns3:TrackPointExtension>
						</ns3:TrackPointExtension>
					</extensions>
			</trkpt>
			<trkpt lat="35.952152" lon="120.20431">
				<ele>39.0</ele>
				<time>2021-02-21T10:15:26Z</time>
					<extensions>
						<ns3:TrackPointExtension>
						</ns3:TrackPointExtension>
					</extensions>
			</trkpt>
			<trkpt lat="35.952175" lon="120.20431">
				<ele>39.0</ele>
				<time>2021-02-21T10:15:27Z</time>
					<extensions>
						<ns3:TrackPointExtension>
						</ns3:TrackPointExtension>
					</extensions>
			</trkpt>
			<trkpt lat="35.9522" lon="120.20431">
				<ele>39.0</ele>
				<time>2021-02-21T10:15:28Z</time>
					<extensions>
						<ns3:TrackPointExtension>
						</ns3:TrackPointExtension>
					</extensions>
			</trkpt>
			<trkpt lat="35.952225" lon="120.2043">
				<ele>39.0</ele>
				<time>2021-02-21T10:15:29Z</time>
					<extensions>
						<ns3:TrackPointExtension>
						</ns3:TrackPointExtension>
					</extensions>
			</trkpt>
			<trkpt lat="35.952248" lon="120.2043">
				<ele>39.0</ele>
				<time>2021-02-21T10:15:30Z</time>
					<extensions>
						<ns3:TrackPointExtension>
						</ns3:TrackPointExtension>
					</extensions>
			</trkpt>
			<trkpt lat="35.95227" lon="120.204285">
				<ele>39.0</ele>
				<time>2021-02-21T10:15:31Z</time>
					<extensions>
						<ns3:TrackPointExtension>
						</ns3:TrackPointExtension>
					</extensions>
			</trkpt>
			<trkpt lat="35.952297" lon="120.204285">
				<ele>38.0</ele>
				<time>2021-02-21T10:15:32Z</time>
					<extensions>
						<ns3:TrackPointExtension>
						</ns3:TrackPointExtension>
					</extensions>
			</trkpt>
			<trkpt lat="35.95232" lon="120.204285">
				<ele>38.0</ele>
				<time>2021-02-21T10:15:33Z</time>
					<extensions>
						<ns3:TrackPointExtension>
						</ns3:TrackPointExtension>
					</extensions>
			</trkpt>
			<trkpt lat="35.952347" lon="120.20428">
				<ele>38.0</ele>
				<time>2021-02-21T10:15:34Z</time>
					<extensions>
						<ns3:TrackPointExtension>
						</ns3:TrackPointExtension>
					</extensions>
			</trkpt>
			<trkpt lat="35.952362" lon="120.20428">
				<ele>38.0</ele>
				<time>2021-02-21T10:15:35Z</time>
					<extensions>
						<ns3:TrackPointExtension>
						</ns3:TrackPointExtension>
					</extensions>
			</trkpt>
			<trkpt lat="35.952393" lon="120.20427">
				<ele>38.0</ele>
				<time>2021-02-21T10:15:36Z</time>
					<extensions>
						<ns3:TrackPointExtension>
						</ns3:TrackPointExtension>
					</extensions>
			</trkpt>
			<trkpt lat="35.95241" lon="120.20427">
				<ele>38.0</ele>
				<time>2021-02-21T10:15:37Z</time>
					<extensions>
						<ns3:TrackPointExtension>
						</ns3:TrackPointExtension>
					</extensions>
			</trkpt>
			<trkpt lat="35.952435" lon="120.20427">
				<ele>38.0</ele>
				<time>2021-02-21T10:15:38Z</time>
					<extensions>
						<ns3:TrackPointExtension>
						</ns3:TrackPointExtension>
					</extensions>
			</trkpt>
			<trkpt lat="35.95246" lon="120.204254">
				<ele>38.0</ele>
				<time>2021-02-21T10:15:39Z</time>
					<extensions>
						<ns3:TrackPointExtension>
						</ns3:TrackPointExtension>
					</extensions>
			</trkpt>
			<trkpt lat="35.952488" lon="120.20425">
				<ele>38.0</ele>
				<time>2021-02-21T10:15:40Z</time>
					<extensions>
						<ns3:TrackPointExtension>
						</ns3:TrackPointExtension>
					</extensions>
			</trkpt>
			<trkpt lat="35.95251" lon="120.20425">
				<ele>38.0</ele>
				<time>2021-02-21T10:15:41Z</time>
					<extensions>
						<ns3:TrackPointExtension>
						</ns3:TrackPointExtension>
					</extensions>
			</trkpt>
			<trkpt lat="35.952534" lon="120.20424">
				<ele>38.0</ele>
				<time>2021-02-21T10:15:42Z</time>
					<extensions>
						<ns3:TrackPointExtension>
						</ns3:TrackPointExtension>
					</extensions>
			</trkpt>
			<trkpt lat="35.952553" lon="120.20424">
				<ele>38.0</ele>
				<time>2021-02-21T10:15:43Z</time>
					<extensions>
						<ns3:TrackPointExtension>
						</ns3:TrackPointExtension>
					</extensions>
			</trkpt>
			<trkpt lat="35.95258" lon="120.20424">
				<ele>38.0</ele>
				<time>2021-02-21T10:15:44Z</time>
					<extensions>
						<ns3:TrackPointExtension>
						</ns3:TrackPointExtension>
					</extensions>
			</trkpt>
			<trkpt lat="35.952602" lon="120.20422">
				<ele>38.0</ele>
				<time>2021-02-21T10:15:45Z</time>
					<extensions>
						<ns3:TrackPointExtension>
						</ns3:TrackPointExtension>
					</extensions>
			</trkpt>
			<trkpt lat="35.95263" lon="120.20422">
				<ele>38.0</ele>
				<time>2021-02-21T10:15:46Z</time>
					<extensions>
						<ns3:TrackPointExtension>
						</ns3:TrackPointExtension>
					</extensions>
			</trkpt>
			<trkpt lat="35.952644" lon="120.20422">
				<ele>38.0</ele>
				<time>2021-02-21T10:15:47Z</time>
					<extensions>
						<ns3:TrackPointExtension>
						</ns3:TrackPointExtension>
					</extensions>
			</trkpt>
			<trkpt lat="35.95266" lon="120.20422">
				<ele>38.0</ele>
				<time>2021-02-21T10:15:48Z</time>
					<extensions>
						<ns3:TrackPointExtension>
						</ns3:TrackPointExtension>
					</extensions>
			</trkpt>
			<trkpt lat="35.952675" lon="120.20422">
				<ele>38.0</ele>
				<time>2021-02-21T10:15:49Z</time>
					<extensions>
						<ns3:TrackPointExtension>
						</ns3:TrackPointExtension>
					</extensions>
			</trkpt>
			<trkpt lat="35.95269" lon="120.20422">
				<ele>38.0</ele>
				<time>2021-02-21T10:15:50Z</time>
					<extensions>
						<ns3:TrackPointExtension>
						</ns3:TrackPointExtension>
					</extensions>
			</trkpt>
			<trkpt lat="35.95271" lon="120.20422">
				<ele>38.0</ele>
				<time>2021-02-21T10:15:51Z</time>
					<extensions>
						<ns3:TrackPointExtension>
						</ns3:TrackPointExtension>
					</extensions>
			</trkpt>
			<trkpt lat="35.95272" lon="120.20422">
				<ele>38.0</ele>
				<time>2021-02-21T10:15:52Z</time>
					<extensions>
						<ns3:TrackPointExtension>
						</ns3:TrackPointExtension>
					</extensions>
			</trkpt>
			<trkpt lat="35.952736" lon="120.20422">
				<ele>38.0</ele>
				<time>2021-02-21T10:15:53Z</time>
					<extensions>
						<ns3:TrackPointExtension>
						</ns3:TrackPointExtension>
					</extensions>
			</trkpt>
			<trkpt lat="35.95275" lon="120.20422">
				<ele>38.0</ele>
				<time>2021-02-21T10:15:54Z</time>
					<extensions>
						<ns3:TrackPointExtension>
						</ns3:TrackPointExtension>
					</extensions>
			</trkpt>
			<trkpt lat="35.952763" lon="120.20422">
				<ele>38.0</ele>
				<time>2021-02-21T10:15:55Z</time>
					<extensions>
						<ns3:TrackPointExtension>
						</ns3:TrackPointExtension>
					</extensions>
			</trkpt>
			<trkpt lat="35.952774" lon="120.20422">
				<ele>38.0</ele>
				<time>2021-02-21T10:15:56Z</time>
					<extensions>
						<ns3:TrackPointExtension>
						</ns3:TrackPointExtension>
					</extensions>
			</trkpt>
			<trkpt lat="35.95279" lon="120.20422">
				<ele>38.0</ele>
				<time>2021-02-21T10:15:57Z</time>
					<extensions>
						<ns3:TrackPointExtension>
						</ns3:TrackPointExtension>
					</extensions>
			</trkpt>
			<trkpt lat="35.952805" lon="120.20422">
				<ele>38.0</ele>
				<time>2021-02-21T10:15:58Z</time>
					<extensions>
						<ns3:TrackPointExtension>
						</ns3:TrackPointExtension>
					</extensions>
			</trkpt>
			<trkpt lat="35.952812" lon="120.20422">
				<ele>38.0</ele>
				<time>2021-02-21T10:15:59Z</time>
					<extensions>
						<ns3:TrackPointExtension>
						</ns3:TrackPointExtension>
					</extensions>
			</trkpt>
			<trkpt lat="35.952835" lon="120.20422">
				<ele>38.0</ele>
				<time>2021-02-21T10:16:00Z</time>
					<extensions>
						<ns3:TrackPointExtension>
						</ns3:TrackPointExtension>
					</extensions>
			</trkpt>
			<trkpt lat="35.952847" lon="120.20422">
				<ele>38.0</ele>
				<time>2021-02-21T10:16:01Z</time>
					<extensions>
						<ns3:TrackPointExtension>
						</ns3:TrackPointExtension>
					</extensions>
			</trkpt>
			<trkpt lat="35.95287" lon="120.204216">
				<ele>38.0</ele>
				<time>2021-02-21T10:16:02Z</time>
					<extensions>
						<ns3:TrackPointExtension>
						</ns3:TrackPointExtension>
					</extensions>
			</trkpt>
			<trkpt lat="35.952896" lon="120.204216">
				<ele>38.0</ele>
				<time>2021-02-21T10:16:03Z</time>
					<extensions>
						<ns3:TrackPointExtension>
						</ns3:TrackPointExtension>
					</extensions>
			</trkpt>
			<trkpt lat="35.95291" lon="120.204216">
				<ele>38.0</ele>
				<time>2021-02-21T10:16:04Z</time>
					<extensions>
						<ns3:TrackPointExtension>
						</ns3:TrackPointExtension>
					</extensions>
			</trkpt>
			<trkpt lat="35.952938" lon="120.204216">
				<ele>38.0</ele>
				<time>2021-02-21T10:16:05Z</time>
					<extensions>
						<ns3:TrackPointExtension>
						</ns3:TrackPointExtension>
					</extensions>
			</trkpt>
			<trkpt lat="35.952957" lon="120.204216">
				<ele>38.0</ele>
				<time>2021-02-21T10:16:06Z</time>
					<extensions>
						<ns3:TrackPointExtension>
						</ns3:TrackPointExtension>
					</extensions>
			</trkpt>
			<trkpt lat="35.952984" lon="120.204216">
				<ele>38.0</ele>
				<time>2021-02-21T10:16:07Z</time>
					<extensions>
						<ns3:TrackPointExtension>
						</ns3:TrackPointExtension>
					</extensions>
			</trkpt>
			<trkpt lat="35.95301" lon="120.20421">
				<ele>38.0</ele>
				<time>2021-02-21T10:16:08Z</time>
					<extensions>
						<ns3:TrackPointExtension>
						</ns3:TrackPointExtension>
					</extensions>
			</trkpt>
			<trkpt lat="35.95303" lon="120.20421">
				<ele>38.0</ele>
				<time>2021-02-21T10:16:09Z</time>
					<extensions>
						<ns3:TrackPointExtension>
						</ns3:TrackPointExtension>
					</extensions>
			</trkpt>
			<trkpt lat="35.953053" lon="120.20421">
				<ele>37.0</ele>
				<time>2021-02-21T10:16:10Z</time>
					<extensions>
						<ns3:TrackPointExtension>
						</ns3:TrackPointExtension>
					</extensions>
			</trkpt>
			<trkpt lat="35.95308" lon="120.20421">
				<ele>37.0</ele>
				<time>2021-02-21T10:16:11Z</time>
					<extensions>
						<ns3:TrackPointExtension>
						</ns3:TrackPointExtension>
					</extensions>
			</trkpt>
			<trkpt lat="35.953102" lon="120.20419">
				<ele>37.0</ele>
				<time>2021-02-21T10:16:12Z</time>
					<extensions>
						<ns3:TrackPointExtension>
						</ns3:TrackPointExtension>
					</extensions>
			</trkpt>
			<trkpt lat="35.953125" lon="120.20419">
				<ele>37.0</ele>
				<time>2021-02-21T10:16:13Z</time>
					<extensions>
						<ns3:TrackPointExtension>
						</ns3:TrackPointExtension>
					</extensions>
			</trkpt>
			<trkpt lat="35.953148" lon="120.20419">
				<ele>37.0</ele>
				<time>2021-02-21T10:16:14Z</time>
					<extensions>
						<ns3:TrackPointExtension>
						</ns3:TrackPointExtension>
					</extensions>
			</trkpt>
			<trkpt lat="35.95317" lon="120.20419">
				<ele>37.0</ele>
				<time>2021-02-21T10:16:15Z</time>
					<extensions>
						<ns3:TrackPointExtension>
						</ns3:TrackPointExtension>
					</extensions>
			</trkpt>
			<trkpt lat="35.9532" lon="120.20419">
				<ele>37.0</ele>
				<time>2021-02-21T10:16:16Z</time>
					<extensions>
						<ns3:TrackPointExtension>
						</ns3:TrackPointExtension>
					</extensions>
			</trkpt>
			<trkpt lat="35.95322" lon="120.20419">
				<ele>37.0</ele>
				<time>2021-02-21T10:16:17Z</time>
					<extensions>
						<ns3:TrackPointExtension>
						</ns3:TrackPointExtension>
					</extensions>
			</trkpt>
			<trkpt lat="35.953243" lon="120.20419">
				<ele>37.0</ele>
				<time>2021-02-21T10:16:18Z</time>
					<extensions>
						<ns3:TrackPointExtension>
						</ns3:TrackPointExtension>
					</extensions>
			</trkpt>
			<trkpt lat="35.953262" lon="120.20419">
				<ele>37.0</ele>
				<time>2021-02-21T10:16:19Z</time>
					<extensions>
						<ns3:TrackPointExtension>
						</ns3:TrackPointExtension>
					</extensions>
			</trkpt>
			<trkpt lat="35.95328" lon="120.20419">
				<ele>37.0</ele>
				<time>2021-02-21T10:16:20Z</time>
					<extensions>
						<ns3:TrackPointExtension>
						</ns3:TrackPointExtension>
					</extensions>
			</trkpt>
			<trkpt lat="35.9533" lon="120.20419">
				<ele>37.0</ele>
				<time>2021-02-21T10:16:21Z</time>
					<extensions>
						<ns3:TrackPointExtension>
						</ns3:TrackPointExtension>
					</extensions>
			</trkpt>
			<trkpt lat="35.95332" lon="120.20419">
				<ele>37.0</ele>
				<time>2021-02-21T10:16:22Z</time>
					<extensions>
						<ns3:TrackPointExtension>
						</ns3:TrackPointExtension>
					</extensions>
			</trkpt>
			<trkpt lat="35.953335" lon="120.20419">
				<ele>37.0</ele>
				<time>2021-02-21T10:16:23Z</time>
					<extensions>
						<ns3:TrackPointExtension>
						</ns3:TrackPointExtension>
					</extensions>
			</trkpt>
			<trkpt lat="35.953342" lon="120.20419">
				<ele>37.0</ele>
				<time>2021-02-21T10:16:24Z</time>
					<extensions>
						<ns3:TrackPointExtension>
						</ns3:TrackPointExtension>
					</extensions>
			</trkpt>
			<trkpt lat="35.95336" lon="120.20419">
				<ele>37.0</ele>
				<time>2021-02-21T10:16:25Z</time>
					<extensions>
						<ns3:TrackPointExtension>
						</ns3:TrackPointExtension>
					</extensions>
			</trkpt>
			<trkpt lat="35.953377" lon="120.20419">
				<ele>37.0</ele>
				<time>2021-02-21T10:16:26Z</time>
					<extensions>
						<ns3:TrackPointExtension>
						</ns3:TrackPointExtension>
					</extensions>
			</trkpt>
			<trkpt lat="35.953392" lon="120.20419">
				<ele>37.0</ele>
				<time>2021-02-21T10:16:27Z</time>
					<extensions>
						<ns3:TrackPointExtension>
						</ns3:TrackPointExtension>
					</extensions>
			</trkpt>
			<trkpt lat="35.953403" lon="120.20419">
				<ele>37.0</ele>
				<time>2021-02-21T10:16:28Z</time>
					<extensions>
						<ns3:TrackPointExtension>
						</ns3:TrackPointExtension>
					</extensions>
			</trkpt>
			<trkpt lat="35.95342" lon="120.20419">
				<ele>37.0</ele>
				<time>2021-02-21T10:16:29Z</time>
					<extensions>
						<ns3:TrackPointExtension>
						</ns3:TrackPointExtension>
					</extensions>
			</trkpt>
			<trkpt lat="35.953438" lon="120.20419">
				<ele>37.0</ele>
				<time>2021-02-21T10:16:30Z</time>
					<extensions>
						<ns3:TrackPointExtension>
						</ns3:TrackPointExtension>
					</extensions>
			</trkpt>
			<trkpt lat="35.953453" lon="120.204185">
				<ele>37.0</ele>
				<time>2021-02-21T10:16:31Z</time>
					<extensions>
						<ns3:TrackPointExtension>
						</ns3:TrackPointExtension>
					</extensions>
			</trkpt>
			<trkpt lat="35.95347" lon="120.204185">
				<ele>37.0</ele>
				<time>2021-02-21T10:16:32Z</time>
					<extensions>
						<ns3:TrackPointExtension>
						</ns3:TrackPointExtension>
					</extensions>
			</trkpt>
			<trkpt lat="35.95348" lon="120.204185">
				<ele>37.0</ele>
				<time>2021-02-21T10:16:33Z</time>
					<extensions>
						<ns3:TrackPointExtension>
						</ns3:TrackPointExtension>
					</extensions>
			</trkpt>
			<trkpt lat="35.9535" lon="120.204185">
				<ele>37.0</ele>
				<time>2021-02-21T10:16:34Z</time>
					<extensions>
						<ns3:TrackPointExtension>
						</ns3:TrackPointExtension>
					</extensions>
			</trkpt>
			<trkpt lat="35.953514" lon="120.204185">
				<ele>37.0</ele>
				<time>2021-02-21T10:16:35Z</time>
					<extensions>
						<ns3:TrackPointExtension>
						</ns3:TrackPointExtension>
					</extensions>
			</trkpt>
			<trkpt lat="35.95353" lon="120.20418">
				<ele>37.0</ele>
				<time>2021-02-21T10:16:36Z</time>
					<extensions>
						<ns3:TrackPointExtension>
						</ns3:TrackPointExtension>
					</extensions>
			</trkpt>
			<trkpt lat="35.953545" lon="120.20418">
				<ele>37.0</ele>
				<time>2021-02-21T10:16:37Z</time>
					<extensions>
						<ns3:TrackPointExtension>
						</ns3:TrackPointExtension>
					</extensions>
			</trkpt>
			<trkpt lat="35.95356" lon="120.20418">
				<ele>37.0</ele>
				<time>2021-02-21T10:16:38Z</time>
					<extensions>
						<ns3:TrackPointExtension>
						</ns3:TrackPointExtension>
					</extensions>
			</trkpt>
			<trkpt lat="35.953575" lon="120.20418">
				<ele>37.0</ele>
				<time>2021-02-21T10:16:39Z</time>
					<extensions>
						<ns3:TrackPointExtension>
						</ns3:TrackPointExtension>
					</extensions>
			</trkpt>
			<trkpt lat="35.953594" lon="120.20418">
				<ele>37.0</ele>
				<time>2021-02-21T10:16:40Z</time>
					<extensions>
						<ns3:TrackPointExtension>
						</ns3:TrackPointExtension>
					</extensions>
			</trkpt>
			<trkpt lat="35.95361" lon="120.20418">
				<ele>37.0</ele>
				<time>2021-02-21T10:16:41Z</time>
					<extensions>
						<ns3:TrackPointExtension>
						</ns3:TrackPointExtension>
					</extensions>
			</trkpt>
			<trkpt lat="35.953617" lon="120.20418">
				<ele>37.0</ele>
				<time>2021-02-21T10:16:42Z</time>
					<extensions>
						<ns3:TrackPointExtension>
						</ns3:TrackPointExtension>
					</extensions>
			</trkpt>
			<trkpt lat="35.95363" lon="120.20418">
				<ele>37.0</ele>
				<time>2021-02-21T10:16:43Z</time>
					<extensions>
						<ns3:TrackPointExtension>
						</ns3:TrackPointExtension>
					</extensions>
			</trkpt>
			<trkpt lat="35.953644" lon="120.20416">
				<ele>37.0</ele>
				<time>2021-02-21T10:16:44Z</time>
					<extensions>
						<ns3:TrackPointExtension>
						</ns3:TrackPointExtension>
					</extensions>
			</trkpt>
			<trkpt lat="35.953655" lon="120.20416">
				<ele>37.0</ele>
				<time>2021-02-21T10:16:45Z</time>
					<extensions>
						<ns3:TrackPointExtension>
						</ns3:TrackPointExtension>
					</extensions>
			</trkpt>
			<trkpt lat="35.953667" lon="120.20416">
				<ele>37.0</ele>
				<time>2021-02-21T10:16:46Z</time>
					<extensions>
						<ns3:TrackPointExtension>
						</ns3:TrackPointExtension>
					</extensions>
			</trkpt>
			<trkpt lat="35.95368" lon="120.20416">
				<ele>37.0</ele>
				<time>2021-02-21T10:16:47Z</time>
					<extensions>
						<ns3:TrackPointExtension>
						</ns3:TrackPointExtension>
					</extensions>
			</trkpt>
			<trkpt lat="35.953693" lon="120.20416">
				<ele>37.0</ele>
				<time>2021-02-21T10:16:48Z</time>
					<extensions>
						<ns3:TrackPointExtension>
						</ns3:TrackPointExtension>
					</extensions>
			</trkpt>
			<trkpt lat="35.9537" lon="120.204155">
				<ele>37.0</ele>
				<time>2021-02-21T10:16:49Z</time>
					<extensions>
						<ns3:TrackPointExtension>
						</ns3:TrackPointExtension>
					</extensions>
			</trkpt>
			<trkpt lat="35.953712" lon="120.204155">
				<ele>37.0</ele>
				<time>2021-02-21T10:16:50Z</time>
					<extensions>
						<ns3:TrackPointExtension>
						</ns3:TrackPointExtension>
					</extensions>
			</trkpt>
			<trkpt lat="35.953724" lon="120.204155">
				<ele>37.0</ele>
				<time>2021-02-21T10:16:51Z</time>
					<extensions>
						<ns3:TrackPointExtension>
						</ns3:TrackPointExtension>
					</extensions>
			</trkpt>
			<trkpt lat="35.953735" lon="120.204155">
				<ele>37.0</ele>
				<time>2021-02-21T10:16:52Z</time>
					<extensions>
						<ns3:TrackPointExtension>
						</ns3:TrackPointExtension>
					</extensions>
			</trkpt>
			<trkpt lat="35.95375" lon="120.20415">
				<ele>37.0</ele>
				<time>2021-02-21T10:16:53Z</time>
					<extensions>
						<ns3:TrackPointExtension>
						</ns3:TrackPointExtension>
					</extensions>
			</trkpt>
			<trkpt lat="35.953773" lon="120.20415">
				<ele>37.0</ele>
				<time>2021-02-21T10:16:54Z</time>
					<extensions>
						<ns3:TrackPointExtension>
						</ns3:TrackPointExtension>
					</extensions>
			</trkpt>
			<trkpt lat="35.953793" lon="120.20413">
				<ele>37.0</ele>
				<time>2021-02-21T10:16:55Z</time>
					<extensions>
						<ns3:TrackPointExtension>
						</ns3:TrackPointExtension>
					</extensions>
			</trkpt>
			<trkpt lat="35.95382" lon="120.20413">
				<ele>37.0</ele>
				<time>2021-02-21T10:16:56Z</time>
					<extensions>
						<ns3:TrackPointExtension>
						</ns3:TrackPointExtension>
					</extensions>
			</trkpt>
			<trkpt lat="35.953842" lon="120.204124">
				<ele>37.0</ele>
				<time>2021-02-21T10:16:57Z</time>
					<extensions>
						<ns3:TrackPointExtension>
						</ns3:TrackPointExtension>
					</extensions>
			</trkpt>
			<trkpt lat="35.953873" lon="120.204124">
				<ele>38.0</ele>
				<time>2021-02-21T10:16:58Z</time>
					<extensions>
						<ns3:TrackPointExtension>
						</ns3:TrackPointExtension>
					</extensions>
			</trkpt>
			<trkpt lat="35.9539" lon="120.20412">
				<ele>38.0</ele>
				<time>2021-02-21T10:16:59Z</time>
					<extensions>
						<ns3:TrackPointExtension>
						</ns3:TrackPointExtension>
					</extensions>
			</trkpt>
			<trkpt lat="35.953922" lon="120.2041">
				<ele>38.0</ele>
				<time>2021-02-21T10:17:00Z</time>
					<extensions>
						<ns3:TrackPointExtension>
						</ns3:TrackPointExtension>
					</extensions>
			</trkpt>
			<trkpt lat="35.95394" lon="120.2041">
				<ele>38.0</ele>
				<time>2021-02-21T10:17:01Z</time>
					<extensions>
						<ns3:TrackPointExtension>
						</ns3:TrackPointExtension>
					</extensions>
			</trkpt>
			<trkpt lat="35.953964" lon="120.204094">
				<ele>38.0</ele>
				<time>2021-02-21T10:17:02Z</time>
					<extensions>
						<ns3:TrackPointExtension>
						</ns3:TrackPointExtension>
					</extensions>
			</trkpt>
			<trkpt lat="35.95399" lon="120.20409">
				<ele>38.0</ele>
				<time>2021-02-21T10:17:03Z</time>
					<extensions>
						<ns3:TrackPointExtension>
						</ns3:TrackPointExtension>
					</extensions>
			</trkpt>
			<trkpt lat="35.954014" lon="120.20407">
				<ele>38.0</ele>
				<time>2021-02-21T10:17:04Z</time>
					<extensions>
						<ns3:TrackPointExtension>
						</ns3:TrackPointExtension>
					</extensions>
			</trkpt>
			<trkpt lat="35.954037" lon="120.20407">
				<ele>38.0</ele>
				<time>2021-02-21T10:17:05Z</time>
					<extensions>
						<ns3:TrackPointExtension>
						</ns3:TrackPointExtension>
					</extensions>
			</trkpt>
			<trkpt lat="35.95406" lon="120.20406">
				<ele>38.0</ele>
				<time>2021-02-21T10:17:06Z</time>
					<extensions>
						<ns3:TrackPointExtension>
						</ns3:TrackPointExtension>
					</extensions>
			</trkpt>
			<trkpt lat="35.954082" lon="120.204056">
				<ele>38.0</ele>
				<time>2021-02-21T10:17:07Z</time>
					<extensions>
						<ns3:TrackPointExtension>
						</ns3:TrackPointExtension>
					</extensions>
			</trkpt>
			<trkpt lat="35.954094" lon="120.204056">
				<ele>38.0</ele>
				<time>2021-02-21T10:17:08Z</time>
					<extensions>
						<ns3:TrackPointExtension>
						</ns3:TrackPointExtension>
					</extensions>
			</trkpt>
			<trkpt lat="35.95412" lon="120.20404">
				<ele>38.0</ele>
				<time>2021-02-21T10:17:09Z</time>
					<extensions>
						<ns3:TrackPointExtension>
						</ns3:TrackPointExtension>
					</extensions>
			</trkpt>
			<trkpt lat="35.954136" lon="120.20404">
				<ele>38.0</ele>
				<time>2021-02-21T10:17:10Z</time>
					<extensions>
						<ns3:TrackPointExtension>
						</ns3:TrackPointExtension>
					</extensions>
			</trkpt>
			<trkpt lat="35.954174" lon="120.20403">
				<ele>38.0</ele>
				<time>2021-02-21T10:17:11Z</time>
					<extensions>
						<ns3:TrackPointExtension>
						</ns3:TrackPointExtension>
					</extensions>
			</trkpt>
			<trkpt lat="35.954197" lon="120.204025">
				<ele>38.0</ele>
				<time>2021-02-21T10:17:12Z</time>
					<extensions>
						<ns3:TrackPointExtension>
						</ns3:TrackPointExtension>
					</extensions>
			</trkpt>
			<trkpt lat="35.954224" lon="120.20401">
				<ele>38.0</ele>
				<time>2021-02-21T10:17:13Z</time>
					<extensions>
						<ns3:TrackPointExtension>
						</ns3:TrackPointExtension>
					</extensions>
			</trkpt>
			<trkpt lat="35.95424" lon="120.20401">
				<ele>38.0</ele>
				<time>2021-02-21T10:17:14Z</time>
					<extensions>
						<ns3:TrackPointExtension>
						</ns3:TrackPointExtension>
					</extensions>
			</trkpt>
			<trkpt lat="35.95426" lon="120.204">
				<ele>38.0</ele>
				<time>2021-02-21T10:17:15Z</time>
					<extensions>
						<ns3:TrackPointExtension>
						</ns3:TrackPointExtension>
					</extensions>
			</trkpt>
			<trkpt lat="35.954292" lon="120.203995">
				<ele>38.0</ele>
				<time>2021-02-21T10:17:16Z</time>
					<extensions>
						<ns3:TrackPointExtension>
						</ns3:TrackPointExtension>
					</extensions>
			</trkpt>
			<trkpt lat="35.954315" lon="120.203995">
				<ele>38.0</ele>
				<time>2021-02-21T10:17:17Z</time>
					<extensions>
						<ns3:TrackPointExtension>
						</ns3:TrackPointExtension>
					</extensions>
			</trkpt>
			<trkpt lat="35.954346" lon="120.20398">
				<ele>38.0</ele>
				<time>2021-02-21T10:17:18Z</time>
					<extensions>
						<ns3:TrackPointExtension>
						</ns3:TrackPointExtension>
					</extensions>
			</trkpt>
			<trkpt lat="35.95437" lon="120.20398">
				<ele>38.0</ele>
				<time>2021-02-21T10:17:19Z</time>
					<extensions>
						<ns3:TrackPointExtension>
						</ns3:TrackPointExtension>
					</extensions>
			</trkpt>
			<trkpt lat="35.954403" lon="120.20397">
				<ele>38.0</ele>
				<time>2021-02-21T10:17:20Z</time>
					<extensions>
						<ns3:TrackPointExtension>
						</ns3:TrackPointExtension>
					</extensions>
			</trkpt>
			<trkpt lat="35.954426" lon="120.20397">
				<ele>39.0</ele>
				<time>2021-02-21T10:17:21Z</time>
					<extensions>
						<ns3:TrackPointExtension>
						</ns3:TrackPointExtension>
					</extensions>
			</trkpt>
			<trkpt lat="35.954453" lon="120.20396">
				<ele>39.0</ele>
				<time>2021-02-21T10:17:22Z</time>
					<extensions>
						<ns3:TrackPointExtension>
						</ns3:TrackPointExtension>
					</extensions>
			</trkpt>
			<trkpt lat="35.95447" lon="120.20396">
				<ele>39.0</ele>
				<time>2021-02-21T10:17:23Z</time>
					<extensions>
						<ns3:TrackPointExtension>
						</ns3:TrackPointExtension>
					</extensions>
			</trkpt>
			<trkpt lat="35.95449" lon="120.20395">
				<ele>39.0</ele>
				<time>2021-02-21T10:17:24Z</time>
					<extensions>
						<ns3:TrackPointExtension>
						</ns3:TrackPointExtension>
					</extensions>
			</trkpt>
			<trkpt lat="35.95451" lon="120.20395">
				<ele>39.0</ele>
				<time>2021-02-21T10:17:25Z</time>
					<extensions>
						<ns3:TrackPointExtension>
						</ns3:TrackPointExtension>
					</extensions>
			</trkpt>
			<trkpt lat="35.954533" lon="120.20395">
				<ele>39.0</ele>
				<time>2021-02-21T10:17:26Z</time>
					<extensions>
						<ns3:TrackPointExtension>
						</ns3:TrackPointExtension>
					</extensions>
			</trkpt>
			<trkpt lat="35.954563" lon="120.20394">
				<ele>39.0</ele>
				<time>2021-02-21T10:17:27Z</time>
					<extensions>
						<ns3:TrackPointExtension>
						</ns3:TrackPointExtension>
					</extensions>
			</trkpt>
			<trkpt lat="35.954582" lon="120.20394">
				<ele>39.0</ele>
				<time>2021-02-21T10:17:28Z</time>
					<extensions>
						<ns3:TrackPointExtension>
						</ns3:TrackPointExtension>
					</extensions>
			</trkpt>
			<trkpt lat="35.954605" lon="120.20394">
				<ele>39.0</ele>
				<time>2021-02-21T10:17:29Z</time>
					<extensions>
						<ns3:TrackPointExtension>
						</ns3:TrackPointExtension>
					</extensions>
			</trkpt>
			<trkpt lat="35.954624" lon="120.203926">
				<ele>39.0</ele>
				<time>2021-02-21T10:17:30Z</time>
					<extensions>
						<ns3:TrackPointExtension>
						</ns3:TrackPointExtension>
					</extensions>
			</trkpt>
			<trkpt lat="35.954647" lon="120.203926">
				<ele>39.0</ele>
				<time>2021-02-21T10:17:31Z</time>
					<extensions>
						<ns3:TrackPointExtension>
						</ns3:TrackPointExtension>
					</extensions>
			</trkpt>
			<trkpt lat="35.95467" lon="120.203926">
				<ele>39.0</ele>
				<time>2021-02-21T10:17:32Z</time>
					<extensions>
						<ns3:TrackPointExtension>
						</ns3:TrackPointExtension>
					</extensions>
			</trkpt>
			<trkpt lat="35.95469" lon="120.20392">
				<ele>40.0</ele>
				<time>2021-02-21T10:17:33Z</time>
					<extensions>
						<ns3:TrackPointExtension>
						</ns3:TrackPointExtension>
					</extensions>
			</trkpt>
			<trkpt lat="35.954712" lon="120.20392">
				<ele>40.0</ele>
				<time>2021-02-21T10:17:34Z</time>
					<extensions>
						<ns3:TrackPointExtension>
						</ns3:TrackPointExtension>
					</extensions>
			</trkpt>
			<trkpt lat="35.954735" lon="120.20392">
				<ele>40.0</ele>
				<time>2021-02-21T10:17:35Z</time>
					<extensions>
						<ns3:TrackPointExtension>
						</ns3:TrackPointExtension>
					</extensions>
			</trkpt>
			<trkpt lat="35.95476" lon="120.20392">
				<ele>40.0</ele>
				<time>2021-02-21T10:17:36Z</time>
					<extensions>
						<ns3:TrackPointExtension>
						</ns3:TrackPointExtension>
					</extensions>
			</trkpt>
			<trkpt lat="35.95479" lon="120.20391">
				<ele>40.0</ele>
				<time>2021-02-21T10:17:37Z</time>
					<extensions>
						<ns3:TrackPointExtension>
						</ns3:TrackPointExtension>
					</extensions>
			</trkpt>
			<trkpt lat="35.954807" lon="120.20391">
				<ele>40.0</ele>
				<time>2021-02-21T10:17:38Z</time>
					<extensions>
						<ns3:TrackPointExtension>
						</ns3:TrackPointExtension>
					</extensions>
			</trkpt>
			<trkpt lat="35.954838" lon="120.203896">
				<ele>40.0</ele>
				<time>2021-02-21T10:17:39Z</time>
					<extensions>
						<ns3:TrackPointExtension>
						</ns3:TrackPointExtension>
					</extensions>
			</trkpt>
			<trkpt lat="35.95486" lon="120.203896">
				<ele>40.0</ele>
				<time>2021-02-21T10:17:40Z</time>
					<extensions>
						<ns3:TrackPointExtension>
						</ns3:TrackPointExtension>
					</extensions>
			</trkpt>
			<trkpt lat="35.9549" lon="120.203896">
				<ele>40.0</ele>
				<time>2021-02-21T10:17:41Z</time>
					<extensions>
						<ns3:TrackPointExtension>
						</ns3:TrackPointExtension>
					</extensions>
			</trkpt>
			<trkpt lat="35.95492" lon="120.203896">
				<ele>40.0</ele>
				<time>2021-02-21T10:17:42Z</time>
					<extensions>
						<ns3:TrackPointExtension>
						</ns3:TrackPointExtension>
					</extensions>
			</trkpt>
			<trkpt lat="35.95495" lon="120.203896">
				<ele>40.0</ele>
				<time>2021-02-21T10:17:43Z</time>
					<extensions>
						<ns3:TrackPointExtension>
						</ns3:TrackPointExtension>
					</extensions>
			</trkpt>
			<trkpt lat="35.95497" lon="120.203896">
				<ele>40.0</ele>
				<time>2021-02-21T10:17:44Z</time>
					<extensions>
						<ns3:TrackPointExtension>
						</ns3:TrackPointExtension>
					</extensions>
			</trkpt>
			<trkpt lat="35.95501" lon="120.203896">
				<ele>40.0</ele>
				<time>2021-02-21T10:17:45Z</time>
					<extensions>
						<ns3:TrackPointExtension>
						</ns3:TrackPointExtension>
					</extensions>
			</trkpt>
			<trkpt lat="35.955032" lon="120.203896">
				<ele>40.0</ele>
				<time>2021-02-21T10:17:46Z</time>
					<extensions>
						<ns3:TrackPointExtension>
						</ns3:TrackPointExtension>
					</extensions>
			</trkpt>
			<trkpt lat="35.95507" lon="120.203896">
				<ele>40.0</ele>
				<time>2021-02-21T10:17:47Z</time>
					<extensions>
						<ns3:TrackPointExtension>
						</ns3:TrackPointExtension>
					</extensions>
			</trkpt>
			<trkpt lat="35.955105" lon="120.203896">
				<ele>40.0</ele>
				<time>2021-02-21T10:17:48Z</time>
					<extensions>
						<ns3:TrackPointExtension>
						</ns3:TrackPointExtension>
					</extensions>
			</trkpt>
			<trkpt lat="35.955143" lon="120.203896">
				<ele>40.0</ele>
				<time>2021-02-21T10:17:49Z</time>
					<extensions>
						<ns3:TrackPointExtension>
						</ns3:TrackPointExtension>
					</extensions>
			</trkpt>
			<trkpt lat="35.95517" lon="120.203896">
				<ele>40.0</ele>
				<time>2021-02-21T10:17:50Z</time>
					<extensions>
						<ns3:TrackPointExtension>
						</ns3:TrackPointExtension>
					</extensions>
			</trkpt>
			<trkpt lat="35.955196" lon="120.203896">
				<ele>41.0</ele>
				<time>2021-02-21T10:17:51Z</time>
					<extensions>
						<ns3:TrackPointExtension>
						</ns3:TrackPointExtension>
					</extensions>
			</trkpt>
			<trkpt lat="35.955242" lon="120.20389">
				<ele>41.0</ele>
				<time>2021-02-21T10:17:52Z</time>
					<extensions>
						<ns3:TrackPointExtension>
						</ns3:TrackPointExtension>
					</extensions>
			</trkpt>
			<trkpt lat="35.95526" lon="120.20395">
				<ele>41.0</ele>
				<time>2021-02-21T10:17:53Z</time>
					<extensions>
						<ns3:TrackPointExtension>
						</ns3:TrackPointExtension>
					</extensions>
			</trkpt>
			<trkpt lat="35.955284" lon="120.20398">
				<ele>41.0</ele>
				<time>2021-02-21T10:17:54Z</time>
					<extensions>
						<ns3:TrackPointExtension>
						</ns3:TrackPointExtension>
					</extensions>
			</trkpt>
			<trkpt lat="35.955296" lon="120.20401">
				<ele>41.0</ele>
				<time>2021-02-21T10:17:55Z</time>
					<extensions>
						<ns3:TrackPointExtension>
						</ns3:TrackPointExtension>
					</extensions>
			</trkpt>
			<trkpt lat="35.955303" lon="120.204056">
				<ele>41.0</ele>
				<time>2021-02-21T10:17:56Z</time>
					<extensions>
						<ns3:TrackPointExtension>
						</ns3:TrackPointExtension>
					</extensions>
			</trkpt>
			<trkpt lat="35.955307" lon="120.204094">
				<ele>41.0</ele>
				<time>2021-02-21T10:17:57Z</time>
					<extensions>
						<ns3:TrackPointExtension>
						</ns3:TrackPointExtension>
					</extensions>
			</trkpt>
			<trkpt lat="35.955307" lon="120.204124">
				<ele>41.0</ele>
				<time>2021-02-21T10:17:58Z</time>
					<extensions>
						<ns3:TrackPointExtension>
						</ns3:TrackPointExtension>
					</extensions>
			</trkpt>
			<trkpt lat="35.95531" lon="120.204155">
				<ele>41.0</ele>
				<time>2021-02-21T10:17:59Z</time>
					<extensions>
						<ns3:TrackPointExtension>
						</ns3:TrackPointExtension>
					</extensions>
			</trkpt>
			<trkpt lat="35.955315" lon="120.20419">
				<ele>41.0</ele>
				<time>2021-02-21T10:18:00Z</time>
					<extensions>
						<ns3:TrackPointExtension>
						</ns3:TrackPointExtension>
					</extensions>
			</trkpt>
			<trkpt lat="35.955322" lon="120.20422">
				<ele>41.0</ele>
				<time>2021-02-21T10:18:01Z</time>
					<extensions>
						<ns3:TrackPointExtension>
						</ns3:TrackPointExtension>
					</extensions>
			</trkpt>
			<trkpt lat="35.95533" lon="120.204254">
				<ele>41.0</ele>
				<time>2021-02-21T10:18:02Z</time>
					<extensions>
						<ns3:TrackPointExtension>
						</ns3:TrackPointExtension>
					</extensions>
			</trkpt>
			<trkpt lat="35.955338" lon="120.204285">
				<ele>41.0</ele>
				<time>2021-02-21T10:18:03Z</time>
					<extensions>
						<ns3:TrackPointExtension>
						</ns3:TrackPointExtension>
					</extensions>
			</trkpt>
			<trkpt lat="35.955338" lon="120.20431">
				<ele>41.0</ele>
				<time>2021-02-21T10:18:04Z</time>
					<extensions>
						<ns3:TrackPointExtension>
						</ns3:TrackPointExtension>
					</extensions>
			</trkpt>
			<trkpt lat="35.95534" lon="120.20433">
				<ele>41.0</ele>
				<time>2021-02-21T10:18:05Z</time>
					<extensions>
						<ns3:TrackPointExtension>
						</ns3:TrackPointExtension>
					</extensions>
			</trkpt>
			<trkpt lat="35.955345" lon="120.204346">
				<ele>41.0</ele>
				<time>2021-02-21T10:18:06Z</time>
					<extensions>
						<ns3:TrackPointExtension>
						</ns3:TrackPointExtension>
					</extensions>
			</trkpt>
			<trkpt lat="35.955345" lon="120.204384">
				<ele>41.0</ele>
				<time>2021-02-21T10:18:07Z</time>
					<extensions>
						<ns3:TrackPointExtension>
						</ns3:TrackPointExtension>
					</extensions>
			</trkpt>
			<trkpt lat="35.95535" lon="120.2044">
				<ele>42.0</ele>
				<time>2021-02-21T10:18:08Z</time>
					<extensions>
						<ns3:TrackPointExtension>
						</ns3:TrackPointExtension>
					</extensions>
			</trkpt>
			<trkpt lat="35.955353" lon="120.20442">
				<ele>42.0</ele>
				<time>2021-02-21T10:18:09Z</time>
					<extensions>
						<ns3:TrackPointExtension>
						</ns3:TrackPointExtension>
					</extensions>
			</trkpt>
			<trkpt lat="35.955353" lon="120.20443">
				<ele>42.0</ele>
				<time>2021-02-21T10:18:10Z</time>
					<extensions>
						<ns3:TrackPointExtension>
						</ns3:TrackPointExtension>
					</extensions>
			</trkpt>
			<trkpt lat="35.95536" lon="120.20445">
				<ele>42.0</ele>
				<time>2021-02-21T10:18:11Z</time>
					<extensions>
						<ns3:TrackPointExtension>
						</ns3:TrackPointExtension>
					</extensions>
			</trkpt>
			<trkpt lat="35.95536" lon="120.204475">
				<ele>42.0</ele>
				<time>2021-02-21T10:18:12Z</time>
					<extensions>
						<ns3:TrackPointExtension>
						</ns3:TrackPointExtension>
					</extensions>
			</trkpt>
			<trkpt lat="35.955368" lon="120.20449">
				<ele>43.0</ele>
				<time>2021-02-21T10:18:13Z</time>
					<extensions>
						<ns3:TrackPointExtension>
						</ns3:TrackPointExtension>
					</extensions>
			</trkpt>
			<trkpt lat="35.95537" lon="120.20451">
				<ele>43.0</ele>
				<time>2021-02-21T10:18:14Z</time>
					<extensions>
						<ns3:TrackPointExtension>
						</ns3:TrackPointExtension>
					</extensions>
			</trkpt>
			<trkpt lat="35.955376" lon="120.20454">
				<ele>43.0</ele>
				<time>2021-02-21T10:18:15Z</time>
					<extensions>
						<ns3:TrackPointExtension>
						</ns3:TrackPointExtension>
					</extensions>
			</trkpt>
			<trkpt lat="35.95538" lon="120.20455">
				<ele>43.0</ele>
				<time>2021-02-21T10:18:16Z</time>
					<extensions>
						<ns3:TrackPointExtension>
						</ns3:TrackPointExtension>
					</extensions>
			</trkpt>
			<trkpt lat="35.955383" lon="120.204575">
				<ele>43.0</ele>
				<time>2021-02-21T10:18:17Z</time>
					<extensions>
						<ns3:TrackPointExtension>
						</ns3:TrackPointExtension>
					</extensions>
			</trkpt>
			<trkpt lat="35.955387" lon="120.20458">
				<ele>43.0</ele>
				<time>2021-02-21T10:18:18Z</time>
					<extensions>
						<ns3:TrackPointExtension>
						</ns3:TrackPointExtension>
					</extensions>
			</trkpt>
			<trkpt lat="35.95539" lon="120.2046">
				<ele>43.0</ele>
				<time>2021-02-21T10:18:19Z</time>
					<extensions>
						<ns3:TrackPointExtension>
						</ns3:TrackPointExtension>
					</extensions>
			</trkpt>
			<trkpt lat="35.95539" lon="120.20463">
				<ele>43.0</ele>
				<time>2021-02-21T10:18:20Z</time>
					<extensions>
						<ns3:TrackPointExtension>
						</ns3:TrackPointExtension>
					</extensions>
			</trkpt>
			<trkpt lat="35.955395" lon="120.20464">
				<ele>43.0</ele>
				<time>2021-02-21T10:18:21Z</time>
					<extensions>
						<ns3:TrackPointExtension>
						</ns3:TrackPointExtension>
					</extensions>
			</trkpt>
			<trkpt lat="35.9554" lon="120.20467">
				<ele>43.0</ele>
				<time>2021-02-21T10:18:22Z</time>
					<extensions>
						<ns3:TrackPointExtension>
						</ns3:TrackPointExtension>
					</extensions>
			</trkpt>
			<trkpt lat="35.955402" lon="120.2047">
				<ele>43.0</ele>
				<time>2021-02-21T10:18:23Z</time>
					<extensions>
						<ns3:TrackPointExtension>
						</ns3:TrackPointExtension>
					</extensions>
			</trkpt>
			<trkpt lat="35.955406" lon="120.20472">
				<ele>43.0</ele>
				<time>2021-02-21T10:18:24Z</time>
					<extensions>
						<ns3:TrackPointExtension>
						</ns3:TrackPointExtension>
					</extensions>
			</trkpt>
			<trkpt lat="35.955414" lon="120.20475">
				<ele>43.0</ele>
				<time>2021-02-21T10:18:25Z</time>
					<extensions>
						<ns3:TrackPointExtension>
						</ns3:TrackPointExtension>
					</extensions>
			</trkpt>
			<trkpt lat="35.955414" lon="120.20478">
				<ele>43.0</ele>
				<time>2021-02-21T10:18:26Z</time>
					<extensions>
						<ns3:TrackPointExtension>
						</ns3:TrackPointExtension>
					</extensions>
			</trkpt>
			<trkpt lat="35.95542" lon="120.2048">
				<ele>43.0</ele>
				<time>2021-02-21T10:18:27Z</time>
					<extensions>
						<ns3:TrackPointExtension>
						</ns3:TrackPointExtension>
					</extensions>
			</trkpt>
			<trkpt lat="35.95543" lon="120.204834">
				<ele>43.0</ele>
				<time>2021-02-21T10:18:28Z</time>
					<extensions>
						<ns3:TrackPointExtension>
						</ns3:TrackPointExtension>
					</extensions>
			</trkpt>
			<trkpt lat="35.95543" lon="120.204865">
				<ele>43.0</ele>
				<time>2021-02-21T10:18:29Z</time>
					<extensions>
						<ns3:TrackPointExtension>
						</ns3:TrackPointExtension>
					</extensions>
			</trkpt>
			<trkpt lat="35.955437" lon="120.20488">
				<ele>43.0</ele>
				<time>2021-02-21T10:18:30Z</time>
					<extensions>
						<ns3:TrackPointExtension>
						</ns3:TrackPointExtension>
					</extensions>
			</trkpt>
			<trkpt lat="35.955444" lon="120.20491">
				<ele>43.0</ele>
				<time>2021-02-21T10:18:31Z</time>
					<extensions>
						<ns3:TrackPointExtension>
						</ns3:TrackPointExtension>
					</extensions>
			</trkpt>
			<trkpt lat="35.95545" lon="120.20494">
				<ele>43.0</ele>
				<time>2021-02-21T10:18:32Z</time>
					<extensions>
						<ns3:TrackPointExtension>
						</ns3:TrackPointExtension>
					</extensions>
			</trkpt>
			<trkpt lat="35.955452" lon="120.20496">
				<ele>43.0</ele>
				<time>2021-02-21T10:18:33Z</time>
					<extensions>
						<ns3:TrackPointExtension>
						</ns3:TrackPointExtension>
					</extensions>
			</trkpt>
			<trkpt lat="35.95546" lon="120.20499">
				<ele>43.0</ele>
				<time>2021-02-21T10:18:34Z</time>
					<extensions>
						<ns3:TrackPointExtension>
						</ns3:TrackPointExtension>
					</extensions>
			</trkpt>
			<trkpt lat="35.955467" lon="120.20502">
				<ele>43.0</ele>
				<time>2021-02-21T10:18:35Z</time>
					<extensions>
						<ns3:TrackPointExtension>
						</ns3:TrackPointExtension>
					</extensions>
			</trkpt>
			<trkpt lat="35.95547" lon="120.20505">
				<ele>43.0</ele>
				<time>2021-02-21T10:18:36Z</time>
					<extensions>
						<ns3:TrackPointExtension>
						</ns3:TrackPointExtension>
					</extensions>
			</trkpt>
			<trkpt lat="35.955475" lon="120.20508">
				<ele>43.0</ele>
				<time>2021-02-21T10:18:37Z</time>
					<extensions>
						<ns3:TrackPointExtension>
						</ns3:TrackPointExtension>
					</extensions>
			</trkpt>
			<trkpt lat="35.955482" lon="120.20511">
				<ele>43.0</ele>
				<time>2021-02-21T10:18:38Z</time>
					<extensions>
						<ns3:TrackPointExtension>
						</ns3:TrackPointExtension>
					</extensions>
			</trkpt>
			<trkpt lat="35.95549" lon="120.205124">
				<ele>43.0</ele>
				<time>2021-02-21T10:18:39Z</time>
					<extensions>
						<ns3:TrackPointExtension>
						</ns3:TrackPointExtension>
					</extensions>
			</trkpt>
			<trkpt lat="35.955494" lon="120.20516">
				<ele>43.0</ele>
				<time>2021-02-21T10:18:40Z</time>
					<extensions>
						<ns3:TrackPointExtension>
						</ns3:TrackPointExtension>
					</extensions>
			</trkpt>
			<trkpt lat="35.9555" lon="120.20518">
				<ele>43.0</ele>
				<time>2021-02-21T10:18:41Z</time>
					<extensions>
						<ns3:TrackPointExtension>
						</ns3:TrackPointExtension>
					</extensions>
			</trkpt>
			<trkpt lat="35.955505" lon="120.20521">
				<ele>43.0</ele>
				<time>2021-02-21T10:18:42Z</time>
					<extensions>
						<ns3:TrackPointExtension>
						</ns3:TrackPointExtension>
					</extensions>
			</trkpt>
			<trkpt lat="35.95551" lon="120.20523">
				<ele>43.0</ele>
				<time>2021-02-21T10:18:43Z</time>
					<extensions>
						<ns3:TrackPointExtension>
						</ns3:TrackPointExtension>
					</extensions>
			</trkpt>
			<trkpt lat="35.955517" lon="120.20526">
				<ele>43.0</ele>
				<time>2021-02-21T10:18:44Z</time>
					<extensions>
						<ns3:TrackPointExtension>
						</ns3:TrackPointExtension>
					</extensions>
			</trkpt>
			<trkpt lat="35.955524" lon="120.20529">
				<ele>43.0</ele>
				<time>2021-02-21T10:18:45Z</time>
					<extensions>
						<ns3:TrackPointExtension>
						</ns3:TrackPointExtension>
					</extensions>
			</trkpt>
			<trkpt lat="35.95553" lon="120.205315">
				<ele>43.0</ele>
				<time>2021-02-21T10:18:46Z</time>
					<extensions>
						<ns3:TrackPointExtension>
						</ns3:TrackPointExtension>
					</extensions>
			</trkpt>
			<trkpt lat="35.955536" lon="120.205345">
				<ele>43.0</ele>
				<time>2021-02-21T10:18:47Z</time>
					<extensions>
						<ns3:TrackPointExtension>
						</ns3:TrackPointExtension>
					</extensions>
			</trkpt>
			<trkpt lat="35.955544" lon="120.205376">
				<ele>43.0</ele>
				<time>2021-02-21T10:18:48Z</time>
					<extensions>
						<ns3:TrackPointExtension>
						</ns3:TrackPointExtension>
					</extensions>
			</trkpt>
			<trkpt lat="35.955555" lon="120.205414">
				<ele>43.0</ele>
				<time>2021-02-21T10:18:49Z</time>
					<extensions>
						<ns3:TrackPointExtension>
						</ns3:TrackPointExtension>
					</extensions>
			</trkpt>
			<trkpt lat="35.95556" lon="120.20544">
				<ele>43.0</ele>
				<time>2021-02-21T10:18:50Z</time>
					<extensions>
						<ns3:TrackPointExtension>
						</ns3:TrackPointExtension>
					</extensions>
			</trkpt>
			<trkpt lat="35.955563" lon="120.20547">
				<ele>43.0</ele>
				<time>2021-02-21T10:18:51Z</time>
					<extensions>
						<ns3:TrackPointExtension>
						</ns3:TrackPointExtension>
					</extensions>
			</trkpt>
			<trkpt lat="35.95557" lon="120.2055">
				<ele>43.0</ele>
				<time>2021-02-21T10:18:52Z</time>
					<extensions>
						<ns3:TrackPointExtension>
						</ns3:TrackPointExtension>
					</extensions>
			</trkpt>
			<trkpt lat="35.955578" lon="120.20553">
				<ele>43.0</ele>
				<time>2021-02-21T10:18:53Z</time>
					<extensions>
						<ns3:TrackPointExtension>
						</ns3:TrackPointExtension>
					</extensions>
			</trkpt>
			<trkpt lat="35.95558" lon="120.20556">
				<ele>43.0</ele>
				<time>2021-02-21T10:18:54Z</time>
					<extensions>
						<ns3:TrackPointExtension>
						</ns3:TrackPointExtension>
					</extensions>
			</trkpt>
			<trkpt lat="35.955585" lon="120.20559">
				<ele>43.0</ele>
				<time>2021-02-21T10:18:55Z</time>
					<extensions>
						<ns3:TrackPointExtension>
						</ns3:TrackPointExtension>
					</extensions>
			</trkpt>
			<trkpt lat="35.955593" lon="120.20562">
				<ele>43.0</ele>
				<time>2021-02-21T10:18:56Z</time>
					<extensions>
						<ns3:TrackPointExtension>
						</ns3:TrackPointExtension>
					</extensions>
			</trkpt>
			<trkpt lat="35.9556" lon="120.20566">
				<ele>43.0</ele>
				<time>2021-02-21T10:18:57Z</time>
					<extensions>
						<ns3:TrackPointExtension>
						</ns3:TrackPointExtension>
					</extensions>
			</trkpt>
			<trkpt lat="35.9556" lon="120.20569">
				<ele>43.0</ele>
				<time>2021-02-21T10:18:58Z</time>
					<extensions>
						<ns3:TrackPointExtension>
						</ns3:TrackPointExtension>
					</extensions>
			</trkpt>
			<trkpt lat="35.95561" lon="120.20572">
				<ele>43.0</ele>
				<time>2021-02-21T10:18:59Z</time>
					<extensions>
						<ns3:TrackPointExtension>
						</ns3:TrackPointExtension>
					</extensions>
			</trkpt>
			<trkpt lat="35.955616" lon="120.20575">
				<ele>43.0</ele>
				<time>2021-02-21T10:19:00Z</time>
					<extensions>
						<ns3:TrackPointExtension>
						</ns3:TrackPointExtension>
					</extensions>
			</trkpt>
			<trkpt lat="35.955616" lon="120.20578">
				<ele>43.0</ele>
				<time>2021-02-21T10:19:01Z</time>
					<extensions>
						<ns3:TrackPointExtension>
						</ns3:TrackPointExtension>
					</extensions>
			</trkpt>
			<trkpt lat="35.955624" lon="120.20581">
				<ele>43.0</ele>
				<time>2021-02-21T10:19:02Z</time>
					<extensions>
						<ns3:TrackPointExtension>
						</ns3:TrackPointExtension>
					</extensions>
			</trkpt>
			<trkpt lat="35.955624" lon="120.20584">
				<ele>43.0</ele>
				<time>2021-02-21T10:19:03Z</time>
					<extensions>
						<ns3:TrackPointExtension>
						</ns3:TrackPointExtension>
					</extensions>
			</trkpt>
			<trkpt lat="35.955627" lon="120.205864">
				<ele>43.0</ele>
				<time>2021-02-21T10:19:04Z</time>
					<extensions>
						<ns3:TrackPointExtension>
						</ns3:TrackPointExtension>
					</extensions>
			</trkpt>
			<trkpt lat="35.95563" lon="120.20589">
				<ele>43.0</ele>
				<time>2021-02-21T10:19:05Z</time>
					<extensions>
						<ns3:TrackPointExtension>
						</ns3:TrackPointExtension>
					</extensions>
			</trkpt>
			<trkpt lat="35.955635" lon="120.20591">
				<ele>43.0</ele>
				<time>2021-02-21T10:19:06Z</time>
					<extensions>
						<ns3:TrackPointExtension>
						</ns3:TrackPointExtension>
					</extensions>
			</trkpt>
			<trkpt lat="35.95564" lon="120.20594">
				<ele>43.0</ele>
				<time>2021-02-21T10:19:07Z</time>
					<extensions>
						<ns3:TrackPointExtension>
						</ns3:TrackPointExtension>
					</extensions>
			</trkpt>
			<trkpt lat="35.95564" lon="120.205956">
				<ele>43.0</ele>
				<time>2021-02-21T10:19:08Z</time>
					<extensions>
						<ns3:TrackPointExtension>
						</ns3:TrackPointExtension>
					</extensions>
			</trkpt>
			<trkpt lat="35.95564" lon="120.20598">
				<ele>43.0</ele>
				<time>2021-02-21T10:19:09Z</time>
					<extensions>
						<ns3:TrackPointExtension>
						</ns3:TrackPointExtension>
					</extensions>
			</trkpt>
			<trkpt lat="35.95564" lon="120.206">
				<ele>43.0</ele>
				<time>2021-02-21T10:19:10Z</time>
					<extensions>
						<ns3:TrackPointExtension>
						</ns3:TrackPointExtension>
					</extensions>
			</trkpt>
			<trkpt lat="35.955643" lon="120.20603">
				<ele>43.0</ele>
				<time>2021-02-21T10:19:11Z</time>
					<extensions>
						<ns3:TrackPointExtension>
						</ns3:TrackPointExtension>
					</extensions>
			</trkpt>
			<trkpt lat="35.955643" lon="120.20605">
				<ele>43.0</ele>
				<time>2021-02-21T10:19:12Z</time>
					<extensions>
						<ns3:TrackPointExtension>
						</ns3:TrackPointExtension>
					</extensions>
			</trkpt>
			<trkpt lat="35.95564" lon="120.20609">
				<ele>43.0</ele>
				<time>2021-02-21T10:19:13Z</time>
					<extensions>
						<ns3:TrackPointExtension>
						</ns3:TrackPointExtension>
					</extensions>
			</trkpt>
			<trkpt lat="35.955647" lon="120.20611">
				<ele>43.0</ele>
				<time>2021-02-21T10:19:14Z</time>
					<extensions>
						<ns3:TrackPointExtension>
						</ns3:TrackPointExtension>
					</extensions>
			</trkpt>
			<trkpt lat="35.955654" lon="120.20614">
				<ele>43.0</ele>
				<time>2021-02-21T10:19:15Z</time>
					<extensions>
						<ns3:TrackPointExtension>
						</ns3:TrackPointExtension>
					</extensions>
			</trkpt>
			<trkpt lat="35.95566" lon="120.20617">
				<ele>43.0</ele>
				<time>2021-02-21T10:19:16Z</time>
					<extensions>
						<ns3:TrackPointExtension>
						</ns3:TrackPointExtension>
					</extensions>
			</trkpt>
			<trkpt lat="35.95567" lon="120.2062">
				<ele>43.0</ele>
				<time>2021-02-21T10:19:17Z</time>
					<extensions>
						<ns3:TrackPointExtension>
						</ns3:TrackPointExtension>
					</extensions>
			</trkpt>
			<trkpt lat="35.955677" lon="120.20623">
				<ele>42.0</ele>
				<time>2021-02-21T10:19:18Z</time>
					<extensions>
						<ns3:TrackPointExtension>
						</ns3:TrackPointExtension>
					</extensions>
			</trkpt>
			<trkpt lat="35.95568" lon="120.20626">
				<ele>42.0</ele>
				<time>2021-02-21T10:19:19Z</time>
					<extensions>
						<ns3:TrackPointExtension>
						</ns3:TrackPointExtension>
					</extensions>
			</trkpt>
			<trkpt lat="35.955685" lon="120.2063">
				<ele>42.0</ele>
				<time>2021-02-21T10:19:20Z</time>
					<extensions>
						<ns3:TrackPointExtension>
						</ns3:TrackPointExtension>
					</extensions>
			</trkpt>
			<trkpt lat="35.955692" lon="120.20633">
				<ele>42.0</ele>
				<time>2021-02-21T10:19:21Z</time>
					<extensions>
						<ns3:TrackPointExtension>
						</ns3:TrackPointExtension>
					</extensions>
			</trkpt>
			<trkpt lat="35.955692" lon="120.20637">
				<ele>42.0</ele>
				<time>2021-02-21T10:19:22Z</time>
					<extensions>
						<ns3:TrackPointExtension>
						</ns3:TrackPointExtension>
					</extensions>
			</trkpt>
			<trkpt lat="35.9557" lon="120.20639">
				<ele>42.0</ele>
				<time>2021-02-21T10:19:23Z</time>
					<extensions>
						<ns3:TrackPointExtension>
						</ns3:TrackPointExtension>
					</extensions>
			</trkpt>
			<trkpt lat="35.9557" lon="120.20642">
				<ele>41.0</ele>
				<time>2021-02-21T10:19:24Z</time>
					<extensions>
						<ns3:TrackPointExtension>
						</ns3:TrackPointExtension>
					</extensions>
			</trkpt>
			<trkpt lat="35.955708" lon="120.20645">
				<ele>41.0</ele>
				<time>2021-02-21T10:19:25Z</time>
					<extensions>
						<ns3:TrackPointExtension>
						</ns3:TrackPointExtension>
					</extensions>
			</trkpt>
			<trkpt lat="35.955708" lon="120.20649">
				<ele>41.0</ele>
				<time>2021-02-21T10:19:26Z</time>
					<extensions>
						<ns3:TrackPointExtension>
						</ns3:TrackPointExtension>
					</extensions>
			</trkpt>
			<trkpt lat="35.955715" lon="120.20652">
				<ele>41.0</ele>
				<time>2021-02-21T10:19:27Z</time>
					<extensions>
						<ns3:TrackPointExtension>
						</ns3:TrackPointExtension>
					</extensions>
			</trkpt>
			<trkpt lat="35.95572" lon="120.20654">
				<ele>41.0</ele>
				<time>2021-02-21T10:19:28Z</time>
					<extensions>
						<ns3:TrackPointExtension>
						</ns3:TrackPointExtension>
					</extensions>
			</trkpt>
			<trkpt lat="35.95572" lon="120.20657">
				<ele>41.0</ele>
				<time>2021-02-21T10:19:29Z</time>
					<extensions>
						<ns3:TrackPointExtension>
						</ns3:TrackPointExtension>
					</extensions>
			</trkpt>
			<trkpt lat="35.955727" lon="120.20661">
				<ele>41.0</ele>
				<time>2021-02-21T10:19:30Z</time>
					<extensions>
						<ns3:TrackPointExtension>
						</ns3:TrackPointExtension>
					</extensions>
			</trkpt>
			<trkpt lat="35.95573" lon="120.20664">
				<ele>41.0</ele>
				<time>2021-02-21T10:19:31Z</time>
					<extensions>
						<ns3:TrackPointExtension>
						</ns3:TrackPointExtension>
					</extensions>
			</trkpt>
			<trkpt lat="35.955734" lon="120.20667">
				<ele>41.0</ele>
				<time>2021-02-21T10:19:32Z</time>
					<extensions>
						<ns3:TrackPointExtension>
						</ns3:TrackPointExtension>
					</extensions>
			</trkpt>
			<trkpt lat="35.955738" lon="120.2067">
				<ele>41.0</ele>
				<time>2021-02-21T10:19:33Z</time>
					<extensions>
						<ns3:TrackPointExtension>
						</ns3:TrackPointExtension>
					</extensions>
			</trkpt>
			<trkpt lat="35.95574" lon="120.20673">
				<ele>41.0</ele>
				<time>2021-02-21T10:19:34Z</time>
					<extensions>
						<ns3:TrackPointExtension>
						</ns3:TrackPointExtension>
					</extensions>
			</trkpt>
			<trkpt lat="35.95574" lon="120.206764">
				<ele>41.0</ele>
				<time>2021-02-21T10:19:35Z</time>
					<extensions>
						<ns3:TrackPointExtension>
						</ns3:TrackPointExtension>
					</extensions>
			</trkpt>
			<trkpt lat="35.955746" lon="120.206795">
				<ele>41.0</ele>
				<time>2021-02-21T10:19:36Z</time>
					<extensions>
						<ns3:TrackPointExtension>
						</ns3:TrackPointExtension>
					</extensions>
			</trkpt>
			<trkpt lat="35.95575" lon="120.206825">
				<ele>41.0</ele>
				<time>2021-02-21T10:19:37Z</time>
					<extensions>
						<ns3:TrackPointExtension>
						</ns3:TrackPointExtension>
					</extensions>
			</trkpt>
			<trkpt lat="35.95575" lon="120.206856">
				<ele>41.0</ele>
				<time>2021-02-21T10:19:38Z</time>
					<extensions>
						<ns3:TrackPointExtension>
						</ns3:TrackPointExtension>
					</extensions>
			</trkpt>
			<trkpt lat="35.95575" lon="120.20688">
				<ele>41.0</ele>
				<time>2021-02-21T10:19:39Z</time>
					<extensions>
						<ns3:TrackPointExtension>
						</ns3:TrackPointExtension>
					</extensions>
			</trkpt>
			<trkpt lat="35.95575" lon="120.20691">
				<ele>41.0</ele>
				<time>2021-02-21T10:19:40Z</time>
					<extensions>
						<ns3:TrackPointExtension>
						</ns3:TrackPointExtension>
					</extensions>
			</trkpt>
			<trkpt lat="35.95575" lon="120.20694">
				<ele>41.0</ele>
				<time>2021-02-21T10:19:41Z</time>
					<extensions>
						<ns3:TrackPointExtension>
						</ns3:TrackPointExtension>
					</extensions>
			</trkpt>
			<trkpt lat="35.95575" lon="120.20697">
				<ele>41.0</ele>
				<time>2021-02-21T10:19:42Z</time>
					<extensions>
						<ns3:TrackPointExtension>
						</ns3:TrackPointExtension>
					</extensions>
			</trkpt>
			<trkpt lat="35.955753" lon="120.20699">
				<ele>41.0</ele>
				<time>2021-02-21T10:19:43Z</time>
					<extensions>
						<ns3:TrackPointExtension>
						</ns3:TrackPointExtension>
					</extensions>
			</trkpt>
			<trkpt lat="35.955757" lon="120.20703">
				<ele>41.0</ele>
				<time>2021-02-21T10:19:44Z</time>
					<extensions>
						<ns3:TrackPointExtension>
						</ns3:TrackPointExtension>
					</extensions>
			</trkpt>
			<trkpt lat="35.955757" lon="120.20706">
				<ele>41.0</ele>
				<time>2021-02-21T10:19:45Z</time>
					<extensions>
						<ns3:TrackPointExtension>
						</ns3:TrackPointExtension>
					</extensions>
			</trkpt>
			<trkpt lat="35.955757" lon="120.207085">
				<ele>41.0</ele>
				<time>2021-02-21T10:19:46Z</time>
					<extensions>
						<ns3:TrackPointExtension>
						</ns3:TrackPointExtension>
					</extensions>
			</trkpt>
			<trkpt lat="35.955757" lon="120.207115">
				<ele>41.0</ele>
				<time>2021-02-21T10:19:47Z</time>
					<extensions>
						<ns3:TrackPointExtension>
						</ns3:TrackPointExtension>
					</extensions>
			</trkpt>
			<trkpt lat="35.955757" lon="120.20714">
				<ele>41.0</ele>
				<time>2021-02-21T10:19:48Z</time>
					<extensions>
						<ns3:TrackPointExtension>
						</ns3:TrackPointExtension>
					</extensions>
			</trkpt>
			<trkpt lat="35.95576" lon="120.20717">
				<ele>41.0</ele>
				<time>2021-02-21T10:19:49Z</time>
					<extensions>
						<ns3:TrackPointExtension>
						</ns3:TrackPointExtension>
					</extensions>
			</trkpt>
			<trkpt lat="35.95576" lon="120.2072">
				<ele>41.0</ele>
				<time>2021-02-21T10:19:50Z</time>
					<extensions>
						<ns3:TrackPointExtension>
						</ns3:TrackPointExtension>
					</extensions>
			</trkpt>
			<trkpt lat="35.955765" lon="120.207214">
				<ele>41.0</ele>
				<time>2021-02-21T10:19:51Z</time>
					<extensions>
						<ns3:TrackPointExtension>
						</ns3:TrackPointExtension>
					</extensions>
			</trkpt>
			<trkpt lat="35.95576" lon="120.207245">
				<ele>41.0</ele>
				<time>2021-02-21T10:19:52Z</time>
					<extensions>
						<ns3:TrackPointExtension>
						</ns3:TrackPointExtension>
					</extensions>
			</trkpt>
			<trkpt lat="35.955765" lon="120.207275">
				<ele>41.0</ele>
				<time>2021-02-21T10:19:53Z</time>
					<extensions>
						<ns3:TrackPointExtension>
						</ns3:TrackPointExtension>
					</extensions>
			</trkpt>
			<trkpt lat="35.955765" lon="120.207306">
				<ele>41.0</ele>
				<time>2021-02-21T10:19:54Z</time>
					<extensions>
						<ns3:TrackPointExtension>
						</ns3:TrackPointExtension>
					</extensions>
			</trkpt>
			<trkpt lat="35.955765" lon="120.20734">
				<ele>41.0</ele>
				<time>2021-02-21T10:19:55Z</time>
					<extensions>
						<ns3:TrackPointExtension>
						</ns3:TrackPointExtension>
					</extensions>
			</trkpt>
			<trkpt lat="35.95577" lon="120.20737">
				<ele>41.0</ele>
				<time>2021-02-21T10:19:56Z</time>
					<extensions>
						<ns3:TrackPointExtension>
						</ns3:TrackPointExtension>
					</extensions>
			</trkpt>
			<trkpt lat="35.95577" lon="120.20741">
				<ele>41.0</ele>
				<time>2021-02-21T10:19:57Z</time>
					<extensions>
						<ns3:TrackPointExtension>
						</ns3:TrackPointExtension>
					</extensions>
			</trkpt>
			<trkpt lat="35.95577" lon="120.20743">
				<ele>41.0</ele>
				<time>2021-02-21T10:19:58Z</time>
					<extensions>
						<ns3:TrackPointExtension>
						</ns3:TrackPointExtension>
					</extensions>
			</trkpt>
			<trkpt lat="35.95577" lon="120.207466">
				<ele>41.0</ele>
				<time>2021-02-21T10:19:59Z</time>
					<extensions>
						<ns3:TrackPointExtension>
						</ns3:TrackPointExtension>
					</extensions>
			</trkpt>
			<trkpt lat="35.95577" lon="120.20747">
				<ele>41.0</ele>
				<time>2021-02-21T10:20:00Z</time>
					<extensions>
						<ns3:TrackPointExtension>
						</ns3:TrackPointExtension>
					</extensions>
			</trkpt>
			<trkpt lat="35.95577" lon="120.2075">
				<ele>41.0</ele>
				<time>2021-02-21T10:20:01Z</time>
					<extensions>
						<ns3:TrackPointExtension>
						</ns3:TrackPointExtension>
					</extensions>
			</trkpt>
			<trkpt lat="35.95577" lon="120.20751">
				<ele>41.0</ele>
				<time>2021-02-21T10:20:02Z</time>
					<extensions>
						<ns3:TrackPointExtension>
						</ns3:TrackPointExtension>
					</extensions>
			</trkpt>
			<trkpt lat="35.95577" lon="120.207535">
				<ele>41.0</ele>
				<time>2021-02-21T10:20:03Z</time>
					<extensions>
						<ns3:TrackPointExtension>
						</ns3:TrackPointExtension>
					</extensions>
			</trkpt>
			<trkpt lat="35.955765" lon="120.20756">
				<ele>41.0</ele>
				<time>2021-02-21T10:20:04Z</time>
					<extensions>
						<ns3:TrackPointExtension>
						</ns3:TrackPointExtension>
					</extensions>
			</trkpt>
			<trkpt lat="35.955772" lon="120.207565">
				<ele>41.0</ele>
				<time>2021-02-21T10:20:05Z</time>
					<extensions>
						<ns3:TrackPointExtension>
						</ns3:TrackPointExtension>
					</extensions>
			</trkpt>
			<trkpt lat="35.955776" lon="120.20759">
				<ele>41.0</ele>
				<time>2021-02-21T10:20:06Z</time>
					<extensions>
						<ns3:TrackPointExtension>
						</ns3:TrackPointExtension>
					</extensions>
			</trkpt>
			<trkpt lat="35.95578" lon="120.207596">
				<ele>41.0</ele>
				<time>2021-02-21T10:20:07Z</time>
					<extensions>
						<ns3:TrackPointExtension>
						</ns3:TrackPointExtension>
					</extensions>
			</trkpt>
			<trkpt lat="35.955788" lon="120.2076">
				<ele>41.0</ele>
				<time>2021-02-21T10:20:08Z</time>
					<extensions>
						<ns3:TrackPointExtension>
						</ns3:TrackPointExtension>
					</extensions>
			</trkpt>
			<trkpt lat="35.955803" lon="120.20762">
				<ele>41.0</ele>
				<time>2021-02-21T10:20:09Z</time>
					<extensions>
						<ns3:TrackPointExtension>
						</ns3:TrackPointExtension>
					</extensions>
			</trkpt>
			<trkpt lat="35.95581" lon="120.20763">
				<ele>41.0</ele>
				<time>2021-02-21T10:20:10Z</time>
					<extensions>
						<ns3:TrackPointExtension>
						</ns3:TrackPointExtension>
					</extensions>
			</trkpt>
			<trkpt lat="35.955822" lon="120.207634">
				<ele>41.0</ele>
				<time>2021-02-21T10:20:11Z</time>
					<extensions>
						<ns3:TrackPointExtension>
						</ns3:TrackPointExtension>
					</extensions>
			</trkpt>
			<trkpt lat="35.955837" lon="120.20765">
				<ele>41.0</ele>
				<time>2021-02-21T10:20:12Z</time>
					<extensions>
						<ns3:TrackPointExtension>
						</ns3:TrackPointExtension>
					</extensions>
			</trkpt>
			<trkpt lat="35.95585" lon="120.207634">
				<ele>41.0</ele>
				<time>2021-02-21T10:20:13Z</time>
					<extensions>
						<ns3:TrackPointExtension>
						</ns3:TrackPointExtension>
					</extensions>
			</trkpt>
			<trkpt lat="35.955856" lon="120.207634">
				<ele>41.0</ele>
				<time>2021-02-21T10:20:14Z</time>
					<extensions>
						<ns3:TrackPointExtension>
						</ns3:TrackPointExtension>
					</extensions>
			</trkpt>
			<trkpt lat="35.955864" lon="120.207634">
				<ele>41.0</ele>
				<time>2021-02-21T10:20:15Z</time>
					<extensions>
						<ns3:TrackPointExtension>
						</ns3:TrackPointExtension>
					</extensions>
			</trkpt>
			<trkpt lat="35.955875" lon="120.207634">
				<ele>41.0</ele>
				<time>2021-02-21T10:20:16Z</time>
					<extensions>
						<ns3:TrackPointExtension>
						</ns3:TrackPointExtension>
					</extensions>
			</trkpt>
			<trkpt lat="35.955887" lon="120.207634">
				<ele>41.0</ele>
				<time>2021-02-21T10:20:17Z</time>
					<extensions>
						<ns3:TrackPointExtension>
						</ns3:TrackPointExtension>
					</extensions>
			</trkpt>
			<trkpt lat="35.9559" lon="120.207634">
				<ele>41.0</ele>
				<time>2021-02-21T10:20:18Z</time>
					<extensions>
						<ns3:TrackPointExtension>
						</ns3:TrackPointExtension>
					</extensions>
			</trkpt>
			<trkpt lat="35.95591" lon="120.207634">
				<ele>41.0</ele>
				<time>2021-02-21T10:20:19Z</time>
					<extensions>
						<ns3:TrackPointExtension>
						</ns3:TrackPointExtension>
					</extensions>
			</trkpt>
			<trkpt lat="35.95592" lon="120.207634">
				<ele>41.0</ele>
				<time>2021-02-21T10:20:20Z</time>
					<extensions>
						<ns3:TrackPointExtension>
						</ns3:TrackPointExtension>
					</extensions>
			</trkpt>
			<trkpt lat="35.955933" lon="120.20763">
				<ele>41.0</ele>
				<time>2021-02-21T10:20:21Z</time>
					<extensions>
						<ns3:TrackPointExtension>
						</ns3:TrackPointExtension>
					</extensions>
			</trkpt>
			<trkpt lat="35.955944" lon="120.20763">
				<ele>42.0</ele>
				<time>2021-02-21T10:20:22Z</time>
					<extensions>
						<ns3:TrackPointExtension>
						</ns3:TrackPointExtension>
					</extensions>
			</trkpt>
			<trkpt lat="35.955963" lon="120.20762">
				<ele>42.0</ele>
				<time>2021-02-21T10:20:23Z</time>
					<extensions>
						<ns3:TrackPointExtension>
						</ns3:TrackPointExtension>
					</extensions>
			</trkpt>
			<trkpt lat="35.95598" lon="120.20762">
				<ele>42.0</ele>
				<time>2021-02-21T10:20:24Z</time>
					<extensions>
						<ns3:TrackPointExtension>
						</ns3:TrackPointExtension>
					</extensions>
			</trkpt>
			<trkpt lat="35.955997" lon="120.2076">
				<ele>42.0</ele>
				<time>2021-02-21T10:20:25Z</time>
					<extensions>
						<ns3:TrackPointExtension>
						</ns3:TrackPointExtension>
					</extensions>
			</trkpt>
			<trkpt lat="35.956024" lon="120.2076">
				<ele>42.0</ele>
				<time>2021-02-21T10:20:26Z</time>
					<extensions>
						<ns3:TrackPointExtension>
						</ns3:TrackPointExtension>
					</extensions>
			</trkpt>
			<trkpt lat="35.956043" lon="120.207596">
				<ele>43.0</ele>
				<time>2021-02-21T10:20:27Z</time>
					<extensions>
						<ns3:TrackPointExtension>
						</ns3:TrackPointExtension>
					</extensions>
			</trkpt>
			<trkpt lat="35.956066" lon="120.207596">
				<ele>43.0</ele>
				<time>2021-02-21T10:20:28Z</time>
					<extensions>
						<ns3:TrackPointExtension>
						</ns3:TrackPointExtension>
					</extensions>
			</trkpt>
			<trkpt lat="35.95609" lon="120.20759">
				<ele>43.0</ele>
				<time>2021-02-21T10:20:29Z</time>
					<extensions>
						<ns3:TrackPointExtension>
						</ns3:TrackPointExtension>
					</extensions>
			</trkpt>
			<trkpt lat="35.956116" lon="120.20757">
				<ele>43.0</ele>
				<time>2021-02-21T10:20:30Z</time>
					<extensions>
						<ns3:TrackPointExtension>
						</ns3:TrackPointExtension>
					</extensions>
			</trkpt>
			<trkpt lat="35.95614" lon="120.207565">
				<ele>43.0</ele>
				<time>2021-02-21T10:20:31Z</time>
					<extensions>
						<ns3:TrackPointExtension>
						</ns3:TrackPointExtension>
					</extensions>
			</trkpt>
			<trkpt lat="35.956165" lon="120.207565">
				<ele>43.0</ele>
				<time>2021-02-21T10:20:32Z</time>
					<extensions>
						<ns3:TrackPointExtension>
						</ns3:TrackPointExtension>
					</extensions>
			</trkpt>
			<trkpt lat="35.956184" lon="120.207565">
				<ele>43.0</ele>
				<time>2021-02-21T10:20:33Z</time>
					<extensions>
						<ns3:TrackPointExtension>
						</ns3:TrackPointExtension>
					</extensions>
			</trkpt>
			<trkpt lat="35.95621" lon="120.207565">
				<ele>43.0</ele>
				<time>2021-02-21T10:20:34Z</time>
					<extensions>
						<ns3:TrackPointExtension>
						</ns3:TrackPointExtension>
					</extensions>
			</trkpt>
			<trkpt lat="35.956234" lon="120.20756">
				<ele>43.0</ele>
				<time>2021-02-21T10:20:35Z</time>
					<extensions>
						<ns3:TrackPointExtension>
						</ns3:TrackPointExtension>
					</extensions>
			</trkpt>
			<trkpt lat="35.95626" lon="120.20756">
				<ele>43.0</ele>
				<time>2021-02-21T10:20:36Z</time>
					<extensions>
						<ns3:TrackPointExtension>
						</ns3:TrackPointExtension>
					</extensions>
			</trkpt>
			<trkpt lat="35.956284" lon="120.20754">
				<ele>43.0</ele>
				<time>2021-02-21T10:20:37Z</time>
					<extensions>
						<ns3:TrackPointExtension>
						</ns3:TrackPointExtension>
					</extensions>
			</trkpt>
			<trkpt lat="35.956314" lon="120.20754">
				<ele>43.0</ele>
				<time>2021-02-21T10:20:38Z</time>
					<extensions>
						<ns3:TrackPointExtension>
						</ns3:TrackPointExtension>
					</extensions>
			</trkpt>
			<trkpt lat="35.956333" lon="120.207535">
				<ele>43.0</ele>
				<time>2021-02-21T10:20:39Z</time>
					<extensions>
						<ns3:TrackPointExtension>
						</ns3:TrackPointExtension>
					</extensions>
			</trkpt>
			<trkpt lat="35.956352" lon="120.207535">
				<ele>43.0</ele>
				<time>2021-02-21T10:20:40Z</time>
					<extensions>
						<ns3:TrackPointExtension>
						</ns3:TrackPointExtension>
					</extensions>
			</trkpt>
			<trkpt lat="35.95637" lon="120.20753">
				<ele>43.0</ele>
				<time>2021-02-21T10:20:41Z</time>
					<extensions>
						<ns3:TrackPointExtension>
						</ns3:TrackPointExtension>
					</extensions>
			</trkpt>
			<trkpt lat="35.95639" lon="120.20753">
				<ele>43.0</ele>
				<time>2021-02-21T10:20:42Z</time>
					<extensions>
						<ns3:TrackPointExtension>
						</ns3:TrackPointExtension>
					</extensions>
			</trkpt>
			<trkpt lat="35.9564" lon="120.20751">
				<ele>43.0</ele>
				<time>2021-02-21T10:20:43Z</time>
					<extensions>
						<ns3:TrackPointExtension>
						</ns3:TrackPointExtension>
					</extensions>
			</trkpt>
			<trkpt lat="35.95642" lon="120.20751">
				<ele>43.0</ele>
				<time>2021-02-21T10:20:44Z</time>
					<extensions>
						<ns3:TrackPointExtension>
						</ns3:TrackPointExtension>
					</extensions>
			</trkpt>
			<trkpt lat="35.956432" lon="120.207504">
				<ele>43.0</ele>
				<time>2021-02-21T10:20:45Z</time>
					<extensions>
						<ns3:TrackPointExtension>
						</ns3:TrackPointExtension>
					</extensions>
			</trkpt>
			<trkpt lat="35.95644" lon="120.20748">
				<ele>43.0</ele>
				<time>2021-02-21T10:20:46Z</time>
					<extensions>
						<ns3:TrackPointExtension>
						</ns3:TrackPointExtension>
					</extensions>
			</trkpt>
			<trkpt lat="35.956444" lon="120.20747">
				<ele>43.0</ele>
				<time>2021-02-21T10:20:47Z</time>
					<extensions>
						<ns3:TrackPointExtension>
						</ns3:TrackPointExtension>
					</extensions>
			</trkpt>
			<trkpt lat="35.956448" lon="120.207466">
				<ele>43.0</ele>
				<time>2021-02-21T10:20:48Z</time>
					<extensions>
						<ns3:TrackPointExtension>
						</ns3:TrackPointExtension>
					</extensions>
			</trkpt>
			<trkpt lat="35.956455" lon="120.207466">
				<ele>43.0</ele>
				<time>2021-02-21T10:20:49Z</time>
					<extensions>
						<ns3:TrackPointExtension>
						</ns3:TrackPointExtension>
					</extensions>
			</trkpt>
			<trkpt lat="35.956467" lon="120.20745">
				<ele>43.0</ele>
				<time>2021-02-21T10:20:50Z</time>
					<extensions>
						<ns3:TrackPointExtension>
						</ns3:TrackPointExtension>
					</extensions>
			</trkpt>
			<trkpt lat="35.956482" lon="120.20744">
				<ele>43.0</ele>
				<time>2021-02-21T10:20:51Z</time>
					<extensions>
						<ns3:TrackPointExtension>
						</ns3:TrackPointExtension>
					</extensions>
			</trkpt>
			<trkpt lat="35.956493" lon="120.20744">
				<ele>43.0</ele>
				<time>2021-02-21T10:20:52Z</time>
					<extensions>
						<ns3:TrackPointExtension>
						</ns3:TrackPointExtension>
					</extensions>
			</trkpt>
			<trkpt lat="35.9565" lon="120.207466">
				<ele>43.0</ele>
				<time>2021-02-21T10:20:53Z</time>
					<extensions>
						<ns3:TrackPointExtension>
						</ns3:TrackPointExtension>
					</extensions>
			</trkpt>
			<trkpt lat="35.956516" lon="120.20747">
				<ele>42.0</ele>
				<time>2021-02-21T10:20:54Z</time>
					<extensions>
						<ns3:TrackPointExtension>
						</ns3:TrackPointExtension>
					</extensions>
			</trkpt>
			<trkpt lat="35.95652" lon="120.20748">
				<ele>42.0</ele>
				<time>2021-02-21T10:20:55Z</time>
					<extensions>
						<ns3:TrackPointExtension>
						</ns3:TrackPointExtension>
					</extensions>
			</trkpt>
			<trkpt lat="35.956528" lon="120.207504">
				<ele>42.0</ele>
				<time>2021-02-21T10:20:56Z</time>
					<extensions>
						<ns3:TrackPointExtension>
						</ns3:TrackPointExtension>
					</extensions>
			</trkpt>
			<trkpt lat="35.956535" lon="120.20751">
				<ele>42.0</ele>
				<time>2021-02-21T10:20:57Z</time>
					<extensions>
						<ns3:TrackPointExtension>
						</ns3:TrackPointExtension>
					</extensions>
			</trkpt>
			<trkpt lat="35.95654" lon="120.20753">
				<ele>42.0</ele>
				<time>2021-02-21T10:20:58Z</time>
					<extensions>
						<ns3:TrackPointExtension>
						</ns3:TrackPointExtension>
					</extensions>
			</trkpt>
			<trkpt lat="35.956543" lon="120.20754">
				<ele>42.0</ele>
				<time>2021-02-21T10:20:59Z</time>
					<extensions>
						<ns3:TrackPointExtension>
						</ns3:TrackPointExtension>
					</extensions>
			</trkpt>
			<trkpt lat="35.956543" lon="120.20756">
				<ele>42.0</ele>
				<time>2021-02-21T10:21:00Z</time>
					<extensions>
						<ns3:TrackPointExtension>
						</ns3:TrackPointExtension>
					</extensions>
			</trkpt>
			<trkpt lat="35.95655" lon="120.20757">
				<ele>42.0</ele>
				<time>2021-02-21T10:21:01Z</time>
					<extensions>
						<ns3:TrackPointExtension>
						</ns3:TrackPointExtension>
					</extensions>
			</trkpt>
			<trkpt lat="35.95655" lon="120.20759">
				<ele>43.0</ele>
				<time>2021-02-21T10:21:02Z</time>
					<extensions>
						<ns3:TrackPointExtension>
						</ns3:TrackPointExtension>
					</extensions>
			</trkpt>
			<trkpt lat="35.95655" lon="120.2076">
				<ele>43.0</ele>
				<time>2021-02-21T10:21:03Z</time>
					<extensions>
						<ns3:TrackPointExtension>
						</ns3:TrackPointExtension>
					</extensions>
			</trkpt>
			<trkpt lat="35.956543" lon="120.20763">
				<ele>43.0</ele>
				<time>2021-02-21T10:21:04Z</time>
					<extensions>
						<ns3:TrackPointExtension>
						</ns3:TrackPointExtension>
					</extensions>
			</trkpt>
			<trkpt lat="35.95654" lon="120.20765">
				<ele>43.0</ele>
				<time>2021-02-21T10:21:05Z</time>
					<extensions>
						<ns3:TrackPointExtension>
						</ns3:TrackPointExtension>
					</extensions>
			</trkpt>
			<trkpt lat="35.95654" lon="120.20769">
				<ele>43.0</ele>
				<time>2021-02-21T10:21:06Z</time>
					<extensions>
						<ns3:TrackPointExtension>
						</ns3:TrackPointExtension>
					</extensions>
			</trkpt>
			<trkpt lat="35.956543" lon="120.20772">
				<ele>44.0</ele>
				<time>2021-02-21T10:21:07Z</time>
					<extensions>
						<ns3:TrackPointExtension>
						</ns3:TrackPointExtension>
					</extensions>
			</trkpt>
			<trkpt lat="35.956543" lon="120.20774">
				<ele>44.0</ele>
				<time>2021-02-21T10:21:08Z</time>
					<extensions>
						<ns3:TrackPointExtension>
						</ns3:TrackPointExtension>
					</extensions>
			</trkpt>
			<trkpt lat="35.95655" lon="120.20777">
				<ele>44.0</ele>
				<time>2021-02-21T10:21:09Z</time>
					<extensions>
						<ns3:TrackPointExtension>
						</ns3:TrackPointExtension>
					</extensions>
			</trkpt>
			<trkpt lat="35.95656" lon="120.2078">
				<ele>44.0</ele>
				<time>2021-02-21T10:21:10Z</time>
					<extensions>
						<ns3:TrackPointExtension>
						</ns3:TrackPointExtension>
					</extensions>
			</trkpt>
			<trkpt lat="35.956562" lon="120.20783">
				<ele>44.0</ele>
				<time>2021-02-21T10:21:11Z</time>
					<extensions>
						<ns3:TrackPointExtension>
						</ns3:TrackPointExtension>
					</extensions>
			</trkpt>
			<trkpt lat="35.956566" lon="120.20786">
				<ele>44.0</ele>
				<time>2021-02-21T10:21:12Z</time>
					<extensions>
						<ns3:TrackPointExtension>
						</ns3:TrackPointExtension>
					</extensions>
			</trkpt>
			<trkpt lat="35.956566" lon="120.20789">
				<ele>44.0</ele>
				<time>2021-02-21T10:21:13Z</time>
					<extensions>
						<ns3:TrackPointExtension>
						</ns3:TrackPointExtension>
					</extensions>
			</trkpt>
			<trkpt lat="35.95657" lon="120.20792">
				<ele>44.0</ele>
				<time>2021-02-21T10:21:14Z</time>
					<extensions>
						<ns3:TrackPointExtension>
						</ns3:TrackPointExtension>
					</extensions>
			</trkpt>
			<trkpt lat="35.956573" lon="120.20795">
				<ele>44.0</ele>
				<time>2021-02-21T10:21:15Z</time>
					<extensions>
						<ns3:TrackPointExtension>
						</ns3:TrackPointExtension>
					</extensions>
			</trkpt>
			<trkpt lat="35.95658" lon="120.20798">
				<ele>44.0</ele>
				<time>2021-02-21T10:21:16Z</time>
					<extensions>
						<ns3:TrackPointExtension>
						</ns3:TrackPointExtension>
					</extensions>
			</trkpt>
			<trkpt lat="35.95659" lon="120.20799">
				<ele>44.0</ele>
				<time>2021-02-21T10:21:17Z</time>
					<extensions>
						<ns3:TrackPointExtension>
						</ns3:TrackPointExtension>
					</extensions>
			</trkpt>
			<trkpt lat="35.956596" lon="120.20802">
				<ele>44.0</ele>
				<time>2021-02-21T10:21:18Z</time>
					<extensions>
						<ns3:TrackPointExtension>
						</ns3:TrackPointExtension>
					</extensions>
			</trkpt>
			<trkpt lat="35.956604" lon="120.20805">
				<ele>44.0</ele>
				<time>2021-02-21T10:21:19Z</time>
					<extensions>
						<ns3:TrackPointExtension>
						</ns3:TrackPointExtension>
					</extensions>
			</trkpt>
			<trkpt lat="35.95661" lon="120.208084">
				<ele>44.0</ele>
				<time>2021-02-21T10:21:20Z</time>
					<extensions>
						<ns3:TrackPointExtension>
						</ns3:TrackPointExtension>
					</extensions>
			</trkpt>
			<trkpt lat="35.95662" lon="120.208115">
				<ele>44.0</ele>
				<time>2021-02-21T10:21:21Z</time>
					<extensions>
						<ns3:TrackPointExtension>
						</ns3:TrackPointExtension>
					</extensions>
			</trkpt>
			<trkpt lat="35.956627" lon="120.20814">
				<ele>44.0</ele>
				<time>2021-02-21T10:21:22Z</time>
					<extensions>
						<ns3:TrackPointExtension>
						</ns3:TrackPointExtension>
					</extensions>
			</trkpt>
			<trkpt lat="35.956635" lon="120.20816">
				<ele>44.0</ele>
				<time>2021-02-21T10:21:23Z</time>
					<extensions>
						<ns3:TrackPointExtension>
						</ns3:TrackPointExtension>
					</extensions>
			</trkpt>
			<trkpt lat="35.95664" lon="120.208176">
				<ele>44.0</ele>
				<time>2021-02-21T10:21:24Z</time>
					<extensions>
						<ns3:TrackPointExtension>
						</ns3:TrackPointExtension>
					</extensions>
			</trkpt>
			<trkpt lat="35.956646" lon="120.2082">
				<ele>44.0</ele>
				<time>2021-02-21T10:21:25Z</time>
					<extensions>
						<ns3:TrackPointExtension>
						</ns3:TrackPointExtension>
					</extensions>
			</trkpt>
			<trkpt lat="35.95665" lon="120.208206">
				<ele>44.0</ele>
				<time>2021-02-21T10:21:26Z</time>
					<extensions>
						<ns3:TrackPointExtension>
						</ns3:TrackPointExtension>
					</extensions>
			</trkpt>
		</trkseg>
	</trk>
</gpx>
