<?xml version='1.0' encoding='UTF-8' standalone='yes' ?>
<gpx xsi:schemaLocation="http://www.topografix.com/GPX/1/1 http://www.topografix.com/GPX/1/1/gpx.xsd" xmlns="http://www.topografix.com/GPX/1/1" xmlns:xsi="http://www.w3.org/2001/XMLSchema-instance" xmlns:ns3="http://www.garmin.com/xmlschemas/TrackPointExtension/v1" xmlns:ns2="http://www.garmin.com/xmlschemas/GpxExtensions/v3" xmlns:ns1="http://www.cluetrust.com/XML/GPXDATA/1/0" creator="Zepp App" version="6.7.1-play">
	<trk>
		<trkseg>
			<trkpt lat="35.956924" lon="120.20966">
				<ele>-52.0</ele>
				<time>2019-09-17T12:36:27Z</time>
					<extensions>
						<ns3:TrackPointExtension>
							<ns3:speed>0.0</ns3:speed>
						</ns3:TrackPointExtension>
					</extensions>
			</trkpt>
			<trkpt lat="35.95687" lon="120.209625">
				<ele>-52.0</ele>
				<time>2019-09-17T12:36:27Z</time>
					<extensions>
						<ns3:TrackPointExtension>
							<ns3:speed>0.0</ns3:speed>
						</ns3:TrackPointExtension>
					</extensions>
			</trkpt>
			<trkpt lat="35.956852" lon="120.20961">
				<ele>-52.0</ele>
				<time>2019-09-17T12:36:27Z</time>
					<extensions>
						<ns3:TrackPointExtension>
							<ns3:speed>0.93</ns3:speed>
						</ns3:TrackPointExtension>
					</extensions>
			</trkpt>
			<trkpt lat="35.95686" lon="120.2096">
				<ele>-52.0</ele>
				<time>2019-09-17T12:36:27Z</time>
					<extensions>
						<ns3:TrackPointExtension>
							<ns3:speed>1.16</ns3:speed>
						</ns3:TrackPointExtension>
					</extensions>
			</trkpt>
			<trkpt lat="35.956852" lon="120.209595">
				<ele>-52.0</ele>
				<time>2019-09-17T12:36:27Z</time>
					<extensions>
						<ns3:TrackPointExtension>
							<ns3:speed>1.31</ns3:speed>
						</ns3:TrackPointExtension>
					</extensions>
			</trkpt>
			<trkpt lat="35.956852" lon="120.209595">
				<ele>-52.0</ele>
				<time>2019-09-17T12:36:27Z</time>
					<extensions>
						<ns3:TrackPointExtension>
							<ns3:speed>1.42</ns3:speed>
						</ns3:TrackPointExtension>
					</extensions>
			</trkpt>
			<trkpt lat="35.956837" lon="120.20961">
				<ele>-52.0</ele>
				<time>2019-09-17T12:36:27Z</time>
					<extensions>
						<ns3:TrackPointExtension>
							<ns3:speed>1.49</ns3:speed>
						</ns3:TrackPointExtension>
					</extensions>
			</trkpt>
			<trkpt lat="35.95683" lon="120.209625">
				<ele>-52.0</ele>
				<time>2019-09-17T12:36:27Z</time>
					<extensions>
						<ns3:TrackPointExtension>
							<ns3:speed>1.49</ns3:speed>
						</ns3:TrackPointExtension>
					</extensions>
			</trkpt>
			<trkpt lat="35.956825" lon="120.20961">
				<ele>-52.0</ele>
				<time>2019-09-17T12:36:27Z</time>
					<extensions>
						<ns3:TrackPointExtension>
							<ns3:speed>1.48</ns3:speed>
						</ns3:TrackPointExtension>
					</extensions>
			</trkpt>
			<trkpt lat="35.95682" lon="120.209595">
				<ele>-52.0</ele>
				<time>2019-09-17T12:36:27Z</time>
					<extensions>
						<ns3:TrackPointExtension>
							<ns3:speed>1.47</ns3:speed>
						</ns3:TrackPointExtension>
					</extensions>
			</trkpt>
			<trkpt lat="35.95681" lon="120.20957">
				<ele>-52.0</ele>
				<time>2019-09-17T12:36:27Z</time>
					<extensions>
						<ns3:TrackPointExtension>
							<ns3:speed>1.47</ns3:speed>
						</ns3:TrackPointExtension>
					</extensions>
			</trkpt>
			<trkpt lat="35.9568" lon="120.20954">
				<ele>-52.0</ele>
				<time>2019-09-17T12:36:27Z</time>
					<extensions>
						<ns3:TrackPointExtension>
							<ns3:speed>1.49</ns3:speed>
						</ns3:TrackPointExtension>
					</extensions>
			</trkpt>
			<trkpt lat="35.9568" lon="120.20952">
				<ele>-52.0</ele>
				<time>2019-09-17T12:36:27Z</time>
					<extensions>
						<ns3:TrackPointExtension>
							<ns3:speed>1.51</ns3:speed>
						</ns3:TrackPointExtension>
					</extensions>
			</trkpt>
			<trkpt lat="35.9568" lon="120.20951">
				<ele>-52.0</ele>
				<time>2019-09-17T12:36:27Z</time>
					<extensions>
						<ns3:TrackPointExtension>
							<ns3:speed>1.53</ns3:speed>
						</ns3:TrackPointExtension>
					</extensions>
			</trkpt>
			<trkpt lat="35.956795" lon="120.20949">
				<ele>-52.0</ele>
				<time>2019-09-17T12:36:27Z</time>
					<extensions>
						<ns3:TrackPointExtension>
							<ns3:speed>1.56</ns3:speed>
						</ns3:TrackPointExtension>
					</extensions>
			</trkpt>
			<trkpt lat="35.95679" lon="120.20947">
				<ele>-52.0</ele>
				<time>2019-09-17T12:36:27Z</time>
					<extensions>
						<ns3:TrackPointExtension>
							<ns3:speed>1.56</ns3:speed>
						</ns3:TrackPointExtension>
					</extensions>
			</trkpt>
			<trkpt lat="35.956783" lon="120.20946">
				<ele>-52.0</ele>
				<time>2019-09-17T12:36:27Z</time>
					<extensions>
						<ns3:TrackPointExtension>
							<ns3:speed>1.58</ns3:speed>
						</ns3:TrackPointExtension>
					</extensions>
			</trkpt>
			<trkpt lat="35.956783" lon="120.20945">
				<ele>-52.0</ele>
				<time>2019-09-17T12:36:27Z</time>
					<extensions>
						<ns3:TrackPointExtension>
							<ns3:speed>1.58</ns3:speed>
						</ns3:TrackPointExtension>
					</extensions>
			</trkpt>
			<trkpt lat="35.956783" lon="120.20944">
				<ele>-52.0</ele>
				<time>2019-09-17T12:36:27Z</time>
					<extensions>
						<ns3:TrackPointExtension>
							<ns3:speed>1.57</ns3:speed>
						</ns3:TrackPointExtension>
					</extensions>
			</trkpt>
			<trkpt lat="35.956783" lon="120.20943">
				<ele>-52.0</ele>
				<time>2019-09-17T12:36:27Z</time>
					<extensions>
						<ns3:TrackPointExtension>
							<ns3:speed>1.56</ns3:speed>
						</ns3:TrackPointExtension>
					</extensions>
			</trkpt>
			<trkpt lat="35.95678" lon="120.20941">
				<ele>-53.0</ele>
				<time>2019-09-17T12:36:27Z</time>
					<extensions>
						<ns3:TrackPointExtension>
							<ns3:speed>1.56</ns3:speed>
						</ns3:TrackPointExtension>
					</extensions>
			</trkpt>
			<trkpt lat="35.95678" lon="120.20937">
				<ele>-53.0</ele>
				<time>2019-09-17T12:36:27Z</time>
					<extensions>
						<ns3:TrackPointExtension>
							<ns3:speed>1.53</ns3:speed>
						</ns3:TrackPointExtension>
					</extensions>
			</trkpt>
			<trkpt lat="35.956776" lon="120.20936">
				<ele>-53.0</ele>
				<time>2019-09-17T12:36:27Z</time>
					<extensions>
						<ns3:TrackPointExtension>
							<ns3:speed>1.52</ns3:speed>
						</ns3:TrackPointExtension>
					</extensions>
			</trkpt>
			<trkpt lat="35.956768" lon="120.209335">
				<ele>-53.0</ele>
				<time>2019-09-17T12:36:27Z</time>
					<extensions>
						<ns3:TrackPointExtension>
							<ns3:speed>1.53</ns3:speed>
						</ns3:TrackPointExtension>
					</extensions>
			</trkpt>
			<trkpt lat="35.95676" lon="120.20931">
				<ele>-52.0</ele>
				<time>2019-09-17T12:36:27Z</time>
					<extensions>
						<ns3:TrackPointExtension>
							<ns3:speed>1.55</ns3:speed>
						</ns3:TrackPointExtension>
					</extensions>
			</trkpt>
			<trkpt lat="35.956753" lon="120.20928">
				<ele>-52.0</ele>
				<time>2019-09-17T12:36:27Z</time>
					<extensions>
						<ns3:TrackPointExtension>
							<ns3:speed>1.57</ns3:speed>
						</ns3:TrackPointExtension>
					</extensions>
			</trkpt>
			<trkpt lat="35.956745" lon="120.20927">
				<ele>-52.0</ele>
				<time>2019-09-17T12:36:27Z</time>
					<extensions>
						<ns3:TrackPointExtension>
							<ns3:speed>1.6</ns3:speed>
						</ns3:TrackPointExtension>
					</extensions>
			</trkpt>
			<trkpt lat="35.95674" lon="120.20924">
				<ele>-52.0</ele>
				<time>2019-09-17T12:36:27Z</time>
					<extensions>
						<ns3:TrackPointExtension>
							<ns3:speed>1.63</ns3:speed>
						</ns3:TrackPointExtension>
					</extensions>
			</trkpt>
			<trkpt lat="35.956734" lon="120.20922">
				<ele>-51.0</ele>
				<time>2019-09-17T12:36:27Z</time>
					<extensions>
						<ns3:TrackPointExtension>
							<ns3:speed>1.65</ns3:speed>
						</ns3:TrackPointExtension>
					</extensions>
			</trkpt>
			<trkpt lat="35.956738" lon="120.209206">
				<ele>-51.0</ele>
				<time>2019-09-17T12:36:27Z</time>
					<extensions>
						<ns3:TrackPointExtension>
							<ns3:speed>1.68</ns3:speed>
						</ns3:TrackPointExtension>
					</extensions>
			</trkpt>
			<trkpt lat="35.956734" lon="120.209175">
				<ele>-51.0</ele>
				<time>2019-09-17T12:36:27Z</time>
					<extensions>
						<ns3:TrackPointExtension>
							<ns3:speed>1.71</ns3:speed>
						</ns3:TrackPointExtension>
					</extensions>
			</trkpt>
			<trkpt lat="35.956738" lon="120.209145">
				<ele>-51.0</ele>
				<time>2019-09-17T12:36:28Z</time>
					<extensions>
						<ns3:TrackPointExtension>
							<ns3:speed>1.74</ns3:speed>
						</ns3:TrackPointExtension>
					</extensions>
			</trkpt>
			<trkpt lat="35.956738" lon="120.20912">
				<ele>-51.0</ele>
				<time>2019-09-17T12:36:29Z</time>
					<extensions>
						<ns3:TrackPointExtension>
							<ns3:speed>1.76</ns3:speed>
						</ns3:TrackPointExtension>
					</extensions>
			</trkpt>
			<trkpt lat="35.956734" lon="120.20909">
				<ele>-51.0</ele>
				<time>2019-09-17T12:36:30Z</time>
					<extensions>
						<ns3:TrackPointExtension>
							<ns3:speed>1.79</ns3:speed>
						</ns3:TrackPointExtension>
					</extensions>
			</trkpt>
			<trkpt lat="35.95673" lon="120.20906">
				<ele>-51.0</ele>
				<time>2019-09-17T12:36:31Z</time>
					<extensions>
						<ns3:TrackPointExtension>
							<ns3:speed>1.82</ns3:speed>
						</ns3:TrackPointExtension>
					</extensions>
			</trkpt>
			<trkpt lat="35.95673" lon="120.20903">
				<ele>-51.0</ele>
				<time>2019-09-17T12:36:32Z</time>
					<extensions>
						<ns3:TrackPointExtension>
							<ns3:speed>1.86</ns3:speed>
						</ns3:TrackPointExtension>
					</extensions>
			</trkpt>
			<trkpt lat="35.956726" lon="120.209">
				<ele>-51.0</ele>
				<time>2019-09-17T12:36:33Z</time>
					<extensions>
						<ns3:TrackPointExtension>
							<ns3:speed>1.9</ns3:speed>
						</ns3:TrackPointExtension>
					</extensions>
			</trkpt>
			<trkpt lat="35.956722" lon="120.20897">
				<ele>-51.0</ele>
				<time>2019-09-17T12:36:34Z</time>
					<extensions>
						<ns3:TrackPointExtension>
							<ns3:speed>1.9</ns3:speed>
						</ns3:TrackPointExtension>
					</extensions>
			</trkpt>
			<trkpt lat="35.95672" lon="120.20895">
				<ele>-51.0</ele>
				<time>2019-09-17T12:36:35Z</time>
					<extensions>
						<ns3:TrackPointExtension>
							<ns3:speed>1.97</ns3:speed>
						</ns3:TrackPointExtension>
					</extensions>
			</trkpt>
			<trkpt lat="35.956715" lon="120.208916">
				<ele>-50.0</ele>
				<time>2019-09-17T12:36:36Z</time>
					<extensions>
						<ns3:TrackPointExtension>
							<ns3:speed>2.0</ns3:speed>
						</ns3:TrackPointExtension>
					</extensions>
			</trkpt>
			<trkpt lat="35.956707" lon="120.208885">
				<ele>-50.0</ele>
				<time>2019-09-17T12:36:37Z</time>
					<extensions>
						<ns3:TrackPointExtension>
							<ns3:speed>2.03</ns3:speed>
						</ns3:TrackPointExtension>
					</extensions>
			</trkpt>
			<trkpt lat="35.956707" lon="120.20886">
				<ele>-50.0</ele>
				<time>2019-09-17T12:36:38Z</time>
					<extensions>
						<ns3:TrackPointExtension>
							<ns3:speed>2.06</ns3:speed>
						</ns3:TrackPointExtension>
					</extensions>
			</trkpt>
			<trkpt lat="35.956703" lon="120.20885">
				<ele>-50.0</ele>
				<time>2019-09-17T12:36:39Z</time>
					<extensions>
						<ns3:TrackPointExtension>
							<ns3:speed>2.06</ns3:speed>
						</ns3:TrackPointExtension>
					</extensions>
			</trkpt>
			<trkpt lat="35.9567" lon="120.208824">
				<ele>-50.0</ele>
				<time>2019-09-17T12:36:40Z</time>
					<extensions>
						<ns3:TrackPointExtension>
							<ns3:speed>2.09</ns3:speed>
						</ns3:TrackPointExtension>
					</extensions>
			</trkpt>
			<trkpt lat="35.9567" lon="120.20879">
				<ele>-50.0</ele>
				<time>2019-09-17T12:36:41Z</time>
					<extensions>
						<ns3:TrackPointExtension>
							<ns3:speed>2.1</ns3:speed>
						</ns3:TrackPointExtension>
					</extensions>
			</trkpt>
			<trkpt lat="35.956696" lon="120.20877">
				<ele>-50.0</ele>
				<time>2019-09-17T12:36:42Z</time>
					<extensions>
						<ns3:TrackPointExtension>
							<ns3:speed>2.1</ns3:speed>
						</ns3:TrackPointExtension>
					</extensions>
			</trkpt>
			<trkpt lat="35.956696" lon="120.20874">
				<ele>-50.0</ele>
				<time>2019-09-17T12:36:43Z</time>
					<extensions>
						<ns3:TrackPointExtension>
							<ns3:speed>2.1</ns3:speed>
						</ns3:TrackPointExtension>
					</extensions>
			</trkpt>
			<trkpt lat="35.956696" lon="120.208725">
				<ele>-50.0</ele>
				<time>2019-09-17T12:36:44Z</time>
					<extensions>
						<ns3:TrackPointExtension>
							<ns3:speed>2.1</ns3:speed>
						</ns3:TrackPointExtension>
					</extensions>
			</trkpt>
			<trkpt lat="35.956696" lon="120.2087">
				<ele>-50.0</ele>
				<time>2019-09-17T12:36:45Z</time>
					<extensions>
						<ns3:TrackPointExtension>
							<ns3:speed>2.1</ns3:speed>
						</ns3:TrackPointExtension>
					</extensions>
			</trkpt>
			<trkpt lat="35.95669" lon="120.20867">
				<ele>-50.0</ele>
				<time>2019-09-17T12:36:46Z</time>
					<extensions>
						<ns3:TrackPointExtension>
							<ns3:speed>2.11</ns3:speed>
						</ns3:TrackPointExtension>
					</extensions>
			</trkpt>
			<trkpt lat="35.95669" lon="120.20864">
				<ele>-50.0</ele>
				<time>2019-09-17T12:36:47Z</time>
					<extensions>
						<ns3:TrackPointExtension>
							<ns3:speed>2.12</ns3:speed>
						</ns3:TrackPointExtension>
					</extensions>
			</trkpt>
			<trkpt lat="35.95669" lon="120.20861">
				<ele>-50.0</ele>
				<time>2019-09-17T12:36:48Z</time>
					<extensions>
						<ns3:TrackPointExtension>
							<ns3:speed>2.13</ns3:speed>
						</ns3:TrackPointExtension>
					</extensions>
			</trkpt>
			<trkpt lat="35.956688" lon="120.20859">
				<ele>-50.0</ele>
				<time>2019-09-17T12:36:49Z</time>
					<extensions>
						<ns3:TrackPointExtension>
							<ns3:speed>2.15</ns3:speed>
						</ns3:TrackPointExtension>
					</extensions>
			</trkpt>
			<trkpt lat="35.956684" lon="120.20856">
				<ele>-50.0</ele>
				<time>2019-09-17T12:36:50Z</time>
					<extensions>
						<ns3:TrackPointExtension>
							<ns3:speed>2.16</ns3:speed>
						</ns3:TrackPointExtension>
					</extensions>
			</trkpt>
			<trkpt lat="35.956684" lon="120.208534">
				<ele>-50.0</ele>
				<time>2019-09-17T12:36:51Z</time>
					<extensions>
						<ns3:TrackPointExtension>
							<ns3:speed>2.18</ns3:speed>
						</ns3:TrackPointExtension>
					</extensions>
			</trkpt>
			<trkpt lat="35.956684" lon="120.2085">
				<ele>-50.0</ele>
				<time>2019-09-17T12:36:52Z</time>
					<extensions>
						<ns3:TrackPointExtension>
							<ns3:speed>2.19</ns3:speed>
						</ns3:TrackPointExtension>
					</extensions>
			</trkpt>
			<trkpt lat="35.956684" lon="120.20847">
				<ele>-50.0</ele>
				<time>2019-09-17T12:36:53Z</time>
					<extensions>
						<ns3:TrackPointExtension>
							<ns3:speed>2.21</ns3:speed>
						</ns3:TrackPointExtension>
					</extensions>
			</trkpt>
			<trkpt lat="35.956684" lon="120.20844">
				<ele>-50.0</ele>
				<time>2019-09-17T12:36:54Z</time>
					<extensions>
						<ns3:TrackPointExtension>
							<ns3:speed>2.22</ns3:speed>
						</ns3:TrackPointExtension>
					</extensions>
			</trkpt>
			<trkpt lat="35.956684" lon="120.20841">
				<ele>-50.0</ele>
				<time>2019-09-17T12:36:55Z</time>
					<extensions>
						<ns3:TrackPointExtension>
							<ns3:speed>2.24</ns3:speed>
						</ns3:TrackPointExtension>
					</extensions>
			</trkpt>
			<trkpt lat="35.956684" lon="120.20838">
				<ele>-50.0</ele>
				<time>2019-09-17T12:36:56Z</time>
					<extensions>
						<ns3:TrackPointExtension>
							<ns3:speed>2.26</ns3:speed>
						</ns3:TrackPointExtension>
					</extensions>
			</trkpt>
			<trkpt lat="35.956684" lon="120.20835">
				<ele>-50.0</ele>
				<time>2019-09-17T12:36:57Z</time>
					<extensions>
						<ns3:TrackPointExtension>
							<ns3:speed>2.28</ns3:speed>
						</ns3:TrackPointExtension>
					</extensions>
			</trkpt>
			<trkpt lat="35.956688" lon="120.208336">
				<ele>-50.0</ele>
				<time>2019-09-17T12:36:58Z</time>
					<extensions>
						<ns3:TrackPointExtension>
							<ns3:speed>2.3</ns3:speed>
						</ns3:TrackPointExtension>
					</extensions>
			</trkpt>
			<trkpt lat="35.95669" lon="120.208305">
				<ele>-50.0</ele>
				<time>2019-09-17T12:36:59Z</time>
					<extensions>
						<ns3:TrackPointExtension>
							<ns3:speed>2.32</ns3:speed>
						</ns3:TrackPointExtension>
					</extensions>
			</trkpt>
			<trkpt lat="35.95669" lon="120.20828">
				<ele>-50.0</ele>
				<time>2019-09-17T12:37:00Z</time>
					<extensions>
						<ns3:TrackPointExtension>
							<ns3:speed>2.33</ns3:speed>
						</ns3:TrackPointExtension>
					</extensions>
			</trkpt>
			<trkpt lat="35.95669" lon="120.20826">
				<ele>-50.0</ele>
				<time>2019-09-17T12:37:01Z</time>
					<extensions>
						<ns3:TrackPointExtension>
							<ns3:speed>2.33</ns3:speed>
						</ns3:TrackPointExtension>
					</extensions>
			</trkpt>
			<trkpt lat="35.95669" lon="120.20823">
				<ele>-50.0</ele>
				<time>2019-09-17T12:37:02Z</time>
					<extensions>
						<ns3:TrackPointExtension>
							<ns3:speed>2.33</ns3:speed>
						</ns3:TrackPointExtension>
					</extensions>
			</trkpt>
			<trkpt lat="35.95669" lon="120.208206">
				<ele>-50.0</ele>
				<time>2019-09-17T12:37:03Z</time>
					<extensions>
						<ns3:TrackPointExtension>
							<ns3:speed>2.33</ns3:speed>
						</ns3:TrackPointExtension>
					</extensions>
			</trkpt>
			<trkpt lat="35.956688" lon="120.20817">
				<ele>-50.0</ele>
				<time>2019-09-17T12:37:04Z</time>
					<extensions>
						<ns3:TrackPointExtension>
							<ns3:speed>2.33</ns3:speed>
						</ns3:TrackPointExtension>
					</extensions>
			</trkpt>
			<trkpt lat="35.956688" lon="120.208145">
				<ele>-50.0</ele>
				<time>2019-09-17T12:37:05Z</time>
					<extensions>
						<ns3:TrackPointExtension>
							<ns3:speed>2.33</ns3:speed>
						</ns3:TrackPointExtension>
					</extensions>
			</trkpt>
			<trkpt lat="35.956684" lon="120.20813">
				<ele>-51.0</ele>
				<time>2019-09-17T12:37:06Z</time>
					<extensions>
						<ns3:TrackPointExtension>
							<ns3:speed>2.33</ns3:speed>
						</ns3:TrackPointExtension>
					</extensions>
			</trkpt>
			<trkpt lat="35.956684" lon="120.2081">
				<ele>-51.0</ele>
				<time>2019-09-17T12:37:07Z</time>
					<extensions>
						<ns3:TrackPointExtension>
							<ns3:speed>2.35</ns3:speed>
						</ns3:TrackPointExtension>
					</extensions>
			</trkpt>
			<trkpt lat="35.95668" lon="120.20808">
				<ele>-51.0</ele>
				<time>2019-09-17T12:37:08Z</time>
					<extensions>
						<ns3:TrackPointExtension>
							<ns3:speed>2.36</ns3:speed>
						</ns3:TrackPointExtension>
					</extensions>
			</trkpt>
			<trkpt lat="35.956676" lon="120.20804">
				<ele>-51.0</ele>
				<time>2019-09-17T12:37:09Z</time>
					<extensions>
						<ns3:TrackPointExtension>
							<ns3:speed>2.36</ns3:speed>
						</ns3:TrackPointExtension>
					</extensions>
			</trkpt>
			<trkpt lat="35.956673" lon="120.20801">
				<ele>-51.0</ele>
				<time>2019-09-17T12:37:10Z</time>
					<extensions>
						<ns3:TrackPointExtension>
							<ns3:speed>2.37</ns3:speed>
						</ns3:TrackPointExtension>
					</extensions>
			</trkpt>
			<trkpt lat="35.956673" lon="120.20798">
				<ele>-51.0</ele>
				<time>2019-09-17T12:37:11Z</time>
					<extensions>
						<ns3:TrackPointExtension>
							<ns3:speed>2.37</ns3:speed>
						</ns3:TrackPointExtension>
					</extensions>
			</trkpt>
			<trkpt lat="35.956665" lon="120.20795">
				<ele>-51.0</ele>
				<time>2019-09-17T12:37:12Z</time>
					<extensions>
						<ns3:TrackPointExtension>
							<ns3:speed>2.4</ns3:speed>
						</ns3:TrackPointExtension>
					</extensions>
			</trkpt>
			<trkpt lat="35.95666" lon="120.20792">
				<ele>-51.0</ele>
				<time>2019-09-17T12:37:13Z</time>
					<extensions>
						<ns3:TrackPointExtension>
							<ns3:speed>2.43</ns3:speed>
						</ns3:TrackPointExtension>
					</extensions>
			</trkpt>
			<trkpt lat="35.956657" lon="120.207886">
				<ele>-51.0</ele>
				<time>2019-09-17T12:37:14Z</time>
					<extensions>
						<ns3:TrackPointExtension>
							<ns3:speed>2.47</ns3:speed>
						</ns3:TrackPointExtension>
					</extensions>
			</trkpt>
			<trkpt lat="35.956654" lon="120.207855">
				<ele>-51.0</ele>
				<time>2019-09-17T12:37:15Z</time>
					<extensions>
						<ns3:TrackPointExtension>
							<ns3:speed>2.49</ns3:speed>
						</ns3:TrackPointExtension>
					</extensions>
			</trkpt>
			<trkpt lat="35.95665" lon="120.20782">
				<ele>-51.0</ele>
				<time>2019-09-17T12:37:16Z</time>
					<extensions>
						<ns3:TrackPointExtension>
							<ns3:speed>2.51</ns3:speed>
						</ns3:TrackPointExtension>
					</extensions>
			</trkpt>
			<trkpt lat="35.956642" lon="120.20778">
				<ele>-51.0</ele>
				<time>2019-09-17T12:37:17Z</time>
					<extensions>
						<ns3:TrackPointExtension>
							<ns3:speed>2.53</ns3:speed>
						</ns3:TrackPointExtension>
					</extensions>
			</trkpt>
			<trkpt lat="35.956642" lon="120.20775">
				<ele>-51.0</ele>
				<time>2019-09-17T12:37:18Z</time>
					<extensions>
						<ns3:TrackPointExtension>
							<ns3:speed>2.55</ns3:speed>
						</ns3:TrackPointExtension>
					</extensions>
			</trkpt>
			<trkpt lat="35.956635" lon="120.20771">
				<ele>-51.0</ele>
				<time>2019-09-17T12:37:19Z</time>
					<extensions>
						<ns3:TrackPointExtension>
							<ns3:speed>2.57</ns3:speed>
						</ns3:TrackPointExtension>
					</extensions>
			</trkpt>
			<trkpt lat="35.956627" lon="120.20768">
				<ele>-51.0</ele>
				<time>2019-09-17T12:37:20Z</time>
					<extensions>
						<ns3:TrackPointExtension>
							<ns3:speed>2.6</ns3:speed>
						</ns3:TrackPointExtension>
					</extensions>
			</trkpt>
			<trkpt lat="35.956627" lon="120.20765">
				<ele>-51.0</ele>
				<time>2019-09-17T12:37:21Z</time>
					<extensions>
						<ns3:TrackPointExtension>
							<ns3:speed>2.63</ns3:speed>
						</ns3:TrackPointExtension>
					</extensions>
			</trkpt>
			<trkpt lat="35.95662" lon="120.20762">
				<ele>-51.0</ele>
				<time>2019-09-17T12:37:22Z</time>
					<extensions>
						<ns3:TrackPointExtension>
							<ns3:speed>2.65</ns3:speed>
						</ns3:TrackPointExtension>
					</extensions>
			</trkpt>
			<trkpt lat="35.956615" lon="120.20759">
				<ele>-51.0</ele>
				<time>2019-09-17T12:37:23Z</time>
					<extensions>
						<ns3:TrackPointExtension>
							<ns3:speed>2.67</ns3:speed>
						</ns3:TrackPointExtension>
					</extensions>
			</trkpt>
			<trkpt lat="35.95661" lon="120.20757">
				<ele>-51.0</ele>
				<time>2019-09-17T12:37:24Z</time>
					<extensions>
						<ns3:TrackPointExtension>
							<ns3:speed>2.68</ns3:speed>
						</ns3:TrackPointExtension>
					</extensions>
			</trkpt>
			<trkpt lat="35.956604" lon="120.207565">
				<ele>-51.0</ele>
				<time>2019-09-17T12:37:25Z</time>
					<extensions>
						<ns3:TrackPointExtension>
							<ns3:speed>2.68</ns3:speed>
						</ns3:TrackPointExtension>
					</extensions>
			</trkpt>
			<trkpt lat="35.956547" lon="120.20756">
				<ele>-51.0</ele>
				<time>2019-09-17T12:37:26Z</time>
					<extensions>
						<ns3:TrackPointExtension>
							<ns3:speed>2.66</ns3:speed>
						</ns3:TrackPointExtension>
					</extensions>
			</trkpt>
			<trkpt lat="35.956528" lon="120.20754">
				<ele>-51.0</ele>
				<time>2019-09-17T12:37:27Z</time>
					<extensions>
						<ns3:TrackPointExtension>
							<ns3:speed>2.64</ns3:speed>
						</ns3:TrackPointExtension>
					</extensions>
			</trkpt>
			<trkpt lat="35.95651" lon="120.207535">
				<ele>-51.0</ele>
				<time>2019-09-17T12:37:28Z</time>
					<extensions>
						<ns3:TrackPointExtension>
							<ns3:speed>2.62</ns3:speed>
						</ns3:TrackPointExtension>
					</extensions>
			</trkpt>
			<trkpt lat="35.956486" lon="120.207535">
				<ele>-51.0</ele>
				<time>2019-09-17T12:37:29Z</time>
					<extensions>
						<ns3:TrackPointExtension>
							<ns3:speed>2.6</ns3:speed>
						</ns3:TrackPointExtension>
					</extensions>
			</trkpt>
			<trkpt lat="35.95647" lon="120.20753">
				<ele>-51.0</ele>
				<time>2019-09-17T12:37:30Z</time>
					<extensions>
						<ns3:TrackPointExtension>
							<ns3:speed>2.59</ns3:speed>
						</ns3:TrackPointExtension>
					</extensions>
			</trkpt>
			<trkpt lat="35.956444" lon="120.207535">
				<ele>-51.0</ele>
				<time>2019-09-17T12:37:31Z</time>
					<extensions>
						<ns3:TrackPointExtension>
							<ns3:speed>2.57</ns3:speed>
						</ns3:TrackPointExtension>
					</extensions>
			</trkpt>
			<trkpt lat="35.956425" lon="120.20753">
				<ele>-51.0</ele>
				<time>2019-09-17T12:37:32Z</time>
					<extensions>
						<ns3:TrackPointExtension>
							<ns3:speed>2.56</ns3:speed>
						</ns3:TrackPointExtension>
					</extensions>
			</trkpt>
			<trkpt lat="35.956398" lon="120.20753">
				<ele>-51.0</ele>
				<time>2019-09-17T12:37:33Z</time>
					<extensions>
						<ns3:TrackPointExtension>
							<ns3:speed>2.56</ns3:speed>
						</ns3:TrackPointExtension>
					</extensions>
			</trkpt>
			<trkpt lat="35.956375" lon="120.207535">
				<ele>-51.0</ele>
				<time>2019-09-17T12:37:34Z</time>
					<extensions>
						<ns3:TrackPointExtension>
							<ns3:speed>2.55</ns3:speed>
						</ns3:TrackPointExtension>
					</extensions>
			</trkpt>
			<trkpt lat="35.95635" lon="120.207535">
				<ele>-51.0</ele>
				<time>2019-09-17T12:37:35Z</time>
					<extensions>
						<ns3:TrackPointExtension>
							<ns3:speed>2.54</ns3:speed>
						</ns3:TrackPointExtension>
					</extensions>
			</trkpt>
			<trkpt lat="35.956326" lon="120.207535">
				<ele>-51.0</ele>
				<time>2019-09-17T12:37:36Z</time>
					<extensions>
						<ns3:TrackPointExtension>
							<ns3:speed>2.55</ns3:speed>
						</ns3:TrackPointExtension>
					</extensions>
			</trkpt>
			<trkpt lat="35.9563" lon="120.20754">
				<ele>-51.0</ele>
				<time>2019-09-17T12:37:37Z</time>
					<extensions>
						<ns3:TrackPointExtension>
							<ns3:speed>2.56</ns3:speed>
						</ns3:TrackPointExtension>
					</extensions>
			</trkpt>
			<trkpt lat="35.956276" lon="120.20754">
				<ele>-51.0</ele>
				<time>2019-09-17T12:37:38Z</time>
					<extensions>
						<ns3:TrackPointExtension>
							<ns3:speed>2.56</ns3:speed>
						</ns3:TrackPointExtension>
					</extensions>
			</trkpt>
			<trkpt lat="35.956245" lon="120.20754">
				<ele>-51.0</ele>
				<time>2019-09-17T12:37:39Z</time>
					<extensions>
						<ns3:TrackPointExtension>
							<ns3:speed>2.58</ns3:speed>
						</ns3:TrackPointExtension>
					</extensions>
			</trkpt>
			<trkpt lat="35.956223" lon="120.20754">
				<ele>-51.0</ele>
				<time>2019-09-17T12:37:40Z</time>
					<extensions>
						<ns3:TrackPointExtension>
							<ns3:speed>2.59</ns3:speed>
						</ns3:TrackPointExtension>
					</extensions>
			</trkpt>
			<trkpt lat="35.956196" lon="120.20754">
				<ele>-51.0</ele>
				<time>2019-09-17T12:37:41Z</time>
					<extensions>
						<ns3:TrackPointExtension>
							<ns3:speed>2.61</ns3:speed>
						</ns3:TrackPointExtension>
					</extensions>
			</trkpt>
			<trkpt lat="35.956165" lon="120.20754">
				<ele>-51.0</ele>
				<time>2019-09-17T12:37:42Z</time>
					<extensions>
						<ns3:TrackPointExtension>
							<ns3:speed>2.62</ns3:speed>
						</ns3:TrackPointExtension>
					</extensions>
			</trkpt>
			<trkpt lat="35.95614" lon="120.20754">
				<ele>-51.0</ele>
				<time>2019-09-17T12:37:43Z</time>
					<extensions>
						<ns3:TrackPointExtension>
							<ns3:speed>2.63</ns3:speed>
						</ns3:TrackPointExtension>
					</extensions>
			</trkpt>
			<trkpt lat="35.95611" lon="120.20754">
				<ele>-51.0</ele>
				<time>2019-09-17T12:37:44Z</time>
					<extensions>
						<ns3:TrackPointExtension>
							<ns3:speed>2.65</ns3:speed>
						</ns3:TrackPointExtension>
					</extensions>
			</trkpt>
			<trkpt lat="35.95609" lon="120.20756">
				<ele>-51.0</ele>
				<time>2019-09-17T12:37:45Z</time>
					<extensions>
						<ns3:TrackPointExtension>
							<ns3:speed>2.68</ns3:speed>
						</ns3:TrackPointExtension>
					</extensions>
			</trkpt>
			<trkpt lat="35.956062" lon="120.20756">
				<ele>-51.0</ele>
				<time>2019-09-17T12:37:46Z</time>
					<extensions>
						<ns3:TrackPointExtension>
							<ns3:speed>2.69</ns3:speed>
						</ns3:TrackPointExtension>
					</extensions>
			</trkpt>
			<trkpt lat="35.95603" lon="120.20756">
				<ele>-51.0</ele>
				<time>2019-09-17T12:37:47Z</time>
					<extensions>
						<ns3:TrackPointExtension>
							<ns3:speed>2.71</ns3:speed>
						</ns3:TrackPointExtension>
					</extensions>
			</trkpt>
			<trkpt lat="35.956" lon="120.207565">
				<ele>-51.0</ele>
				<time>2019-09-17T12:37:48Z</time>
					<extensions>
						<ns3:TrackPointExtension>
							<ns3:speed>2.72</ns3:speed>
						</ns3:TrackPointExtension>
					</extensions>
			</trkpt>
			<trkpt lat="35.955975" lon="120.20757">
				<ele>-51.0</ele>
				<time>2019-09-17T12:37:49Z</time>
					<extensions>
						<ns3:TrackPointExtension>
							<ns3:speed>2.74</ns3:speed>
						</ns3:TrackPointExtension>
					</extensions>
			</trkpt>
			<trkpt lat="35.95594" lon="120.20757">
				<ele>-51.0</ele>
				<time>2019-09-17T12:37:50Z</time>
					<extensions>
						<ns3:TrackPointExtension>
							<ns3:speed>2.77</ns3:speed>
						</ns3:TrackPointExtension>
					</extensions>
			</trkpt>
			<trkpt lat="35.955914" lon="120.20759">
				<ele>-51.0</ele>
				<time>2019-09-17T12:37:51Z</time>
					<extensions>
						<ns3:TrackPointExtension>
							<ns3:speed>2.8</ns3:speed>
						</ns3:TrackPointExtension>
					</extensions>
			</trkpt>
			<trkpt lat="35.95588" lon="120.207596">
				<ele>-52.0</ele>
				<time>2019-09-17T12:37:52Z</time>
					<extensions>
						<ns3:TrackPointExtension>
							<ns3:speed>2.83</ns3:speed>
						</ns3:TrackPointExtension>
					</extensions>
			</trkpt>
			<trkpt lat="35.955853" lon="120.2076">
				<ele>-52.0</ele>
				<time>2019-09-17T12:37:53Z</time>
					<extensions>
						<ns3:TrackPointExtension>
							<ns3:speed>2.86</ns3:speed>
						</ns3:TrackPointExtension>
					</extensions>
			</trkpt>
			<trkpt lat="35.955822" lon="120.2076">
				<ele>-52.0</ele>
				<time>2019-09-17T12:37:54Z</time>
					<extensions>
						<ns3:TrackPointExtension>
							<ns3:speed>2.89</ns3:speed>
						</ns3:TrackPointExtension>
					</extensions>
			</trkpt>
			<trkpt lat="35.955807" lon="120.2076">
				<ele>-53.0</ele>
				<time>2019-09-17T12:37:55Z</time>
					<extensions>
						<ns3:TrackPointExtension>
							<ns3:speed>2.91</ns3:speed>
						</ns3:TrackPointExtension>
					</extensions>
			</trkpt>
			<trkpt lat="35.955795" lon="120.20757">
				<ele>-53.0</ele>
				<time>2019-09-17T12:37:56Z</time>
					<extensions>
						<ns3:TrackPointExtension>
							<ns3:speed>2.92</ns3:speed>
						</ns3:TrackPointExtension>
					</extensions>
			</trkpt>
			<trkpt lat="35.95579" lon="120.20754">
				<ele>-53.0</ele>
				<time>2019-09-17T12:37:57Z</time>
					<extensions>
						<ns3:TrackPointExtension>
							<ns3:speed>2.93</ns3:speed>
						</ns3:TrackPointExtension>
					</extensions>
			</trkpt>
			<trkpt lat="35.955788" lon="120.207504">
				<ele>-53.0</ele>
				<time>2019-09-17T12:37:58Z</time>
					<extensions>
						<ns3:TrackPointExtension>
							<ns3:speed>2.92</ns3:speed>
						</ns3:TrackPointExtension>
					</extensions>
			</trkpt>
			<trkpt lat="35.955784" lon="120.20747">
				<ele>-53.0</ele>
				<time>2019-09-17T12:37:59Z</time>
					<extensions>
						<ns3:TrackPointExtension>
							<ns3:speed>2.92</ns3:speed>
						</ns3:TrackPointExtension>
					</extensions>
			</trkpt>
			<trkpt lat="35.95578" lon="120.20743">
				<ele>-54.0</ele>
				<time>2019-09-17T12:38:00Z</time>
					<extensions>
						<ns3:TrackPointExtension>
							<ns3:speed>2.92</ns3:speed>
						</ns3:TrackPointExtension>
					</extensions>
			</trkpt>
			<trkpt lat="35.955776" lon="120.20739">
				<ele>-54.0</ele>
				<time>2019-09-17T12:38:01Z</time>
					<extensions>
						<ns3:TrackPointExtension>
							<ns3:speed>2.93</ns3:speed>
						</ns3:TrackPointExtension>
					</extensions>
			</trkpt>
			<trkpt lat="35.95577" lon="120.20735">
				<ele>-54.0</ele>
				<time>2019-09-17T12:38:02Z</time>
					<extensions>
						<ns3:TrackPointExtension>
							<ns3:speed>2.94</ns3:speed>
						</ns3:TrackPointExtension>
					</extensions>
			</trkpt>
			<trkpt lat="35.955765" lon="120.207306">
				<ele>-54.0</ele>
				<time>2019-09-17T12:38:03Z</time>
					<extensions>
						<ns3:TrackPointExtension>
							<ns3:speed>2.97</ns3:speed>
						</ns3:TrackPointExtension>
					</extensions>
			</trkpt>
			<trkpt lat="35.955765" lon="120.207275">
				<ele>-54.0</ele>
				<time>2019-09-17T12:38:04Z</time>
					<extensions>
						<ns3:TrackPointExtension>
							<ns3:speed>3.0</ns3:speed>
						</ns3:TrackPointExtension>
					</extensions>
			</trkpt>
			<trkpt lat="35.955765" lon="120.20724">
				<ele>-54.0</ele>
				<time>2019-09-17T12:38:05Z</time>
					<extensions>
						<ns3:TrackPointExtension>
							<ns3:speed>3.0</ns3:speed>
						</ns3:TrackPointExtension>
					</extensions>
			</trkpt>
			<trkpt lat="35.95576" lon="120.2072">
				<ele>-54.0</ele>
				<time>2019-09-17T12:38:06Z</time>
					<extensions>
						<ns3:TrackPointExtension>
							<ns3:speed>3.05</ns3:speed>
						</ns3:TrackPointExtension>
					</extensions>
			</trkpt>
			<trkpt lat="35.955765" lon="120.20717">
				<ele>-54.0</ele>
				<time>2019-09-17T12:38:07Z</time>
					<extensions>
						<ns3:TrackPointExtension>
							<ns3:speed>3.07</ns3:speed>
						</ns3:TrackPointExtension>
					</extensions>
			</trkpt>
			<trkpt lat="35.95576" lon="120.20714">
				<ele>-54.0</ele>
				<time>2019-09-17T12:38:08Z</time>
					<extensions>
						<ns3:TrackPointExtension>
							<ns3:speed>3.09</ns3:speed>
						</ns3:TrackPointExtension>
					</extensions>
			</trkpt>
			<trkpt lat="35.95576" lon="120.20711">
				<ele>-55.0</ele>
				<time>2019-09-17T12:38:09Z</time>
					<extensions>
						<ns3:TrackPointExtension>
							<ns3:speed>3.1</ns3:speed>
						</ns3:TrackPointExtension>
					</extensions>
			</trkpt>
			<trkpt lat="35.955757" lon="120.20708">
				<ele>-55.0</ele>
				<time>2019-09-17T12:38:10Z</time>
					<extensions>
						<ns3:TrackPointExtension>
							<ns3:speed>3.1</ns3:speed>
						</ns3:TrackPointExtension>
					</extensions>
			</trkpt>
			<trkpt lat="35.955757" lon="120.20704">
				<ele>-55.0</ele>
				<time>2019-09-17T12:38:11Z</time>
					<extensions>
						<ns3:TrackPointExtension>
							<ns3:speed>3.09</ns3:speed>
						</ns3:TrackPointExtension>
					</extensions>
			</trkpt>
			<trkpt lat="35.955757" lon="120.207">
				<ele>-55.0</ele>
				<time>2019-09-17T12:38:12Z</time>
					<extensions>
						<ns3:TrackPointExtension>
							<ns3:speed>3.08</ns3:speed>
						</ns3:TrackPointExtension>
					</extensions>
			</trkpt>
			<trkpt lat="35.955757" lon="120.20697">
				<ele>-55.0</ele>
				<time>2019-09-17T12:38:13Z</time>
					<extensions>
						<ns3:TrackPointExtension>
							<ns3:speed>3.08</ns3:speed>
						</ns3:TrackPointExtension>
					</extensions>
			</trkpt>
			<trkpt lat="35.955753" lon="120.20695">
				<ele>-55.0</ele>
				<time>2019-09-17T12:38:14Z</time>
					<extensions>
						<ns3:TrackPointExtension>
							<ns3:speed>3.07</ns3:speed>
						</ns3:TrackPointExtension>
					</extensions>
			</trkpt>
			<trkpt lat="35.955753" lon="120.20692">
				<ele>-55.0</ele>
				<time>2019-09-17T12:38:15Z</time>
					<extensions>
						<ns3:TrackPointExtension>
							<ns3:speed>3.06</ns3:speed>
						</ns3:TrackPointExtension>
					</extensions>
			</trkpt>
			<trkpt lat="35.955753" lon="120.20689">
				<ele>-55.0</ele>
				<time>2019-09-17T12:38:16Z</time>
					<extensions>
						<ns3:TrackPointExtension>
							<ns3:speed>3.04</ns3:speed>
						</ns3:TrackPointExtension>
					</extensions>
			</trkpt>
			<trkpt lat="35.95575" lon="120.20685">
				<ele>-55.0</ele>
				<time>2019-09-17T12:38:17Z</time>
					<extensions>
						<ns3:TrackPointExtension>
							<ns3:speed>3.03</ns3:speed>
						</ns3:TrackPointExtension>
					</extensions>
			</trkpt>
			<trkpt lat="35.95575" lon="120.20682">
				<ele>-55.0</ele>
				<time>2019-09-17T12:38:18Z</time>
					<extensions>
						<ns3:TrackPointExtension>
							<ns3:speed>3.02</ns3:speed>
						</ns3:TrackPointExtension>
					</extensions>
			</trkpt>
			<trkpt lat="35.95575" lon="120.206764">
				<ele>-55.0</ele>
				<time>2019-09-17T12:38:19Z</time>
					<extensions>
						<ns3:TrackPointExtension>
							<ns3:speed>3.02</ns3:speed>
						</ns3:TrackPointExtension>
					</extensions>
			</trkpt>
			<trkpt lat="35.955746" lon="120.20673">
				<ele>-55.0</ele>
				<time>2019-09-17T12:38:20Z</time>
					<extensions>
						<ns3:TrackPointExtension>
							<ns3:speed>3.03</ns3:speed>
						</ns3:TrackPointExtension>
					</extensions>
			</trkpt>
			<trkpt lat="35.95574" lon="120.206696">
				<ele>-55.0</ele>
				<time>2019-09-17T12:38:21Z</time>
					<extensions>
						<ns3:TrackPointExtension>
							<ns3:speed>3.03</ns3:speed>
						</ns3:TrackPointExtension>
					</extensions>
			</trkpt>
			<trkpt lat="35.95574" lon="120.206665">
				<ele>-55.0</ele>
				<time>2019-09-17T12:38:22Z</time>
					<extensions>
						<ns3:TrackPointExtension>
							<ns3:speed>3.05</ns3:speed>
						</ns3:TrackPointExtension>
					</extensions>
			</trkpt>
			<trkpt lat="35.955738" lon="120.206635">
				<ele>-55.0</ele>
				<time>2019-09-17T12:38:23Z</time>
					<extensions>
						<ns3:TrackPointExtension>
							<ns3:speed>3.06</ns3:speed>
						</ns3:TrackPointExtension>
					</extensions>
			</trkpt>
			<trkpt lat="35.955738" lon="120.206604">
				<ele>-55.0</ele>
				<time>2019-09-17T12:38:24Z</time>
					<extensions>
						<ns3:TrackPointExtension>
							<ns3:speed>3.08</ns3:speed>
						</ns3:TrackPointExtension>
					</extensions>
			</trkpt>
			<trkpt lat="35.955734" lon="120.20657">
				<ele>-55.0</ele>
				<time>2019-09-17T12:38:25Z</time>
					<extensions>
						<ns3:TrackPointExtension>
							<ns3:speed>3.08</ns3:speed>
						</ns3:TrackPointExtension>
					</extensions>
			</trkpt>
			<trkpt lat="35.955734" lon="120.20654">
				<ele>-55.0</ele>
				<time>2019-09-17T12:38:26Z</time>
					<extensions>
						<ns3:TrackPointExtension>
							<ns3:speed>3.08</ns3:speed>
						</ns3:TrackPointExtension>
					</extensions>
			</trkpt>
			<trkpt lat="35.95573" lon="120.20652">
				<ele>-55.0</ele>
				<time>2019-09-17T12:38:27Z</time>
					<extensions>
						<ns3:TrackPointExtension>
							<ns3:speed>3.08</ns3:speed>
						</ns3:TrackPointExtension>
					</extensions>
			</trkpt>
			<trkpt lat="35.955727" lon="120.20648">
				<ele>-55.0</ele>
				<time>2019-09-17T12:38:28Z</time>
					<extensions>
						<ns3:TrackPointExtension>
							<ns3:speed>3.04</ns3:speed>
						</ns3:TrackPointExtension>
					</extensions>
			</trkpt>
			<trkpt lat="35.955727" lon="120.20646">
				<ele>-55.0</ele>
				<time>2019-09-17T12:38:29Z</time>
					<extensions>
						<ns3:TrackPointExtension>
							<ns3:speed>3.03</ns3:speed>
						</ns3:TrackPointExtension>
					</extensions>
			</trkpt>
			<trkpt lat="35.955723" lon="120.20643">
				<ele>-55.0</ele>
				<time>2019-09-17T12:38:30Z</time>
					<extensions>
						<ns3:TrackPointExtension>
							<ns3:speed>3.0</ns3:speed>
						</ns3:TrackPointExtension>
					</extensions>
			</trkpt>
			<trkpt lat="35.95572" lon="120.2064">
				<ele>-55.0</ele>
				<time>2019-09-17T12:38:31Z</time>
					<extensions>
						<ns3:TrackPointExtension>
							<ns3:speed>2.98</ns3:speed>
						</ns3:TrackPointExtension>
					</extensions>
			</trkpt>
			<trkpt lat="35.95572" lon="120.206375">
				<ele>-55.0</ele>
				<time>2019-09-17T12:38:32Z</time>
					<extensions>
						<ns3:TrackPointExtension>
							<ns3:speed>2.98</ns3:speed>
						</ns3:TrackPointExtension>
					</extensions>
			</trkpt>
			<trkpt lat="35.955715" lon="120.206345">
				<ele>-55.0</ele>
				<time>2019-09-17T12:38:33Z</time>
					<extensions>
						<ns3:TrackPointExtension>
							<ns3:speed>2.94</ns3:speed>
						</ns3:TrackPointExtension>
					</extensions>
			</trkpt>
			<trkpt lat="35.955715" lon="120.206314">
				<ele>-55.0</ele>
				<time>2019-09-17T12:38:34Z</time>
					<extensions>
						<ns3:TrackPointExtension>
							<ns3:speed>2.92</ns3:speed>
						</ns3:TrackPointExtension>
					</extensions>
			</trkpt>
			<trkpt lat="35.95571" lon="120.2063">
				<ele>-55.0</ele>
				<time>2019-09-17T12:38:35Z</time>
					<extensions>
						<ns3:TrackPointExtension>
							<ns3:speed>2.9</ns3:speed>
						</ns3:TrackPointExtension>
					</extensions>
			</trkpt>
			<trkpt lat="35.955708" lon="120.20626">
				<ele>-55.0</ele>
				<time>2019-09-17T12:38:36Z</time>
					<extensions>
						<ns3:TrackPointExtension>
							<ns3:speed>2.88</ns3:speed>
						</ns3:TrackPointExtension>
					</extensions>
			</trkpt>
			<trkpt lat="35.955708" lon="120.20623">
				<ele>-55.0</ele>
				<time>2019-09-17T12:38:37Z</time>
					<extensions>
						<ns3:TrackPointExtension>
							<ns3:speed>2.85</ns3:speed>
						</ns3:TrackPointExtension>
					</extensions>
			</trkpt>
			<trkpt lat="35.955704" lon="120.2062">
				<ele>-55.0</ele>
				<time>2019-09-17T12:38:38Z</time>
					<extensions>
						<ns3:TrackPointExtension>
							<ns3:speed>2.84</ns3:speed>
						</ns3:TrackPointExtension>
					</extensions>
			</trkpt>
			<trkpt lat="35.9557" lon="120.20617">
				<ele>-55.0</ele>
				<time>2019-09-17T12:38:39Z</time>
					<extensions>
						<ns3:TrackPointExtension>
							<ns3:speed>2.83</ns3:speed>
						</ns3:TrackPointExtension>
					</extensions>
			</trkpt>
			<trkpt lat="35.955692" lon="120.20614">
				<ele>-55.0</ele>
				<time>2019-09-17T12:38:40Z</time>
					<extensions>
						<ns3:TrackPointExtension>
							<ns3:speed>2.83</ns3:speed>
						</ns3:TrackPointExtension>
					</extensions>
			</trkpt>
			<trkpt lat="35.95569" lon="120.20611">
				<ele>-55.0</ele>
				<time>2019-09-17T12:38:41Z</time>
					<extensions>
						<ns3:TrackPointExtension>
							<ns3:speed>2.83</ns3:speed>
						</ns3:TrackPointExtension>
					</extensions>
			</trkpt>
			<trkpt lat="35.955685" lon="120.20608">
				<ele>-55.0</ele>
				<time>2019-09-17T12:38:42Z</time>
					<extensions>
						<ns3:TrackPointExtension>
							<ns3:speed>2.84</ns3:speed>
						</ns3:TrackPointExtension>
					</extensions>
			</trkpt>
			<trkpt lat="35.955677" lon="120.20604">
				<ele>-55.0</ele>
				<time>2019-09-17T12:38:43Z</time>
					<extensions>
						<ns3:TrackPointExtension>
							<ns3:speed>2.84</ns3:speed>
						</ns3:TrackPointExtension>
					</extensions>
			</trkpt>
			<trkpt lat="35.955673" lon="120.20602">
				<ele>-55.0</ele>
				<time>2019-09-17T12:38:44Z</time>
					<extensions>
						<ns3:TrackPointExtension>
							<ns3:speed>2.84</ns3:speed>
						</ns3:TrackPointExtension>
					</extensions>
			</trkpt>
			<trkpt lat="35.955666" lon="120.20598">
				<ele>-55.0</ele>
				<time>2019-09-17T12:38:45Z</time>
					<extensions>
						<ns3:TrackPointExtension>
							<ns3:speed>2.86</ns3:speed>
						</ns3:TrackPointExtension>
					</extensions>
			</trkpt>
			<trkpt lat="35.95566" lon="120.205956">
				<ele>-55.0</ele>
				<time>2019-09-17T12:38:46Z</time>
					<extensions>
						<ns3:TrackPointExtension>
							<ns3:speed>2.87</ns3:speed>
						</ns3:TrackPointExtension>
					</extensions>
			</trkpt>
			<trkpt lat="35.955658" lon="120.205925">
				<ele>-55.0</ele>
				<time>2019-09-17T12:38:47Z</time>
					<extensions>
						<ns3:TrackPointExtension>
							<ns3:speed>2.87</ns3:speed>
						</ns3:TrackPointExtension>
					</extensions>
			</trkpt>
			<trkpt lat="35.955654" lon="120.20591">
				<ele>-55.0</ele>
				<time>2019-09-17T12:38:48Z</time>
					<extensions>
						<ns3:TrackPointExtension>
							<ns3:speed>2.87</ns3:speed>
						</ns3:TrackPointExtension>
					</extensions>
			</trkpt>
			<trkpt lat="35.95565" lon="120.20587">
				<ele>-55.0</ele>
				<time>2019-09-17T12:38:49Z</time>
					<extensions>
						<ns3:TrackPointExtension>
							<ns3:speed>2.85</ns3:speed>
						</ns3:TrackPointExtension>
					</extensions>
			</trkpt>
			<trkpt lat="35.955647" lon="120.20584">
				<ele>-55.0</ele>
				<time>2019-09-17T12:38:50Z</time>
					<extensions>
						<ns3:TrackPointExtension>
							<ns3:speed>2.84</ns3:speed>
						</ns3:TrackPointExtension>
					</extensions>
			</trkpt>
			<trkpt lat="35.95564" lon="120.205826">
				<ele>-55.0</ele>
				<time>2019-09-17T12:38:51Z</time>
					<extensions>
						<ns3:TrackPointExtension>
							<ns3:speed>2.82</ns3:speed>
						</ns3:TrackPointExtension>
					</extensions>
			</trkpt>
			<trkpt lat="35.955635" lon="120.205795">
				<ele>-55.0</ele>
				<time>2019-09-17T12:38:52Z</time>
					<extensions>
						<ns3:TrackPointExtension>
							<ns3:speed>2.8</ns3:speed>
						</ns3:TrackPointExtension>
					</extensions>
			</trkpt>
			<trkpt lat="35.95563" lon="120.205765">
				<ele>-55.0</ele>
				<time>2019-09-17T12:38:53Z</time>
					<extensions>
						<ns3:TrackPointExtension>
							<ns3:speed>2.78</ns3:speed>
						</ns3:TrackPointExtension>
					</extensions>
			</trkpt>
			<trkpt lat="35.955624" lon="120.20574">
				<ele>-55.0</ele>
				<time>2019-09-17T12:38:54Z</time>
					<extensions>
						<ns3:TrackPointExtension>
							<ns3:speed>2.78</ns3:speed>
						</ns3:TrackPointExtension>
					</extensions>
			</trkpt>
			<trkpt lat="35.95562" lon="120.20571">
				<ele>-55.0</ele>
				<time>2019-09-17T12:38:55Z</time>
					<extensions>
						<ns3:TrackPointExtension>
							<ns3:speed>2.76</ns3:speed>
						</ns3:TrackPointExtension>
					</extensions>
			</trkpt>
			<trkpt lat="35.955612" lon="120.20568">
				<ele>-55.0</ele>
				<time>2019-09-17T12:38:56Z</time>
					<extensions>
						<ns3:TrackPointExtension>
							<ns3:speed>2.75</ns3:speed>
						</ns3:TrackPointExtension>
					</extensions>
			</trkpt>
			<trkpt lat="35.955605" lon="120.20565">
				<ele>-55.0</ele>
				<time>2019-09-17T12:38:57Z</time>
					<extensions>
						<ns3:TrackPointExtension>
							<ns3:speed>2.75</ns3:speed>
						</ns3:TrackPointExtension>
					</extensions>
			</trkpt>
			<trkpt lat="35.955597" lon="120.20561">
				<ele>-55.0</ele>
				<time>2019-09-17T12:38:58Z</time>
					<extensions>
						<ns3:TrackPointExtension>
							<ns3:speed>2.75</ns3:speed>
						</ns3:TrackPointExtension>
					</extensions>
			</trkpt>
			<trkpt lat="35.95559" lon="120.20557">
				<ele>-55.0</ele>
				<time>2019-09-17T12:38:59Z</time>
					<extensions>
						<ns3:TrackPointExtension>
							<ns3:speed>2.75</ns3:speed>
						</ns3:TrackPointExtension>
					</extensions>
			</trkpt>
			<trkpt lat="35.955578" lon="120.205536">
				<ele>-54.0</ele>
				<time>2019-09-17T12:39:00Z</time>
					<extensions>
						<ns3:TrackPointExtension>
							<ns3:speed>2.81</ns3:speed>
						</ns3:TrackPointExtension>
					</extensions>
			</trkpt>
			<trkpt lat="35.95557" lon="120.2055">
				<ele>-54.0</ele>
				<time>2019-09-17T12:39:01Z</time>
					<extensions>
						<ns3:TrackPointExtension>
							<ns3:speed>2.84</ns3:speed>
						</ns3:TrackPointExtension>
					</extensions>
			</trkpt>
			<trkpt lat="35.955563" lon="120.20547">
				<ele>-54.0</ele>
				<time>2019-09-17T12:39:02Z</time>
					<extensions>
						<ns3:TrackPointExtension>
							<ns3:speed>2.86</ns3:speed>
						</ns3:TrackPointExtension>
					</extensions>
			</trkpt>
			<trkpt lat="35.955555" lon="120.20542">
				<ele>-54.0</ele>
				<time>2019-09-17T12:39:03Z</time>
					<extensions>
						<ns3:TrackPointExtension>
							<ns3:speed>2.89</ns3:speed>
						</ns3:TrackPointExtension>
					</extensions>
			</trkpt>
			<trkpt lat="35.955544" lon="120.20539">
				<ele>-54.0</ele>
				<time>2019-09-17T12:39:04Z</time>
					<extensions>
						<ns3:TrackPointExtension>
							<ns3:speed>2.89</ns3:speed>
						</ns3:TrackPointExtension>
					</extensions>
			</trkpt>
			<trkpt lat="35.955536" lon="120.20535">
				<ele>-54.0</ele>
				<time>2019-09-17T12:39:05Z</time>
					<extensions>
						<ns3:TrackPointExtension>
							<ns3:speed>2.92</ns3:speed>
						</ns3:TrackPointExtension>
					</extensions>
			</trkpt>
			<trkpt lat="35.95553" lon="120.20532">
				<ele>-54.0</ele>
				<time>2019-09-17T12:39:06Z</time>
					<extensions>
						<ns3:TrackPointExtension>
							<ns3:speed>2.94</ns3:speed>
						</ns3:TrackPointExtension>
					</extensions>
			</trkpt>
			<trkpt lat="35.955517" lon="120.20529">
				<ele>-54.0</ele>
				<time>2019-09-17T12:39:07Z</time>
					<extensions>
						<ns3:TrackPointExtension>
							<ns3:speed>2.96</ns3:speed>
						</ns3:TrackPointExtension>
					</extensions>
			</trkpt>
			<trkpt lat="35.95551" lon="120.20525">
				<ele>-54.0</ele>
				<time>2019-09-17T12:39:08Z</time>
					<extensions>
						<ns3:TrackPointExtension>
							<ns3:speed>2.98</ns3:speed>
						</ns3:TrackPointExtension>
					</extensions>
			</trkpt>
			<trkpt lat="35.955498" lon="120.20522">
				<ele>-54.0</ele>
				<time>2019-09-17T12:39:09Z</time>
					<extensions>
						<ns3:TrackPointExtension>
							<ns3:speed>3.0</ns3:speed>
						</ns3:TrackPointExtension>
					</extensions>
			</trkpt>
			<trkpt lat="35.95549" lon="120.20519">
				<ele>-54.0</ele>
				<time>2019-09-17T12:39:10Z</time>
					<extensions>
						<ns3:TrackPointExtension>
							<ns3:speed>3.01</ns3:speed>
						</ns3:TrackPointExtension>
					</extensions>
			</trkpt>
			<trkpt lat="35.955486" lon="120.20515">
				<ele>-55.0</ele>
				<time>2019-09-17T12:39:11Z</time>
					<extensions>
						<ns3:TrackPointExtension>
							<ns3:speed>3.01</ns3:speed>
						</ns3:TrackPointExtension>
					</extensions>
			</trkpt>
			<trkpt lat="35.95548" lon="120.20511">
				<ele>-55.0</ele>
				<time>2019-09-17T12:39:12Z</time>
					<extensions>
						<ns3:TrackPointExtension>
							<ns3:speed>3.02</ns3:speed>
						</ns3:TrackPointExtension>
					</extensions>
			</trkpt>
			<trkpt lat="35.95547" lon="120.20508">
				<ele>-55.0</ele>
				<time>2019-09-17T12:39:13Z</time>
					<extensions>
						<ns3:TrackPointExtension>
							<ns3:speed>3.03</ns3:speed>
						</ns3:TrackPointExtension>
					</extensions>
			</trkpt>
			<trkpt lat="35.955467" lon="120.20505">
				<ele>-55.0</ele>
				<time>2019-09-17T12:39:14Z</time>
					<extensions>
						<ns3:TrackPointExtension>
							<ns3:speed>3.03</ns3:speed>
						</ns3:TrackPointExtension>
					</extensions>
			</trkpt>
			<trkpt lat="35.95546" lon="120.20502">
				<ele>-55.0</ele>
				<time>2019-09-17T12:39:15Z</time>
					<extensions>
						<ns3:TrackPointExtension>
							<ns3:speed>3.03</ns3:speed>
						</ns3:TrackPointExtension>
					</extensions>
			</trkpt>
			<trkpt lat="35.955452" lon="120.20497">
				<ele>-55.0</ele>
				<time>2019-09-17T12:39:16Z</time>
					<extensions>
						<ns3:TrackPointExtension>
							<ns3:speed>3.04</ns3:speed>
						</ns3:TrackPointExtension>
					</extensions>
			</trkpt>
			<trkpt lat="35.955444" lon="120.20493">
				<ele>-55.0</ele>
				<time>2019-09-17T12:39:17Z</time>
					<extensions>
						<ns3:TrackPointExtension>
							<ns3:speed>3.05</ns3:speed>
						</ns3:TrackPointExtension>
					</extensions>
			</trkpt>
			<trkpt lat="35.955437" lon="120.2049">
				<ele>-55.0</ele>
				<time>2019-09-17T12:39:18Z</time>
					<extensions>
						<ns3:TrackPointExtension>
							<ns3:speed>3.06</ns3:speed>
						</ns3:TrackPointExtension>
					</extensions>
			</trkpt>
			<trkpt lat="35.95543" lon="120.20487">
				<ele>-55.0</ele>
				<time>2019-09-17T12:39:19Z</time>
					<extensions>
						<ns3:TrackPointExtension>
							<ns3:speed>3.07</ns3:speed>
						</ns3:TrackPointExtension>
					</extensions>
			</trkpt>
			<trkpt lat="35.955425" lon="120.20484">
				<ele>-55.0</ele>
				<time>2019-09-17T12:39:20Z</time>
					<extensions>
						<ns3:TrackPointExtension>
							<ns3:speed>3.09</ns3:speed>
						</ns3:TrackPointExtension>
					</extensions>
			</trkpt>
			<trkpt lat="35.95542" lon="120.20481">
				<ele>-55.0</ele>
				<time>2019-09-17T12:39:21Z</time>
					<extensions>
						<ns3:TrackPointExtension>
							<ns3:speed>3.09</ns3:speed>
						</ns3:TrackPointExtension>
					</extensions>
			</trkpt>
			<trkpt lat="35.955414" lon="120.20478">
				<ele>-55.0</ele>
				<time>2019-09-17T12:39:22Z</time>
					<extensions>
						<ns3:TrackPointExtension>
							<ns3:speed>3.1</ns3:speed>
						</ns3:TrackPointExtension>
					</extensions>
			</trkpt>
			<trkpt lat="35.955406" lon="120.204735">
				<ele>-55.0</ele>
				<time>2019-09-17T12:39:23Z</time>
					<extensions>
						<ns3:TrackPointExtension>
							<ns3:speed>3.09</ns3:speed>
						</ns3:TrackPointExtension>
					</extensions>
			</trkpt>
			<trkpt lat="35.9554" lon="120.2047">
				<ele>-55.0</ele>
				<time>2019-09-17T12:39:24Z</time>
					<extensions>
						<ns3:TrackPointExtension>
							<ns3:speed>3.09</ns3:speed>
						</ns3:TrackPointExtension>
					</extensions>
			</trkpt>
			<trkpt lat="35.95539" lon="120.204666">
				<ele>-55.0</ele>
				<time>2019-09-17T12:39:25Z</time>
					<extensions>
						<ns3:TrackPointExtension>
							<ns3:speed>3.09</ns3:speed>
						</ns3:TrackPointExtension>
					</extensions>
			</trkpt>
			<trkpt lat="35.955383" lon="120.20463">
				<ele>-55.0</ele>
				<time>2019-09-17T12:39:26Z</time>
					<extensions>
						<ns3:TrackPointExtension>
							<ns3:speed>3.09</ns3:speed>
						</ns3:TrackPointExtension>
					</extensions>
			</trkpt>
			<trkpt lat="35.95537" lon="120.204575">
				<ele>-55.0</ele>
				<time>2019-09-17T12:39:27Z</time>
					<extensions>
						<ns3:TrackPointExtension>
							<ns3:speed>3.12</ns3:speed>
						</ns3:TrackPointExtension>
					</extensions>
			</trkpt>
			<trkpt lat="35.955368" lon="120.204544">
				<ele>-55.0</ele>
				<time>2019-09-17T12:39:28Z</time>
					<extensions>
						<ns3:TrackPointExtension>
							<ns3:speed>3.15</ns3:speed>
						</ns3:TrackPointExtension>
					</extensions>
			</trkpt>
			<trkpt lat="35.95536" lon="120.204506">
				<ele>-55.0</ele>
				<time>2019-09-17T12:39:29Z</time>
					<extensions>
						<ns3:TrackPointExtension>
							<ns3:speed>3.17</ns3:speed>
						</ns3:TrackPointExtension>
					</extensions>
			</trkpt>
			<trkpt lat="35.955353" lon="120.20446">
				<ele>-55.0</ele>
				<time>2019-09-17T12:39:30Z</time>
					<extensions>
						<ns3:TrackPointExtension>
							<ns3:speed>3.19</ns3:speed>
						</ns3:TrackPointExtension>
					</extensions>
			</trkpt>
			<trkpt lat="35.955345" lon="120.20442">
				<ele>-55.0</ele>
				<time>2019-09-17T12:39:31Z</time>
					<extensions>
						<ns3:TrackPointExtension>
							<ns3:speed>3.22</ns3:speed>
						</ns3:TrackPointExtension>
					</extensions>
			</trkpt>
			<trkpt lat="35.955334" lon="120.204384">
				<ele>-55.0</ele>
				<time>2019-09-17T12:39:32Z</time>
					<extensions>
						<ns3:TrackPointExtension>
							<ns3:speed>3.24</ns3:speed>
						</ns3:TrackPointExtension>
					</extensions>
			</trkpt>
			<trkpt lat="35.955326" lon="120.20433">
				<ele>-55.0</ele>
				<time>2019-09-17T12:39:33Z</time>
					<extensions>
						<ns3:TrackPointExtension>
							<ns3:speed>3.27</ns3:speed>
						</ns3:TrackPointExtension>
					</extensions>
			</trkpt>
			<trkpt lat="35.95532" lon="120.2043">
				<ele>-55.0</ele>
				<time>2019-09-17T12:39:34Z</time>
					<extensions>
						<ns3:TrackPointExtension>
							<ns3:speed>3.31</ns3:speed>
						</ns3:TrackPointExtension>
					</extensions>
			</trkpt>
			<trkpt lat="35.95531" lon="120.204254">
				<ele>-56.0</ele>
				<time>2019-09-17T12:39:35Z</time>
					<extensions>
						<ns3:TrackPointExtension>
							<ns3:speed>3.33</ns3:speed>
						</ns3:TrackPointExtension>
					</extensions>
			</trkpt>
			<trkpt lat="35.9553" lon="120.204216">
				<ele>-56.0</ele>
				<time>2019-09-17T12:39:36Z</time>
					<extensions>
						<ns3:TrackPointExtension>
							<ns3:speed>3.36</ns3:speed>
						</ns3:TrackPointExtension>
					</extensions>
			</trkpt>
			<trkpt lat="35.95529" lon="120.204185">
				<ele>-56.0</ele>
				<time>2019-09-17T12:39:37Z</time>
					<extensions>
						<ns3:TrackPointExtension>
							<ns3:speed>3.38</ns3:speed>
						</ns3:TrackPointExtension>
					</extensions>
			</trkpt>
			<trkpt lat="35.955288" lon="120.20415">
				<ele>-56.0</ele>
				<time>2019-09-17T12:39:38Z</time>
					<extensions>
						<ns3:TrackPointExtension>
							<ns3:speed>3.4</ns3:speed>
						</ns3:TrackPointExtension>
					</extensions>
			</trkpt>
			<trkpt lat="35.95528" lon="120.2041">
				<ele>-56.0</ele>
				<time>2019-09-17T12:39:39Z</time>
					<extensions>
						<ns3:TrackPointExtension>
							<ns3:speed>3.4</ns3:speed>
						</ns3:TrackPointExtension>
					</extensions>
			</trkpt>
			<trkpt lat="35.955273" lon="120.20406">
				<ele>-56.0</ele>
				<time>2019-09-17T12:39:40Z</time>
					<extensions>
						<ns3:TrackPointExtension>
							<ns3:speed>3.41</ns3:speed>
						</ns3:TrackPointExtension>
					</extensions>
			</trkpt>
			<trkpt lat="35.95527" lon="120.204025">
				<ele>-56.0</ele>
				<time>2019-09-17T12:39:41Z</time>
					<extensions>
						<ns3:TrackPointExtension>
							<ns3:speed>3.41</ns3:speed>
						</ns3:TrackPointExtension>
					</extensions>
			</trkpt>
			<trkpt lat="35.95526" lon="120.20398">
				<ele>-56.0</ele>
				<time>2019-09-17T12:39:42Z</time>
					<extensions>
						<ns3:TrackPointExtension>
							<ns3:speed>3.42</ns3:speed>
						</ns3:TrackPointExtension>
					</extensions>
			</trkpt>
			<trkpt lat="35.955257" lon="120.20394">
				<ele>-56.0</ele>
				<time>2019-09-17T12:39:43Z</time>
					<extensions>
						<ns3:TrackPointExtension>
							<ns3:speed>3.43</ns3:speed>
						</ns3:TrackPointExtension>
					</extensions>
			</trkpt>
			<trkpt lat="35.955254" lon="120.203896">
				<ele>-56.0</ele>
				<time>2019-09-17T12:39:44Z</time>
					<extensions>
						<ns3:TrackPointExtension>
							<ns3:speed>3.44</ns3:speed>
						</ns3:TrackPointExtension>
					</extensions>
			</trkpt>
			<trkpt lat="35.95525" lon="120.20385">
				<ele>-56.0</ele>
				<time>2019-09-17T12:39:45Z</time>
					<extensions>
						<ns3:TrackPointExtension>
							<ns3:speed>3.46</ns3:speed>
						</ns3:TrackPointExtension>
					</extensions>
			</trkpt>
			<trkpt lat="35.95528" lon="120.2038">
				<ele>-56.0</ele>
				<time>2019-09-17T12:39:46Z</time>
					<extensions>
						<ns3:TrackPointExtension>
							<ns3:speed>3.48</ns3:speed>
						</ns3:TrackPointExtension>
					</extensions>
			</trkpt>
			<trkpt lat="35.955273" lon="120.20376">
				<ele>-56.0</ele>
				<time>2019-09-17T12:39:47Z</time>
					<extensions>
						<ns3:TrackPointExtension>
							<ns3:speed>3.5</ns3:speed>
						</ns3:TrackPointExtension>
					</extensions>
			</trkpt>
			<trkpt lat="35.955265" lon="120.203705">
				<ele>-56.0</ele>
				<time>2019-09-17T12:39:48Z</time>
					<extensions>
						<ns3:TrackPointExtension>
							<ns3:speed>3.5</ns3:speed>
						</ns3:TrackPointExtension>
					</extensions>
			</trkpt>
			<trkpt lat="35.955257" lon="120.20367">
				<ele>-56.0</ele>
				<time>2019-09-17T12:39:49Z</time>
					<extensions>
						<ns3:TrackPointExtension>
							<ns3:speed>3.57</ns3:speed>
						</ns3:TrackPointExtension>
					</extensions>
			</trkpt>
			<trkpt lat="35.95525" lon="120.203636">
				<ele>-57.0</ele>
				<time>2019-09-17T12:39:50Z</time>
					<extensions>
						<ns3:TrackPointExtension>
							<ns3:speed>3.61</ns3:speed>
						</ns3:TrackPointExtension>
					</extensions>
			</trkpt>
			<trkpt lat="35.95524" lon="120.20357">
				<ele>-57.0</ele>
				<time>2019-09-17T12:39:51Z</time>
					<extensions>
						<ns3:TrackPointExtension>
							<ns3:speed>3.63</ns3:speed>
						</ns3:TrackPointExtension>
					</extensions>
			</trkpt>
			<trkpt lat="35.955227" lon="120.20353">
				<ele>-57.0</ele>
				<time>2019-09-17T12:39:52Z</time>
					<extensions>
						<ns3:TrackPointExtension>
							<ns3:speed>3.66</ns3:speed>
						</ns3:TrackPointExtension>
					</extensions>
			</trkpt>
			<trkpt lat="35.955215" lon="120.203476">
				<ele>-57.0</ele>
				<time>2019-09-17T12:39:53Z</time>
					<extensions>
						<ns3:TrackPointExtension>
							<ns3:speed>3.66</ns3:speed>
						</ns3:TrackPointExtension>
					</extensions>
			</trkpt>
			<trkpt lat="35.955204" lon="120.20344">
				<ele>-57.0</ele>
				<time>2019-09-17T12:39:53Z</time>
					<extensions>
						<ns3:TrackPointExtension>
							<ns3:speed>3.71</ns3:speed>
						</ns3:TrackPointExtension>
					</extensions>
			</trkpt>
			<trkpt lat="35.955196" lon="120.203384">
				<ele>-57.0</ele>
				<time>2019-09-17T12:39:54Z</time>
					<extensions>
						<ns3:TrackPointExtension>
							<ns3:speed>3.75</ns3:speed>
						</ns3:TrackPointExtension>
					</extensions>
			</trkpt>
			<trkpt lat="35.955185" lon="120.20335">
				<ele>-57.0</ele>
				<time>2019-09-17T12:39:55Z</time>
					<extensions>
						<ns3:TrackPointExtension>
							<ns3:speed>3.78</ns3:speed>
						</ns3:TrackPointExtension>
					</extensions>
			</trkpt>
			<trkpt lat="35.955173" lon="120.20331">
				<ele>-57.0</ele>
				<time>2019-09-17T12:39:56Z</time>
					<extensions>
						<ns3:TrackPointExtension>
							<ns3:speed>3.81</ns3:speed>
						</ns3:TrackPointExtension>
					</extensions>
			</trkpt>
			<trkpt lat="35.955166" lon="120.20328">
				<ele>-57.0</ele>
				<time>2019-09-17T12:39:57Z</time>
					<extensions>
						<ns3:TrackPointExtension>
							<ns3:speed>3.81</ns3:speed>
						</ns3:TrackPointExtension>
					</extensions>
			</trkpt>
			<trkpt lat="35.955154" lon="120.20323">
				<ele>-57.0</ele>
				<time>2019-09-17T12:39:58Z</time>
					<extensions>
						<ns3:TrackPointExtension>
							<ns3:speed>3.83</ns3:speed>
						</ns3:TrackPointExtension>
					</extensions>
			</trkpt>
			<trkpt lat="35.95514" lon="120.20319">
				<ele>-58.0</ele>
				<time>2019-09-17T12:39:59Z</time>
					<extensions>
						<ns3:TrackPointExtension>
							<ns3:speed>3.83</ns3:speed>
						</ns3:TrackPointExtension>
					</extensions>
			</trkpt>
			<trkpt lat="35.955128" lon="120.20315">
				<ele>-58.0</ele>
				<time>2019-09-17T12:40:00Z</time>
					<extensions>
						<ns3:TrackPointExtension>
							<ns3:speed>3.83</ns3:speed>
						</ns3:TrackPointExtension>
					</extensions>
			</trkpt>
			<trkpt lat="35.955116" lon="120.20311">
				<ele>-59.0</ele>
				<time>2019-09-17T12:40:01Z</time>
					<extensions>
						<ns3:TrackPointExtension>
							<ns3:speed>3.83</ns3:speed>
						</ns3:TrackPointExtension>
					</extensions>
			</trkpt>
			<trkpt lat="35.95511" lon="120.20307">
				<ele>-59.0</ele>
				<time>2019-09-17T12:40:02Z</time>
					<extensions>
						<ns3:TrackPointExtension>
							<ns3:speed>3.83</ns3:speed>
						</ns3:TrackPointExtension>
					</extensions>
			</trkpt>
			<trkpt lat="35.9551" lon="120.20304">
				<ele>-59.0</ele>
				<time>2019-09-17T12:40:03Z</time>
					<extensions>
						<ns3:TrackPointExtension>
							<ns3:speed>3.83</ns3:speed>
						</ns3:TrackPointExtension>
					</extensions>
			</trkpt>
			<trkpt lat="35.955093" lon="120.20301">
				<ele>-60.0</ele>
				<time>2019-09-17T12:40:04Z</time>
					<extensions>
						<ns3:TrackPointExtension>
							<ns3:speed>3.81</ns3:speed>
						</ns3:TrackPointExtension>
					</extensions>
			</trkpt>
			<trkpt lat="35.955086" lon="120.202965">
				<ele>-60.0</ele>
				<time>2019-09-17T12:40:05Z</time>
					<extensions>
						<ns3:TrackPointExtension>
							<ns3:speed>3.8</ns3:speed>
						</ns3:TrackPointExtension>
					</extensions>
			</trkpt>
			<trkpt lat="35.955082" lon="120.202934">
				<ele>-60.0</ele>
				<time>2019-09-17T12:40:06Z</time>
					<extensions>
						<ns3:TrackPointExtension>
							<ns3:speed>3.77</ns3:speed>
						</ns3:TrackPointExtension>
					</extensions>
			</trkpt>
			<trkpt lat="35.95508" lon="120.202896">
				<ele>-60.0</ele>
				<time>2019-09-17T12:40:07Z</time>
					<extensions>
						<ns3:TrackPointExtension>
							<ns3:speed>3.74</ns3:speed>
						</ns3:TrackPointExtension>
					</extensions>
			</trkpt>
			<trkpt lat="35.95507" lon="120.202866">
				<ele>-60.0</ele>
				<time>2019-09-17T12:40:08Z</time>
					<extensions>
						<ns3:TrackPointExtension>
							<ns3:speed>3.71</ns3:speed>
						</ns3:TrackPointExtension>
					</extensions>
			</trkpt>
			<trkpt lat="35.955063" lon="120.20281">
				<ele>-60.0</ele>
				<time>2019-09-17T12:40:09Z</time>
					<extensions>
						<ns3:TrackPointExtension>
							<ns3:speed>3.69</ns3:speed>
						</ns3:TrackPointExtension>
					</extensions>
			</trkpt>
			<trkpt lat="35.955055" lon="120.202774">
				<ele>-60.0</ele>
				<time>2019-09-17T12:40:10Z</time>
					<extensions>
						<ns3:TrackPointExtension>
							<ns3:speed>3.69</ns3:speed>
						</ns3:TrackPointExtension>
					</extensions>
			</trkpt>
			<trkpt lat="35.955048" lon="120.20273">
				<ele>-60.0</ele>
				<time>2019-09-17T12:40:11Z</time>
					<extensions>
						<ns3:TrackPointExtension>
							<ns3:speed>3.69</ns3:speed>
						</ns3:TrackPointExtension>
					</extensions>
			</trkpt>
			<trkpt lat="35.955044" lon="120.2027">
				<ele>-60.0</ele>
				<time>2019-09-17T12:40:12Z</time>
					<extensions>
						<ns3:TrackPointExtension>
							<ns3:speed>3.69</ns3:speed>
						</ns3:TrackPointExtension>
					</extensions>
			</trkpt>
			<trkpt lat="35.955036" lon="120.20266">
				<ele>-60.0</ele>
				<time>2019-09-17T12:40:13Z</time>
					<extensions>
						<ns3:TrackPointExtension>
							<ns3:speed>3.69</ns3:speed>
						</ns3:TrackPointExtension>
					</extensions>
			</trkpt>
			<trkpt lat="35.95503" lon="120.20262">
				<ele>-60.0</ele>
				<time>2019-09-17T12:40:14Z</time>
					<extensions>
						<ns3:TrackPointExtension>
							<ns3:speed>3.69</ns3:speed>
						</ns3:TrackPointExtension>
					</extensions>
			</trkpt>
			<trkpt lat="35.955025" lon="120.20259">
				<ele>-60.0</ele>
				<time>2019-09-17T12:40:15Z</time>
					<extensions>
						<ns3:TrackPointExtension>
							<ns3:speed>3.67</ns3:speed>
						</ns3:TrackPointExtension>
					</extensions>
			</trkpt>
			<trkpt lat="35.955017" lon="120.202545">
				<ele>-60.0</ele>
				<time>2019-09-17T12:40:16Z</time>
					<extensions>
						<ns3:TrackPointExtension>
							<ns3:speed>3.66</ns3:speed>
						</ns3:TrackPointExtension>
					</extensions>
			</trkpt>
			<trkpt lat="35.95501" lon="120.202515">
				<ele>-60.0</ele>
				<time>2019-09-17T12:40:17Z</time>
					<extensions>
						<ns3:TrackPointExtension>
							<ns3:speed>3.66</ns3:speed>
						</ns3:TrackPointExtension>
					</extensions>
			</trkpt>
			<trkpt lat="35.954994" lon="120.20247">
				<ele>-60.0</ele>
				<time>2019-09-17T12:40:18Z</time>
					<extensions>
						<ns3:TrackPointExtension>
							<ns3:speed>3.64</ns3:speed>
						</ns3:TrackPointExtension>
					</extensions>
			</trkpt>
			<trkpt lat="35.954987" lon="120.20242">
				<ele>-60.0</ele>
				<time>2019-09-17T12:40:19Z</time>
					<extensions>
						<ns3:TrackPointExtension>
							<ns3:speed>3.64</ns3:speed>
						</ns3:TrackPointExtension>
					</extensions>
			</trkpt>
			<trkpt lat="35.95498" lon="120.202385">
				<ele>-60.0</ele>
				<time>2019-09-17T12:40:20Z</time>
					<extensions>
						<ns3:TrackPointExtension>
							<ns3:speed>3.64</ns3:speed>
						</ns3:TrackPointExtension>
					</extensions>
			</trkpt>
			<trkpt lat="35.95497" lon="120.20234">
				<ele>-60.0</ele>
				<time>2019-09-17T12:40:21Z</time>
					<extensions>
						<ns3:TrackPointExtension>
							<ns3:speed>3.66</ns3:speed>
						</ns3:TrackPointExtension>
					</extensions>
			</trkpt>
			<trkpt lat="35.954964" lon="120.2023">
				<ele>-60.0</ele>
				<time>2019-09-17T12:40:22Z</time>
					<extensions>
						<ns3:TrackPointExtension>
							<ns3:speed>3.67</ns3:speed>
						</ns3:TrackPointExtension>
					</extensions>
			</trkpt>
			<trkpt lat="35.954952" lon="120.20227">
				<ele>-60.0</ele>
				<time>2019-09-17T12:40:23Z</time>
					<extensions>
						<ns3:TrackPointExtension>
							<ns3:speed>3.69</ns3:speed>
						</ns3:TrackPointExtension>
					</extensions>
			</trkpt>
			<trkpt lat="35.954945" lon="120.20222">
				<ele>-60.0</ele>
				<time>2019-09-17T12:40:24Z</time>
					<extensions>
						<ns3:TrackPointExtension>
							<ns3:speed>3.69</ns3:speed>
						</ns3:TrackPointExtension>
					</extensions>
			</trkpt>
			<trkpt lat="35.954937" lon="120.20219">
				<ele>-60.0</ele>
				<time>2019-09-17T12:40:25Z</time>
					<extensions>
						<ns3:TrackPointExtension>
							<ns3:speed>3.69</ns3:speed>
						</ns3:TrackPointExtension>
					</extensions>
			</trkpt>
			<trkpt lat="35.95493" lon="120.20215">
				<ele>-60.0</ele>
				<time>2019-09-17T12:40:26Z</time>
					<extensions>
						<ns3:TrackPointExtension>
							<ns3:speed>3.69</ns3:speed>
						</ns3:TrackPointExtension>
					</extensions>
			</trkpt>
			<trkpt lat="35.95492" lon="120.20211">
				<ele>-60.0</ele>
				<time>2019-09-17T12:40:27Z</time>
					<extensions>
						<ns3:TrackPointExtension>
							<ns3:speed>3.69</ns3:speed>
						</ns3:TrackPointExtension>
					</extensions>
			</trkpt>
			<trkpt lat="35.954914" lon="120.20206">
				<ele>-60.0</ele>
				<time>2019-09-17T12:40:28Z</time>
					<extensions>
						<ns3:TrackPointExtension>
							<ns3:speed>3.69</ns3:speed>
						</ns3:TrackPointExtension>
					</extensions>
			</trkpt>
			<trkpt lat="35.954903" lon="120.20201">
				<ele>-60.0</ele>
				<time>2019-09-17T12:40:29Z</time>
					<extensions>
						<ns3:TrackPointExtension>
							<ns3:speed>3.7</ns3:speed>
						</ns3:TrackPointExtension>
					</extensions>
			</trkpt>
			<trkpt lat="35.954895" lon="120.201965">
				<ele>-60.0</ele>
				<time>2019-09-17T12:40:30Z</time>
					<extensions>
						<ns3:TrackPointExtension>
							<ns3:speed>3.71</ns3:speed>
						</ns3:TrackPointExtension>
					</extensions>
			</trkpt>
			<trkpt lat="35.954884" lon="120.20192">
				<ele>-60.0</ele>
				<time>2019-09-17T12:40:31Z</time>
					<extensions>
						<ns3:TrackPointExtension>
							<ns3:speed>3.73</ns3:speed>
						</ns3:TrackPointExtension>
					</extensions>
			</trkpt>
			<trkpt lat="35.954876" lon="120.20187">
				<ele>-60.0</ele>
				<time>2019-09-17T12:40:32Z</time>
					<extensions>
						<ns3:TrackPointExtension>
							<ns3:speed>3.75</ns3:speed>
						</ns3:TrackPointExtension>
					</extensions>
			</trkpt>
			<trkpt lat="35.954865" lon="120.20183">
				<ele>-60.0</ele>
				<time>2019-09-17T12:40:33Z</time>
					<extensions>
						<ns3:TrackPointExtension>
							<ns3:speed>3.78</ns3:speed>
						</ns3:TrackPointExtension>
					</extensions>
			</trkpt>
			<trkpt lat="35.954857" lon="120.20179">
				<ele>-60.0</ele>
				<time>2019-09-17T12:40:34Z</time>
					<extensions>
						<ns3:TrackPointExtension>
							<ns3:speed>3.8</ns3:speed>
						</ns3:TrackPointExtension>
					</extensions>
			</trkpt>
			<trkpt lat="35.954845" lon="120.20174">
				<ele>-60.0</ele>
				<time>2019-09-17T12:40:35Z</time>
					<extensions>
						<ns3:TrackPointExtension>
							<ns3:speed>3.83</ns3:speed>
						</ns3:TrackPointExtension>
					</extensions>
			</trkpt>
			<trkpt lat="35.954838" lon="120.2017">
				<ele>-60.0</ele>
				<time>2019-09-17T12:40:36Z</time>
					<extensions>
						<ns3:TrackPointExtension>
							<ns3:speed>3.84</ns3:speed>
						</ns3:TrackPointExtension>
					</extensions>
			</trkpt>
			<trkpt lat="35.954834" lon="120.20165">
				<ele>-60.0</ele>
				<time>2019-09-17T12:40:37Z</time>
					<extensions>
						<ns3:TrackPointExtension>
							<ns3:speed>3.86</ns3:speed>
						</ns3:TrackPointExtension>
					</extensions>
			</trkpt>
			<trkpt lat="35.954826" lon="120.201614">
				<ele>-60.0</ele>
				<time>2019-09-17T12:40:38Z</time>
					<extensions>
						<ns3:TrackPointExtension>
							<ns3:speed>3.86</ns3:speed>
						</ns3:TrackPointExtension>
					</extensions>
			</trkpt>
			<trkpt lat="35.95482" lon="120.20158">
				<ele>-60.0</ele>
				<time>2019-09-17T12:40:39Z</time>
					<extensions>
						<ns3:TrackPointExtension>
							<ns3:speed>3.86</ns3:speed>
						</ns3:TrackPointExtension>
					</extensions>
			</trkpt>
			<trkpt lat="35.954807" lon="120.20153">
				<ele>-60.0</ele>
				<time>2019-09-17T12:40:40Z</time>
					<extensions>
						<ns3:TrackPointExtension>
							<ns3:speed>3.86</ns3:speed>
						</ns3:TrackPointExtension>
					</extensions>
			</trkpt>
			<trkpt lat="35.9548" lon="120.20149">
				<ele>-60.0</ele>
				<time>2019-09-17T12:40:41Z</time>
					<extensions>
						<ns3:TrackPointExtension>
							<ns3:speed>3.86</ns3:speed>
						</ns3:TrackPointExtension>
					</extensions>
			</trkpt>
			<trkpt lat="35.954792" lon="120.201454">
				<ele>-60.0</ele>
				<time>2019-09-17T12:40:42Z</time>
					<extensions>
						<ns3:TrackPointExtension>
							<ns3:speed>3.86</ns3:speed>
						</ns3:TrackPointExtension>
					</extensions>
			</trkpt>
			<trkpt lat="35.95478" lon="120.2014">
				<ele>-61.0</ele>
				<time>2019-09-17T12:40:43Z</time>
					<extensions>
						<ns3:TrackPointExtension>
							<ns3:speed>3.87</ns3:speed>
						</ns3:TrackPointExtension>
					</extensions>
			</trkpt>
			<trkpt lat="35.954773" lon="120.20136">
				<ele>-61.0</ele>
				<time>2019-09-17T12:40:44Z</time>
					<extensions>
						<ns3:TrackPointExtension>
							<ns3:speed>3.87</ns3:speed>
						</ns3:TrackPointExtension>
					</extensions>
			</trkpt>
			<trkpt lat="35.95476" lon="120.20132">
				<ele>-61.0</ele>
				<time>2019-09-17T12:40:45Z</time>
					<extensions>
						<ns3:TrackPointExtension>
							<ns3:speed>3.89</ns3:speed>
						</ns3:TrackPointExtension>
					</extensions>
			</trkpt>
			<trkpt lat="35.954758" lon="120.20128">
				<ele>-61.0</ele>
				<time>2019-09-17T12:40:46Z</time>
					<extensions>
						<ns3:TrackPointExtension>
							<ns3:speed>3.89</ns3:speed>
						</ns3:TrackPointExtension>
					</extensions>
			</trkpt>
			<trkpt lat="35.954746" lon="120.20123">
				<ele>-61.0</ele>
				<time>2019-09-17T12:40:47Z</time>
					<extensions>
						<ns3:TrackPointExtension>
							<ns3:speed>3.9</ns3:speed>
						</ns3:TrackPointExtension>
					</extensions>
			</trkpt>
			<trkpt lat="35.95474" lon="120.201195">
				<ele>-61.0</ele>
				<time>2019-09-17T12:40:48Z</time>
					<extensions>
						<ns3:TrackPointExtension>
							<ns3:speed>3.9</ns3:speed>
						</ns3:TrackPointExtension>
					</extensions>
			</trkpt>
			<trkpt lat="35.95473" lon="120.201164">
				<ele>-61.0</ele>
				<time>2019-09-17T12:40:49Z</time>
					<extensions>
						<ns3:TrackPointExtension>
							<ns3:speed>3.89</ns3:speed>
						</ns3:TrackPointExtension>
					</extensions>
			</trkpt>
			<trkpt lat="35.95472" lon="120.20111">
				<ele>-61.0</ele>
				<time>2019-09-17T12:40:50Z</time>
					<extensions>
						<ns3:TrackPointExtension>
							<ns3:speed>3.87</ns3:speed>
						</ns3:TrackPointExtension>
					</extensions>
			</trkpt>
			<trkpt lat="35.954712" lon="120.20108">
				<ele>-62.0</ele>
				<time>2019-09-17T12:40:51Z</time>
					<extensions>
						<ns3:TrackPointExtension>
							<ns3:speed>3.87</ns3:speed>
						</ns3:TrackPointExtension>
					</extensions>
			</trkpt>
			<trkpt lat="35.95471" lon="120.20104">
				<ele>-62.0</ele>
				<time>2019-09-17T12:40:52Z</time>
					<extensions>
						<ns3:TrackPointExtension>
							<ns3:speed>3.86</ns3:speed>
						</ns3:TrackPointExtension>
					</extensions>
			</trkpt>
			<trkpt lat="35.954697" lon="120.201004">
				<ele>-62.0</ele>
				<time>2019-09-17T12:40:53Z</time>
					<extensions>
						<ns3:TrackPointExtension>
							<ns3:speed>3.86</ns3:speed>
						</ns3:TrackPointExtension>
					</extensions>
			</trkpt>
			<trkpt lat="35.95469" lon="120.20096">
				<ele>-62.0</ele>
				<time>2019-09-17T12:40:54Z</time>
					<extensions>
						<ns3:TrackPointExtension>
							<ns3:speed>3.84</ns3:speed>
						</ns3:TrackPointExtension>
					</extensions>
			</trkpt>
			<trkpt lat="35.95468" lon="120.20092">
				<ele>-62.0</ele>
				<time>2019-09-17T12:40:55Z</time>
					<extensions>
						<ns3:TrackPointExtension>
							<ns3:speed>3.84</ns3:speed>
						</ns3:TrackPointExtension>
					</extensions>
			</trkpt>
			<trkpt lat="35.954674" lon="120.200874">
				<ele>-62.0</ele>
				<time>2019-09-17T12:40:56Z</time>
					<extensions>
						<ns3:TrackPointExtension>
							<ns3:speed>3.84</ns3:speed>
						</ns3:TrackPointExtension>
					</extensions>
			</trkpt>
			<trkpt lat="35.954666" lon="120.200836">
				<ele>-62.0</ele>
				<time>2019-09-17T12:40:57Z</time>
					<extensions>
						<ns3:TrackPointExtension>
							<ns3:speed>3.84</ns3:speed>
						</ns3:TrackPointExtension>
					</extensions>
			</trkpt>
			<trkpt lat="35.95466" lon="120.20078">
				<ele>-62.0</ele>
				<time>2019-09-17T12:40:58Z</time>
					<extensions>
						<ns3:TrackPointExtension>
							<ns3:speed>3.84</ns3:speed>
						</ns3:TrackPointExtension>
					</extensions>
			</trkpt>
			<trkpt lat="35.954655" lon="120.20075">
				<ele>-62.0</ele>
				<time>2019-09-17T12:40:59Z</time>
					<extensions>
						<ns3:TrackPointExtension>
							<ns3:speed>3.84</ns3:speed>
						</ns3:TrackPointExtension>
					</extensions>
			</trkpt>
			<trkpt lat="35.954643" lon="120.200714">
				<ele>-61.0</ele>
				<time>2019-09-17T12:41:00Z</time>
					<extensions>
						<ns3:TrackPointExtension>
							<ns3:speed>3.84</ns3:speed>
						</ns3:TrackPointExtension>
					</extensions>
			</trkpt>
			<trkpt lat="35.954636" lon="120.20065">
				<ele>-61.0</ele>
				<time>2019-09-17T12:41:01Z</time>
					<extensions>
						<ns3:TrackPointExtension>
							<ns3:speed>3.84</ns3:speed>
						</ns3:TrackPointExtension>
					</extensions>
			</trkpt>
			<trkpt lat="35.954624" lon="120.200615">
				<ele>-61.0</ele>
				<time>2019-09-17T12:41:02Z</time>
					<extensions>
						<ns3:TrackPointExtension>
							<ns3:speed>3.86</ns3:speed>
						</ns3:TrackPointExtension>
					</extensions>
			</trkpt>
			<trkpt lat="35.954617" lon="120.20057">
				<ele>-61.0</ele>
				<time>2019-09-17T12:41:03Z</time>
					<extensions>
						<ns3:TrackPointExtension>
							<ns3:speed>3.87</ns3:speed>
						</ns3:TrackPointExtension>
					</extensions>
			</trkpt>
			<trkpt lat="35.95461" lon="120.20053">
				<ele>-61.0</ele>
				<time>2019-09-17T12:41:04Z</time>
					<extensions>
						<ns3:TrackPointExtension>
							<ns3:speed>3.89</ns3:speed>
						</ns3:TrackPointExtension>
					</extensions>
			</trkpt>
			<trkpt lat="35.954605" lon="120.200485">
				<ele>-61.0</ele>
				<time>2019-09-17T12:41:05Z</time>
					<extensions>
						<ns3:TrackPointExtension>
							<ns3:speed>3.89</ns3:speed>
						</ns3:TrackPointExtension>
					</extensions>
			</trkpt>
			<trkpt lat="35.954597" lon="120.20045">
				<ele>-61.0</ele>
				<time>2019-09-17T12:41:06Z</time>
					<extensions>
						<ns3:TrackPointExtension>
							<ns3:speed>3.9</ns3:speed>
						</ns3:TrackPointExtension>
					</extensions>
			</trkpt>
			<trkpt lat="35.954586" lon="120.20041">
				<ele>-61.0</ele>
				<time>2019-09-17T12:41:07Z</time>
					<extensions>
						<ns3:TrackPointExtension>
							<ns3:speed>3.9</ns3:speed>
						</ns3:TrackPointExtension>
					</extensions>
			</trkpt>
			<trkpt lat="35.95458" lon="120.200356">
				<ele>-61.0</ele>
				<time>2019-09-17T12:41:08Z</time>
					<extensions>
						<ns3:TrackPointExtension>
							<ns3:speed>3.9</ns3:speed>
						</ns3:TrackPointExtension>
					</extensions>
			</trkpt>
			<trkpt lat="35.954567" lon="120.20032">
				<ele>-61.0</ele>
				<time>2019-09-17T12:41:09Z</time>
					<extensions>
						<ns3:TrackPointExtension>
							<ns3:speed>3.9</ns3:speed>
						</ns3:TrackPointExtension>
					</extensions>
			</trkpt>
			<trkpt lat="35.954556" lon="120.200264">
				<ele>-61.0</ele>
				<time>2019-09-17T12:41:10Z</time>
					<extensions>
						<ns3:TrackPointExtension>
							<ns3:speed>3.9</ns3:speed>
						</ns3:TrackPointExtension>
					</extensions>
			</trkpt>
			<trkpt lat="35.954548" lon="120.20023">
				<ele>-61.0</ele>
				<time>2019-09-17T12:41:11Z</time>
					<extensions>
						<ns3:TrackPointExtension>
							<ns3:speed>3.92</ns3:speed>
						</ns3:TrackPointExtension>
					</extensions>
			</trkpt>
			<trkpt lat="35.95454" lon="120.20018">
				<ele>-61.0</ele>
				<time>2019-09-17T12:41:12Z</time>
					<extensions>
						<ns3:TrackPointExtension>
							<ns3:speed>3.93</ns3:speed>
						</ns3:TrackPointExtension>
					</extensions>
			</trkpt>
			<trkpt lat="35.954533" lon="120.20015">
				<ele>-61.0</ele>
				<time>2019-09-17T12:41:13Z</time>
					<extensions>
						<ns3:TrackPointExtension>
							<ns3:speed>3.93</ns3:speed>
						</ns3:TrackPointExtension>
					</extensions>
			</trkpt>
			<trkpt lat="35.95452" lon="120.200096">
				<ele>-61.0</ele>
				<time>2019-09-17T12:41:14Z</time>
					<extensions>
						<ns3:TrackPointExtension>
							<ns3:speed>3.93</ns3:speed>
						</ns3:TrackPointExtension>
					</extensions>
			</trkpt>
			<trkpt lat="35.954514" lon="120.200066">
				<ele>-61.0</ele>
				<time>2019-09-17T12:41:15Z</time>
					<extensions>
						<ns3:TrackPointExtension>
							<ns3:speed>3.93</ns3:speed>
						</ns3:TrackPointExtension>
					</extensions>
			</trkpt>
			<trkpt lat="35.954506" lon="120.20003">
				<ele>-61.0</ele>
				<time>2019-09-17T12:41:16Z</time>
					<extensions>
						<ns3:TrackPointExtension>
							<ns3:speed>3.92</ns3:speed>
						</ns3:TrackPointExtension>
					</extensions>
			</trkpt>
			<trkpt lat="35.9545" lon="120.19999">
				<ele>-61.0</ele>
				<time>2019-09-17T12:41:17Z</time>
					<extensions>
						<ns3:TrackPointExtension>
							<ns3:speed>3.92</ns3:speed>
						</ns3:TrackPointExtension>
					</extensions>
			</trkpt>
			<trkpt lat="35.954494" lon="120.19994">
				<ele>-61.0</ele>
				<time>2019-09-17T12:41:18Z</time>
					<extensions>
						<ns3:TrackPointExtension>
							<ns3:speed>3.9</ns3:speed>
						</ns3:TrackPointExtension>
					</extensions>
			</trkpt>
			<trkpt lat="35.954487" lon="120.199905">
				<ele>-61.0</ele>
				<time>2019-09-17T12:41:19Z</time>
					<extensions>
						<ns3:TrackPointExtension>
							<ns3:speed>3.89</ns3:speed>
						</ns3:TrackPointExtension>
					</extensions>
			</trkpt>
			<trkpt lat="35.95448" lon="120.19987">
				<ele>-61.0</ele>
				<time>2019-09-17T12:41:20Z</time>
					<extensions>
						<ns3:TrackPointExtension>
							<ns3:speed>3.89</ns3:speed>
						</ns3:TrackPointExtension>
					</extensions>
			</trkpt>
			<trkpt lat="35.95447" lon="120.19984">
				<ele>-61.0</ele>
				<time>2019-09-17T12:41:21Z</time>
					<extensions>
						<ns3:TrackPointExtension>
							<ns3:speed>3.86</ns3:speed>
						</ns3:TrackPointExtension>
					</extensions>
			</trkpt>
			<trkpt lat="35.95447" lon="120.19981">
				<ele>-61.0</ele>
				<time>2019-09-17T12:41:22Z</time>
					<extensions>
						<ns3:TrackPointExtension>
							<ns3:speed>3.84</ns3:speed>
						</ns3:TrackPointExtension>
					</extensions>
			</trkpt>
			<trkpt lat="35.954464" lon="120.199776">
				<ele>-61.0</ele>
				<time>2019-09-17T12:41:23Z</time>
					<extensions>
						<ns3:TrackPointExtension>
							<ns3:speed>3.83</ns3:speed>
						</ns3:TrackPointExtension>
					</extensions>
			</trkpt>
			<trkpt lat="35.954456" lon="120.199745">
				<ele>-61.0</ele>
				<time>2019-09-17T12:41:24Z</time>
					<extensions>
						<ns3:TrackPointExtension>
							<ns3:speed>3.8</ns3:speed>
						</ns3:TrackPointExtension>
					</extensions>
			</trkpt>
			<trkpt lat="35.95444" lon="120.1997">
				<ele>-60.0</ele>
				<time>2019-09-17T12:41:25Z</time>
					<extensions>
						<ns3:TrackPointExtension>
							<ns3:speed>3.77</ns3:speed>
						</ns3:TrackPointExtension>
					</extensions>
			</trkpt>
			<trkpt lat="35.954433" lon="120.19967">
				<ele>-60.0</ele>
				<time>2019-09-17T12:41:26Z</time>
					<extensions>
						<ns3:TrackPointExtension>
							<ns3:speed>3.74</ns3:speed>
						</ns3:TrackPointExtension>
					</extensions>
			</trkpt>
			<trkpt lat="35.95443" lon="120.199646">
				<ele>-60.0</ele>
				<time>2019-09-17T12:41:27Z</time>
					<extensions>
						<ns3:TrackPointExtension>
							<ns3:speed>3.71</ns3:speed>
						</ns3:TrackPointExtension>
					</extensions>
			</trkpt>
			<trkpt lat="35.954426" lon="120.199615">
				<ele>-60.0</ele>
				<time>2019-09-17T12:41:28Z</time>
					<extensions>
						<ns3:TrackPointExtension>
							<ns3:speed>3.67</ns3:speed>
						</ns3:TrackPointExtension>
					</extensions>
			</trkpt>
			<trkpt lat="35.95442" lon="120.19958">
				<ele>-60.0</ele>
				<time>2019-09-17T12:41:29Z</time>
					<extensions>
						<ns3:TrackPointExtension>
							<ns3:speed>3.64</ns3:speed>
						</ns3:TrackPointExtension>
					</extensions>
			</trkpt>
			<trkpt lat="35.95441" lon="120.19955">
				<ele>-60.0</ele>
				<time>2019-09-17T12:41:30Z</time>
					<extensions>
						<ns3:TrackPointExtension>
							<ns3:speed>3.62</ns3:speed>
						</ns3:TrackPointExtension>
					</extensions>
			</trkpt>
			<trkpt lat="35.954403" lon="120.19952">
				<ele>-60.0</ele>
				<time>2019-09-17T12:41:31Z</time>
					<extensions>
						<ns3:TrackPointExtension>
							<ns3:speed>3.58</ns3:speed>
						</ns3:TrackPointExtension>
					</extensions>
			</trkpt>
			<trkpt lat="35.954395" lon="120.199486">
				<ele>-60.0</ele>
				<time>2019-09-17T12:41:32Z</time>
					<extensions>
						<ns3:TrackPointExtension>
							<ns3:speed>3.55</ns3:speed>
						</ns3:TrackPointExtension>
					</extensions>
			</trkpt>
			<trkpt lat="35.954388" lon="120.199455">
				<ele>-60.0</ele>
				<time>2019-09-17T12:41:33Z</time>
					<extensions>
						<ns3:TrackPointExtension>
							<ns3:speed>3.53</ns3:speed>
						</ns3:TrackPointExtension>
					</extensions>
			</trkpt>
			<trkpt lat="35.954388" lon="120.19945">
				<ele>-60.0</ele>
				<time>2019-09-17T12:41:34Z</time>
					<extensions>
						<ns3:TrackPointExtension>
							<ns3:speed>3.5</ns3:speed>
						</ns3:TrackPointExtension>
					</extensions>
			</trkpt>
			<trkpt lat="35.954384" lon="120.19942">
				<ele>-59.0</ele>
				<time>2019-09-17T12:41:35Z</time>
					<extensions>
						<ns3:TrackPointExtension>
							<ns3:speed>3.47</ns3:speed>
						</ns3:TrackPointExtension>
					</extensions>
			</trkpt>
			<trkpt lat="35.95438" lon="120.1994">
				<ele>-59.0</ele>
				<time>2019-09-17T12:41:36Z</time>
					<extensions>
						<ns3:TrackPointExtension>
							<ns3:speed>3.41</ns3:speed>
						</ns3:TrackPointExtension>
					</extensions>
			</trkpt>
			<trkpt lat="35.954384" lon="120.199394">
				<ele>-59.0</ele>
				<time>2019-09-17T12:41:37Z</time>
					<extensions>
						<ns3:TrackPointExtension>
							<ns3:speed>3.34</ns3:speed>
						</ns3:TrackPointExtension>
					</extensions>
			</trkpt>
			<trkpt lat="35.954384" lon="120.19937">
				<ele>-59.0</ele>
				<time>2019-09-17T12:41:38Z</time>
					<extensions>
						<ns3:TrackPointExtension>
							<ns3:speed>3.26</ns3:speed>
						</ns3:TrackPointExtension>
					</extensions>
			</trkpt>
			<trkpt lat="35.954384" lon="120.19936">
				<ele>-59.0</ele>
				<time>2019-09-17T12:41:39Z</time>
					<extensions>
						<ns3:TrackPointExtension>
							<ns3:speed>3.18</ns3:speed>
						</ns3:TrackPointExtension>
					</extensions>
			</trkpt>
			<trkpt lat="35.954384" lon="120.199356">
				<ele>-59.0</ele>
				<time>2019-09-17T12:41:40Z</time>
					<extensions>
						<ns3:TrackPointExtension>
							<ns3:speed>3.09</ns3:speed>
						</ns3:TrackPointExtension>
					</extensions>
			</trkpt>
			<trkpt lat="35.954384" lon="120.19934">
				<ele>-59.0</ele>
				<time>2019-09-17T12:41:41Z</time>
					<extensions>
						<ns3:TrackPointExtension>
							<ns3:speed>2.99</ns3:speed>
						</ns3:TrackPointExtension>
					</extensions>
			</trkpt>
			<trkpt lat="35.954384" lon="120.19932">
				<ele>-59.0</ele>
				<time>2019-09-17T12:41:42Z</time>
					<extensions>
						<ns3:TrackPointExtension>
							<ns3:speed>2.99</ns3:speed>
						</ns3:TrackPointExtension>
					</extensions>
			</trkpt>
			<trkpt lat="35.954384" lon="120.19932">
				<ele>-59.0</ele>
				<time>2019-09-17T12:41:43Z</time>
					<extensions>
						<ns3:TrackPointExtension>
							<ns3:speed>2.82</ns3:speed>
						</ns3:TrackPointExtension>
					</extensions>
			</trkpt>
			<trkpt lat="35.954384" lon="120.1993">
				<ele>-59.0</ele>
				<time>2019-09-17T12:41:44Z</time>
					<extensions>
						<ns3:TrackPointExtension>
							<ns3:speed>2.73</ns3:speed>
						</ns3:TrackPointExtension>
					</extensions>
			</trkpt>
			<trkpt lat="35.95438" lon="120.19928">
				<ele>-59.0</ele>
				<time>2019-09-17T12:41:45Z</time>
					<extensions>
						<ns3:TrackPointExtension>
							<ns3:speed>2.66</ns3:speed>
						</ns3:TrackPointExtension>
					</extensions>
			</trkpt>
			<trkpt lat="35.95438" lon="120.19927">
				<ele>-59.0</ele>
				<time>2019-09-17T12:41:46Z</time>
					<extensions>
						<ns3:TrackPointExtension>
							<ns3:speed>2.59</ns3:speed>
						</ns3:TrackPointExtension>
					</extensions>
			</trkpt>
			<trkpt lat="35.95438" lon="120.19926">
				<ele>-59.0</ele>
				<time>2019-09-17T12:41:47Z</time>
					<extensions>
						<ns3:TrackPointExtension>
							<ns3:speed>2.59</ns3:speed>
						</ns3:TrackPointExtension>
					</extensions>
			</trkpt>
			<trkpt lat="35.95438" lon="120.19924">
				<ele>-59.0</ele>
				<time>2019-09-17T12:41:48Z</time>
					<extensions>
						<ns3:TrackPointExtension>
							<ns3:speed>2.46</ns3:speed>
						</ns3:TrackPointExtension>
					</extensions>
			</trkpt>
			<trkpt lat="35.95438" lon="120.19923">
				<ele>-59.0</ele>
				<time>2019-09-17T12:41:49Z</time>
					<extensions>
						<ns3:TrackPointExtension>
							<ns3:speed>2.42</ns3:speed>
						</ns3:TrackPointExtension>
					</extensions>
			</trkpt>
			<trkpt lat="35.954376" lon="120.19921">
				<ele>-59.0</ele>
				<time>2019-09-17T12:41:50Z</time>
					<extensions>
						<ns3:TrackPointExtension>
							<ns3:speed>2.42</ns3:speed>
						</ns3:TrackPointExtension>
					</extensions>
			</trkpt>
			<trkpt lat="35.954376" lon="120.199196">
				<ele>-59.0</ele>
				<time>2019-09-17T12:41:51Z</time>
					<extensions>
						<ns3:TrackPointExtension>
							<ns3:speed>2.32</ns3:speed>
						</ns3:TrackPointExtension>
					</extensions>
			</trkpt>
			<trkpt lat="35.954372" lon="120.19918">
				<ele>-59.0</ele>
				<time>2019-09-17T12:41:52Z</time>
					<extensions>
						<ns3:TrackPointExtension>
							<ns3:speed>2.32</ns3:speed>
						</ns3:TrackPointExtension>
					</extensions>
			</trkpt>
			<trkpt lat="35.95437" lon="120.19918">
				<ele>-59.0</ele>
				<time>2019-09-17T12:41:53Z</time>
					<extensions>
						<ns3:TrackPointExtension>
							<ns3:speed>2.24</ns3:speed>
						</ns3:TrackPointExtension>
					</extensions>
			</trkpt>
			<trkpt lat="35.954365" lon="120.19916">
				<ele>-59.0</ele>
				<time>2019-09-17T12:41:54Z</time>
					<extensions>
						<ns3:TrackPointExtension>
							<ns3:speed>2.19</ns3:speed>
						</ns3:TrackPointExtension>
					</extensions>
			</trkpt>
			<trkpt lat="35.954365" lon="120.199135">
				<ele>-59.0</ele>
				<time>2019-09-17T12:41:55Z</time>
					<extensions>
						<ns3:TrackPointExtension>
							<ns3:speed>2.16</ns3:speed>
						</ns3:TrackPointExtension>
					</extensions>
			</trkpt>
			<trkpt lat="35.954357" lon="120.19912">
				<ele>-59.0</ele>
				<time>2019-09-17T12:41:56Z</time>
					<extensions>
						<ns3:TrackPointExtension>
							<ns3:speed>2.13</ns3:speed>
						</ns3:TrackPointExtension>
					</extensions>
			</trkpt>
			<trkpt lat="35.954353" lon="120.199104">
				<ele>-59.0</ele>
				<time>2019-09-17T12:41:57Z</time>
					<extensions>
						<ns3:TrackPointExtension>
							<ns3:speed>2.13</ns3:speed>
						</ns3:TrackPointExtension>
					</extensions>
			</trkpt>
			<trkpt lat="35.95435" lon="120.19909">
				<ele>-59.0</ele>
				<time>2019-09-17T12:41:58Z</time>
					<extensions>
						<ns3:TrackPointExtension>
							<ns3:speed>2.08</ns3:speed>
						</ns3:TrackPointExtension>
					</extensions>
			</trkpt>
			<trkpt lat="35.954346" lon="120.199066">
				<ele>-59.0</ele>
				<time>2019-09-17T12:41:59Z</time>
					<extensions>
						<ns3:TrackPointExtension>
							<ns3:speed>2.06</ns3:speed>
						</ns3:TrackPointExtension>
					</extensions>
			</trkpt>
			<trkpt lat="35.954346" lon="120.199066">
				<ele>-59.0</ele>
				<time>2019-09-17T12:42:00Z</time>
					<extensions>
						<ns3:TrackPointExtension>
							<ns3:speed>2.03</ns3:speed>
						</ns3:TrackPointExtension>
					</extensions>
			</trkpt>
			<trkpt lat="35.95434" lon="120.19904">
				<ele>-59.0</ele>
				<time>2019-09-17T12:42:01Z</time>
					<extensions>
						<ns3:TrackPointExtension>
							<ns3:speed>2.0</ns3:speed>
						</ns3:TrackPointExtension>
					</extensions>
			</trkpt>
			<trkpt lat="35.954338" lon="120.199036">
				<ele>-59.0</ele>
				<time>2019-09-17T12:42:02Z</time>
					<extensions>
						<ns3:TrackPointExtension>
							<ns3:speed>2.0</ns3:speed>
						</ns3:TrackPointExtension>
					</extensions>
			</trkpt>
			<trkpt lat="35.954334" lon="120.19901">
				<ele>-59.0</ele>
				<time>2019-09-17T12:42:03Z</time>
					<extensions>
						<ns3:TrackPointExtension>
							<ns3:speed>1.93</ns3:speed>
						</ns3:TrackPointExtension>
					</extensions>
			</trkpt>
			<trkpt lat="35.95433" lon="120.199">
				<ele>-59.0</ele>
				<time>2019-09-17T12:42:04Z</time>
					<extensions>
						<ns3:TrackPointExtension>
							<ns3:speed>1.9</ns3:speed>
						</ns3:TrackPointExtension>
					</extensions>
			</trkpt>
			<trkpt lat="35.95433" lon="120.198975">
				<ele>-59.0</ele>
				<time>2019-09-17T12:42:05Z</time>
					<extensions>
						<ns3:TrackPointExtension>
							<ns3:speed>1.88</ns3:speed>
						</ns3:TrackPointExtension>
					</extensions>
			</trkpt>
			<trkpt lat="35.954323" lon="120.198944">
				<ele>-59.0</ele>
				<time>2019-09-17T12:42:06Z</time>
					<extensions>
						<ns3:TrackPointExtension>
							<ns3:speed>1.87</ns3:speed>
						</ns3:TrackPointExtension>
					</extensions>
			</trkpt>
			<trkpt lat="35.95432" lon="120.19892">
				<ele>-59.0</ele>
				<time>2019-09-17T12:42:07Z</time>
					<extensions>
						<ns3:TrackPointExtension>
							<ns3:speed>1.87</ns3:speed>
						</ns3:TrackPointExtension>
					</extensions>
			</trkpt>
			<trkpt lat="35.954315" lon="120.19889">
				<ele>-59.0</ele>
				<time>2019-09-17T12:42:08Z</time>
					<extensions>
						<ns3:TrackPointExtension>
							<ns3:speed>1.89</ns3:speed>
						</ns3:TrackPointExtension>
					</extensions>
			</trkpt>
			<trkpt lat="35.954308" lon="120.19886">
				<ele>-58.0</ele>
				<time>2019-09-17T12:42:09Z</time>
					<extensions>
						<ns3:TrackPointExtension>
							<ns3:speed>1.89</ns3:speed>
						</ns3:TrackPointExtension>
					</extensions>
			</trkpt>
			<trkpt lat="35.9543" lon="120.19883">
				<ele>-58.0</ele>
				<time>2019-09-17T12:42:10Z</time>
					<extensions>
						<ns3:TrackPointExtension>
							<ns3:speed>1.95</ns3:speed>
						</ns3:TrackPointExtension>
					</extensions>
			</trkpt>
			<trkpt lat="35.9543" lon="120.19882">
				<ele>-58.0</ele>
				<time>2019-09-17T12:42:11Z</time>
					<extensions>
						<ns3:TrackPointExtension>
							<ns3:speed>1.98</ns3:speed>
						</ns3:TrackPointExtension>
					</extensions>
			</trkpt>
			<trkpt lat="35.954292" lon="120.19879">
				<ele>-58.0</ele>
				<time>2019-09-17T12:42:12Z</time>
					<extensions>
						<ns3:TrackPointExtension>
							<ns3:speed>1.98</ns3:speed>
						</ns3:TrackPointExtension>
					</extensions>
			</trkpt>
			<trkpt lat="35.95429" lon="120.198746">
				<ele>-57.0</ele>
				<time>2019-09-17T12:42:13Z</time>
					<extensions>
						<ns3:TrackPointExtension>
							<ns3:speed>2.02</ns3:speed>
						</ns3:TrackPointExtension>
					</extensions>
			</trkpt>
			<trkpt lat="35.954285" lon="120.19873">
				<ele>-57.0</ele>
				<time>2019-09-17T12:42:14Z</time>
					<extensions>
						<ns3:TrackPointExtension>
							<ns3:speed>2.02</ns3:speed>
						</ns3:TrackPointExtension>
					</extensions>
			</trkpt>
			<trkpt lat="35.954277" lon="120.1987">
				<ele>-57.0</ele>
				<time>2019-09-17T12:42:15Z</time>
					<extensions>
						<ns3:TrackPointExtension>
							<ns3:speed>2.07</ns3:speed>
						</ns3:TrackPointExtension>
					</extensions>
			</trkpt>
			<trkpt lat="35.95427" lon="120.19867">
				<ele>-57.0</ele>
				<time>2019-09-17T12:42:16Z</time>
					<extensions>
						<ns3:TrackPointExtension>
							<ns3:speed>2.1</ns3:speed>
						</ns3:TrackPointExtension>
					</extensions>
			</trkpt>
			<trkpt lat="35.95426" lon="120.19864">
				<ele>-57.0</ele>
				<time>2019-09-17T12:42:17Z</time>
					<extensions>
						<ns3:TrackPointExtension>
							<ns3:speed>2.1</ns3:speed>
						</ns3:TrackPointExtension>
					</extensions>
			</trkpt>
			<trkpt lat="35.95425" lon="120.19859">
				<ele>-57.0</ele>
				<time>2019-09-17T12:42:18Z</time>
					<extensions>
						<ns3:TrackPointExtension>
							<ns3:speed>2.17</ns3:speed>
						</ns3:TrackPointExtension>
					</extensions>
			</trkpt>
			<trkpt lat="35.95424" lon="120.198555">
				<ele>-57.0</ele>
				<time>2019-09-17T12:42:19Z</time>
					<extensions>
						<ns3:TrackPointExtension>
							<ns3:speed>2.17</ns3:speed>
						</ns3:TrackPointExtension>
					</extensions>
			</trkpt>
			<trkpt lat="35.95423" lon="120.198524">
				<ele>-57.0</ele>
				<time>2019-09-17T12:42:20Z</time>
					<extensions>
						<ns3:TrackPointExtension>
							<ns3:speed>2.28</ns3:speed>
						</ns3:TrackPointExtension>
					</extensions>
			</trkpt>
			<trkpt lat="35.95422" lon="120.198494">
				<ele>-57.0</ele>
				<time>2019-09-17T12:42:21Z</time>
					<extensions>
						<ns3:TrackPointExtension>
							<ns3:speed>2.33</ns3:speed>
						</ns3:TrackPointExtension>
					</extensions>
			</trkpt>
			<trkpt lat="35.95421" lon="120.19845">
				<ele>-57.0</ele>
				<time>2019-09-17T12:42:22Z</time>
					<extensions>
						<ns3:TrackPointExtension>
							<ns3:speed>2.33</ns3:speed>
						</ns3:TrackPointExtension>
					</extensions>
			</trkpt>
			<trkpt lat="35.9542" lon="120.19842">
				<ele>-56.0</ele>
				<time>2019-09-17T12:42:23Z</time>
					<extensions>
						<ns3:TrackPointExtension>
							<ns3:speed>2.45</ns3:speed>
						</ns3:TrackPointExtension>
					</extensions>
			</trkpt>
			<trkpt lat="35.95419" lon="120.19839">
				<ele>-56.0</ele>
				<time>2019-09-17T12:42:24Z</time>
					<extensions>
						<ns3:TrackPointExtension>
							<ns3:speed>2.45</ns3:speed>
						</ns3:TrackPointExtension>
					</extensions>
			</trkpt>
			<trkpt lat="35.954178" lon="120.19835">
				<ele>-56.0</ele>
				<time>2019-09-17T12:42:25Z</time>
					<extensions>
						<ns3:TrackPointExtension>
							<ns3:speed>2.52</ns3:speed>
						</ns3:TrackPointExtension>
					</extensions>
			</trkpt>
			<trkpt lat="35.95417" lon="120.19832">
				<ele>-56.0</ele>
				<time>2019-09-17T12:42:26Z</time>
					<extensions>
						<ns3:TrackPointExtension>
							<ns3:speed>2.56</ns3:speed>
						</ns3:TrackPointExtension>
					</extensions>
			</trkpt>
			<trkpt lat="35.95416" lon="120.19829">
				<ele>-55.0</ele>
				<time>2019-09-17T12:42:27Z</time>
					<extensions>
						<ns3:TrackPointExtension>
							<ns3:speed>2.59</ns3:speed>
						</ns3:TrackPointExtension>
					</extensions>
			</trkpt>
			<trkpt lat="35.95415" lon="120.19826">
				<ele>-55.0</ele>
				<time>2019-09-17T12:42:28Z</time>
					<extensions>
						<ns3:TrackPointExtension>
							<ns3:speed>2.61</ns3:speed>
						</ns3:TrackPointExtension>
					</extensions>
			</trkpt>
			<trkpt lat="35.95414" lon="120.19822">
				<ele>-55.0</ele>
				<time>2019-09-17T12:42:29Z</time>
					<extensions>
						<ns3:TrackPointExtension>
							<ns3:speed>2.61</ns3:speed>
						</ns3:TrackPointExtension>
					</extensions>
			</trkpt>
			<trkpt lat="35.954132" lon="120.19818">
				<ele>-55.0</ele>
				<time>2019-09-17T12:42:30Z</time>
					<extensions>
						<ns3:TrackPointExtension>
							<ns3:speed>2.68</ns3:speed>
						</ns3:TrackPointExtension>
					</extensions>
			</trkpt>
			<trkpt lat="35.95412" lon="120.19815">
				<ele>-55.0</ele>
				<time>2019-09-17T12:42:31Z</time>
					<extensions>
						<ns3:TrackPointExtension>
							<ns3:speed>2.71</ns3:speed>
						</ns3:TrackPointExtension>
					</extensions>
			</trkpt>
			<trkpt lat="35.954113" lon="120.19812">
				<ele>-55.0</ele>
				<time>2019-09-17T12:42:32Z</time>
					<extensions>
						<ns3:TrackPointExtension>
							<ns3:speed>2.73</ns3:speed>
						</ns3:TrackPointExtension>
					</extensions>
			</trkpt>
			<trkpt lat="35.95411" lon="120.19809">
				<ele>-55.0</ele>
				<time>2019-09-17T12:42:33Z</time>
					<extensions>
						<ns3:TrackPointExtension>
							<ns3:speed>2.76</ns3:speed>
						</ns3:TrackPointExtension>
					</extensions>
			</trkpt>
			<trkpt lat="35.954105" lon="120.198074">
				<ele>-55.0</ele>
				<time>2019-09-17T12:42:34Z</time>
					<extensions>
						<ns3:TrackPointExtension>
							<ns3:speed>2.76</ns3:speed>
						</ns3:TrackPointExtension>
					</extensions>
			</trkpt>
			<trkpt lat="35.954098" lon="120.198044">
				<ele>-55.0</ele>
				<time>2019-09-17T12:42:35Z</time>
					<extensions>
						<ns3:TrackPointExtension>
							<ns3:speed>2.75</ns3:speed>
						</ns3:TrackPointExtension>
					</extensions>
			</trkpt>
			<trkpt lat="35.95409" lon="120.19801">
				<ele>-55.0</ele>
				<time>2019-09-17T12:42:36Z</time>
					<extensions>
						<ns3:TrackPointExtension>
							<ns3:speed>2.73</ns3:speed>
						</ns3:TrackPointExtension>
					</extensions>
			</trkpt>
			<trkpt lat="35.954086" lon="120.19798">
				<ele>-55.0</ele>
				<time>2019-09-17T12:42:37Z</time>
					<extensions>
						<ns3:TrackPointExtension>
							<ns3:speed>2.73</ns3:speed>
						</ns3:TrackPointExtension>
					</extensions>
			</trkpt>
			<trkpt lat="35.954082" lon="120.19795">
				<ele>-55.0</ele>
				<time>2019-09-17T12:42:38Z</time>
					<extensions>
						<ns3:TrackPointExtension>
							<ns3:speed>2.72</ns3:speed>
						</ns3:TrackPointExtension>
					</extensions>
			</trkpt>
			<trkpt lat="35.95408" lon="120.19792">
				<ele>-55.0</ele>
				<time>2019-09-17T12:42:39Z</time>
					<extensions>
						<ns3:TrackPointExtension>
							<ns3:speed>2.72</ns3:speed>
						</ns3:TrackPointExtension>
					</extensions>
			</trkpt>
			<trkpt lat="35.95408" lon="120.1979">
				<ele>-54.0</ele>
				<time>2019-09-17T12:42:40Z</time>
					<extensions>
						<ns3:TrackPointExtension>
							<ns3:speed>2.71</ns3:speed>
						</ns3:TrackPointExtension>
					</extensions>
			</trkpt>
			<trkpt lat="35.954075" lon="120.19787">
				<ele>-54.0</ele>
				<time>2019-09-17T12:42:41Z</time>
					<extensions>
						<ns3:TrackPointExtension>
							<ns3:speed>2.71</ns3:speed>
						</ns3:TrackPointExtension>
					</extensions>
			</trkpt>
			<trkpt lat="35.95407" lon="120.197845">
				<ele>-54.0</ele>
				<time>2019-09-17T12:42:42Z</time>
					<extensions>
						<ns3:TrackPointExtension>
							<ns3:speed>2.7</ns3:speed>
						</ns3:TrackPointExtension>
					</extensions>
			</trkpt>
			<trkpt lat="35.954067" lon="120.19781">
				<ele>-54.0</ele>
				<time>2019-09-17T12:42:43Z</time>
					<extensions>
						<ns3:TrackPointExtension>
							<ns3:speed>2.69</ns3:speed>
						</ns3:TrackPointExtension>
					</extensions>
			</trkpt>
			<trkpt lat="35.954067" lon="120.197784">
				<ele>-54.0</ele>
				<time>2019-09-17T12:42:44Z</time>
					<extensions>
						<ns3:TrackPointExtension>
							<ns3:speed>2.69</ns3:speed>
						</ns3:TrackPointExtension>
					</extensions>
			</trkpt>
			<trkpt lat="35.95406" lon="120.19775">
				<ele>-54.0</ele>
				<time>2019-09-17T12:42:45Z</time>
					<extensions>
						<ns3:TrackPointExtension>
							<ns3:speed>2.68</ns3:speed>
						</ns3:TrackPointExtension>
					</extensions>
			</trkpt>
			<trkpt lat="35.954056" lon="120.197716">
				<ele>-54.0</ele>
				<time>2019-09-17T12:42:46Z</time>
					<extensions>
						<ns3:TrackPointExtension>
							<ns3:speed>2.68</ns3:speed>
						</ns3:TrackPointExtension>
					</extensions>
			</trkpt>
			<trkpt lat="35.954063" lon="120.19767">
				<ele>-54.0</ele>
				<time>2019-09-17T12:42:47Z</time>
					<extensions>
						<ns3:TrackPointExtension>
							<ns3:speed>2.71</ns3:speed>
						</ns3:TrackPointExtension>
					</extensions>
			</trkpt>
			<trkpt lat="35.95405" lon="120.19764">
				<ele>-54.0</ele>
				<time>2019-09-17T12:42:48Z</time>
					<extensions>
						<ns3:TrackPointExtension>
							<ns3:speed>2.73</ns3:speed>
						</ns3:TrackPointExtension>
					</extensions>
			</trkpt>
			<trkpt lat="35.954037" lon="120.1976">
				<ele>-54.0</ele>
				<time>2019-09-17T12:42:49Z</time>
					<extensions>
						<ns3:TrackPointExtension>
							<ns3:speed>2.73</ns3:speed>
						</ns3:TrackPointExtension>
					</extensions>
			</trkpt>
			<trkpt lat="35.95403" lon="120.19756">
				<ele>-54.0</ele>
				<time>2019-09-17T12:42:50Z</time>
					<extensions>
						<ns3:TrackPointExtension>
							<ns3:speed>2.81</ns3:speed>
						</ns3:TrackPointExtension>
					</extensions>
			</trkpt>
			<trkpt lat="35.95402" lon="120.19752">
				<ele>-54.0</ele>
				<time>2019-09-17T12:42:51Z</time>
					<extensions>
						<ns3:TrackPointExtension>
							<ns3:speed>2.81</ns3:speed>
						</ns3:TrackPointExtension>
					</extensions>
			</trkpt>
			<trkpt lat="35.954014" lon="120.19748">
				<ele>-54.0</ele>
				<time>2019-09-17T12:42:52Z</time>
					<extensions>
						<ns3:TrackPointExtension>
							<ns3:speed>2.89</ns3:speed>
						</ns3:TrackPointExtension>
					</extensions>
			</trkpt>
			<trkpt lat="35.954006" lon="120.19744">
				<ele>-54.0</ele>
				<time>2019-09-17T12:42:53Z</time>
					<extensions>
						<ns3:TrackPointExtension>
							<ns3:speed>2.94</ns3:speed>
						</ns3:TrackPointExtension>
					</extensions>
			</trkpt>
			<trkpt lat="35.954" lon="120.1974">
				<ele>-54.0</ele>
				<time>2019-09-17T12:42:54Z</time>
					<extensions>
						<ns3:TrackPointExtension>
							<ns3:speed>2.97</ns3:speed>
						</ns3:TrackPointExtension>
					</extensions>
			</trkpt>
			<trkpt lat="35.95399" lon="120.197365">
				<ele>-54.0</ele>
				<time>2019-09-17T12:42:55Z</time>
					<extensions>
						<ns3:TrackPointExtension>
							<ns3:speed>3.0</ns3:speed>
						</ns3:TrackPointExtension>
					</extensions>
			</trkpt>
			<trkpt lat="35.953983" lon="120.19733">
				<ele>-54.0</ele>
				<time>2019-09-17T12:42:56Z</time>
					<extensions>
						<ns3:TrackPointExtension>
							<ns3:speed>3.0</ns3:speed>
						</ns3:TrackPointExtension>
					</extensions>
			</trkpt>
			<trkpt lat="35.953976" lon="120.197296">
				<ele>-54.0</ele>
				<time>2019-09-17T12:42:57Z</time>
					<extensions>
						<ns3:TrackPointExtension>
							<ns3:speed>3.05</ns3:speed>
						</ns3:TrackPointExtension>
					</extensions>
			</trkpt>
			<trkpt lat="35.953964" lon="120.197266">
				<ele>-54.0</ele>
				<time>2019-09-17T12:42:58Z</time>
					<extensions>
						<ns3:TrackPointExtension>
							<ns3:speed>3.07</ns3:speed>
						</ns3:TrackPointExtension>
					</extensions>
			</trkpt>
			<trkpt lat="35.953957" lon="120.19722">
				<ele>-55.0</ele>
				<time>2019-09-17T12:42:59Z</time>
					<extensions>
						<ns3:TrackPointExtension>
							<ns3:speed>3.09</ns3:speed>
						</ns3:TrackPointExtension>
					</extensions>
			</trkpt>
			<trkpt lat="35.95395" lon="120.19719">
				<ele>-55.0</ele>
				<time>2019-09-17T12:43:00Z</time>
					<extensions>
						<ns3:TrackPointExtension>
							<ns3:speed>3.11</ns3:speed>
						</ns3:TrackPointExtension>
					</extensions>
			</trkpt>
			<trkpt lat="35.95394" lon="120.19715">
				<ele>-55.0</ele>
				<time>2019-09-17T12:43:01Z</time>
					<extensions>
						<ns3:TrackPointExtension>
							<ns3:speed>3.11</ns3:speed>
						</ns3:TrackPointExtension>
					</extensions>
			</trkpt>
			<trkpt lat="35.953934" lon="120.19711">
				<ele>-55.0</ele>
				<time>2019-09-17T12:43:02Z</time>
					<extensions>
						<ns3:TrackPointExtension>
							<ns3:speed>3.14</ns3:speed>
						</ns3:TrackPointExtension>
					</extensions>
			</trkpt>
			<trkpt lat="35.953926" lon="120.19707">
				<ele>-56.0</ele>
				<time>2019-09-17T12:43:03Z</time>
					<extensions>
						<ns3:TrackPointExtension>
							<ns3:speed>3.15</ns3:speed>
						</ns3:TrackPointExtension>
					</extensions>
			</trkpt>
			<trkpt lat="35.95392" lon="120.19703">
				<ele>-56.0</ele>
				<time>2019-09-17T12:43:04Z</time>
					<extensions>
						<ns3:TrackPointExtension>
							<ns3:speed>3.17</ns3:speed>
						</ns3:TrackPointExtension>
					</extensions>
			</trkpt>
			<trkpt lat="35.95391" lon="120.197">
				<ele>-56.0</ele>
				<time>2019-09-17T12:43:05Z</time>
					<extensions>
						<ns3:TrackPointExtension>
							<ns3:speed>3.19</ns3:speed>
						</ns3:TrackPointExtension>
					</extensions>
			</trkpt>
			<trkpt lat="35.953903" lon="120.196945">
				<ele>-56.0</ele>
				<time>2019-09-17T12:43:06Z</time>
					<extensions>
						<ns3:TrackPointExtension>
							<ns3:speed>3.19</ns3:speed>
						</ns3:TrackPointExtension>
					</extensions>
			</trkpt>
			<trkpt lat="35.953896" lon="120.196915">
				<ele>-56.0</ele>
				<time>2019-09-17T12:43:07Z</time>
					<extensions>
						<ns3:TrackPointExtension>
							<ns3:speed>3.24</ns3:speed>
						</ns3:TrackPointExtension>
					</extensions>
			</trkpt>
			<trkpt lat="35.953888" lon="120.196884">
				<ele>-56.0</ele>
				<time>2019-09-17T12:43:08Z</time>
					<extensions>
						<ns3:TrackPointExtension>
							<ns3:speed>3.24</ns3:speed>
						</ns3:TrackPointExtension>
					</extensions>
			</trkpt>
			<trkpt lat="35.95388" lon="120.19683">
				<ele>-56.0</ele>
				<time>2019-09-17T12:43:09Z</time>
					<extensions>
						<ns3:TrackPointExtension>
							<ns3:speed>3.26</ns3:speed>
						</ns3:TrackPointExtension>
					</extensions>
			</trkpt>
			<trkpt lat="35.95387" lon="120.19679">
				<ele>-56.0</ele>
				<time>2019-09-17T12:43:10Z</time>
					<extensions>
						<ns3:TrackPointExtension>
							<ns3:speed>3.28</ns3:speed>
						</ns3:TrackPointExtension>
					</extensions>
			</trkpt>
			<trkpt lat="35.95386" lon="120.19676">
				<ele>-56.0</ele>
				<time>2019-09-17T12:43:11Z</time>
					<extensions>
						<ns3:TrackPointExtension>
							<ns3:speed>3.28</ns3:speed>
						</ns3:TrackPointExtension>
					</extensions>
			</trkpt>
			<trkpt lat="35.95385" lon="120.196724">
				<ele>-56.0</ele>
				<time>2019-09-17T12:43:12Z</time>
					<extensions>
						<ns3:TrackPointExtension>
							<ns3:speed>3.32</ns3:speed>
						</ns3:TrackPointExtension>
					</extensions>
			</trkpt>
			<trkpt lat="35.953842" lon="120.19668">
				<ele>-56.0</ele>
				<time>2019-09-17T12:43:13Z</time>
					<extensions>
						<ns3:TrackPointExtension>
							<ns3:speed>3.32</ns3:speed>
						</ns3:TrackPointExtension>
					</extensions>
			</trkpt>
			<trkpt lat="35.95383" lon="120.196625">
				<ele>-56.0</ele>
				<time>2019-09-17T12:43:14Z</time>
					<extensions>
						<ns3:TrackPointExtension>
							<ns3:speed>3.37</ns3:speed>
						</ns3:TrackPointExtension>
					</extensions>
			</trkpt>
			<trkpt lat="35.953823" lon="120.19659">
				<ele>-56.0</ele>
				<time>2019-09-17T12:43:15Z</time>
					<extensions>
						<ns3:TrackPointExtension>
							<ns3:speed>3.4</ns3:speed>
						</ns3:TrackPointExtension>
					</extensions>
			</trkpt>
			<trkpt lat="35.95381" lon="120.19653">
				<ele>-57.0</ele>
				<time>2019-09-17T12:43:16Z</time>
					<extensions>
						<ns3:TrackPointExtension>
							<ns3:speed>3.4</ns3:speed>
						</ns3:TrackPointExtension>
					</extensions>
			</trkpt>
			<trkpt lat="35.953804" lon="120.196495">
				<ele>-57.0</ele>
				<time>2019-09-17T12:43:17Z</time>
					<extensions>
						<ns3:TrackPointExtension>
							<ns3:speed>3.46</ns3:speed>
						</ns3:TrackPointExtension>
					</extensions>
			</trkpt>
			<trkpt lat="35.953796" lon="120.19646">
				<ele>-57.0</ele>
				<time>2019-09-17T12:43:18Z</time>
					<extensions>
						<ns3:TrackPointExtension>
							<ns3:speed>3.46</ns3:speed>
						</ns3:TrackPointExtension>
					</extensions>
			</trkpt>
			<trkpt lat="35.95379" lon="120.19643">
				<ele>-57.0</ele>
				<time>2019-09-17T12:43:19Z</time>
					<extensions>
						<ns3:TrackPointExtension>
							<ns3:speed>3.52</ns3:speed>
						</ns3:TrackPointExtension>
					</extensions>
			</trkpt>
			<trkpt lat="35.95378" lon="120.196396">
				<ele>-57.0</ele>
				<time>2019-09-17T12:43:20Z</time>
					<extensions>
						<ns3:TrackPointExtension>
							<ns3:speed>3.53</ns3:speed>
						</ns3:TrackPointExtension>
					</extensions>
			</trkpt>
			<trkpt lat="35.953773" lon="120.19634">
				<ele>-57.0</ele>
				<time>2019-09-17T12:43:21Z</time>
					<extensions>
						<ns3:TrackPointExtension>
							<ns3:speed>3.53</ns3:speed>
						</ns3:TrackPointExtension>
					</extensions>
			</trkpt>
			<trkpt lat="35.953762" lon="120.196304">
				<ele>-57.0</ele>
				<time>2019-09-17T12:43:22Z</time>
					<extensions>
						<ns3:TrackPointExtension>
							<ns3:speed>3.54</ns3:speed>
						</ns3:TrackPointExtension>
					</extensions>
			</trkpt>
			<trkpt lat="35.953754" lon="120.19626">
				<ele>-58.0</ele>
				<time>2019-09-17T12:43:23Z</time>
					<extensions>
						<ns3:TrackPointExtension>
							<ns3:speed>3.54</ns3:speed>
						</ns3:TrackPointExtension>
					</extensions>
			</trkpt>
			<trkpt lat="35.95375" lon="120.19623">
				<ele>-58.0</ele>
				<time>2019-09-17T12:43:24Z</time>
					<extensions>
						<ns3:TrackPointExtension>
							<ns3:speed>3.55</ns3:speed>
						</ns3:TrackPointExtension>
					</extensions>
			</trkpt>
			<trkpt lat="35.953743" lon="120.19619">
				<ele>-58.0</ele>
				<time>2019-09-17T12:43:25Z</time>
					<extensions>
						<ns3:TrackPointExtension>
							<ns3:speed>3.55</ns3:speed>
						</ns3:TrackPointExtension>
					</extensions>
			</trkpt>
			<trkpt lat="35.953735" lon="120.196144">
				<ele>-58.0</ele>
				<time>2019-09-17T12:43:26Z</time>
					<extensions>
						<ns3:TrackPointExtension>
							<ns3:speed>3.57</ns3:speed>
						</ns3:TrackPointExtension>
					</extensions>
			</trkpt>
			<trkpt lat="35.953728" lon="120.19611">
				<ele>-59.0</ele>
				<time>2019-09-17T12:43:27Z</time>
					<extensions>
						<ns3:TrackPointExtension>
							<ns3:speed>3.57</ns3:speed>
						</ns3:TrackPointExtension>
					</extensions>
			</trkpt>
			<trkpt lat="35.95372" lon="120.196075">
				<ele>-59.0</ele>
				<time>2019-09-17T12:43:28Z</time>
					<extensions>
						<ns3:TrackPointExtension>
							<ns3:speed>3.57</ns3:speed>
						</ns3:TrackPointExtension>
					</extensions>
			</trkpt>
			<trkpt lat="35.953712" lon="120.19604">
				<ele>-59.0</ele>
				<time>2019-09-17T12:43:29Z</time>
					<extensions>
						<ns3:TrackPointExtension>
							<ns3:speed>3.55</ns3:speed>
						</ns3:TrackPointExtension>
					</extensions>
			</trkpt>
			<trkpt lat="35.95371" lon="120.19599">
				<ele>-59.0</ele>
				<time>2019-09-17T12:43:30Z</time>
					<extensions>
						<ns3:TrackPointExtension>
							<ns3:speed>3.55</ns3:speed>
						</ns3:TrackPointExtension>
					</extensions>
			</trkpt>
			<trkpt lat="35.953697" lon="120.195946">
				<ele>-60.0</ele>
				<time>2019-09-17T12:43:31Z</time>
					<extensions>
						<ns3:TrackPointExtension>
							<ns3:speed>3.55</ns3:speed>
						</ns3:TrackPointExtension>
					</extensions>
			</trkpt>
			<trkpt lat="35.95369" lon="120.1959">
				<ele>-60.0</ele>
				<time>2019-09-17T12:43:32Z</time>
					<extensions>
						<ns3:TrackPointExtension>
							<ns3:speed>3.57</ns3:speed>
						</ns3:TrackPointExtension>
					</extensions>
			</trkpt>
			<trkpt lat="35.95368" lon="120.19586">
				<ele>-60.0</ele>
				<time>2019-09-17T12:43:33Z</time>
					<extensions>
						<ns3:TrackPointExtension>
							<ns3:speed>3.57</ns3:speed>
						</ns3:TrackPointExtension>
					</extensions>
			</trkpt>
			<trkpt lat="35.95367" lon="120.195816">
				<ele>-60.0</ele>
				<time>2019-09-17T12:43:34Z</time>
					<extensions>
						<ns3:TrackPointExtension>
							<ns3:speed>3.61</ns3:speed>
						</ns3:TrackPointExtension>
					</extensions>
			</trkpt>
			<trkpt lat="35.95367" lon="120.19578">
				<ele>-60.0</ele>
				<time>2019-09-17T12:43:35Z</time>
					<extensions>
						<ns3:TrackPointExtension>
							<ns3:speed>3.63</ns3:speed>
						</ns3:TrackPointExtension>
					</extensions>
			</trkpt>
			<trkpt lat="35.953663" lon="120.19575">
				<ele>-61.0</ele>
				<time>2019-09-17T12:43:36Z</time>
					<extensions>
						<ns3:TrackPointExtension>
							<ns3:speed>3.64</ns3:speed>
						</ns3:TrackPointExtension>
					</extensions>
			</trkpt>
			<trkpt lat="35.953655" lon="120.195694">
				<ele>-61.0</ele>
				<time>2019-09-17T12:43:37Z</time>
					<extensions>
						<ns3:TrackPointExtension>
							<ns3:speed>3.64</ns3:speed>
						</ns3:TrackPointExtension>
					</extensions>
			</trkpt>
			<trkpt lat="35.953648" lon="120.195656">
				<ele>-61.0</ele>
				<time>2019-09-17T12:43:38Z</time>
					<extensions>
						<ns3:TrackPointExtension>
							<ns3:speed>3.64</ns3:speed>
						</ns3:TrackPointExtension>
					</extensions>
			</trkpt>
			<trkpt lat="35.95364" lon="120.19562">
				<ele>-61.0</ele>
				<time>2019-09-17T12:43:39Z</time>
					<extensions>
						<ns3:TrackPointExtension>
							<ns3:speed>3.64</ns3:speed>
						</ns3:TrackPointExtension>
					</extensions>
			</trkpt>
			<trkpt lat="35.953632" lon="120.19557">
				<ele>-61.0</ele>
				<time>2019-09-17T12:43:40Z</time>
					<extensions>
						<ns3:TrackPointExtension>
							<ns3:speed>3.64</ns3:speed>
						</ns3:TrackPointExtension>
					</extensions>
			</trkpt>
			<trkpt lat="35.953632" lon="120.19554">
				<ele>-61.0</ele>
				<time>2019-09-17T12:43:41Z</time>
					<extensions>
						<ns3:TrackPointExtension>
							<ns3:speed>3.66</ns3:speed>
						</ns3:TrackPointExtension>
					</extensions>
			</trkpt>
			<trkpt lat="35.953625" lon="120.1955">
				<ele>-61.0</ele>
				<time>2019-09-17T12:43:42Z</time>
					<extensions>
						<ns3:TrackPointExtension>
							<ns3:speed>3.66</ns3:speed>
						</ns3:TrackPointExtension>
					</extensions>
			</trkpt>
			<trkpt lat="35.95362" lon="120.19546">
				<ele>-61.0</ele>
				<time>2019-09-17T12:43:43Z</time>
					<extensions>
						<ns3:TrackPointExtension>
							<ns3:speed>3.66</ns3:speed>
						</ns3:TrackPointExtension>
					</extensions>
			</trkpt>
			<trkpt lat="35.953613" lon="120.19543">
				<ele>-61.0</ele>
				<time>2019-09-17T12:43:44Z</time>
					<extensions>
						<ns3:TrackPointExtension>
							<ns3:speed>3.66</ns3:speed>
						</ns3:TrackPointExtension>
					</extensions>
			</trkpt>
			<trkpt lat="35.95361" lon="120.19539">
				<ele>-61.0</ele>
				<time>2019-09-17T12:43:45Z</time>
					<extensions>
						<ns3:TrackPointExtension>
							<ns3:speed>3.66</ns3:speed>
						</ns3:TrackPointExtension>
					</extensions>
			</trkpt>
			<trkpt lat="35.9536" lon="120.19535">
				<ele>-61.0</ele>
				<time>2019-09-17T12:43:46Z</time>
					<extensions>
						<ns3:TrackPointExtension>
							<ns3:speed>3.64</ns3:speed>
						</ns3:TrackPointExtension>
					</extensions>
			</trkpt>
			<trkpt lat="35.9536" lon="120.19532">
				<ele>-61.0</ele>
				<time>2019-09-17T12:43:47Z</time>
					<extensions>
						<ns3:TrackPointExtension>
							<ns3:speed>3.63</ns3:speed>
						</ns3:TrackPointExtension>
					</extensions>
			</trkpt>
			<trkpt lat="35.953594" lon="120.195274">
				<ele>-61.0</ele>
				<time>2019-09-17T12:43:48Z</time>
					<extensions>
						<ns3:TrackPointExtension>
							<ns3:speed>3.63</ns3:speed>
						</ns3:TrackPointExtension>
					</extensions>
			</trkpt>
			<trkpt lat="35.953587" lon="120.195244">
				<ele>-61.0</ele>
				<time>2019-09-17T12:43:49Z</time>
					<extensions>
						<ns3:TrackPointExtension>
							<ns3:speed>3.61</ns3:speed>
						</ns3:TrackPointExtension>
					</extensions>
			</trkpt>
			<trkpt lat="35.953583" lon="120.19521">
				<ele>-62.0</ele>
				<time>2019-09-17T12:43:50Z</time>
					<extensions>
						<ns3:TrackPointExtension>
							<ns3:speed>3.61</ns3:speed>
						</ns3:TrackPointExtension>
					</extensions>
			</trkpt>
			<trkpt lat="35.953583" lon="120.195175">
				<ele>-62.0</ele>
				<time>2019-09-17T12:43:51Z</time>
					<extensions>
						<ns3:TrackPointExtension>
							<ns3:speed>3.57</ns3:speed>
						</ns3:TrackPointExtension>
					</extensions>
			</trkpt>
			<trkpt lat="35.953575" lon="120.19514">
				<ele>-62.0</ele>
				<time>2019-09-17T12:43:52Z</time>
					<extensions>
						<ns3:TrackPointExtension>
							<ns3:speed>3.55</ns3:speed>
						</ns3:TrackPointExtension>
					</extensions>
			</trkpt>
			<trkpt lat="35.953568" lon="120.19511">
				<ele>-62.0</ele>
				<time>2019-09-17T12:43:53Z</time>
					<extensions>
						<ns3:TrackPointExtension>
							<ns3:speed>3.55</ns3:speed>
						</ns3:TrackPointExtension>
					</extensions>
			</trkpt>
			<trkpt lat="35.953568" lon="120.19506">
				<ele>-62.0</ele>
				<time>2019-09-17T12:43:54Z</time>
					<extensions>
						<ns3:TrackPointExtension>
							<ns3:speed>3.53</ns3:speed>
						</ns3:TrackPointExtension>
					</extensions>
			</trkpt>
			<trkpt lat="35.95356" lon="120.19502">
				<ele>-62.0</ele>
				<time>2019-09-17T12:43:55Z</time>
					<extensions>
						<ns3:TrackPointExtension>
							<ns3:speed>3.53</ns3:speed>
						</ns3:TrackPointExtension>
					</extensions>
			</trkpt>
			<trkpt lat="35.953556" lon="120.19498">
				<ele>-62.0</ele>
				<time>2019-09-17T12:43:56Z</time>
					<extensions>
						<ns3:TrackPointExtension>
							<ns3:speed>3.53</ns3:speed>
						</ns3:TrackPointExtension>
					</extensions>
			</trkpt>
			<trkpt lat="35.95355" lon="120.19494">
				<ele>-62.0</ele>
				<time>2019-09-17T12:43:57Z</time>
					<extensions>
						<ns3:TrackPointExtension>
							<ns3:speed>3.53</ns3:speed>
						</ns3:TrackPointExtension>
					</extensions>
			</trkpt>
			<trkpt lat="35.953545" lon="120.1949">
				<ele>-62.0</ele>
				<time>2019-09-17T12:43:58Z</time>
					<extensions>
						<ns3:TrackPointExtension>
							<ns3:speed>3.54</ns3:speed>
						</ns3:TrackPointExtension>
					</extensions>
			</trkpt>
			<trkpt lat="35.953556" lon="120.19487">
				<ele>-62.0</ele>
				<time>2019-09-17T12:43:59Z</time>
					<extensions>
						<ns3:TrackPointExtension>
							<ns3:speed>3.54</ns3:speed>
						</ns3:TrackPointExtension>
					</extensions>
			</trkpt>
			<trkpt lat="35.953556" lon="120.194824">
				<ele>-62.0</ele>
				<time>2019-09-17T12:44:00Z</time>
					<extensions>
						<ns3:TrackPointExtension>
							<ns3:speed>3.54</ns3:speed>
						</ns3:TrackPointExtension>
					</extensions>
			</trkpt>
			<trkpt lat="35.953556" lon="120.194786">
				<ele>-62.0</ele>
				<time>2019-09-17T12:44:01Z</time>
					<extensions>
						<ns3:TrackPointExtension>
							<ns3:speed>3.55</ns3:speed>
						</ns3:TrackPointExtension>
					</extensions>
			</trkpt>
			<trkpt lat="35.953556" lon="120.194756">
				<ele>-62.0</ele>
				<time>2019-09-17T12:44:02Z</time>
					<extensions>
						<ns3:TrackPointExtension>
							<ns3:speed>3.55</ns3:speed>
						</ns3:TrackPointExtension>
					</extensions>
			</trkpt>
			<trkpt lat="35.953552" lon="120.19472">
				<ele>-62.0</ele>
				<time>2019-09-17T12:44:03Z</time>
					<extensions>
						<ns3:TrackPointExtension>
							<ns3:speed>3.54</ns3:speed>
						</ns3:TrackPointExtension>
					</extensions>
			</trkpt>
			<trkpt lat="35.95355" lon="120.19467">
				<ele>-62.0</ele>
				<time>2019-09-17T12:44:04Z</time>
					<extensions>
						<ns3:TrackPointExtension>
							<ns3:speed>3.53</ns3:speed>
						</ns3:TrackPointExtension>
					</extensions>
			</trkpt>
			<trkpt lat="35.95355" lon="120.19465">
				<ele>-62.0</ele>
				<time>2019-09-17T12:44:05Z</time>
					<extensions>
						<ns3:TrackPointExtension>
							<ns3:speed>3.53</ns3:speed>
						</ns3:TrackPointExtension>
					</extensions>
			</trkpt>
			<trkpt lat="35.953545" lon="120.19461">
				<ele>-62.0</ele>
				<time>2019-09-17T12:44:06Z</time>
					<extensions>
						<ns3:TrackPointExtension>
							<ns3:speed>3.5</ns3:speed>
						</ns3:TrackPointExtension>
					</extensions>
			</trkpt>
			<trkpt lat="35.95354" lon="120.19458">
				<ele>-62.0</ele>
				<time>2019-09-17T12:44:07Z</time>
					<extensions>
						<ns3:TrackPointExtension>
							<ns3:speed>3.49</ns3:speed>
						</ns3:TrackPointExtension>
					</extensions>
			</trkpt>
			<trkpt lat="35.95354" lon="120.19456">
				<ele>-62.0</ele>
				<time>2019-09-17T12:44:08Z</time>
					<extensions>
						<ns3:TrackPointExtension>
							<ns3:speed>3.47</ns3:speed>
						</ns3:TrackPointExtension>
					</extensions>
			</trkpt>
			<trkpt lat="35.953537" lon="120.19452">
				<ele>-62.0</ele>
				<time>2019-09-17T12:44:08Z</time>
					<extensions>
						<ns3:TrackPointExtension>
							<ns3:speed>3.43</ns3:speed>
						</ns3:TrackPointExtension>
					</extensions>
			</trkpt>
			<trkpt lat="35.953537" lon="120.194496">
				<ele>-62.0</ele>
				<time>2019-09-17T12:44:09Z</time>
					<extensions>
						<ns3:TrackPointExtension>
							<ns3:speed>3.43</ns3:speed>
						</ns3:TrackPointExtension>
					</extensions>
			</trkpt>
			<trkpt lat="35.953537" lon="120.194466">
				<ele>-62.0</ele>
				<time>2019-09-17T12:44:10Z</time>
					<extensions>
						<ns3:TrackPointExtension>
							<ns3:speed>3.36</ns3:speed>
						</ns3:TrackPointExtension>
					</extensions>
			</trkpt>
			<trkpt lat="35.953533" lon="120.194435">
				<ele>-62.0</ele>
				<time>2019-09-17T12:44:11Z</time>
					<extensions>
						<ns3:TrackPointExtension>
							<ns3:speed>3.36</ns3:speed>
						</ns3:TrackPointExtension>
					</extensions>
			</trkpt>
			<trkpt lat="35.953533" lon="120.194405">
				<ele>-62.0</ele>
				<time>2019-09-17T12:44:12Z</time>
					<extensions>
						<ns3:TrackPointExtension>
							<ns3:speed>3.3</ns3:speed>
						</ns3:TrackPointExtension>
					</extensions>
			</trkpt>
			<trkpt lat="35.95353" lon="120.194374">
				<ele>-62.0</ele>
				<time>2019-09-17T12:44:13Z</time>
					<extensions>
						<ns3:TrackPointExtension>
							<ns3:speed>3.27</ns3:speed>
						</ns3:TrackPointExtension>
					</extensions>
			</trkpt>
			<trkpt lat="35.953526" lon="120.194336">
				<ele>-62.0</ele>
				<time>2019-09-17T12:44:14Z</time>
					<extensions>
						<ns3:TrackPointExtension>
							<ns3:speed>3.27</ns3:speed>
						</ns3:TrackPointExtension>
					</extensions>
			</trkpt>
			<trkpt lat="35.95352" lon="120.19429">
				<ele>-62.0</ele>
				<time>2019-09-17T12:44:15Z</time>
					<extensions>
						<ns3:TrackPointExtension>
							<ns3:speed>3.24</ns3:speed>
						</ns3:TrackPointExtension>
					</extensions>
			</trkpt>
			<trkpt lat="35.953518" lon="120.19426">
				<ele>-62.0</ele>
				<time>2019-09-17T12:44:16Z</time>
					<extensions>
						<ns3:TrackPointExtension>
							<ns3:speed>3.24</ns3:speed>
						</ns3:TrackPointExtension>
					</extensions>
			</trkpt>
			<trkpt lat="35.953514" lon="120.19422">
				<ele>-62.0</ele>
				<time>2019-09-17T12:44:17Z</time>
					<extensions>
						<ns3:TrackPointExtension>
							<ns3:speed>3.23</ns3:speed>
						</ns3:TrackPointExtension>
					</extensions>
			</trkpt>
			<trkpt lat="35.95351" lon="120.19419">
				<ele>-62.0</ele>
				<time>2019-09-17T12:44:18Z</time>
					<extensions>
						<ns3:TrackPointExtension>
							<ns3:speed>3.24</ns3:speed>
						</ns3:TrackPointExtension>
					</extensions>
			</trkpt>
			<trkpt lat="35.953506" lon="120.19416">
				<ele>-62.0</ele>
				<time>2019-09-17T12:44:19Z</time>
					<extensions>
						<ns3:TrackPointExtension>
							<ns3:speed>3.24</ns3:speed>
						</ns3:TrackPointExtension>
					</extensions>
			</trkpt>
			<trkpt lat="35.953503" lon="120.19414">
				<ele>-62.0</ele>
				<time>2019-09-17T12:44:20Z</time>
					<extensions>
						<ns3:TrackPointExtension>
							<ns3:speed>3.23</ns3:speed>
						</ns3:TrackPointExtension>
					</extensions>
			</trkpt>
			<trkpt lat="35.9535" lon="120.1941">
				<ele>-62.0</ele>
				<time>2019-09-17T12:44:21Z</time>
					<extensions>
						<ns3:TrackPointExtension>
							<ns3:speed>3.23</ns3:speed>
						</ns3:TrackPointExtension>
					</extensions>
			</trkpt>
			<trkpt lat="35.95349" lon="120.19406">
				<ele>-62.0</ele>
				<time>2019-09-17T12:44:22Z</time>
					<extensions>
						<ns3:TrackPointExtension>
							<ns3:speed>3.21</ns3:speed>
						</ns3:TrackPointExtension>
					</extensions>
			</trkpt>
			<trkpt lat="35.953484" lon="120.194016">
				<ele>-62.0</ele>
				<time>2019-09-17T12:44:23Z</time>
					<extensions>
						<ns3:TrackPointExtension>
							<ns3:speed>3.21</ns3:speed>
						</ns3:TrackPointExtension>
					</extensions>
			</trkpt>
			<trkpt lat="35.95348" lon="120.193985">
				<ele>-62.0</ele>
				<time>2019-09-17T12:44:24Z</time>
					<extensions>
						<ns3:TrackPointExtension>
							<ns3:speed>3.22</ns3:speed>
						</ns3:TrackPointExtension>
					</extensions>
			</trkpt>
			<trkpt lat="35.953476" lon="120.193954">
				<ele>-62.0</ele>
				<time>2019-09-17T12:44:25Z</time>
					<extensions>
						<ns3:TrackPointExtension>
							<ns3:speed>3.22</ns3:speed>
						</ns3:TrackPointExtension>
					</extensions>
			</trkpt>
			<trkpt lat="35.953476" lon="120.19393">
				<ele>-62.0</ele>
				<time>2019-09-17T12:44:26Z</time>
					<extensions>
						<ns3:TrackPointExtension>
							<ns3:speed>3.22</ns3:speed>
						</ns3:TrackPointExtension>
					</extensions>
			</trkpt>
			<trkpt lat="35.953476" lon="120.19392">
				<ele>-62.0</ele>
				<time>2019-09-17T12:44:27Z</time>
					<extensions>
						<ns3:TrackPointExtension>
							<ns3:speed>3.2</ns3:speed>
						</ns3:TrackPointExtension>
					</extensions>
			</trkpt>
			<trkpt lat="35.953472" lon="120.193886">
				<ele>-62.0</ele>
				<time>2019-09-17T12:44:28Z</time>
					<extensions>
						<ns3:TrackPointExtension>
							<ns3:speed>3.18</ns3:speed>
						</ns3:TrackPointExtension>
					</extensions>
			</trkpt>
			<trkpt lat="35.95347" lon="120.19384">
				<ele>-62.0</ele>
				<time>2019-09-17T12:44:29Z</time>
					<extensions>
						<ns3:TrackPointExtension>
							<ns3:speed>3.14</ns3:speed>
						</ns3:TrackPointExtension>
					</extensions>
			</trkpt>
			<trkpt lat="35.95347" lon="120.19381">
				<ele>-62.0</ele>
				<time>2019-09-17T12:44:30Z</time>
					<extensions>
						<ns3:TrackPointExtension>
							<ns3:speed>3.11</ns3:speed>
						</ns3:TrackPointExtension>
					</extensions>
			</trkpt>
			<trkpt lat="35.95347" lon="120.19378">
				<ele>-62.0</ele>
				<time>2019-09-17T12:44:31Z</time>
					<extensions>
						<ns3:TrackPointExtension>
							<ns3:speed>3.11</ns3:speed>
						</ns3:TrackPointExtension>
					</extensions>
			</trkpt>
			<trkpt lat="35.953465" lon="120.19374">
				<ele>-62.0</ele>
				<time>2019-09-17T12:44:32Z</time>
					<extensions>
						<ns3:TrackPointExtension>
							<ns3:speed>3.07</ns3:speed>
						</ns3:TrackPointExtension>
					</extensions>
			</trkpt>
			<trkpt lat="35.95346" lon="120.19371">
				<ele>-62.0</ele>
				<time>2019-09-17T12:44:33Z</time>
					<extensions>
						<ns3:TrackPointExtension>
							<ns3:speed>3.06</ns3:speed>
						</ns3:TrackPointExtension>
					</extensions>
			</trkpt>
			<trkpt lat="35.953457" lon="120.19367">
				<ele>-62.0</ele>
				<time>2019-09-17T12:44:34Z</time>
					<extensions>
						<ns3:TrackPointExtension>
							<ns3:speed>3.06</ns3:speed>
						</ns3:TrackPointExtension>
					</extensions>
			</trkpt>
			<trkpt lat="35.953453" lon="120.19364">
				<ele>-62.0</ele>
				<time>2019-09-17T12:44:35Z</time>
					<extensions>
						<ns3:TrackPointExtension>
							<ns3:speed>3.07</ns3:speed>
						</ns3:TrackPointExtension>
					</extensions>
			</trkpt>
			<trkpt lat="35.953445" lon="120.193596">
				<ele>-62.0</ele>
				<time>2019-09-17T12:44:36Z</time>
					<extensions>
						<ns3:TrackPointExtension>
							<ns3:speed>3.07</ns3:speed>
						</ns3:TrackPointExtension>
					</extensions>
			</trkpt>
			<trkpt lat="35.953434" lon="120.19356">
				<ele>-63.0</ele>
				<time>2019-09-17T12:44:37Z</time>
					<extensions>
						<ns3:TrackPointExtension>
							<ns3:speed>3.11</ns3:speed>
						</ns3:TrackPointExtension>
					</extensions>
			</trkpt>
			<trkpt lat="35.953426" lon="120.19351">
				<ele>-63.0</ele>
				<time>2019-09-17T12:44:38Z</time>
					<extensions>
						<ns3:TrackPointExtension>
							<ns3:speed>3.11</ns3:speed>
						</ns3:TrackPointExtension>
					</extensions>
			</trkpt>
			<trkpt lat="35.95342" lon="120.19348">
				<ele>-63.0</ele>
				<time>2019-09-17T12:44:39Z</time>
					<extensions>
						<ns3:TrackPointExtension>
							<ns3:speed>3.16</ns3:speed>
						</ns3:TrackPointExtension>
					</extensions>
			</trkpt>
			<trkpt lat="35.953407" lon="120.19344">
				<ele>-63.0</ele>
				<time>2019-09-17T12:44:40Z</time>
					<extensions>
						<ns3:TrackPointExtension>
							<ns3:speed>3.18</ns3:speed>
						</ns3:TrackPointExtension>
					</extensions>
			</trkpt>
			<trkpt lat="35.9534" lon="120.193405">
				<ele>-63.0</ele>
				<time>2019-09-17T12:44:41Z</time>
					<extensions>
						<ns3:TrackPointExtension>
							<ns3:speed>3.18</ns3:speed>
						</ns3:TrackPointExtension>
					</extensions>
			</trkpt>
			<trkpt lat="35.95339" lon="120.193375">
				<ele>-63.0</ele>
				<time>2019-09-17T12:44:42Z</time>
					<extensions>
						<ns3:TrackPointExtension>
							<ns3:speed>3.22</ns3:speed>
						</ns3:TrackPointExtension>
					</extensions>
			</trkpt>
			<trkpt lat="35.95338" lon="120.19333">
				<ele>-63.0</ele>
				<time>2019-09-17T12:44:43Z</time>
					<extensions>
						<ns3:TrackPointExtension>
							<ns3:speed>3.22</ns3:speed>
						</ns3:TrackPointExtension>
					</extensions>
			</trkpt>
			<trkpt lat="35.953373" lon="120.19329">
				<ele>-63.0</ele>
				<time>2019-09-17T12:44:44Z</time>
					<extensions>
						<ns3:TrackPointExtension>
							<ns3:speed>3.25</ns3:speed>
						</ns3:TrackPointExtension>
					</extensions>
			</trkpt>
			<trkpt lat="35.95336" lon="120.19325">
				<ele>-63.0</ele>
				<time>2019-09-17T12:44:45Z</time>
					<extensions>
						<ns3:TrackPointExtension>
							<ns3:speed>3.27</ns3:speed>
						</ns3:TrackPointExtension>
					</extensions>
			</trkpt>
			<trkpt lat="35.953354" lon="120.19322">
				<ele>-63.0</ele>
				<time>2019-09-17T12:44:46Z</time>
					<extensions>
						<ns3:TrackPointExtension>
							<ns3:speed>3.28</ns3:speed>
						</ns3:TrackPointExtension>
					</extensions>
			</trkpt>
			<trkpt lat="35.953342" lon="120.19318">
				<ele>-63.0</ele>
				<time>2019-09-17T12:44:47Z</time>
					<extensions>
						<ns3:TrackPointExtension>
							<ns3:speed>3.3</ns3:speed>
						</ns3:TrackPointExtension>
					</extensions>
			</trkpt>
			<trkpt lat="35.953335" lon="120.19314">
				<ele>-63.0</ele>
				<time>2019-09-17T12:44:48Z</time>
					<extensions>
						<ns3:TrackPointExtension>
							<ns3:speed>3.3</ns3:speed>
						</ns3:TrackPointExtension>
					</extensions>
			</trkpt>
			<trkpt lat="35.953327" lon="120.19309">
				<ele>-63.0</ele>
				<time>2019-09-17T12:44:49Z</time>
					<extensions>
						<ns3:TrackPointExtension>
							<ns3:speed>3.33</ns3:speed>
						</ns3:TrackPointExtension>
					</extensions>
			</trkpt>
			<trkpt lat="35.95332" lon="120.193054">
				<ele>-63.0</ele>
				<time>2019-09-17T12:44:50Z</time>
					<extensions>
						<ns3:TrackPointExtension>
							<ns3:speed>3.34</ns3:speed>
						</ns3:TrackPointExtension>
					</extensions>
			</trkpt>
			<trkpt lat="35.953312" lon="120.19302">
				<ele>-63.0</ele>
				<time>2019-09-17T12:44:51Z</time>
					<extensions>
						<ns3:TrackPointExtension>
							<ns3:speed>3.34</ns3:speed>
						</ns3:TrackPointExtension>
					</extensions>
			</trkpt>
			<trkpt lat="35.953304" lon="120.192986">
				<ele>-63.0</ele>
				<time>2019-09-17T12:44:52Z</time>
					<extensions>
						<ns3:TrackPointExtension>
							<ns3:speed>3.37</ns3:speed>
						</ns3:TrackPointExtension>
					</extensions>
			</trkpt>
			<trkpt lat="35.953297" lon="120.19294">
				<ele>-63.0</ele>
				<time>2019-09-17T12:44:53Z</time>
					<extensions>
						<ns3:TrackPointExtension>
							<ns3:speed>3.37</ns3:speed>
						</ns3:TrackPointExtension>
					</extensions>
			</trkpt>
			<trkpt lat="35.95329" lon="120.19291">
				<ele>-63.0</ele>
				<time>2019-09-17T12:44:54Z</time>
					<extensions>
						<ns3:TrackPointExtension>
							<ns3:speed>3.38</ns3:speed>
						</ns3:TrackPointExtension>
					</extensions>
			</trkpt>
			<trkpt lat="35.95328" lon="120.19288">
				<ele>-63.0</ele>
				<time>2019-09-17T12:44:55Z</time>
					<extensions>
						<ns3:TrackPointExtension>
							<ns3:speed>3.4</ns3:speed>
						</ns3:TrackPointExtension>
					</extensions>
			</trkpt>
			<trkpt lat="35.953274" lon="120.19285">
				<ele>-63.0</ele>
				<time>2019-09-17T12:44:56Z</time>
					<extensions>
						<ns3:TrackPointExtension>
							<ns3:speed>3.38</ns3:speed>
						</ns3:TrackPointExtension>
					</extensions>
			</trkpt>
			<trkpt lat="35.953266" lon="120.19281">
				<ele>-63.0</ele>
				<time>2019-09-17T12:44:57Z</time>
					<extensions>
						<ns3:TrackPointExtension>
							<ns3:speed>3.38</ns3:speed>
						</ns3:TrackPointExtension>
					</extensions>
			</trkpt>
			<trkpt lat="35.95326" lon="120.19279">
				<ele>-63.0</ele>
				<time>2019-09-17T12:44:58Z</time>
					<extensions>
						<ns3:TrackPointExtension>
							<ns3:speed>3.38</ns3:speed>
						</ns3:TrackPointExtension>
					</extensions>
			</trkpt>
			<trkpt lat="35.953255" lon="120.19275">
				<ele>-63.0</ele>
				<time>2019-09-17T12:44:59Z</time>
					<extensions>
						<ns3:TrackPointExtension>
							<ns3:speed>3.35</ns3:speed>
						</ns3:TrackPointExtension>
					</extensions>
			</trkpt>
			<trkpt lat="35.953247" lon="120.19272">
				<ele>-63.0</ele>
				<time>2019-09-17T12:45:00Z</time>
					<extensions>
						<ns3:TrackPointExtension>
							<ns3:speed>3.33</ns3:speed>
						</ns3:TrackPointExtension>
					</extensions>
			</trkpt>
			<trkpt lat="35.953236" lon="120.19267">
				<ele>-63.0</ele>
				<time>2019-09-17T12:45:01Z</time>
					<extensions>
						<ns3:TrackPointExtension>
							<ns3:speed>3.32</ns3:speed>
						</ns3:TrackPointExtension>
					</extensions>
			</trkpt>
			<trkpt lat="35.953228" lon="120.19264">
				<ele>-63.0</ele>
				<time>2019-09-17T12:45:02Z</time>
					<extensions>
						<ns3:TrackPointExtension>
							<ns3:speed>3.32</ns3:speed>
						</ns3:TrackPointExtension>
					</extensions>
			</trkpt>
			<trkpt lat="35.95322" lon="120.19261">
				<ele>-63.0</ele>
				<time>2019-09-17T12:45:03Z</time>
					<extensions>
						<ns3:TrackPointExtension>
							<ns3:speed>3.32</ns3:speed>
						</ns3:TrackPointExtension>
					</extensions>
			</trkpt>
			<trkpt lat="35.953213" lon="120.19257">
				<ele>-63.0</ele>
				<time>2019-09-17T12:45:04Z</time>
					<extensions>
						<ns3:TrackPointExtension>
							<ns3:speed>3.31</ns3:speed>
						</ns3:TrackPointExtension>
					</extensions>
			</trkpt>
			<trkpt lat="35.9532" lon="120.192535">
				<ele>-63.0</ele>
				<time>2019-09-17T12:45:05Z</time>
					<extensions>
						<ns3:TrackPointExtension>
							<ns3:speed>3.31</ns3:speed>
						</ns3:TrackPointExtension>
					</extensions>
			</trkpt>
			<trkpt lat="35.953194" lon="120.192505">
				<ele>-63.0</ele>
				<time>2019-09-17T12:45:06Z</time>
					<extensions>
						<ns3:TrackPointExtension>
							<ns3:speed>3.31</ns3:speed>
						</ns3:TrackPointExtension>
					</extensions>
			</trkpt>
			<trkpt lat="35.953186" lon="120.19246">
				<ele>-63.0</ele>
				<time>2019-09-17T12:45:07Z</time>
					<extensions>
						<ns3:TrackPointExtension>
							<ns3:speed>3.31</ns3:speed>
						</ns3:TrackPointExtension>
					</extensions>
			</trkpt>
			<trkpt lat="35.95318" lon="120.19242">
				<ele>-64.0</ele>
				<time>2019-09-17T12:45:08Z</time>
					<extensions>
						<ns3:TrackPointExtension>
							<ns3:speed>3.31</ns3:speed>
						</ns3:TrackPointExtension>
					</extensions>
			</trkpt>
			<trkpt lat="35.953167" lon="120.19239">
				<ele>-64.0</ele>
				<time>2019-09-17T12:45:09Z</time>
					<extensions>
						<ns3:TrackPointExtension>
							<ns3:speed>3.34</ns3:speed>
						</ns3:TrackPointExtension>
					</extensions>
			</trkpt>
			<trkpt lat="35.95316" lon="120.192345">
				<ele>-64.0</ele>
				<time>2019-09-17T12:45:10Z</time>
					<extensions>
						<ns3:TrackPointExtension>
							<ns3:speed>3.34</ns3:speed>
						</ns3:TrackPointExtension>
					</extensions>
			</trkpt>
			<trkpt lat="35.95315" lon="120.19233">
				<ele>-64.0</ele>
				<time>2019-09-17T12:45:11Z</time>
					<extensions>
						<ns3:TrackPointExtension>
							<ns3:speed>3.35</ns3:speed>
						</ns3:TrackPointExtension>
					</extensions>
			</trkpt>
			<trkpt lat="35.953144" lon="120.19228">
				<ele>-64.0</ele>
				<time>2019-09-17T12:45:12Z</time>
					<extensions>
						<ns3:TrackPointExtension>
							<ns3:speed>3.35</ns3:speed>
						</ns3:TrackPointExtension>
					</extensions>
			</trkpt>
			<trkpt lat="35.953136" lon="120.19225">
				<ele>-64.0</ele>
				<time>2019-09-17T12:45:13Z</time>
					<extensions>
						<ns3:TrackPointExtension>
							<ns3:speed>3.35</ns3:speed>
						</ns3:TrackPointExtension>
					</extensions>
			</trkpt>
			<trkpt lat="35.953133" lon="120.19222">
				<ele>-64.0</ele>
				<time>2019-09-17T12:45:14Z</time>
					<extensions>
						<ns3:TrackPointExtension>
							<ns3:speed>3.34</ns3:speed>
						</ns3:TrackPointExtension>
					</extensions>
			</trkpt>
			<trkpt lat="35.95312" lon="120.19219">
				<ele>-64.0</ele>
				<time>2019-09-17T12:45:15Z</time>
					<extensions>
						<ns3:TrackPointExtension>
							<ns3:speed>3.34</ns3:speed>
						</ns3:TrackPointExtension>
					</extensions>
			</trkpt>
			<trkpt lat="35.953114" lon="120.19216">
				<ele>-64.0</ele>
				<time>2019-09-17T12:45:16Z</time>
					<extensions>
						<ns3:TrackPointExtension>
							<ns3:speed>3.3</ns3:speed>
						</ns3:TrackPointExtension>
					</extensions>
			</trkpt>
			<trkpt lat="35.95311" lon="120.19213">
				<ele>-64.0</ele>
				<time>2019-09-17T12:45:17Z</time>
					<extensions>
						<ns3:TrackPointExtension>
							<ns3:speed>3.28</ns3:speed>
						</ns3:TrackPointExtension>
					</extensions>
			</trkpt>
			<trkpt lat="35.953102" lon="120.192116">
				<ele>-64.0</ele>
				<time>2019-09-17T12:45:18Z</time>
					<extensions>
						<ns3:TrackPointExtension>
							<ns3:speed>3.26</ns3:speed>
						</ns3:TrackPointExtension>
					</extensions>
			</trkpt>
			<trkpt lat="35.953094" lon="120.192085">
				<ele>-64.0</ele>
				<time>2019-09-17T12:45:19Z</time>
					<extensions>
						<ns3:TrackPointExtension>
							<ns3:speed>3.23</ns3:speed>
						</ns3:TrackPointExtension>
					</extensions>
			</trkpt>
			<trkpt lat="35.953087" lon="120.19206">
				<ele>-64.0</ele>
				<time>2019-09-17T12:45:20Z</time>
					<extensions>
						<ns3:TrackPointExtension>
							<ns3:speed>3.23</ns3:speed>
						</ns3:TrackPointExtension>
					</extensions>
			</trkpt>
			<trkpt lat="35.95308" lon="120.192024">
				<ele>-64.0</ele>
				<time>2019-09-17T12:45:21Z</time>
					<extensions>
						<ns3:TrackPointExtension>
							<ns3:speed>3.17</ns3:speed>
						</ns3:TrackPointExtension>
					</extensions>
			</trkpt>
			<trkpt lat="35.95307" lon="120.191986">
				<ele>-64.0</ele>
				<time>2019-09-17T12:45:22Z</time>
					<extensions>
						<ns3:TrackPointExtension>
							<ns3:speed>3.15</ns3:speed>
						</ns3:TrackPointExtension>
					</extensions>
			</trkpt>
			<trkpt lat="35.953064" lon="120.19195">
				<ele>-64.0</ele>
				<time>2019-09-17T12:45:23Z</time>
					<extensions>
						<ns3:TrackPointExtension>
							<ns3:speed>3.13</ns3:speed>
						</ns3:TrackPointExtension>
					</extensions>
			</trkpt>
			<trkpt lat="35.953056" lon="120.191925">
				<ele>-64.0</ele>
				<time>2019-09-17T12:45:24Z</time>
					<extensions>
						<ns3:TrackPointExtension>
							<ns3:speed>3.13</ns3:speed>
						</ns3:TrackPointExtension>
					</extensions>
			</trkpt>
			<trkpt lat="35.95304" lon="120.19189">
				<ele>-64.0</ele>
				<time>2019-09-17T12:45:25Z</time>
					<extensions>
						<ns3:TrackPointExtension>
							<ns3:speed>3.13</ns3:speed>
						</ns3:TrackPointExtension>
					</extensions>
			</trkpt>
			<trkpt lat="35.953033" lon="120.19186">
				<ele>-64.0</ele>
				<time>2019-09-17T12:45:26Z</time>
					<extensions>
						<ns3:TrackPointExtension>
							<ns3:speed>3.15</ns3:speed>
						</ns3:TrackPointExtension>
					</extensions>
			</trkpt>
			<trkpt lat="35.953022" lon="120.19182">
				<ele>-64.0</ele>
				<time>2019-09-17T12:45:27Z</time>
					<extensions>
						<ns3:TrackPointExtension>
							<ns3:speed>3.17</ns3:speed>
						</ns3:TrackPointExtension>
					</extensions>
			</trkpt>
			<trkpt lat="35.953014" lon="120.19179">
				<ele>-64.0</ele>
				<time>2019-09-17T12:45:28Z</time>
					<extensions>
						<ns3:TrackPointExtension>
							<ns3:speed>3.18</ns3:speed>
						</ns3:TrackPointExtension>
					</extensions>
			</trkpt>
			<trkpt lat="35.953" lon="120.19174">
				<ele>-64.0</ele>
				<time>2019-09-17T12:45:29Z</time>
					<extensions>
						<ns3:TrackPointExtension>
							<ns3:speed>3.2</ns3:speed>
						</ns3:TrackPointExtension>
					</extensions>
			</trkpt>
			<trkpt lat="35.952988" lon="120.19171">
				<ele>-64.0</ele>
				<time>2019-09-17T12:45:30Z</time>
					<extensions>
						<ns3:TrackPointExtension>
							<ns3:speed>3.2</ns3:speed>
						</ns3:TrackPointExtension>
					</extensions>
			</trkpt>
			<trkpt lat="35.952976" lon="120.19167">
				<ele>-64.0</ele>
				<time>2019-09-17T12:45:31Z</time>
					<extensions>
						<ns3:TrackPointExtension>
							<ns3:speed>3.23</ns3:speed>
						</ns3:TrackPointExtension>
					</extensions>
			</trkpt>
			<trkpt lat="35.952965" lon="120.19164">
				<ele>-64.0</ele>
				<time>2019-09-17T12:45:32Z</time>
					<extensions>
						<ns3:TrackPointExtension>
							<ns3:speed>3.25</ns3:speed>
						</ns3:TrackPointExtension>
					</extensions>
			</trkpt>
			<trkpt lat="35.952953" lon="120.1916">
				<ele>-64.0</ele>
				<time>2019-09-17T12:45:33Z</time>
					<extensions>
						<ns3:TrackPointExtension>
							<ns3:speed>3.26</ns3:speed>
						</ns3:TrackPointExtension>
					</extensions>
			</trkpt>
			<trkpt lat="35.95294" lon="120.19156">
				<ele>-64.0</ele>
				<time>2019-09-17T12:45:34Z</time>
					<extensions>
						<ns3:TrackPointExtension>
							<ns3:speed>3.26</ns3:speed>
						</ns3:TrackPointExtension>
					</extensions>
			</trkpt>
			<trkpt lat="35.95293" lon="120.19153">
				<ele>-64.0</ele>
				<time>2019-09-17T12:45:35Z</time>
					<extensions>
						<ns3:TrackPointExtension>
							<ns3:speed>3.26</ns3:speed>
						</ns3:TrackPointExtension>
					</extensions>
			</trkpt>
			<trkpt lat="35.952923" lon="120.1915">
				<ele>-64.0</ele>
				<time>2019-09-17T12:45:36Z</time>
					<extensions>
						<ns3:TrackPointExtension>
							<ns3:speed>3.27</ns3:speed>
						</ns3:TrackPointExtension>
					</extensions>
			</trkpt>
			<trkpt lat="35.952915" lon="120.191475">
				<ele>-64.0</ele>
				<time>2019-09-17T12:45:37Z</time>
					<extensions>
						<ns3:TrackPointExtension>
							<ns3:speed>3.27</ns3:speed>
						</ns3:TrackPointExtension>
					</extensions>
			</trkpt>
			<trkpt lat="35.95291" lon="120.19146">
				<ele>-64.0</ele>
				<time>2019-09-17T12:45:38Z</time>
					<extensions>
						<ns3:TrackPointExtension>
							<ns3:speed>3.26</ns3:speed>
						</ns3:TrackPointExtension>
					</extensions>
			</trkpt>
			<trkpt lat="35.952908" lon="120.19144">
				<ele>-64.0</ele>
				<time>2019-09-17T12:45:39Z</time>
					<extensions>
						<ns3:TrackPointExtension>
							<ns3:speed>3.23</ns3:speed>
						</ns3:TrackPointExtension>
					</extensions>
			</trkpt>
			<trkpt lat="35.9529" lon="120.191414">
				<ele>-64.0</ele>
				<time>2019-09-17T12:45:40Z</time>
					<extensions>
						<ns3:TrackPointExtension>
							<ns3:speed>3.23</ns3:speed>
						</ns3:TrackPointExtension>
					</extensions>
			</trkpt>
			<trkpt lat="35.9529" lon="120.1914">
				<ele>-64.0</ele>
				<time>2019-09-17T12:45:41Z</time>
					<extensions>
						<ns3:TrackPointExtension>
							<ns3:speed>3.13</ns3:speed>
						</ns3:TrackPointExtension>
					</extensions>
			</trkpt>
			<trkpt lat="35.9529" lon="120.191376">
				<ele>-64.0</ele>
				<time>2019-09-17T12:45:42Z</time>
					<extensions>
						<ns3:TrackPointExtension>
							<ns3:speed>3.13</ns3:speed>
						</ns3:TrackPointExtension>
					</extensions>
			</trkpt>
			<trkpt lat="35.9529" lon="120.19137">
				<ele>-64.0</ele>
				<time>2019-09-17T12:45:43Z</time>
					<extensions>
						<ns3:TrackPointExtension>
							<ns3:speed>3.01</ns3:speed>
						</ns3:TrackPointExtension>
					</extensions>
			</trkpt>
			<trkpt lat="35.952896" lon="120.191345">
				<ele>-64.0</ele>
				<time>2019-09-17T12:45:44Z</time>
					<extensions>
						<ns3:TrackPointExtension>
							<ns3:speed>2.94</ns3:speed>
						</ns3:TrackPointExtension>
					</extensions>
			</trkpt>
			<trkpt lat="35.952892" lon="120.191315">
				<ele>-64.0</ele>
				<time>2019-09-17T12:45:45Z</time>
					<extensions>
						<ns3:TrackPointExtension>
							<ns3:speed>2.89</ns3:speed>
						</ns3:TrackPointExtension>
					</extensions>
			</trkpt>
			<trkpt lat="35.952892" lon="120.191284">
				<ele>-64.0</ele>
				<time>2019-09-17T12:45:46Z</time>
					<extensions>
						<ns3:TrackPointExtension>
							<ns3:speed>2.84</ns3:speed>
						</ns3:TrackPointExtension>
					</extensions>
			</trkpt>
			<trkpt lat="35.952885" lon="120.19125">
				<ele>-64.0</ele>
				<time>2019-09-17T12:45:47Z</time>
					<extensions>
						<ns3:TrackPointExtension>
							<ns3:speed>2.84</ns3:speed>
						</ns3:TrackPointExtension>
					</extensions>
			</trkpt>
			<trkpt lat="35.952885" lon="120.19122">
				<ele>-64.0</ele>
				<time>2019-09-17T12:45:48Z</time>
					<extensions>
						<ns3:TrackPointExtension>
							<ns3:speed>2.79</ns3:speed>
						</ns3:TrackPointExtension>
					</extensions>
			</trkpt>
			<trkpt lat="35.952877" lon="120.19119">
				<ele>-64.0</ele>
				<time>2019-09-17T12:45:49Z</time>
					<extensions>
						<ns3:TrackPointExtension>
							<ns3:speed>2.77</ns3:speed>
						</ns3:TrackPointExtension>
					</extensions>
			</trkpt>
			<trkpt lat="35.952877" lon="120.19116">
				<ele>-64.0</ele>
				<time>2019-09-17T12:45:50Z</time>
					<extensions>
						<ns3:TrackPointExtension>
							<ns3:speed>2.77</ns3:speed>
						</ns3:TrackPointExtension>
					</extensions>
			</trkpt>
			<trkpt lat="35.95287" lon="120.19112">
				<ele>-64.0</ele>
				<time>2019-09-17T12:45:51Z</time>
					<extensions>
						<ns3:TrackPointExtension>
							<ns3:speed>2.77</ns3:speed>
						</ns3:TrackPointExtension>
					</extensions>
			</trkpt>
			<trkpt lat="35.95287" lon="120.191086">
				<ele>-64.0</ele>
				<time>2019-09-17T12:45:52Z</time>
					<extensions>
						<ns3:TrackPointExtension>
							<ns3:speed>2.77</ns3:speed>
						</ns3:TrackPointExtension>
					</extensions>
			</trkpt>
			<trkpt lat="35.952866" lon="120.191055">
				<ele>-64.0</ele>
				<time>2019-09-17T12:45:53Z</time>
					<extensions>
						<ns3:TrackPointExtension>
							<ns3:speed>2.8</ns3:speed>
						</ns3:TrackPointExtension>
					</extensions>
			</trkpt>
			<trkpt lat="35.952858" lon="120.191025">
				<ele>-64.0</ele>
				<time>2019-09-17T12:45:54Z</time>
					<extensions>
						<ns3:TrackPointExtension>
							<ns3:speed>2.8</ns3:speed>
						</ns3:TrackPointExtension>
					</extensions>
			</trkpt>
			<trkpt lat="35.952854" lon="120.190994">
				<ele>-64.0</ele>
				<time>2019-09-17T12:45:55Z</time>
					<extensions>
						<ns3:TrackPointExtension>
							<ns3:speed>2.82</ns3:speed>
						</ns3:TrackPointExtension>
					</extensions>
			</trkpt>
			<trkpt lat="35.952854" lon="120.19098">
				<ele>-64.0</ele>
				<time>2019-09-17T12:45:56Z</time>
					<extensions>
						<ns3:TrackPointExtension>
							<ns3:speed>2.83</ns3:speed>
						</ns3:TrackPointExtension>
					</extensions>
			</trkpt>
			<trkpt lat="35.952847" lon="120.19095">
				<ele>-64.0</ele>
				<time>2019-09-17T12:45:57Z</time>
					<extensions>
						<ns3:TrackPointExtension>
							<ns3:speed>2.83</ns3:speed>
						</ns3:TrackPointExtension>
					</extensions>
			</trkpt>
			<trkpt lat="35.952843" lon="120.19092">
				<ele>-64.0</ele>
				<time>2019-09-17T12:45:58Z</time>
					<extensions>
						<ns3:TrackPointExtension>
							<ns3:speed>2.82</ns3:speed>
						</ns3:TrackPointExtension>
					</extensions>
			</trkpt>
			<trkpt lat="35.952835" lon="120.19089">
				<ele>-64.0</ele>
				<time>2019-09-17T12:45:59Z</time>
					<extensions>
						<ns3:TrackPointExtension>
							<ns3:speed>2.82</ns3:speed>
						</ns3:TrackPointExtension>
					</extensions>
			</trkpt>
			<trkpt lat="35.95283" lon="120.19086">
				<ele>-65.0</ele>
				<time>2019-09-17T12:46:00Z</time>
					<extensions>
						<ns3:TrackPointExtension>
							<ns3:speed>2.82</ns3:speed>
						</ns3:TrackPointExtension>
					</extensions>
			</trkpt>
			<trkpt lat="35.952824" lon="120.19082">
				<ele>-65.0</ele>
				<time>2019-09-17T12:46:01Z</time>
					<extensions>
						<ns3:TrackPointExtension>
							<ns3:speed>2.83</ns3:speed>
						</ns3:TrackPointExtension>
					</extensions>
			</trkpt>
			<trkpt lat="35.952816" lon="120.19079">
				<ele>-65.0</ele>
				<time>2019-09-17T12:46:02Z</time>
					<extensions>
						<ns3:TrackPointExtension>
							<ns3:speed>2.83</ns3:speed>
						</ns3:TrackPointExtension>
					</extensions>
			</trkpt>
			<trkpt lat="35.95281" lon="120.19076">
				<ele>-65.0</ele>
				<time>2019-09-17T12:46:03Z</time>
					<extensions>
						<ns3:TrackPointExtension>
							<ns3:speed>2.86</ns3:speed>
						</ns3:TrackPointExtension>
					</extensions>
			</trkpt>
			<trkpt lat="35.952805" lon="120.19073">
				<ele>-65.0</ele>
				<time>2019-09-17T12:46:04Z</time>
					<extensions>
						<ns3:TrackPointExtension>
							<ns3:speed>2.87</ns3:speed>
						</ns3:TrackPointExtension>
					</extensions>
			</trkpt>
			<trkpt lat="35.952797" lon="120.1907">
				<ele>-65.0</ele>
				<time>2019-09-17T12:46:05Z</time>
					<extensions>
						<ns3:TrackPointExtension>
							<ns3:speed>2.88</ns3:speed>
						</ns3:TrackPointExtension>
					</extensions>
			</trkpt>
			<trkpt lat="35.95279" lon="120.19067">
				<ele>-65.0</ele>
				<time>2019-09-17T12:46:06Z</time>
					<extensions>
						<ns3:TrackPointExtension>
							<ns3:speed>2.89</ns3:speed>
						</ns3:TrackPointExtension>
					</extensions>
			</trkpt>
			<trkpt lat="35.95278" lon="120.19063">
				<ele>-64.0</ele>
				<time>2019-09-17T12:46:07Z</time>
					<extensions>
						<ns3:TrackPointExtension>
							<ns3:speed>2.89</ns3:speed>
						</ns3:TrackPointExtension>
					</extensions>
			</trkpt>
			<trkpt lat="35.952766" lon="120.1906">
				<ele>-64.0</ele>
				<time>2019-09-17T12:46:08Z</time>
					<extensions>
						<ns3:TrackPointExtension>
							<ns3:speed>2.91</ns3:speed>
						</ns3:TrackPointExtension>
					</extensions>
			</trkpt>
			<trkpt lat="35.952763" lon="120.19057">
				<ele>-64.0</ele>
				<time>2019-09-17T12:46:09Z</time>
					<extensions>
						<ns3:TrackPointExtension>
							<ns3:speed>2.91</ns3:speed>
						</ns3:TrackPointExtension>
					</extensions>
			</trkpt>
			<trkpt lat="35.95276" lon="120.19054">
				<ele>-64.0</ele>
				<time>2019-09-17T12:46:10Z</time>
					<extensions>
						<ns3:TrackPointExtension>
							<ns3:speed>2.94</ns3:speed>
						</ns3:TrackPointExtension>
					</extensions>
			</trkpt>
			<trkpt lat="35.95275" lon="120.19051">
				<ele>-64.0</ele>
				<time>2019-09-17T12:46:11Z</time>
					<extensions>
						<ns3:TrackPointExtension>
							<ns3:speed>2.94</ns3:speed>
						</ns3:TrackPointExtension>
					</extensions>
			</trkpt>
			<trkpt lat="35.952747" lon="120.1905">
				<ele>-64.0</ele>
				<time>2019-09-17T12:46:12Z</time>
					<extensions>
						<ns3:TrackPointExtension>
							<ns3:speed>2.94</ns3:speed>
						</ns3:TrackPointExtension>
					</extensions>
			</trkpt>
			<trkpt lat="35.952744" lon="120.19046">
				<ele>-64.0</ele>
				<time>2019-09-17T12:46:13Z</time>
					<extensions>
						<ns3:TrackPointExtension>
							<ns3:speed>2.9</ns3:speed>
						</ns3:TrackPointExtension>
					</extensions>
			</trkpt>
			<trkpt lat="35.952744" lon="120.190445">
				<ele>-64.0</ele>
				<time>2019-09-17T12:46:14Z</time>
					<extensions>
						<ns3:TrackPointExtension>
							<ns3:speed>2.9</ns3:speed>
						</ns3:TrackPointExtension>
					</extensions>
			</trkpt>
			<trkpt lat="35.952744" lon="120.190414">
				<ele>-64.0</ele>
				<time>2019-09-17T12:46:15Z</time>
					<extensions>
						<ns3:TrackPointExtension>
							<ns3:speed>2.86</ns3:speed>
						</ns3:TrackPointExtension>
					</extensions>
			</trkpt>
			<trkpt lat="35.952736" lon="120.19039">
				<ele>-64.0</ele>
				<time>2019-09-17T12:46:16Z</time>
					<extensions>
						<ns3:TrackPointExtension>
							<ns3:speed>2.84</ns3:speed>
						</ns3:TrackPointExtension>
					</extensions>
			</trkpt>
			<trkpt lat="35.952736" lon="120.19037">
				<ele>-64.0</ele>
				<time>2019-09-17T12:46:17Z</time>
					<extensions>
						<ns3:TrackPointExtension>
							<ns3:speed>2.81</ns3:speed>
						</ns3:TrackPointExtension>
					</extensions>
			</trkpt>
			<trkpt lat="35.952736" lon="120.19035">
				<ele>-64.0</ele>
				<time>2019-09-17T12:46:18Z</time>
					<extensions>
						<ns3:TrackPointExtension>
							<ns3:speed>2.79</ns3:speed>
						</ns3:TrackPointExtension>
					</extensions>
			</trkpt>
			<trkpt lat="35.95273" lon="120.19032">
				<ele>-64.0</ele>
				<time>2019-09-17T12:46:19Z</time>
					<extensions>
						<ns3:TrackPointExtension>
							<ns3:speed>2.79</ns3:speed>
						</ns3:TrackPointExtension>
					</extensions>
			</trkpt>
			<trkpt lat="35.95272" lon="120.19029">
				<ele>-64.0</ele>
				<time>2019-09-17T12:46:20Z</time>
					<extensions>
						<ns3:TrackPointExtension>
							<ns3:speed>2.73</ns3:speed>
						</ns3:TrackPointExtension>
					</extensions>
			</trkpt>
			<trkpt lat="35.95272" lon="120.19027">
				<ele>-64.0</ele>
				<time>2019-09-17T12:46:21Z</time>
					<extensions>
						<ns3:TrackPointExtension>
							<ns3:speed>2.71</ns3:speed>
						</ns3:TrackPointExtension>
					</extensions>
			</trkpt>
			<trkpt lat="35.952713" lon="120.19024">
				<ele>-64.0</ele>
				<time>2019-09-17T12:46:22Z</time>
					<extensions>
						<ns3:TrackPointExtension>
							<ns3:speed>2.7</ns3:speed>
						</ns3:TrackPointExtension>
					</extensions>
			</trkpt>
			<trkpt lat="35.952705" lon="120.19021">
				<ele>-64.0</ele>
				<time>2019-09-17T12:46:23Z</time>
					<extensions>
						<ns3:TrackPointExtension>
							<ns3:speed>2.69</ns3:speed>
						</ns3:TrackPointExtension>
					</extensions>
			</trkpt>
			<trkpt lat="35.9527" lon="120.190186">
				<ele>-64.0</ele>
				<time>2019-09-17T12:46:24Z</time>
					<extensions>
						<ns3:TrackPointExtension>
							<ns3:speed>2.69</ns3:speed>
						</ns3:TrackPointExtension>
					</extensions>
			</trkpt>
			<trkpt lat="35.952694" lon="120.190155">
				<ele>-64.0</ele>
				<time>2019-09-17T12:46:25Z</time>
					<extensions>
						<ns3:TrackPointExtension>
							<ns3:speed>2.68</ns3:speed>
						</ns3:TrackPointExtension>
					</extensions>
			</trkpt>
			<trkpt lat="35.952682" lon="120.19012">
				<ele>-64.0</ele>
				<time>2019-09-17T12:46:26Z</time>
					<extensions>
						<ns3:TrackPointExtension>
							<ns3:speed>2.68</ns3:speed>
						</ns3:TrackPointExtension>
					</extensions>
			</trkpt>
			<trkpt lat="35.952667" lon="120.19007">
				<ele>-64.0</ele>
				<time>2019-09-17T12:46:27Z</time>
					<extensions>
						<ns3:TrackPointExtension>
							<ns3:speed>2.68</ns3:speed>
						</ns3:TrackPointExtension>
					</extensions>
			</trkpt>
			<trkpt lat="35.95265" lon="120.19004">
				<ele>-64.0</ele>
				<time>2019-09-17T12:46:28Z</time>
					<extensions>
						<ns3:TrackPointExtension>
							<ns3:speed>2.71</ns3:speed>
						</ns3:TrackPointExtension>
					</extensions>
			</trkpt>
			<trkpt lat="35.952633" lon="120.19">
				<ele>-64.0</ele>
				<time>2019-09-17T12:46:29Z</time>
					<extensions>
						<ns3:TrackPointExtension>
							<ns3:speed>2.71</ns3:speed>
						</ns3:TrackPointExtension>
					</extensions>
			</trkpt>
			<trkpt lat="35.952618" lon="120.189964">
				<ele>-64.0</ele>
				<time>2019-09-17T12:46:30Z</time>
					<extensions>
						<ns3:TrackPointExtension>
							<ns3:speed>2.81</ns3:speed>
						</ns3:TrackPointExtension>
					</extensions>
			</trkpt>
			<trkpt lat="35.95261" lon="120.18992">
				<ele>-64.0</ele>
				<time>2019-09-17T12:46:31Z</time>
					<extensions>
						<ns3:TrackPointExtension>
							<ns3:speed>2.87</ns3:speed>
						</ns3:TrackPointExtension>
					</extensions>
			</trkpt>
			<trkpt lat="35.95261" lon="120.18989">
				<ele>-64.0</ele>
				<time>2019-09-17T12:46:32Z</time>
					<extensions>
						<ns3:TrackPointExtension>
							<ns3:speed>2.92</ns3:speed>
						</ns3:TrackPointExtension>
					</extensions>
			</trkpt>
			<trkpt lat="35.95261" lon="120.18985">
				<ele>-64.0</ele>
				<time>2019-09-17T12:46:33Z</time>
					<extensions>
						<ns3:TrackPointExtension>
							<ns3:speed>2.95</ns3:speed>
						</ns3:TrackPointExtension>
					</extensions>
			</trkpt>
			<trkpt lat="35.95261" lon="120.18982">
				<ele>-64.0</ele>
				<time>2019-09-17T12:46:34Z</time>
					<extensions>
						<ns3:TrackPointExtension>
							<ns3:speed>2.95</ns3:speed>
						</ns3:TrackPointExtension>
					</extensions>
			</trkpt>
			<trkpt lat="35.952602" lon="120.18979">
				<ele>-64.0</ele>
				<time>2019-09-17T12:46:35Z</time>
					<extensions>
						<ns3:TrackPointExtension>
							<ns3:speed>2.99</ns3:speed>
						</ns3:TrackPointExtension>
					</extensions>
			</trkpt>
			<trkpt lat="35.952602" lon="120.189766">
				<ele>-64.0</ele>
				<time>2019-09-17T12:46:36Z</time>
					<extensions>
						<ns3:TrackPointExtension>
							<ns3:speed>2.99</ns3:speed>
						</ns3:TrackPointExtension>
					</extensions>
			</trkpt>
			<trkpt lat="35.9526" lon="120.18973">
				<ele>-64.0</ele>
				<time>2019-09-17T12:46:37Z</time>
					<extensions>
						<ns3:TrackPointExtension>
							<ns3:speed>2.97</ns3:speed>
						</ns3:TrackPointExtension>
					</extensions>
			</trkpt>
			<trkpt lat="35.952595" lon="120.1897">
				<ele>-64.0</ele>
				<time>2019-09-17T12:46:38Z</time>
					<extensions>
						<ns3:TrackPointExtension>
							<ns3:speed>2.97</ns3:speed>
						</ns3:TrackPointExtension>
					</extensions>
			</trkpt>
			<trkpt lat="35.952587" lon="120.18965">
				<ele>-64.0</ele>
				<time>2019-09-17T12:46:39Z</time>
					<extensions>
						<ns3:TrackPointExtension>
							<ns3:speed>2.97</ns3:speed>
						</ns3:TrackPointExtension>
					</extensions>
			</trkpt>
			<trkpt lat="35.952583" lon="120.18962">
				<ele>-64.0</ele>
				<time>2019-09-17T12:46:40Z</time>
					<extensions>
						<ns3:TrackPointExtension>
							<ns3:speed>2.97</ns3:speed>
						</ns3:TrackPointExtension>
					</extensions>
			</trkpt>
			<trkpt lat="35.95258" lon="120.189606">
				<ele>-64.0</ele>
				<time>2019-09-17T12:46:41Z</time>
					<extensions>
						<ns3:TrackPointExtension>
							<ns3:speed>2.97</ns3:speed>
						</ns3:TrackPointExtension>
					</extensions>
			</trkpt>
			<trkpt lat="35.95258" lon="120.189575">
				<ele>-64.0</ele>
				<time>2019-09-17T12:46:42Z</time>
					<extensions>
						<ns3:TrackPointExtension>
							<ns3:speed>2.97</ns3:speed>
						</ns3:TrackPointExtension>
					</extensions>
			</trkpt>
			<trkpt lat="35.95258" lon="120.189545">
				<ele>-64.0</ele>
				<time>2019-09-17T12:46:43Z</time>
					<extensions>
						<ns3:TrackPointExtension>
							<ns3:speed>2.96</ns3:speed>
						</ns3:TrackPointExtension>
					</extensions>
			</trkpt>
			<trkpt lat="35.95258" lon="120.18952">
				<ele>-64.0</ele>
				<time>2019-09-17T12:46:44Z</time>
					<extensions>
						<ns3:TrackPointExtension>
							<ns3:speed>2.96</ns3:speed>
						</ns3:TrackPointExtension>
					</extensions>
			</trkpt>
			<trkpt lat="35.95258" lon="120.18949">
				<ele>-64.0</ele>
				<time>2019-09-17T12:46:45Z</time>
					<extensions>
						<ns3:TrackPointExtension>
							<ns3:speed>2.92</ns3:speed>
						</ns3:TrackPointExtension>
					</extensions>
			</trkpt>
			<trkpt lat="35.952576" lon="120.18946">
				<ele>-64.0</ele>
				<time>2019-09-17T12:46:46Z</time>
					<extensions>
						<ns3:TrackPointExtension>
							<ns3:speed>2.92</ns3:speed>
						</ns3:TrackPointExtension>
					</extensions>
			</trkpt>
			<trkpt lat="35.95258" lon="120.18944">
				<ele>-64.0</ele>
				<time>2019-09-17T12:46:47Z</time>
					<extensions>
						<ns3:TrackPointExtension>
							<ns3:speed>2.89</ns3:speed>
						</ns3:TrackPointExtension>
					</extensions>
			</trkpt>
			<trkpt lat="35.952576" lon="120.18941">
				<ele>-64.0</ele>
				<time>2019-09-17T12:46:48Z</time>
					<extensions>
						<ns3:TrackPointExtension>
							<ns3:speed>2.87</ns3:speed>
						</ns3:TrackPointExtension>
					</extensions>
			</trkpt>
			<trkpt lat="35.95257" lon="120.18937">
				<ele>-64.0</ele>
				<time>2019-09-17T12:46:49Z</time>
					<extensions>
						<ns3:TrackPointExtension>
							<ns3:speed>2.85</ns3:speed>
						</ns3:TrackPointExtension>
					</extensions>
			</trkpt>
			<trkpt lat="35.952568" lon="120.18934">
				<ele>-64.0</ele>
				<time>2019-09-17T12:46:50Z</time>
					<extensions>
						<ns3:TrackPointExtension>
							<ns3:speed>2.85</ns3:speed>
						</ns3:TrackPointExtension>
					</extensions>
			</trkpt>
			<trkpt lat="35.95255" lon="120.18931">
				<ele>-64.0</ele>
				<time>2019-09-17T12:46:51Z</time>
					<extensions>
						<ns3:TrackPointExtension>
							<ns3:speed>2.85</ns3:speed>
						</ns3:TrackPointExtension>
					</extensions>
			</trkpt>
			<trkpt lat="35.95254" lon="120.18928">
				<ele>-64.0</ele>
				<time>2019-09-17T12:46:52Z</time>
					<extensions>
						<ns3:TrackPointExtension>
							<ns3:speed>2.87</ns3:speed>
						</ns3:TrackPointExtension>
					</extensions>
			</trkpt>
			<trkpt lat="35.952538" lon="120.18925">
				<ele>-64.0</ele>
				<time>2019-09-17T12:46:53Z</time>
					<extensions>
						<ns3:TrackPointExtension>
							<ns3:speed>2.88</ns3:speed>
						</ns3:TrackPointExtension>
					</extensions>
			</trkpt>
			<trkpt lat="35.95253" lon="120.1892">
				<ele>-64.0</ele>
				<time>2019-09-17T12:46:54Z</time>
					<extensions>
						<ns3:TrackPointExtension>
							<ns3:speed>2.89</ns3:speed>
						</ns3:TrackPointExtension>
					</extensions>
			</trkpt>
			<trkpt lat="35.95252" lon="120.18916">
				<ele>-64.0</ele>
				<time>2019-09-17T12:46:55Z</time>
					<extensions>
						<ns3:TrackPointExtension>
							<ns3:speed>2.9</ns3:speed>
						</ns3:TrackPointExtension>
					</extensions>
			</trkpt>
			<trkpt lat="35.95251" lon="120.189125">
				<ele>-64.0</ele>
				<time>2019-09-17T12:46:56Z</time>
					<extensions>
						<ns3:TrackPointExtension>
							<ns3:speed>2.92</ns3:speed>
						</ns3:TrackPointExtension>
					</extensions>
			</trkpt>
			<trkpt lat="35.9525" lon="120.189095">
				<ele>-64.0</ele>
				<time>2019-09-17T12:46:57Z</time>
					<extensions>
						<ns3:TrackPointExtension>
							<ns3:speed>2.94</ns3:speed>
						</ns3:TrackPointExtension>
					</extensions>
			</trkpt>
			<trkpt lat="35.952488" lon="120.18905">
				<ele>-64.0</ele>
				<time>2019-09-17T12:46:58Z</time>
					<extensions>
						<ns3:TrackPointExtension>
							<ns3:speed>2.94</ns3:speed>
						</ns3:TrackPointExtension>
					</extensions>
			</trkpt>
			<trkpt lat="35.952477" lon="120.18901">
				<ele>-64.0</ele>
				<time>2019-09-17T12:46:59Z</time>
					<extensions>
						<ns3:TrackPointExtension>
							<ns3:speed>3.01</ns3:speed>
						</ns3:TrackPointExtension>
					</extensions>
			</trkpt>
			<trkpt lat="35.952465" lon="120.18898">
				<ele>-64.0</ele>
				<time>2019-09-17T12:47:00Z</time>
					<extensions>
						<ns3:TrackPointExtension>
							<ns3:speed>3.03</ns3:speed>
						</ns3:TrackPointExtension>
					</extensions>
			</trkpt>
			<trkpt lat="35.952454" lon="120.18895">
				<ele>-64.0</ele>
				<time>2019-09-17T12:47:01Z</time>
					<extensions>
						<ns3:TrackPointExtension>
							<ns3:speed>3.05</ns3:speed>
						</ns3:TrackPointExtension>
					</extensions>
			</trkpt>
			<trkpt lat="35.952446" lon="120.18892">
				<ele>-64.0</ele>
				<time>2019-09-17T12:47:02Z</time>
					<extensions>
						<ns3:TrackPointExtension>
							<ns3:speed>3.07</ns3:speed>
						</ns3:TrackPointExtension>
					</extensions>
			</trkpt>
			<trkpt lat="35.952435" lon="120.18889">
				<ele>-64.0</ele>
				<time>2019-09-17T12:47:03Z</time>
					<extensions>
						<ns3:TrackPointExtension>
							<ns3:speed>3.07</ns3:speed>
						</ns3:TrackPointExtension>
					</extensions>
			</trkpt>
			<trkpt lat="35.952427" lon="120.188866">
				<ele>-64.0</ele>
				<time>2019-09-17T12:47:04Z</time>
					<extensions>
						<ns3:TrackPointExtension>
							<ns3:speed>3.08</ns3:speed>
						</ns3:TrackPointExtension>
					</extensions>
			</trkpt>
			<trkpt lat="35.952423" lon="120.18884">
				<ele>-64.0</ele>
				<time>2019-09-17T12:47:05Z</time>
					<extensions>
						<ns3:TrackPointExtension>
							<ns3:speed>3.08</ns3:speed>
						</ns3:TrackPointExtension>
					</extensions>
			</trkpt>
			<trkpt lat="35.952415" lon="120.18883">
				<ele>-64.0</ele>
				<time>2019-09-17T12:47:06Z</time>
					<extensions>
						<ns3:TrackPointExtension>
							<ns3:speed>3.03</ns3:speed>
						</ns3:TrackPointExtension>
					</extensions>
			</trkpt>
			<trkpt lat="35.952415" lon="120.18881">
				<ele>-64.0</ele>
				<time>2019-09-17T12:47:07Z</time>
					<extensions>
						<ns3:TrackPointExtension>
							<ns3:speed>3.0</ns3:speed>
						</ns3:TrackPointExtension>
					</extensions>
			</trkpt>
			<trkpt lat="35.952408" lon="120.1888">
				<ele>-64.0</ele>
				<time>2019-09-17T12:47:08Z</time>
					<extensions>
						<ns3:TrackPointExtension>
							<ns3:speed>3.0</ns3:speed>
						</ns3:TrackPointExtension>
					</extensions>
			</trkpt>
			<trkpt lat="35.952408" lon="120.18878">
				<ele>-64.0</ele>
				<time>2019-09-17T12:47:09Z</time>
					<extensions>
						<ns3:TrackPointExtension>
							<ns3:speed>2.89</ns3:speed>
						</ns3:TrackPointExtension>
					</extensions>
			</trkpt>
			<trkpt lat="35.95241" lon="120.18877">
				<ele>-64.0</ele>
				<time>2019-09-17T12:47:10Z</time>
					<extensions>
						<ns3:TrackPointExtension>
							<ns3:speed>2.89</ns3:speed>
						</ns3:TrackPointExtension>
					</extensions>
			</trkpt>
			<trkpt lat="35.952408" lon="120.18875">
				<ele>-64.0</ele>
				<time>2019-09-17T12:47:11Z</time>
					<extensions>
						<ns3:TrackPointExtension>
							<ns3:speed>2.74</ns3:speed>
						</ns3:TrackPointExtension>
					</extensions>
			</trkpt>
			<trkpt lat="35.952408" lon="120.188736">
				<ele>-64.0</ele>
				<time>2019-09-17T12:47:12Z</time>
					<extensions>
						<ns3:TrackPointExtension>
							<ns3:speed>2.68</ns3:speed>
						</ns3:TrackPointExtension>
					</extensions>
			</trkpt>
			<trkpt lat="35.95241" lon="120.18871">
				<ele>-64.0</ele>
				<time>2019-09-17T12:47:13Z</time>
					<extensions>
						<ns3:TrackPointExtension>
							<ns3:speed>2.68</ns3:speed>
						</ns3:TrackPointExtension>
					</extensions>
			</trkpt>
			<trkpt lat="35.952415" lon="120.188705">
				<ele>-64.0</ele>
				<time>2019-09-17T12:47:14Z</time>
					<extensions>
						<ns3:TrackPointExtension>
							<ns3:speed>2.56</ns3:speed>
						</ns3:TrackPointExtension>
					</extensions>
			</trkpt>
			<trkpt lat="35.952427" lon="120.18869">
				<ele>-65.0</ele>
				<time>2019-09-17T12:47:15Z</time>
					<extensions>
						<ns3:TrackPointExtension>
							<ns3:speed>2.56</ns3:speed>
						</ns3:TrackPointExtension>
					</extensions>
			</trkpt>
			<trkpt lat="35.952435" lon="120.18868">
				<ele>-65.0</ele>
				<time>2019-09-17T12:47:16Z</time>
					<extensions>
						<ns3:TrackPointExtension>
							<ns3:speed>2.45</ns3:speed>
						</ns3:TrackPointExtension>
					</extensions>
			</trkpt>
			<trkpt lat="35.952435" lon="120.188675">
				<ele>-65.0</ele>
				<time>2019-09-17T12:47:17Z</time>
					<extensions>
						<ns3:TrackPointExtension>
							<ns3:speed>2.4</ns3:speed>
						</ns3:TrackPointExtension>
					</extensions>
			</trkpt>
			<trkpt lat="35.952435" lon="120.18866">
				<ele>-65.0</ele>
				<time>2019-09-17T12:47:18Z</time>
					<extensions>
						<ns3:TrackPointExtension>
							<ns3:speed>2.35</ns3:speed>
						</ns3:TrackPointExtension>
					</extensions>
			</trkpt>
			<trkpt lat="35.952435" lon="120.18866">
				<ele>-64.0</ele>
				<time>2019-09-17T12:47:20Z</time>
					<extensions>
						<ns3:TrackPointExtension>
							<ns3:speed>2.29</ns3:speed>
						</ns3:TrackPointExtension>
					</extensions>
			</trkpt>
			<trkpt lat="35.952435" lon="120.18866">
				<ele>-64.0</ele>
				<time>2019-09-17T12:47:21Z</time>
					<extensions>
						<ns3:TrackPointExtension>
							<ns3:speed>2.15</ns3:speed>
						</ns3:TrackPointExtension>
					</extensions>
			</trkpt>
			<trkpt lat="35.952415" lon="120.18866">
				<ele>-64.0</ele>
				<time>2019-09-17T12:47:22Z</time>
					<extensions>
						<ns3:TrackPointExtension>
							<ns3:speed>2.09</ns3:speed>
						</ns3:TrackPointExtension>
					</extensions>
			</trkpt>
			<trkpt lat="35.952408" lon="120.18866">
				<ele>-64.0</ele>
				<time>2019-09-17T12:47:23Z</time>
					<extensions>
						<ns3:TrackPointExtension>
							<ns3:speed>2.02</ns3:speed>
						</ns3:TrackPointExtension>
					</extensions>
			</trkpt>
			<trkpt lat="35.952404" lon="120.18866">
				<ele>-64.0</ele>
				<time>2019-09-17T12:47:24Z</time>
					<extensions>
						<ns3:TrackPointExtension>
							<ns3:speed>1.96</ns3:speed>
						</ns3:TrackPointExtension>
					</extensions>
			</trkpt>
			<trkpt lat="35.9524" lon="120.18866">
				<ele>-64.0</ele>
				<time>2019-09-17T12:47:25Z</time>
					<extensions>
						<ns3:TrackPointExtension>
							<ns3:speed>1.96</ns3:speed>
						</ns3:TrackPointExtension>
					</extensions>
			</trkpt>
			<trkpt lat="35.952393" lon="120.18866">
				<ele>-64.0</ele>
				<time>2019-09-17T12:47:26Z</time>
					<extensions>
						<ns3:TrackPointExtension>
							<ns3:speed>1.85</ns3:speed>
						</ns3:TrackPointExtension>
					</extensions>
			</trkpt>
			<trkpt lat="35.952393" lon="120.18865">
				<ele>-64.0</ele>
				<time>2019-09-17T12:47:27Z</time>
					<extensions>
						<ns3:TrackPointExtension>
							<ns3:speed>1.79</ns3:speed>
						</ns3:TrackPointExtension>
					</extensions>
			</trkpt>
			<trkpt lat="35.95239" lon="120.18865">
				<ele>-64.0</ele>
				<time>2019-09-17T12:47:28Z</time>
					<extensions>
						<ns3:TrackPointExtension>
							<ns3:speed>1.73</ns3:speed>
						</ns3:TrackPointExtension>
					</extensions>
			</trkpt>
			<trkpt lat="35.95239" lon="120.18865">
				<ele>-64.0</ele>
				<time>2019-09-17T12:47:29Z</time>
					<extensions>
						<ns3:TrackPointExtension>
							<ns3:speed>1.68</ns3:speed>
						</ns3:TrackPointExtension>
					</extensions>
			</trkpt>
			<trkpt lat="35.95239" lon="120.18863">
				<ele>-64.0</ele>
				<time>2019-09-17T12:47:30Z</time>
					<extensions>
						<ns3:TrackPointExtension>
							<ns3:speed>1.68</ns3:speed>
						</ns3:TrackPointExtension>
					</extensions>
			</trkpt>
			<trkpt lat="35.952385" lon="120.18862">
				<ele>-64.0</ele>
				<time>2019-09-17T12:47:32Z</time>
					<extensions>
						<ns3:TrackPointExtension>
							<ns3:speed>1.54</ns3:speed>
						</ns3:TrackPointExtension>
					</extensions>
			</trkpt>
			<trkpt lat="35.95238" lon="120.188614">
				<ele>-64.0</ele>
				<time>2019-09-17T12:47:33Z</time>
					<extensions>
						<ns3:TrackPointExtension>
							<ns3:speed>0.0</ns3:speed>
						</ns3:TrackPointExtension>
					</extensions>
			</trkpt>
			<trkpt lat="35.95237" lon="120.18858">
				<ele>-64.0</ele>
				<time>2019-09-17T12:47:34Z</time>
					<extensions>
						<ns3:TrackPointExtension>
							<ns3:speed>1.46</ns3:speed>
						</ns3:TrackPointExtension>
					</extensions>
			</trkpt>
			<trkpt lat="35.952362" lon="120.18856">
				<ele>-64.0</ele>
				<time>2019-09-17T12:47:35Z</time>
					<extensions>
						<ns3:TrackPointExtension>
							<ns3:speed>1.46</ns3:speed>
						</ns3:TrackPointExtension>
					</extensions>
			</trkpt>
			<trkpt lat="35.952347" lon="120.18853">
				<ele>-64.0</ele>
				<time>2019-09-17T12:47:36Z</time>
					<extensions>
						<ns3:TrackPointExtension>
							<ns3:speed>0.0</ns3:speed>
						</ns3:TrackPointExtension>
					</extensions>
			</trkpt>
			<trkpt lat="35.952335" lon="120.18851">
				<ele>-64.0</ele>
				<time>2019-09-17T12:47:37Z</time>
					<extensions>
						<ns3:TrackPointExtension>
							<ns3:speed>0.0</ns3:speed>
						</ns3:TrackPointExtension>
					</extensions>
			</trkpt>
			<trkpt lat="35.952324" lon="120.18848">
				<ele>-64.0</ele>
				<time>2019-09-17T12:47:38Z</time>
					<extensions>
						<ns3:TrackPointExtension>
							<ns3:speed>1.56</ns3:speed>
						</ns3:TrackPointExtension>
					</extensions>
			</trkpt>
			<trkpt lat="35.95231" lon="120.18845">
				<ele>-64.0</ele>
				<time>2019-09-17T12:47:39Z</time>
					<extensions>
						<ns3:TrackPointExtension>
							<ns3:speed>1.62</ns3:speed>
						</ns3:TrackPointExtension>
					</extensions>
			</trkpt>
			<trkpt lat="35.952286" lon="120.18842">
				<ele>-64.0</ele>
				<time>2019-09-17T12:47:40Z</time>
					<extensions>
						<ns3:TrackPointExtension>
							<ns3:speed>1.62</ns3:speed>
						</ns3:TrackPointExtension>
					</extensions>
			</trkpt>
			<trkpt lat="35.95226" lon="120.18841">
				<ele>-64.0</ele>
				<time>2019-09-17T12:47:41Z</time>
					<extensions>
						<ns3:TrackPointExtension>
							<ns3:speed>1.74</ns3:speed>
						</ns3:TrackPointExtension>
					</extensions>
			</trkpt>
			<trkpt lat="35.95224" lon="120.18838">
				<ele>-64.0</ele>
				<time>2019-09-17T12:47:42Z</time>
					<extensions>
						<ns3:TrackPointExtension>
							<ns3:speed>1.74</ns3:speed>
						</ns3:TrackPointExtension>
					</extensions>
			</trkpt>
			<trkpt lat="35.95223" lon="120.188354">
				<ele>-63.0</ele>
				<time>2019-09-17T12:47:43Z</time>
					<extensions>
						<ns3:TrackPointExtension>
							<ns3:speed>1.87</ns3:speed>
						</ns3:TrackPointExtension>
					</extensions>
			</trkpt>
			<trkpt lat="35.952206" lon="120.188324">
				<ele>-63.0</ele>
				<time>2019-09-17T12:47:44Z</time>
					<extensions>
						<ns3:TrackPointExtension>
							<ns3:speed>1.92</ns3:speed>
						</ns3:TrackPointExtension>
					</extensions>
			</trkpt>
			<trkpt lat="35.95219" lon="120.188286">
				<ele>-63.0</ele>
				<time>2019-09-17T12:47:45Z</time>
					<extensions>
						<ns3:TrackPointExtension>
							<ns3:speed>1.92</ns3:speed>
						</ns3:TrackPointExtension>
					</extensions>
			</trkpt>
			<trkpt lat="35.952183" lon="120.188255">
				<ele>-63.0</ele>
				<time>2019-09-17T12:47:46Z</time>
					<extensions>
						<ns3:TrackPointExtension>
							<ns3:speed>2.05</ns3:speed>
						</ns3:TrackPointExtension>
					</extensions>
			</trkpt>
			<trkpt lat="35.952164" lon="120.188225">
				<ele>-63.0</ele>
				<time>2019-09-17T12:47:47Z</time>
					<extensions>
						<ns3:TrackPointExtension>
							<ns3:speed>2.05</ns3:speed>
						</ns3:TrackPointExtension>
					</extensions>
			</trkpt>
			<trkpt lat="35.952152" lon="120.1882">
				<ele>-63.0</ele>
				<time>2019-09-17T12:47:48Z</time>
					<extensions>
						<ns3:TrackPointExtension>
							<ns3:speed>2.17</ns3:speed>
						</ns3:TrackPointExtension>
					</extensions>
			</trkpt>
			<trkpt lat="35.952137" lon="120.18817">
				<ele>-63.0</ele>
				<time>2019-09-17T12:47:49Z</time>
					<extensions>
						<ns3:TrackPointExtension>
							<ns3:speed>2.23</ns3:speed>
						</ns3:TrackPointExtension>
					</extensions>
			</trkpt>
			<trkpt lat="35.95212" lon="120.18814">
				<ele>-63.0</ele>
				<time>2019-09-17T12:47:50Z</time>
					<extensions>
						<ns3:TrackPointExtension>
							<ns3:speed>2.28</ns3:speed>
						</ns3:TrackPointExtension>
					</extensions>
			</trkpt>
			<trkpt lat="35.952106" lon="120.18811">
				<ele>-63.0</ele>
				<time>2019-09-17T12:47:51Z</time>
					<extensions>
						<ns3:TrackPointExtension>
							<ns3:speed>2.32</ns3:speed>
						</ns3:TrackPointExtension>
					</extensions>
			</trkpt>
			<trkpt lat="35.95209" lon="120.18808">
				<ele>-63.0</ele>
				<time>2019-09-17T12:47:52Z</time>
					<extensions>
						<ns3:TrackPointExtension>
							<ns3:speed>2.32</ns3:speed>
						</ns3:TrackPointExtension>
					</extensions>
			</trkpt>
			<trkpt lat="35.95208" lon="120.18805">
				<ele>-63.0</ele>
				<time>2019-09-17T12:47:53Z</time>
					<extensions>
						<ns3:TrackPointExtension>
							<ns3:speed>2.39</ns3:speed>
						</ns3:TrackPointExtension>
					</extensions>
			</trkpt>
			<trkpt lat="35.952065" lon="120.18803">
				<ele>-63.0</ele>
				<time>2019-09-17T12:47:54Z</time>
					<extensions>
						<ns3:TrackPointExtension>
							<ns3:speed>2.42</ns3:speed>
						</ns3:TrackPointExtension>
					</extensions>
			</trkpt>
			<trkpt lat="35.952053" lon="120.187996">
				<ele>-63.0</ele>
				<time>2019-09-17T12:47:55Z</time>
					<extensions>
						<ns3:TrackPointExtension>
							<ns3:speed>2.45</ns3:speed>
						</ns3:TrackPointExtension>
					</extensions>
			</trkpt>
			<trkpt lat="35.952034" lon="120.187965">
				<ele>-63.0</ele>
				<time>2019-09-17T12:47:56Z</time>
					<extensions>
						<ns3:TrackPointExtension>
							<ns3:speed>2.48</ns3:speed>
						</ns3:TrackPointExtension>
					</extensions>
			</trkpt>
			<trkpt lat="35.952023" lon="120.18794">
				<ele>-63.0</ele>
				<time>2019-09-17T12:47:57Z</time>
					<extensions>
						<ns3:TrackPointExtension>
							<ns3:speed>2.48</ns3:speed>
						</ns3:TrackPointExtension>
					</extensions>
			</trkpt>
			<trkpt lat="35.952007" lon="120.18791">
				<ele>-63.0</ele>
				<time>2019-09-17T12:47:58Z</time>
					<extensions>
						<ns3:TrackPointExtension>
							<ns3:speed>2.52</ns3:speed>
						</ns3:TrackPointExtension>
					</extensions>
			</trkpt>
			<trkpt lat="35.952" lon="120.1879">
				<ele>-63.0</ele>
				<time>2019-09-17T12:47:59Z</time>
					<extensions>
						<ns3:TrackPointExtension>
							<ns3:speed>2.54</ns3:speed>
						</ns3:TrackPointExtension>
					</extensions>
			</trkpt>
			<trkpt lat="35.952007" lon="120.18787">
				<ele>-63.0</ele>
				<time>2019-09-17T12:48:00Z</time>
					<extensions>
						<ns3:TrackPointExtension>
							<ns3:speed>2.55</ns3:speed>
						</ns3:TrackPointExtension>
					</extensions>
			</trkpt>
			<trkpt lat="35.952" lon="120.18784">
				<ele>-63.0</ele>
				<time>2019-09-17T12:48:01Z</time>
					<extensions>
						<ns3:TrackPointExtension>
							<ns3:speed>2.55</ns3:speed>
						</ns3:TrackPointExtension>
					</extensions>
			</trkpt>
			<trkpt lat="35.95199" lon="120.18782">
				<ele>-63.0</ele>
				<time>2019-09-17T12:48:02Z</time>
					<extensions>
						<ns3:TrackPointExtension>
							<ns3:speed>2.55</ns3:speed>
						</ns3:TrackPointExtension>
					</extensions>
			</trkpt>
			<trkpt lat="35.951973" lon="120.18779">
				<ele>-63.0</ele>
				<time>2019-09-17T12:48:03Z</time>
					<extensions>
						<ns3:TrackPointExtension>
							<ns3:speed>2.52</ns3:speed>
						</ns3:TrackPointExtension>
					</extensions>
			</trkpt>
			<trkpt lat="35.95196" lon="120.187775">
				<ele>-63.0</ele>
				<time>2019-09-17T12:48:04Z</time>
					<extensions>
						<ns3:TrackPointExtension>
							<ns3:speed>2.51</ns3:speed>
						</ns3:TrackPointExtension>
					</extensions>
			</trkpt>
			<trkpt lat="35.951946" lon="120.18774">
				<ele>-63.0</ele>
				<time>2019-09-17T12:48:05Z</time>
					<extensions>
						<ns3:TrackPointExtension>
							<ns3:speed>2.51</ns3:speed>
						</ns3:TrackPointExtension>
					</extensions>
			</trkpt>
			<trkpt lat="35.95193" lon="120.1877">
				<ele>-63.0</ele>
				<time>2019-09-17T12:48:06Z</time>
					<extensions>
						<ns3:TrackPointExtension>
							<ns3:speed>2.53</ns3:speed>
						</ns3:TrackPointExtension>
					</extensions>
			</trkpt>
			<trkpt lat="35.95192" lon="120.18767">
				<ele>-63.0</ele>
				<time>2019-09-17T12:48:07Z</time>
					<extensions>
						<ns3:TrackPointExtension>
							<ns3:speed>2.53</ns3:speed>
						</ns3:TrackPointExtension>
					</extensions>
			</trkpt>
			<trkpt lat="35.951912" lon="120.18766">
				<ele>-63.0</ele>
				<time>2019-09-17T12:48:08Z</time>
					<extensions>
						<ns3:TrackPointExtension>
							<ns3:speed>2.59</ns3:speed>
						</ns3:TrackPointExtension>
					</extensions>
			</trkpt>
			<trkpt lat="35.9519" lon="120.18764">
				<ele>-63.0</ele>
				<time>2019-09-17T12:48:09Z</time>
					<extensions>
						<ns3:TrackPointExtension>
							<ns3:speed>2.59</ns3:speed>
						</ns3:TrackPointExtension>
					</extensions>
			</trkpt>
			<trkpt lat="35.951893" lon="120.18761">
				<ele>-63.0</ele>
				<time>2019-09-17T12:48:10Z</time>
					<extensions>
						<ns3:TrackPointExtension>
							<ns3:speed>2.61</ns3:speed>
						</ns3:TrackPointExtension>
					</extensions>
			</trkpt>
			<trkpt lat="35.95189" lon="120.187584">
				<ele>-63.0</ele>
				<time>2019-09-17T12:48:11Z</time>
					<extensions>
						<ns3:TrackPointExtension>
							<ns3:speed>2.6</ns3:speed>
						</ns3:TrackPointExtension>
					</extensions>
			</trkpt>
			<trkpt lat="35.951885" lon="120.18758">
				<ele>-63.0</ele>
				<time>2019-09-17T12:48:12Z</time>
					<extensions>
						<ns3:TrackPointExtension>
							<ns3:speed>2.6</ns3:speed>
						</ns3:TrackPointExtension>
					</extensions>
			</trkpt>
			<trkpt lat="35.951878" lon="120.18757">
				<ele>-63.0</ele>
				<time>2019-09-17T12:48:13Z</time>
					<extensions>
						<ns3:TrackPointExtension>
							<ns3:speed>2.53</ns3:speed>
						</ns3:TrackPointExtension>
					</extensions>
			</trkpt>
			<trkpt lat="35.951874" lon="120.187546">
				<ele>-63.0</ele>
				<time>2019-09-17T12:48:14Z</time>
					<extensions>
						<ns3:TrackPointExtension>
							<ns3:speed>2.53</ns3:speed>
						</ns3:TrackPointExtension>
					</extensions>
			</trkpt>
			<trkpt lat="35.951866" lon="120.18754">
				<ele>-63.0</ele>
				<time>2019-09-17T12:48:15Z</time>
					<extensions>
						<ns3:TrackPointExtension>
							<ns3:speed>2.46</ns3:speed>
						</ns3:TrackPointExtension>
					</extensions>
			</trkpt>
			<trkpt lat="35.95186" lon="120.18752">
				<ele>-63.0</ele>
				<time>2019-09-17T12:48:16Z</time>
					<extensions>
						<ns3:TrackPointExtension>
							<ns3:speed>2.43</ns3:speed>
						</ns3:TrackPointExtension>
					</extensions>
			</trkpt>
			<trkpt lat="35.951847" lon="120.18751">
				<ele>-63.0</ele>
				<time>2019-09-17T12:48:17Z</time>
					<extensions>
						<ns3:TrackPointExtension>
							<ns3:speed>2.43</ns3:speed>
						</ns3:TrackPointExtension>
					</extensions>
			</trkpt>
			<trkpt lat="35.95184" lon="120.18749">
				<ele>-63.0</ele>
				<time>2019-09-17T12:48:18Z</time>
					<extensions>
						<ns3:TrackPointExtension>
							<ns3:speed>2.36</ns3:speed>
						</ns3:TrackPointExtension>
					</extensions>
			</trkpt>
			<trkpt lat="35.951824" lon="120.18746">
				<ele>-63.0</ele>
				<time>2019-09-17T12:48:19Z</time>
					<extensions>
						<ns3:TrackPointExtension>
							<ns3:speed>2.36</ns3:speed>
						</ns3:TrackPointExtension>
					</extensions>
			</trkpt>
			<trkpt lat="35.951817" lon="120.187454">
				<ele>-63.0</ele>
				<time>2019-09-17T12:48:20Z</time>
					<extensions>
						<ns3:TrackPointExtension>
							<ns3:speed>2.32</ns3:speed>
						</ns3:TrackPointExtension>
					</extensions>
			</trkpt>
			<trkpt lat="35.9518" lon="120.18742">
				<ele>-63.0</ele>
				<time>2019-09-17T12:48:21Z</time>
					<extensions>
						<ns3:TrackPointExtension>
							<ns3:speed>2.3</ns3:speed>
						</ns3:TrackPointExtension>
					</extensions>
			</trkpt>
			<trkpt lat="35.951786" lon="120.18739">
				<ele>-63.0</ele>
				<time>2019-09-17T12:48:22Z</time>
					<extensions>
						<ns3:TrackPointExtension>
							<ns3:speed>2.3</ns3:speed>
						</ns3:TrackPointExtension>
					</extensions>
			</trkpt>
			<trkpt lat="35.95177" lon="120.18737">
				<ele>-63.0</ele>
				<time>2019-09-17T12:48:23Z</time>
					<extensions>
						<ns3:TrackPointExtension>
							<ns3:speed>2.3</ns3:speed>
						</ns3:TrackPointExtension>
					</extensions>
			</trkpt>
			<trkpt lat="35.951763" lon="120.18735">
				<ele>-63.0</ele>
				<time>2019-09-17T12:48:23Z</time>
					<extensions>
						<ns3:TrackPointExtension>
							<ns3:speed>2.3</ns3:speed>
						</ns3:TrackPointExtension>
					</extensions>
			</trkpt>
			<trkpt lat="35.951748" lon="120.18733">
				<ele>-63.0</ele>
				<time>2019-09-17T12:48:24Z</time>
					<extensions>
						<ns3:TrackPointExtension>
							<ns3:speed>2.32</ns3:speed>
						</ns3:TrackPointExtension>
					</extensions>
			</trkpt>
			<trkpt lat="35.951733" lon="120.1873">
				<ele>-63.0</ele>
				<time>2019-09-17T12:48:25Z</time>
					<extensions>
						<ns3:TrackPointExtension>
							<ns3:speed>2.34</ns3:speed>
						</ns3:TrackPointExtension>
					</extensions>
			</trkpt>
			<trkpt lat="35.951717" lon="120.18728">
				<ele>-63.0</ele>
				<time>2019-09-17T12:48:26Z</time>
					<extensions>
						<ns3:TrackPointExtension>
							<ns3:speed>2.35</ns3:speed>
						</ns3:TrackPointExtension>
					</extensions>
			</trkpt>
			<trkpt lat="35.9517" lon="120.18725">
				<ele>-63.0</ele>
				<time>2019-09-17T12:48:27Z</time>
					<extensions>
						<ns3:TrackPointExtension>
							<ns3:speed>2.37</ns3:speed>
						</ns3:TrackPointExtension>
					</extensions>
			</trkpt>
			<trkpt lat="35.95168" lon="120.18721">
				<ele>-63.0</ele>
				<time>2019-09-17T12:48:28Z</time>
					<extensions>
						<ns3:TrackPointExtension>
							<ns3:speed>2.37</ns3:speed>
						</ns3:TrackPointExtension>
					</extensions>
			</trkpt>
			<trkpt lat="35.951664" lon="120.18719">
				<ele>-63.0</ele>
				<time>2019-09-17T12:48:29Z</time>
					<extensions>
						<ns3:TrackPointExtension>
							<ns3:speed>2.45</ns3:speed>
						</ns3:TrackPointExtension>
					</extensions>
			</trkpt>
			<trkpt lat="35.951645" lon="120.18716">
				<ele>-63.0</ele>
				<time>2019-09-17T12:48:30Z</time>
					<extensions>
						<ns3:TrackPointExtension>
							<ns3:speed>2.48</ns3:speed>
						</ns3:TrackPointExtension>
					</extensions>
			</trkpt>
			<trkpt lat="35.95163" lon="120.18713">
				<ele>-63.0</ele>
				<time>2019-09-17T12:48:31Z</time>
					<extensions>
						<ns3:TrackPointExtension>
							<ns3:speed>2.52</ns3:speed>
						</ns3:TrackPointExtension>
					</extensions>
			</trkpt>
			<trkpt lat="35.95162" lon="120.1871">
				<ele>-63.0</ele>
				<time>2019-09-17T12:48:32Z</time>
					<extensions>
						<ns3:TrackPointExtension>
							<ns3:speed>2.55</ns3:speed>
						</ns3:TrackPointExtension>
					</extensions>
			</trkpt>
			<trkpt lat="35.951603" lon="120.18709">
				<ele>-63.0</ele>
				<time>2019-09-17T12:48:33Z</time>
					<extensions>
						<ns3:TrackPointExtension>
							<ns3:speed>2.55</ns3:speed>
						</ns3:TrackPointExtension>
					</extensions>
			</trkpt>
			<trkpt lat="35.95159" lon="120.18706">
				<ele>-63.0</ele>
				<time>2019-09-17T12:48:34Z</time>
					<extensions>
						<ns3:TrackPointExtension>
							<ns3:speed>2.57</ns3:speed>
						</ns3:TrackPointExtension>
					</extensions>
			</trkpt>
			<trkpt lat="35.951576" lon="120.187035">
				<ele>-63.0</ele>
				<time>2019-09-17T12:48:35Z</time>
					<extensions>
						<ns3:TrackPointExtension>
							<ns3:speed>2.59</ns3:speed>
						</ns3:TrackPointExtension>
					</extensions>
			</trkpt>
			<trkpt lat="35.95156" lon="120.18701">
				<ele>-63.0</ele>
				<time>2019-09-17T12:48:36Z</time>
					<extensions>
						<ns3:TrackPointExtension>
							<ns3:speed>2.59</ns3:speed>
						</ns3:TrackPointExtension>
					</extensions>
			</trkpt>
			<trkpt lat="35.951546" lon="120.18698">
				<ele>-63.0</ele>
				<time>2019-09-17T12:48:37Z</time>
					<extensions>
						<ns3:TrackPointExtension>
							<ns3:speed>2.6</ns3:speed>
						</ns3:TrackPointExtension>
					</extensions>
			</trkpt>
			<trkpt lat="35.95153" lon="120.18695">
				<ele>-63.0</ele>
				<time>2019-09-17T12:48:38Z</time>
					<extensions>
						<ns3:TrackPointExtension>
							<ns3:speed>2.6</ns3:speed>
						</ns3:TrackPointExtension>
					</extensions>
			</trkpt>
			<trkpt lat="35.95151" lon="120.18692">
				<ele>-63.0</ele>
				<time>2019-09-17T12:48:39Z</time>
					<extensions>
						<ns3:TrackPointExtension>
							<ns3:speed>2.62</ns3:speed>
						</ns3:TrackPointExtension>
					</extensions>
			</trkpt>
			<trkpt lat="35.951492" lon="120.18689">
				<ele>-63.0</ele>
				<time>2019-09-17T12:48:40Z</time>
					<extensions>
						<ns3:TrackPointExtension>
							<ns3:speed>2.62</ns3:speed>
						</ns3:TrackPointExtension>
					</extensions>
			</trkpt>
			<trkpt lat="35.951477" lon="120.18686">
				<ele>-63.0</ele>
				<time>2019-09-17T12:48:41Z</time>
					<extensions>
						<ns3:TrackPointExtension>
							<ns3:speed>2.68</ns3:speed>
						</ns3:TrackPointExtension>
					</extensions>
			</trkpt>
			<trkpt lat="35.951458" lon="120.18683">
				<ele>-63.0</ele>
				<time>2019-09-17T12:48:42Z</time>
					<extensions>
						<ns3:TrackPointExtension>
							<ns3:speed>2.7</ns3:speed>
						</ns3:TrackPointExtension>
					</extensions>
			</trkpt>
			<trkpt lat="35.951443" lon="120.18679">
				<ele>-63.0</ele>
				<time>2019-09-17T12:48:43Z</time>
					<extensions>
						<ns3:TrackPointExtension>
							<ns3:speed>2.7</ns3:speed>
						</ns3:TrackPointExtension>
					</extensions>
			</trkpt>
			<trkpt lat="35.951427" lon="120.18677">
				<ele>-63.0</ele>
				<time>2019-09-17T12:48:44Z</time>
					<extensions>
						<ns3:TrackPointExtension>
							<ns3:speed>2.78</ns3:speed>
						</ns3:TrackPointExtension>
					</extensions>
			</trkpt>
			<trkpt lat="35.951412" lon="120.18674">
				<ele>-63.0</ele>
				<time>2019-09-17T12:48:45Z</time>
					<extensions>
						<ns3:TrackPointExtension>
							<ns3:speed>2.78</ns3:speed>
						</ns3:TrackPointExtension>
					</extensions>
			</trkpt>
			<trkpt lat="35.951393" lon="120.18671">
				<ele>-63.0</ele>
				<time>2019-09-17T12:48:46Z</time>
					<extensions>
						<ns3:TrackPointExtension>
							<ns3:speed>2.84</ns3:speed>
						</ns3:TrackPointExtension>
					</extensions>
			</trkpt>
			<trkpt lat="35.951374" lon="120.186676">
				<ele>-63.0</ele>
				<time>2019-09-17T12:48:47Z</time>
					<extensions>
						<ns3:TrackPointExtension>
							<ns3:speed>2.87</ns3:speed>
						</ns3:TrackPointExtension>
					</extensions>
			</trkpt>
			<trkpt lat="35.95136" lon="120.186646">
				<ele>-63.0</ele>
				<time>2019-09-17T12:48:48Z</time>
					<extensions>
						<ns3:TrackPointExtension>
							<ns3:speed>2.89</ns3:speed>
						</ns3:TrackPointExtension>
					</extensions>
			</trkpt>
			<trkpt lat="35.95134" lon="120.1866">
				<ele>-63.0</ele>
				<time>2019-09-17T12:48:49Z</time>
					<extensions>
						<ns3:TrackPointExtension>
							<ns3:speed>2.91</ns3:speed>
						</ns3:TrackPointExtension>
					</extensions>
			</trkpt>
			<trkpt lat="35.95132" lon="120.18657">
				<ele>-63.0</ele>
				<time>2019-09-17T12:48:50Z</time>
					<extensions>
						<ns3:TrackPointExtension>
							<ns3:speed>2.91</ns3:speed>
						</ns3:TrackPointExtension>
					</extensions>
			</trkpt>
			<trkpt lat="35.951305" lon="120.18654">
				<ele>-63.0</ele>
				<time>2019-09-17T12:48:51Z</time>
					<extensions>
						<ns3:TrackPointExtension>
							<ns3:speed>2.94</ns3:speed>
						</ns3:TrackPointExtension>
					</extensions>
			</trkpt>
			<trkpt lat="35.95129" lon="120.18651">
				<ele>-63.0</ele>
				<time>2019-09-17T12:48:52Z</time>
					<extensions>
						<ns3:TrackPointExtension>
							<ns3:speed>2.96</ns3:speed>
						</ns3:TrackPointExtension>
					</extensions>
			</trkpt>
			<trkpt lat="35.951275" lon="120.18648">
				<ele>-63.0</ele>
				<time>2019-09-17T12:48:53Z</time>
					<extensions>
						<ns3:TrackPointExtension>
							<ns3:speed>2.97</ns3:speed>
						</ns3:TrackPointExtension>
					</extensions>
			</trkpt>
			<trkpt lat="35.951256" lon="120.18645">
				<ele>-63.0</ele>
				<time>2019-09-17T12:48:54Z</time>
					<extensions>
						<ns3:TrackPointExtension>
							<ns3:speed>2.98</ns3:speed>
						</ns3:TrackPointExtension>
					</extensions>
			</trkpt>
			<trkpt lat="35.951244" lon="120.18642">
				<ele>-63.0</ele>
				<time>2019-09-17T12:48:55Z</time>
					<extensions>
						<ns3:TrackPointExtension>
							<ns3:speed>2.98</ns3:speed>
						</ns3:TrackPointExtension>
					</extensions>
			</trkpt>
			<trkpt lat="35.951225" lon="120.18638">
				<ele>-63.0</ele>
				<time>2019-09-17T12:48:56Z</time>
					<extensions>
						<ns3:TrackPointExtension>
							<ns3:speed>3.0</ns3:speed>
						</ns3:TrackPointExtension>
					</extensions>
			</trkpt>
			<trkpt lat="35.951214" lon="120.18635">
				<ele>-63.0</ele>
				<time>2019-09-17T12:48:57Z</time>
					<extensions>
						<ns3:TrackPointExtension>
							<ns3:speed>3.02</ns3:speed>
						</ns3:TrackPointExtension>
					</extensions>
			</trkpt>
			<trkpt lat="35.951202" lon="120.18632">
				<ele>-63.0</ele>
				<time>2019-09-17T12:48:58Z</time>
					<extensions>
						<ns3:TrackPointExtension>
							<ns3:speed>3.03</ns3:speed>
						</ns3:TrackPointExtension>
					</extensions>
			</trkpt>
			<trkpt lat="35.951183" lon="120.18628">
				<ele>-63.0</ele>
				<time>2019-09-17T12:48:59Z</time>
					<extensions>
						<ns3:TrackPointExtension>
							<ns3:speed>3.04</ns3:speed>
						</ns3:TrackPointExtension>
					</extensions>
			</trkpt>
			<trkpt lat="35.95117" lon="120.18625">
				<ele>-63.0</ele>
				<time>2019-09-17T12:49:00Z</time>
					<extensions>
						<ns3:TrackPointExtension>
							<ns3:speed>3.04</ns3:speed>
						</ns3:TrackPointExtension>
					</extensions>
			</trkpt>
			<trkpt lat="35.951157" lon="120.1862">
				<ele>-63.0</ele>
				<time>2019-09-17T12:49:01Z</time>
					<extensions>
						<ns3:TrackPointExtension>
							<ns3:speed>3.1</ns3:speed>
						</ns3:TrackPointExtension>
					</extensions>
			</trkpt>
			<trkpt lat="35.95114" lon="120.18617">
				<ele>-63.0</ele>
				<time>2019-09-17T12:49:02Z</time>
					<extensions>
						<ns3:TrackPointExtension>
							<ns3:speed>3.12</ns3:speed>
						</ns3:TrackPointExtension>
					</extensions>
			</trkpt>
			<trkpt lat="35.951134" lon="120.18614">
				<ele>-63.0</ele>
				<time>2019-09-17T12:49:03Z</time>
					<extensions>
						<ns3:TrackPointExtension>
							<ns3:speed>3.13</ns3:speed>
						</ns3:TrackPointExtension>
					</extensions>
			</trkpt>
			<trkpt lat="35.95112" lon="120.18611">
				<ele>-63.0</ele>
				<time>2019-09-17T12:49:04Z</time>
					<extensions>
						<ns3:TrackPointExtension>
							<ns3:speed>3.15</ns3:speed>
						</ns3:TrackPointExtension>
					</extensions>
			</trkpt>
			<trkpt lat="35.95111" lon="120.18608">
				<ele>-63.0</ele>
				<time>2019-09-17T12:49:05Z</time>
					<extensions>
						<ns3:TrackPointExtension>
							<ns3:speed>3.15</ns3:speed>
						</ns3:TrackPointExtension>
					</extensions>
			</trkpt>
			<trkpt lat="35.951096" lon="120.18604">
				<ele>-63.0</ele>
				<time>2019-09-17T12:49:06Z</time>
					<extensions>
						<ns3:TrackPointExtension>
							<ns3:speed>3.16</ns3:speed>
						</ns3:TrackPointExtension>
					</extensions>
			</trkpt>
			<trkpt lat="35.951084" lon="120.18601">
				<ele>-63.0</ele>
				<time>2019-09-17T12:49:07Z</time>
					<extensions>
						<ns3:TrackPointExtension>
							<ns3:speed>3.16</ns3:speed>
						</ns3:TrackPointExtension>
					</extensions>
			</trkpt>
			<trkpt lat="35.951077" lon="120.18598">
				<ele>-63.0</ele>
				<time>2019-09-17T12:49:08Z</time>
					<extensions>
						<ns3:TrackPointExtension>
							<ns3:speed>3.16</ns3:speed>
						</ns3:TrackPointExtension>
					</extensions>
			</trkpt>
			<trkpt lat="35.951065" lon="120.18595">
				<ele>-63.0</ele>
				<time>2019-09-17T12:49:09Z</time>
					<extensions>
						<ns3:TrackPointExtension>
							<ns3:speed>3.16</ns3:speed>
						</ns3:TrackPointExtension>
					</extensions>
			</trkpt>
			<trkpt lat="35.951054" lon="120.185905">
				<ele>-63.0</ele>
				<time>2019-09-17T12:49:10Z</time>
					<extensions>
						<ns3:TrackPointExtension>
							<ns3:speed>3.16</ns3:speed>
						</ns3:TrackPointExtension>
					</extensions>
			</trkpt>
			<trkpt lat="35.951134" lon="120.185875">
				<ele>-63.0</ele>
				<time>2019-09-17T12:49:11Z</time>
					<extensions>
						<ns3:TrackPointExtension>
							<ns3:speed>3.16</ns3:speed>
						</ns3:TrackPointExtension>
					</extensions>
			</trkpt>
			<trkpt lat="35.95113" lon="120.18584">
				<ele>-63.0</ele>
				<time>2019-09-17T12:49:12Z</time>
					<extensions>
						<ns3:TrackPointExtension>
							<ns3:speed>3.16</ns3:speed>
						</ns3:TrackPointExtension>
					</extensions>
			</trkpt>
			<trkpt lat="35.95113" lon="120.18581">
				<ele>-63.0</ele>
				<time>2019-09-17T12:49:13Z</time>
					<extensions>
						<ns3:TrackPointExtension>
							<ns3:speed>3.17</ns3:speed>
						</ns3:TrackPointExtension>
					</extensions>
			</trkpt>
			<trkpt lat="35.951134" lon="120.18576">
				<ele>-63.0</ele>
				<time>2019-09-17T12:49:14Z</time>
					<extensions>
						<ns3:TrackPointExtension>
							<ns3:speed>3.17</ns3:speed>
						</ns3:TrackPointExtension>
					</extensions>
			</trkpt>
			<trkpt lat="35.95113" lon="120.18572">
				<ele>-63.0</ele>
				<time>2019-09-17T12:49:15Z</time>
					<extensions>
						<ns3:TrackPointExtension>
							<ns3:speed>3.17</ns3:speed>
						</ns3:TrackPointExtension>
					</extensions>
			</trkpt>
			<trkpt lat="35.951126" lon="120.18569">
				<ele>-63.0</ele>
				<time>2019-09-17T12:49:16Z</time>
					<extensions>
						<ns3:TrackPointExtension>
							<ns3:speed>3.19</ns3:speed>
						</ns3:TrackPointExtension>
					</extensions>
			</trkpt>
			<trkpt lat="35.951115" lon="120.18566">
				<ele>-63.0</ele>
				<time>2019-09-17T12:49:17Z</time>
					<extensions>
						<ns3:TrackPointExtension>
							<ns3:speed>3.19</ns3:speed>
						</ns3:TrackPointExtension>
					</extensions>
			</trkpt>
			<trkpt lat="35.951103" lon="120.18563">
				<ele>-63.0</ele>
				<time>2019-09-17T12:49:18Z</time>
					<extensions>
						<ns3:TrackPointExtension>
							<ns3:speed>3.2</ns3:speed>
						</ns3:TrackPointExtension>
					</extensions>
			</trkpt>
			<trkpt lat="35.95109" lon="120.18562">
				<ele>-63.0</ele>
				<time>2019-09-17T12:49:19Z</time>
					<extensions>
						<ns3:TrackPointExtension>
							<ns3:speed>3.2</ns3:speed>
						</ns3:TrackPointExtension>
					</extensions>
			</trkpt>
			<trkpt lat="35.951054" lon="120.18558">
				<ele>-63.0</ele>
				<time>2019-09-17T12:49:20Z</time>
					<extensions>
						<ns3:TrackPointExtension>
							<ns3:speed>3.19</ns3:speed>
						</ns3:TrackPointExtension>
					</extensions>
			</trkpt>
			<trkpt lat="35.95104" lon="120.18555">
				<ele>-63.0</ele>
				<time>2019-09-17T12:49:21Z</time>
					<extensions>
						<ns3:TrackPointExtension>
							<ns3:speed>3.19</ns3:speed>
						</ns3:TrackPointExtension>
					</extensions>
			</trkpt>
			<trkpt lat="35.951023" lon="120.18552">
				<ele>-63.0</ele>
				<time>2019-09-17T12:49:22Z</time>
					<extensions>
						<ns3:TrackPointExtension>
							<ns3:speed>3.19</ns3:speed>
						</ns3:TrackPointExtension>
					</extensions>
			</trkpt>
			<trkpt lat="35.951008" lon="120.1855">
				<ele>-63.0</ele>
				<time>2019-09-17T12:49:23Z</time>
					<extensions>
						<ns3:TrackPointExtension>
							<ns3:speed>3.19</ns3:speed>
						</ns3:TrackPointExtension>
					</extensions>
			</trkpt>
			<trkpt lat="35.950985" lon="120.18547">
				<ele>-63.0</ele>
				<time>2019-09-17T12:49:24Z</time>
					<extensions>
						<ns3:TrackPointExtension>
							<ns3:speed>3.19</ns3:speed>
						</ns3:TrackPointExtension>
					</extensions>
			</trkpt>
			<trkpt lat="35.950966" lon="120.185425">
				<ele>-63.0</ele>
				<time>2019-09-17T12:49:25Z</time>
					<extensions>
						<ns3:TrackPointExtension>
							<ns3:speed>3.2</ns3:speed>
						</ns3:TrackPointExtension>
					</extensions>
			</trkpt>
			<trkpt lat="35.950947" lon="120.185394">
				<ele>-63.0</ele>
				<time>2019-09-17T12:49:26Z</time>
					<extensions>
						<ns3:TrackPointExtension>
							<ns3:speed>3.2</ns3:speed>
						</ns3:TrackPointExtension>
					</extensions>
			</trkpt>
			<trkpt lat="35.95094" lon="120.18537">
				<ele>-63.0</ele>
				<time>2019-09-17T12:49:27Z</time>
					<extensions>
						<ns3:TrackPointExtension>
							<ns3:speed>3.2</ns3:speed>
						</ns3:TrackPointExtension>
					</extensions>
			</trkpt>
			<trkpt lat="35.95092" lon="120.18534">
				<ele>-63.0</ele>
				<time>2019-09-17T12:49:28Z</time>
					<extensions>
						<ns3:TrackPointExtension>
							<ns3:speed>3.21</ns3:speed>
						</ns3:TrackPointExtension>
					</extensions>
			</trkpt>
			<trkpt lat="35.9509" lon="120.1853">
				<ele>-63.0</ele>
				<time>2019-09-17T12:49:29Z</time>
					<extensions>
						<ns3:TrackPointExtension>
							<ns3:speed>3.21</ns3:speed>
						</ns3:TrackPointExtension>
					</extensions>
			</trkpt>
			<trkpt lat="35.95088" lon="120.18527">
				<ele>-63.0</ele>
				<time>2019-09-17T12:49:30Z</time>
					<extensions>
						<ns3:TrackPointExtension>
							<ns3:speed>3.22</ns3:speed>
						</ns3:TrackPointExtension>
					</extensions>
			</trkpt>
			<trkpt lat="35.95086" lon="120.185234">
				<ele>-63.0</ele>
				<time>2019-09-17T12:49:31Z</time>
					<extensions>
						<ns3:TrackPointExtension>
							<ns3:speed>3.23</ns3:speed>
						</ns3:TrackPointExtension>
					</extensions>
			</trkpt>
			<trkpt lat="35.950836" lon="120.1852">
				<ele>-63.0</ele>
				<time>2019-09-17T12:49:32Z</time>
					<extensions>
						<ns3:TrackPointExtension>
							<ns3:speed>3.23</ns3:speed>
						</ns3:TrackPointExtension>
					</extensions>
			</trkpt>
			<trkpt lat="35.950813" lon="120.18516">
				<ele>-63.0</ele>
				<time>2019-09-17T12:49:33Z</time>
					<extensions>
						<ns3:TrackPointExtension>
							<ns3:speed>3.3</ns3:speed>
						</ns3:TrackPointExtension>
					</extensions>
			</trkpt>
			<trkpt lat="35.950798" lon="120.18512">
				<ele>-63.0</ele>
				<time>2019-09-17T12:49:34Z</time>
					<extensions>
						<ns3:TrackPointExtension>
							<ns3:speed>3.34</ns3:speed>
						</ns3:TrackPointExtension>
					</extensions>
			</trkpt>
			<trkpt lat="35.95078" lon="120.18509">
				<ele>-63.0</ele>
				<time>2019-09-17T12:49:35Z</time>
					<extensions>
						<ns3:TrackPointExtension>
							<ns3:speed>3.37</ns3:speed>
						</ns3:TrackPointExtension>
					</extensions>
			</trkpt>
			<trkpt lat="35.95076" lon="120.18504">
				<ele>-63.0</ele>
				<time>2019-09-17T12:49:36Z</time>
					<extensions>
						<ns3:TrackPointExtension>
							<ns3:speed>3.4</ns3:speed>
						</ns3:TrackPointExtension>
					</extensions>
			</trkpt>
			<trkpt lat="35.950745" lon="120.185005">
				<ele>-63.0</ele>
				<time>2019-09-17T12:49:37Z</time>
					<extensions>
						<ns3:TrackPointExtension>
							<ns3:speed>3.4</ns3:speed>
						</ns3:TrackPointExtension>
					</extensions>
			</trkpt>
			<trkpt lat="35.95073" lon="120.184975">
				<ele>-63.0</ele>
				<time>2019-09-17T12:49:38Z</time>
					<extensions>
						<ns3:TrackPointExtension>
							<ns3:speed>3.44</ns3:speed>
						</ns3:TrackPointExtension>
					</extensions>
			</trkpt>
			<trkpt lat="35.950714" lon="120.18494">
				<ele>-63.0</ele>
				<time>2019-09-17T12:49:39Z</time>
					<extensions>
						<ns3:TrackPointExtension>
							<ns3:speed>3.44</ns3:speed>
						</ns3:TrackPointExtension>
					</extensions>
			</trkpt>
			<trkpt lat="35.9507" lon="120.184906">
				<ele>-63.0</ele>
				<time>2019-09-17T12:49:40Z</time>
					<extensions>
						<ns3:TrackPointExtension>
							<ns3:speed>3.47</ns3:speed>
						</ns3:TrackPointExtension>
					</extensions>
			</trkpt>
			<trkpt lat="35.950687" lon="120.184875">
				<ele>-63.0</ele>
				<time>2019-09-17T12:49:41Z</time>
					<extensions>
						<ns3:TrackPointExtension>
							<ns3:speed>3.48</ns3:speed>
						</ns3:TrackPointExtension>
					</extensions>
			</trkpt>
			<trkpt lat="35.95068" lon="120.18485">
				<ele>-63.0</ele>
				<time>2019-09-17T12:49:42Z</time>
					<extensions>
						<ns3:TrackPointExtension>
							<ns3:speed>3.48</ns3:speed>
						</ns3:TrackPointExtension>
					</extensions>
			</trkpt>
			<trkpt lat="35.950672" lon="120.18483">
				<ele>-63.0</ele>
				<time>2019-09-17T12:49:43Z</time>
					<extensions>
						<ns3:TrackPointExtension>
							<ns3:speed>3.46</ns3:speed>
						</ns3:TrackPointExtension>
					</extensions>
			</trkpt>
			<trkpt lat="35.950665" lon="120.184814">
				<ele>-63.0</ele>
				<time>2019-09-17T12:49:44Z</time>
					<extensions>
						<ns3:TrackPointExtension>
							<ns3:speed>3.46</ns3:speed>
						</ns3:TrackPointExtension>
					</extensions>
			</trkpt>
			<trkpt lat="35.950665" lon="120.18479">
				<ele>-63.0</ele>
				<time>2019-09-17T12:49:45Z</time>
					<extensions>
						<ns3:TrackPointExtension>
							<ns3:speed>3.36</ns3:speed>
						</ns3:TrackPointExtension>
					</extensions>
			</trkpt>
			<trkpt lat="35.950657" lon="120.18477">
				<ele>-63.0</ele>
				<time>2019-09-17T12:49:46Z</time>
					<extensions>
						<ns3:TrackPointExtension>
							<ns3:speed>3.3</ns3:speed>
						</ns3:TrackPointExtension>
					</extensions>
			</trkpt>
			<trkpt lat="35.950653" lon="120.18475">
				<ele>-63.0</ele>
				<time>2019-09-17T12:49:47Z</time>
					<extensions>
						<ns3:TrackPointExtension>
							<ns3:speed>3.22</ns3:speed>
						</ns3:TrackPointExtension>
					</extensions>
			</trkpt>
			<trkpt lat="35.95065" lon="120.18473">
				<ele>-64.0</ele>
				<time>2019-09-17T12:49:48Z</time>
					<extensions>
						<ns3:TrackPointExtension>
							<ns3:speed>3.15</ns3:speed>
						</ns3:TrackPointExtension>
					</extensions>
			</trkpt>
			<trkpt lat="35.9507" lon="120.18471">
				<ele>-64.0</ele>
				<time>2019-09-17T12:49:49Z</time>
					<extensions>
						<ns3:TrackPointExtension>
							<ns3:speed>3.15</ns3:speed>
						</ns3:TrackPointExtension>
					</extensions>
			</trkpt>
			<trkpt lat="35.950706" lon="120.18469">
				<ele>-64.0</ele>
				<time>2019-09-17T12:49:50Z</time>
					<extensions>
						<ns3:TrackPointExtension>
							<ns3:speed>3.03</ns3:speed>
						</ns3:TrackPointExtension>
					</extensions>
			</trkpt>
			<trkpt lat="35.95071" lon="120.18467">
				<ele>-64.0</ele>
				<time>2019-09-17T12:49:51Z</time>
					<extensions>
						<ns3:TrackPointExtension>
							<ns3:speed>2.97</ns3:speed>
						</ns3:TrackPointExtension>
					</extensions>
			</trkpt>
			<trkpt lat="35.950718" lon="120.18465">
				<ele>-64.0</ele>
				<time>2019-09-17T12:49:52Z</time>
					<extensions>
						<ns3:TrackPointExtension>
							<ns3:speed>2.92</ns3:speed>
						</ns3:TrackPointExtension>
					</extensions>
			</trkpt>
			<trkpt lat="35.95072" lon="120.18462">
				<ele>-64.0</ele>
				<time>2019-09-17T12:49:53Z</time>
					<extensions>
						<ns3:TrackPointExtension>
							<ns3:speed>2.87</ns3:speed>
						</ns3:TrackPointExtension>
					</extensions>
			</trkpt>
			<trkpt lat="35.95073" lon="120.18461">
				<ele>-64.0</ele>
				<time>2019-09-17T12:49:54Z</time>
					<extensions>
						<ns3:TrackPointExtension>
							<ns3:speed>2.87</ns3:speed>
						</ns3:TrackPointExtension>
					</extensions>
			</trkpt>
			<trkpt lat="35.950733" lon="120.18459">
				<ele>-64.0</ele>
				<time>2019-09-17T12:49:55Z</time>
					<extensions>
						<ns3:TrackPointExtension>
							<ns3:speed>2.78</ns3:speed>
						</ns3:TrackPointExtension>
					</extensions>
			</trkpt>
			<trkpt lat="35.950737" lon="120.18458">
				<ele>-64.0</ele>
				<time>2019-09-17T12:49:56Z</time>
					<extensions>
						<ns3:TrackPointExtension>
							<ns3:speed>2.73</ns3:speed>
						</ns3:TrackPointExtension>
					</extensions>
			</trkpt>
			<trkpt lat="35.95074" lon="120.18456">
				<ele>-64.0</ele>
				<time>2019-09-17T12:49:57Z</time>
					<extensions>
						<ns3:TrackPointExtension>
							<ns3:speed>2.68</ns3:speed>
						</ns3:TrackPointExtension>
					</extensions>
			</trkpt>
			<trkpt lat="35.950745" lon="120.184555">
				<ele>-64.0</ele>
				<time>2019-09-17T12:49:58Z</time>
					<extensions>
						<ns3:TrackPointExtension>
							<ns3:speed>2.63</ns3:speed>
						</ns3:TrackPointExtension>
					</extensions>
			</trkpt>
			<trkpt lat="35.95075" lon="120.18453">
				<ele>-64.0</ele>
				<time>2019-09-17T12:49:59Z</time>
					<extensions>
						<ns3:TrackPointExtension>
							<ns3:speed>2.63</ns3:speed>
						</ns3:TrackPointExtension>
					</extensions>
			</trkpt>
			<trkpt lat="35.950752" lon="120.184525">
				<ele>-64.0</ele>
				<time>2019-09-17T12:50:00Z</time>
					<extensions>
						<ns3:TrackPointExtension>
							<ns3:speed>2.51</ns3:speed>
						</ns3:TrackPointExtension>
					</extensions>
			</trkpt>
			<trkpt lat="35.950752" lon="120.18452">
				<ele>-64.0</ele>
				<time>2019-09-17T12:50:01Z</time>
					<extensions>
						<ns3:TrackPointExtension>
							<ns3:speed>2.45</ns3:speed>
						</ns3:TrackPointExtension>
					</extensions>
			</trkpt>
			<trkpt lat="35.95075" lon="120.18452">
				<ele>-64.0</ele>
				<time>2019-09-17T12:50:02Z</time>
					<extensions>
						<ns3:TrackPointExtension>
							<ns3:speed>2.39</ns3:speed>
						</ns3:TrackPointExtension>
					</extensions>
			</trkpt>
			<trkpt lat="35.95075" lon="120.18452">
				<ele>-64.0</ele>
				<time>2019-09-17T12:50:04Z</time>
					<extensions>
						<ns3:TrackPointExtension>
							<ns3:speed>2.32</ns3:speed>
						</ns3:TrackPointExtension>
					</extensions>
			</trkpt>
			<trkpt lat="35.950752" lon="120.184525">
				<ele>-64.0</ele>
				<time>2019-09-17T12:50:05Z</time>
					<extensions>
						<ns3:TrackPointExtension>
							<ns3:speed>2.16</ns3:speed>
						</ns3:TrackPointExtension>
					</extensions>
			</trkpt>
			<trkpt lat="35.950756" lon="120.18453">
				<ele>-64.0</ele>
				<time>2019-09-17T12:50:06Z</time>
					<extensions>
						<ns3:TrackPointExtension>
							<ns3:speed>2.16</ns3:speed>
						</ns3:TrackPointExtension>
					</extensions>
			</trkpt>
			<trkpt lat="35.95076" lon="120.18453">
				<ele>-64.0</ele>
				<time>2019-09-17T12:50:07Z</time>
					<extensions>
						<ns3:TrackPointExtension>
							<ns3:speed>2.01</ns3:speed>
						</ns3:TrackPointExtension>
					</extensions>
			</trkpt>
			<trkpt lat="35.95076" lon="120.18453">
				<ele>-64.0</ele>
				<time>2019-09-17T12:50:08Z</time>
					<extensions>
						<ns3:TrackPointExtension>
							<ns3:speed>1.94</ns3:speed>
						</ns3:TrackPointExtension>
					</extensions>
			</trkpt>
			<trkpt lat="35.950756" lon="120.18453">
				<ele>-64.0</ele>
				<time>2019-09-17T12:50:09Z</time>
					<extensions>
						<ns3:TrackPointExtension>
							<ns3:speed>1.94</ns3:speed>
						</ns3:TrackPointExtension>
					</extensions>
			</trkpt>
			<trkpt lat="35.950752" lon="120.184525">
				<ele>-64.0</ele>
				<time>2019-09-17T12:50:10Z</time>
					<extensions>
						<ns3:TrackPointExtension>
							<ns3:speed>1.81</ns3:speed>
						</ns3:TrackPointExtension>
					</extensions>
			</trkpt>
			<trkpt lat="35.95075" lon="120.184525">
				<ele>-64.0</ele>
				<time>2019-09-17T12:50:11Z</time>
					<extensions>
						<ns3:TrackPointExtension>
							<ns3:speed>1.81</ns3:speed>
						</ns3:TrackPointExtension>
					</extensions>
			</trkpt>
			<trkpt lat="35.950745" lon="120.1845">
				<ele>-64.0</ele>
				<time>2019-09-17T12:50:12Z</time>
					<extensions>
						<ns3:TrackPointExtension>
							<ns3:speed>1.68</ns3:speed>
						</ns3:TrackPointExtension>
					</extensions>
			</trkpt>
			<trkpt lat="35.950745" lon="120.184494">
				<ele>-64.0</ele>
				<time>2019-09-17T12:50:13Z</time>
					<extensions>
						<ns3:TrackPointExtension>
							<ns3:speed>1.63</ns3:speed>
						</ns3:TrackPointExtension>
					</extensions>
			</trkpt>
			<trkpt lat="35.95075" lon="120.18449">
				<ele>-64.0</ele>
				<time>2019-09-17T12:50:14Z</time>
					<extensions>
						<ns3:TrackPointExtension>
							<ns3:speed>1.63</ns3:speed>
						</ns3:TrackPointExtension>
					</extensions>
			</trkpt>
			<trkpt lat="35.950752" lon="120.18447">
				<ele>-64.0</ele>
				<time>2019-09-17T12:50:15Z</time>
					<extensions>
						<ns3:TrackPointExtension>
							<ns3:speed>1.56</ns3:speed>
						</ns3:TrackPointExtension>
					</extensions>
			</trkpt>
			<trkpt lat="35.950756" lon="120.18447">
				<ele>-64.0</ele>
				<time>2019-09-17T12:50:16Z</time>
					<extensions>
						<ns3:TrackPointExtension>
							<ns3:speed>1.56</ns3:speed>
						</ns3:TrackPointExtension>
					</extensions>
			</trkpt>
			<trkpt lat="35.95076" lon="120.18446">
				<ele>-64.0</ele>
				<time>2019-09-17T12:50:17Z</time>
					<extensions>
						<ns3:TrackPointExtension>
							<ns3:speed>1.5</ns3:speed>
						</ns3:TrackPointExtension>
					</extensions>
			</trkpt>
			<trkpt lat="35.95076" lon="120.184456">
				<ele>-64.0</ele>
				<time>2019-09-17T12:50:18Z</time>
					<extensions>
						<ns3:TrackPointExtension>
							<ns3:speed>1.47</ns3:speed>
						</ns3:TrackPointExtension>
					</extensions>
			</trkpt>
			<trkpt lat="35.95076" lon="120.184456">
				<ele>-64.0</ele>
				<time>2019-09-17T12:50:19Z</time>
					<extensions>
						<ns3:TrackPointExtension>
							<ns3:speed>1.44</ns3:speed>
						</ns3:TrackPointExtension>
					</extensions>
			</trkpt>
			<trkpt lat="35.95076" lon="120.184456">
				<ele>-64.0</ele>
				<time>2019-09-17T12:50:20Z</time>
					<extensions>
						<ns3:TrackPointExtension>
							<ns3:speed>1.4</ns3:speed>
						</ns3:TrackPointExtension>
					</extensions>
			</trkpt>
			<trkpt lat="35.95076" lon="120.184456">
				<ele>-64.0</ele>
				<time>2019-09-17T12:50:21Z</time>
					<extensions>
						<ns3:TrackPointExtension>
							<ns3:speed>1.4</ns3:speed>
						</ns3:TrackPointExtension>
					</extensions>
			</trkpt>
			<trkpt lat="35.950752" lon="120.184456">
				<ele>-64.0</ele>
				<time>2019-09-17T12:50:22Z</time>
					<extensions>
						<ns3:TrackPointExtension>
							<ns3:speed>1.32</ns3:speed>
						</ns3:TrackPointExtension>
					</extensions>
			</trkpt>
			<trkpt lat="35.950745" lon="120.184456">
				<ele>-64.0</ele>
				<time>2019-09-17T12:50:23Z</time>
					<extensions>
						<ns3:TrackPointExtension>
							<ns3:speed>0.0</ns3:speed>
						</ns3:TrackPointExtension>
					</extensions>
			</trkpt>
			<trkpt lat="35.950737" lon="120.184456">
				<ele>-64.0</ele>
				<time>2019-09-17T12:50:24Z</time>
					<extensions>
						<ns3:TrackPointExtension>
							<ns3:speed>1.24</ns3:speed>
						</ns3:TrackPointExtension>
					</extensions>
			</trkpt>
			<trkpt lat="35.95073" lon="120.18443">
				<ele>-64.0</ele>
				<time>2019-09-17T12:50:25Z</time>
					<extensions>
						<ns3:TrackPointExtension>
							<ns3:speed>1.21</ns3:speed>
						</ns3:TrackPointExtension>
					</extensions>
			</trkpt>
			<trkpt lat="35.950714" lon="120.184425">
				<ele>-64.0</ele>
				<time>2019-09-17T12:50:26Z</time>
					<extensions>
						<ns3:TrackPointExtension>
							<ns3:speed>1.21</ns3:speed>
						</ns3:TrackPointExtension>
					</extensions>
			</trkpt>
			<trkpt lat="35.950695" lon="120.1844">
				<ele>-64.0</ele>
				<time>2019-09-17T12:50:27Z</time>
					<extensions>
						<ns3:TrackPointExtension>
							<ns3:speed>1.21</ns3:speed>
						</ns3:TrackPointExtension>
					</extensions>
			</trkpt>
			<trkpt lat="35.95068" lon="120.184395">
				<ele>-64.0</ele>
				<time>2019-09-17T12:50:28Z</time>
					<extensions>
						<ns3:TrackPointExtension>
							<ns3:speed>1.23</ns3:speed>
						</ns3:TrackPointExtension>
					</extensions>
			</trkpt>
			<trkpt lat="35.950657" lon="120.184364">
				<ele>-64.0</ele>
				<time>2019-09-17T12:50:29Z</time>
					<extensions>
						<ns3:TrackPointExtension>
							<ns3:speed>1.26</ns3:speed>
						</ns3:TrackPointExtension>
					</extensions>
			</trkpt>
			<trkpt lat="35.950638" lon="120.18433">
				<ele>-64.0</ele>
				<time>2019-09-17T12:50:30Z</time>
					<extensions>
						<ns3:TrackPointExtension>
							<ns3:speed>1.32</ns3:speed>
						</ns3:TrackPointExtension>
					</extensions>
			</trkpt>
			<trkpt lat="35.95062" lon="120.1843">
				<ele>-64.0</ele>
				<time>2019-09-17T12:50:31Z</time>
					<extensions>
						<ns3:TrackPointExtension>
							<ns3:speed>1.32</ns3:speed>
						</ns3:TrackPointExtension>
					</extensions>
			</trkpt>
			<trkpt lat="35.950596" lon="120.184265">
				<ele>-64.0</ele>
				<time>2019-09-17T12:50:32Z</time>
					<extensions>
						<ns3:TrackPointExtension>
							<ns3:speed>1.48</ns3:speed>
						</ns3:TrackPointExtension>
					</extensions>
			</trkpt>
			<trkpt lat="35.950584" lon="120.18425">
				<ele>-64.0</ele>
				<time>2019-09-17T12:50:33Z</time>
					<extensions>
						<ns3:TrackPointExtension>
							<ns3:speed>1.56</ns3:speed>
						</ns3:TrackPointExtension>
					</extensions>
			</trkpt>
			<trkpt lat="35.95056" lon="120.18422">
				<ele>-64.0</ele>
				<time>2019-09-17T12:50:34Z</time>
					<extensions>
						<ns3:TrackPointExtension>
							<ns3:speed>1.65</ns3:speed>
						</ns3:TrackPointExtension>
					</extensions>
			</trkpt>
			<trkpt lat="35.950542" lon="120.1842">
				<ele>-64.0</ele>
				<time>2019-09-17T12:50:35Z</time>
					<extensions>
						<ns3:TrackPointExtension>
							<ns3:speed>1.73</ns3:speed>
						</ns3:TrackPointExtension>
					</extensions>
			</trkpt>
			<trkpt lat="35.95052" lon="120.18417">
				<ele>-63.0</ele>
				<time>2019-09-17T12:50:36Z</time>
					<extensions>
						<ns3:TrackPointExtension>
							<ns3:speed>1.73</ns3:speed>
						</ns3:TrackPointExtension>
					</extensions>
			</trkpt>
			<trkpt lat="35.95051" lon="120.18416">
				<ele>-63.0</ele>
				<time>2019-09-17T12:50:37Z</time>
					<extensions>
						<ns3:TrackPointExtension>
							<ns3:speed>1.87</ns3:speed>
						</ns3:TrackPointExtension>
					</extensions>
			</trkpt>
			<trkpt lat="35.950485" lon="120.18414">
				<ele>-63.0</ele>
				<time>2019-09-17T12:50:38Z</time>
					<extensions>
						<ns3:TrackPointExtension>
							<ns3:speed>1.87</ns3:speed>
						</ns3:TrackPointExtension>
					</extensions>
			</trkpt>
			<trkpt lat="35.95047" lon="120.18411">
				<ele>-63.0</ele>
				<time>2019-09-17T12:50:39Z</time>
					<extensions>
						<ns3:TrackPointExtension>
							<ns3:speed>1.96</ns3:speed>
						</ns3:TrackPointExtension>
					</extensions>
			</trkpt>
			<trkpt lat="35.950455" lon="120.1841">
				<ele>-63.0</ele>
				<time>2019-09-17T12:50:40Z</time>
					<extensions>
						<ns3:TrackPointExtension>
							<ns3:speed>2.0</ns3:speed>
						</ns3:TrackPointExtension>
					</extensions>
			</trkpt>
			<trkpt lat="35.95044" lon="120.18407">
				<ele>-63.0</ele>
				<time>2019-09-17T12:50:41Z</time>
					<extensions>
						<ns3:TrackPointExtension>
							<ns3:speed>2.0</ns3:speed>
						</ns3:TrackPointExtension>
					</extensions>
			</trkpt>
			<trkpt lat="35.95042" lon="120.18404">
				<ele>-63.0</ele>
				<time>2019-09-17T12:50:42Z</time>
					<extensions>
						<ns3:TrackPointExtension>
							<ns3:speed>2.08</ns3:speed>
						</ns3:TrackPointExtension>
					</extensions>
			</trkpt>
			<trkpt lat="35.95041" lon="120.184006">
				<ele>-63.0</ele>
				<time>2019-09-17T12:50:43Z</time>
					<extensions>
						<ns3:TrackPointExtension>
							<ns3:speed>2.08</ns3:speed>
						</ns3:TrackPointExtension>
					</extensions>
			</trkpt>
			<trkpt lat="35.950397" lon="120.18398">
				<ele>-63.0</ele>
				<time>2019-09-17T12:50:44Z</time>
					<extensions>
						<ns3:TrackPointExtension>
							<ns3:speed>2.17</ns3:speed>
						</ns3:TrackPointExtension>
					</extensions>
			</trkpt>
			<trkpt lat="35.950386" lon="120.18395">
				<ele>-63.0</ele>
				<time>2019-09-17T12:50:45Z</time>
					<extensions>
						<ns3:TrackPointExtension>
							<ns3:speed>2.21</ns3:speed>
						</ns3:TrackPointExtension>
					</extensions>
			</trkpt>
			<trkpt lat="35.95038" lon="120.18392">
				<ele>-63.0</ele>
				<time>2019-09-17T12:50:46Z</time>
					<extensions>
						<ns3:TrackPointExtension>
							<ns3:speed>2.21</ns3:speed>
						</ns3:TrackPointExtension>
					</extensions>
			</trkpt>
			<trkpt lat="35.950363" lon="120.18389">
				<ele>-63.0</ele>
				<time>2019-09-17T12:50:47Z</time>
					<extensions>
						<ns3:TrackPointExtension>
							<ns3:speed>2.27</ns3:speed>
						</ns3:TrackPointExtension>
					</extensions>
			</trkpt>
			<trkpt lat="35.950348" lon="120.183846">
				<ele>-63.0</ele>
				<time>2019-09-17T12:50:48Z</time>
					<extensions>
						<ns3:TrackPointExtension>
							<ns3:speed>2.27</ns3:speed>
						</ns3:TrackPointExtension>
					</extensions>
			</trkpt>
			<trkpt lat="35.950333" lon="120.183815">
				<ele>-63.0</ele>
				<time>2019-09-17T12:50:49Z</time>
					<extensions>
						<ns3:TrackPointExtension>
							<ns3:speed>2.34</ns3:speed>
						</ns3:TrackPointExtension>
					</extensions>
			</trkpt>
			<trkpt lat="35.950317" lon="120.183784">
				<ele>-63.0</ele>
				<time>2019-09-17T12:50:50Z</time>
					<extensions>
						<ns3:TrackPointExtension>
							<ns3:speed>2.39</ns3:speed>
						</ns3:TrackPointExtension>
					</extensions>
			</trkpt>
			<trkpt lat="35.950302" lon="120.18375">
				<ele>-63.0</ele>
				<time>2019-09-17T12:50:51Z</time>
					<extensions>
						<ns3:TrackPointExtension>
							<ns3:speed>2.43</ns3:speed>
						</ns3:TrackPointExtension>
					</extensions>
			</trkpt>
			<trkpt lat="35.95029" lon="120.183716">
				<ele>-63.0</ele>
				<time>2019-09-17T12:50:52Z</time>
					<extensions>
						<ns3:TrackPointExtension>
							<ns3:speed>2.49</ns3:speed>
						</ns3:TrackPointExtension>
					</extensions>
			</trkpt>
			<trkpt lat="35.950275" lon="120.183685">
				<ele>-63.0</ele>
				<time>2019-09-17T12:50:53Z</time>
					<extensions>
						<ns3:TrackPointExtension>
							<ns3:speed>2.49</ns3:speed>
						</ns3:TrackPointExtension>
					</extensions>
			</trkpt>
			<trkpt lat="35.95026" lon="120.18365">
				<ele>-63.0</ele>
				<time>2019-09-17T12:50:54Z</time>
					<extensions>
						<ns3:TrackPointExtension>
							<ns3:speed>2.58</ns3:speed>
						</ns3:TrackPointExtension>
					</extensions>
			</trkpt>
			<trkpt lat="35.950245" lon="120.18362">
				<ele>-63.0</ele>
				<time>2019-09-17T12:50:55Z</time>
					<extensions>
						<ns3:TrackPointExtension>
							<ns3:speed>2.62</ns3:speed>
						</ns3:TrackPointExtension>
					</extensions>
			</trkpt>
			<trkpt lat="35.950233" lon="120.183586">
				<ele>-63.0</ele>
				<time>2019-09-17T12:50:56Z</time>
					<extensions>
						<ns3:TrackPointExtension>
							<ns3:speed>2.66</ns3:speed>
						</ns3:TrackPointExtension>
					</extensions>
			</trkpt>
			<trkpt lat="35.95022" lon="120.183556">
				<ele>-63.0</ele>
				<time>2019-09-17T12:50:57Z</time>
					<extensions>
						<ns3:TrackPointExtension>
							<ns3:speed>2.7</ns3:speed>
						</ns3:TrackPointExtension>
					</extensions>
			</trkpt>
			<trkpt lat="35.950207" lon="120.183525">
				<ele>-63.0</ele>
				<time>2019-09-17T12:50:58Z</time>
					<extensions>
						<ns3:TrackPointExtension>
							<ns3:speed>2.7</ns3:speed>
						</ns3:TrackPointExtension>
					</extensions>
			</trkpt>
			<trkpt lat="35.95019" lon="120.1835">
				<ele>-63.0</ele>
				<time>2019-09-17T12:50:59Z</time>
					<extensions>
						<ns3:TrackPointExtension>
							<ns3:speed>2.77</ns3:speed>
						</ns3:TrackPointExtension>
					</extensions>
			</trkpt>
			<trkpt lat="35.950176" lon="120.18347">
				<ele>-63.0</ele>
				<time>2019-09-17T12:51:00Z</time>
					<extensions>
						<ns3:TrackPointExtension>
							<ns3:speed>2.79</ns3:speed>
						</ns3:TrackPointExtension>
					</extensions>
			</trkpt>
			<trkpt lat="35.95016" lon="120.18344">
				<ele>-63.0</ele>
				<time>2019-09-17T12:51:01Z</time>
					<extensions>
						<ns3:TrackPointExtension>
							<ns3:speed>2.8</ns3:speed>
						</ns3:TrackPointExtension>
					</extensions>
			</trkpt>
			<trkpt lat="35.950146" lon="120.18341">
				<ele>-63.0</ele>
				<time>2019-09-17T12:51:02Z</time>
					<extensions>
						<ns3:TrackPointExtension>
							<ns3:speed>2.82</ns3:speed>
						</ns3:TrackPointExtension>
					</extensions>
			</trkpt>
			<trkpt lat="35.95013" lon="120.18339">
				<ele>-63.0</ele>
				<time>2019-09-17T12:51:03Z</time>
					<extensions>
						<ns3:TrackPointExtension>
							<ns3:speed>2.82</ns3:speed>
						</ns3:TrackPointExtension>
					</extensions>
			</trkpt>
			<trkpt lat="35.950115" lon="120.18336">
				<ele>-63.0</ele>
				<time>2019-09-17T12:51:04Z</time>
					<extensions>
						<ns3:TrackPointExtension>
							<ns3:speed>2.85</ns3:speed>
						</ns3:TrackPointExtension>
					</extensions>
			</trkpt>
			<trkpt lat="35.950104" lon="120.183334">
				<ele>-63.0</ele>
				<time>2019-09-17T12:51:05Z</time>
					<extensions>
						<ns3:TrackPointExtension>
							<ns3:speed>2.85</ns3:speed>
						</ns3:TrackPointExtension>
					</extensions>
			</trkpt>
			<trkpt lat="35.950092" lon="120.183304">
				<ele>-63.0</ele>
				<time>2019-09-17T12:51:06Z</time>
					<extensions>
						<ns3:TrackPointExtension>
							<ns3:speed>2.86</ns3:speed>
						</ns3:TrackPointExtension>
					</extensions>
			</trkpt>
			<trkpt lat="35.95008" lon="120.18329">
				<ele>-63.0</ele>
				<time>2019-09-17T12:51:07Z</time>
					<extensions>
						<ns3:TrackPointExtension>
							<ns3:speed>2.86</ns3:speed>
						</ns3:TrackPointExtension>
					</extensions>
			</trkpt>
			<trkpt lat="35.950066" lon="120.18326">
				<ele>-63.0</ele>
				<time>2019-09-17T12:51:08Z</time>
					<extensions>
						<ns3:TrackPointExtension>
							<ns3:speed>2.86</ns3:speed>
						</ns3:TrackPointExtension>
					</extensions>
			</trkpt>
			<trkpt lat="35.950058" lon="120.183235">
				<ele>-63.0</ele>
				<time>2019-09-17T12:51:09Z</time>
					<extensions>
						<ns3:TrackPointExtension>
							<ns3:speed>2.82</ns3:speed>
						</ns3:TrackPointExtension>
					</extensions>
			</trkpt>
			<trkpt lat="35.95005" lon="120.18321">
				<ele>-63.0</ele>
				<time>2019-09-17T12:51:10Z</time>
					<extensions>
						<ns3:TrackPointExtension>
							<ns3:speed>2.82</ns3:speed>
						</ns3:TrackPointExtension>
					</extensions>
			</trkpt>
			<trkpt lat="35.95004" lon="120.1832">
				<ele>-63.0</ele>
				<time>2019-09-17T12:51:11Z</time>
					<extensions>
						<ns3:TrackPointExtension>
							<ns3:speed>2.77</ns3:speed>
						</ns3:TrackPointExtension>
					</extensions>
			</trkpt>
			<trkpt lat="35.950027" lon="120.18317">
				<ele>-63.0</ele>
				<time>2019-09-17T12:51:12Z</time>
					<extensions>
						<ns3:TrackPointExtension>
							<ns3:speed>2.75</ns3:speed>
						</ns3:TrackPointExtension>
					</extensions>
			</trkpt>
			<trkpt lat="35.950012" lon="120.18313">
				<ele>-63.0</ele>
				<time>2019-09-17T12:51:13Z</time>
					<extensions>
						<ns3:TrackPointExtension>
							<ns3:speed>2.75</ns3:speed>
						</ns3:TrackPointExtension>
					</extensions>
			</trkpt>
			<trkpt lat="35.950005" lon="120.1831">
				<ele>-63.0</ele>
				<time>2019-09-17T12:51:14Z</time>
					<extensions>
						<ns3:TrackPointExtension>
							<ns3:speed>2.73</ns3:speed>
						</ns3:TrackPointExtension>
					</extensions>
			</trkpt>
			<trkpt lat="35.94999" lon="120.18307">
				<ele>-63.0</ele>
				<time>2019-09-17T12:51:15Z</time>
					<extensions>
						<ns3:TrackPointExtension>
							<ns3:speed>2.73</ns3:speed>
						</ns3:TrackPointExtension>
					</extensions>
			</trkpt>
			<trkpt lat="35.949974" lon="120.18305">
				<ele>-63.0</ele>
				<time>2019-09-17T12:51:16Z</time>
					<extensions>
						<ns3:TrackPointExtension>
							<ns3:speed>2.75</ns3:speed>
						</ns3:TrackPointExtension>
					</extensions>
			</trkpt>
			<trkpt lat="35.949966" lon="120.18302">
				<ele>-63.0</ele>
				<time>2019-09-17T12:51:17Z</time>
					<extensions>
						<ns3:TrackPointExtension>
							<ns3:speed>2.76</ns3:speed>
						</ns3:TrackPointExtension>
					</extensions>
			</trkpt>
			<trkpt lat="35.94995" lon="120.182976">
				<ele>-63.0</ele>
				<time>2019-09-17T12:51:18Z</time>
					<extensions>
						<ns3:TrackPointExtension>
							<ns3:speed>2.76</ns3:speed>
						</ns3:TrackPointExtension>
					</extensions>
			</trkpt>
			<trkpt lat="35.94999" lon="120.182945">
				<ele>-63.0</ele>
				<time>2019-09-17T12:51:19Z</time>
					<extensions>
						<ns3:TrackPointExtension>
							<ns3:speed>2.78</ns3:speed>
						</ns3:TrackPointExtension>
					</extensions>
			</trkpt>
			<trkpt lat="35.95" lon="120.18293">
				<ele>-63.0</ele>
				<time>2019-09-17T12:51:20Z</time>
					<extensions>
						<ns3:TrackPointExtension>
							<ns3:speed>2.78</ns3:speed>
						</ns3:TrackPointExtension>
					</extensions>
			</trkpt>
			<trkpt lat="35.95001" lon="120.18291">
				<ele>-63.0</ele>
				<time>2019-09-17T12:51:21Z</time>
					<extensions>
						<ns3:TrackPointExtension>
							<ns3:speed>2.78</ns3:speed>
						</ns3:TrackPointExtension>
					</extensions>
			</trkpt>
			<trkpt lat="35.95002" lon="120.18288">
				<ele>-63.0</ele>
				<time>2019-09-17T12:51:22Z</time>
					<extensions>
						<ns3:TrackPointExtension>
							<ns3:speed>2.78</ns3:speed>
						</ns3:TrackPointExtension>
					</extensions>
			</trkpt>
			<trkpt lat="35.950027" lon="120.18287">
				<ele>-63.0</ele>
				<time>2019-09-17T12:51:23Z</time>
					<extensions>
						<ns3:TrackPointExtension>
							<ns3:speed>2.77</ns3:speed>
						</ns3:TrackPointExtension>
					</extensions>
			</trkpt>
			<trkpt lat="35.950043" lon="120.182846">
				<ele>-63.0</ele>
				<time>2019-09-17T12:51:24Z</time>
					<extensions>
						<ns3:TrackPointExtension>
							<ns3:speed>2.75</ns3:speed>
						</ns3:TrackPointExtension>
					</extensions>
			</trkpt>
			<trkpt lat="35.95004" lon="120.18282">
				<ele>-63.0</ele>
				<time>2019-09-17T12:51:25Z</time>
					<extensions>
						<ns3:TrackPointExtension>
							<ns3:speed>2.75</ns3:speed>
						</ns3:TrackPointExtension>
					</extensions>
			</trkpt>
			<trkpt lat="35.95003" lon="120.182816">
				<ele>-63.0</ele>
				<time>2019-09-17T12:51:26Z</time>
					<extensions>
						<ns3:TrackPointExtension>
							<ns3:speed>2.68</ns3:speed>
						</ns3:TrackPointExtension>
					</extensions>
			</trkpt>
			<trkpt lat="35.95002" lon="120.18279">
				<ele>-63.0</ele>
				<time>2019-09-17T12:51:27Z</time>
					<extensions>
						<ns3:TrackPointExtension>
							<ns3:speed>2.64</ns3:speed>
						</ns3:TrackPointExtension>
					</extensions>
			</trkpt>
			<trkpt lat="35.950005" lon="120.18276">
				<ele>-63.0</ele>
				<time>2019-09-17T12:51:28Z</time>
					<extensions>
						<ns3:TrackPointExtension>
							<ns3:speed>2.61</ns3:speed>
						</ns3:TrackPointExtension>
					</extensions>
			</trkpt>
			<trkpt lat="35.949993" lon="120.182755">
				<ele>-63.0</ele>
				<time>2019-09-17T12:51:29Z</time>
					<extensions>
						<ns3:TrackPointExtension>
							<ns3:speed>2.59</ns3:speed>
						</ns3:TrackPointExtension>
					</extensions>
			</trkpt>
			<trkpt lat="35.94998" lon="120.18273">
				<ele>-63.0</ele>
				<time>2019-09-17T12:51:30Z</time>
					<extensions>
						<ns3:TrackPointExtension>
							<ns3:speed>2.59</ns3:speed>
						</ns3:TrackPointExtension>
					</extensions>
			</trkpt>
			<trkpt lat="35.949963" lon="120.18271">
				<ele>-63.0</ele>
				<time>2019-09-17T12:51:31Z</time>
					<extensions>
						<ns3:TrackPointExtension>
							<ns3:speed>2.55</ns3:speed>
						</ns3:TrackPointExtension>
					</extensions>
			</trkpt>
			<trkpt lat="35.949947" lon="120.18268">
				<ele>-63.0</ele>
				<time>2019-09-17T12:51:32Z</time>
					<extensions>
						<ns3:TrackPointExtension>
							<ns3:speed>2.53</ns3:speed>
						</ns3:TrackPointExtension>
					</extensions>
			</trkpt>
			<trkpt lat="35.949936" lon="120.18265">
				<ele>-63.0</ele>
				<time>2019-09-17T12:51:33Z</time>
					<extensions>
						<ns3:TrackPointExtension>
							<ns3:speed>2.54</ns3:speed>
						</ns3:TrackPointExtension>
					</extensions>
			</trkpt>
			<trkpt lat="35.949917" lon="120.18263">
				<ele>-63.0</ele>
				<time>2019-09-17T12:51:34Z</time>
					<extensions>
						<ns3:TrackPointExtension>
							<ns3:speed>2.54</ns3:speed>
						</ns3:TrackPointExtension>
					</extensions>
			</trkpt>
			<trkpt lat="35.9499" lon="120.1826">
				<ele>-63.0</ele>
				<time>2019-09-17T12:51:35Z</time>
					<extensions>
						<ns3:TrackPointExtension>
							<ns3:speed>2.54</ns3:speed>
						</ns3:TrackPointExtension>
					</extensions>
			</trkpt>
			<trkpt lat="35.949886" lon="120.18257">
				<ele>-63.0</ele>
				<time>2019-09-17T12:51:36Z</time>
					<extensions>
						<ns3:TrackPointExtension>
							<ns3:speed>2.59</ns3:speed>
						</ns3:TrackPointExtension>
					</extensions>
			</trkpt>
			<trkpt lat="35.94987" lon="120.18255">
				<ele>-63.0</ele>
				<time>2019-09-17T12:51:37Z</time>
					<extensions>
						<ns3:TrackPointExtension>
							<ns3:speed>2.59</ns3:speed>
						</ns3:TrackPointExtension>
					</extensions>
			</trkpt>
			<trkpt lat="35.949856" lon="120.18252">
				<ele>-63.0</ele>
				<time>2019-09-17T12:51:38Z</time>
					<extensions>
						<ns3:TrackPointExtension>
							<ns3:speed>2.62</ns3:speed>
						</ns3:TrackPointExtension>
					</extensions>
			</trkpt>
			<trkpt lat="35.94984" lon="120.18249">
				<ele>-63.0</ele>
				<time>2019-09-17T12:51:39Z</time>
					<extensions>
						<ns3:TrackPointExtension>
							<ns3:speed>2.63</ns3:speed>
						</ns3:TrackPointExtension>
					</extensions>
			</trkpt>
			<trkpt lat="35.949818" lon="120.18246">
				<ele>-63.0</ele>
				<time>2019-09-17T12:51:40Z</time>
					<extensions>
						<ns3:TrackPointExtension>
							<ns3:speed>2.63</ns3:speed>
						</ns3:TrackPointExtension>
					</extensions>
			</trkpt>
			<trkpt lat="35.9498" lon="120.18242">
				<ele>-63.0</ele>
				<time>2019-09-17T12:51:41Z</time>
					<extensions>
						<ns3:TrackPointExtension>
							<ns3:speed>2.69</ns3:speed>
						</ns3:TrackPointExtension>
					</extensions>
			</trkpt>
			<trkpt lat="35.94978" lon="120.18239">
				<ele>-63.0</ele>
				<time>2019-09-17T12:51:42Z</time>
					<extensions>
						<ns3:TrackPointExtension>
							<ns3:speed>2.69</ns3:speed>
						</ns3:TrackPointExtension>
					</extensions>
			</trkpt>
			<trkpt lat="35.94976" lon="120.182365">
				<ele>-63.0</ele>
				<time>2019-09-17T12:51:43Z</time>
					<extensions>
						<ns3:TrackPointExtension>
							<ns3:speed>2.77</ns3:speed>
						</ns3:TrackPointExtension>
					</extensions>
			</trkpt>
			<trkpt lat="35.94974" lon="120.182335">
				<ele>-63.0</ele>
				<time>2019-09-17T12:51:44Z</time>
					<extensions>
						<ns3:TrackPointExtension>
							<ns3:speed>2.81</ns3:speed>
						</ns3:TrackPointExtension>
					</extensions>
			</trkpt>
			<trkpt lat="35.949726" lon="120.182304">
				<ele>-63.0</ele>
				<time>2019-09-17T12:51:45Z</time>
					<extensions>
						<ns3:TrackPointExtension>
							<ns3:speed>2.81</ns3:speed>
						</ns3:TrackPointExtension>
					</extensions>
			</trkpt>
			<trkpt lat="35.949707" lon="120.182274">
				<ele>-63.0</ele>
				<time>2019-09-17T12:51:46Z</time>
					<extensions>
						<ns3:TrackPointExtension>
							<ns3:speed>2.88</ns3:speed>
						</ns3:TrackPointExtension>
					</extensions>
			</trkpt>
			<trkpt lat="35.94969" lon="120.18224">
				<ele>-63.0</ele>
				<time>2019-09-17T12:51:47Z</time>
					<extensions>
						<ns3:TrackPointExtension>
							<ns3:speed>2.88</ns3:speed>
						</ns3:TrackPointExtension>
					</extensions>
			</trkpt>
			<trkpt lat="35.94967" lon="120.18221">
				<ele>-63.0</ele>
				<time>2019-09-17T12:51:48Z</time>
					<extensions>
						<ns3:TrackPointExtension>
							<ns3:speed>2.91</ns3:speed>
						</ns3:TrackPointExtension>
					</extensions>
			</trkpt>
			<trkpt lat="35.949654" lon="120.18218">
				<ele>-63.0</ele>
				<time>2019-09-17T12:51:49Z</time>
					<extensions>
						<ns3:TrackPointExtension>
							<ns3:speed>2.93</ns3:speed>
						</ns3:TrackPointExtension>
					</extensions>
			</trkpt>
			<trkpt lat="35.94964" lon="120.18215">
				<ele>-63.0</ele>
				<time>2019-09-17T12:51:50Z</time>
					<extensions>
						<ns3:TrackPointExtension>
							<ns3:speed>2.94</ns3:speed>
						</ns3:TrackPointExtension>
					</extensions>
			</trkpt>
			<trkpt lat="35.949627" lon="120.18213">
				<ele>-63.0</ele>
				<time>2019-09-17T12:51:51Z</time>
					<extensions>
						<ns3:TrackPointExtension>
							<ns3:speed>2.95</ns3:speed>
						</ns3:TrackPointExtension>
					</extensions>
			</trkpt>
			<trkpt lat="35.949615" lon="120.1821">
				<ele>-63.0</ele>
				<time>2019-09-17T12:51:52Z</time>
					<extensions>
						<ns3:TrackPointExtension>
							<ns3:speed>2.95</ns3:speed>
						</ns3:TrackPointExtension>
					</extensions>
			</trkpt>
			<trkpt lat="35.949604" lon="120.182076">
				<ele>-63.0</ele>
				<time>2019-09-17T12:51:53Z</time>
					<extensions>
						<ns3:TrackPointExtension>
							<ns3:speed>2.96</ns3:speed>
						</ns3:TrackPointExtension>
					</extensions>
			</trkpt>
			<trkpt lat="35.949593" lon="120.182045">
				<ele>-63.0</ele>
				<time>2019-09-17T12:51:54Z</time>
					<extensions>
						<ns3:TrackPointExtension>
							<ns3:speed>2.94</ns3:speed>
						</ns3:TrackPointExtension>
					</extensions>
			</trkpt>
			<trkpt lat="35.949585" lon="120.18203">
				<ele>-63.0</ele>
				<time>2019-09-17T12:51:55Z</time>
					<extensions>
						<ns3:TrackPointExtension>
							<ns3:speed>2.93</ns3:speed>
						</ns3:TrackPointExtension>
					</extensions>
			</trkpt>
			<trkpt lat="35.94958" lon="120.18201">
				<ele>-63.0</ele>
				<time>2019-09-17T12:51:56Z</time>
					<extensions>
						<ns3:TrackPointExtension>
							<ns3:speed>2.9</ns3:speed>
						</ns3:TrackPointExtension>
					</extensions>
			</trkpt>
			<trkpt lat="35.949577" lon="120.182">
				<ele>-63.0</ele>
				<time>2019-09-17T12:51:57Z</time>
					<extensions>
						<ns3:TrackPointExtension>
							<ns3:speed>2.9</ns3:speed>
						</ns3:TrackPointExtension>
					</extensions>
			</trkpt>
			<trkpt lat="35.949577" lon="120.18198">
				<ele>-63.0</ele>
				<time>2019-09-17T12:51:58Z</time>
					<extensions>
						<ns3:TrackPointExtension>
							<ns3:speed>2.81</ns3:speed>
						</ns3:TrackPointExtension>
					</extensions>
			</trkpt>
			<trkpt lat="35.94957" lon="120.18195">
				<ele>-63.0</ele>
				<time>2019-09-17T12:51:59Z</time>
					<extensions>
						<ns3:TrackPointExtension>
							<ns3:speed>2.77</ns3:speed>
						</ns3:TrackPointExtension>
					</extensions>
			</trkpt>
			<trkpt lat="35.949562" lon="120.181946">
				<ele>-63.0</ele>
				<time>2019-09-17T12:52:00Z</time>
					<extensions>
						<ns3:TrackPointExtension>
							<ns3:speed>2.71</ns3:speed>
						</ns3:TrackPointExtension>
					</extensions>
			</trkpt>
			<trkpt lat="35.949554" lon="120.181915">
				<ele>-63.0</ele>
				<time>2019-09-17T12:52:01Z</time>
					<extensions>
						<ns3:TrackPointExtension>
							<ns3:speed>2.66</ns3:speed>
						</ns3:TrackPointExtension>
					</extensions>
			</trkpt>
			<trkpt lat="35.94955" lon="120.18189">
				<ele>-63.0</ele>
				<time>2019-09-17T12:52:02Z</time>
					<extensions>
						<ns3:TrackPointExtension>
							<ns3:speed>2.66</ns3:speed>
						</ns3:TrackPointExtension>
					</extensions>
			</trkpt>
			<trkpt lat="35.949547" lon="120.18187">
				<ele>-63.0</ele>
				<time>2019-09-17T12:52:03Z</time>
					<extensions>
						<ns3:TrackPointExtension>
							<ns3:speed>2.58</ns3:speed>
						</ns3:TrackPointExtension>
					</extensions>
			</trkpt>
			<trkpt lat="35.949547" lon="120.18186">
				<ele>-63.0</ele>
				<time>2019-09-17T12:52:04Z</time>
					<extensions>
						<ns3:TrackPointExtension>
							<ns3:speed>2.58</ns3:speed>
						</ns3:TrackPointExtension>
					</extensions>
			</trkpt>
			<trkpt lat="35.949547" lon="120.181854">
				<ele>-63.0</ele>
				<time>2019-09-17T12:52:05Z</time>
					<extensions>
						<ns3:TrackPointExtension>
							<ns3:speed>2.5</ns3:speed>
						</ns3:TrackPointExtension>
					</extensions>
			</trkpt>
			<trkpt lat="35.949543" lon="120.18183">
				<ele>-63.0</ele>
				<time>2019-09-17T12:52:06Z</time>
					<extensions>
						<ns3:TrackPointExtension>
							<ns3:speed>2.46</ns3:speed>
						</ns3:TrackPointExtension>
					</extensions>
			</trkpt>
			<trkpt lat="35.949543" lon="120.18183">
				<ele>-63.0</ele>
				<time>2019-09-17T12:52:07Z</time>
					<extensions>
						<ns3:TrackPointExtension>
							<ns3:speed>2.46</ns3:speed>
						</ns3:TrackPointExtension>
					</extensions>
			</trkpt>
			<trkpt lat="35.949543" lon="120.18182">
				<ele>-63.0</ele>
				<time>2019-09-17T12:52:08Z</time>
					<extensions>
						<ns3:TrackPointExtension>
							<ns3:speed>2.34</ns3:speed>
						</ns3:TrackPointExtension>
					</extensions>
			</trkpt>
			<trkpt lat="35.949543" lon="120.18181">
				<ele>-63.0</ele>
				<time>2019-09-17T12:52:09Z</time>
					<extensions>
						<ns3:TrackPointExtension>
							<ns3:speed>2.34</ns3:speed>
						</ns3:TrackPointExtension>
					</extensions>
			</trkpt>
			<trkpt lat="35.94954" lon="120.18179">
				<ele>-63.0</ele>
				<time>2019-09-17T12:52:10Z</time>
					<extensions>
						<ns3:TrackPointExtension>
							<ns3:speed>2.22</ns3:speed>
						</ns3:TrackPointExtension>
					</extensions>
			</trkpt>
			<trkpt lat="35.94953" lon="120.18177">
				<ele>-63.0</ele>
				<time>2019-09-17T12:52:11Z</time>
					<extensions>
						<ns3:TrackPointExtension>
							<ns3:speed>2.16</ns3:speed>
						</ns3:TrackPointExtension>
					</extensions>
			</trkpt>
			<trkpt lat="35.94952" lon="120.18174">
				<ele>-63.0</ele>
				<time>2019-09-17T12:52:12Z</time>
					<extensions>
						<ns3:TrackPointExtension>
							<ns3:speed>2.16</ns3:speed>
						</ns3:TrackPointExtension>
					</extensions>
			</trkpt>
			<trkpt lat="35.949512" lon="120.18172">
				<ele>-63.0</ele>
				<time>2019-09-17T12:52:13Z</time>
					<extensions>
						<ns3:TrackPointExtension>
							<ns3:speed>2.12</ns3:speed>
						</ns3:TrackPointExtension>
					</extensions>
			</trkpt>
			<trkpt lat="35.949505" lon="120.18169">
				<ele>-63.0</ele>
				<time>2019-09-17T12:52:14Z</time>
					<extensions>
						<ns3:TrackPointExtension>
							<ns3:speed>2.12</ns3:speed>
						</ns3:TrackPointExtension>
					</extensions>
			</trkpt>
			<trkpt lat="35.949497" lon="120.181656">
				<ele>-63.0</ele>
				<time>2019-09-17T12:52:15Z</time>
					<extensions>
						<ns3:TrackPointExtension>
							<ns3:speed>2.15</ns3:speed>
						</ns3:TrackPointExtension>
					</extensions>
			</trkpt>
			<trkpt lat="35.949486" lon="120.181625">
				<ele>-63.0</ele>
				<time>2019-09-17T12:52:16Z</time>
					<extensions>
						<ns3:TrackPointExtension>
							<ns3:speed>2.18</ns3:speed>
						</ns3:TrackPointExtension>
					</extensions>
			</trkpt>
			<trkpt lat="35.949474" lon="120.181595">
				<ele>-63.0</ele>
				<time>2019-09-17T12:52:17Z</time>
					<extensions>
						<ns3:TrackPointExtension>
							<ns3:speed>2.22</ns3:speed>
						</ns3:TrackPointExtension>
					</extensions>
			</trkpt>
			<trkpt lat="35.949467" lon="120.18157">
				<ele>-63.0</ele>
				<time>2019-09-17T12:52:18Z</time>
					<extensions>
						<ns3:TrackPointExtension>
							<ns3:speed>2.26</ns3:speed>
						</ns3:TrackPointExtension>
					</extensions>
			</trkpt>
			<trkpt lat="35.94946" lon="120.18154">
				<ele>-63.0</ele>
				<time>2019-09-17T12:52:19Z</time>
					<extensions>
						<ns3:TrackPointExtension>
							<ns3:speed>2.26</ns3:speed>
						</ns3:TrackPointExtension>
					</extensions>
			</trkpt>
			<trkpt lat="35.949448" lon="120.181526">
				<ele>-63.0</ele>
				<time>2019-09-17T12:52:20Z</time>
					<extensions>
						<ns3:TrackPointExtension>
							<ns3:speed>2.32</ns3:speed>
						</ns3:TrackPointExtension>
					</extensions>
			</trkpt>
			<trkpt lat="35.949436" lon="120.181496">
				<ele>-63.0</ele>
				<time>2019-09-17T12:52:21Z</time>
					<extensions>
						<ns3:TrackPointExtension>
							<ns3:speed>2.35</ns3:speed>
						</ns3:TrackPointExtension>
					</extensions>
			</trkpt>
			<trkpt lat="35.94943" lon="120.181465">
				<ele>-63.0</ele>
				<time>2019-09-17T12:52:22Z</time>
					<extensions>
						<ns3:TrackPointExtension>
							<ns3:speed>2.38</ns3:speed>
						</ns3:TrackPointExtension>
					</extensions>
			</trkpt>
			<trkpt lat="35.949417" lon="120.181435">
				<ele>-63.0</ele>
				<time>2019-09-17T12:52:23Z</time>
					<extensions>
						<ns3:TrackPointExtension>
							<ns3:speed>2.41</ns3:speed>
						</ns3:TrackPointExtension>
					</extensions>
			</trkpt>
			<trkpt lat="35.94941" lon="120.181404">
				<ele>-63.0</ele>
				<time>2019-09-17T12:52:24Z</time>
					<extensions>
						<ns3:TrackPointExtension>
							<ns3:speed>2.41</ns3:speed>
						</ns3:TrackPointExtension>
					</extensions>
			</trkpt>
			<trkpt lat="35.949398" lon="120.18137">
				<ele>-63.0</ele>
				<time>2019-09-17T12:52:25Z</time>
					<extensions>
						<ns3:TrackPointExtension>
							<ns3:speed>2.48</ns3:speed>
						</ns3:TrackPointExtension>
					</extensions>
			</trkpt>
			<trkpt lat="35.949387" lon="120.18134">
				<ele>-63.0</ele>
				<time>2019-09-17T12:52:26Z</time>
					<extensions>
						<ns3:TrackPointExtension>
							<ns3:speed>2.51</ns3:speed>
						</ns3:TrackPointExtension>
					</extensions>
			</trkpt>
			<trkpt lat="35.94937" lon="120.18131">
				<ele>-63.0</ele>
				<time>2019-09-17T12:52:27Z</time>
					<extensions>
						<ns3:TrackPointExtension>
							<ns3:speed>2.54</ns3:speed>
						</ns3:TrackPointExtension>
					</extensions>
			</trkpt>
			<trkpt lat="35.94936" lon="120.18128">
				<ele>-62.0</ele>
				<time>2019-09-17T12:52:28Z</time>
					<extensions>
						<ns3:TrackPointExtension>
							<ns3:speed>2.57</ns3:speed>
						</ns3:TrackPointExtension>
					</extensions>
			</trkpt>
			<trkpt lat="35.94934" lon="120.18124">
				<ele>-62.0</ele>
				<time>2019-09-17T12:52:29Z</time>
					<extensions>
						<ns3:TrackPointExtension>
							<ns3:speed>2.57</ns3:speed>
						</ns3:TrackPointExtension>
					</extensions>
			</trkpt>
			<trkpt lat="35.94933" lon="120.1812">
				<ele>-62.0</ele>
				<time>2019-09-17T12:52:30Z</time>
					<extensions>
						<ns3:TrackPointExtension>
							<ns3:speed>2.67</ns3:speed>
						</ns3:TrackPointExtension>
					</extensions>
			</trkpt>
			<trkpt lat="35.949318" lon="120.18117">
				<ele>-62.0</ele>
				<time>2019-09-17T12:52:31Z</time>
					<extensions>
						<ns3:TrackPointExtension>
							<ns3:speed>2.67</ns3:speed>
						</ns3:TrackPointExtension>
					</extensions>
			</trkpt>
			<trkpt lat="35.949303" lon="120.18114">
				<ele>-62.0</ele>
				<time>2019-09-17T12:52:32Z</time>
					<extensions>
						<ns3:TrackPointExtension>
							<ns3:speed>2.74</ns3:speed>
						</ns3:TrackPointExtension>
					</extensions>
			</trkpt>
			<trkpt lat="35.94929" lon="120.181114">
				<ele>-62.0</ele>
				<time>2019-09-17T12:52:33Z</time>
					<extensions>
						<ns3:TrackPointExtension>
							<ns3:speed>2.78</ns3:speed>
						</ns3:TrackPointExtension>
					</extensions>
			</trkpt>
			<trkpt lat="35.94928" lon="120.18108">
				<ele>-62.0</ele>
				<time>2019-09-17T12:52:34Z</time>
					<extensions>
						<ns3:TrackPointExtension>
							<ns3:speed>2.78</ns3:speed>
						</ns3:TrackPointExtension>
					</extensions>
			</trkpt>
			<trkpt lat="35.94927" lon="120.18106">
				<ele>-62.0</ele>
				<time>2019-09-17T12:52:35Z</time>
					<extensions>
						<ns3:TrackPointExtension>
							<ns3:speed>2.8</ns3:speed>
						</ns3:TrackPointExtension>
					</extensions>
			</trkpt>
			<trkpt lat="35.94925" lon="120.18103">
				<ele>-62.0</ele>
				<time>2019-09-17T12:52:36Z</time>
					<extensions>
						<ns3:TrackPointExtension>
							<ns3:speed>2.8</ns3:speed>
						</ns3:TrackPointExtension>
					</extensions>
			</trkpt>
			<trkpt lat="35.949238" lon="120.181">
				<ele>-62.0</ele>
				<time>2019-09-17T12:52:37Z</time>
					<extensions>
						<ns3:TrackPointExtension>
							<ns3:speed>2.81</ns3:speed>
						</ns3:TrackPointExtension>
					</extensions>
			</trkpt>
			<trkpt lat="35.949223" lon="120.180984">
				<ele>-62.0</ele>
				<time>2019-09-17T12:52:38Z</time>
					<extensions>
						<ns3:TrackPointExtension>
							<ns3:speed>2.83</ns3:speed>
						</ns3:TrackPointExtension>
					</extensions>
			</trkpt>
			<trkpt lat="35.949207" lon="120.18096">
				<ele>-62.0</ele>
				<time>2019-09-17T12:52:38Z</time>
					<extensions>
						<ns3:TrackPointExtension>
							<ns3:speed>2.83</ns3:speed>
						</ns3:TrackPointExtension>
					</extensions>
			</trkpt>
			<trkpt lat="35.949192" lon="120.18093">
				<ele>-62.0</ele>
				<time>2019-09-17T12:52:39Z</time>
					<extensions>
						<ns3:TrackPointExtension>
							<ns3:speed>2.86</ns3:speed>
						</ns3:TrackPointExtension>
					</extensions>
			</trkpt>
			<trkpt lat="35.949173" lon="120.1809">
				<ele>-62.0</ele>
				<time>2019-09-17T12:52:40Z</time>
					<extensions>
						<ns3:TrackPointExtension>
							<ns3:speed>2.86</ns3:speed>
						</ns3:TrackPointExtension>
					</extensions>
			</trkpt>
			<trkpt lat="35.949158" lon="120.18088">
				<ele>-62.0</ele>
				<time>2019-09-17T12:52:41Z</time>
					<extensions>
						<ns3:TrackPointExtension>
							<ns3:speed>2.89</ns3:speed>
						</ns3:TrackPointExtension>
					</extensions>
			</trkpt>
			<trkpt lat="35.94914" lon="120.18086">
				<ele>-62.0</ele>
				<time>2019-09-17T12:52:42Z</time>
					<extensions>
						<ns3:TrackPointExtension>
							<ns3:speed>2.89</ns3:speed>
						</ns3:TrackPointExtension>
					</extensions>
			</trkpt>
			<trkpt lat="35.949127" lon="120.18084">
				<ele>-62.0</ele>
				<time>2019-09-17T12:52:43Z</time>
					<extensions>
						<ns3:TrackPointExtension>
							<ns3:speed>2.89</ns3:speed>
						</ns3:TrackPointExtension>
					</extensions>
			</trkpt>
			<trkpt lat="35.949116" lon="120.18082">
				<ele>-62.0</ele>
				<time>2019-09-17T12:52:44Z</time>
					<extensions>
						<ns3:TrackPointExtension>
							<ns3:speed>2.88</ns3:speed>
						</ns3:TrackPointExtension>
					</extensions>
			</trkpt>
			<trkpt lat="35.9491" lon="120.18081">
				<ele>-62.0</ele>
				<time>2019-09-17T12:52:45Z</time>
					<extensions>
						<ns3:TrackPointExtension>
							<ns3:speed>2.88</ns3:speed>
						</ns3:TrackPointExtension>
					</extensions>
			</trkpt>
			<trkpt lat="35.94909" lon="120.180786">
				<ele>-62.0</ele>
				<time>2019-09-17T12:52:46Z</time>
					<extensions>
						<ns3:TrackPointExtension>
							<ns3:speed>2.82</ns3:speed>
						</ns3:TrackPointExtension>
					</extensions>
			</trkpt>
			<trkpt lat="35.949078" lon="120.18076">
				<ele>-62.0</ele>
				<time>2019-09-17T12:52:47Z</time>
					<extensions>
						<ns3:TrackPointExtension>
							<ns3:speed>2.8</ns3:speed>
						</ns3:TrackPointExtension>
					</extensions>
			</trkpt>
			<trkpt lat="35.949062" lon="120.18075">
				<ele>-62.0</ele>
				<time>2019-09-17T12:52:48Z</time>
					<extensions>
						<ns3:TrackPointExtension>
							<ns3:speed>2.77</ns3:speed>
						</ns3:TrackPointExtension>
					</extensions>
			</trkpt>
			<trkpt lat="35.949047" lon="120.180725">
				<ele>-62.0</ele>
				<time>2019-09-17T12:52:49Z</time>
					<extensions>
						<ns3:TrackPointExtension>
							<ns3:speed>2.73</ns3:speed>
						</ns3:TrackPointExtension>
					</extensions>
			</trkpt>
			<trkpt lat="35.94903" lon="120.1807">
				<ele>-62.0</ele>
				<time>2019-09-17T12:52:50Z</time>
					<extensions>
						<ns3:TrackPointExtension>
							<ns3:speed>2.73</ns3:speed>
						</ns3:TrackPointExtension>
					</extensions>
			</trkpt>
			<trkpt lat="35.949017" lon="120.18067">
				<ele>-62.0</ele>
				<time>2019-09-17T12:52:51Z</time>
					<extensions>
						<ns3:TrackPointExtension>
							<ns3:speed>2.69</ns3:speed>
						</ns3:TrackPointExtension>
					</extensions>
			</trkpt>
			<trkpt lat="35.948997" lon="120.18064">
				<ele>-62.0</ele>
				<time>2019-09-17T12:52:52Z</time>
					<extensions>
						<ns3:TrackPointExtension>
							<ns3:speed>2.68</ns3:speed>
						</ns3:TrackPointExtension>
					</extensions>
			</trkpt>
			<trkpt lat="35.94898" lon="120.18061">
				<ele>-62.0</ele>
				<time>2019-09-17T12:52:53Z</time>
					<extensions>
						<ns3:TrackPointExtension>
							<ns3:speed>2.68</ns3:speed>
						</ns3:TrackPointExtension>
					</extensions>
			</trkpt>
			<trkpt lat="35.948975" lon="120.18058">
				<ele>-62.0</ele>
				<time>2019-09-17T12:52:54Z</time>
					<extensions>
						<ns3:TrackPointExtension>
							<ns3:speed>2.68</ns3:speed>
						</ns3:TrackPointExtension>
					</extensions>
			</trkpt>
			<trkpt lat="35.94897" lon="120.18055">
				<ele>-62.0</ele>
				<time>2019-09-17T12:52:55Z</time>
					<extensions>
						<ns3:TrackPointExtension>
							<ns3:speed>2.68</ns3:speed>
						</ns3:TrackPointExtension>
					</extensions>
			</trkpt>
			<trkpt lat="35.94897" lon="120.180534">
				<ele>-62.0</ele>
				<time>2019-09-17T12:52:56Z</time>
					<extensions>
						<ns3:TrackPointExtension>
							<ns3:speed>2.69</ns3:speed>
						</ns3:TrackPointExtension>
					</extensions>
			</trkpt>
			<trkpt lat="35.94897" lon="120.18049">
				<ele>-62.0</ele>
				<time>2019-09-17T12:52:57Z</time>
					<extensions>
						<ns3:TrackPointExtension>
							<ns3:speed>2.69</ns3:speed>
						</ns3:TrackPointExtension>
					</extensions>
			</trkpt>
			<trkpt lat="35.94897" lon="120.18046">
				<ele>-62.0</ele>
				<time>2019-09-17T12:52:58Z</time>
					<extensions>
						<ns3:TrackPointExtension>
							<ns3:speed>2.69</ns3:speed>
						</ns3:TrackPointExtension>
					</extensions>
			</trkpt>
			<trkpt lat="35.948967" lon="120.18042">
				<ele>-62.0</ele>
				<time>2019-09-17T12:52:59Z</time>
					<extensions>
						<ns3:TrackPointExtension>
							<ns3:speed>2.7</ns3:speed>
						</ns3:TrackPointExtension>
					</extensions>
			</trkpt>
			<trkpt lat="35.94896" lon="120.18039">
				<ele>-62.0</ele>
				<time>2019-09-17T12:53:00Z</time>
					<extensions>
						<ns3:TrackPointExtension>
							<ns3:speed>2.7</ns3:speed>
						</ns3:TrackPointExtension>
					</extensions>
			</trkpt>
			<trkpt lat="35.948948" lon="120.18036">
				<ele>-62.0</ele>
				<time>2019-09-17T12:53:01Z</time>
					<extensions>
						<ns3:TrackPointExtension>
							<ns3:speed>2.73</ns3:speed>
						</ns3:TrackPointExtension>
					</extensions>
			</trkpt>
			<trkpt lat="35.948936" lon="120.18033">
				<ele>-62.0</ele>
				<time>2019-09-17T12:53:02Z</time>
					<extensions>
						<ns3:TrackPointExtension>
							<ns3:speed>2.73</ns3:speed>
						</ns3:TrackPointExtension>
					</extensions>
			</trkpt>
			<trkpt lat="35.94891" lon="120.1803">
				<ele>-62.0</ele>
				<time>2019-09-17T12:53:03Z</time>
					<extensions>
						<ns3:TrackPointExtension>
							<ns3:speed>2.77</ns3:speed>
						</ns3:TrackPointExtension>
					</extensions>
			</trkpt>
			<trkpt lat="35.9489" lon="120.180275">
				<ele>-61.0</ele>
				<time>2019-09-17T12:53:04Z</time>
					<extensions>
						<ns3:TrackPointExtension>
							<ns3:speed>2.8</ns3:speed>
						</ns3:TrackPointExtension>
					</extensions>
			</trkpt>
			<trkpt lat="35.948887" lon="120.180244">
				<ele>-61.0</ele>
				<time>2019-09-17T12:53:05Z</time>
					<extensions>
						<ns3:TrackPointExtension>
							<ns3:speed>2.8</ns3:speed>
						</ns3:TrackPointExtension>
					</extensions>
			</trkpt>
			<trkpt lat="35.94887" lon="120.180214">
				<ele>-61.0</ele>
				<time>2019-09-17T12:53:06Z</time>
					<extensions>
						<ns3:TrackPointExtension>
							<ns3:speed>2.81</ns3:speed>
						</ns3:TrackPointExtension>
					</extensions>
			</trkpt>
			<trkpt lat="35.94886" lon="120.18018">
				<ele>-61.0</ele>
				<time>2019-09-17T12:53:07Z</time>
					<extensions>
						<ns3:TrackPointExtension>
							<ns3:speed>2.81</ns3:speed>
						</ns3:TrackPointExtension>
					</extensions>
			</trkpt>
			<trkpt lat="35.948845" lon="120.18016">
				<ele>-61.0</ele>
				<time>2019-09-17T12:53:08Z</time>
					<extensions>
						<ns3:TrackPointExtension>
							<ns3:speed>2.84</ns3:speed>
						</ns3:TrackPointExtension>
					</extensions>
			</trkpt>
			<trkpt lat="35.948837" lon="120.180145">
				<ele>-61.0</ele>
				<time>2019-09-17T12:53:09Z</time>
					<extensions>
						<ns3:TrackPointExtension>
							<ns3:speed>2.84</ns3:speed>
						</ns3:TrackPointExtension>
					</extensions>
			</trkpt>
			<trkpt lat="35.948822" lon="120.180115">
				<ele>-61.0</ele>
				<time>2019-09-17T12:53:10Z</time>
					<extensions>
						<ns3:TrackPointExtension>
							<ns3:speed>2.84</ns3:speed>
						</ns3:TrackPointExtension>
					</extensions>
			</trkpt>
			<trkpt lat="35.94881" lon="120.180084">
				<ele>-61.0</ele>
				<time>2019-09-17T12:53:11Z</time>
					<extensions>
						<ns3:TrackPointExtension>
							<ns3:speed>2.84</ns3:speed>
						</ns3:TrackPointExtension>
					</extensions>
			</trkpt>
			<trkpt lat="35.948803" lon="120.18005">
				<ele>-61.0</ele>
				<time>2019-09-17T12:53:12Z</time>
					<extensions>
						<ns3:TrackPointExtension>
							<ns3:speed>2.84</ns3:speed>
						</ns3:TrackPointExtension>
					</extensions>
			</trkpt>
			<trkpt lat="35.94879" lon="120.180016">
				<ele>-61.0</ele>
				<time>2019-09-17T12:53:13Z</time>
					<extensions>
						<ns3:TrackPointExtension>
							<ns3:speed>2.83</ns3:speed>
						</ns3:TrackPointExtension>
					</extensions>
			</trkpt>
			<trkpt lat="35.948784" lon="120.179985">
				<ele>-61.0</ele>
				<time>2019-09-17T12:53:14Z</time>
					<extensions>
						<ns3:TrackPointExtension>
							<ns3:speed>2.82</ns3:speed>
						</ns3:TrackPointExtension>
					</extensions>
			</trkpt>
			<trkpt lat="35.948776" lon="120.17995">
				<ele>-61.0</ele>
				<time>2019-09-17T12:53:15Z</time>
					<extensions>
						<ns3:TrackPointExtension>
							<ns3:speed>2.83</ns3:speed>
						</ns3:TrackPointExtension>
					</extensions>
			</trkpt>
			<trkpt lat="35.94877" lon="120.17992">
				<ele>-61.0</ele>
				<time>2019-09-17T12:53:16Z</time>
					<extensions>
						<ns3:TrackPointExtension>
							<ns3:speed>2.84</ns3:speed>
						</ns3:TrackPointExtension>
					</extensions>
			</trkpt>
			<trkpt lat="35.948753" lon="120.17988">
				<ele>-61.0</ele>
				<time>2019-09-17T12:53:17Z</time>
					<extensions>
						<ns3:TrackPointExtension>
							<ns3:speed>2.84</ns3:speed>
						</ns3:TrackPointExtension>
					</extensions>
			</trkpt>
			<trkpt lat="35.948742" lon="120.17985">
				<ele>-61.0</ele>
				<time>2019-09-17T12:53:18Z</time>
					<extensions>
						<ns3:TrackPointExtension>
							<ns3:speed>2.89</ns3:speed>
						</ns3:TrackPointExtension>
					</extensions>
			</trkpt>
			<trkpt lat="35.948727" lon="120.1798">
				<ele>-61.0</ele>
				<time>2019-09-17T12:53:19Z</time>
					<extensions>
						<ns3:TrackPointExtension>
							<ns3:speed>2.89</ns3:speed>
						</ns3:TrackPointExtension>
					</extensions>
			</trkpt>
			<trkpt lat="35.948715" lon="120.17977">
				<ele>-61.0</ele>
				<time>2019-09-17T12:53:20Z</time>
					<extensions>
						<ns3:TrackPointExtension>
							<ns3:speed>2.95</ns3:speed>
						</ns3:TrackPointExtension>
					</extensions>
			</trkpt>
			<trkpt lat="35.9487" lon="120.17974">
				<ele>-61.0</ele>
				<time>2019-09-17T12:53:21Z</time>
					<extensions>
						<ns3:TrackPointExtension>
							<ns3:speed>2.98</ns3:speed>
						</ns3:TrackPointExtension>
					</extensions>
			</trkpt>
			<trkpt lat="35.948685" lon="120.17971">
				<ele>-61.0</ele>
				<time>2019-09-17T12:53:22Z</time>
					<extensions>
						<ns3:TrackPointExtension>
							<ns3:speed>3.01</ns3:speed>
						</ns3:TrackPointExtension>
					</extensions>
			</trkpt>
			<trkpt lat="35.94867" lon="120.17967">
				<ele>-61.0</ele>
				<time>2019-09-17T12:53:23Z</time>
					<extensions>
						<ns3:TrackPointExtension>
							<ns3:speed>3.03</ns3:speed>
						</ns3:TrackPointExtension>
					</extensions>
			</trkpt>
			<trkpt lat="35.948658" lon="120.17964">
				<ele>-61.0</ele>
				<time>2019-09-17T12:53:24Z</time>
					<extensions>
						<ns3:TrackPointExtension>
							<ns3:speed>3.03</ns3:speed>
						</ns3:TrackPointExtension>
					</extensions>
			</trkpt>
			<trkpt lat="35.948643" lon="120.17961">
				<ele>-61.0</ele>
				<time>2019-09-17T12:53:25Z</time>
					<extensions>
						<ns3:TrackPointExtension>
							<ns3:speed>3.08</ns3:speed>
						</ns3:TrackPointExtension>
					</extensions>
			</trkpt>
			<trkpt lat="35.948627" lon="120.17958">
				<ele>-61.0</ele>
				<time>2019-09-17T12:53:26Z</time>
					<extensions>
						<ns3:TrackPointExtension>
							<ns3:speed>3.1</ns3:speed>
						</ns3:TrackPointExtension>
					</extensions>
			</trkpt>
			<trkpt lat="35.948612" lon="120.17955">
				<ele>-61.0</ele>
				<time>2019-09-17T12:53:27Z</time>
					<extensions>
						<ns3:TrackPointExtension>
							<ns3:speed>3.12</ns3:speed>
						</ns3:TrackPointExtension>
					</extensions>
			</trkpt>
			<trkpt lat="35.948593" lon="120.179504">
				<ele>-61.0</ele>
				<time>2019-09-17T12:53:28Z</time>
					<extensions>
						<ns3:TrackPointExtension>
							<ns3:speed>3.14</ns3:speed>
						</ns3:TrackPointExtension>
					</extensions>
			</trkpt>
			<trkpt lat="35.948578" lon="120.17947">
				<ele>-61.0</ele>
				<time>2019-09-17T12:53:29Z</time>
					<extensions>
						<ns3:TrackPointExtension>
							<ns3:speed>3.14</ns3:speed>
						</ns3:TrackPointExtension>
					</extensions>
			</trkpt>
			<trkpt lat="35.948555" lon="120.17943">
				<ele>-61.0</ele>
				<time>2019-09-17T12:53:30Z</time>
					<extensions>
						<ns3:TrackPointExtension>
							<ns3:speed>3.18</ns3:speed>
						</ns3:TrackPointExtension>
					</extensions>
			</trkpt>
			<trkpt lat="35.948544" lon="120.1794">
				<ele>-61.0</ele>
				<time>2019-09-17T12:53:31Z</time>
					<extensions>
						<ns3:TrackPointExtension>
							<ns3:speed>3.18</ns3:speed>
						</ns3:TrackPointExtension>
					</extensions>
			</trkpt>
			<trkpt lat="35.948532" lon="120.17937">
				<ele>-61.0</ele>
				<time>2019-09-17T12:53:32Z</time>
					<extensions>
						<ns3:TrackPointExtension>
							<ns3:speed>3.23</ns3:speed>
						</ns3:TrackPointExtension>
					</extensions>
			</trkpt>
			<trkpt lat="35.94852" lon="120.17934">
				<ele>-61.0</ele>
				<time>2019-09-17T12:53:33Z</time>
					<extensions>
						<ns3:TrackPointExtension>
							<ns3:speed>3.25</ns3:speed>
						</ns3:TrackPointExtension>
					</extensions>
			</trkpt>
			<trkpt lat="35.94851" lon="120.179306">
				<ele>-61.0</ele>
				<time>2019-09-17T12:53:34Z</time>
					<extensions>
						<ns3:TrackPointExtension>
							<ns3:speed>3.25</ns3:speed>
						</ns3:TrackPointExtension>
					</extensions>
			</trkpt>
			<trkpt lat="35.948498" lon="120.17927">
				<ele>-61.0</ele>
				<time>2019-09-17T12:53:35Z</time>
					<extensions>
						<ns3:TrackPointExtension>
							<ns3:speed>3.25</ns3:speed>
						</ns3:TrackPointExtension>
					</extensions>
			</trkpt>
			<trkpt lat="35.948486" lon="120.17924">
				<ele>-61.0</ele>
				<time>2019-09-17T12:53:36Z</time>
					<extensions>
						<ns3:TrackPointExtension>
							<ns3:speed>3.25</ns3:speed>
						</ns3:TrackPointExtension>
					</extensions>
			</trkpt>
			<trkpt lat="35.948475" lon="120.17922">
				<ele>-61.0</ele>
				<time>2019-09-17T12:53:37Z</time>
					<extensions>
						<ns3:TrackPointExtension>
							<ns3:speed>3.23</ns3:speed>
						</ns3:TrackPointExtension>
					</extensions>
			</trkpt>
			<trkpt lat="35.948467" lon="120.1792">
				<ele>-61.0</ele>
				<time>2019-09-17T12:53:38Z</time>
					<extensions>
						<ns3:TrackPointExtension>
							<ns3:speed>3.21</ns3:speed>
						</ns3:TrackPointExtension>
					</extensions>
			</trkpt>
			<trkpt lat="35.948456" lon="120.17917">
				<ele>-61.0</ele>
				<time>2019-09-17T12:53:39Z</time>
					<extensions>
						<ns3:TrackPointExtension>
							<ns3:speed>3.18</ns3:speed>
						</ns3:TrackPointExtension>
					</extensions>
			</trkpt>
			<trkpt lat="35.94844" lon="120.17914">
				<ele>-61.0</ele>
				<time>2019-09-17T12:53:40Z</time>
					<extensions>
						<ns3:TrackPointExtension>
							<ns3:speed>3.16</ns3:speed>
						</ns3:TrackPointExtension>
					</extensions>
			</trkpt>
			<trkpt lat="35.948425" lon="120.1791">
				<ele>-61.0</ele>
				<time>2019-09-17T12:53:41Z</time>
					<extensions>
						<ns3:TrackPointExtension>
							<ns3:speed>3.16</ns3:speed>
						</ns3:TrackPointExtension>
					</extensions>
			</trkpt>
			<trkpt lat="35.948414" lon="120.17907">
				<ele>-61.0</ele>
				<time>2019-09-17T12:53:42Z</time>
					<extensions>
						<ns3:TrackPointExtension>
							<ns3:speed>3.14</ns3:speed>
						</ns3:TrackPointExtension>
					</extensions>
			</trkpt>
			<trkpt lat="35.9484" lon="120.17902">
				<ele>-61.0</ele>
				<time>2019-09-17T12:53:43Z</time>
					<extensions>
						<ns3:TrackPointExtension>
							<ns3:speed>3.13</ns3:speed>
						</ns3:TrackPointExtension>
					</extensions>
			</trkpt>
			<trkpt lat="35.948387" lon="120.17899">
				<ele>-61.0</ele>
				<time>2019-09-17T12:53:44Z</time>
					<extensions>
						<ns3:TrackPointExtension>
							<ns3:speed>3.15</ns3:speed>
						</ns3:TrackPointExtension>
					</extensions>
			</trkpt>
			<trkpt lat="35.94837" lon="120.17896">
				<ele>-61.0</ele>
				<time>2019-09-17T12:53:45Z</time>
					<extensions>
						<ns3:TrackPointExtension>
							<ns3:speed>3.16</ns3:speed>
						</ns3:TrackPointExtension>
					</extensions>
			</trkpt>
			<trkpt lat="35.94836" lon="120.17893">
				<ele>-61.0</ele>
				<time>2019-09-17T12:53:46Z</time>
					<extensions>
						<ns3:TrackPointExtension>
							<ns3:speed>3.16</ns3:speed>
						</ns3:TrackPointExtension>
					</extensions>
			</trkpt>
			<trkpt lat="35.948345" lon="120.1789">
				<ele>-61.0</ele>
				<time>2019-09-17T12:53:47Z</time>
					<extensions>
						<ns3:TrackPointExtension>
							<ns3:speed>3.17</ns3:speed>
						</ns3:TrackPointExtension>
					</extensions>
			</trkpt>
			<trkpt lat="35.94833" lon="120.17887">
				<ele>-61.0</ele>
				<time>2019-09-17T12:53:48Z</time>
					<extensions>
						<ns3:TrackPointExtension>
							<ns3:speed>3.18</ns3:speed>
						</ns3:TrackPointExtension>
					</extensions>
			</trkpt>
			<trkpt lat="35.94832" lon="120.17884">
				<ele>-61.0</ele>
				<time>2019-09-17T12:53:49Z</time>
					<extensions>
						<ns3:TrackPointExtension>
							<ns3:speed>3.18</ns3:speed>
						</ns3:TrackPointExtension>
					</extensions>
			</trkpt>
			<trkpt lat="35.948307" lon="120.17881">
				<ele>-61.0</ele>
				<time>2019-09-17T12:53:50Z</time>
					<extensions>
						<ns3:TrackPointExtension>
							<ns3:speed>3.19</ns3:speed>
						</ns3:TrackPointExtension>
					</extensions>
			</trkpt>
			<trkpt lat="35.948296" lon="120.17878">
				<ele>-61.0</ele>
				<time>2019-09-17T12:53:51Z</time>
					<extensions>
						<ns3:TrackPointExtension>
							<ns3:speed>3.19</ns3:speed>
						</ns3:TrackPointExtension>
					</extensions>
			</trkpt>
			<trkpt lat="35.948284" lon="120.17876">
				<ele>-61.0</ele>
				<time>2019-09-17T12:53:52Z</time>
					<extensions>
						<ns3:TrackPointExtension>
							<ns3:speed>3.2</ns3:speed>
						</ns3:TrackPointExtension>
					</extensions>
			</trkpt>
			<trkpt lat="35.948277" lon="120.17874">
				<ele>-61.0</ele>
				<time>2019-09-17T12:53:53Z</time>
					<extensions>
						<ns3:TrackPointExtension>
							<ns3:speed>3.19</ns3:speed>
						</ns3:TrackPointExtension>
					</extensions>
			</trkpt>
			<trkpt lat="35.94827" lon="120.17873">
				<ele>-61.0</ele>
				<time>2019-09-17T12:53:54Z</time>
					<extensions>
						<ns3:TrackPointExtension>
							<ns3:speed>3.16</ns3:speed>
						</ns3:TrackPointExtension>
					</extensions>
			</trkpt>
			<trkpt lat="35.948265" lon="120.17872">
				<ele>-61.0</ele>
				<time>2019-09-17T12:53:55Z</time>
					<extensions>
						<ns3:TrackPointExtension>
							<ns3:speed>3.12</ns3:speed>
						</ns3:TrackPointExtension>
					</extensions>
			</trkpt>
			<trkpt lat="35.94826" lon="120.17871">
				<ele>-61.0</ele>
				<time>2019-09-17T12:53:56Z</time>
					<extensions>
						<ns3:TrackPointExtension>
							<ns3:speed>3.12</ns3:speed>
						</ns3:TrackPointExtension>
					</extensions>
			</trkpt>
			<trkpt lat="35.94826" lon="120.178696">
				<ele>-61.0</ele>
				<time>2019-09-17T12:53:57Z</time>
					<extensions>
						<ns3:TrackPointExtension>
							<ns3:speed>2.96</ns3:speed>
						</ns3:TrackPointExtension>
					</extensions>
			</trkpt>
			<trkpt lat="35.948254" lon="120.17869">
				<ele>-61.0</ele>
				<time>2019-09-17T12:53:58Z</time>
					<extensions>
						<ns3:TrackPointExtension>
							<ns3:speed>2.96</ns3:speed>
						</ns3:TrackPointExtension>
					</extensions>
			</trkpt>
			<trkpt lat="35.948235" lon="120.17869">
				<ele>-61.0</ele>
				<time>2019-09-17T12:53:59Z</time>
					<extensions>
						<ns3:TrackPointExtension>
							<ns3:speed>2.77</ns3:speed>
						</ns3:TrackPointExtension>
					</extensions>
			</trkpt>
			<trkpt lat="35.948223" lon="120.17868">
				<ele>-61.0</ele>
				<time>2019-09-17T12:54:00Z</time>
					<extensions>
						<ns3:TrackPointExtension>
							<ns3:speed>2.69</ns3:speed>
						</ns3:TrackPointExtension>
					</extensions>
			</trkpt>
			<trkpt lat="35.948208" lon="120.17866">
				<ele>-61.0</ele>
				<time>2019-09-17T12:54:01Z</time>
					<extensions>
						<ns3:TrackPointExtension>
							<ns3:speed>2.69</ns3:speed>
						</ns3:TrackPointExtension>
					</extensions>
			</trkpt>
			<trkpt lat="35.948193" lon="120.17863">
				<ele>-61.0</ele>
				<time>2019-09-17T12:54:02Z</time>
					<extensions>
						<ns3:TrackPointExtension>
							<ns3:speed>2.59</ns3:speed>
						</ns3:TrackPointExtension>
					</extensions>
			</trkpt>
			<trkpt lat="35.948166" lon="120.1786">
				<ele>-61.0</ele>
				<time>2019-09-17T12:54:03Z</time>
					<extensions>
						<ns3:TrackPointExtension>
							<ns3:speed>2.59</ns3:speed>
						</ns3:TrackPointExtension>
					</extensions>
			</trkpt>
			<trkpt lat="35.94814" lon="120.17859">
				<ele>-61.0</ele>
				<time>2019-09-17T12:54:04Z</time>
					<extensions>
						<ns3:TrackPointExtension>
							<ns3:speed>2.58</ns3:speed>
						</ns3:TrackPointExtension>
					</extensions>
			</trkpt>
			<trkpt lat="35.948112" lon="120.178566">
				<ele>-61.0</ele>
				<time>2019-09-17T12:54:05Z</time>
					<extensions>
						<ns3:TrackPointExtension>
							<ns3:speed>2.59</ns3:speed>
						</ns3:TrackPointExtension>
					</extensions>
			</trkpt>
			<trkpt lat="35.948082" lon="120.178566">
				<ele>-61.0</ele>
				<time>2019-09-17T12:54:06Z</time>
					<extensions>
						<ns3:TrackPointExtension>
							<ns3:speed>2.59</ns3:speed>
						</ns3:TrackPointExtension>
					</extensions>
			</trkpt>
			<trkpt lat="35.94805" lon="120.17856">
				<ele>-61.0</ele>
				<time>2019-09-17T12:54:07Z</time>
					<extensions>
						<ns3:TrackPointExtension>
							<ns3:speed>2.65</ns3:speed>
						</ns3:TrackPointExtension>
					</extensions>
			</trkpt>
			<trkpt lat="35.94802" lon="120.17854">
				<ele>-61.0</ele>
				<time>2019-09-17T12:54:08Z</time>
					<extensions>
						<ns3:TrackPointExtension>
							<ns3:speed>2.65</ns3:speed>
						</ns3:TrackPointExtension>
					</extensions>
			</trkpt>
			<trkpt lat="35.947994" lon="120.17854">
				<ele>-61.0</ele>
				<time>2019-09-17T12:54:09Z</time>
					<extensions>
						<ns3:TrackPointExtension>
							<ns3:speed>2.73</ns3:speed>
						</ns3:TrackPointExtension>
					</extensions>
			</trkpt>
			<trkpt lat="35.947964" lon="120.17856">
				<ele>-60.0</ele>
				<time>2019-09-17T12:54:10Z</time>
					<extensions>
						<ns3:TrackPointExtension>
							<ns3:speed>2.76</ns3:speed>
						</ns3:TrackPointExtension>
					</extensions>
			</trkpt>
			<trkpt lat="35.947937" lon="120.17856">
				<ele>-60.0</ele>
				<time>2019-09-17T12:54:11Z</time>
					<extensions>
						<ns3:TrackPointExtension>
							<ns3:speed>2.78</ns3:speed>
						</ns3:TrackPointExtension>
					</extensions>
			</trkpt>
			<trkpt lat="35.94791" lon="120.17854">
				<ele>-60.0</ele>
				<time>2019-09-17T12:54:12Z</time>
					<extensions>
						<ns3:TrackPointExtension>
							<ns3:speed>2.8</ns3:speed>
						</ns3:TrackPointExtension>
					</extensions>
			</trkpt>
			<trkpt lat="35.94788" lon="120.17854">
				<ele>-60.0</ele>
				<time>2019-09-17T12:54:13Z</time>
					<extensions>
						<ns3:TrackPointExtension>
							<ns3:speed>2.8</ns3:speed>
						</ns3:TrackPointExtension>
					</extensions>
			</trkpt>
			<trkpt lat="35.947857" lon="120.178535">
				<ele>-60.0</ele>
				<time>2019-09-17T12:54:14Z</time>
					<extensions>
						<ns3:TrackPointExtension>
							<ns3:speed>2.84</ns3:speed>
						</ns3:TrackPointExtension>
					</extensions>
			</trkpt>
			<trkpt lat="35.94784" lon="120.17853">
				<ele>-60.0</ele>
				<time>2019-09-17T12:54:15Z</time>
					<extensions>
						<ns3:TrackPointExtension>
							<ns3:speed>2.85</ns3:speed>
						</ns3:TrackPointExtension>
					</extensions>
			</trkpt>
			<trkpt lat="35.94781" lon="120.17851">
				<ele>-60.0</ele>
				<time>2019-09-17T12:54:16Z</time>
					<extensions>
						<ns3:TrackPointExtension>
							<ns3:speed>2.86</ns3:speed>
						</ns3:TrackPointExtension>
					</extensions>
			</trkpt>
			<trkpt lat="35.947784" lon="120.178505">
				<ele>-60.0</ele>
				<time>2019-09-17T12:54:17Z</time>
					<extensions>
						<ns3:TrackPointExtension>
							<ns3:speed>2.86</ns3:speed>
						</ns3:TrackPointExtension>
					</extensions>
			</trkpt>
			<trkpt lat="35.947758" lon="120.17849">
				<ele>-60.0</ele>
				<time>2019-09-17T12:54:18Z</time>
					<extensions>
						<ns3:TrackPointExtension>
							<ns3:speed>2.86</ns3:speed>
						</ns3:TrackPointExtension>
					</extensions>
			</trkpt>
			<trkpt lat="35.947727" lon="120.17849">
				<ele>-60.0</ele>
				<time>2019-09-17T12:54:19Z</time>
					<extensions>
						<ns3:TrackPointExtension>
							<ns3:speed>2.86</ns3:speed>
						</ns3:TrackPointExtension>
					</extensions>
			</trkpt>
			<trkpt lat="35.947704" lon="120.17848">
				<ele>-59.0</ele>
				<time>2019-09-17T12:54:20Z</time>
					<extensions>
						<ns3:TrackPointExtension>
							<ns3:speed>2.87</ns3:speed>
						</ns3:TrackPointExtension>
					</extensions>
			</trkpt>
			<trkpt lat="35.947678" lon="120.178474">
				<ele>-59.0</ele>
				<time>2019-09-17T12:54:21Z</time>
					<extensions>
						<ns3:TrackPointExtension>
							<ns3:speed>2.88</ns3:speed>
						</ns3:TrackPointExtension>
					</extensions>
			</trkpt>
			<trkpt lat="35.94765" lon="120.17846">
				<ele>-59.0</ele>
				<time>2019-09-17T12:54:22Z</time>
					<extensions>
						<ns3:TrackPointExtension>
							<ns3:speed>2.89</ns3:speed>
						</ns3:TrackPointExtension>
					</extensions>
			</trkpt>
			<trkpt lat="35.947628" lon="120.17845">
				<ele>-59.0</ele>
				<time>2019-09-17T12:54:23Z</time>
					<extensions>
						<ns3:TrackPointExtension>
							<ns3:speed>2.89</ns3:speed>
						</ns3:TrackPointExtension>
					</extensions>
			</trkpt>
			<trkpt lat="35.9476" lon="120.17842">
				<ele>-59.0</ele>
				<time>2019-09-17T12:54:24Z</time>
					<extensions>
						<ns3:TrackPointExtension>
							<ns3:speed>2.92</ns3:speed>
						</ns3:TrackPointExtension>
					</extensions>
			</trkpt>
			<trkpt lat="35.947575" lon="120.17841">
				<ele>-59.0</ele>
				<time>2019-09-17T12:54:25Z</time>
					<extensions>
						<ns3:TrackPointExtension>
							<ns3:speed>2.93</ns3:speed>
						</ns3:TrackPointExtension>
					</extensions>
			</trkpt>
			<trkpt lat="35.94755" lon="120.1784">
				<ele>-59.0</ele>
				<time>2019-09-17T12:54:26Z</time>
					<extensions>
						<ns3:TrackPointExtension>
							<ns3:speed>2.94</ns3:speed>
						</ns3:TrackPointExtension>
					</extensions>
			</trkpt>
			<trkpt lat="35.947536" lon="120.17839">
				<ele>-59.0</ele>
				<time>2019-09-17T12:54:27Z</time>
					<extensions>
						<ns3:TrackPointExtension>
							<ns3:speed>2.94</ns3:speed>
						</ns3:TrackPointExtension>
					</extensions>
			</trkpt>
			<trkpt lat="35.947525" lon="120.17838">
				<ele>-59.0</ele>
				<time>2019-09-17T12:54:28Z</time>
					<extensions>
						<ns3:TrackPointExtension>
							<ns3:speed>2.94</ns3:speed>
						</ns3:TrackPointExtension>
					</extensions>
			</trkpt>
			<trkpt lat="35.947514" lon="120.17837">
				<ele>-60.0</ele>
				<time>2019-09-17T12:54:29Z</time>
					<extensions>
						<ns3:TrackPointExtension>
							<ns3:speed>2.9</ns3:speed>
						</ns3:TrackPointExtension>
					</extensions>
			</trkpt>
			<trkpt lat="35.947506" lon="120.17837">
				<ele>-60.0</ele>
				<time>2019-09-17T12:54:30Z</time>
					<extensions>
						<ns3:TrackPointExtension>
							<ns3:speed>2.9</ns3:speed>
						</ns3:TrackPointExtension>
					</extensions>
			</trkpt>
			<trkpt lat="35.9475" lon="120.17836">
				<ele>-60.0</ele>
				<time>2019-09-17T12:54:31Z</time>
					<extensions>
						<ns3:TrackPointExtension>
							<ns3:speed>2.8</ns3:speed>
						</ns3:TrackPointExtension>
					</extensions>
			</trkpt>
			<trkpt lat="35.947483" lon="120.17835">
				<ele>-60.0</ele>
				<time>2019-09-17T12:54:32Z</time>
					<extensions>
						<ns3:TrackPointExtension>
							<ns3:speed>2.73</ns3:speed>
						</ns3:TrackPointExtension>
					</extensions>
			</trkpt>
			<trkpt lat="35.94747" lon="120.17834">
				<ele>-60.0</ele>
				<time>2019-09-17T12:54:33Z</time>
					<extensions>
						<ns3:TrackPointExtension>
							<ns3:speed>2.73</ns3:speed>
						</ns3:TrackPointExtension>
					</extensions>
			</trkpt>
			<trkpt lat="35.94746" lon="120.17833">
				<ele>-60.0</ele>
				<time>2019-09-17T12:54:34Z</time>
					<extensions>
						<ns3:TrackPointExtension>
							<ns3:speed>2.61</ns3:speed>
						</ns3:TrackPointExtension>
					</extensions>
			</trkpt>
			<trkpt lat="35.94744" lon="120.17832">
				<ele>-60.0</ele>
				<time>2019-09-17T12:54:35Z</time>
					<extensions>
						<ns3:TrackPointExtension>
							<ns3:speed>2.61</ns3:speed>
						</ns3:TrackPointExtension>
					</extensions>
			</trkpt>
			<trkpt lat="35.947414" lon="120.17831">
				<ele>-60.0</ele>
				<time>2019-09-17T12:54:36Z</time>
					<extensions>
						<ns3:TrackPointExtension>
							<ns3:speed>2.51</ns3:speed>
						</ns3:TrackPointExtension>
					</extensions>
			</trkpt>
			<trkpt lat="35.94739" lon="120.1783">
				<ele>-60.0</ele>
				<time>2019-09-17T12:54:37Z</time>
					<extensions>
						<ns3:TrackPointExtension>
							<ns3:speed>2.48</ns3:speed>
						</ns3:TrackPointExtension>
					</extensions>
			</trkpt>
			<trkpt lat="35.94737" lon="120.17829">
				<ele>-60.0</ele>
				<time>2019-09-17T12:54:38Z</time>
					<extensions>
						<ns3:TrackPointExtension>
							<ns3:speed>2.46</ns3:speed>
						</ns3:TrackPointExtension>
					</extensions>
			</trkpt>
			<trkpt lat="35.947342" lon="120.17829">
				<ele>-59.0</ele>
				<time>2019-09-17T12:54:39Z</time>
					<extensions>
						<ns3:TrackPointExtension>
							<ns3:speed>2.46</ns3:speed>
						</ns3:TrackPointExtension>
					</extensions>
			</trkpt>
			<trkpt lat="35.94732" lon="120.178276">
				<ele>-59.0</ele>
				<time>2019-09-17T12:54:40Z</time>
					<extensions>
						<ns3:TrackPointExtension>
							<ns3:speed>2.46</ns3:speed>
						</ns3:TrackPointExtension>
					</extensions>
			</trkpt>
			<trkpt lat="35.947296" lon="120.17827">
				<ele>-59.0</ele>
				<time>2019-09-17T12:54:41Z</time>
					<extensions>
						<ns3:TrackPointExtension>
							<ns3:speed>2.5</ns3:speed>
						</ns3:TrackPointExtension>
					</extensions>
			</trkpt>
			<trkpt lat="35.947273" lon="120.17826">
				<ele>-59.0</ele>
				<time>2019-09-17T12:54:42Z</time>
					<extensions>
						<ns3:TrackPointExtension>
							<ns3:speed>2.51</ns3:speed>
						</ns3:TrackPointExtension>
					</extensions>
			</trkpt>
			<trkpt lat="35.947254" lon="120.178246">
				<ele>-59.0</ele>
				<time>2019-09-17T12:54:43Z</time>
					<extensions>
						<ns3:TrackPointExtension>
							<ns3:speed>2.53</ns3:speed>
						</ns3:TrackPointExtension>
					</extensions>
			</trkpt>
			<trkpt lat="35.94724" lon="120.178246">
				<ele>-59.0</ele>
				<time>2019-09-17T12:54:44Z</time>
					<extensions>
						<ns3:TrackPointExtension>
							<ns3:speed>2.53</ns3:speed>
						</ns3:TrackPointExtension>
					</extensions>
			</trkpt>
			<trkpt lat="35.947216" lon="120.17823">
				<ele>-59.0</ele>
				<time>2019-09-17T12:54:45Z</time>
					<extensions>
						<ns3:TrackPointExtension>
							<ns3:speed>2.53</ns3:speed>
						</ns3:TrackPointExtension>
					</extensions>
			</trkpt>
			<trkpt lat="35.9472" lon="120.17823">
				<ele>-59.0</ele>
				<time>2019-09-17T12:54:46Z</time>
					<extensions>
						<ns3:TrackPointExtension>
							<ns3:speed>2.53</ns3:speed>
						</ns3:TrackPointExtension>
					</extensions>
			</trkpt>
			<trkpt lat="35.947178" lon="120.178215">
				<ele>-59.0</ele>
				<time>2019-09-17T12:54:47Z</time>
					<extensions>
						<ns3:TrackPointExtension>
							<ns3:speed>2.52</ns3:speed>
						</ns3:TrackPointExtension>
					</extensions>
			</trkpt>
			<trkpt lat="35.947155" lon="120.1782">
				<ele>-59.0</ele>
				<time>2019-09-17T12:54:48Z</time>
					<extensions>
						<ns3:TrackPointExtension>
							<ns3:speed>2.51</ns3:speed>
						</ns3:TrackPointExtension>
					</extensions>
			</trkpt>
			<trkpt lat="35.947132" lon="120.1782">
				<ele>-59.0</ele>
				<time>2019-09-17T12:54:49Z</time>
					<extensions>
						<ns3:TrackPointExtension>
							<ns3:speed>2.51</ns3:speed>
						</ns3:TrackPointExtension>
					</extensions>
			</trkpt>
			<trkpt lat="35.9471" lon="120.17818">
				<ele>-59.0</ele>
				<time>2019-09-17T12:54:50Z</time>
					<extensions>
						<ns3:TrackPointExtension>
							<ns3:speed>2.51</ns3:speed>
						</ns3:TrackPointExtension>
					</extensions>
			</trkpt>
			<trkpt lat="35.94708" lon="120.17817">
				<ele>-59.0</ele>
				<time>2019-09-17T12:54:51Z</time>
					<extensions>
						<ns3:TrackPointExtension>
							<ns3:speed>2.53</ns3:speed>
						</ns3:TrackPointExtension>
					</extensions>
			</trkpt>
			<trkpt lat="35.947052" lon="120.178154">
				<ele>-59.0</ele>
				<time>2019-09-17T12:54:52Z</time>
					<extensions>
						<ns3:TrackPointExtension>
							<ns3:speed>2.54</ns3:speed>
						</ns3:TrackPointExtension>
					</extensions>
			</trkpt>
			<trkpt lat="35.947033" lon="120.17815">
				<ele>-59.0</ele>
				<time>2019-09-17T12:54:53Z</time>
					<extensions>
						<ns3:TrackPointExtension>
							<ns3:speed>2.57</ns3:speed>
						</ns3:TrackPointExtension>
					</extensions>
			</trkpt>
			<trkpt lat="35.947" lon="120.17814">
				<ele>-59.0</ele>
				<time>2019-09-17T12:54:54Z</time>
					<extensions>
						<ns3:TrackPointExtension>
							<ns3:speed>2.58</ns3:speed>
						</ns3:TrackPointExtension>
					</extensions>
			</trkpt>
			<trkpt lat="35.946983" lon="120.17812">
				<ele>-59.0</ele>
				<time>2019-09-17T12:54:55Z</time>
					<extensions>
						<ns3:TrackPointExtension>
							<ns3:speed>2.58</ns3:speed>
						</ns3:TrackPointExtension>
					</extensions>
			</trkpt>
			<trkpt lat="35.94697" lon="120.17812">
				<ele>-59.0</ele>
				<time>2019-09-17T12:54:56Z</time>
					<extensions>
						<ns3:TrackPointExtension>
							<ns3:speed>2.59</ns3:speed>
						</ns3:TrackPointExtension>
					</extensions>
			</trkpt>
			<trkpt lat="35.94696" lon="120.178116">
				<ele>-59.0</ele>
				<time>2019-09-17T12:54:57Z</time>
					<extensions>
						<ns3:TrackPointExtension>
							<ns3:speed>2.59</ns3:speed>
						</ns3:TrackPointExtension>
					</extensions>
			</trkpt>
			<trkpt lat="35.946953" lon="120.178116">
				<ele>-58.0</ele>
				<time>2019-09-17T12:54:58Z</time>
					<extensions>
						<ns3:TrackPointExtension>
							<ns3:speed>2.55</ns3:speed>
						</ns3:TrackPointExtension>
					</extensions>
			</trkpt>
			<trkpt lat="35.946945" lon="120.178116">
				<ele>-58.0</ele>
				<time>2019-09-17T12:54:59Z</time>
					<extensions>
						<ns3:TrackPointExtension>
							<ns3:speed>2.51</ns3:speed>
						</ns3:TrackPointExtension>
					</extensions>
			</trkpt>
			<trkpt lat="35.946938" lon="120.178116">
				<ele>-57.0</ele>
				<time>2019-09-17T12:55:00Z</time>
					<extensions>
						<ns3:TrackPointExtension>
							<ns3:speed>2.45</ns3:speed>
						</ns3:TrackPointExtension>
					</extensions>
			</trkpt>
			<trkpt lat="35.94693" lon="120.1781">
				<ele>-57.0</ele>
				<time>2019-09-17T12:55:01Z</time>
					<extensions>
						<ns3:TrackPointExtension>
							<ns3:speed>2.38</ns3:speed>
						</ns3:TrackPointExtension>
					</extensions>
			</trkpt>
			<trkpt lat="35.94692" lon="120.1781">
				<ele>-57.0</ele>
				<time>2019-09-17T12:55:02Z</time>
					<extensions>
						<ns3:TrackPointExtension>
							<ns3:speed>2.38</ns3:speed>
						</ns3:TrackPointExtension>
					</extensions>
			</trkpt>
			<trkpt lat="35.9469" lon="120.17809">
				<ele>-57.0</ele>
				<time>2019-09-17T12:55:03Z</time>
					<extensions>
						<ns3:TrackPointExtension>
							<ns3:speed>2.25</ns3:speed>
						</ns3:TrackPointExtension>
					</extensions>
			</trkpt>
			<trkpt lat="35.946884" lon="120.17809">
				<ele>-57.0</ele>
				<time>2019-09-17T12:55:04Z</time>
					<extensions>
						<ns3:TrackPointExtension>
							<ns3:speed>2.25</ns3:speed>
						</ns3:TrackPointExtension>
					</extensions>
			</trkpt>
			<trkpt lat="35.94686" lon="120.178085">
				<ele>-57.0</ele>
				<time>2019-09-17T12:55:05Z</time>
					<extensions>
						<ns3:TrackPointExtension>
							<ns3:speed>2.18</ns3:speed>
						</ns3:TrackPointExtension>
					</extensions>
			</trkpt>
			<trkpt lat="35.94684" lon="120.17807">
				<ele>-57.0</ele>
				<time>2019-09-17T12:55:06Z</time>
					<extensions>
						<ns3:TrackPointExtension>
							<ns3:speed>2.16</ns3:speed>
						</ns3:TrackPointExtension>
					</extensions>
			</trkpt>
			<trkpt lat="35.94681" lon="120.17806">
				<ele>-58.0</ele>
				<time>2019-09-17T12:55:07Z</time>
					<extensions>
						<ns3:TrackPointExtension>
							<ns3:speed>2.16</ns3:speed>
						</ns3:TrackPointExtension>
					</extensions>
			</trkpt>
			<trkpt lat="35.94678" lon="120.178055">
				<ele>-58.0</ele>
				<time>2019-09-17T12:55:08Z</time>
					<extensions>
						<ns3:TrackPointExtension>
							<ns3:speed>2.18</ns3:speed>
						</ns3:TrackPointExtension>
					</extensions>
			</trkpt>
			<trkpt lat="35.946754" lon="120.17804">
				<ele>-58.0</ele>
				<time>2019-09-17T12:55:09Z</time>
					<extensions>
						<ns3:TrackPointExtension>
							<ns3:speed>2.18</ns3:speed>
						</ns3:TrackPointExtension>
					</extensions>
			</trkpt>
			<trkpt lat="35.946728" lon="120.17803">
				<ele>-58.0</ele>
				<time>2019-09-17T12:55:10Z</time>
					<extensions>
						<ns3:TrackPointExtension>
							<ns3:speed>2.25</ns3:speed>
						</ns3:TrackPointExtension>
					</extensions>
			</trkpt>
			<trkpt lat="35.94671" lon="120.178024">
				<ele>-59.0</ele>
				<time>2019-09-17T12:55:11Z</time>
					<extensions>
						<ns3:TrackPointExtension>
							<ns3:speed>2.29</ns3:speed>
						</ns3:TrackPointExtension>
					</extensions>
			</trkpt>
			<trkpt lat="35.94669" lon="120.178024">
				<ele>-59.0</ele>
				<time>2019-09-17T12:55:12Z</time>
					<extensions>
						<ns3:TrackPointExtension>
							<ns3:speed>2.33</ns3:speed>
						</ns3:TrackPointExtension>
					</extensions>
			</trkpt>
			<trkpt lat="35.946674" lon="120.17801">
				<ele>-59.0</ele>
				<time>2019-09-17T12:55:13Z</time>
					<extensions>
						<ns3:TrackPointExtension>
							<ns3:speed>2.34</ns3:speed>
						</ns3:TrackPointExtension>
					</extensions>
			</trkpt>
			<trkpt lat="35.94665" lon="120.17801">
				<ele>-59.0</ele>
				<time>2019-09-17T12:55:14Z</time>
					<extensions>
						<ns3:TrackPointExtension>
							<ns3:speed>2.34</ns3:speed>
						</ns3:TrackPointExtension>
					</extensions>
			</trkpt>
			<trkpt lat="35.946625" lon="120.178">
				<ele>-59.0</ele>
				<time>2019-09-17T12:55:15Z</time>
					<extensions>
						<ns3:TrackPointExtension>
							<ns3:speed>2.35</ns3:speed>
						</ns3:TrackPointExtension>
					</extensions>
			</trkpt>
			<trkpt lat="35.9466" lon="120.17799">
				<ele>-59.0</ele>
				<time>2019-09-17T12:55:16Z</time>
					<extensions>
						<ns3:TrackPointExtension>
							<ns3:speed>2.35</ns3:speed>
						</ns3:TrackPointExtension>
					</extensions>
			</trkpt>
			<trkpt lat="35.94658" lon="120.17799">
				<ele>-59.0</ele>
				<time>2019-09-17T12:55:17Z</time>
					<extensions>
						<ns3:TrackPointExtension>
							<ns3:speed>2.36</ns3:speed>
						</ns3:TrackPointExtension>
					</extensions>
			</trkpt>
			<trkpt lat="35.946556" lon="120.17798">
				<ele>-59.0</ele>
				<time>2019-09-17T12:55:18Z</time>
					<extensions>
						<ns3:TrackPointExtension>
							<ns3:speed>2.37</ns3:speed>
						</ns3:TrackPointExtension>
					</extensions>
			</trkpt>
			<trkpt lat="35.94652" lon="120.17797">
				<ele>-59.0</ele>
				<time>2019-09-17T12:55:19Z</time>
					<extensions>
						<ns3:TrackPointExtension>
							<ns3:speed>2.37</ns3:speed>
						</ns3:TrackPointExtension>
					</extensions>
			</trkpt>
			<trkpt lat="35.94649" lon="120.17796">
				<ele>-59.0</ele>
				<time>2019-09-17T12:55:20Z</time>
					<extensions>
						<ns3:TrackPointExtension>
							<ns3:speed>2.44</ns3:speed>
						</ns3:TrackPointExtension>
					</extensions>
			</trkpt>
			<trkpt lat="35.94647" lon="120.17795">
				<ele>-59.0</ele>
				<time>2019-09-17T12:55:21Z</time>
					<extensions>
						<ns3:TrackPointExtension>
							<ns3:speed>2.44</ns3:speed>
						</ns3:TrackPointExtension>
					</extensions>
			</trkpt>
			<trkpt lat="35.946438" lon="120.17794">
				<ele>-59.0</ele>
				<time>2019-09-17T12:55:22Z</time>
					<extensions>
						<ns3:TrackPointExtension>
							<ns3:speed>2.51</ns3:speed>
						</ns3:TrackPointExtension>
					</extensions>
			</trkpt>
			<trkpt lat="35.946407" lon="120.17793">
				<ele>-59.0</ele>
				<time>2019-09-17T12:55:23Z</time>
					<extensions>
						<ns3:TrackPointExtension>
							<ns3:speed>2.55</ns3:speed>
						</ns3:TrackPointExtension>
					</extensions>
			</trkpt>
			<trkpt lat="35.946384" lon="120.17791">
				<ele>-59.0</ele>
				<time>2019-09-17T12:55:24Z</time>
					<extensions>
						<ns3:TrackPointExtension>
							<ns3:speed>2.59</ns3:speed>
						</ns3:TrackPointExtension>
					</extensions>
			</trkpt>
			<trkpt lat="35.94637" lon="120.1779">
				<ele>-59.0</ele>
				<time>2019-09-17T12:55:25Z</time>
					<extensions>
						<ns3:TrackPointExtension>
							<ns3:speed>2.63</ns3:speed>
						</ns3:TrackPointExtension>
					</extensions>
			</trkpt>
			<trkpt lat="35.946342" lon="120.17788">
				<ele>-59.0</ele>
				<time>2019-09-17T12:55:26Z</time>
					<extensions>
						<ns3:TrackPointExtension>
							<ns3:speed>2.63</ns3:speed>
						</ns3:TrackPointExtension>
					</extensions>
			</trkpt>
			<trkpt lat="35.946316" lon="120.17787">
				<ele>-59.0</ele>
				<time>2019-09-17T12:55:27Z</time>
					<extensions>
						<ns3:TrackPointExtension>
							<ns3:speed>2.68</ns3:speed>
						</ns3:TrackPointExtension>
					</extensions>
			</trkpt>
			<trkpt lat="35.946297" lon="120.17786">
				<ele>-59.0</ele>
				<time>2019-09-17T12:55:28Z</time>
					<extensions>
						<ns3:TrackPointExtension>
							<ns3:speed>2.71</ns3:speed>
						</ns3:TrackPointExtension>
					</extensions>
			</trkpt>
			<trkpt lat="35.946274" lon="120.17785">
				<ele>-59.0</ele>
				<time>2019-09-17T12:55:29Z</time>
					<extensions>
						<ns3:TrackPointExtension>
							<ns3:speed>2.72</ns3:speed>
						</ns3:TrackPointExtension>
					</extensions>
			</trkpt>
			<trkpt lat="35.94625" lon="120.17784">
				<ele>-59.0</ele>
				<time>2019-09-17T12:55:30Z</time>
					<extensions>
						<ns3:TrackPointExtension>
							<ns3:speed>2.72</ns3:speed>
						</ns3:TrackPointExtension>
					</extensions>
			</trkpt>
			<trkpt lat="35.946228" lon="120.17782">
				<ele>-59.0</ele>
				<time>2019-09-17T12:55:31Z</time>
					<extensions>
						<ns3:TrackPointExtension>
							<ns3:speed>2.72</ns3:speed>
						</ns3:TrackPointExtension>
					</extensions>
			</trkpt>
			<trkpt lat="35.946205" lon="120.17781">
				<ele>-59.0</ele>
				<time>2019-09-17T12:55:32Z</time>
					<extensions>
						<ns3:TrackPointExtension>
							<ns3:speed>2.73</ns3:speed>
						</ns3:TrackPointExtension>
					</extensions>
			</trkpt>
			<trkpt lat="35.946186" lon="120.177795">
				<ele>-59.0</ele>
				<time>2019-09-17T12:55:33Z</time>
					<extensions>
						<ns3:TrackPointExtension>
							<ns3:speed>2.73</ns3:speed>
						</ns3:TrackPointExtension>
					</extensions>
			</trkpt>
			<trkpt lat="35.946156" lon="120.17778">
				<ele>-59.0</ele>
				<time>2019-09-17T12:55:34Z</time>
					<extensions>
						<ns3:TrackPointExtension>
							<ns3:speed>2.73</ns3:speed>
						</ns3:TrackPointExtension>
					</extensions>
			</trkpt>
			<trkpt lat="35.94613" lon="120.17776">
				<ele>-59.0</ele>
				<time>2019-09-17T12:55:35Z</time>
					<extensions>
						<ns3:TrackPointExtension>
							<ns3:speed>2.74</ns3:speed>
						</ns3:TrackPointExtension>
					</extensions>
			</trkpt>
			<trkpt lat="35.946102" lon="120.17775">
				<ele>-59.0</ele>
				<time>2019-09-17T12:55:36Z</time>
					<extensions>
						<ns3:TrackPointExtension>
							<ns3:speed>2.74</ns3:speed>
						</ns3:TrackPointExtension>
					</extensions>
			</trkpt>
			<trkpt lat="35.946083" lon="120.177734">
				<ele>-59.0</ele>
				<time>2019-09-17T12:55:37Z</time>
					<extensions>
						<ns3:TrackPointExtension>
							<ns3:speed>2.78</ns3:speed>
						</ns3:TrackPointExtension>
					</extensions>
			</trkpt>
			<trkpt lat="35.94604" lon="120.17771">
				<ele>-59.0</ele>
				<time>2019-09-17T12:55:38Z</time>
					<extensions>
						<ns3:TrackPointExtension>
							<ns3:speed>2.8</ns3:speed>
						</ns3:TrackPointExtension>
					</extensions>
			</trkpt>
			<trkpt lat="35.946014" lon="120.177704">
				<ele>-59.0</ele>
				<time>2019-09-17T12:55:39Z</time>
					<extensions>
						<ns3:TrackPointExtension>
							<ns3:speed>2.83</ns3:speed>
						</ns3:TrackPointExtension>
					</extensions>
			</trkpt>
			<trkpt lat="35.945984" lon="120.177704">
				<ele>-59.0</ele>
				<time>2019-09-17T12:55:40Z</time>
					<extensions>
						<ns3:TrackPointExtension>
							<ns3:speed>2.84</ns3:speed>
						</ns3:TrackPointExtension>
					</extensions>
			</trkpt>
			<trkpt lat="35.945953" lon="120.1777">
				<ele>-59.0</ele>
				<time>2019-09-17T12:55:41Z</time>
					<extensions>
						<ns3:TrackPointExtension>
							<ns3:speed>2.84</ns3:speed>
						</ns3:TrackPointExtension>
					</extensions>
			</trkpt>
			<trkpt lat="35.94592" lon="120.1777">
				<ele>-59.0</ele>
				<time>2019-09-17T12:55:42Z</time>
					<extensions>
						<ns3:TrackPointExtension>
							<ns3:speed>2.89</ns3:speed>
						</ns3:TrackPointExtension>
					</extensions>
			</trkpt>
			<trkpt lat="35.94589" lon="120.17768">
				<ele>-59.0</ele>
				<time>2019-09-17T12:55:43Z</time>
					<extensions>
						<ns3:TrackPointExtension>
							<ns3:speed>2.93</ns3:speed>
						</ns3:TrackPointExtension>
					</extensions>
			</trkpt>
			<trkpt lat="35.945854" lon="120.17768">
				<ele>-59.0</ele>
				<time>2019-09-17T12:55:44Z</time>
					<extensions>
						<ns3:TrackPointExtension>
							<ns3:speed>2.95</ns3:speed>
						</ns3:TrackPointExtension>
					</extensions>
			</trkpt>
			<trkpt lat="35.945824" lon="120.17768">
				<ele>-59.0</ele>
				<time>2019-09-17T12:55:45Z</time>
					<extensions>
						<ns3:TrackPointExtension>
							<ns3:speed>2.98</ns3:speed>
						</ns3:TrackPointExtension>
					</extensions>
			</trkpt>
			<trkpt lat="35.9458" lon="120.17768">
				<ele>-59.0</ele>
				<time>2019-09-17T12:55:46Z</time>
					<extensions>
						<ns3:TrackPointExtension>
							<ns3:speed>2.98</ns3:speed>
						</ns3:TrackPointExtension>
					</extensions>
			</trkpt>
			<trkpt lat="35.945778" lon="120.17767">
				<ele>-59.0</ele>
				<time>2019-09-17T12:55:47Z</time>
					<extensions>
						<ns3:TrackPointExtension>
							<ns3:speed>3.03</ns3:speed>
						</ns3:TrackPointExtension>
					</extensions>
			</trkpt>
			<trkpt lat="35.945755" lon="120.177666">
				<ele>-59.0</ele>
				<time>2019-09-17T12:55:48Z</time>
					<extensions>
						<ns3:TrackPointExtension>
							<ns3:speed>3.03</ns3:speed>
						</ns3:TrackPointExtension>
					</extensions>
			</trkpt>
			<trkpt lat="35.945732" lon="120.17765">
				<ele>-59.0</ele>
				<time>2019-09-17T12:55:49Z</time>
					<extensions>
						<ns3:TrackPointExtension>
							<ns3:speed>3.05</ns3:speed>
						</ns3:TrackPointExtension>
					</extensions>
			</trkpt>
			<trkpt lat="35.945705" lon="120.17764">
				<ele>-59.0</ele>
				<time>2019-09-17T12:55:50Z</time>
					<extensions>
						<ns3:TrackPointExtension>
							<ns3:speed>3.05</ns3:speed>
						</ns3:TrackPointExtension>
					</extensions>
			</trkpt>
			<trkpt lat="35.945675" lon="120.177635">
				<ele>-59.0</ele>
				<time>2019-09-17T12:55:51Z</time>
					<extensions>
						<ns3:TrackPointExtension>
							<ns3:speed>3.05</ns3:speed>
						</ns3:TrackPointExtension>
					</extensions>
			</trkpt>
			<trkpt lat="35.945652" lon="120.17762">
				<ele>-59.0</ele>
				<time>2019-09-17T12:55:52Z</time>
					<extensions>
						<ns3:TrackPointExtension>
							<ns3:speed>3.05</ns3:speed>
						</ns3:TrackPointExtension>
					</extensions>
			</trkpt>
			<trkpt lat="35.94562" lon="120.17761">
				<ele>-59.0</ele>
				<time>2019-09-17T12:55:53Z</time>
					<extensions>
						<ns3:TrackPointExtension>
							<ns3:speed>3.05</ns3:speed>
						</ns3:TrackPointExtension>
					</extensions>
			</trkpt>
			<trkpt lat="35.94559" lon="120.177605">
				<ele>-59.0</ele>
				<time>2019-09-17T12:55:54Z</time>
					<extensions>
						<ns3:TrackPointExtension>
							<ns3:speed>3.05</ns3:speed>
						</ns3:TrackPointExtension>
					</extensions>
			</trkpt>
			<trkpt lat="35.94556" lon="120.177605">
				<ele>-59.0</ele>
				<time>2019-09-17T12:55:55Z</time>
					<extensions>
						<ns3:TrackPointExtension>
							<ns3:speed>3.07</ns3:speed>
						</ns3:TrackPointExtension>
					</extensions>
			</trkpt>
			<trkpt lat="35.94553" lon="120.17759">
				<ele>-59.0</ele>
				<time>2019-09-17T12:55:56Z</time>
					<extensions>
						<ns3:TrackPointExtension>
							<ns3:speed>3.08</ns3:speed>
						</ns3:TrackPointExtension>
					</extensions>
			</trkpt>
			<trkpt lat="35.9455" lon="120.17758">
				<ele>-59.0</ele>
				<time>2019-09-17T12:55:57Z</time>
					<extensions>
						<ns3:TrackPointExtension>
							<ns3:speed>3.09</ns3:speed>
						</ns3:TrackPointExtension>
					</extensions>
			</trkpt>
			<trkpt lat="35.945473" lon="120.177574">
				<ele>-59.0</ele>
				<time>2019-09-17T12:55:58Z</time>
					<extensions>
						<ns3:TrackPointExtension>
							<ns3:speed>3.09</ns3:speed>
						</ns3:TrackPointExtension>
					</extensions>
			</trkpt>
			<trkpt lat="35.945446" lon="120.177574">
				<ele>-59.0</ele>
				<time>2019-09-17T12:55:59Z</time>
					<extensions>
						<ns3:TrackPointExtension>
							<ns3:speed>3.12</ns3:speed>
						</ns3:TrackPointExtension>
					</extensions>
			</trkpt>
			<trkpt lat="35.94542" lon="120.17756">
				<ele>-59.0</ele>
				<time>2019-09-17T12:56:00Z</time>
					<extensions>
						<ns3:TrackPointExtension>
							<ns3:speed>3.13</ns3:speed>
						</ns3:TrackPointExtension>
					</extensions>
			</trkpt>
			<trkpt lat="35.945396" lon="120.17755">
				<ele>-59.0</ele>
				<time>2019-09-17T12:56:01Z</time>
					<extensions>
						<ns3:TrackPointExtension>
							<ns3:speed>3.13</ns3:speed>
						</ns3:TrackPointExtension>
					</extensions>
			</trkpt>
			<trkpt lat="35.94537" lon="120.17754">
				<ele>-59.0</ele>
				<time>2019-09-17T12:56:02Z</time>
					<extensions>
						<ns3:TrackPointExtension>
							<ns3:speed>3.13</ns3:speed>
						</ns3:TrackPointExtension>
					</extensions>
			</trkpt>
			<trkpt lat="35.945343" lon="120.17753">
				<ele>-59.0</ele>
				<time>2019-09-17T12:56:03Z</time>
					<extensions>
						<ns3:TrackPointExtension>
							<ns3:speed>3.13</ns3:speed>
						</ns3:TrackPointExtension>
					</extensions>
			</trkpt>
			<trkpt lat="35.945312" lon="120.17753">
				<ele>-59.0</ele>
				<time>2019-09-17T12:56:04Z</time>
					<extensions>
						<ns3:TrackPointExtension>
							<ns3:speed>3.13</ns3:speed>
						</ns3:TrackPointExtension>
					</extensions>
			</trkpt>
			<trkpt lat="35.945297" lon="120.17752">
				<ele>-59.0</ele>
				<time>2019-09-17T12:56:05Z</time>
					<extensions>
						<ns3:TrackPointExtension>
							<ns3:speed>3.12</ns3:speed>
						</ns3:TrackPointExtension>
					</extensions>
			</trkpt>
			<trkpt lat="35.94528" lon="120.17752">
				<ele>-59.0</ele>
				<time>2019-09-17T12:56:06Z</time>
					<extensions>
						<ns3:TrackPointExtension>
							<ns3:speed>3.11</ns3:speed>
						</ns3:TrackPointExtension>
					</extensions>
			</trkpt>
			<trkpt lat="35.94526" lon="120.17751">
				<ele>-59.0</ele>
				<time>2019-09-17T12:56:07Z</time>
					<extensions>
						<ns3:TrackPointExtension>
							<ns3:speed>3.09</ns3:speed>
						</ns3:TrackPointExtension>
					</extensions>
			</trkpt>
			<trkpt lat="35.945236" lon="120.1775">
				<ele>-59.0</ele>
				<time>2019-09-17T12:56:08Z</time>
					<extensions>
						<ns3:TrackPointExtension>
							<ns3:speed>3.09</ns3:speed>
						</ns3:TrackPointExtension>
					</extensions>
			</trkpt>
			<trkpt lat="35.945217" lon="120.17748">
				<ele>-59.0</ele>
				<time>2019-09-17T12:56:09Z</time>
					<extensions>
						<ns3:TrackPointExtension>
							<ns3:speed>3.04</ns3:speed>
						</ns3:TrackPointExtension>
					</extensions>
			</trkpt>
			<trkpt lat="35.9452" lon="120.17747">
				<ele>-59.0</ele>
				<time>2019-09-17T12:56:10Z</time>
					<extensions>
						<ns3:TrackPointExtension>
							<ns3:speed>3.02</ns3:speed>
						</ns3:TrackPointExtension>
					</extensions>
			</trkpt>
			<trkpt lat="35.94519" lon="120.17743">
				<ele>-59.0</ele>
				<time>2019-09-17T12:56:11Z</time>
					<extensions>
						<ns3:TrackPointExtension>
							<ns3:speed>2.99</ns3:speed>
						</ns3:TrackPointExtension>
					</extensions>
			</trkpt>
			<trkpt lat="35.94517" lon="120.1774">
				<ele>-59.0</ele>
				<time>2019-09-17T12:56:12Z</time>
					<extensions>
						<ns3:TrackPointExtension>
							<ns3:speed>2.96</ns3:speed>
						</ns3:TrackPointExtension>
					</extensions>
			</trkpt>
			<trkpt lat="35.94515" lon="120.17739">
				<ele>-59.0</ele>
				<time>2019-09-17T12:56:13Z</time>
					<extensions>
						<ns3:TrackPointExtension>
							<ns3:speed>2.96</ns3:speed>
						</ns3:TrackPointExtension>
					</extensions>
			</trkpt>
			<trkpt lat="35.945133" lon="120.177376">
				<ele>-59.0</ele>
				<time>2019-09-17T12:56:14Z</time>
					<extensions>
						<ns3:TrackPointExtension>
							<ns3:speed>2.93</ns3:speed>
						</ns3:TrackPointExtension>
					</extensions>
			</trkpt>
			<trkpt lat="35.945107" lon="120.177376">
				<ele>-59.0</ele>
				<time>2019-09-17T12:56:15Z</time>
					<extensions>
						<ns3:TrackPointExtension>
							<ns3:speed>2.93</ns3:speed>
						</ns3:TrackPointExtension>
					</extensions>
			</trkpt>
			<trkpt lat="35.94508" lon="120.17737">
				<ele>-59.0</ele>
				<time>2019-09-17T12:56:16Z</time>
					<extensions>
						<ns3:TrackPointExtension>
							<ns3:speed>2.91</ns3:speed>
						</ns3:TrackPointExtension>
					</extensions>
			</trkpt>
			<trkpt lat="35.94506" lon="120.17736">
				<ele>-59.0</ele>
				<time>2019-09-17T12:56:17Z</time>
					<extensions>
						<ns3:TrackPointExtension>
							<ns3:speed>2.9</ns3:speed>
						</ns3:TrackPointExtension>
					</extensions>
			</trkpt>
			<trkpt lat="35.945038" lon="120.177345">
				<ele>-58.0</ele>
				<time>2019-09-17T12:56:18Z</time>
					<extensions>
						<ns3:TrackPointExtension>
							<ns3:speed>2.9</ns3:speed>
						</ns3:TrackPointExtension>
					</extensions>
			</trkpt>
			<trkpt lat="35.94501" lon="120.17734">
				<ele>-58.0</ele>
				<time>2019-09-17T12:56:19Z</time>
					<extensions>
						<ns3:TrackPointExtension>
							<ns3:speed>2.89</ns3:speed>
						</ns3:TrackPointExtension>
					</extensions>
			</trkpt>
			<trkpt lat="35.944984" lon="120.17734">
				<ele>-58.0</ele>
				<time>2019-09-17T12:56:20Z</time>
					<extensions>
						<ns3:TrackPointExtension>
							<ns3:speed>2.89</ns3:speed>
						</ns3:TrackPointExtension>
					</extensions>
			</trkpt>
			<trkpt lat="35.94495" lon="120.177345">
				<ele>-58.0</ele>
				<time>2019-09-17T12:56:21Z</time>
					<extensions>
						<ns3:TrackPointExtension>
							<ns3:speed>2.88</ns3:speed>
						</ns3:TrackPointExtension>
					</extensions>
			</trkpt>
			<trkpt lat="35.944916" lon="120.177345">
				<ele>-58.0</ele>
				<time>2019-09-17T12:56:22Z</time>
					<extensions>
						<ns3:TrackPointExtension>
							<ns3:speed>2.89</ns3:speed>
						</ns3:TrackPointExtension>
					</extensions>
			</trkpt>
			<trkpt lat="35.94489" lon="120.177345">
				<ele>-58.0</ele>
				<time>2019-09-17T12:56:23Z</time>
					<extensions>
						<ns3:TrackPointExtension>
							<ns3:speed>2.89</ns3:speed>
						</ns3:TrackPointExtension>
					</extensions>
			</trkpt>
			<trkpt lat="35.94486" lon="120.177345">
				<ele>-58.0</ele>
				<time>2019-09-17T12:56:24Z</time>
					<extensions>
						<ns3:TrackPointExtension>
							<ns3:speed>2.93</ns3:speed>
						</ns3:TrackPointExtension>
					</extensions>
			</trkpt>
			<trkpt lat="35.944828" lon="120.177345">
				<ele>-58.0</ele>
				<time>2019-09-17T12:56:25Z</time>
					<extensions>
						<ns3:TrackPointExtension>
							<ns3:speed>2.93</ns3:speed>
						</ns3:TrackPointExtension>
					</extensions>
			</trkpt>
			<trkpt lat="35.944805" lon="120.17734">
				<ele>-58.0</ele>
				<time>2019-09-17T12:56:26Z</time>
					<extensions>
						<ns3:TrackPointExtension>
							<ns3:speed>2.98</ns3:speed>
						</ns3:TrackPointExtension>
					</extensions>
			</trkpt>
			<trkpt lat="35.944775" lon="120.17734">
				<ele>-58.0</ele>
				<time>2019-09-17T12:56:27Z</time>
					<extensions>
						<ns3:TrackPointExtension>
							<ns3:speed>2.99</ns3:speed>
						</ns3:TrackPointExtension>
					</extensions>
			</trkpt>
			<trkpt lat="35.944748" lon="120.17732">
				<ele>-58.0</ele>
				<time>2019-09-17T12:56:28Z</time>
					<extensions>
						<ns3:TrackPointExtension>
							<ns3:speed>3.0</ns3:speed>
						</ns3:TrackPointExtension>
					</extensions>
			</trkpt>
			<trkpt lat="35.944725" lon="120.177315">
				<ele>-58.0</ele>
				<time>2019-09-17T12:56:29Z</time>
					<extensions>
						<ns3:TrackPointExtension>
							<ns3:speed>3.01</ns3:speed>
						</ns3:TrackPointExtension>
					</extensions>
			</trkpt>
			<trkpt lat="35.944702" lon="120.17731">
				<ele>-58.0</ele>
				<time>2019-09-17T12:56:30Z</time>
					<extensions>
						<ns3:TrackPointExtension>
							<ns3:speed>3.01</ns3:speed>
						</ns3:TrackPointExtension>
					</extensions>
			</trkpt>
			<trkpt lat="35.944683" lon="120.17729">
				<ele>-58.0</ele>
				<time>2019-09-17T12:56:31Z</time>
					<extensions>
						<ns3:TrackPointExtension>
							<ns3:speed>3.01</ns3:speed>
						</ns3:TrackPointExtension>
					</extensions>
			</trkpt>
			<trkpt lat="35.944664" lon="120.177284">
				<ele>-58.0</ele>
				<time>2019-09-17T12:56:32Z</time>
					<extensions>
						<ns3:TrackPointExtension>
							<ns3:speed>3.0</ns3:speed>
						</ns3:TrackPointExtension>
					</extensions>
			</trkpt>
			<trkpt lat="35.94465" lon="120.17728">
				<ele>-58.0</ele>
				<time>2019-09-17T12:56:33Z</time>
					<extensions>
						<ns3:TrackPointExtension>
							<ns3:speed>2.99</ns3:speed>
						</ns3:TrackPointExtension>
					</extensions>
			</trkpt>
			<trkpt lat="35.94463" lon="120.17726">
				<ele>-58.0</ele>
				<time>2019-09-17T12:56:34Z</time>
					<extensions>
						<ns3:TrackPointExtension>
							<ns3:speed>2.96</ns3:speed>
						</ns3:TrackPointExtension>
					</extensions>
			</trkpt>
			<trkpt lat="35.94462" lon="120.17722">
				<ele>-58.0</ele>
				<time>2019-09-17T12:56:35Z</time>
					<extensions>
						<ns3:TrackPointExtension>
							<ns3:speed>2.96</ns3:speed>
						</ns3:TrackPointExtension>
					</extensions>
			</trkpt>
			<trkpt lat="35.944603" lon="120.1772">
				<ele>-58.0</ele>
				<time>2019-09-17T12:56:36Z</time>
					<extensions>
						<ns3:TrackPointExtension>
							<ns3:speed>2.9</ns3:speed>
						</ns3:TrackPointExtension>
					</extensions>
			</trkpt>
			<trkpt lat="35.944584" lon="120.177185">
				<ele>-58.0</ele>
				<time>2019-09-17T12:56:37Z</time>
					<extensions>
						<ns3:TrackPointExtension>
							<ns3:speed>2.88</ns3:speed>
						</ns3:TrackPointExtension>
					</extensions>
			</trkpt>
			<trkpt lat="35.944565" lon="120.17716">
				<ele>-58.0</ele>
				<time>2019-09-17T12:56:38Z</time>
					<extensions>
						<ns3:TrackPointExtension>
							<ns3:speed>2.85</ns3:speed>
						</ns3:TrackPointExtension>
					</extensions>
			</trkpt>
			<trkpt lat="35.944542" lon="120.17714">
				<ele>-58.0</ele>
				<time>2019-09-17T12:56:39Z</time>
					<extensions>
						<ns3:TrackPointExtension>
							<ns3:speed>2.84</ns3:speed>
						</ns3:TrackPointExtension>
					</extensions>
			</trkpt>
			<trkpt lat="35.944523" lon="120.177124">
				<ele>-58.0</ele>
				<time>2019-09-17T12:56:40Z</time>
					<extensions>
						<ns3:TrackPointExtension>
							<ns3:speed>2.84</ns3:speed>
						</ns3:TrackPointExtension>
					</extensions>
			</trkpt>
			<trkpt lat="35.944504" lon="120.1771">
				<ele>-58.0</ele>
				<time>2019-09-17T12:56:41Z</time>
					<extensions>
						<ns3:TrackPointExtension>
							<ns3:speed>2.84</ns3:speed>
						</ns3:TrackPointExtension>
					</extensions>
			</trkpt>
			<trkpt lat="35.94447" lon="120.17707">
				<ele>-58.0</ele>
				<time>2019-09-17T12:56:42Z</time>
					<extensions>
						<ns3:TrackPointExtension>
							<ns3:speed>2.84</ns3:speed>
						</ns3:TrackPointExtension>
					</extensions>
			</trkpt>
			<trkpt lat="35.944447" lon="120.17705">
				<ele>-58.0</ele>
				<time>2019-09-17T12:56:43Z</time>
					<extensions>
						<ns3:TrackPointExtension>
							<ns3:speed>2.86</ns3:speed>
						</ns3:TrackPointExtension>
					</extensions>
			</trkpt>
			<trkpt lat="35.944427" lon="120.17704">
				<ele>-58.0</ele>
				<time>2019-09-17T12:56:44Z</time>
					<extensions>
						<ns3:TrackPointExtension>
							<ns3:speed>2.88</ns3:speed>
						</ns3:TrackPointExtension>
					</extensions>
			</trkpt>
			<trkpt lat="35.94441" lon="120.17702">
				<ele>-58.0</ele>
				<time>2019-09-17T12:56:45Z</time>
					<extensions>
						<ns3:TrackPointExtension>
							<ns3:speed>2.88</ns3:speed>
						</ns3:TrackPointExtension>
					</extensions>
			</trkpt>
			<trkpt lat="35.944393" lon="120.17701">
				<ele>-58.0</ele>
				<time>2019-09-17T12:56:46Z</time>
					<extensions>
						<ns3:TrackPointExtension>
							<ns3:speed>2.89</ns3:speed>
						</ns3:TrackPointExtension>
					</extensions>
			</trkpt>
			<trkpt lat="35.944366" lon="120.17699">
				<ele>-58.0</ele>
				<time>2019-09-17T12:56:47Z</time>
					<extensions>
						<ns3:TrackPointExtension>
							<ns3:speed>2.89</ns3:speed>
						</ns3:TrackPointExtension>
					</extensions>
			</trkpt>
			<trkpt lat="35.944344" lon="120.17697">
				<ele>-58.0</ele>
				<time>2019-09-17T12:56:48Z</time>
					<extensions>
						<ns3:TrackPointExtension>
							<ns3:speed>2.88</ns3:speed>
						</ns3:TrackPointExtension>
					</extensions>
			</trkpt>
			<trkpt lat="35.94432" lon="120.176956">
				<ele>-58.0</ele>
				<time>2019-09-17T12:56:49Z</time>
					<extensions>
						<ns3:TrackPointExtension>
							<ns3:speed>2.87</ns3:speed>
						</ns3:TrackPointExtension>
					</extensions>
			</trkpt>
			<trkpt lat="35.944298" lon="120.17693">
				<ele>-58.0</ele>
				<time>2019-09-17T12:56:50Z</time>
					<extensions>
						<ns3:TrackPointExtension>
							<ns3:speed>2.87</ns3:speed>
						</ns3:TrackPointExtension>
					</extensions>
			</trkpt>
			<trkpt lat="35.944283" lon="120.17692">
				<ele>-58.0</ele>
				<time>2019-09-17T12:56:51Z</time>
					<extensions>
						<ns3:TrackPointExtension>
							<ns3:speed>2.89</ns3:speed>
						</ns3:TrackPointExtension>
					</extensions>
			</trkpt>
			<trkpt lat="35.944267" lon="120.176895">
				<ele>-58.0</ele>
				<time>2019-09-17T12:56:52Z</time>
					<extensions>
						<ns3:TrackPointExtension>
							<ns3:speed>2.89</ns3:speed>
						</ns3:TrackPointExtension>
					</extensions>
			</trkpt>
			<trkpt lat="35.944252" lon="120.17686">
				<ele>-58.0</ele>
				<time>2019-09-17T12:56:53Z</time>
					<extensions>
						<ns3:TrackPointExtension>
							<ns3:speed>2.91</ns3:speed>
						</ns3:TrackPointExtension>
					</extensions>
			</trkpt>
			<trkpt lat="35.94423" lon="120.17683">
				<ele>-58.0</ele>
				<time>2019-09-17T12:56:53Z</time>
					<extensions>
						<ns3:TrackPointExtension>
							<ns3:speed>2.92</ns3:speed>
						</ns3:TrackPointExtension>
					</extensions>
			</trkpt>
			<trkpt lat="35.944206" lon="120.17681">
				<ele>-58.0</ele>
				<time>2019-09-17T12:56:54Z</time>
					<extensions>
						<ns3:TrackPointExtension>
							<ns3:speed>2.92</ns3:speed>
						</ns3:TrackPointExtension>
					</extensions>
			</trkpt>
			<trkpt lat="35.944183" lon="120.176796">
				<ele>-58.0</ele>
				<time>2019-09-17T12:56:55Z</time>
					<extensions>
						<ns3:TrackPointExtension>
							<ns3:speed>2.93</ns3:speed>
						</ns3:TrackPointExtension>
					</extensions>
			</trkpt>
			<trkpt lat="35.944168" lon="120.17677">
				<ele>-58.0</ele>
				<time>2019-09-17T12:56:56Z</time>
					<extensions>
						<ns3:TrackPointExtension>
							<ns3:speed>2.93</ns3:speed>
						</ns3:TrackPointExtension>
					</extensions>
			</trkpt>
			<trkpt lat="35.944153" lon="120.17675">
				<ele>-58.0</ele>
				<time>2019-09-17T12:56:57Z</time>
					<extensions>
						<ns3:TrackPointExtension>
							<ns3:speed>2.94</ns3:speed>
						</ns3:TrackPointExtension>
					</extensions>
			</trkpt>
			<trkpt lat="35.94415" lon="120.176735">
				<ele>-58.0</ele>
				<time>2019-09-17T12:56:58Z</time>
					<extensions>
						<ns3:TrackPointExtension>
							<ns3:speed>2.94</ns3:speed>
						</ns3:TrackPointExtension>
					</extensions>
			</trkpt>
			<trkpt lat="35.944138" lon="120.17671">
				<ele>-58.0</ele>
				<time>2019-09-17T12:56:59Z</time>
					<extensions>
						<ns3:TrackPointExtension>
							<ns3:speed>2.93</ns3:speed>
						</ns3:TrackPointExtension>
					</extensions>
			</trkpt>
			<trkpt lat="35.944126" lon="120.17669">
				<ele>-58.0</ele>
				<time>2019-09-17T12:57:00Z</time>
					<extensions>
						<ns3:TrackPointExtension>
							<ns3:speed>2.9</ns3:speed>
						</ns3:TrackPointExtension>
					</extensions>
			</trkpt>
			<trkpt lat="35.94412" lon="120.176674">
				<ele>-58.0</ele>
				<time>2019-09-17T12:57:01Z</time>
					<extensions>
						<ns3:TrackPointExtension>
							<ns3:speed>2.9</ns3:speed>
						</ns3:TrackPointExtension>
					</extensions>
			</trkpt>
			<trkpt lat="35.94412" lon="120.17665">
				<ele>-58.0</ele>
				<time>2019-09-17T12:57:02Z</time>
					<extensions>
						<ns3:TrackPointExtension>
							<ns3:speed>2.82</ns3:speed>
						</ns3:TrackPointExtension>
					</extensions>
			</trkpt>
			<trkpt lat="35.94412" lon="120.17663">
				<ele>-58.0</ele>
				<time>2019-09-17T12:57:03Z</time>
					<extensions>
						<ns3:TrackPointExtension>
							<ns3:speed>2.77</ns3:speed>
						</ns3:TrackPointExtension>
					</extensions>
			</trkpt>
			<trkpt lat="35.94411" lon="120.17661">
				<ele>-58.0</ele>
				<time>2019-09-17T12:57:04Z</time>
					<extensions>
						<ns3:TrackPointExtension>
							<ns3:speed>2.73</ns3:speed>
						</ns3:TrackPointExtension>
					</extensions>
			</trkpt>
			<trkpt lat="35.944103" lon="120.17658">
				<ele>-58.0</ele>
				<time>2019-09-17T12:57:05Z</time>
					<extensions>
						<ns3:TrackPointExtension>
							<ns3:speed>2.7</ns3:speed>
						</ns3:TrackPointExtension>
					</extensions>
			</trkpt>
			<trkpt lat="35.944096" lon="120.17654">
				<ele>-57.0</ele>
				<time>2019-09-17T12:57:06Z</time>
					<extensions>
						<ns3:TrackPointExtension>
							<ns3:speed>2.7</ns3:speed>
						</ns3:TrackPointExtension>
					</extensions>
			</trkpt>
			<trkpt lat="35.944084" lon="120.17651">
				<ele>-57.0</ele>
				<time>2019-09-17T12:57:07Z</time>
					<extensions>
						<ns3:TrackPointExtension>
							<ns3:speed>2.68</ns3:speed>
						</ns3:TrackPointExtension>
					</extensions>
			</trkpt>
			<trkpt lat="35.944073" lon="120.1765">
				<ele>-57.0</ele>
				<time>2019-09-17T12:57:08Z</time>
					<extensions>
						<ns3:TrackPointExtension>
							<ns3:speed>2.68</ns3:speed>
						</ns3:TrackPointExtension>
					</extensions>
			</trkpt>
			<trkpt lat="35.94406" lon="120.176476">
				<ele>-57.0</ele>
				<time>2019-09-17T12:57:09Z</time>
					<extensions>
						<ns3:TrackPointExtension>
							<ns3:speed>2.68</ns3:speed>
						</ns3:TrackPointExtension>
					</extensions>
			</trkpt>
			<trkpt lat="35.94405" lon="120.17644">
				<ele>-57.0</ele>
				<time>2019-09-17T12:57:10Z</time>
					<extensions>
						<ns3:TrackPointExtension>
							<ns3:speed>2.68</ns3:speed>
						</ns3:TrackPointExtension>
					</extensions>
			</trkpt>
			<trkpt lat="35.944042" lon="120.176414">
				<ele>-57.0</ele>
				<time>2019-09-17T12:57:11Z</time>
					<extensions>
						<ns3:TrackPointExtension>
							<ns3:speed>2.68</ns3:speed>
						</ns3:TrackPointExtension>
					</extensions>
			</trkpt>
			<trkpt lat="35.94403" lon="120.176384">
				<ele>-57.0</ele>
				<time>2019-09-17T12:57:12Z</time>
					<extensions>
						<ns3:TrackPointExtension>
							<ns3:speed>2.67</ns3:speed>
						</ns3:TrackPointExtension>
					</extensions>
			</trkpt>
			<trkpt lat="35.94402" lon="120.17636">
				<ele>-57.0</ele>
				<time>2019-09-17T12:57:13Z</time>
					<extensions>
						<ns3:TrackPointExtension>
							<ns3:speed>2.68</ns3:speed>
						</ns3:TrackPointExtension>
					</extensions>
			</trkpt>
			<trkpt lat="35.944004" lon="120.17633">
				<ele>-57.0</ele>
				<time>2019-09-17T12:57:14Z</time>
					<extensions>
						<ns3:TrackPointExtension>
							<ns3:speed>2.68</ns3:speed>
						</ns3:TrackPointExtension>
					</extensions>
			</trkpt>
			<trkpt lat="35.943974" lon="120.176315">
				<ele>-57.0</ele>
				<time>2019-09-17T12:57:15Z</time>
					<extensions>
						<ns3:TrackPointExtension>
							<ns3:speed>2.7</ns3:speed>
						</ns3:TrackPointExtension>
					</extensions>
			</trkpt>
			<trkpt lat="35.943954" lon="120.17629">
				<ele>-57.0</ele>
				<time>2019-09-17T12:57:16Z</time>
					<extensions>
						<ns3:TrackPointExtension>
							<ns3:speed>2.7</ns3:speed>
						</ns3:TrackPointExtension>
					</extensions>
			</trkpt>
			<trkpt lat="35.94394" lon="120.17627">
				<ele>-57.0</ele>
				<time>2019-09-17T12:57:17Z</time>
					<extensions>
						<ns3:TrackPointExtension>
							<ns3:speed>2.73</ns3:speed>
						</ns3:TrackPointExtension>
					</extensions>
			</trkpt>
			<trkpt lat="35.943916" lon="120.176254">
				<ele>-57.0</ele>
				<time>2019-09-17T12:57:18Z</time>
					<extensions>
						<ns3:TrackPointExtension>
							<ns3:speed>2.73</ns3:speed>
						</ns3:TrackPointExtension>
					</extensions>
			</trkpt>
			<trkpt lat="35.943886" lon="120.17623">
				<ele>-56.0</ele>
				<time>2019-09-17T12:57:19Z</time>
					<extensions>
						<ns3:TrackPointExtension>
							<ns3:speed>2.76</ns3:speed>
						</ns3:TrackPointExtension>
					</extensions>
			</trkpt>
			<trkpt lat="35.943863" lon="120.17622">
				<ele>-56.0</ele>
				<time>2019-09-17T12:57:20Z</time>
					<extensions>
						<ns3:TrackPointExtension>
							<ns3:speed>2.77</ns3:speed>
						</ns3:TrackPointExtension>
					</extensions>
			</trkpt>
			<trkpt lat="35.94384" lon="120.1762">
				<ele>-56.0</ele>
				<time>2019-09-17T12:57:21Z</time>
					<extensions>
						<ns3:TrackPointExtension>
							<ns3:speed>2.77</ns3:speed>
						</ns3:TrackPointExtension>
					</extensions>
			</trkpt>
			<trkpt lat="35.943817" lon="120.17618">
				<ele>-56.0</ele>
				<time>2019-09-17T12:57:22Z</time>
					<extensions>
						<ns3:TrackPointExtension>
							<ns3:speed>2.8</ns3:speed>
						</ns3:TrackPointExtension>
					</extensions>
			</trkpt>
			<trkpt lat="35.943798" lon="120.17617">
				<ele>-56.0</ele>
				<time>2019-09-17T12:57:23Z</time>
					<extensions>
						<ns3:TrackPointExtension>
							<ns3:speed>2.8</ns3:speed>
						</ns3:TrackPointExtension>
					</extensions>
			</trkpt>
			<trkpt lat="35.94377" lon="120.17617">
				<ele>-56.0</ele>
				<time>2019-09-17T12:57:24Z</time>
					<extensions>
						<ns3:TrackPointExtension>
							<ns3:speed>2.81</ns3:speed>
						</ns3:TrackPointExtension>
					</extensions>
			</trkpt>
			<trkpt lat="35.943745" lon="120.17618">
				<ele>-56.0</ele>
				<time>2019-09-17T12:57:25Z</time>
					<extensions>
						<ns3:TrackPointExtension>
							<ns3:speed>2.81</ns3:speed>
						</ns3:TrackPointExtension>
					</extensions>
			</trkpt>
			<trkpt lat="35.94372" lon="120.17618">
				<ele>-56.0</ele>
				<time>2019-09-17T12:57:26Z</time>
					<extensions>
						<ns3:TrackPointExtension>
							<ns3:speed>2.81</ns3:speed>
						</ns3:TrackPointExtension>
					</extensions>
			</trkpt>
			<trkpt lat="35.9437" lon="120.17619">
				<ele>-56.0</ele>
				<time>2019-09-17T12:57:27Z</time>
					<extensions>
						<ns3:TrackPointExtension>
							<ns3:speed>2.81</ns3:speed>
						</ns3:TrackPointExtension>
					</extensions>
			</trkpt>
			<trkpt lat="35.943676" lon="120.1762">
				<ele>-56.0</ele>
				<time>2019-09-17T12:57:28Z</time>
					<extensions>
						<ns3:TrackPointExtension>
							<ns3:speed>2.81</ns3:speed>
						</ns3:TrackPointExtension>
					</extensions>
			</trkpt>
			<trkpt lat="35.943653" lon="120.17621">
				<ele>-56.0</ele>
				<time>2019-09-17T12:57:29Z</time>
					<extensions>
						<ns3:TrackPointExtension>
							<ns3:speed>2.81</ns3:speed>
						</ns3:TrackPointExtension>
					</extensions>
			</trkpt>
			<trkpt lat="35.94363" lon="120.17622">
				<ele>-56.0</ele>
				<time>2019-09-17T12:57:30Z</time>
					<extensions>
						<ns3:TrackPointExtension>
							<ns3:speed>2.81</ns3:speed>
						</ns3:TrackPointExtension>
					</extensions>
			</trkpt>
			<trkpt lat="35.9436" lon="120.17623">
				<ele>-56.0</ele>
				<time>2019-09-17T12:57:31Z</time>
					<extensions>
						<ns3:TrackPointExtension>
							<ns3:speed>2.8</ns3:speed>
						</ns3:TrackPointExtension>
					</extensions>
			</trkpt>
			<trkpt lat="35.943577" lon="120.17624">
				<ele>-56.0</ele>
				<time>2019-09-17T12:57:32Z</time>
					<extensions>
						<ns3:TrackPointExtension>
							<ns3:speed>2.8</ns3:speed>
						</ns3:TrackPointExtension>
					</extensions>
			</trkpt>
			<trkpt lat="35.94355" lon="120.17624">
				<ele>-56.0</ele>
				<time>2019-09-17T12:57:33Z</time>
					<extensions>
						<ns3:TrackPointExtension>
							<ns3:speed>2.8</ns3:speed>
						</ns3:TrackPointExtension>
					</extensions>
			</trkpt>
			<trkpt lat="35.943523" lon="120.176254">
				<ele>-57.0</ele>
				<time>2019-09-17T12:57:34Z</time>
					<extensions>
						<ns3:TrackPointExtension>
							<ns3:speed>2.81</ns3:speed>
						</ns3:TrackPointExtension>
					</extensions>
			</trkpt>
			<trkpt lat="35.943497" lon="120.17626">
				<ele>-57.0</ele>
				<time>2019-09-17T12:57:35Z</time>
					<extensions>
						<ns3:TrackPointExtension>
							<ns3:speed>2.82</ns3:speed>
						</ns3:TrackPointExtension>
					</extensions>
			</trkpt>
			<trkpt lat="35.943478" lon="120.17626">
				<ele>-57.0</ele>
				<time>2019-09-17T12:57:36Z</time>
					<extensions>
						<ns3:TrackPointExtension>
							<ns3:speed>2.83</ns3:speed>
						</ns3:TrackPointExtension>
					</extensions>
			</trkpt>
			<trkpt lat="35.94346" lon="120.17626">
				<ele>-57.0</ele>
				<time>2019-09-17T12:57:37Z</time>
					<extensions>
						<ns3:TrackPointExtension>
							<ns3:speed>2.83</ns3:speed>
						</ns3:TrackPointExtension>
					</extensions>
			</trkpt>
			<trkpt lat="35.943443" lon="120.17627">
				<ele>-57.0</ele>
				<time>2019-09-17T12:57:38Z</time>
					<extensions>
						<ns3:TrackPointExtension>
							<ns3:speed>2.83</ns3:speed>
						</ns3:TrackPointExtension>
					</extensions>
			</trkpt>
			<trkpt lat="35.94342" lon="120.17627">
				<ele>-57.0</ele>
				<time>2019-09-17T12:57:39Z</time>
					<extensions>
						<ns3:TrackPointExtension>
							<ns3:speed>2.8</ns3:speed>
						</ns3:TrackPointExtension>
					</extensions>
			</trkpt>
			<trkpt lat="35.943398" lon="120.176285">
				<ele>-57.0</ele>
				<time>2019-09-17T12:57:40Z</time>
					<extensions>
						<ns3:TrackPointExtension>
							<ns3:speed>2.77</ns3:speed>
						</ns3:TrackPointExtension>
					</extensions>
			</trkpt>
			<trkpt lat="35.943375" lon="120.176285">
				<ele>-57.0</ele>
				<time>2019-09-17T12:57:41Z</time>
					<extensions>
						<ns3:TrackPointExtension>
							<ns3:speed>2.75</ns3:speed>
						</ns3:TrackPointExtension>
					</extensions>
			</trkpt>
			<trkpt lat="35.94335" lon="120.17629">
				<ele>-57.0</ele>
				<time>2019-09-17T12:57:42Z</time>
					<extensions>
						<ns3:TrackPointExtension>
							<ns3:speed>2.73</ns3:speed>
						</ns3:TrackPointExtension>
					</extensions>
			</trkpt>
			<trkpt lat="35.943325" lon="120.1763">
				<ele>-57.0</ele>
				<time>2019-09-17T12:57:43Z</time>
					<extensions>
						<ns3:TrackPointExtension>
							<ns3:speed>2.73</ns3:speed>
						</ns3:TrackPointExtension>
					</extensions>
			</trkpt>
			<trkpt lat="35.943306" lon="120.17632">
				<ele>-57.0</ele>
				<time>2019-09-17T12:57:44Z</time>
					<extensions>
						<ns3:TrackPointExtension>
							<ns3:speed>2.73</ns3:speed>
						</ns3:TrackPointExtension>
					</extensions>
			</trkpt>
			<trkpt lat="35.943283" lon="120.17633">
				<ele>-57.0</ele>
				<time>2019-09-17T12:57:45Z</time>
					<extensions>
						<ns3:TrackPointExtension>
							<ns3:speed>2.73</ns3:speed>
						</ns3:TrackPointExtension>
					</extensions>
			</trkpt>
			<trkpt lat="35.943264" lon="120.176346">
				<ele>-58.0</ele>
				<time>2019-09-17T12:57:46Z</time>
					<extensions>
						<ns3:TrackPointExtension>
							<ns3:speed>2.75</ns3:speed>
						</ns3:TrackPointExtension>
					</extensions>
			</trkpt>
			<trkpt lat="35.943237" lon="120.17636">
				<ele>-58.0</ele>
				<time>2019-09-17T12:57:47Z</time>
					<extensions>
						<ns3:TrackPointExtension>
							<ns3:speed>2.76</ns3:speed>
						</ns3:TrackPointExtension>
					</extensions>
			</trkpt>
			<trkpt lat="35.94322" lon="120.17638">
				<ele>-58.0</ele>
				<time>2019-09-17T12:57:48Z</time>
					<extensions>
						<ns3:TrackPointExtension>
							<ns3:speed>2.76</ns3:speed>
						</ns3:TrackPointExtension>
					</extensions>
			</trkpt>
			<trkpt lat="35.943195" lon="120.176384">
				<ele>-58.0</ele>
				<time>2019-09-17T12:57:49Z</time>
					<extensions>
						<ns3:TrackPointExtension>
							<ns3:speed>2.77</ns3:speed>
						</ns3:TrackPointExtension>
					</extensions>
			</trkpt>
			<trkpt lat="35.943176" lon="120.17639">
				<ele>-58.0</ele>
				<time>2019-09-17T12:57:50Z</time>
					<extensions>
						<ns3:TrackPointExtension>
							<ns3:speed>2.77</ns3:speed>
						</ns3:TrackPointExtension>
					</extensions>
			</trkpt>
			<trkpt lat="35.943153" lon="120.17641">
				<ele>-58.0</ele>
				<time>2019-09-17T12:57:51Z</time>
					<extensions>
						<ns3:TrackPointExtension>
							<ns3:speed>2.76</ns3:speed>
						</ns3:TrackPointExtension>
					</extensions>
			</trkpt>
			<trkpt lat="35.94313" lon="120.176414">
				<ele>-58.0</ele>
				<time>2019-09-17T12:57:52Z</time>
					<extensions>
						<ns3:TrackPointExtension>
							<ns3:speed>2.75</ns3:speed>
						</ns3:TrackPointExtension>
					</extensions>
			</trkpt>
			<trkpt lat="35.94311" lon="120.17642">
				<ele>-58.0</ele>
				<time>2019-09-17T12:57:53Z</time>
					<extensions>
						<ns3:TrackPointExtension>
							<ns3:speed>2.73</ns3:speed>
						</ns3:TrackPointExtension>
					</extensions>
			</trkpt>
			<trkpt lat="35.943092" lon="120.17644">
				<ele>-58.0</ele>
				<time>2019-09-17T12:57:54Z</time>
					<extensions>
						<ns3:TrackPointExtension>
							<ns3:speed>2.72</ns3:speed>
						</ns3:TrackPointExtension>
					</extensions>
			</trkpt>
			<trkpt lat="35.943077" lon="120.176445">
				<ele>-58.0</ele>
				<time>2019-09-17T12:57:55Z</time>
					<extensions>
						<ns3:TrackPointExtension>
							<ns3:speed>2.72</ns3:speed>
						</ns3:TrackPointExtension>
					</extensions>
			</trkpt>
			<trkpt lat="35.943058" lon="120.17647">
				<ele>-59.0</ele>
				<time>2019-09-17T12:57:56Z</time>
					<extensions>
						<ns3:TrackPointExtension>
							<ns3:speed>2.69</ns3:speed>
						</ns3:TrackPointExtension>
					</extensions>
			</trkpt>
			<trkpt lat="35.94304" lon="120.176476">
				<ele>-59.0</ele>
				<time>2019-09-17T12:57:57Z</time>
					<extensions>
						<ns3:TrackPointExtension>
							<ns3:speed>2.68</ns3:speed>
						</ns3:TrackPointExtension>
					</extensions>
			</trkpt>
			<trkpt lat="35.94302" lon="120.17648">
				<ele>-59.0</ele>
				<time>2019-09-17T12:57:58Z</time>
					<extensions>
						<ns3:TrackPointExtension>
							<ns3:speed>2.67</ns3:speed>
						</ns3:TrackPointExtension>
					</extensions>
			</trkpt>
			<trkpt lat="35.943" lon="120.1765">
				<ele>-59.0</ele>
				<time>2019-09-17T12:57:59Z</time>
					<extensions>
						<ns3:TrackPointExtension>
							<ns3:speed>2.66</ns3:speed>
						</ns3:TrackPointExtension>
					</extensions>
			</trkpt>
			<trkpt lat="35.942978" lon="120.17651">
				<ele>-59.0</ele>
				<time>2019-09-17T12:58:00Z</time>
					<extensions>
						<ns3:TrackPointExtension>
							<ns3:speed>2.66</ns3:speed>
						</ns3:TrackPointExtension>
					</extensions>
			</trkpt>
			<trkpt lat="35.94296" lon="120.17653">
				<ele>-59.0</ele>
				<time>2019-09-17T12:58:01Z</time>
					<extensions>
						<ns3:TrackPointExtension>
							<ns3:speed>2.67</ns3:speed>
						</ns3:TrackPointExtension>
					</extensions>
			</trkpt>
			<trkpt lat="35.942936" lon="120.176544">
				<ele>-60.0</ele>
				<time>2019-09-17T12:58:02Z</time>
					<extensions>
						<ns3:TrackPointExtension>
							<ns3:speed>2.66</ns3:speed>
						</ns3:TrackPointExtension>
					</extensions>
			</trkpt>
			<trkpt lat="35.942917" lon="120.17656">
				<ele>-60.0</ele>
				<time>2019-09-17T12:58:03Z</time>
					<extensions>
						<ns3:TrackPointExtension>
							<ns3:speed>2.66</ns3:speed>
						</ns3:TrackPointExtension>
					</extensions>
			</trkpt>
			<trkpt lat="35.9429" lon="120.17657">
				<ele>-60.0</ele>
				<time>2019-09-17T12:58:04Z</time>
					<extensions>
						<ns3:TrackPointExtension>
							<ns3:speed>2.65</ns3:speed>
						</ns3:TrackPointExtension>
					</extensions>
			</trkpt>
			<trkpt lat="35.94288" lon="120.17658">
				<ele>-60.0</ele>
				<time>2019-09-17T12:58:05Z</time>
					<extensions>
						<ns3:TrackPointExtension>
							<ns3:speed>2.65</ns3:speed>
						</ns3:TrackPointExtension>
					</extensions>
			</trkpt>
			<trkpt lat="35.94286" lon="120.17659">
				<ele>-60.0</ele>
				<time>2019-09-17T12:58:06Z</time>
					<extensions>
						<ns3:TrackPointExtension>
							<ns3:speed>2.63</ns3:speed>
						</ns3:TrackPointExtension>
					</extensions>
			</trkpt>
			<trkpt lat="35.94284" lon="120.1766">
				<ele>-60.0</ele>
				<time>2019-09-17T12:58:07Z</time>
					<extensions>
						<ns3:TrackPointExtension>
							<ns3:speed>2.61</ns3:speed>
						</ns3:TrackPointExtension>
					</extensions>
			</trkpt>
			<trkpt lat="35.942814" lon="120.17662">
				<ele>-60.0</ele>
				<time>2019-09-17T12:58:08Z</time>
					<extensions>
						<ns3:TrackPointExtension>
							<ns3:speed>2.6</ns3:speed>
						</ns3:TrackPointExtension>
					</extensions>
			</trkpt>
			<trkpt lat="35.94279" lon="120.17663">
				<ele>-60.0</ele>
				<time>2019-09-17T12:58:09Z</time>
					<extensions>
						<ns3:TrackPointExtension>
							<ns3:speed>2.59</ns3:speed>
						</ns3:TrackPointExtension>
					</extensions>
			</trkpt>
			<trkpt lat="35.942764" lon="120.17664">
				<ele>-61.0</ele>
				<time>2019-09-17T12:58:10Z</time>
					<extensions>
						<ns3:TrackPointExtension>
							<ns3:speed>2.59</ns3:speed>
						</ns3:TrackPointExtension>
					</extensions>
			</trkpt>
			<trkpt lat="35.94275" lon="120.17666">
				<ele>-61.0</ele>
				<time>2019-09-17T12:58:11Z</time>
					<extensions>
						<ns3:TrackPointExtension>
							<ns3:speed>2.61</ns3:speed>
						</ns3:TrackPointExtension>
					</extensions>
			</trkpt>
			<trkpt lat="35.942726" lon="120.17666">
				<ele>-61.0</ele>
				<time>2019-09-17T12:58:12Z</time>
					<extensions>
						<ns3:TrackPointExtension>
							<ns3:speed>2.62</ns3:speed>
						</ns3:TrackPointExtension>
					</extensions>
			</trkpt>
			<trkpt lat="35.94271" lon="120.176674">
				<ele>-61.0</ele>
				<time>2019-09-17T12:58:13Z</time>
					<extensions>
						<ns3:TrackPointExtension>
							<ns3:speed>2.63</ns3:speed>
						</ns3:TrackPointExtension>
					</extensions>
			</trkpt>
			<trkpt lat="35.942688" lon="120.17668">
				<ele>-61.0</ele>
				<time>2019-09-17T12:58:14Z</time>
					<extensions>
						<ns3:TrackPointExtension>
							<ns3:speed>2.61</ns3:speed>
						</ns3:TrackPointExtension>
					</extensions>
			</trkpt>
			<trkpt lat="35.94267" lon="120.176704">
				<ele>-61.0</ele>
				<time>2019-09-17T12:58:15Z</time>
					<extensions>
						<ns3:TrackPointExtension>
							<ns3:speed>2.61</ns3:speed>
						</ns3:TrackPointExtension>
					</extensions>
			</trkpt>
			<trkpt lat="35.942654" lon="120.176704">
				<ele>-61.0</ele>
				<time>2019-09-17T12:58:16Z</time>
					<extensions>
						<ns3:TrackPointExtension>
							<ns3:speed>2.59</ns3:speed>
						</ns3:TrackPointExtension>
					</extensions>
			</trkpt>
			<trkpt lat="35.942635" lon="120.17671">
				<ele>-61.0</ele>
				<time>2019-09-17T12:58:17Z</time>
					<extensions>
						<ns3:TrackPointExtension>
							<ns3:speed>2.57</ns3:speed>
						</ns3:TrackPointExtension>
					</extensions>
			</trkpt>
			<trkpt lat="35.94262" lon="120.17672">
				<ele>-61.0</ele>
				<time>2019-09-17T12:58:18Z</time>
					<extensions>
						<ns3:TrackPointExtension>
							<ns3:speed>2.56</ns3:speed>
						</ns3:TrackPointExtension>
					</extensions>
			</trkpt>
			<trkpt lat="35.942596" lon="120.176735">
				<ele>-61.0</ele>
				<time>2019-09-17T12:58:19Z</time>
					<extensions>
						<ns3:TrackPointExtension>
							<ns3:speed>2.55</ns3:speed>
						</ns3:TrackPointExtension>
					</extensions>
			</trkpt>
			<trkpt lat="35.942577" lon="120.17675">
				<ele>-62.0</ele>
				<time>2019-09-17T12:58:20Z</time>
					<extensions>
						<ns3:TrackPointExtension>
							<ns3:speed>2.54</ns3:speed>
						</ns3:TrackPointExtension>
					</extensions>
			</trkpt>
			<trkpt lat="35.942554" lon="120.176765">
				<ele>-62.0</ele>
				<time>2019-09-17T12:58:21Z</time>
					<extensions>
						<ns3:TrackPointExtension>
							<ns3:speed>2.53</ns3:speed>
						</ns3:TrackPointExtension>
					</extensions>
			</trkpt>
			<trkpt lat="35.94254" lon="120.17677">
				<ele>-62.0</ele>
				<time>2019-09-17T12:58:22Z</time>
					<extensions>
						<ns3:TrackPointExtension>
							<ns3:speed>2.53</ns3:speed>
						</ns3:TrackPointExtension>
					</extensions>
			</trkpt>
			<trkpt lat="35.942524" lon="120.17678">
				<ele>-62.0</ele>
				<time>2019-09-17T12:58:23Z</time>
					<extensions>
						<ns3:TrackPointExtension>
							<ns3:speed>2.53</ns3:speed>
						</ns3:TrackPointExtension>
					</extensions>
			</trkpt>
			<trkpt lat="35.942505" lon="120.176796">
				<ele>-62.0</ele>
				<time>2019-09-17T12:58:24Z</time>
					<extensions>
						<ns3:TrackPointExtension>
							<ns3:speed>2.53</ns3:speed>
						</ns3:TrackPointExtension>
					</extensions>
			</trkpt>
			<trkpt lat="35.942486" lon="120.1768">
				<ele>-62.0</ele>
				<time>2019-09-17T12:58:25Z</time>
					<extensions>
						<ns3:TrackPointExtension>
							<ns3:speed>2.52</ns3:speed>
						</ns3:TrackPointExtension>
					</extensions>
			</trkpt>
			<trkpt lat="35.94247" lon="120.17681">
				<ele>-62.0</ele>
				<time>2019-09-17T12:58:26Z</time>
					<extensions>
						<ns3:TrackPointExtension>
							<ns3:speed>2.5</ns3:speed>
						</ns3:TrackPointExtension>
					</extensions>
			</trkpt>
			<trkpt lat="35.942448" lon="120.176834">
				<ele>-63.0</ele>
				<time>2019-09-17T12:58:27Z</time>
					<extensions>
						<ns3:TrackPointExtension>
							<ns3:speed>2.48</ns3:speed>
						</ns3:TrackPointExtension>
					</extensions>
			</trkpt>
			<trkpt lat="35.942425" lon="120.17684">
				<ele>-63.0</ele>
				<time>2019-09-17T12:58:28Z</time>
					<extensions>
						<ns3:TrackPointExtension>
							<ns3:speed>2.47</ns3:speed>
						</ns3:TrackPointExtension>
					</extensions>
			</trkpt>
			<trkpt lat="35.9424" lon="120.17686">
				<ele>-63.0</ele>
				<time>2019-09-17T12:58:29Z</time>
					<extensions>
						<ns3:TrackPointExtension>
							<ns3:speed>2.47</ns3:speed>
						</ns3:TrackPointExtension>
					</extensions>
			</trkpt>
			<trkpt lat="35.942383" lon="120.176865">
				<ele>-63.0</ele>
				<time>2019-09-17T12:58:30Z</time>
					<extensions>
						<ns3:TrackPointExtension>
							<ns3:speed>2.47</ns3:speed>
						</ns3:TrackPointExtension>
					</extensions>
			</trkpt>
			<trkpt lat="35.94236" lon="120.17689">
				<ele>-63.0</ele>
				<time>2019-09-17T12:58:31Z</time>
					<extensions>
						<ns3:TrackPointExtension>
							<ns3:speed>2.48</ns3:speed>
						</ns3:TrackPointExtension>
					</extensions>
			</trkpt>
			<trkpt lat="35.942345" lon="120.176895">
				<ele>-63.0</ele>
				<time>2019-09-17T12:58:32Z</time>
					<extensions>
						<ns3:TrackPointExtension>
							<ns3:speed>2.49</ns3:speed>
						</ns3:TrackPointExtension>
					</extensions>
			</trkpt>
			<trkpt lat="35.942318" lon="120.1769">
				<ele>-63.0</ele>
				<time>2019-09-17T12:58:33Z</time>
					<extensions>
						<ns3:TrackPointExtension>
							<ns3:speed>2.5</ns3:speed>
						</ns3:TrackPointExtension>
					</extensions>
			</trkpt>
			<trkpt lat="35.942295" lon="120.176926">
				<ele>-63.0</ele>
				<time>2019-09-17T12:58:34Z</time>
					<extensions>
						<ns3:TrackPointExtension>
							<ns3:speed>2.51</ns3:speed>
						</ns3:TrackPointExtension>
					</extensions>
			</trkpt>
			<trkpt lat="35.942272" lon="120.17693">
				<ele>-63.0</ele>
				<time>2019-09-17T12:58:36Z</time>
					<extensions>
						<ns3:TrackPointExtension>
							<ns3:speed>2.53</ns3:speed>
						</ns3:TrackPointExtension>
					</extensions>
			</trkpt>
			<trkpt lat="35.942245" lon="120.176956">
				<ele>-63.0</ele>
				<time>2019-09-17T12:58:36Z</time>
					<extensions>
						<ns3:TrackPointExtension>
							<ns3:speed>2.55</ns3:speed>
						</ns3:TrackPointExtension>
					</extensions>
			</trkpt>
			<trkpt lat="35.942223" lon="120.17698">
				<ele>-63.0</ele>
				<time>2019-09-17T12:58:37Z</time>
					<extensions>
						<ns3:TrackPointExtension>
							<ns3:speed>2.58</ns3:speed>
						</ns3:TrackPointExtension>
					</extensions>
			</trkpt>
			<trkpt lat="35.942204" lon="120.17699">
				<ele>-63.0</ele>
				<time>2019-09-17T12:58:38Z</time>
					<extensions>
						<ns3:TrackPointExtension>
							<ns3:speed>2.61</ns3:speed>
						</ns3:TrackPointExtension>
					</extensions>
			</trkpt>
			<trkpt lat="35.94218" lon="120.17701">
				<ele>-63.0</ele>
				<time>2019-09-17T12:58:39Z</time>
					<extensions>
						<ns3:TrackPointExtension>
							<ns3:speed>2.64</ns3:speed>
						</ns3:TrackPointExtension>
					</extensions>
			</trkpt>
			<trkpt lat="35.94216" lon="120.17702">
				<ele>-63.0</ele>
				<time>2019-09-17T12:58:40Z</time>
					<extensions>
						<ns3:TrackPointExtension>
							<ns3:speed>2.66</ns3:speed>
						</ns3:TrackPointExtension>
					</extensions>
			</trkpt>
			<trkpt lat="35.942142" lon="120.17704">
				<ele>-63.0</ele>
				<time>2019-09-17T12:58:41Z</time>
					<extensions>
						<ns3:TrackPointExtension>
							<ns3:speed>2.68</ns3:speed>
						</ns3:TrackPointExtension>
					</extensions>
			</trkpt>
			<trkpt lat="35.94212" lon="120.17705">
				<ele>-63.0</ele>
				<time>2019-09-17T12:58:42Z</time>
					<extensions>
						<ns3:TrackPointExtension>
							<ns3:speed>2.68</ns3:speed>
						</ns3:TrackPointExtension>
					</extensions>
			</trkpt>
			<trkpt lat="35.942097" lon="120.17708">
				<ele>-63.0</ele>
				<time>2019-09-17T12:58:43Z</time>
					<extensions>
						<ns3:TrackPointExtension>
							<ns3:speed>2.68</ns3:speed>
						</ns3:TrackPointExtension>
					</extensions>
			</trkpt>
			<trkpt lat="35.942074" lon="120.17709">
				<ele>-63.0</ele>
				<time>2019-09-17T12:58:44Z</time>
					<extensions>
						<ns3:TrackPointExtension>
							<ns3:speed>2.67</ns3:speed>
						</ns3:TrackPointExtension>
					</extensions>
			</trkpt>
			<trkpt lat="35.94205" lon="120.1771">
				<ele>-63.0</ele>
				<time>2019-09-17T12:58:45Z</time>
					<extensions>
						<ns3:TrackPointExtension>
							<ns3:speed>2.66</ns3:speed>
						</ns3:TrackPointExtension>
					</extensions>
			</trkpt>
			<trkpt lat="35.94202" lon="120.17711">
				<ele>-63.0</ele>
				<time>2019-09-17T12:58:46Z</time>
					<extensions>
						<ns3:TrackPointExtension>
							<ns3:speed>2.66</ns3:speed>
						</ns3:TrackPointExtension>
					</extensions>
			</trkpt>
			<trkpt lat="35.941998" lon="120.17713">
				<ele>-63.0</ele>
				<time>2019-09-17T12:58:48Z</time>
					<extensions>
						<ns3:TrackPointExtension>
							<ns3:speed>2.67</ns3:speed>
						</ns3:TrackPointExtension>
					</extensions>
			</trkpt>
			<trkpt lat="35.941975" lon="120.17714">
				<ele>-63.0</ele>
				<time>2019-09-17T12:58:49Z</time>
					<extensions>
						<ns3:TrackPointExtension>
							<ns3:speed>2.68</ns3:speed>
						</ns3:TrackPointExtension>
					</extensions>
			</trkpt>
			<trkpt lat="35.941956" lon="120.17716">
				<ele>-63.0</ele>
				<time>2019-09-17T12:58:50Z</time>
					<extensions>
						<ns3:TrackPointExtension>
							<ns3:speed>2.7</ns3:speed>
						</ns3:TrackPointExtension>
					</extensions>
			</trkpt>
			<trkpt lat="35.94193" lon="120.177185">
				<ele>-63.0</ele>
				<time>2019-09-17T12:58:51Z</time>
					<extensions>
						<ns3:TrackPointExtension>
							<ns3:speed>2.73</ns3:speed>
						</ns3:TrackPointExtension>
					</extensions>
			</trkpt>
			<trkpt lat="35.94191" lon="120.1772">
				<ele>-63.0</ele>
				<time>2019-09-17T12:58:52Z</time>
					<extensions>
						<ns3:TrackPointExtension>
							<ns3:speed>2.73</ns3:speed>
						</ns3:TrackPointExtension>
					</extensions>
			</trkpt>
			<trkpt lat="35.941887" lon="120.17723">
				<ele>-63.0</ele>
				<time>2019-09-17T12:58:53Z</time>
					<extensions>
						<ns3:TrackPointExtension>
							<ns3:speed>2.77</ns3:speed>
						</ns3:TrackPointExtension>
					</extensions>
			</trkpt>
			<trkpt lat="35.94186" lon="120.177284">
				<ele>-63.0</ele>
				<time>2019-09-17T12:58:54Z</time>
					<extensions>
						<ns3:TrackPointExtension>
							<ns3:speed>2.77</ns3:speed>
						</ns3:TrackPointExtension>
					</extensions>
			</trkpt>
			<trkpt lat="35.941833" lon="120.17732">
				<ele>-63.0</ele>
				<time>2019-09-17T12:58:55Z</time>
					<extensions>
						<ns3:TrackPointExtension>
							<ns3:speed>2.84</ns3:speed>
						</ns3:TrackPointExtension>
					</extensions>
			</trkpt>
			<trkpt lat="35.9418" lon="120.17737">
				<ele>-63.0</ele>
				<time>2019-09-17T12:58:56Z</time>
					<extensions>
						<ns3:TrackPointExtension>
							<ns3:speed>2.89</ns3:speed>
						</ns3:TrackPointExtension>
					</extensions>
			</trkpt>
			<trkpt lat="35.94177" lon="120.1774">
				<ele>-63.0</ele>
				<time>2019-09-17T12:58:57Z</time>
					<extensions>
						<ns3:TrackPointExtension>
							<ns3:speed>2.96</ns3:speed>
						</ns3:TrackPointExtension>
					</extensions>
			</trkpt>
			<trkpt lat="35.941753" lon="120.17743">
				<ele>-63.0</ele>
				<time>2019-09-17T12:58:58Z</time>
					<extensions>
						<ns3:TrackPointExtension>
							<ns3:speed>3.04</ns3:speed>
						</ns3:TrackPointExtension>
					</extensions>
			</trkpt>
			<trkpt lat="35.941723" lon="120.17746">
				<ele>-63.0</ele>
				<time>2019-09-17T12:59:00Z</time>
					<extensions>
						<ns3:TrackPointExtension>
							<ns3:speed>3.1</ns3:speed>
						</ns3:TrackPointExtension>
					</extensions>
			</trkpt>
			<trkpt lat="35.941692" lon="120.17749">
				<ele>-63.0</ele>
				<time>2019-09-17T12:59:01Z</time>
					<extensions>
						<ns3:TrackPointExtension>
							<ns3:speed>3.23</ns3:speed>
						</ns3:TrackPointExtension>
					</extensions>
			</trkpt>
			<trkpt lat="35.94166" lon="120.17752">
				<ele>-63.0</ele>
				<time>2019-09-17T12:59:02Z</time>
					<extensions>
						<ns3:TrackPointExtension>
							<ns3:speed>3.23</ns3:speed>
						</ns3:TrackPointExtension>
					</extensions>
			</trkpt>
			<trkpt lat="35.94163" lon="120.17755">
				<ele>-63.0</ele>
				<time>2019-09-17T12:59:03Z</time>
					<extensions>
						<ns3:TrackPointExtension>
							<ns3:speed>3.33</ns3:speed>
						</ns3:TrackPointExtension>
					</extensions>
			</trkpt>
			<trkpt lat="35.941597" lon="120.17758">
				<ele>-63.0</ele>
				<time>2019-09-17T12:59:04Z</time>
					<extensions>
						<ns3:TrackPointExtension>
							<ns3:speed>3.33</ns3:speed>
						</ns3:TrackPointExtension>
					</extensions>
			</trkpt>
			<trkpt lat="35.941536" lon="120.17764">
				<ele>-63.0</ele>
				<time>2019-09-17T12:59:05Z</time>
					<extensions>
						<ns3:TrackPointExtension>
							<ns3:speed>3.42</ns3:speed>
						</ns3:TrackPointExtension>
					</extensions>
			</trkpt>
			<trkpt lat="35.941505" lon="120.17767">
				<ele>-63.0</ele>
				<time>2019-09-17T12:59:07Z</time>
					<extensions>
						<ns3:TrackPointExtension>
							<ns3:speed>3.52</ns3:speed>
						</ns3:TrackPointExtension>
					</extensions>
			</trkpt>
			<trkpt lat="35.94147" lon="120.1777">
				<ele>-63.0</ele>
				<time>2019-09-17T12:59:08Z</time>
					<extensions>
						<ns3:TrackPointExtension>
							<ns3:speed>3.53</ns3:speed>
						</ns3:TrackPointExtension>
					</extensions>
			</trkpt>
			<trkpt lat="35.941444" lon="120.17771">
				<ele>-63.0</ele>
				<time>2019-09-17T12:59:10Z</time>
					<extensions>
						<ns3:TrackPointExtension>
							<ns3:speed>3.55</ns3:speed>
						</ns3:TrackPointExtension>
					</extensions>
			</trkpt>
			<trkpt lat="35.94141" lon="120.17775">
				<ele>-63.0</ele>
				<time>2019-09-17T12:59:11Z</time>
					<extensions>
						<ns3:TrackPointExtension>
							<ns3:speed>3.55</ns3:speed>
						</ns3:TrackPointExtension>
					</extensions>
			</trkpt>
			<trkpt lat="35.941387" lon="120.177765">
				<ele>-63.0</ele>
				<time>2019-09-17T12:59:12Z</time>
					<extensions>
						<ns3:TrackPointExtension>
							<ns3:speed>3.57</ns3:speed>
						</ns3:TrackPointExtension>
					</extensions>
			</trkpt>
			<trkpt lat="35.941357" lon="120.17779">
				<ele>-63.0</ele>
				<time>2019-09-17T12:59:13Z</time>
					<extensions>
						<ns3:TrackPointExtension>
							<ns3:speed>3.58</ns3:speed>
						</ns3:TrackPointExtension>
					</extensions>
			</trkpt>
			<trkpt lat="35.941334" lon="120.17781">
				<ele>-63.0</ele>
				<time>2019-09-17T12:59:14Z</time>
					<extensions>
						<ns3:TrackPointExtension>
							<ns3:speed>3.58</ns3:speed>
						</ns3:TrackPointExtension>
					</extensions>
			</trkpt>
			<trkpt lat="35.941277" lon="120.17786">
				<ele>-64.0</ele>
				<time>2019-09-17T12:59:15Z</time>
					<extensions>
						<ns3:TrackPointExtension>
							<ns3:speed>3.58</ns3:speed>
						</ns3:TrackPointExtension>
					</extensions>
			</trkpt>
			<trkpt lat="35.941257" lon="120.17788">
				<ele>-65.0</ele>
				<time>2019-09-17T12:59:17Z</time>
					<extensions>
						<ns3:TrackPointExtension>
							<ns3:speed>3.59</ns3:speed>
						</ns3:TrackPointExtension>
					</extensions>
			</trkpt>
			<trkpt lat="35.941257" lon="120.17791">
				<ele>-65.0</ele>
				<time>2019-09-17T12:59:19Z</time>
					<extensions>
						<ns3:TrackPointExtension>
							<ns3:speed>3.58</ns3:speed>
						</ns3:TrackPointExtension>
					</extensions>
			</trkpt>
			<trkpt lat="35.94127" lon="120.17794">
				<ele>-65.0</ele>
				<time>2019-09-17T12:59:20Z</time>
					<extensions>
						<ns3:TrackPointExtension>
							<ns3:speed>3.54</ns3:speed>
						</ns3:TrackPointExtension>
					</extensions>
			</trkpt>
			<trkpt lat="35.941288" lon="120.17798">
				<ele>-65.0</ele>
				<time>2019-09-17T12:59:21Z</time>
					<extensions>
						<ns3:TrackPointExtension>
							<ns3:speed>3.52</ns3:speed>
						</ns3:TrackPointExtension>
					</extensions>
			</trkpt>
			<trkpt lat="35.941303" lon="120.17801">
				<ele>-64.0</ele>
				<time>2019-09-17T12:59:22Z</time>
					<extensions>
						<ns3:TrackPointExtension>
							<ns3:speed>3.5</ns3:speed>
						</ns3:TrackPointExtension>
					</extensions>
			</trkpt>
			<trkpt lat="35.94132" lon="120.17804">
				<ele>-64.0</ele>
				<time>2019-09-17T12:59:24Z</time>
					<extensions>
						<ns3:TrackPointExtension>
							<ns3:speed>3.48</ns3:speed>
						</ns3:TrackPointExtension>
					</extensions>
			</trkpt>
			<trkpt lat="35.94134" lon="120.178085">
				<ele>-64.0</ele>
				<time>2019-09-17T12:59:25Z</time>
					<extensions>
						<ns3:TrackPointExtension>
							<ns3:speed>3.47</ns3:speed>
						</ns3:TrackPointExtension>
					</extensions>
			</trkpt>
			<trkpt lat="35.941353" lon="120.17812">
				<ele>-64.0</ele>
				<time>2019-09-17T12:59:26Z</time>
					<extensions>
						<ns3:TrackPointExtension>
							<ns3:speed>3.47</ns3:speed>
						</ns3:TrackPointExtension>
					</extensions>
			</trkpt>
			<trkpt lat="35.941372" lon="120.17817">
				<ele>-63.0</ele>
				<time>2019-09-17T12:59:27Z</time>
					<extensions>
						<ns3:TrackPointExtension>
							<ns3:speed>3.49</ns3:speed>
						</ns3:TrackPointExtension>
					</extensions>
			</trkpt>
			<trkpt lat="35.94138" lon="120.17821">
				<ele>-63.0</ele>
				<time>2019-09-17T12:59:28Z</time>
					<extensions>
						<ns3:TrackPointExtension>
							<ns3:speed>3.5</ns3:speed>
						</ns3:TrackPointExtension>
					</extensions>
			</trkpt>
			<trkpt lat="35.94139" lon="120.17824">
				<ele>-63.0</ele>
				<time>2019-09-17T12:59:29Z</time>
					<extensions>
						<ns3:TrackPointExtension>
							<ns3:speed>3.53</ns3:speed>
						</ns3:TrackPointExtension>
					</extensions>
			</trkpt>
			<trkpt lat="35.9414" lon="120.178276">
				<ele>-63.0</ele>
				<time>2019-09-17T12:59:31Z</time>
					<extensions>
						<ns3:TrackPointExtension>
							<ns3:speed>3.54</ns3:speed>
						</ns3:TrackPointExtension>
					</extensions>
			</trkpt>
			<trkpt lat="35.94141" lon="120.17832">
				<ele>-63.0</ele>
				<time>2019-09-17T12:59:32Z</time>
					<extensions>
						<ns3:TrackPointExtension>
							<ns3:speed>3.57</ns3:speed>
						</ns3:TrackPointExtension>
					</extensions>
			</trkpt>
			<trkpt lat="35.94142" lon="120.17836">
				<ele>-63.0</ele>
				<time>2019-09-17T12:59:33Z</time>
					<extensions>
						<ns3:TrackPointExtension>
							<ns3:speed>3.57</ns3:speed>
						</ns3:TrackPointExtension>
					</extensions>
			</trkpt>
			<trkpt lat="35.941437" lon="120.1784">
				<ele>-63.0</ele>
				<time>2019-09-17T12:59:34Z</time>
					<extensions>
						<ns3:TrackPointExtension>
							<ns3:speed>3.58</ns3:speed>
						</ns3:TrackPointExtension>
					</extensions>
			</trkpt>
			<trkpt lat="35.941452" lon="120.178444">
				<ele>-63.0</ele>
				<time>2019-09-17T12:59:35Z</time>
					<extensions>
						<ns3:TrackPointExtension>
							<ns3:speed>3.59</ns3:speed>
						</ns3:TrackPointExtension>
					</extensions>
			</trkpt>
			<trkpt lat="35.941463" lon="120.17848">
				<ele>-63.0</ele>
				<time>2019-09-17T12:59:36Z</time>
					<extensions>
						<ns3:TrackPointExtension>
							<ns3:speed>3.61</ns3:speed>
						</ns3:TrackPointExtension>
					</extensions>
			</trkpt>
			<trkpt lat="35.941475" lon="120.17851">
				<ele>-63.0</ele>
				<time>2019-09-17T12:59:37Z</time>
					<extensions>
						<ns3:TrackPointExtension>
							<ns3:speed>3.62</ns3:speed>
						</ns3:TrackPointExtension>
					</extensions>
			</trkpt>
			<trkpt lat="35.94149" lon="120.178566">
				<ele>-63.0</ele>
				<time>2019-09-17T12:59:38Z</time>
					<extensions>
						<ns3:TrackPointExtension>
							<ns3:speed>3.63</ns3:speed>
						</ns3:TrackPointExtension>
					</extensions>
			</trkpt>
			<trkpt lat="35.9415" lon="120.178604">
				<ele>-63.0</ele>
				<time>2019-09-17T12:59:40Z</time>
					<extensions>
						<ns3:TrackPointExtension>
							<ns3:speed>3.66</ns3:speed>
						</ns3:TrackPointExtension>
					</extensions>
			</trkpt>
			<trkpt lat="35.941513" lon="120.17865">
				<ele>-63.0</ele>
				<time>2019-09-17T12:59:41Z</time>
					<extensions>
						<ns3:TrackPointExtension>
							<ns3:speed>3.66</ns3:speed>
						</ns3:TrackPointExtension>
					</extensions>
			</trkpt>
			<trkpt lat="35.941525" lon="120.178696">
				<ele>-63.0</ele>
				<time>2019-09-17T12:59:42Z</time>
					<extensions>
						<ns3:TrackPointExtension>
							<ns3:speed>3.7</ns3:speed>
						</ns3:TrackPointExtension>
					</extensions>
			</trkpt>
			<trkpt lat="35.941536" lon="120.17874">
				<ele>-63.0</ele>
				<time>2019-09-17T12:59:43Z</time>
					<extensions>
						<ns3:TrackPointExtension>
							<ns3:speed>3.7</ns3:speed>
						</ns3:TrackPointExtension>
					</extensions>
			</trkpt>
			<trkpt lat="35.94155" lon="120.17881">
				<ele>-63.0</ele>
				<time>2019-09-17T12:59:44Z</time>
					<extensions>
						<ns3:TrackPointExtension>
							<ns3:speed>3.74</ns3:speed>
						</ns3:TrackPointExtension>
					</extensions>
			</trkpt>
			<trkpt lat="35.941563" lon="120.17885">
				<ele>-63.0</ele>
				<time>2019-09-17T12:59:46Z</time>
					<extensions>
						<ns3:TrackPointExtension>
							<ns3:speed>3.74</ns3:speed>
						</ns3:TrackPointExtension>
					</extensions>
			</trkpt>
			<trkpt lat="35.941574" lon="120.17888">
				<ele>-63.0</ele>
				<time>2019-09-17T12:59:47Z</time>
					<extensions>
						<ns3:TrackPointExtension>
							<ns3:speed>3.73</ns3:speed>
						</ns3:TrackPointExtension>
					</extensions>
			</trkpt>
			<trkpt lat="35.94158" lon="120.17892">
				<ele>-63.0</ele>
				<time>2019-09-17T12:59:48Z</time>
					<extensions>
						<ns3:TrackPointExtension>
							<ns3:speed>3.7</ns3:speed>
						</ns3:TrackPointExtension>
					</extensions>
			</trkpt>
			<trkpt lat="35.941597" lon="120.17895">
				<ele>-63.0</ele>
				<time>2019-09-17T12:59:50Z</time>
					<extensions>
						<ns3:TrackPointExtension>
							<ns3:speed>3.69</ns3:speed>
						</ns3:TrackPointExtension>
					</extensions>
			</trkpt>
			<trkpt lat="35.94164" lon="120.17898">
				<ele>-63.0</ele>
				<time>2019-09-17T12:59:51Z</time>
					<extensions>
						<ns3:TrackPointExtension>
							<ns3:speed>3.66</ns3:speed>
						</ns3:TrackPointExtension>
					</extensions>
			</trkpt>
			<trkpt lat="35.94166" lon="120.17901">
				<ele>-63.0</ele>
				<time>2019-09-17T12:59:52Z</time>
					<extensions>
						<ns3:TrackPointExtension>
							<ns3:speed>3.62</ns3:speed>
						</ns3:TrackPointExtension>
					</extensions>
			</trkpt>
			<trkpt lat="35.941685" lon="120.17904">
				<ele>-63.0</ele>
				<time>2019-09-17T12:59:53Z</time>
					<extensions>
						<ns3:TrackPointExtension>
							<ns3:speed>3.62</ns3:speed>
						</ns3:TrackPointExtension>
					</extensions>
			</trkpt>
			<trkpt lat="35.9417" lon="120.17907">
				<ele>-63.0</ele>
				<time>2019-09-17T12:59:54Z</time>
					<extensions>
						<ns3:TrackPointExtension>
							<ns3:speed>3.63</ns3:speed>
						</ns3:TrackPointExtension>
					</extensions>
			</trkpt>
			<trkpt lat="35.941742" lon="120.179115">
				<ele>-63.0</ele>
				<time>2019-09-17T12:59:55Z</time>
					<extensions>
						<ns3:TrackPointExtension>
							<ns3:speed>3.63</ns3:speed>
						</ns3:TrackPointExtension>
					</extensions>
			</trkpt>
			<trkpt lat="35.94176" lon="120.17916">
				<ele>-63.0</ele>
				<time>2019-09-17T12:59:57Z</time>
					<extensions>
						<ns3:TrackPointExtension>
							<ns3:speed>3.62</ns3:speed>
						</ns3:TrackPointExtension>
					</extensions>
			</trkpt>
			<trkpt lat="35.94178" lon="120.17919">
				<ele>-63.0</ele>
				<time>2019-09-17T12:59:58Z</time>
					<extensions>
						<ns3:TrackPointExtension>
							<ns3:speed>3.59</ns3:speed>
						</ns3:TrackPointExtension>
					</extensions>
			</trkpt>
			<trkpt lat="35.9418" lon="120.17922">
				<ele>-63.0</ele>
				<time>2019-09-17T12:59:59Z</time>
					<extensions>
						<ns3:TrackPointExtension>
							<ns3:speed>3.57</ns3:speed>
						</ns3:TrackPointExtension>
					</extensions>
			</trkpt>
			<trkpt lat="35.941814" lon="120.17925">
				<ele>-63.0</ele>
				<time>2019-09-17T13:00:00Z</time>
					<extensions>
						<ns3:TrackPointExtension>
							<ns3:speed>3.55</ns3:speed>
						</ns3:TrackPointExtension>
					</extensions>
			</trkpt>
			<trkpt lat="35.941837" lon="120.17929">
				<ele>-63.0</ele>
				<time>2019-09-17T13:00:01Z</time>
					<extensions>
						<ns3:TrackPointExtension>
							<ns3:speed>3.54</ns3:speed>
						</ns3:TrackPointExtension>
					</extensions>
			</trkpt>
			<trkpt lat="35.94185" lon="120.17934">
				<ele>-63.0</ele>
				<time>2019-09-17T13:00:03Z</time>
					<extensions>
						<ns3:TrackPointExtension>
							<ns3:speed>3.53</ns3:speed>
						</ns3:TrackPointExtension>
					</extensions>
			</trkpt>
			<trkpt lat="35.941864" lon="120.17935">
				<ele>-63.0</ele>
				<time>2019-09-17T13:00:04Z</time>
					<extensions>
						<ns3:TrackPointExtension>
							<ns3:speed>3.53</ns3:speed>
						</ns3:TrackPointExtension>
					</extensions>
			</trkpt>
			<trkpt lat="35.94188" lon="120.1794">
				<ele>-63.0</ele>
				<time>2019-09-17T13:00:05Z</time>
					<extensions>
						<ns3:TrackPointExtension>
							<ns3:speed>3.53</ns3:speed>
						</ns3:TrackPointExtension>
					</extensions>
			</trkpt>
			<trkpt lat="35.941895" lon="120.17943">
				<ele>-63.0</ele>
				<time>2019-09-17T13:00:06Z</time>
					<extensions>
						<ns3:TrackPointExtension>
							<ns3:speed>3.54</ns3:speed>
						</ns3:TrackPointExtension>
					</extensions>
			</trkpt>
			<trkpt lat="35.94191" lon="120.17947">
				<ele>-63.0</ele>
				<time>2019-09-17T13:00:07Z</time>
					<extensions>
						<ns3:TrackPointExtension>
							<ns3:speed>3.54</ns3:speed>
						</ns3:TrackPointExtension>
					</extensions>
			</trkpt>
			<trkpt lat="35.94193" lon="120.179504">
				<ele>-63.0</ele>
				<time>2019-09-17T13:00:08Z</time>
					<extensions>
						<ns3:TrackPointExtension>
							<ns3:speed>3.54</ns3:speed>
						</ns3:TrackPointExtension>
					</extensions>
			</trkpt>
			<trkpt lat="35.94196" lon="120.17958">
				<ele>-63.0</ele>
				<time>2019-09-17T13:00:09Z</time>
					<extensions>
						<ns3:TrackPointExtension>
							<ns3:speed>3.55</ns3:speed>
						</ns3:TrackPointExtension>
					</extensions>
			</trkpt>
			<trkpt lat="35.94197" lon="120.17961">
				<ele>-63.0</ele>
				<time>2019-09-17T13:00:11Z</time>
					<extensions>
						<ns3:TrackPointExtension>
							<ns3:speed>3.55</ns3:speed>
						</ns3:TrackPointExtension>
					</extensions>
			</trkpt>
			<trkpt lat="35.941986" lon="120.17964">
				<ele>-63.0</ele>
				<time>2019-09-17T13:00:12Z</time>
					<extensions>
						<ns3:TrackPointExtension>
							<ns3:speed>3.54</ns3:speed>
						</ns3:TrackPointExtension>
					</extensions>
			</trkpt>
			<trkpt lat="35.942" lon="120.17967">
				<ele>-63.0</ele>
				<time>2019-09-17T13:00:13Z</time>
					<extensions>
						<ns3:TrackPointExtension>
							<ns3:speed>3.53</ns3:speed>
						</ns3:TrackPointExtension>
					</extensions>
			</trkpt>
			<trkpt lat="35.94202" lon="120.1797">
				<ele>-63.0</ele>
				<time>2019-09-17T13:00:14Z</time>
					<extensions>
						<ns3:TrackPointExtension>
							<ns3:speed>3.52</ns3:speed>
						</ns3:TrackPointExtension>
					</extensions>
			</trkpt>
			<trkpt lat="35.942036" lon="120.17973">
				<ele>-63.0</ele>
				<time>2019-09-17T13:00:16Z</time>
					<extensions>
						<ns3:TrackPointExtension>
							<ns3:speed>3.52</ns3:speed>
						</ns3:TrackPointExtension>
					</extensions>
			</trkpt>
			<trkpt lat="35.94205" lon="120.17976">
				<ele>-63.0</ele>
				<time>2019-09-17T13:00:17Z</time>
					<extensions>
						<ns3:TrackPointExtension>
							<ns3:speed>3.48</ns3:speed>
						</ns3:TrackPointExtension>
					</extensions>
			</trkpt>
			<trkpt lat="35.942066" lon="120.179794">
				<ele>-63.0</ele>
				<time>2019-09-17T13:00:18Z</time>
					<extensions>
						<ns3:TrackPointExtension>
							<ns3:speed>3.48</ns3:speed>
						</ns3:TrackPointExtension>
					</extensions>
			</trkpt>
			<trkpt lat="35.94208" lon="120.17982">
				<ele>-63.0</ele>
				<time>2019-09-17T13:00:19Z</time>
					<extensions>
						<ns3:TrackPointExtension>
							<ns3:speed>3.5</ns3:speed>
						</ns3:TrackPointExtension>
					</extensions>
			</trkpt>
			<trkpt lat="35.942104" lon="120.17985">
				<ele>-63.0</ele>
				<time>2019-09-17T13:00:20Z</time>
					<extensions>
						<ns3:TrackPointExtension>
							<ns3:speed>3.5</ns3:speed>
						</ns3:TrackPointExtension>
					</extensions>
			</trkpt>
			<trkpt lat="35.94212" lon="120.17986">
				<ele>-63.0</ele>
				<time>2019-09-17T13:00:21Z</time>
					<extensions>
						<ns3:TrackPointExtension>
							<ns3:speed>3.5</ns3:speed>
						</ns3:TrackPointExtension>
					</extensions>
			</trkpt>
			<trkpt lat="35.942142" lon="120.17991">
				<ele>-63.0</ele>
				<time>2019-09-17T13:00:22Z</time>
					<extensions>
						<ns3:TrackPointExtension>
							<ns3:speed>3.5</ns3:speed>
						</ns3:TrackPointExtension>
					</extensions>
			</trkpt>
			<trkpt lat="35.942158" lon="120.179924">
				<ele>-63.0</ele>
				<time>2019-09-17T13:00:23Z</time>
					<extensions>
						<ns3:TrackPointExtension>
							<ns3:speed>3.5</ns3:speed>
						</ns3:TrackPointExtension>
					</extensions>
			</trkpt>
			<trkpt lat="35.94218" lon="120.17997">
				<ele>-63.0</ele>
				<time>2019-09-17T13:00:24Z</time>
					<extensions>
						<ns3:TrackPointExtension>
							<ns3:speed>3.49</ns3:speed>
						</ns3:TrackPointExtension>
					</extensions>
			</trkpt>
			<trkpt lat="35.942196" lon="120.18">
				<ele>-63.0</ele>
				<time>2019-09-17T13:00:25Z</time>
					<extensions>
						<ns3:TrackPointExtension>
							<ns3:speed>3.48</ns3:speed>
						</ns3:TrackPointExtension>
					</extensions>
			</trkpt>
			<trkpt lat="35.942215" lon="120.18003">
				<ele>-63.0</ele>
				<time>2019-09-17T13:00:27Z</time>
					<extensions>
						<ns3:TrackPointExtension>
							<ns3:speed>3.47</ns3:speed>
						</ns3:TrackPointExtension>
					</extensions>
			</trkpt>
			<trkpt lat="35.94223" lon="120.18006">
				<ele>-63.0</ele>
				<time>2019-09-17T13:00:28Z</time>
					<extensions>
						<ns3:TrackPointExtension>
							<ns3:speed>3.46</ns3:speed>
						</ns3:TrackPointExtension>
					</extensions>
			</trkpt>
			<trkpt lat="35.94225" lon="120.18009">
				<ele>-63.0</ele>
				<time>2019-09-17T13:00:29Z</time>
					<extensions>
						<ns3:TrackPointExtension>
							<ns3:speed>3.44</ns3:speed>
						</ns3:TrackPointExtension>
					</extensions>
			</trkpt>
			<trkpt lat="35.94227" lon="120.18013">
				<ele>-63.0</ele>
				<time>2019-09-17T13:00:30Z</time>
					<extensions>
						<ns3:TrackPointExtension>
							<ns3:speed>3.44</ns3:speed>
						</ns3:TrackPointExtension>
					</extensions>
			</trkpt>
			<trkpt lat="35.94229" lon="120.18016">
				<ele>-63.0</ele>
				<time>2019-09-17T13:00:31Z</time>
					<extensions>
						<ns3:TrackPointExtension>
							<ns3:speed>3.43</ns3:speed>
						</ns3:TrackPointExtension>
					</extensions>
			</trkpt>
			<trkpt lat="35.94232" lon="120.18024">
				<ele>-63.0</ele>
				<time>2019-09-17T13:00:32Z</time>
					<extensions>
						<ns3:TrackPointExtension>
							<ns3:speed>3.43</ns3:speed>
						</ns3:TrackPointExtension>
					</extensions>
			</trkpt>
			<trkpt lat="35.94234" lon="120.180275">
				<ele>-63.0</ele>
				<time>2019-09-17T13:00:34Z</time>
					<extensions>
						<ns3:TrackPointExtension>
							<ns3:speed>3.43</ns3:speed>
						</ns3:TrackPointExtension>
					</extensions>
			</trkpt>
			<trkpt lat="35.942356" lon="120.18031">
				<ele>-63.0</ele>
				<time>2019-09-17T13:00:35Z</time>
					<extensions>
						<ns3:TrackPointExtension>
							<ns3:speed>3.42</ns3:speed>
						</ns3:TrackPointExtension>
					</extensions>
			</trkpt>
			<trkpt lat="35.94237" lon="120.18034">
				<ele>-63.0</ele>
				<time>2019-09-17T13:00:36Z</time>
					<extensions>
						<ns3:TrackPointExtension>
							<ns3:speed>3.41</ns3:speed>
						</ns3:TrackPointExtension>
					</extensions>
			</trkpt>
			<trkpt lat="35.94239" lon="120.1804">
				<ele>-63.0</ele>
				<time>2019-09-17T13:00:37Z</time>
					<extensions>
						<ns3:TrackPointExtension>
							<ns3:speed>3.4</ns3:speed>
						</ns3:TrackPointExtension>
					</extensions>
			</trkpt>
			<trkpt lat="35.9424" lon="120.18043">
				<ele>-63.0</ele>
				<time>2019-09-17T13:00:38Z</time>
					<extensions>
						<ns3:TrackPointExtension>
							<ns3:speed>3.38</ns3:speed>
						</ns3:TrackPointExtension>
					</extensions>
			</trkpt>
			<trkpt lat="35.942417" lon="120.18046">
				<ele>-63.0</ele>
				<time>2019-09-17T13:00:39Z</time>
					<extensions>
						<ns3:TrackPointExtension>
							<ns3:speed>3.38</ns3:speed>
						</ns3:TrackPointExtension>
					</extensions>
			</trkpt>
			<trkpt lat="35.942432" lon="120.180504">
				<ele>-63.0</ele>
				<time>2019-09-17T13:00:41Z</time>
					<extensions>
						<ns3:TrackPointExtension>
							<ns3:speed>3.4</ns3:speed>
						</ns3:TrackPointExtension>
					</extensions>
			</trkpt>
			<trkpt lat="35.942444" lon="120.180534">
				<ele>-63.0</ele>
				<time>2019-09-17T13:00:42Z</time>
					<extensions>
						<ns3:TrackPointExtension>
							<ns3:speed>3.41</ns3:speed>
						</ns3:TrackPointExtension>
					</extensions>
			</trkpt>
			<trkpt lat="35.94245" lon="120.18055">
				<ele>-63.0</ele>
				<time>2019-09-17T13:00:43Z</time>
					<extensions>
						<ns3:TrackPointExtension>
							<ns3:speed>3.42</ns3:speed>
						</ns3:TrackPointExtension>
					</extensions>
			</trkpt>
			<trkpt lat="35.942463" lon="120.18058">
				<ele>-63.0</ele>
				<time>2019-09-17T13:00:44Z</time>
					<extensions>
						<ns3:TrackPointExtension>
							<ns3:speed>3.4</ns3:speed>
						</ns3:TrackPointExtension>
					</extensions>
			</trkpt>
			<trkpt lat="35.94247" lon="120.1806">
				<ele>-63.0</ele>
				<time>2019-09-17T13:00:45Z</time>
					<extensions>
						<ns3:TrackPointExtension>
							<ns3:speed>3.4</ns3:speed>
						</ns3:TrackPointExtension>
					</extensions>
			</trkpt>
			<trkpt lat="35.942474" lon="120.18063">
				<ele>-63.0</ele>
				<time>2019-09-17T13:00:46Z</time>
					<extensions>
						<ns3:TrackPointExtension>
							<ns3:speed>3.35</ns3:speed>
						</ns3:TrackPointExtension>
					</extensions>
			</trkpt>
			<trkpt lat="35.94248" lon="120.18064">
				<ele>-63.0</ele>
				<time>2019-09-17T13:00:47Z</time>
					<extensions>
						<ns3:TrackPointExtension>
							<ns3:speed>3.35</ns3:speed>
						</ns3:TrackPointExtension>
					</extensions>
			</trkpt>
			<trkpt lat="35.942482" lon="120.180664">
				<ele>-63.0</ele>
				<time>2019-09-17T13:00:48Z</time>
					<extensions>
						<ns3:TrackPointExtension>
							<ns3:speed>3.24</ns3:speed>
						</ns3:TrackPointExtension>
					</extensions>
			</trkpt>
			<trkpt lat="35.942486" lon="120.18069">
				<ele>-63.0</ele>
				<time>2019-09-17T13:00:49Z</time>
					<extensions>
						<ns3:TrackPointExtension>
							<ns3:speed>3.19</ns3:speed>
						</ns3:TrackPointExtension>
					</extensions>
			</trkpt>
			<trkpt lat="35.942486" lon="120.180695">
				<ele>-63.0</ele>
				<time>2019-09-17T13:00:50Z</time>
					<extensions>
						<ns3:TrackPointExtension>
							<ns3:speed>3.12</ns3:speed>
						</ns3:TrackPointExtension>
					</extensions>
			</trkpt>
			<trkpt lat="35.94249" lon="120.1807">
				<ele>-63.0</ele>
				<time>2019-09-17T13:00:51Z</time>
					<extensions>
						<ns3:TrackPointExtension>
							<ns3:speed>3.05</ns3:speed>
						</ns3:TrackPointExtension>
					</extensions>
			</trkpt>
			<trkpt lat="35.94249" lon="120.18072">
				<ele>-63.0</ele>
				<time>2019-09-17T13:00:53Z</time>
					<extensions>
						<ns3:TrackPointExtension>
							<ns3:speed>2.98</ns3:speed>
						</ns3:TrackPointExtension>
					</extensions>
			</trkpt>
			<trkpt lat="35.942493" lon="120.18073">
				<ele>-63.0</ele>
				<time>2019-09-17T13:00:54Z</time>
					<extensions>
						<ns3:TrackPointExtension>
							<ns3:speed>2.89</ns3:speed>
						</ns3:TrackPointExtension>
					</extensions>
			</trkpt>
			<trkpt lat="35.9425" lon="120.180756">
				<ele>-63.0</ele>
				<time>2019-09-17T13:00:55Z</time>
					<extensions>
						<ns3:TrackPointExtension>
							<ns3:speed>2.82</ns3:speed>
						</ns3:TrackPointExtension>
					</extensions>
			</trkpt>
			<trkpt lat="35.942505" lon="120.18078">
				<ele>-63.0</ele>
				<time>2019-09-17T13:00:56Z</time>
					<extensions>
						<ns3:TrackPointExtension>
							<ns3:speed>2.69</ns3:speed>
						</ns3:TrackPointExtension>
					</extensions>
			</trkpt>
			<trkpt lat="35.942513" lon="120.18081">
				<ele>-63.0</ele>
				<time>2019-09-17T13:00:57Z</time>
					<extensions>
						<ns3:TrackPointExtension>
							<ns3:speed>2.69</ns3:speed>
						</ns3:TrackPointExtension>
					</extensions>
			</trkpt>
			<trkpt lat="35.942516" lon="120.18083">
				<ele>-63.0</ele>
				<time>2019-09-17T13:00:58Z</time>
					<extensions>
						<ns3:TrackPointExtension>
							<ns3:speed>2.61</ns3:speed>
						</ns3:TrackPointExtension>
					</extensions>
			</trkpt>
			<trkpt lat="35.9425" lon="120.18086">
				<ele>-63.0</ele>
				<time>2019-09-17T13:00:59Z</time>
					<extensions>
						<ns3:TrackPointExtension>
							<ns3:speed>2.61</ns3:speed>
						</ns3:TrackPointExtension>
					</extensions>
			</trkpt>
			<trkpt lat="35.942516" lon="120.18089">
				<ele>-63.0</ele>
				<time>2019-09-17T13:01:00Z</time>
					<extensions>
						<ns3:TrackPointExtension>
							<ns3:speed>2.6</ns3:speed>
						</ns3:TrackPointExtension>
					</extensions>
			</trkpt>
			<trkpt lat="35.942528" lon="120.18091">
				<ele>-63.0</ele>
				<time>2019-09-17T13:01:01Z</time>
					<extensions>
						<ns3:TrackPointExtension>
							<ns3:speed>2.61</ns3:speed>
						</ns3:TrackPointExtension>
					</extensions>
			</trkpt>
			<trkpt lat="35.94254" lon="120.18094">
				<ele>-63.0</ele>
				<time>2019-09-17T13:01:02Z</time>
					<extensions>
						<ns3:TrackPointExtension>
							<ns3:speed>2.62</ns3:speed>
						</ns3:TrackPointExtension>
					</extensions>
			</trkpt>
			<trkpt lat="35.942554" lon="120.18097">
				<ele>-63.0</ele>
				<time>2019-09-17T13:01:04Z</time>
					<extensions>
						<ns3:TrackPointExtension>
							<ns3:speed>2.64</ns3:speed>
						</ns3:TrackPointExtension>
					</extensions>
			</trkpt>
			<trkpt lat="35.942566" lon="120.181">
				<ele>-63.0</ele>
				<time>2019-09-17T13:01:05Z</time>
					<extensions>
						<ns3:TrackPointExtension>
							<ns3:speed>2.65</ns3:speed>
						</ns3:TrackPointExtension>
					</extensions>
			</trkpt>
			<trkpt lat="35.94258" lon="120.18103">
				<ele>-63.0</ele>
				<time>2019-09-17T13:01:06Z</time>
					<extensions>
						<ns3:TrackPointExtension>
							<ns3:speed>2.69</ns3:speed>
						</ns3:TrackPointExtension>
					</extensions>
			</trkpt>
			<trkpt lat="35.942596" lon="120.18105">
				<ele>-63.0</ele>
				<time>2019-09-17T13:01:07Z</time>
					<extensions>
						<ns3:TrackPointExtension>
							<ns3:speed>2.69</ns3:speed>
						</ns3:TrackPointExtension>
					</extensions>
			</trkpt>
			<trkpt lat="35.94261" lon="120.18108">
				<ele>-64.0</ele>
				<time>2019-09-17T13:01:08Z</time>
					<extensions>
						<ns3:TrackPointExtension>
							<ns3:speed>2.72</ns3:speed>
						</ns3:TrackPointExtension>
					</extensions>
			</trkpt>
			<trkpt lat="35.942627" lon="120.181114">
				<ele>-64.0</ele>
				<time>2019-09-17T13:01:08Z</time>
					<extensions>
						<ns3:TrackPointExtension>
							<ns3:speed>2.72</ns3:speed>
						</ns3:TrackPointExtension>
					</extensions>
			</trkpt>
			<trkpt lat="35.942642" lon="120.181145">
				<ele>-64.0</ele>
				<time>2019-09-17T13:01:09Z</time>
					<extensions>
						<ns3:TrackPointExtension>
							<ns3:speed>2.76</ns3:speed>
						</ns3:TrackPointExtension>
					</extensions>
			</trkpt>
			<trkpt lat="35.94265" lon="120.18117">
				<ele>-64.0</ele>
				<time>2019-09-17T13:01:10Z</time>
					<extensions>
						<ns3:TrackPointExtension>
							<ns3:speed>2.77</ns3:speed>
						</ns3:TrackPointExtension>
					</extensions>
			</trkpt>
			<trkpt lat="35.942665" lon="120.1812">
				<ele>-64.0</ele>
				<time>2019-09-17T13:01:11Z</time>
					<extensions>
						<ns3:TrackPointExtension>
							<ns3:speed>2.78</ns3:speed>
						</ns3:TrackPointExtension>
					</extensions>
			</trkpt>
			<trkpt lat="35.94268" lon="120.18123">
				<ele>-64.0</ele>
				<time>2019-09-17T13:01:12Z</time>
					<extensions>
						<ns3:TrackPointExtension>
							<ns3:speed>2.8</ns3:speed>
						</ns3:TrackPointExtension>
					</extensions>
			</trkpt>
			<trkpt lat="35.942696" lon="120.18126">
				<ele>-64.0</ele>
				<time>2019-09-17T13:01:14Z</time>
					<extensions>
						<ns3:TrackPointExtension>
							<ns3:speed>2.8</ns3:speed>
						</ns3:TrackPointExtension>
					</extensions>
			</trkpt>
			<trkpt lat="35.942707" lon="120.18129">
				<ele>-64.0</ele>
				<time>2019-09-17T13:01:15Z</time>
					<extensions>
						<ns3:TrackPointExtension>
							<ns3:speed>2.83</ns3:speed>
						</ns3:TrackPointExtension>
					</extensions>
			</trkpt>
			<trkpt lat="35.942722" lon="120.18132">
				<ele>-64.0</ele>
				<time>2019-09-17T13:01:16Z</time>
					<extensions>
						<ns3:TrackPointExtension>
							<ns3:speed>2.83</ns3:speed>
						</ns3:TrackPointExtension>
					</extensions>
			</trkpt>
			<trkpt lat="35.942734" lon="120.18134">
				<ele>-64.0</ele>
				<time>2019-09-17T13:01:17Z</time>
					<extensions>
						<ns3:TrackPointExtension>
							<ns3:speed>2.85</ns3:speed>
						</ns3:TrackPointExtension>
					</extensions>
			</trkpt>
			<trkpt lat="35.94275" lon="120.18138">
				<ele>-64.0</ele>
				<time>2019-09-17T13:01:18Z</time>
					<extensions>
						<ns3:TrackPointExtension>
							<ns3:speed>2.85</ns3:speed>
						</ns3:TrackPointExtension>
					</extensions>
			</trkpt>
			<trkpt lat="35.94276" lon="120.181404">
				<ele>-64.0</ele>
				<time>2019-09-17T13:01:19Z</time>
					<extensions>
						<ns3:TrackPointExtension>
							<ns3:speed>2.87</ns3:speed>
						</ns3:TrackPointExtension>
					</extensions>
			</trkpt>
			<trkpt lat="35.942776" lon="120.181435">
				<ele>-64.0</ele>
				<time>2019-09-17T13:01:20Z</time>
					<extensions>
						<ns3:TrackPointExtension>
							<ns3:speed>2.87</ns3:speed>
						</ns3:TrackPointExtension>
					</extensions>
			</trkpt>
			<trkpt lat="35.94279" lon="120.18145">
				<ele>-64.0</ele>
				<time>2019-09-17T13:01:21Z</time>
					<extensions>
						<ns3:TrackPointExtension>
							<ns3:speed>2.89</ns3:speed>
						</ns3:TrackPointExtension>
					</extensions>
			</trkpt>
			<trkpt lat="35.942806" lon="120.18148">
				<ele>-64.0</ele>
				<time>2019-09-17T13:01:22Z</time>
					<extensions>
						<ns3:TrackPointExtension>
							<ns3:speed>2.89</ns3:speed>
						</ns3:TrackPointExtension>
					</extensions>
			</trkpt>
			<trkpt lat="35.94282" lon="120.18151">
				<ele>-64.0</ele>
				<time>2019-09-17T13:01:23Z</time>
					<extensions>
						<ns3:TrackPointExtension>
							<ns3:speed>2.89</ns3:speed>
						</ns3:TrackPointExtension>
					</extensions>
			</trkpt>
			<trkpt lat="35.94284" lon="120.18156">
				<ele>-64.0</ele>
				<time>2019-09-17T13:01:25Z</time>
					<extensions>
						<ns3:TrackPointExtension>
							<ns3:speed>2.9</ns3:speed>
						</ns3:TrackPointExtension>
					</extensions>
			</trkpt>
			<trkpt lat="35.942852" lon="120.18159">
				<ele>-64.0</ele>
				<time>2019-09-17T13:01:26Z</time>
					<extensions>
						<ns3:TrackPointExtension>
							<ns3:speed>2.93</ns3:speed>
						</ns3:TrackPointExtension>
					</extensions>
			</trkpt>
			<trkpt lat="35.94287" lon="120.18162">
				<ele>-64.0</ele>
				<time>2019-09-17T13:01:27Z</time>
					<extensions>
						<ns3:TrackPointExtension>
							<ns3:speed>2.95</ns3:speed>
						</ns3:TrackPointExtension>
					</extensions>
			</trkpt>
			<trkpt lat="35.942883" lon="120.18165">
				<ele>-64.0</ele>
				<time>2019-09-17T13:01:28Z</time>
					<extensions>
						<ns3:TrackPointExtension>
							<ns3:speed>2.95</ns3:speed>
						</ns3:TrackPointExtension>
					</extensions>
			</trkpt>
			<trkpt lat="35.942894" lon="120.18168">
				<ele>-64.0</ele>
				<time>2019-09-17T13:01:29Z</time>
					<extensions>
						<ns3:TrackPointExtension>
							<ns3:speed>2.99</ns3:speed>
						</ns3:TrackPointExtension>
					</extensions>
			</trkpt>
			<trkpt lat="35.942913" lon="120.18171">
				<ele>-64.0</ele>
				<time>2019-09-17T13:01:30Z</time>
					<extensions>
						<ns3:TrackPointExtension>
							<ns3:speed>2.99</ns3:speed>
						</ns3:TrackPointExtension>
					</extensions>
			</trkpt>
			<trkpt lat="35.94293" lon="120.18175">
				<ele>-64.0</ele>
				<time>2019-09-17T13:01:31Z</time>
					<extensions>
						<ns3:TrackPointExtension>
							<ns3:speed>3.02</ns3:speed>
						</ns3:TrackPointExtension>
					</extensions>
			</trkpt>
			<trkpt lat="35.94294" lon="120.18177">
				<ele>-64.0</ele>
				<time>2019-09-17T13:01:32Z</time>
					<extensions>
						<ns3:TrackPointExtension>
							<ns3:speed>3.04</ns3:speed>
						</ns3:TrackPointExtension>
					</extensions>
			</trkpt>
			<trkpt lat="35.94295" lon="120.18179">
				<ele>-64.0</ele>
				<time>2019-09-17T13:01:33Z</time>
					<extensions>
						<ns3:TrackPointExtension>
							<ns3:speed>3.05</ns3:speed>
						</ns3:TrackPointExtension>
					</extensions>
			</trkpt>
			<trkpt lat="35.942963" lon="120.18182">
				<ele>-64.0</ele>
				<time>2019-09-17T13:01:34Z</time>
					<extensions>
						<ns3:TrackPointExtension>
							<ns3:speed>3.05</ns3:speed>
						</ns3:TrackPointExtension>
					</extensions>
			</trkpt>
			<trkpt lat="35.94297" lon="120.18183">
				<ele>-64.0</ele>
				<time>2019-09-17T13:01:35Z</time>
					<extensions>
						<ns3:TrackPointExtension>
							<ns3:speed>3.06</ns3:speed>
						</ns3:TrackPointExtension>
					</extensions>
			</trkpt>
			<trkpt lat="35.942986" lon="120.181854">
				<ele>-64.0</ele>
				<time>2019-09-17T13:01:36Z</time>
					<extensions>
						<ns3:TrackPointExtension>
							<ns3:speed>3.04</ns3:speed>
						</ns3:TrackPointExtension>
					</extensions>
			</trkpt>
			<trkpt lat="35.942997" lon="120.18187">
				<ele>-64.0</ele>
				<time>2019-09-17T13:01:37Z</time>
					<extensions>
						<ns3:TrackPointExtension>
							<ns3:speed>3.03</ns3:speed>
						</ns3:TrackPointExtension>
					</extensions>
			</trkpt>
			<trkpt lat="35.94301" lon="120.18189">
				<ele>-64.0</ele>
				<time>2019-09-17T13:01:39Z</time>
					<extensions>
						<ns3:TrackPointExtension>
							<ns3:speed>3.0</ns3:speed>
						</ns3:TrackPointExtension>
					</extensions>
			</trkpt>
			<trkpt lat="35.943024" lon="120.18192">
				<ele>-64.0</ele>
				<time>2019-09-17T13:01:40Z</time>
					<extensions>
						<ns3:TrackPointExtension>
							<ns3:speed>2.96</ns3:speed>
						</ns3:TrackPointExtension>
					</extensions>
			</trkpt>
			<trkpt lat="35.943035" lon="120.18195">
				<ele>-64.0</ele>
				<time>2019-09-17T13:01:41Z</time>
					<extensions>
						<ns3:TrackPointExtension>
							<ns3:speed>2.94</ns3:speed>
						</ns3:TrackPointExtension>
					</extensions>
			</trkpt>
			<trkpt lat="35.943054" lon="120.18198">
				<ele>-64.0</ele>
				<time>2019-09-17T13:01:42Z</time>
					<extensions>
						<ns3:TrackPointExtension>
							<ns3:speed>2.92</ns3:speed>
						</ns3:TrackPointExtension>
					</extensions>
			</trkpt>
			<trkpt lat="35.94306" lon="120.182">
				<ele>-64.0</ele>
				<time>2019-09-17T13:01:43Z</time>
					<extensions>
						<ns3:TrackPointExtension>
							<ns3:speed>2.9</ns3:speed>
						</ns3:TrackPointExtension>
					</extensions>
			</trkpt>
			<trkpt lat="35.943092" lon="120.18206">
				<ele>-65.0</ele>
				<time>2019-09-17T13:01:44Z</time>
					<extensions>
						<ns3:TrackPointExtension>
							<ns3:speed>2.87</ns3:speed>
						</ns3:TrackPointExtension>
					</extensions>
			</trkpt>
			<trkpt lat="35.943108" lon="120.18209">
				<ele>-65.0</ele>
				<time>2019-09-17T13:01:46Z</time>
					<extensions>
						<ns3:TrackPointExtension>
							<ns3:speed>2.87</ns3:speed>
						</ns3:TrackPointExtension>
					</extensions>
			</trkpt>
			<trkpt lat="35.943123" lon="120.182106">
				<ele>-65.0</ele>
				<time>2019-09-17T13:01:47Z</time>
					<extensions>
						<ns3:TrackPointExtension>
							<ns3:speed>2.86</ns3:speed>
						</ns3:TrackPointExtension>
					</extensions>
			</trkpt>
			<trkpt lat="35.94314" lon="120.18214">
				<ele>-65.0</ele>
				<time>2019-09-17T13:01:48Z</time>
					<extensions>
						<ns3:TrackPointExtension>
							<ns3:speed>2.84</ns3:speed>
						</ns3:TrackPointExtension>
					</extensions>
			</trkpt>
			<trkpt lat="35.943153" lon="120.18217">
				<ele>-65.0</ele>
				<time>2019-09-17T13:01:50Z</time>
					<extensions>
						<ns3:TrackPointExtension>
							<ns3:speed>2.84</ns3:speed>
						</ns3:TrackPointExtension>
					</extensions>
			</trkpt>
			<trkpt lat="35.943172" lon="120.1822">
				<ele>-65.0</ele>
				<time>2019-09-17T13:01:51Z</time>
					<extensions>
						<ns3:TrackPointExtension>
							<ns3:speed>2.81</ns3:speed>
						</ns3:TrackPointExtension>
					</extensions>
			</trkpt>
			<trkpt lat="35.943188" lon="120.18223">
				<ele>-65.0</ele>
				<time>2019-09-17T13:01:52Z</time>
					<extensions>
						<ns3:TrackPointExtension>
							<ns3:speed>2.81</ns3:speed>
						</ns3:TrackPointExtension>
					</extensions>
			</trkpt>
			<trkpt lat="35.943207" lon="120.182274">
				<ele>-65.0</ele>
				<time>2019-09-17T13:01:53Z</time>
					<extensions>
						<ns3:TrackPointExtension>
							<ns3:speed>2.84</ns3:speed>
						</ns3:TrackPointExtension>
					</extensions>
			</trkpt>
			<trkpt lat="35.943222" lon="120.182304">
				<ele>-65.0</ele>
				<time>2019-09-17T13:01:54Z</time>
					<extensions>
						<ns3:TrackPointExtension>
							<ns3:speed>2.84</ns3:speed>
						</ns3:TrackPointExtension>
					</extensions>
			</trkpt>
			<trkpt lat="35.94324" lon="120.18232">
				<ele>-65.0</ele>
				<time>2019-09-17T13:01:55Z</time>
					<extensions>
						<ns3:TrackPointExtension>
							<ns3:speed>2.89</ns3:speed>
						</ns3:TrackPointExtension>
					</extensions>
			</trkpt>
			<trkpt lat="35.943256" lon="120.18235">
				<ele>-65.0</ele>
				<time>2019-09-17T13:01:56Z</time>
					<extensions>
						<ns3:TrackPointExtension>
							<ns3:speed>2.89</ns3:speed>
						</ns3:TrackPointExtension>
					</extensions>
			</trkpt>
			<trkpt lat="35.94327" lon="120.18239">
				<ele>-65.0</ele>
				<time>2019-09-17T13:01:57Z</time>
					<extensions>
						<ns3:TrackPointExtension>
							<ns3:speed>2.94</ns3:speed>
						</ns3:TrackPointExtension>
					</extensions>
			</trkpt>
			<trkpt lat="35.94329" lon="120.18242">
				<ele>-65.0</ele>
				<time>2019-09-17T13:01:58Z</time>
					<extensions>
						<ns3:TrackPointExtension>
							<ns3:speed>2.97</ns3:speed>
						</ns3:TrackPointExtension>
					</extensions>
			</trkpt>
			<trkpt lat="35.943306" lon="120.18245">
				<ele>-64.0</ele>
				<time>2019-09-17T13:01:59Z</time>
					<extensions>
						<ns3:TrackPointExtension>
							<ns3:speed>2.99</ns3:speed>
						</ns3:TrackPointExtension>
					</extensions>
			</trkpt>
			<trkpt lat="35.943325" lon="120.18248">
				<ele>-64.0</ele>
				<time>2019-09-17T13:02:01Z</time>
					<extensions>
						<ns3:TrackPointExtension>
							<ns3:speed>3.0</ns3:speed>
						</ns3:TrackPointExtension>
					</extensions>
			</trkpt>
			<trkpt lat="35.943336" lon="120.18251">
				<ele>-64.0</ele>
				<time>2019-09-17T13:02:02Z</time>
					<extensions>
						<ns3:TrackPointExtension>
							<ns3:speed>3.02</ns3:speed>
						</ns3:TrackPointExtension>
					</extensions>
			</trkpt>
			<trkpt lat="35.943356" lon="120.18254">
				<ele>-64.0</ele>
				<time>2019-09-17T13:02:03Z</time>
					<extensions>
						<ns3:TrackPointExtension>
							<ns3:speed>3.03</ns3:speed>
						</ns3:TrackPointExtension>
					</extensions>
			</trkpt>
			<trkpt lat="35.943367" lon="120.182556">
				<ele>-64.0</ele>
				<time>2019-09-17T13:02:04Z</time>
					<extensions>
						<ns3:TrackPointExtension>
							<ns3:speed>3.03</ns3:speed>
						</ns3:TrackPointExtension>
					</extensions>
			</trkpt>
			<trkpt lat="35.94339" lon="120.1826">
				<ele>-64.0</ele>
				<time>2019-09-17T13:02:05Z</time>
					<extensions>
						<ns3:TrackPointExtension>
							<ns3:speed>3.01</ns3:speed>
						</ns3:TrackPointExtension>
					</extensions>
			</trkpt>
			<trkpt lat="35.94341" lon="120.18263">
				<ele>-64.0</ele>
				<time>2019-09-17T13:02:07Z</time>
					<extensions>
						<ns3:TrackPointExtension>
							<ns3:speed>2.99</ns3:speed>
						</ns3:TrackPointExtension>
					</extensions>
			</trkpt>
			<trkpt lat="35.94342" lon="120.18266">
				<ele>-64.0</ele>
				<time>2019-09-17T13:02:08Z</time>
					<extensions>
						<ns3:TrackPointExtension>
							<ns3:speed>2.97</ns3:speed>
						</ns3:TrackPointExtension>
					</extensions>
			</trkpt>
			<trkpt lat="35.943443" lon="120.18269">
				<ele>-64.0</ele>
				<time>2019-09-17T13:02:09Z</time>
					<extensions>
						<ns3:TrackPointExtension>
							<ns3:speed>2.94</ns3:speed>
						</ns3:TrackPointExtension>
					</extensions>
			</trkpt>
			<trkpt lat="35.943455" lon="120.182724">
				<ele>-64.0</ele>
				<time>2019-09-17T13:02:11Z</time>
					<extensions>
						<ns3:TrackPointExtension>
							<ns3:speed>2.93</ns3:speed>
						</ns3:TrackPointExtension>
					</extensions>
			</trkpt>
			<trkpt lat="35.943466" lon="120.182755">
				<ele>-64.0</ele>
				<time>2019-09-17T13:02:12Z</time>
					<extensions>
						<ns3:TrackPointExtension>
							<ns3:speed>2.9</ns3:speed>
						</ns3:TrackPointExtension>
					</extensions>
			</trkpt>
			<trkpt lat="35.94348" lon="120.182785">
				<ele>-64.0</ele>
				<time>2019-09-17T13:02:13Z</time>
					<extensions>
						<ns3:TrackPointExtension>
							<ns3:speed>2.88</ns3:speed>
						</ns3:TrackPointExtension>
					</extensions>
			</trkpt>
			<trkpt lat="35.943493" lon="120.182816">
				<ele>-64.0</ele>
				<time>2019-09-17T13:02:14Z</time>
					<extensions>
						<ns3:TrackPointExtension>
							<ns3:speed>2.88</ns3:speed>
						</ns3:TrackPointExtension>
					</extensions>
			</trkpt>
			<trkpt lat="35.943512" lon="120.182846">
				<ele>-64.0</ele>
				<time>2019-09-17T13:02:15Z</time>
					<extensions>
						<ns3:TrackPointExtension>
							<ns3:speed>2.89</ns3:speed>
						</ns3:TrackPointExtension>
					</extensions>
			</trkpt>
			<trkpt lat="35.943523" lon="120.18287">
				<ele>-64.0</ele>
				<time>2019-09-17T13:02:16Z</time>
					<extensions>
						<ns3:TrackPointExtension>
							<ns3:speed>2.89</ns3:speed>
						</ns3:TrackPointExtension>
					</extensions>
			</trkpt>
			<trkpt lat="35.94354" lon="120.1829">
				<ele>-64.0</ele>
				<time>2019-09-17T13:02:17Z</time>
					<extensions>
						<ns3:TrackPointExtension>
							<ns3:speed>2.93</ns3:speed>
						</ns3:TrackPointExtension>
					</extensions>
			</trkpt>
			<trkpt lat="35.94355" lon="120.182915">
				<ele>-64.0</ele>
				<time>2019-09-17T13:02:18Z</time>
					<extensions>
						<ns3:TrackPointExtension>
							<ns3:speed>2.94</ns3:speed>
						</ns3:TrackPointExtension>
					</extensions>
			</trkpt>
			<trkpt lat="35.94356" lon="120.18294">
				<ele>-64.0</ele>
				<time>2019-09-17T13:02:19Z</time>
					<extensions>
						<ns3:TrackPointExtension>
							<ns3:speed>2.96</ns3:speed>
						</ns3:TrackPointExtension>
					</extensions>
			</trkpt>
			<trkpt lat="35.943573" lon="120.18296">
				<ele>-64.0</ele>
				<time>2019-09-17T13:02:20Z</time>
					<extensions>
						<ns3:TrackPointExtension>
							<ns3:speed>2.98</ns3:speed>
						</ns3:TrackPointExtension>
					</extensions>
			</trkpt>
			<trkpt lat="35.94362" lon="120.182976">
				<ele>-64.0</ele>
				<time>2019-09-17T13:02:22Z</time>
					<extensions>
						<ns3:TrackPointExtension>
							<ns3:speed>2.98</ns3:speed>
						</ns3:TrackPointExtension>
					</extensions>
			</trkpt>
			<trkpt lat="35.943638" lon="120.18299">
				<ele>-64.0</ele>
				<time>2019-09-17T13:02:23Z</time>
					<extensions>
						<ns3:TrackPointExtension>
							<ns3:speed>2.99</ns3:speed>
						</ns3:TrackPointExtension>
					</extensions>
			</trkpt>
			<trkpt lat="35.943657" lon="120.18303">
				<ele>-64.0</ele>
				<time>2019-09-17T13:02:24Z</time>
					<extensions>
						<ns3:TrackPointExtension>
							<ns3:speed>2.99</ns3:speed>
						</ns3:TrackPointExtension>
					</extensions>
			</trkpt>
			<trkpt lat="35.94367" lon="120.18306">
				<ele>-64.0</ele>
				<time>2019-09-17T13:02:25Z</time>
					<extensions>
						<ns3:TrackPointExtension>
							<ns3:speed>2.98</ns3:speed>
						</ns3:TrackPointExtension>
					</extensions>
			</trkpt>
			<trkpt lat="35.943676" lon="120.18309">
				<ele>-64.0</ele>
				<time>2019-09-17T13:02:26Z</time>
					<extensions>
						<ns3:TrackPointExtension>
							<ns3:speed>2.99</ns3:speed>
						</ns3:TrackPointExtension>
					</extensions>
			</trkpt>
			<trkpt lat="35.94368" lon="120.18312">
				<ele>-64.0</ele>
				<time>2019-09-17T13:02:27Z</time>
					<extensions>
						<ns3:TrackPointExtension>
							<ns3:speed>3.0</ns3:speed>
						</ns3:TrackPointExtension>
					</extensions>
			</trkpt>
			<trkpt lat="35.943684" lon="120.18317">
				<ele>-64.0</ele>
				<time>2019-09-17T13:02:28Z</time>
					<extensions>
						<ns3:TrackPointExtension>
							<ns3:speed>3.01</ns3:speed>
						</ns3:TrackPointExtension>
					</extensions>
			</trkpt>
			<trkpt lat="35.94369" lon="120.1832">
				<ele>-64.0</ele>
				<time>2019-09-17T13:02:30Z</time>
					<extensions>
						<ns3:TrackPointExtension>
							<ns3:speed>3.03</ns3:speed>
						</ns3:TrackPointExtension>
					</extensions>
			</trkpt>
			<trkpt lat="35.9437" lon="120.18323">
				<ele>-64.0</ele>
				<time>2019-09-17T13:02:31Z</time>
					<extensions>
						<ns3:TrackPointExtension>
							<ns3:speed>3.03</ns3:speed>
						</ns3:TrackPointExtension>
					</extensions>
			</trkpt>
			<trkpt lat="35.943707" lon="120.18326">
				<ele>-64.0</ele>
				<time>2019-09-17T13:02:32Z</time>
					<extensions>
						<ns3:TrackPointExtension>
							<ns3:speed>3.03</ns3:speed>
						</ns3:TrackPointExtension>
					</extensions>
			</trkpt>
			<trkpt lat="35.943718" lon="120.18329">
				<ele>-64.0</ele>
				<time>2019-09-17T13:02:33Z</time>
					<extensions>
						<ns3:TrackPointExtension>
							<ns3:speed>3.03</ns3:speed>
						</ns3:TrackPointExtension>
					</extensions>
			</trkpt>
			<trkpt lat="35.943737" lon="120.18332">
				<ele>-64.0</ele>
				<time>2019-09-17T13:02:35Z</time>
					<extensions>
						<ns3:TrackPointExtension>
							<ns3:speed>3.03</ns3:speed>
						</ns3:TrackPointExtension>
					</extensions>
			</trkpt>
			<trkpt lat="35.943756" lon="120.18335">
				<ele>-64.0</ele>
				<time>2019-09-17T13:02:36Z</time>
					<extensions>
						<ns3:TrackPointExtension>
							<ns3:speed>3.03</ns3:speed>
						</ns3:TrackPointExtension>
					</extensions>
			</trkpt>
			<trkpt lat="35.9438" lon="120.183395">
				<ele>-64.0</ele>
				<time>2019-09-17T13:02:37Z</time>
					<extensions>
						<ns3:TrackPointExtension>
							<ns3:speed>3.04</ns3:speed>
						</ns3:TrackPointExtension>
					</extensions>
			</trkpt>
			<trkpt lat="35.943817" lon="120.183426">
				<ele>-65.0</ele>
				<time>2019-09-17T13:02:39Z</time>
					<extensions>
						<ns3:TrackPointExtension>
							<ns3:speed>3.06</ns3:speed>
						</ns3:TrackPointExtension>
					</extensions>
			</trkpt>
			<trkpt lat="35.943832" lon="120.18345">
				<ele>-65.0</ele>
				<time>2019-09-17T13:02:41Z</time>
					<extensions>
						<ns3:TrackPointExtension>
							<ns3:speed>3.06</ns3:speed>
						</ns3:TrackPointExtension>
					</extensions>
			</trkpt>
			<trkpt lat="35.943844" lon="120.18348">
				<ele>-65.0</ele>
				<time>2019-09-17T13:02:42Z</time>
					<extensions>
						<ns3:TrackPointExtension>
							<ns3:speed>3.05</ns3:speed>
						</ns3:TrackPointExtension>
					</extensions>
			</trkpt>
			<trkpt lat="35.94387" lon="120.183525">
				<ele>-65.0</ele>
				<time>2019-09-17T13:02:43Z</time>
					<extensions>
						<ns3:TrackPointExtension>
							<ns3:speed>3.03</ns3:speed>
						</ns3:TrackPointExtension>
					</extensions>
			</trkpt>
			<trkpt lat="35.943882" lon="120.18354">
				<ele>-65.0</ele>
				<time>2019-09-17T13:02:45Z</time>
					<extensions>
						<ns3:TrackPointExtension>
							<ns3:speed>2.97</ns3:speed>
						</ns3:TrackPointExtension>
					</extensions>
			</trkpt>
			<trkpt lat="35.943893" lon="120.18356">
				<ele>-65.0</ele>
				<time>2019-09-17T13:02:46Z</time>
					<extensions>
						<ns3:TrackPointExtension>
							<ns3:speed>2.94</ns3:speed>
						</ns3:TrackPointExtension>
					</extensions>
			</trkpt>
			<trkpt lat="35.9439" lon="120.18357">
				<ele>-65.0</ele>
				<time>2019-09-17T13:02:47Z</time>
					<extensions>
						<ns3:TrackPointExtension>
							<ns3:speed>2.91</ns3:speed>
						</ns3:TrackPointExtension>
					</extensions>
			</trkpt>
			<trkpt lat="35.943913" lon="120.18359">
				<ele>-65.0</ele>
				<time>2019-09-17T13:02:49Z</time>
					<extensions>
						<ns3:TrackPointExtension>
							<ns3:speed>2.86</ns3:speed>
						</ns3:TrackPointExtension>
					</extensions>
			</trkpt>
			<trkpt lat="35.943924" lon="120.1836">
				<ele>-65.0</ele>
				<time>2019-09-17T13:02:50Z</time>
					<extensions>
						<ns3:TrackPointExtension>
							<ns3:speed>2.77</ns3:speed>
						</ns3:TrackPointExtension>
					</extensions>
			</trkpt>
			<trkpt lat="35.943935" lon="120.183624">
				<ele>-65.0</ele>
				<time>2019-09-17T13:02:51Z</time>
					<extensions>
						<ns3:TrackPointExtension>
							<ns3:speed>2.77</ns3:speed>
						</ns3:TrackPointExtension>
					</extensions>
			</trkpt>
			<trkpt lat="35.943943" lon="120.18365">
				<ele>-65.0</ele>
				<time>2019-09-17T13:02:52Z</time>
					<extensions>
						<ns3:TrackPointExtension>
							<ns3:speed>2.68</ns3:speed>
						</ns3:TrackPointExtension>
					</extensions>
			</trkpt>
			<trkpt lat="35.94396" lon="120.18368">
				<ele>-65.0</ele>
				<time>2019-09-17T13:02:53Z</time>
					<extensions>
						<ns3:TrackPointExtension>
							<ns3:speed>2.68</ns3:speed>
						</ns3:TrackPointExtension>
					</extensions>
			</trkpt>
			<trkpt lat="35.943966" lon="120.18369">
				<ele>-65.0</ele>
				<time>2019-09-17T13:02:54Z</time>
					<extensions>
						<ns3:TrackPointExtension>
							<ns3:speed>2.64</ns3:speed>
						</ns3:TrackPointExtension>
					</extensions>
			</trkpt>
			<trkpt lat="35.943977" lon="120.183716">
				<ele>-65.0</ele>
				<time>2019-09-17T13:02:55Z</time>
					<extensions>
						<ns3:TrackPointExtension>
							<ns3:speed>2.63</ns3:speed>
						</ns3:TrackPointExtension>
					</extensions>
			</trkpt>
			<trkpt lat="35.94399" lon="120.18374">
				<ele>-65.0</ele>
				<time>2019-09-17T13:02:56Z</time>
					<extensions>
						<ns3:TrackPointExtension>
							<ns3:speed>2.61</ns3:speed>
						</ns3:TrackPointExtension>
					</extensions>
			</trkpt>
			<trkpt lat="35.944004" lon="120.183754">
				<ele>-65.0</ele>
				<time>2019-09-17T13:02:57Z</time>
					<extensions>
						<ns3:TrackPointExtension>
							<ns3:speed>2.59</ns3:speed>
						</ns3:TrackPointExtension>
					</extensions>
			</trkpt>
			<trkpt lat="35.94402" lon="120.183784">
				<ele>-65.0</ele>
				<time>2019-09-17T13:02:58Z</time>
					<extensions>
						<ns3:TrackPointExtension>
							<ns3:speed>2.59</ns3:speed>
						</ns3:TrackPointExtension>
					</extensions>
			</trkpt>
			<trkpt lat="35.94404" lon="120.183815">
				<ele>-65.0</ele>
				<time>2019-09-17T13:03:00Z</time>
					<extensions>
						<ns3:TrackPointExtension>
							<ns3:speed>2.58</ns3:speed>
						</ns3:TrackPointExtension>
					</extensions>
			</trkpt>
			<trkpt lat="35.944054" lon="120.183846">
				<ele>-65.0</ele>
				<time>2019-09-17T13:03:01Z</time>
					<extensions>
						<ns3:TrackPointExtension>
							<ns3:speed>2.59</ns3:speed>
						</ns3:TrackPointExtension>
					</extensions>
			</trkpt>
			<trkpt lat="35.944073" lon="120.183876">
				<ele>-65.0</ele>
				<time>2019-09-17T13:03:02Z</time>
					<extensions>
						<ns3:TrackPointExtension>
							<ns3:speed>2.61</ns3:speed>
						</ns3:TrackPointExtension>
					</extensions>
			</trkpt>
			<trkpt lat="35.944088" lon="120.183914">
				<ele>-65.0</ele>
				<time>2019-09-17T13:03:03Z</time>
					<extensions>
						<ns3:TrackPointExtension>
							<ns3:speed>2.61</ns3:speed>
						</ns3:TrackPointExtension>
					</extensions>
			</trkpt>
			<trkpt lat="35.94413" lon="120.183975">
				<ele>-65.0</ele>
				<time>2019-09-17T13:03:04Z</time>
					<extensions>
						<ns3:TrackPointExtension>
							<ns3:speed>2.68</ns3:speed>
						</ns3:TrackPointExtension>
					</extensions>
			</trkpt>
			<trkpt lat="35.944153" lon="120.18401">
				<ele>-65.0</ele>
				<time>2019-09-17T13:03:06Z</time>
					<extensions>
						<ns3:TrackPointExtension>
							<ns3:speed>2.76</ns3:speed>
						</ns3:TrackPointExtension>
					</extensions>
			</trkpt>
			<trkpt lat="35.944168" lon="120.18404">
				<ele>-65.0</ele>
				<time>2019-09-17T13:03:07Z</time>
					<extensions>
						<ns3:TrackPointExtension>
							<ns3:speed>2.78</ns3:speed>
						</ns3:TrackPointExtension>
					</extensions>
			</trkpt>
			<trkpt lat="35.94419" lon="120.184074">
				<ele>-65.0</ele>
				<time>2019-09-17T13:03:08Z</time>
					<extensions>
						<ns3:TrackPointExtension>
							<ns3:speed>2.8</ns3:speed>
						</ns3:TrackPointExtension>
					</extensions>
			</trkpt>
			<trkpt lat="35.944206" lon="120.184105">
				<ele>-65.0</ele>
				<time>2019-09-17T13:03:09Z</time>
					<extensions>
						<ns3:TrackPointExtension>
							<ns3:speed>2.83</ns3:speed>
						</ns3:TrackPointExtension>
					</extensions>
			</trkpt>
			<trkpt lat="35.944225" lon="120.18414">
				<ele>-65.0</ele>
				<time>2019-09-17T13:03:11Z</time>
					<extensions>
						<ns3:TrackPointExtension>
							<ns3:speed>2.84</ns3:speed>
						</ns3:TrackPointExtension>
					</extensions>
			</trkpt>
			<trkpt lat="35.94424" lon="120.184166">
				<ele>-65.0</ele>
				<time>2019-09-17T13:03:12Z</time>
					<extensions>
						<ns3:TrackPointExtension>
							<ns3:speed>2.89</ns3:speed>
						</ns3:TrackPointExtension>
					</extensions>
			</trkpt>
			<trkpt lat="35.94426" lon="120.184204">
				<ele>-65.0</ele>
				<time>2019-09-17T13:03:13Z</time>
					<extensions>
						<ns3:TrackPointExtension>
							<ns3:speed>2.89</ns3:speed>
						</ns3:TrackPointExtension>
					</extensions>
			</trkpt>
			<trkpt lat="35.944275" lon="120.18423">
				<ele>-65.0</ele>
				<time>2019-09-17T13:03:14Z</time>
					<extensions>
						<ns3:TrackPointExtension>
							<ns3:speed>2.96</ns3:speed>
						</ns3:TrackPointExtension>
					</extensions>
			</trkpt>
			<trkpt lat="35.944305" lon="120.1843">
				<ele>-65.0</ele>
				<time>2019-09-17T13:03:15Z</time>
					<extensions>
						<ns3:TrackPointExtension>
							<ns3:speed>2.96</ns3:speed>
						</ns3:TrackPointExtension>
					</extensions>
			</trkpt>
			<trkpt lat="35.94432" lon="120.18434">
				<ele>-64.0</ele>
				<time>2019-09-17T13:03:17Z</time>
					<extensions>
						<ns3:TrackPointExtension>
							<ns3:speed>2.99</ns3:speed>
						</ns3:TrackPointExtension>
					</extensions>
			</trkpt>
			<trkpt lat="35.94434" lon="120.18437">
				<ele>-64.0</ele>
				<time>2019-09-17T13:03:18Z</time>
					<extensions>
						<ns3:TrackPointExtension>
							<ns3:speed>2.99</ns3:speed>
						</ns3:TrackPointExtension>
					</extensions>
			</trkpt>
			<trkpt lat="35.944355" lon="120.18441">
				<ele>-64.0</ele>
				<time>2019-09-17T13:03:19Z</time>
					<extensions>
						<ns3:TrackPointExtension>
							<ns3:speed>2.98</ns3:speed>
						</ns3:TrackPointExtension>
					</extensions>
			</trkpt>
			<trkpt lat="35.944366" lon="120.184456">
				<ele>-64.0</ele>
				<time>2019-09-17T13:03:21Z</time>
					<extensions>
						<ns3:TrackPointExtension>
							<ns3:speed>2.99</ns3:speed>
						</ns3:TrackPointExtension>
					</extensions>
			</trkpt>
			<trkpt lat="35.944378" lon="120.18449">
				<ele>-64.0</ele>
				<time>2019-09-17T13:03:22Z</time>
					<extensions>
						<ns3:TrackPointExtension>
							<ns3:speed>3.0</ns3:speed>
						</ns3:TrackPointExtension>
					</extensions>
			</trkpt>
			<trkpt lat="35.94439" lon="120.184525">
				<ele>-64.0</ele>
				<time>2019-09-17T13:03:23Z</time>
					<extensions>
						<ns3:TrackPointExtension>
							<ns3:speed>3.0</ns3:speed>
						</ns3:TrackPointExtension>
					</extensions>
			</trkpt>
			<trkpt lat="35.9444" lon="120.184555">
				<ele>-64.0</ele>
				<time>2019-09-17T13:03:24Z</time>
					<extensions>
						<ns3:TrackPointExtension>
							<ns3:speed>3.04</ns3:speed>
						</ns3:TrackPointExtension>
					</extensions>
			</trkpt>
			<trkpt lat="35.94441" lon="120.18459">
				<ele>-64.0</ele>
				<time>2019-09-17T13:03:25Z</time>
					<extensions>
						<ns3:TrackPointExtension>
							<ns3:speed>3.06</ns3:speed>
						</ns3:TrackPointExtension>
					</extensions>
			</trkpt>
			<trkpt lat="35.944416" lon="120.18462">
				<ele>-64.0</ele>
				<time>2019-09-17T13:03:26Z</time>
					<extensions>
						<ns3:TrackPointExtension>
							<ns3:speed>3.08</ns3:speed>
						</ns3:TrackPointExtension>
					</extensions>
			</trkpt>
			<trkpt lat="35.944424" lon="120.184654">
				<ele>-64.0</ele>
				<time>2019-09-17T13:03:28Z</time>
					<extensions>
						<ns3:TrackPointExtension>
							<ns3:speed>3.09</ns3:speed>
						</ns3:TrackPointExtension>
					</extensions>
			</trkpt>
			<trkpt lat="35.94441" lon="120.18469">
				<ele>-64.0</ele>
				<time>2019-09-17T13:03:29Z</time>
					<extensions>
						<ns3:TrackPointExtension>
							<ns3:speed>3.13</ns3:speed>
						</ns3:TrackPointExtension>
					</extensions>
			</trkpt>
			<trkpt lat="35.944454" lon="120.18477">
				<ele>-64.0</ele>
				<time>2019-09-17T13:03:30Z</time>
					<extensions>
						<ns3:TrackPointExtension>
							<ns3:speed>3.14</ns3:speed>
						</ns3:TrackPointExtension>
					</extensions>
			</trkpt>
			<trkpt lat="35.94447" lon="120.184814">
				<ele>-64.0</ele>
				<time>2019-09-17T13:03:32Z</time>
					<extensions>
						<ns3:TrackPointExtension>
							<ns3:speed>3.21</ns3:speed>
						</ns3:TrackPointExtension>
					</extensions>
			</trkpt>
			<trkpt lat="35.944477" lon="120.184845">
				<ele>-64.0</ele>
				<time>2019-09-17T13:03:34Z</time>
					<extensions>
						<ns3:TrackPointExtension>
							<ns3:speed>3.23</ns3:speed>
						</ns3:TrackPointExtension>
					</extensions>
			</trkpt>
			<trkpt lat="35.944492" lon="120.18488">
				<ele>-64.0</ele>
				<time>2019-09-17T13:03:35Z</time>
					<extensions>
						<ns3:TrackPointExtension>
							<ns3:speed>3.23</ns3:speed>
						</ns3:TrackPointExtension>
					</extensions>
			</trkpt>
			<trkpt lat="35.944508" lon="120.18491">
				<ele>-65.0</ele>
				<time>2019-09-17T13:03:36Z</time>
					<extensions>
						<ns3:TrackPointExtension>
							<ns3:speed>3.26</ns3:speed>
						</ns3:TrackPointExtension>
					</extensions>
			</trkpt>
			<trkpt lat="35.944527" lon="120.18495">
				<ele>-65.0</ele>
				<time>2019-09-17T13:03:37Z</time>
					<extensions>
						<ns3:TrackPointExtension>
							<ns3:speed>3.26</ns3:speed>
						</ns3:TrackPointExtension>
					</extensions>
			</trkpt>
			<trkpt lat="35.944534" lon="120.185">
				<ele>-65.0</ele>
				<time>2019-09-17T13:03:38Z</time>
					<extensions>
						<ns3:TrackPointExtension>
							<ns3:speed>3.27</ns3:speed>
						</ns3:TrackPointExtension>
					</extensions>
			</trkpt>
			<trkpt lat="35.944553" lon="120.185036">
				<ele>-65.0</ele>
				<time>2019-09-17T13:03:39Z</time>
					<extensions>
						<ns3:TrackPointExtension>
							<ns3:speed>3.3</ns3:speed>
						</ns3:TrackPointExtension>
					</extensions>
			</trkpt>
			<trkpt lat="35.94456" lon="120.18506">
				<ele>-65.0</ele>
				<time>2019-09-17T13:03:40Z</time>
					<extensions>
						<ns3:TrackPointExtension>
							<ns3:speed>3.33</ns3:speed>
						</ns3:TrackPointExtension>
					</extensions>
			</trkpt>
			<trkpt lat="35.944572" lon="120.18509">
				<ele>-65.0</ele>
				<time>2019-09-17T13:03:42Z</time>
					<extensions>
						<ns3:TrackPointExtension>
							<ns3:speed>3.34</ns3:speed>
						</ns3:TrackPointExtension>
					</extensions>
			</trkpt>
			<trkpt lat="35.944572" lon="120.18511">
				<ele>-65.0</ele>
				<time>2019-09-17T13:03:43Z</time>
					<extensions>
						<ns3:TrackPointExtension>
							<ns3:speed>3.34</ns3:speed>
						</ns3:TrackPointExtension>
					</extensions>
			</trkpt>
			<trkpt lat="35.944565" lon="120.18512">
				<ele>-65.0</ele>
				<time>2019-09-17T13:03:44Z</time>
					<extensions>
						<ns3:TrackPointExtension>
							<ns3:speed>3.28</ns3:speed>
						</ns3:TrackPointExtension>
					</extensions>
			</trkpt>
			<trkpt lat="35.944565" lon="120.18514">
				<ele>-65.0</ele>
				<time>2019-09-17T13:03:45Z</time>
					<extensions>
						<ns3:TrackPointExtension>
							<ns3:speed>3.28</ns3:speed>
						</ns3:TrackPointExtension>
					</extensions>
			</trkpt>
			<trkpt lat="35.944588" lon="120.18521">
				<ele>-65.0</ele>
				<time>2019-09-17T13:03:46Z</time>
					<extensions>
						<ns3:TrackPointExtension>
							<ns3:speed>3.15</ns3:speed>
						</ns3:TrackPointExtension>
					</extensions>
			</trkpt>
			<trkpt lat="35.944603" lon="120.18524">
				<ele>-65.0</ele>
				<time>2019-09-17T13:03:48Z</time>
					<extensions>
						<ns3:TrackPointExtension>
							<ns3:speed>3.07</ns3:speed>
						</ns3:TrackPointExtension>
					</extensions>
			</trkpt>
			<trkpt lat="35.94462" lon="120.18528">
				<ele>-65.0</ele>
				<time>2019-09-17T13:03:49Z</time>
					<extensions>
						<ns3:TrackPointExtension>
							<ns3:speed>3.03</ns3:speed>
						</ns3:TrackPointExtension>
					</extensions>
			</trkpt>
			<trkpt lat="35.944633" lon="120.1853">
				<ele>-65.0</ele>
				<time>2019-09-17T13:03:50Z</time>
					<extensions>
						<ns3:TrackPointExtension>
							<ns3:speed>3.02</ns3:speed>
						</ns3:TrackPointExtension>
					</extensions>
			</trkpt>
			<trkpt lat="35.94465" lon="120.18533">
				<ele>-65.0</ele>
				<time>2019-09-17T13:03:52Z</time>
					<extensions>
						<ns3:TrackPointExtension>
							<ns3:speed>3.02</ns3:speed>
						</ns3:TrackPointExtension>
					</extensions>
			</trkpt>
			<trkpt lat="35.94466" lon="120.185356">
				<ele>-65.0</ele>
				<time>2019-09-17T13:03:53Z</time>
					<extensions>
						<ns3:TrackPointExtension>
							<ns3:speed>3.01</ns3:speed>
						</ns3:TrackPointExtension>
					</extensions>
			</trkpt>
			<trkpt lat="35.94468" lon="120.185394">
				<ele>-65.0</ele>
				<time>2019-09-17T13:03:54Z</time>
					<extensions>
						<ns3:TrackPointExtension>
							<ns3:speed>2.99</ns3:speed>
						</ns3:TrackPointExtension>
					</extensions>
			</trkpt>
			<trkpt lat="35.944695" lon="120.185425">
				<ele>-65.0</ele>
				<time>2019-09-17T13:03:55Z</time>
					<extensions>
						<ns3:TrackPointExtension>
							<ns3:speed>2.99</ns3:speed>
						</ns3:TrackPointExtension>
					</extensions>
			</trkpt>
			<trkpt lat="35.94471" lon="120.18547">
				<ele>-65.0</ele>
				<time>2019-09-17T13:03:56Z</time>
					<extensions>
						<ns3:TrackPointExtension>
							<ns3:speed>3.01</ns3:speed>
						</ns3:TrackPointExtension>
					</extensions>
			</trkpt>
			<trkpt lat="35.944725" lon="120.1855">
				<ele>-65.0</ele>
				<time>2019-09-17T13:03:57Z</time>
					<extensions>
						<ns3:TrackPointExtension>
							<ns3:speed>3.01</ns3:speed>
						</ns3:TrackPointExtension>
					</extensions>
			</trkpt>
			<trkpt lat="35.94474" lon="120.18554">
				<ele>-65.0</ele>
				<time>2019-09-17T13:03:58Z</time>
					<extensions>
						<ns3:TrackPointExtension>
							<ns3:speed>3.05</ns3:speed>
						</ns3:TrackPointExtension>
					</extensions>
			</trkpt>
			<trkpt lat="35.94475" lon="120.18556">
				<ele>-65.0</ele>
				<time>2019-09-17T13:03:59Z</time>
					<extensions>
						<ns3:TrackPointExtension>
							<ns3:speed>3.08</ns3:speed>
						</ns3:TrackPointExtension>
					</extensions>
			</trkpt>
			<trkpt lat="35.944767" lon="120.1856">
				<ele>-65.0</ele>
				<time>2019-09-17T13:04:00Z</time>
					<extensions>
						<ns3:TrackPointExtension>
							<ns3:speed>3.09</ns3:speed>
						</ns3:TrackPointExtension>
					</extensions>
			</trkpt>
			<trkpt lat="35.944782" lon="120.18563">
				<ele>-65.0</ele>
				<time>2019-09-17T13:04:01Z</time>
					<extensions>
						<ns3:TrackPointExtension>
							<ns3:speed>3.11</ns3:speed>
						</ns3:TrackPointExtension>
					</extensions>
			</trkpt>
			<trkpt lat="35.944794" lon="120.18566">
				<ele>-65.0</ele>
				<time>2019-09-17T13:04:02Z</time>
					<extensions>
						<ns3:TrackPointExtension>
							<ns3:speed>3.12</ns3:speed>
						</ns3:TrackPointExtension>
					</extensions>
			</trkpt>
			<trkpt lat="35.944805" lon="120.18569">
				<ele>-65.0</ele>
				<time>2019-09-17T13:04:03Z</time>
					<extensions>
						<ns3:TrackPointExtension>
							<ns3:speed>3.13</ns3:speed>
						</ns3:TrackPointExtension>
					</extensions>
			</trkpt>
			<trkpt lat="35.944817" lon="120.18573">
				<ele>-65.0</ele>
				<time>2019-09-17T13:04:04Z</time>
					<extensions>
						<ns3:TrackPointExtension>
							<ns3:speed>3.14</ns3:speed>
						</ns3:TrackPointExtension>
					</extensions>
			</trkpt>
			<trkpt lat="35.944828" lon="120.18576">
				<ele>-65.0</ele>
				<time>2019-09-17T13:04:05Z</time>
					<extensions>
						<ns3:TrackPointExtension>
							<ns3:speed>3.14</ns3:speed>
						</ns3:TrackPointExtension>
					</extensions>
			</trkpt>
			<trkpt lat="35.944843" lon="120.18579">
				<ele>-65.0</ele>
				<time>2019-09-17T13:04:06Z</time>
					<extensions>
						<ns3:TrackPointExtension>
							<ns3:speed>3.15</ns3:speed>
						</ns3:TrackPointExtension>
					</extensions>
			</trkpt>
			<trkpt lat="35.94485" lon="120.18582">
				<ele>-65.0</ele>
				<time>2019-09-17T13:04:07Z</time>
					<extensions>
						<ns3:TrackPointExtension>
							<ns3:speed>3.16</ns3:speed>
						</ns3:TrackPointExtension>
					</extensions>
			</trkpt>
			<trkpt lat="35.944866" lon="120.18586">
				<ele>-65.0</ele>
				<time>2019-09-17T13:04:08Z</time>
					<extensions>
						<ns3:TrackPointExtension>
							<ns3:speed>3.16</ns3:speed>
						</ns3:TrackPointExtension>
					</extensions>
			</trkpt>
			<trkpt lat="35.944878" lon="120.18589">
				<ele>-65.0</ele>
				<time>2019-09-17T13:04:09Z</time>
					<extensions>
						<ns3:TrackPointExtension>
							<ns3:speed>3.17</ns3:speed>
						</ns3:TrackPointExtension>
					</extensions>
			</trkpt>
			<trkpt lat="35.944893" lon="120.18592">
				<ele>-65.0</ele>
				<time>2019-09-17T13:04:10Z</time>
					<extensions>
						<ns3:TrackPointExtension>
							<ns3:speed>3.17</ns3:speed>
						</ns3:TrackPointExtension>
					</extensions>
			</trkpt>
			<trkpt lat="35.94491" lon="120.18595">
				<ele>-65.0</ele>
				<time>2019-09-17T13:04:11Z</time>
					<extensions>
						<ns3:TrackPointExtension>
							<ns3:speed>3.17</ns3:speed>
						</ns3:TrackPointExtension>
					</extensions>
			</trkpt>
			<trkpt lat="35.94492" lon="120.18598">
				<ele>-65.0</ele>
				<time>2019-09-17T13:04:12Z</time>
					<extensions>
						<ns3:TrackPointExtension>
							<ns3:speed>3.17</ns3:speed>
						</ns3:TrackPointExtension>
					</extensions>
			</trkpt>
			<trkpt lat="35.944935" lon="120.18601">
				<ele>-65.0</ele>
				<time>2019-09-17T13:04:13Z</time>
					<extensions>
						<ns3:TrackPointExtension>
							<ns3:speed>3.17</ns3:speed>
						</ns3:TrackPointExtension>
					</extensions>
			</trkpt>
			<trkpt lat="35.944946" lon="120.18605">
				<ele>-65.0</ele>
				<time>2019-09-17T13:04:14Z</time>
					<extensions>
						<ns3:TrackPointExtension>
							<ns3:speed>3.17</ns3:speed>
						</ns3:TrackPointExtension>
					</extensions>
			</trkpt>
			<trkpt lat="35.94496" lon="120.18608">
				<ele>-65.0</ele>
				<time>2019-09-17T13:04:15Z</time>
					<extensions>
						<ns3:TrackPointExtension>
							<ns3:speed>3.18</ns3:speed>
						</ns3:TrackPointExtension>
					</extensions>
			</trkpt>
			<trkpt lat="35.944973" lon="120.18611">
				<ele>-65.0</ele>
				<time>2019-09-17T13:04:16Z</time>
					<extensions>
						<ns3:TrackPointExtension>
							<ns3:speed>3.18</ns3:speed>
						</ns3:TrackPointExtension>
					</extensions>
			</trkpt>
			<trkpt lat="35.94499" lon="120.18615">
				<ele>-65.0</ele>
				<time>2019-09-17T13:04:17Z</time>
					<extensions>
						<ns3:TrackPointExtension>
							<ns3:speed>3.18</ns3:speed>
						</ns3:TrackPointExtension>
					</extensions>
			</trkpt>
			<trkpt lat="35.945004" lon="120.186195">
				<ele>-65.0</ele>
				<time>2019-09-17T13:04:18Z</time>
					<extensions>
						<ns3:TrackPointExtension>
							<ns3:speed>3.19</ns3:speed>
						</ns3:TrackPointExtension>
					</extensions>
			</trkpt>
			<trkpt lat="35.945015" lon="120.186226">
				<ele>-66.0</ele>
				<time>2019-09-17T13:04:19Z</time>
					<extensions>
						<ns3:TrackPointExtension>
							<ns3:speed>3.19</ns3:speed>
						</ns3:TrackPointExtension>
					</extensions>
			</trkpt>
			<trkpt lat="35.94503" lon="120.186264">
				<ele>-66.0</ele>
				<time>2019-09-17T13:04:20Z</time>
					<extensions>
						<ns3:TrackPointExtension>
							<ns3:speed>3.23</ns3:speed>
						</ns3:TrackPointExtension>
					</extensions>
			</trkpt>
			<trkpt lat="35.94504" lon="120.18631">
				<ele>-66.0</ele>
				<time>2019-09-17T13:04:21Z</time>
					<extensions>
						<ns3:TrackPointExtension>
							<ns3:speed>3.24</ns3:speed>
						</ns3:TrackPointExtension>
					</extensions>
			</trkpt>
			<trkpt lat="35.945053" lon="120.18634">
				<ele>-66.0</ele>
				<time>2019-09-17T13:04:22Z</time>
					<extensions>
						<ns3:TrackPointExtension>
							<ns3:speed>3.26</ns3:speed>
						</ns3:TrackPointExtension>
					</extensions>
			</trkpt>
			<trkpt lat="35.945065" lon="120.18637">
				<ele>-66.0</ele>
				<time>2019-09-17T13:04:23Z</time>
					<extensions>
						<ns3:TrackPointExtension>
							<ns3:speed>3.28</ns3:speed>
						</ns3:TrackPointExtension>
					</extensions>
			</trkpt>
			<trkpt lat="35.945076" lon="120.18641">
				<ele>-66.0</ele>
				<time>2019-09-17T13:04:24Z</time>
					<extensions>
						<ns3:TrackPointExtension>
							<ns3:speed>3.28</ns3:speed>
						</ns3:TrackPointExtension>
					</extensions>
			</trkpt>
			<trkpt lat="35.945084" lon="120.18644">
				<ele>-66.0</ele>
				<time>2019-09-17T13:04:25Z</time>
					<extensions>
						<ns3:TrackPointExtension>
							<ns3:speed>3.31</ns3:speed>
						</ns3:TrackPointExtension>
					</extensions>
			</trkpt>
			<trkpt lat="35.9451" lon="120.18646">
				<ele>-66.0</ele>
				<time>2019-09-17T13:04:26Z</time>
					<extensions>
						<ns3:TrackPointExtension>
							<ns3:speed>3.31</ns3:speed>
						</ns3:TrackPointExtension>
					</extensions>
			</trkpt>
			<trkpt lat="35.945107" lon="120.18649">
				<ele>-66.0</ele>
				<time>2019-09-17T13:04:27Z</time>
					<extensions>
						<ns3:TrackPointExtension>
							<ns3:speed>3.31</ns3:speed>
						</ns3:TrackPointExtension>
					</extensions>
			</trkpt>
			<trkpt lat="35.945118" lon="120.18651">
				<ele>-66.0</ele>
				<time>2019-09-17T13:04:28Z</time>
					<extensions>
						<ns3:TrackPointExtension>
							<ns3:speed>3.3</ns3:speed>
						</ns3:TrackPointExtension>
					</extensions>
			</trkpt>
			<trkpt lat="35.945126" lon="120.18654">
				<ele>-66.0</ele>
				<time>2019-09-17T13:04:29Z</time>
					<extensions>
						<ns3:TrackPointExtension>
							<ns3:speed>3.3</ns3:speed>
						</ns3:TrackPointExtension>
					</extensions>
			</trkpt>
			<trkpt lat="35.945137" lon="120.18656">
				<ele>-66.0</ele>
				<time>2019-09-17T13:04:30Z</time>
					<extensions>
						<ns3:TrackPointExtension>
							<ns3:speed>3.26</ns3:speed>
						</ns3:TrackPointExtension>
					</extensions>
			</trkpt>
			<trkpt lat="35.94514" lon="120.18657">
				<ele>-66.0</ele>
				<time>2019-09-17T13:04:31Z</time>
					<extensions>
						<ns3:TrackPointExtension>
							<ns3:speed>3.26</ns3:speed>
						</ns3:TrackPointExtension>
					</extensions>
			</trkpt>
			<trkpt lat="35.945152" lon="120.186584">
				<ele>-66.0</ele>
				<time>2019-09-17T13:04:32Z</time>
					<extensions>
						<ns3:TrackPointExtension>
							<ns3:speed>3.21</ns3:speed>
						</ns3:TrackPointExtension>
					</extensions>
			</trkpt>
			<trkpt lat="35.945225" lon="120.186584">
				<ele>-66.0</ele>
				<time>2019-09-17T13:04:33Z</time>
					<extensions>
						<ns3:TrackPointExtension>
							<ns3:speed>3.19</ns3:speed>
						</ns3:TrackPointExtension>
					</extensions>
			</trkpt>
			<trkpt lat="35.945244" lon="120.18657">
				<ele>-66.0</ele>
				<time>2019-09-17T13:04:34Z</time>
					<extensions>
						<ns3:TrackPointExtension>
							<ns3:speed>3.19</ns3:speed>
						</ns3:TrackPointExtension>
					</extensions>
			</trkpt>
			<trkpt lat="35.945267" lon="120.186584">
				<ele>-66.0</ele>
				<time>2019-09-17T13:04:35Z</time>
					<extensions>
						<ns3:TrackPointExtension>
							<ns3:speed>3.13</ns3:speed>
						</ns3:TrackPointExtension>
					</extensions>
			</trkpt>
			<trkpt lat="35.945286" lon="120.18659">
				<ele>-66.0</ele>
				<time>2019-09-17T13:04:36Z</time>
					<extensions>
						<ns3:TrackPointExtension>
							<ns3:speed>3.13</ns3:speed>
						</ns3:TrackPointExtension>
					</extensions>
			</trkpt>
			<trkpt lat="35.94532" lon="120.18659">
				<ele>-66.0</ele>
				<time>2019-09-17T13:04:37Z</time>
					<extensions>
						<ns3:TrackPointExtension>
							<ns3:speed>3.08</ns3:speed>
						</ns3:TrackPointExtension>
					</extensions>
			</trkpt>
			<trkpt lat="35.945335" lon="120.18659">
				<ele>-66.0</ele>
				<time>2019-09-17T13:04:38Z</time>
					<extensions>
						<ns3:TrackPointExtension>
							<ns3:speed>3.06</ns3:speed>
						</ns3:TrackPointExtension>
					</extensions>
			</trkpt>
			<trkpt lat="35.94535" lon="120.186615">
				<ele>-66.0</ele>
				<time>2019-09-17T13:04:39Z</time>
					<extensions>
						<ns3:TrackPointExtension>
							<ns3:speed>3.06</ns3:speed>
						</ns3:TrackPointExtension>
					</extensions>
			</trkpt>
			<trkpt lat="35.945374" lon="120.18664">
				<ele>-66.0</ele>
				<time>2019-09-17T13:04:40Z</time>
					<extensions>
						<ns3:TrackPointExtension>
							<ns3:speed>3.01</ns3:speed>
						</ns3:TrackPointExtension>
					</extensions>
			</trkpt>
			<trkpt lat="35.945393" lon="120.18665">
				<ele>-66.0</ele>
				<time>2019-09-17T13:04:41Z</time>
					<extensions>
						<ns3:TrackPointExtension>
							<ns3:speed>3.01</ns3:speed>
						</ns3:TrackPointExtension>
					</extensions>
			</trkpt>
			<trkpt lat="35.94541" lon="120.186676">
				<ele>-66.0</ele>
				<time>2019-09-17T13:04:42Z</time>
					<extensions>
						<ns3:TrackPointExtension>
							<ns3:speed>2.98</ns3:speed>
						</ns3:TrackPointExtension>
					</extensions>
			</trkpt>
			<trkpt lat="35.945427" lon="120.1867">
				<ele>-66.0</ele>
				<time>2019-09-17T13:04:43Z</time>
					<extensions>
						<ns3:TrackPointExtension>
							<ns3:speed>2.96</ns3:speed>
						</ns3:TrackPointExtension>
					</extensions>
			</trkpt>
			<trkpt lat="35.94543" lon="120.18674">
				<ele>-66.0</ele>
				<time>2019-09-17T13:04:44Z</time>
					<extensions>
						<ns3:TrackPointExtension>
							<ns3:speed>2.96</ns3:speed>
						</ns3:TrackPointExtension>
					</extensions>
			</trkpt>
			<trkpt lat="35.94544" lon="120.186775">
				<ele>-66.0</ele>
				<time>2019-09-17T13:04:45Z</time>
					<extensions>
						<ns3:TrackPointExtension>
							<ns3:speed>2.97</ns3:speed>
						</ns3:TrackPointExtension>
					</extensions>
			</trkpt>
			<trkpt lat="35.945442" lon="120.18682">
				<ele>-66.0</ele>
				<time>2019-09-17T13:04:46Z</time>
					<extensions>
						<ns3:TrackPointExtension>
							<ns3:speed>2.98</ns3:speed>
						</ns3:TrackPointExtension>
					</extensions>
			</trkpt>
			<trkpt lat="35.94544" lon="120.18686">
				<ele>-66.0</ele>
				<time>2019-09-17T13:04:47Z</time>
					<extensions>
						<ns3:TrackPointExtension>
							<ns3:speed>2.99</ns3:speed>
						</ns3:TrackPointExtension>
					</extensions>
			</trkpt>
			<trkpt lat="35.945442" lon="120.1869">
				<ele>-66.0</ele>
				<time>2019-09-17T13:04:48Z</time>
					<extensions>
						<ns3:TrackPointExtension>
							<ns3:speed>3.01</ns3:speed>
						</ns3:TrackPointExtension>
					</extensions>
			</trkpt>
			<trkpt lat="35.94544" lon="120.18692">
				<ele>-66.0</ele>
				<time>2019-09-17T13:04:49Z</time>
					<extensions>
						<ns3:TrackPointExtension>
							<ns3:speed>3.03</ns3:speed>
						</ns3:TrackPointExtension>
					</extensions>
			</trkpt>
			<trkpt lat="35.945435" lon="120.18693">
				<ele>-66.0</ele>
				<time>2019-09-17T13:04:50Z</time>
					<extensions>
						<ns3:TrackPointExtension>
							<ns3:speed>3.04</ns3:speed>
						</ns3:TrackPointExtension>
					</extensions>
			</trkpt>
			<trkpt lat="35.945435" lon="120.18694">
				<ele>-66.0</ele>
				<time>2019-09-17T13:04:51Z</time>
					<extensions>
						<ns3:TrackPointExtension>
							<ns3:speed>3.04</ns3:speed>
						</ns3:TrackPointExtension>
					</extensions>
			</trkpt>
			<trkpt lat="35.945435" lon="120.18697">
				<ele>-66.0</ele>
				<time>2019-09-17T13:04:52Z</time>
					<extensions>
						<ns3:TrackPointExtension>
							<ns3:speed>2.97</ns3:speed>
						</ns3:TrackPointExtension>
					</extensions>
			</trkpt>
			<trkpt lat="35.945435" lon="120.18699">
				<ele>-66.0</ele>
				<time>2019-09-17T13:04:53Z</time>
					<extensions>
						<ns3:TrackPointExtension>
							<ns3:speed>2.97</ns3:speed>
						</ns3:TrackPointExtension>
					</extensions>
			</trkpt>
			<trkpt lat="35.94544" lon="120.187035">
				<ele>-66.0</ele>
				<time>2019-09-17T13:04:54Z</time>
					<extensions>
						<ns3:TrackPointExtension>
							<ns3:speed>2.87</ns3:speed>
						</ns3:TrackPointExtension>
					</extensions>
			</trkpt>
			<trkpt lat="35.945446" lon="120.18706">
				<ele>-66.0</ele>
				<time>2019-09-17T13:04:55Z</time>
					<extensions>
						<ns3:TrackPointExtension>
							<ns3:speed>2.83</ns3:speed>
						</ns3:TrackPointExtension>
					</extensions>
			</trkpt>
			<trkpt lat="35.945457" lon="120.187096">
				<ele>-66.0</ele>
				<time>2019-09-17T13:04:56Z</time>
					<extensions>
						<ns3:TrackPointExtension>
							<ns3:speed>2.8</ns3:speed>
						</ns3:TrackPointExtension>
					</extensions>
			</trkpt>
			<trkpt lat="35.945465" lon="120.187126">
				<ele>-66.0</ele>
				<time>2019-09-17T13:04:57Z</time>
					<extensions>
						<ns3:TrackPointExtension>
							<ns3:speed>2.8</ns3:speed>
						</ns3:TrackPointExtension>
					</extensions>
			</trkpt>
			<trkpt lat="35.945473" lon="120.18716">
				<ele>-66.0</ele>
				<time>2019-09-17T13:04:58Z</time>
					<extensions>
						<ns3:TrackPointExtension>
							<ns3:speed>2.8</ns3:speed>
						</ns3:TrackPointExtension>
					</extensions>
			</trkpt>
			<trkpt lat="35.945484" lon="120.18718">
				<ele>-66.0</ele>
				<time>2019-09-17T13:04:59Z</time>
					<extensions>
						<ns3:TrackPointExtension>
							<ns3:speed>2.83</ns3:speed>
						</ns3:TrackPointExtension>
					</extensions>
			</trkpt>
			<trkpt lat="35.94551" lon="120.18719">
				<ele>-66.0</ele>
				<time>2019-09-17T13:05:00Z</time>
					<extensions>
						<ns3:TrackPointExtension>
							<ns3:speed>2.83</ns3:speed>
						</ns3:TrackPointExtension>
					</extensions>
			</trkpt>
			<trkpt lat="35.94553" lon="120.18722">
				<ele>-66.0</ele>
				<time>2019-09-17T13:05:01Z</time>
					<extensions>
						<ns3:TrackPointExtension>
							<ns3:speed>2.82</ns3:speed>
						</ns3:TrackPointExtension>
					</extensions>
			</trkpt>
			<trkpt lat="35.945545" lon="120.18725">
				<ele>-66.0</ele>
				<time>2019-09-17T13:05:02Z</time>
					<extensions>
						<ns3:TrackPointExtension>
							<ns3:speed>2.82</ns3:speed>
						</ns3:TrackPointExtension>
					</extensions>
			</trkpt>
			<trkpt lat="35.94556" lon="120.18729">
				<ele>-66.0</ele>
				<time>2019-09-17T13:05:03Z</time>
					<extensions>
						<ns3:TrackPointExtension>
							<ns3:speed>2.82</ns3:speed>
						</ns3:TrackPointExtension>
					</extensions>
			</trkpt>
			<trkpt lat="35.94557" lon="120.18732">
				<ele>-66.0</ele>
				<time>2019-09-17T13:05:04Z</time>
					<extensions>
						<ns3:TrackPointExtension>
							<ns3:speed>2.83</ns3:speed>
						</ns3:TrackPointExtension>
					</extensions>
			</trkpt>
			<trkpt lat="35.94559" lon="120.18735">
				<ele>-66.0</ele>
				<time>2019-09-17T13:05:05Z</time>
					<extensions>
						<ns3:TrackPointExtension>
							<ns3:speed>2.83</ns3:speed>
						</ns3:TrackPointExtension>
					</extensions>
			</trkpt>
			<trkpt lat="35.945606" lon="120.187386">
				<ele>-66.0</ele>
				<time>2019-09-17T13:05:06Z</time>
					<extensions>
						<ns3:TrackPointExtension>
							<ns3:speed>2.89</ns3:speed>
						</ns3:TrackPointExtension>
					</extensions>
			</trkpt>
			<trkpt lat="35.94562" lon="120.18742">
				<ele>-66.0</ele>
				<time>2019-09-17T13:05:07Z</time>
					<extensions>
						<ns3:TrackPointExtension>
							<ns3:speed>2.91</ns3:speed>
						</ns3:TrackPointExtension>
					</extensions>
			</trkpt>
			<trkpt lat="35.94564" lon="120.187454">
				<ele>-66.0</ele>
				<time>2019-09-17T13:05:08Z</time>
					<extensions>
						<ns3:TrackPointExtension>
							<ns3:speed>2.91</ns3:speed>
						</ns3:TrackPointExtension>
					</extensions>
			</trkpt>
			<trkpt lat="35.94566" lon="120.18749">
				<ele>-66.0</ele>
				<time>2019-09-17T13:05:09Z</time>
					<extensions>
						<ns3:TrackPointExtension>
							<ns3:speed>2.97</ns3:speed>
						</ns3:TrackPointExtension>
					</extensions>
			</trkpt>
			<trkpt lat="35.945675" lon="120.18752">
				<ele>-66.0</ele>
				<time>2019-09-17T13:05:10Z</time>
					<extensions>
						<ns3:TrackPointExtension>
							<ns3:speed>2.97</ns3:speed>
						</ns3:TrackPointExtension>
					</extensions>
			</trkpt>
			<trkpt lat="35.945694" lon="120.18755">
				<ele>-66.0</ele>
				<time>2019-09-17T13:05:11Z</time>
					<extensions>
						<ns3:TrackPointExtension>
							<ns3:speed>3.05</ns3:speed>
						</ns3:TrackPointExtension>
					</extensions>
			</trkpt>
			<trkpt lat="35.945717" lon="120.1876">
				<ele>-66.0</ele>
				<time>2019-09-17T13:05:12Z</time>
					<extensions>
						<ns3:TrackPointExtension>
							<ns3:speed>3.09</ns3:speed>
						</ns3:TrackPointExtension>
					</extensions>
			</trkpt>
			<trkpt lat="35.945736" lon="120.18764">
				<ele>-66.0</ele>
				<time>2019-09-17T13:05:13Z</time>
					<extensions>
						<ns3:TrackPointExtension>
							<ns3:speed>3.13</ns3:speed>
						</ns3:TrackPointExtension>
					</extensions>
			</trkpt>
			<trkpt lat="35.94575" lon="120.18767">
				<ele>-66.0</ele>
				<time>2019-09-17T13:05:14Z</time>
					<extensions>
						<ns3:TrackPointExtension>
							<ns3:speed>3.16</ns3:speed>
						</ns3:TrackPointExtension>
					</extensions>
			</trkpt>
			<trkpt lat="35.945755" lon="120.187706">
				<ele>-66.0</ele>
				<time>2019-09-17T13:05:15Z</time>
					<extensions>
						<ns3:TrackPointExtension>
							<ns3:speed>3.16</ns3:speed>
						</ns3:TrackPointExtension>
					</extensions>
			</trkpt>
			<trkpt lat="35.94577" lon="120.18775">
				<ele>-66.0</ele>
				<time>2019-09-17T13:05:16Z</time>
					<extensions>
						<ns3:TrackPointExtension>
							<ns3:speed>3.22</ns3:speed>
						</ns3:TrackPointExtension>
					</extensions>
			</trkpt>
			<trkpt lat="35.945786" lon="120.18778">
				<ele>-66.0</ele>
				<time>2019-09-17T13:05:17Z</time>
					<extensions>
						<ns3:TrackPointExtension>
							<ns3:speed>3.24</ns3:speed>
						</ns3:TrackPointExtension>
					</extensions>
			</trkpt>
			<trkpt lat="35.945797" lon="120.18781">
				<ele>-66.0</ele>
				<time>2019-09-17T13:05:18Z</time>
					<extensions>
						<ns3:TrackPointExtension>
							<ns3:speed>3.26</ns3:speed>
						</ns3:TrackPointExtension>
					</extensions>
			</trkpt>
			<trkpt lat="35.94581" lon="120.18784">
				<ele>-65.0</ele>
				<time>2019-09-17T13:05:19Z</time>
					<extensions>
						<ns3:TrackPointExtension>
							<ns3:speed>3.27</ns3:speed>
						</ns3:TrackPointExtension>
					</extensions>
			</trkpt>
			<trkpt lat="35.94582" lon="120.187874">
				<ele>-65.0</ele>
				<time>2019-09-17T13:05:20Z</time>
					<extensions>
						<ns3:TrackPointExtension>
							<ns3:speed>3.27</ns3:speed>
						</ns3:TrackPointExtension>
					</extensions>
			</trkpt>
			<trkpt lat="35.94583" lon="120.187904">
				<ele>-65.0</ele>
				<time>2019-09-17T13:05:21Z</time>
					<extensions>
						<ns3:TrackPointExtension>
							<ns3:speed>3.28</ns3:speed>
						</ns3:TrackPointExtension>
					</extensions>
			</trkpt>
			<trkpt lat="35.94584" lon="120.18794">
				<ele>-65.0</ele>
				<time>2019-09-17T13:05:22Z</time>
					<extensions>
						<ns3:TrackPointExtension>
							<ns3:speed>3.27</ns3:speed>
						</ns3:TrackPointExtension>
					</extensions>
			</trkpt>
			<trkpt lat="35.945847" lon="120.18797">
				<ele>-65.0</ele>
				<time>2019-09-17T13:05:23Z</time>
					<extensions>
						<ns3:TrackPointExtension>
							<ns3:speed>3.27</ns3:speed>
						</ns3:TrackPointExtension>
					</extensions>
			</trkpt>
			<trkpt lat="35.945854" lon="120.18802">
				<ele>-65.0</ele>
				<time>2019-09-17T13:05:23Z</time>
					<extensions>
						<ns3:TrackPointExtension>
							<ns3:speed>3.27</ns3:speed>
						</ns3:TrackPointExtension>
					</extensions>
			</trkpt>
			<trkpt lat="35.94586" lon="120.18805">
				<ele>-65.0</ele>
				<time>2019-09-17T13:05:24Z</time>
					<extensions>
						<ns3:TrackPointExtension>
							<ns3:speed>3.27</ns3:speed>
						</ns3:TrackPointExtension>
					</extensions>
			</trkpt>
			<trkpt lat="35.945873" lon="120.18809">
				<ele>-65.0</ele>
				<time>2019-09-17T13:05:25Z</time>
					<extensions>
						<ns3:TrackPointExtension>
							<ns3:speed>3.26</ns3:speed>
						</ns3:TrackPointExtension>
					</extensions>
			</trkpt>
			<trkpt lat="35.94588" lon="120.18812">
				<ele>-65.0</ele>
				<time>2019-09-17T13:05:26Z</time>
					<extensions>
						<ns3:TrackPointExtension>
							<ns3:speed>3.26</ns3:speed>
						</ns3:TrackPointExtension>
					</extensions>
			</trkpt>
			<trkpt lat="35.94589" lon="120.18815">
				<ele>-65.0</ele>
				<time>2019-09-17T13:05:27Z</time>
					<extensions>
						<ns3:TrackPointExtension>
							<ns3:speed>3.27</ns3:speed>
						</ns3:TrackPointExtension>
					</extensions>
			</trkpt>
			<trkpt lat="35.945896" lon="120.18818">
				<ele>-65.0</ele>
				<time>2019-09-17T13:05:28Z</time>
					<extensions>
						<ns3:TrackPointExtension>
							<ns3:speed>3.27</ns3:speed>
						</ns3:TrackPointExtension>
					</extensions>
			</trkpt>
			<trkpt lat="35.945908" lon="120.188225">
				<ele>-65.0</ele>
				<time>2019-09-17T13:05:29Z</time>
					<extensions>
						<ns3:TrackPointExtension>
							<ns3:speed>3.27</ns3:speed>
						</ns3:TrackPointExtension>
					</extensions>
			</trkpt>
			<trkpt lat="35.94592" lon="120.188255">
				<ele>-65.0</ele>
				<time>2019-09-17T13:05:30Z</time>
					<extensions>
						<ns3:TrackPointExtension>
							<ns3:speed>3.27</ns3:speed>
						</ns3:TrackPointExtension>
					</extensions>
			</trkpt>
			<trkpt lat="35.945927" lon="120.18829">
				<ele>-65.0</ele>
				<time>2019-09-17T13:05:31Z</time>
					<extensions>
						<ns3:TrackPointExtension>
							<ns3:speed>3.27</ns3:speed>
						</ns3:TrackPointExtension>
					</extensions>
			</trkpt>
			<trkpt lat="35.945934" lon="120.188324">
				<ele>-65.0</ele>
				<time>2019-09-17T13:05:32Z</time>
					<extensions>
						<ns3:TrackPointExtension>
							<ns3:speed>3.26</ns3:speed>
						</ns3:TrackPointExtension>
					</extensions>
			</trkpt>
			<trkpt lat="35.945942" lon="120.18836">
				<ele>-65.0</ele>
				<time>2019-09-17T13:05:33Z</time>
					<extensions>
						<ns3:TrackPointExtension>
							<ns3:speed>3.27</ns3:speed>
						</ns3:TrackPointExtension>
					</extensions>
			</trkpt>
			<trkpt lat="35.94595" lon="120.18839">
				<ele>-65.0</ele>
				<time>2019-09-17T13:05:34Z</time>
					<extensions>
						<ns3:TrackPointExtension>
							<ns3:speed>3.27</ns3:speed>
						</ns3:TrackPointExtension>
					</extensions>
			</trkpt>
			<trkpt lat="35.945957" lon="120.18842">
				<ele>-65.0</ele>
				<time>2019-09-17T13:05:35Z</time>
					<extensions>
						<ns3:TrackPointExtension>
							<ns3:speed>3.27</ns3:speed>
						</ns3:TrackPointExtension>
					</extensions>
			</trkpt>
			<trkpt lat="35.945965" lon="120.18845">
				<ele>-65.0</ele>
				<time>2019-09-17T13:05:36Z</time>
					<extensions>
						<ns3:TrackPointExtension>
							<ns3:speed>3.27</ns3:speed>
						</ns3:TrackPointExtension>
					</extensions>
			</trkpt>
			<trkpt lat="35.945972" lon="120.188484">
				<ele>-65.0</ele>
				<time>2019-09-17T13:05:37Z</time>
					<extensions>
						<ns3:TrackPointExtension>
							<ns3:speed>3.26</ns3:speed>
						</ns3:TrackPointExtension>
					</extensions>
			</trkpt>
			<trkpt lat="35.94598" lon="120.188515">
				<ele>-65.0</ele>
				<time>2019-09-17T13:05:38Z</time>
					<extensions>
						<ns3:TrackPointExtension>
							<ns3:speed>3.25</ns3:speed>
						</ns3:TrackPointExtension>
					</extensions>
			</trkpt>
			<trkpt lat="35.945988" lon="120.18855">
				<ele>-65.0</ele>
				<time>2019-09-17T13:05:39Z</time>
					<extensions>
						<ns3:TrackPointExtension>
							<ns3:speed>3.25</ns3:speed>
						</ns3:TrackPointExtension>
					</extensions>
			</trkpt>
			<trkpt lat="35.945995" lon="120.18858">
				<ele>-65.0</ele>
				<time>2019-09-17T13:05:40Z</time>
					<extensions>
						<ns3:TrackPointExtension>
							<ns3:speed>3.23</ns3:speed>
						</ns3:TrackPointExtension>
					</extensions>
			</trkpt>
			<trkpt lat="35.946007" lon="120.188614">
				<ele>-65.0</ele>
				<time>2019-09-17T13:05:41Z</time>
					<extensions>
						<ns3:TrackPointExtension>
							<ns3:speed>3.23</ns3:speed>
						</ns3:TrackPointExtension>
					</extensions>
			</trkpt>
			<trkpt lat="35.94602" lon="120.188644">
				<ele>-65.0</ele>
				<time>2019-09-17T13:05:42Z</time>
					<extensions>
						<ns3:TrackPointExtension>
							<ns3:speed>3.21</ns3:speed>
						</ns3:TrackPointExtension>
					</extensions>
			</trkpt>
			<trkpt lat="35.946026" lon="120.188675">
				<ele>-65.0</ele>
				<time>2019-09-17T13:05:43Z</time>
					<extensions>
						<ns3:TrackPointExtension>
							<ns3:speed>3.2</ns3:speed>
						</ns3:TrackPointExtension>
					</extensions>
			</trkpt>
			<trkpt lat="35.946037" lon="120.18869">
				<ele>-65.0</ele>
				<time>2019-09-17T13:05:44Z</time>
					<extensions>
						<ns3:TrackPointExtension>
							<ns3:speed>3.19</ns3:speed>
						</ns3:TrackPointExtension>
					</extensions>
			</trkpt>
			<trkpt lat="35.946045" lon="120.18871">
				<ele>-65.0</ele>
				<time>2019-09-17T13:05:45Z</time>
					<extensions>
						<ns3:TrackPointExtension>
							<ns3:speed>3.19</ns3:speed>
						</ns3:TrackPointExtension>
					</extensions>
			</trkpt>
			<trkpt lat="35.946053" lon="120.188736">
				<ele>-65.0</ele>
				<time>2019-09-17T13:05:46Z</time>
					<extensions>
						<ns3:TrackPointExtension>
							<ns3:speed>3.19</ns3:speed>
						</ns3:TrackPointExtension>
					</extensions>
			</trkpt>
			<trkpt lat="35.946064" lon="120.18874">
				<ele>-65.0</ele>
				<time>2019-09-17T13:05:47Z</time>
					<extensions>
						<ns3:TrackPointExtension>
							<ns3:speed>3.13</ns3:speed>
						</ns3:TrackPointExtension>
					</extensions>
			</trkpt>
			<trkpt lat="35.946068" lon="120.18875">
				<ele>-65.0</ele>
				<time>2019-09-17T13:05:48Z</time>
					<extensions>
						<ns3:TrackPointExtension>
							<ns3:speed>3.09</ns3:speed>
						</ns3:TrackPointExtension>
					</extensions>
			</trkpt>
			<trkpt lat="35.946075" lon="120.188774">
				<ele>-65.0</ele>
				<time>2019-09-17T13:05:49Z</time>
					<extensions>
						<ns3:TrackPointExtension>
							<ns3:speed>3.04</ns3:speed>
						</ns3:TrackPointExtension>
					</extensions>
			</trkpt>
			<trkpt lat="35.946083" lon="120.18878">
				<ele>-65.0</ele>
				<time>2019-09-17T13:05:50Z</time>
					<extensions>
						<ns3:TrackPointExtension>
							<ns3:speed>2.98</ns3:speed>
						</ns3:TrackPointExtension>
					</extensions>
			</trkpt>
			<trkpt lat="35.94609" lon="120.188805">
				<ele>-65.0</ele>
				<time>2019-09-17T13:05:51Z</time>
					<extensions>
						<ns3:TrackPointExtension>
							<ns3:speed>2.98</ns3:speed>
						</ns3:TrackPointExtension>
					</extensions>
			</trkpt>
			<trkpt lat="35.9461" lon="120.18881">
				<ele>-65.0</ele>
				<time>2019-09-17T13:05:52Z</time>
					<extensions>
						<ns3:TrackPointExtension>
							<ns3:speed>2.84</ns3:speed>
						</ns3:TrackPointExtension>
					</extensions>
			</trkpt>
			<trkpt lat="35.946106" lon="120.188835">
				<ele>-66.0</ele>
				<time>2019-09-17T13:05:53Z</time>
					<extensions>
						<ns3:TrackPointExtension>
							<ns3:speed>2.77</ns3:speed>
						</ns3:TrackPointExtension>
					</extensions>
			</trkpt>
			<trkpt lat="35.946106" lon="120.18884">
				<ele>-66.0</ele>
				<time>2019-09-17T13:05:54Z</time>
					<extensions>
						<ns3:TrackPointExtension>
							<ns3:speed>2.71</ns3:speed>
						</ns3:TrackPointExtension>
					</extensions>
			</trkpt>
			<trkpt lat="35.946114" lon="120.18886">
				<ele>-66.0</ele>
				<time>2019-09-17T13:05:55Z</time>
					<extensions>
						<ns3:TrackPointExtension>
							<ns3:speed>2.64</ns3:speed>
						</ns3:TrackPointExtension>
					</extensions>
			</trkpt>
			<trkpt lat="35.94612" lon="120.188866">
				<ele>-66.0</ele>
				<time>2019-09-17T13:05:56Z</time>
					<extensions>
						<ns3:TrackPointExtension>
							<ns3:speed>2.64</ns3:speed>
						</ns3:TrackPointExtension>
					</extensions>
			</trkpt>
			<trkpt lat="35.946125" lon="120.18889">
				<ele>-66.0</ele>
				<time>2019-09-17T13:05:57Z</time>
					<extensions>
						<ns3:TrackPointExtension>
							<ns3:speed>2.54</ns3:speed>
						</ns3:TrackPointExtension>
					</extensions>
			</trkpt>
			<trkpt lat="35.946136" lon="120.188896">
				<ele>-66.0</ele>
				<time>2019-09-17T13:05:58Z</time>
					<extensions>
						<ns3:TrackPointExtension>
							<ns3:speed>2.5</ns3:speed>
						</ns3:TrackPointExtension>
					</extensions>
			</trkpt>
			<trkpt lat="35.94614" lon="120.18892">
				<ele>-66.0</ele>
				<time>2019-09-17T13:05:59Z</time>
					<extensions>
						<ns3:TrackPointExtension>
							<ns3:speed>2.45</ns3:speed>
						</ns3:TrackPointExtension>
					</extensions>
			</trkpt>
			<trkpt lat="35.946148" lon="120.18893">
				<ele>-66.0</ele>
				<time>2019-09-17T13:06:00Z</time>
					<extensions>
						<ns3:TrackPointExtension>
							<ns3:speed>2.42</ns3:speed>
						</ns3:TrackPointExtension>
					</extensions>
			</trkpt>
			<trkpt lat="35.946156" lon="120.18894">
				<ele>-66.0</ele>
				<time>2019-09-17T13:06:01Z</time>
					<extensions>
						<ns3:TrackPointExtension>
							<ns3:speed>2.42</ns3:speed>
						</ns3:TrackPointExtension>
					</extensions>
			</trkpt>
			<trkpt lat="35.946163" lon="120.18895">
				<ele>-66.0</ele>
				<time>2019-09-17T13:06:02Z</time>
					<extensions>
						<ns3:TrackPointExtension>
							<ns3:speed>2.36</ns3:speed>
						</ns3:TrackPointExtension>
					</extensions>
			</trkpt>
			<trkpt lat="35.94617" lon="120.18896">
				<ele>-66.0</ele>
				<time>2019-09-17T13:06:03Z</time>
					<extensions>
						<ns3:TrackPointExtension>
							<ns3:speed>2.36</ns3:speed>
						</ns3:TrackPointExtension>
					</extensions>
			</trkpt>
			<trkpt lat="35.94618" lon="120.18897">
				<ele>-66.0</ele>
				<time>2019-09-17T13:06:04Z</time>
					<extensions>
						<ns3:TrackPointExtension>
							<ns3:speed>2.31</ns3:speed>
						</ns3:TrackPointExtension>
					</extensions>
			</trkpt>
			<trkpt lat="35.94619" lon="120.18899">
				<ele>-66.0</ele>
				<time>2019-09-17T13:06:05Z</time>
					<extensions>
						<ns3:TrackPointExtension>
							<ns3:speed>2.29</ns3:speed>
						</ns3:TrackPointExtension>
					</extensions>
			</trkpt>
			<trkpt lat="35.946198" lon="120.189">
				<ele>-66.0</ele>
				<time>2019-09-17T13:06:06Z</time>
					<extensions>
						<ns3:TrackPointExtension>
							<ns3:speed>2.29</ns3:speed>
						</ns3:TrackPointExtension>
					</extensions>
			</trkpt>
			<trkpt lat="35.94621" lon="120.18902">
				<ele>-66.0</ele>
				<time>2019-09-17T13:06:07Z</time>
					<extensions>
						<ns3:TrackPointExtension>
							<ns3:speed>2.22</ns3:speed>
						</ns3:TrackPointExtension>
					</extensions>
			</trkpt>
			<trkpt lat="35.94622" lon="120.18904">
				<ele>-66.0</ele>
				<time>2019-09-17T13:06:08Z</time>
					<extensions>
						<ns3:TrackPointExtension>
							<ns3:speed>2.22</ns3:speed>
						</ns3:TrackPointExtension>
					</extensions>
			</trkpt>
			<trkpt lat="35.946236" lon="120.189064">
				<ele>-66.0</ele>
				<time>2019-09-17T13:06:09Z</time>
					<extensions>
						<ns3:TrackPointExtension>
							<ns3:speed>2.15</ns3:speed>
						</ns3:TrackPointExtension>
					</extensions>
			</trkpt>
			<trkpt lat="35.946247" lon="120.189095">
				<ele>-66.0</ele>
				<time>2019-09-17T13:06:10Z</time>
					<extensions>
						<ns3:TrackPointExtension>
							<ns3:speed>2.14</ns3:speed>
						</ns3:TrackPointExtension>
					</extensions>
			</trkpt>
			<trkpt lat="35.946262" lon="120.18911">
				<ele>-66.0</ele>
				<time>2019-09-17T13:06:11Z</time>
					<extensions>
						<ns3:TrackPointExtension>
							<ns3:speed>2.13</ns3:speed>
						</ns3:TrackPointExtension>
					</extensions>
			</trkpt>
			<trkpt lat="35.94627" lon="120.189125">
				<ele>-66.0</ele>
				<time>2019-09-17T13:06:12Z</time>
					<extensions>
						<ns3:TrackPointExtension>
							<ns3:speed>2.13</ns3:speed>
						</ns3:TrackPointExtension>
					</extensions>
			</trkpt>
			<trkpt lat="35.94628" lon="120.18914">
				<ele>-66.0</ele>
				<time>2019-09-17T13:06:13Z</time>
					<extensions>
						<ns3:TrackPointExtension>
							<ns3:speed>2.13</ns3:speed>
						</ns3:TrackPointExtension>
					</extensions>
			</trkpt>
			<trkpt lat="35.946293" lon="120.18916">
				<ele>-66.0</ele>
				<time>2019-09-17T13:06:14Z</time>
					<extensions>
						<ns3:TrackPointExtension>
							<ns3:speed>2.12</ns3:speed>
						</ns3:TrackPointExtension>
					</extensions>
			</trkpt>
			<trkpt lat="35.946304" lon="120.18917">
				<ele>-66.0</ele>
				<time>2019-09-17T13:06:15Z</time>
					<extensions>
						<ns3:TrackPointExtension>
							<ns3:speed>2.11</ns3:speed>
						</ns3:TrackPointExtension>
					</extensions>
			</trkpt>
			<trkpt lat="35.946312" lon="120.189186">
				<ele>-66.0</ele>
				<time>2019-09-17T13:06:16Z</time>
					<extensions>
						<ns3:TrackPointExtension>
							<ns3:speed>2.1</ns3:speed>
						</ns3:TrackPointExtension>
					</extensions>
			</trkpt>
			<trkpt lat="35.946316" lon="120.18919">
				<ele>-65.0</ele>
				<time>2019-09-17T13:06:17Z</time>
					<extensions>
						<ns3:TrackPointExtension>
							<ns3:speed>2.07</ns3:speed>
						</ns3:TrackPointExtension>
					</extensions>
			</trkpt>
			<trkpt lat="35.946323" lon="120.1892">
				<ele>-65.0</ele>
				<time>2019-09-17T13:06:18Z</time>
					<extensions>
						<ns3:TrackPointExtension>
							<ns3:speed>2.07</ns3:speed>
						</ns3:TrackPointExtension>
					</extensions>
			</trkpt>
			<trkpt lat="35.94634" lon="120.189224">
				<ele>-65.0</ele>
				<time>2019-09-17T13:06:19Z</time>
					<extensions>
						<ns3:TrackPointExtension>
							<ns3:speed>1.99</ns3:speed>
						</ns3:TrackPointExtension>
					</extensions>
			</trkpt>
			<trkpt lat="35.946346" lon="120.18925">
				<ele>-65.0</ele>
				<time>2019-09-17T13:06:20Z</time>
					<extensions>
						<ns3:TrackPointExtension>
							<ns3:speed>1.95</ns3:speed>
						</ns3:TrackPointExtension>
					</extensions>
			</trkpt>
			<trkpt lat="35.94636" lon="120.18926">
				<ele>-65.0</ele>
				<time>2019-09-17T13:06:21Z</time>
					<extensions>
						<ns3:TrackPointExtension>
							<ns3:speed>1.92</ns3:speed>
						</ns3:TrackPointExtension>
					</extensions>
			</trkpt>
			<trkpt lat="35.94637" lon="120.18928">
				<ele>-65.0</ele>
				<time>2019-09-17T13:06:22Z</time>
					<extensions>
						<ns3:TrackPointExtension>
							<ns3:speed>1.9</ns3:speed>
						</ns3:TrackPointExtension>
					</extensions>
			</trkpt>
			<trkpt lat="35.946377" lon="120.18929">
				<ele>-65.0</ele>
				<time>2019-09-17T13:06:23Z</time>
					<extensions>
						<ns3:TrackPointExtension>
							<ns3:speed>1.9</ns3:speed>
						</ns3:TrackPointExtension>
					</extensions>
			</trkpt>
			<trkpt lat="35.94639" lon="120.18931">
				<ele>-65.0</ele>
				<time>2019-09-17T13:06:24Z</time>
					<extensions>
						<ns3:TrackPointExtension>
							<ns3:speed>1.9</ns3:speed>
						</ns3:TrackPointExtension>
					</extensions>
			</trkpt>
			<trkpt lat="35.9464" lon="120.18934">
				<ele>-65.0</ele>
				<time>2019-09-17T13:06:25Z</time>
					<extensions>
						<ns3:TrackPointExtension>
							<ns3:speed>1.91</ns3:speed>
						</ns3:TrackPointExtension>
					</extensions>
			</trkpt>
			<trkpt lat="35.94641" lon="120.18936">
				<ele>-65.0</ele>
				<time>2019-09-17T13:06:26Z</time>
					<extensions>
						<ns3:TrackPointExtension>
							<ns3:speed>1.91</ns3:speed>
						</ns3:TrackPointExtension>
					</extensions>
			</trkpt>
			<trkpt lat="35.946423" lon="120.18938">
				<ele>-65.0</ele>
				<time>2019-09-17T13:06:27Z</time>
					<extensions>
						<ns3:TrackPointExtension>
							<ns3:speed>1.92</ns3:speed>
						</ns3:TrackPointExtension>
					</extensions>
			</trkpt>
			<trkpt lat="35.946434" lon="120.1894">
				<ele>-65.0</ele>
				<time>2019-09-17T13:06:28Z</time>
					<extensions>
						<ns3:TrackPointExtension>
							<ns3:speed>1.92</ns3:speed>
						</ns3:TrackPointExtension>
					</extensions>
			</trkpt>
			<trkpt lat="35.94645" lon="120.18943">
				<ele>-65.0</ele>
				<time>2019-09-17T13:06:29Z</time>
					<extensions>
						<ns3:TrackPointExtension>
							<ns3:speed>1.96</ns3:speed>
						</ns3:TrackPointExtension>
					</extensions>
			</trkpt>
			<trkpt lat="35.946465" lon="120.18946">
				<ele>-65.0</ele>
				<time>2019-09-17T13:06:30Z</time>
					<extensions>
						<ns3:TrackPointExtension>
							<ns3:speed>1.99</ns3:speed>
						</ns3:TrackPointExtension>
					</extensions>
			</trkpt>
			<trkpt lat="35.946476" lon="120.18949">
				<ele>-65.0</ele>
				<time>2019-09-17T13:06:31Z</time>
					<extensions>
						<ns3:TrackPointExtension>
							<ns3:speed>2.02</ns3:speed>
						</ns3:TrackPointExtension>
					</extensions>
			</trkpt>
			<trkpt lat="35.946487" lon="120.18952">
				<ele>-65.0</ele>
				<time>2019-09-17T13:06:32Z</time>
					<extensions>
						<ns3:TrackPointExtension>
							<ns3:speed>2.05</ns3:speed>
						</ns3:TrackPointExtension>
					</extensions>
			</trkpt>
			<trkpt lat="35.9465" lon="120.189545">
				<ele>-65.0</ele>
				<time>2019-09-17T13:06:33Z</time>
					<extensions>
						<ns3:TrackPointExtension>
							<ns3:speed>2.05</ns3:speed>
						</ns3:TrackPointExtension>
					</extensions>
			</trkpt>
			<trkpt lat="35.94651" lon="120.18958">
				<ele>-65.0</ele>
				<time>2019-09-17T13:06:34Z</time>
					<extensions>
						<ns3:TrackPointExtension>
							<ns3:speed>2.13</ns3:speed>
						</ns3:TrackPointExtension>
					</extensions>
			</trkpt>
			<trkpt lat="35.94652" lon="120.18961">
				<ele>-65.0</ele>
				<time>2019-09-17T13:06:35Z</time>
					<extensions>
						<ns3:TrackPointExtension>
							<ns3:speed>2.13</ns3:speed>
						</ns3:TrackPointExtension>
					</extensions>
			</trkpt>
			<trkpt lat="35.946533" lon="120.189644">
				<ele>-65.0</ele>
				<time>2019-09-17T13:06:36Z</time>
					<extensions>
						<ns3:TrackPointExtension>
							<ns3:speed>2.2</ns3:speed>
						</ns3:TrackPointExtension>
					</extensions>
			</trkpt>
			<trkpt lat="35.94654" lon="120.189674">
				<ele>-65.0</ele>
				<time>2019-09-17T13:06:37Z</time>
					<extensions>
						<ns3:TrackPointExtension>
							<ns3:speed>2.23</ns3:speed>
						</ns3:TrackPointExtension>
					</extensions>
			</trkpt>
			<trkpt lat="35.94655" lon="120.189705">
				<ele>-65.0</ele>
				<time>2019-09-17T13:06:38Z</time>
					<extensions>
						<ns3:TrackPointExtension>
							<ns3:speed>2.23</ns3:speed>
						</ns3:TrackPointExtension>
					</extensions>
			</trkpt>
			<trkpt lat="35.946556" lon="120.18973">
				<ele>-65.0</ele>
				<time>2019-09-17T13:06:39Z</time>
					<extensions>
						<ns3:TrackPointExtension>
							<ns3:speed>2.29</ns3:speed>
						</ns3:TrackPointExtension>
					</extensions>
			</trkpt>
			<trkpt lat="35.946564" lon="120.18976">
				<ele>-65.0</ele>
				<time>2019-09-17T13:06:40Z</time>
					<extensions>
						<ns3:TrackPointExtension>
							<ns3:speed>2.29</ns3:speed>
						</ns3:TrackPointExtension>
					</extensions>
			</trkpt>
			<trkpt lat="35.94657" lon="120.18979">
				<ele>-65.0</ele>
				<time>2019-09-17T13:06:41Z</time>
					<extensions>
						<ns3:TrackPointExtension>
							<ns3:speed>2.34</ns3:speed>
						</ns3:TrackPointExtension>
					</extensions>
			</trkpt>
			<trkpt lat="35.94658" lon="120.18982">
				<ele>-65.0</ele>
				<time>2019-09-17T13:06:42Z</time>
					<extensions>
						<ns3:TrackPointExtension>
							<ns3:speed>2.36</ns3:speed>
						</ns3:TrackPointExtension>
					</extensions>
			</trkpt>
			<trkpt lat="35.946583" lon="120.18985">
				<ele>-65.0</ele>
				<time>2019-09-17T13:06:43Z</time>
					<extensions>
						<ns3:TrackPointExtension>
							<ns3:speed>2.38</ns3:speed>
						</ns3:TrackPointExtension>
					</extensions>
			</trkpt>
			<trkpt lat="35.94659" lon="120.18988">
				<ele>-65.0</ele>
				<time>2019-09-17T13:06:44Z</time>
					<extensions>
						<ns3:TrackPointExtension>
							<ns3:speed>2.4</ns3:speed>
						</ns3:TrackPointExtension>
					</extensions>
			</trkpt>
			<trkpt lat="35.946594" lon="120.18991">
				<ele>-65.0</ele>
				<time>2019-09-17T13:06:45Z</time>
					<extensions>
						<ns3:TrackPointExtension>
							<ns3:speed>2.4</ns3:speed>
						</ns3:TrackPointExtension>
					</extensions>
			</trkpt>
			<trkpt lat="35.9466" lon="120.18994">
				<ele>-65.0</ele>
				<time>2019-09-17T13:06:46Z</time>
					<extensions>
						<ns3:TrackPointExtension>
							<ns3:speed>2.45</ns3:speed>
						</ns3:TrackPointExtension>
					</extensions>
			</trkpt>
			<trkpt lat="35.94661" lon="120.189964">
				<ele>-65.0</ele>
				<time>2019-09-17T13:06:47Z</time>
					<extensions>
						<ns3:TrackPointExtension>
							<ns3:speed>2.47</ns3:speed>
						</ns3:TrackPointExtension>
					</extensions>
			</trkpt>
			<trkpt lat="35.946617" lon="120.19">
				<ele>-65.0</ele>
				<time>2019-09-17T13:06:48Z</time>
					<extensions>
						<ns3:TrackPointExtension>
							<ns3:speed>2.49</ns3:speed>
						</ns3:TrackPointExtension>
					</extensions>
			</trkpt>
			<trkpt lat="35.946625" lon="120.190025">
				<ele>-65.0</ele>
				<time>2019-09-17T13:06:49Z</time>
					<extensions>
						<ns3:TrackPointExtension>
							<ns3:speed>2.51</ns3:speed>
						</ns3:TrackPointExtension>
					</extensions>
			</trkpt>
			<trkpt lat="35.946632" lon="120.190056">
				<ele>-65.0</ele>
				<time>2019-09-17T13:06:50Z</time>
					<extensions>
						<ns3:TrackPointExtension>
							<ns3:speed>2.51</ns3:speed>
						</ns3:TrackPointExtension>
					</extensions>
			</trkpt>
			<trkpt lat="35.946644" lon="120.19009">
				<ele>-65.0</ele>
				<time>2019-09-17T13:06:51Z</time>
					<extensions>
						<ns3:TrackPointExtension>
							<ns3:speed>2.56</ns3:speed>
						</ns3:TrackPointExtension>
					</extensions>
			</trkpt>
			<trkpt lat="35.94665" lon="120.19012">
				<ele>-65.0</ele>
				<time>2019-09-17T13:06:52Z</time>
					<extensions>
						<ns3:TrackPointExtension>
							<ns3:speed>2.59</ns3:speed>
						</ns3:TrackPointExtension>
					</extensions>
			</trkpt>
			<trkpt lat="35.946663" lon="120.19015">
				<ele>-65.0</ele>
				<time>2019-09-17T13:06:53Z</time>
					<extensions>
						<ns3:TrackPointExtension>
							<ns3:speed>2.61</ns3:speed>
						</ns3:TrackPointExtension>
					</extensions>
			</trkpt>
			<trkpt lat="35.946674" lon="120.19018">
				<ele>-65.0</ele>
				<time>2019-09-17T13:06:54Z</time>
					<extensions>
						<ns3:TrackPointExtension>
							<ns3:speed>2.63</ns3:speed>
						</ns3:TrackPointExtension>
					</extensions>
			</trkpt>
			<trkpt lat="35.946682" lon="120.19021">
				<ele>-65.0</ele>
				<time>2019-09-17T13:06:55Z</time>
					<extensions>
						<ns3:TrackPointExtension>
							<ns3:speed>2.63</ns3:speed>
						</ns3:TrackPointExtension>
					</extensions>
			</trkpt>
			<trkpt lat="35.946697" lon="120.19024">
				<ele>-65.0</ele>
				<time>2019-09-17T13:06:56Z</time>
					<extensions>
						<ns3:TrackPointExtension>
							<ns3:speed>2.68</ns3:speed>
						</ns3:TrackPointExtension>
					</extensions>
			</trkpt>
			<trkpt lat="35.94671" lon="120.19027">
				<ele>-65.0</ele>
				<time>2019-09-17T13:06:57Z</time>
					<extensions>
						<ns3:TrackPointExtension>
							<ns3:speed>2.71</ns3:speed>
						</ns3:TrackPointExtension>
					</extensions>
			</trkpt>
			<trkpt lat="35.94672" lon="120.1903">
				<ele>-65.0</ele>
				<time>2019-09-17T13:06:58Z</time>
					<extensions>
						<ns3:TrackPointExtension>
							<ns3:speed>2.73</ns3:speed>
						</ns3:TrackPointExtension>
					</extensions>
			</trkpt>
			<trkpt lat="35.94673" lon="120.19032">
				<ele>-65.0</ele>
				<time>2019-09-17T13:06:59Z</time>
					<extensions>
						<ns3:TrackPointExtension>
							<ns3:speed>2.74</ns3:speed>
						</ns3:TrackPointExtension>
					</extensions>
			</trkpt>
			<trkpt lat="35.946743" lon="120.19035">
				<ele>-65.0</ele>
				<time>2019-09-17T13:07:00Z</time>
					<extensions>
						<ns3:TrackPointExtension>
							<ns3:speed>2.74</ns3:speed>
						</ns3:TrackPointExtension>
					</extensions>
			</trkpt>
			<trkpt lat="35.94676" lon="120.190384">
				<ele>-65.0</ele>
				<time>2019-09-17T13:07:01Z</time>
					<extensions>
						<ns3:TrackPointExtension>
							<ns3:speed>2.78</ns3:speed>
						</ns3:TrackPointExtension>
					</extensions>
			</trkpt>
			<trkpt lat="35.94677" lon="120.190414">
				<ele>-65.0</ele>
				<time>2019-09-17T13:07:02Z</time>
					<extensions>
						<ns3:TrackPointExtension>
							<ns3:speed>2.78</ns3:speed>
						</ns3:TrackPointExtension>
					</extensions>
			</trkpt>
			<trkpt lat="35.94678" lon="120.190445">
				<ele>-65.0</ele>
				<time>2019-09-17T13:07:03Z</time>
					<extensions>
						<ns3:TrackPointExtension>
							<ns3:speed>2.81</ns3:speed>
						</ns3:TrackPointExtension>
					</extensions>
			</trkpt>
			<trkpt lat="35.946796" lon="120.19046">
				<ele>-65.0</ele>
				<time>2019-09-17T13:07:04Z</time>
					<extensions>
						<ns3:TrackPointExtension>
							<ns3:speed>2.83</ns3:speed>
						</ns3:TrackPointExtension>
					</extensions>
			</trkpt>
			<trkpt lat="35.94681" lon="120.1905">
				<ele>-65.0</ele>
				<time>2019-09-17T13:07:05Z</time>
					<extensions>
						<ns3:TrackPointExtension>
							<ns3:speed>2.83</ns3:speed>
						</ns3:TrackPointExtension>
					</extensions>
			</trkpt>
			<trkpt lat="35.946823" lon="120.19053">
				<ele>-65.0</ele>
				<time>2019-09-17T13:07:06Z</time>
					<extensions>
						<ns3:TrackPointExtension>
							<ns3:speed>2.86</ns3:speed>
						</ns3:TrackPointExtension>
					</extensions>
			</trkpt>
			<trkpt lat="35.94684" lon="120.190544">
				<ele>-65.0</ele>
				<time>2019-09-17T13:07:07Z</time>
					<extensions>
						<ns3:TrackPointExtension>
							<ns3:speed>2.86</ns3:speed>
						</ns3:TrackPointExtension>
					</extensions>
			</trkpt>
			<trkpt lat="35.946854" lon="120.190575">
				<ele>-65.0</ele>
				<time>2019-09-17T13:07:08Z</time>
					<extensions>
						<ns3:TrackPointExtension>
							<ns3:speed>2.89</ns3:speed>
						</ns3:TrackPointExtension>
					</extensions>
			</trkpt>
			<trkpt lat="35.94687" lon="120.190605">
				<ele>-65.0</ele>
				<time>2019-09-17T13:07:09Z</time>
					<extensions>
						<ns3:TrackPointExtension>
							<ns3:speed>2.89</ns3:speed>
						</ns3:TrackPointExtension>
					</extensions>
			</trkpt>
			<trkpt lat="35.946884" lon="120.19063">
				<ele>-65.0</ele>
				<time>2019-09-17T13:07:10Z</time>
					<extensions>
						<ns3:TrackPointExtension>
							<ns3:speed>2.9</ns3:speed>
						</ns3:TrackPointExtension>
					</extensions>
			</trkpt>
			<trkpt lat="35.946903" lon="120.19067">
				<ele>-65.0</ele>
				<time>2019-09-17T13:07:11Z</time>
					<extensions>
						<ns3:TrackPointExtension>
							<ns3:speed>2.92</ns3:speed>
						</ns3:TrackPointExtension>
					</extensions>
			</trkpt>
			<trkpt lat="35.94692" lon="120.1907">
				<ele>-65.0</ele>
				<time>2019-09-17T13:07:12Z</time>
					<extensions>
						<ns3:TrackPointExtension>
							<ns3:speed>2.92</ns3:speed>
						</ns3:TrackPointExtension>
					</extensions>
			</trkpt>
			<trkpt lat="35.946938" lon="120.19073">
				<ele>-65.0</ele>
				<time>2019-09-17T13:07:13Z</time>
					<extensions>
						<ns3:TrackPointExtension>
							<ns3:speed>2.95</ns3:speed>
						</ns3:TrackPointExtension>
					</extensions>
			</trkpt>
			<trkpt lat="35.946957" lon="120.19076">
				<ele>-64.0</ele>
				<time>2019-09-17T13:07:14Z</time>
					<extensions>
						<ns3:TrackPointExtension>
							<ns3:speed>2.98</ns3:speed>
						</ns3:TrackPointExtension>
					</extensions>
			</trkpt>
			<trkpt lat="35.94697" lon="120.19078">
				<ele>-64.0</ele>
				<time>2019-09-17T13:07:15Z</time>
					<extensions>
						<ns3:TrackPointExtension>
							<ns3:speed>3.0</ns3:speed>
						</ns3:TrackPointExtension>
					</extensions>
			</trkpt>
			<trkpt lat="35.94699" lon="120.19081">
				<ele>-64.0</ele>
				<time>2019-09-17T13:07:16Z</time>
					<extensions>
						<ns3:TrackPointExtension>
							<ns3:speed>3.02</ns3:speed>
						</ns3:TrackPointExtension>
					</extensions>
			</trkpt>
			<trkpt lat="35.947018" lon="120.19086">
				<ele>-64.0</ele>
				<time>2019-09-17T13:07:17Z</time>
					<extensions>
						<ns3:TrackPointExtension>
							<ns3:speed>3.02</ns3:speed>
						</ns3:TrackPointExtension>
					</extensions>
			</trkpt>
			<trkpt lat="35.94704" lon="120.19089">
				<ele>-64.0</ele>
				<time>2019-09-17T13:07:18Z</time>
					<extensions>
						<ns3:TrackPointExtension>
							<ns3:speed>3.07</ns3:speed>
						</ns3:TrackPointExtension>
					</extensions>
			</trkpt>
			<trkpt lat="35.94706" lon="120.19092">
				<ele>-64.0</ele>
				<time>2019-09-17T13:07:19Z</time>
					<extensions>
						<ns3:TrackPointExtension>
							<ns3:speed>3.1</ns3:speed>
						</ns3:TrackPointExtension>
					</extensions>
			</trkpt>
			<trkpt lat="35.947083" lon="120.19095">
				<ele>-64.0</ele>
				<time>2019-09-17T13:07:20Z</time>
					<extensions>
						<ns3:TrackPointExtension>
							<ns3:speed>3.13</ns3:speed>
						</ns3:TrackPointExtension>
					</extensions>
			</trkpt>
			<trkpt lat="35.9471" lon="120.19096">
				<ele>-64.0</ele>
				<time>2019-09-17T13:07:21Z</time>
					<extensions>
						<ns3:TrackPointExtension>
							<ns3:speed>3.16</ns3:speed>
						</ns3:TrackPointExtension>
					</extensions>
			</trkpt>
			<trkpt lat="35.947124" lon="120.190994">
				<ele>-64.0</ele>
				<time>2019-09-17T13:07:22Z</time>
					<extensions>
						<ns3:TrackPointExtension>
							<ns3:speed>3.18</ns3:speed>
						</ns3:TrackPointExtension>
					</extensions>
			</trkpt>
			<trkpt lat="35.947147" lon="120.19104">
				<ele>-64.0</ele>
				<time>2019-09-17T13:07:23Z</time>
					<extensions>
						<ns3:TrackPointExtension>
							<ns3:speed>3.2</ns3:speed>
						</ns3:TrackPointExtension>
					</extensions>
			</trkpt>
			<trkpt lat="35.94717" lon="120.19107">
				<ele>-64.0</ele>
				<time>2019-09-17T13:07:25Z</time>
					<extensions>
						<ns3:TrackPointExtension>
							<ns3:speed>3.21</ns3:speed>
						</ns3:TrackPointExtension>
					</extensions>
			</trkpt>
			<trkpt lat="35.947197" lon="120.1911">
				<ele>-64.0</ele>
				<time>2019-09-17T13:07:26Z</time>
					<extensions>
						<ns3:TrackPointExtension>
							<ns3:speed>3.22</ns3:speed>
						</ns3:TrackPointExtension>
					</extensions>
			</trkpt>
			<trkpt lat="35.947216" lon="120.19113">
				<ele>-64.0</ele>
				<time>2019-09-17T13:07:27Z</time>
					<extensions>
						<ns3:TrackPointExtension>
							<ns3:speed>3.23</ns3:speed>
						</ns3:TrackPointExtension>
					</extensions>
			</trkpt>
			<trkpt lat="35.947243" lon="120.19117">
				<ele>-64.0</ele>
				<time>2019-09-17T13:07:28Z</time>
					<extensions>
						<ns3:TrackPointExtension>
							<ns3:speed>3.25</ns3:speed>
						</ns3:TrackPointExtension>
					</extensions>
			</trkpt>
			<trkpt lat="35.94726" lon="120.1912">
				<ele>-64.0</ele>
				<time>2019-09-17T13:07:29Z</time>
					<extensions>
						<ns3:TrackPointExtension>
							<ns3:speed>3.27</ns3:speed>
						</ns3:TrackPointExtension>
					</extensions>
			</trkpt>
			<trkpt lat="35.94728" lon="120.19123">
				<ele>-64.0</ele>
				<time>2019-09-17T13:07:30Z</time>
					<extensions>
						<ns3:TrackPointExtension>
							<ns3:speed>3.27</ns3:speed>
						</ns3:TrackPointExtension>
					</extensions>
			</trkpt>
			<trkpt lat="35.947304" lon="120.19128">
				<ele>-64.0</ele>
				<time>2019-09-17T13:07:31Z</time>
					<extensions>
						<ns3:TrackPointExtension>
							<ns3:speed>3.28</ns3:speed>
						</ns3:TrackPointExtension>
					</extensions>
			</trkpt>
			<trkpt lat="35.947323" lon="120.19131">
				<ele>-64.0</ele>
				<time>2019-09-17T13:07:32Z</time>
					<extensions>
						<ns3:TrackPointExtension>
							<ns3:speed>3.28</ns3:speed>
						</ns3:TrackPointExtension>
					</extensions>
			</trkpt>
			<trkpt lat="35.947357" lon="120.191376">
				<ele>-64.0</ele>
				<time>2019-09-17T13:07:33Z</time>
					<extensions>
						<ns3:TrackPointExtension>
							<ns3:speed>3.28</ns3:speed>
						</ns3:TrackPointExtension>
					</extensions>
			</trkpt>
			<trkpt lat="35.94737" lon="120.19141">
				<ele>-64.0</ele>
				<time>2019-09-17T13:07:35Z</time>
					<extensions>
						<ns3:TrackPointExtension>
							<ns3:speed>3.3</ns3:speed>
						</ns3:TrackPointExtension>
					</extensions>
			</trkpt>
			<trkpt lat="35.947388" lon="120.19144">
				<ele>-63.0</ele>
				<time>2019-09-17T13:07:36Z</time>
					<extensions>
						<ns3:TrackPointExtension>
							<ns3:speed>3.27</ns3:speed>
						</ns3:TrackPointExtension>
					</extensions>
			</trkpt>
			<trkpt lat="35.9474" lon="120.19147">
				<ele>-63.0</ele>
				<time>2019-09-17T13:07:37Z</time>
					<extensions>
						<ns3:TrackPointExtension>
							<ns3:speed>3.26</ns3:speed>
						</ns3:TrackPointExtension>
					</extensions>
			</trkpt>
			<trkpt lat="35.947407" lon="120.1915">
				<ele>-63.0</ele>
				<time>2019-09-17T13:07:38Z</time>
					<extensions>
						<ns3:TrackPointExtension>
							<ns3:speed>3.24</ns3:speed>
						</ns3:TrackPointExtension>
					</extensions>
			</trkpt>
			<trkpt lat="35.94742" lon="120.191536">
				<ele>-63.0</ele>
				<time>2019-09-17T13:07:39Z</time>
					<extensions>
						<ns3:TrackPointExtension>
							<ns3:speed>3.24</ns3:speed>
						</ns3:TrackPointExtension>
					</extensions>
			</trkpt>
			<trkpt lat="35.94743" lon="120.19157">
				<ele>-63.0</ele>
				<time>2019-09-17T13:07:40Z</time>
					<extensions>
						<ns3:TrackPointExtension>
							<ns3:speed>3.19</ns3:speed>
						</ns3:TrackPointExtension>
					</extensions>
			</trkpt>
			<trkpt lat="35.947437" lon="120.1916">
				<ele>-63.0</ele>
				<time>2019-09-17T13:07:41Z</time>
					<extensions>
						<ns3:TrackPointExtension>
							<ns3:speed>3.18</ns3:speed>
						</ns3:TrackPointExtension>
					</extensions>
			</trkpt>
			<trkpt lat="35.947445" lon="120.191635">
				<ele>-63.0</ele>
				<time>2019-09-17T13:07:42Z</time>
					<extensions>
						<ns3:TrackPointExtension>
							<ns3:speed>3.17</ns3:speed>
						</ns3:TrackPointExtension>
					</extensions>
			</trkpt>
			<trkpt lat="35.947453" lon="120.191666">
				<ele>-63.0</ele>
				<time>2019-09-17T13:07:43Z</time>
					<extensions>
						<ns3:TrackPointExtension>
							<ns3:speed>3.15</ns3:speed>
						</ns3:TrackPointExtension>
					</extensions>
			</trkpt>
			<trkpt lat="35.947456" lon="120.191696">
				<ele>-63.0</ele>
				<time>2019-09-17T13:07:44Z</time>
					<extensions>
						<ns3:TrackPointExtension>
							<ns3:speed>3.15</ns3:speed>
						</ns3:TrackPointExtension>
					</extensions>
			</trkpt>
			<trkpt lat="35.947464" lon="120.19171">
				<ele>-63.0</ele>
				<time>2019-09-17T13:07:45Z</time>
					<extensions>
						<ns3:TrackPointExtension>
							<ns3:speed>3.13</ns3:speed>
						</ns3:TrackPointExtension>
					</extensions>
			</trkpt>
			<trkpt lat="35.947468" lon="120.19174">
				<ele>-63.0</ele>
				<time>2019-09-17T13:07:46Z</time>
					<extensions>
						<ns3:TrackPointExtension>
							<ns3:speed>3.11</ns3:speed>
						</ns3:TrackPointExtension>
					</extensions>
			</trkpt>
			<trkpt lat="35.94748" lon="120.19177">
				<ele>-63.0</ele>
				<time>2019-09-17T13:07:47Z</time>
					<extensions>
						<ns3:TrackPointExtension>
							<ns3:speed>3.1</ns3:speed>
						</ns3:TrackPointExtension>
					</extensions>
			</trkpt>
			<trkpt lat="35.947483" lon="120.1918">
				<ele>-63.0</ele>
				<time>2019-09-17T13:07:48Z</time>
					<extensions>
						<ns3:TrackPointExtension>
							<ns3:speed>3.09</ns3:speed>
						</ns3:TrackPointExtension>
					</extensions>
			</trkpt>
			<trkpt lat="35.94749" lon="120.19183">
				<ele>-63.0</ele>
				<time>2019-09-17T13:07:49Z</time>
					<extensions>
						<ns3:TrackPointExtension>
							<ns3:speed>3.09</ns3:speed>
						</ns3:TrackPointExtension>
					</extensions>
			</trkpt>
			<trkpt lat="35.947495" lon="120.191864">
				<ele>-63.0</ele>
				<time>2019-09-17T13:07:50Z</time>
					<extensions>
						<ns3:TrackPointExtension>
							<ns3:speed>3.08</ns3:speed>
						</ns3:TrackPointExtension>
					</extensions>
			</trkpt>
			<trkpt lat="35.947502" lon="120.191895">
				<ele>-63.0</ele>
				<time>2019-09-17T13:07:51Z</time>
					<extensions>
						<ns3:TrackPointExtension>
							<ns3:speed>3.07</ns3:speed>
						</ns3:TrackPointExtension>
					</extensions>
			</trkpt>
			<trkpt lat="35.94751" lon="120.191925">
				<ele>-63.0</ele>
				<time>2019-09-17T13:07:52Z</time>
					<extensions>
						<ns3:TrackPointExtension>
							<ns3:speed>3.06</ns3:speed>
						</ns3:TrackPointExtension>
					</extensions>
			</trkpt>
			<trkpt lat="35.947514" lon="120.191956">
				<ele>-63.0</ele>
				<time>2019-09-17T13:07:53Z</time>
					<extensions>
						<ns3:TrackPointExtension>
							<ns3:speed>3.05</ns3:speed>
						</ns3:TrackPointExtension>
					</extensions>
			</trkpt>
			<trkpt lat="35.947517" lon="120.191986">
				<ele>-63.0</ele>
				<time>2019-09-17T13:07:54Z</time>
					<extensions>
						<ns3:TrackPointExtension>
							<ns3:speed>3.05</ns3:speed>
						</ns3:TrackPointExtension>
					</extensions>
			</trkpt>
			<trkpt lat="35.94752" lon="120.19203">
				<ele>-63.0</ele>
				<time>2019-09-17T13:07:55Z</time>
					<extensions>
						<ns3:TrackPointExtension>
							<ns3:speed>3.04</ns3:speed>
						</ns3:TrackPointExtension>
					</extensions>
			</trkpt>
			<trkpt lat="35.947525" lon="120.19206">
				<ele>-63.0</ele>
				<time>2019-09-17T13:07:56Z</time>
					<extensions>
						<ns3:TrackPointExtension>
							<ns3:speed>3.03</ns3:speed>
						</ns3:TrackPointExtension>
					</extensions>
			</trkpt>
			<trkpt lat="35.94753" lon="120.19209">
				<ele>-63.0</ele>
				<time>2019-09-17T13:07:57Z</time>
					<extensions>
						<ns3:TrackPointExtension>
							<ns3:speed>3.03</ns3:speed>
						</ns3:TrackPointExtension>
					</extensions>
			</trkpt>
			<trkpt lat="35.947533" lon="120.19212">
				<ele>-63.0</ele>
				<time>2019-09-17T13:07:58Z</time>
					<extensions>
						<ns3:TrackPointExtension>
							<ns3:speed>3.03</ns3:speed>
						</ns3:TrackPointExtension>
					</extensions>
			</trkpt>
			<trkpt lat="35.947536" lon="120.192154">
				<ele>-63.0</ele>
				<time>2019-09-17T13:07:59Z</time>
					<extensions>
						<ns3:TrackPointExtension>
							<ns3:speed>3.03</ns3:speed>
						</ns3:TrackPointExtension>
					</extensions>
			</trkpt>
			<trkpt lat="35.947536" lon="120.192184">
				<ele>-64.0</ele>
				<time>2019-09-17T13:08:00Z</time>
					<extensions>
						<ns3:TrackPointExtension>
							<ns3:speed>3.03</ns3:speed>
						</ns3:TrackPointExtension>
					</extensions>
			</trkpt>
			<trkpt lat="35.947544" lon="120.19222">
				<ele>-64.0</ele>
				<time>2019-09-17T13:08:01Z</time>
					<extensions>
						<ns3:TrackPointExtension>
							<ns3:speed>3.03</ns3:speed>
						</ns3:TrackPointExtension>
					</extensions>
			</trkpt>
			<trkpt lat="35.94755" lon="120.19225">
				<ele>-64.0</ele>
				<time>2019-09-17T13:08:02Z</time>
					<extensions>
						<ns3:TrackPointExtension>
							<ns3:speed>3.04</ns3:speed>
						</ns3:TrackPointExtension>
					</extensions>
			</trkpt>
			<trkpt lat="35.94755" lon="120.19228">
				<ele>-64.0</ele>
				<time>2019-09-17T13:08:03Z</time>
					<extensions>
						<ns3:TrackPointExtension>
							<ns3:speed>3.04</ns3:speed>
						</ns3:TrackPointExtension>
					</extensions>
			</trkpt>
			<trkpt lat="35.94756" lon="120.192314">
				<ele>-64.0</ele>
				<time>2019-09-17T13:08:04Z</time>
					<extensions>
						<ns3:TrackPointExtension>
							<ns3:speed>3.04</ns3:speed>
						</ns3:TrackPointExtension>
					</extensions>
			</trkpt>
			<trkpt lat="35.947563" lon="120.192345">
				<ele>-64.0</ele>
				<time>2019-09-17T13:08:05Z</time>
					<extensions>
						<ns3:TrackPointExtension>
							<ns3:speed>3.06</ns3:speed>
						</ns3:TrackPointExtension>
					</extensions>
			</trkpt>
			<trkpt lat="35.94757" lon="120.192375">
				<ele>-64.0</ele>
				<time>2019-09-17T13:08:06Z</time>
					<extensions>
						<ns3:TrackPointExtension>
							<ns3:speed>3.06</ns3:speed>
						</ns3:TrackPointExtension>
					</extensions>
			</trkpt>
			<trkpt lat="35.947575" lon="120.19241">
				<ele>-64.0</ele>
				<time>2019-09-17T13:08:07Z</time>
					<extensions>
						<ns3:TrackPointExtension>
							<ns3:speed>3.06</ns3:speed>
						</ns3:TrackPointExtension>
					</extensions>
			</trkpt>
			<trkpt lat="35.947575" lon="120.192444">
				<ele>-64.0</ele>
				<time>2019-09-17T13:08:08Z</time>
					<extensions>
						<ns3:TrackPointExtension>
							<ns3:speed>3.06</ns3:speed>
						</ns3:TrackPointExtension>
					</extensions>
			</trkpt>
			<trkpt lat="35.947582" lon="120.192474">
				<ele>-64.0</ele>
				<time>2019-09-17T13:08:09Z</time>
					<extensions>
						<ns3:TrackPointExtension>
							<ns3:speed>3.06</ns3:speed>
						</ns3:TrackPointExtension>
					</extensions>
			</trkpt>
			<trkpt lat="35.94759" lon="120.192505">
				<ele>-64.0</ele>
				<time>2019-09-17T13:08:10Z</time>
					<extensions>
						<ns3:TrackPointExtension>
							<ns3:speed>3.04</ns3:speed>
						</ns3:TrackPointExtension>
					</extensions>
			</trkpt>
			<trkpt lat="35.947598" lon="120.19252">
				<ele>-64.0</ele>
				<time>2019-09-17T13:08:11Z</time>
					<extensions>
						<ns3:TrackPointExtension>
							<ns3:speed>3.04</ns3:speed>
						</ns3:TrackPointExtension>
					</extensions>
			</trkpt>
			<trkpt lat="35.947598" lon="120.19255">
				<ele>-64.0</ele>
				<time>2019-09-17T13:08:12Z</time>
					<extensions>
						<ns3:TrackPointExtension>
							<ns3:speed>3.02</ns3:speed>
						</ns3:TrackPointExtension>
					</extensions>
			</trkpt>
			<trkpt lat="35.94761" lon="120.19257">
				<ele>-64.0</ele>
				<time>2019-09-17T13:08:13Z</time>
					<extensions>
						<ns3:TrackPointExtension>
							<ns3:speed>3.01</ns3:speed>
						</ns3:TrackPointExtension>
					</extensions>
			</trkpt>
			<trkpt lat="35.947617" lon="120.192604">
				<ele>-64.0</ele>
				<time>2019-09-17T13:08:14Z</time>
					<extensions>
						<ns3:TrackPointExtension>
							<ns3:speed>2.99</ns3:speed>
						</ns3:TrackPointExtension>
					</extensions>
			</trkpt>
			<trkpt lat="35.947624" lon="120.192635">
				<ele>-64.0</ele>
				<time>2019-09-17T13:08:15Z</time>
					<extensions>
						<ns3:TrackPointExtension>
							<ns3:speed>2.98</ns3:speed>
						</ns3:TrackPointExtension>
					</extensions>
			</trkpt>
			<trkpt lat="35.94763" lon="120.192665">
				<ele>-64.0</ele>
				<time>2019-09-17T13:08:16Z</time>
					<extensions>
						<ns3:TrackPointExtension>
							<ns3:speed>2.98</ns3:speed>
						</ns3:TrackPointExtension>
					</extensions>
			</trkpt>
			<trkpt lat="35.947647" lon="120.192696">
				<ele>-64.0</ele>
				<time>2019-09-17T13:08:17Z</time>
					<extensions>
						<ns3:TrackPointExtension>
							<ns3:speed>2.97</ns3:speed>
						</ns3:TrackPointExtension>
					</extensions>
			</trkpt>
			<trkpt lat="35.947655" lon="120.19273">
				<ele>-64.0</ele>
				<time>2019-09-17T13:08:18Z</time>
					<extensions>
						<ns3:TrackPointExtension>
							<ns3:speed>2.97</ns3:speed>
						</ns3:TrackPointExtension>
					</extensions>
			</trkpt>
			<trkpt lat="35.947666" lon="120.192764">
				<ele>-64.0</ele>
				<time>2019-09-17T13:08:19Z</time>
					<extensions>
						<ns3:TrackPointExtension>
							<ns3:speed>2.98</ns3:speed>
						</ns3:TrackPointExtension>
					</extensions>
			</trkpt>
			<trkpt lat="35.947678" lon="120.1928">
				<ele>-64.0</ele>
				<time>2019-09-17T13:08:20Z</time>
					<extensions>
						<ns3:TrackPointExtension>
							<ns3:speed>2.98</ns3:speed>
						</ns3:TrackPointExtension>
					</extensions>
			</trkpt>
			<trkpt lat="35.947685" lon="120.19284">
				<ele>-64.0</ele>
				<time>2019-09-17T13:08:21Z</time>
					<extensions>
						<ns3:TrackPointExtension>
							<ns3:speed>2.98</ns3:speed>
						</ns3:TrackPointExtension>
					</extensions>
			</trkpt>
			<trkpt lat="35.9477" lon="120.19287">
				<ele>-64.0</ele>
				<time>2019-09-17T13:08:22Z</time>
					<extensions>
						<ns3:TrackPointExtension>
							<ns3:speed>3.0</ns3:speed>
						</ns3:TrackPointExtension>
					</extensions>
			</trkpt>
			<trkpt lat="35.94771" lon="120.192894">
				<ele>-64.0</ele>
				<time>2019-09-17T13:08:23Z</time>
					<extensions>
						<ns3:TrackPointExtension>
							<ns3:speed>3.01</ns3:speed>
						</ns3:TrackPointExtension>
					</extensions>
			</trkpt>
			<trkpt lat="35.947716" lon="120.19291">
				<ele>-64.0</ele>
				<time>2019-09-17T13:08:24Z</time>
					<extensions>
						<ns3:TrackPointExtension>
							<ns3:speed>3.01</ns3:speed>
						</ns3:TrackPointExtension>
					</extensions>
			</trkpt>
			<trkpt lat="35.947723" lon="120.19294">
				<ele>-64.0</ele>
				<time>2019-09-17T13:08:25Z</time>
					<extensions>
						<ns3:TrackPointExtension>
							<ns3:speed>3.0</ns3:speed>
						</ns3:TrackPointExtension>
					</extensions>
			</trkpt>
			<trkpt lat="35.947735" lon="120.19296">
				<ele>-64.0</ele>
				<time>2019-09-17T13:08:26Z</time>
					<extensions>
						<ns3:TrackPointExtension>
							<ns3:speed>3.0</ns3:speed>
						</ns3:TrackPointExtension>
					</extensions>
			</trkpt>
			<trkpt lat="35.94774" lon="120.19297">
				<ele>-64.0</ele>
				<time>2019-09-17T13:08:27Z</time>
					<extensions>
						<ns3:TrackPointExtension>
							<ns3:speed>2.94</ns3:speed>
						</ns3:TrackPointExtension>
					</extensions>
			</trkpt>
			<trkpt lat="35.947742" lon="120.192986">
				<ele>-64.0</ele>
				<time>2019-09-17T13:08:28Z</time>
					<extensions>
						<ns3:TrackPointExtension>
							<ns3:speed>2.91</ns3:speed>
						</ns3:TrackPointExtension>
					</extensions>
			</trkpt>
			<trkpt lat="35.947746" lon="120.193">
				<ele>-64.0</ele>
				<time>2019-09-17T13:08:29Z</time>
					<extensions>
						<ns3:TrackPointExtension>
							<ns3:speed>2.86</ns3:speed>
						</ns3:TrackPointExtension>
					</extensions>
			</trkpt>
			<trkpt lat="35.947758" lon="120.19303">
				<ele>-64.0</ele>
				<time>2019-09-17T13:08:30Z</time>
					<extensions>
						<ns3:TrackPointExtension>
							<ns3:speed>2.81</ns3:speed>
						</ns3:TrackPointExtension>
					</extensions>
			</trkpt>
			<trkpt lat="35.94777" lon="120.193054">
				<ele>-64.0</ele>
				<time>2019-09-17T13:08:31Z</time>
					<extensions>
						<ns3:TrackPointExtension>
							<ns3:speed>2.81</ns3:speed>
						</ns3:TrackPointExtension>
					</extensions>
			</trkpt>
			<trkpt lat="35.947777" lon="120.193085">
				<ele>-64.0</ele>
				<time>2019-09-17T13:08:32Z</time>
					<extensions>
						<ns3:TrackPointExtension>
							<ns3:speed>2.73</ns3:speed>
						</ns3:TrackPointExtension>
					</extensions>
			</trkpt>
			<trkpt lat="35.947792" lon="120.193115">
				<ele>-64.0</ele>
				<time>2019-09-17T13:08:33Z</time>
					<extensions>
						<ns3:TrackPointExtension>
							<ns3:speed>2.73</ns3:speed>
						</ns3:TrackPointExtension>
					</extensions>
			</trkpt>
			<trkpt lat="35.9478" lon="120.193146">
				<ele>-64.0</ele>
				<time>2019-09-17T13:08:34Z</time>
					<extensions>
						<ns3:TrackPointExtension>
							<ns3:speed>2.72</ns3:speed>
						</ns3:TrackPointExtension>
					</extensions>
			</trkpt>
			<trkpt lat="35.94781" lon="120.19317">
				<ele>-64.0</ele>
				<time>2019-09-17T13:08:35Z</time>
					<extensions>
						<ns3:TrackPointExtension>
							<ns3:speed>2.73</ns3:speed>
						</ns3:TrackPointExtension>
					</extensions>
			</trkpt>
			<trkpt lat="35.947823" lon="120.1932">
				<ele>-64.0</ele>
				<time>2019-09-17T13:08:36Z</time>
					<extensions>
						<ns3:TrackPointExtension>
							<ns3:speed>2.73</ns3:speed>
						</ns3:TrackPointExtension>
					</extensions>
			</trkpt>
			<trkpt lat="35.947834" lon="120.19323">
				<ele>-64.0</ele>
				<time>2019-09-17T13:08:37Z</time>
					<extensions>
						<ns3:TrackPointExtension>
							<ns3:speed>2.73</ns3:speed>
						</ns3:TrackPointExtension>
					</extensions>
			</trkpt>
			<trkpt lat="35.947845" lon="120.19326">
				<ele>-64.0</ele>
				<time>2019-09-17T13:08:38Z</time>
					<extensions>
						<ns3:TrackPointExtension>
							<ns3:speed>2.73</ns3:speed>
						</ns3:TrackPointExtension>
					</extensions>
			</trkpt>
			<trkpt lat="35.947857" lon="120.19329">
				<ele>-64.0</ele>
				<time>2019-09-17T13:08:39Z</time>
					<extensions>
						<ns3:TrackPointExtension>
							<ns3:speed>2.74</ns3:speed>
						</ns3:TrackPointExtension>
					</extensions>
			</trkpt>
			<trkpt lat="35.947865" lon="120.19332">
				<ele>-64.0</ele>
				<time>2019-09-17T13:08:40Z</time>
					<extensions>
						<ns3:TrackPointExtension>
							<ns3:speed>2.75</ns3:speed>
						</ns3:TrackPointExtension>
					</extensions>
			</trkpt>
			<trkpt lat="35.94788" lon="120.19335">
				<ele>-64.0</ele>
				<time>2019-09-17T13:08:41Z</time>
					<extensions>
						<ns3:TrackPointExtension>
							<ns3:speed>2.76</ns3:speed>
						</ns3:TrackPointExtension>
					</extensions>
			</trkpt>
			<trkpt lat="35.94789" lon="120.19338">
				<ele>-64.0</ele>
				<time>2019-09-17T13:08:42Z</time>
					<extensions>
						<ns3:TrackPointExtension>
							<ns3:speed>2.77</ns3:speed>
						</ns3:TrackPointExtension>
					</extensions>
			</trkpt>
			<trkpt lat="35.947903" lon="120.19341">
				<ele>-63.0</ele>
				<time>2019-09-17T13:08:43Z</time>
					<extensions>
						<ns3:TrackPointExtension>
							<ns3:speed>2.77</ns3:speed>
						</ns3:TrackPointExtension>
					</extensions>
			</trkpt>
			<trkpt lat="35.94791" lon="120.19344">
				<ele>-63.0</ele>
				<time>2019-09-17T13:08:44Z</time>
					<extensions>
						<ns3:TrackPointExtension>
							<ns3:speed>2.79</ns3:speed>
						</ns3:TrackPointExtension>
					</extensions>
			</trkpt>
			<trkpt lat="35.947918" lon="120.19347">
				<ele>-63.0</ele>
				<time>2019-09-17T13:08:45Z</time>
					<extensions>
						<ns3:TrackPointExtension>
							<ns3:speed>2.79</ns3:speed>
						</ns3:TrackPointExtension>
					</extensions>
			</trkpt>
			<trkpt lat="35.94793" lon="120.1935">
				<ele>-63.0</ele>
				<time>2019-09-17T13:08:46Z</time>
					<extensions>
						<ns3:TrackPointExtension>
							<ns3:speed>2.78</ns3:speed>
						</ns3:TrackPointExtension>
					</extensions>
			</trkpt>
			<trkpt lat="35.947937" lon="120.19353">
				<ele>-63.0</ele>
				<time>2019-09-17T13:08:47Z</time>
					<extensions>
						<ns3:TrackPointExtension>
							<ns3:speed>2.77</ns3:speed>
						</ns3:TrackPointExtension>
					</extensions>
			</trkpt>
			<trkpt lat="35.94795" lon="120.19356">
				<ele>-63.0</ele>
				<time>2019-09-17T13:08:48Z</time>
					<extensions>
						<ns3:TrackPointExtension>
							<ns3:speed>2.77</ns3:speed>
						</ns3:TrackPointExtension>
					</extensions>
			</trkpt>
			<trkpt lat="35.947956" lon="120.19358">
				<ele>-63.0</ele>
				<time>2019-09-17T13:08:49Z</time>
					<extensions>
						<ns3:TrackPointExtension>
							<ns3:speed>2.77</ns3:speed>
						</ns3:TrackPointExtension>
					</extensions>
			</trkpt>
			<trkpt lat="35.947964" lon="120.19361">
				<ele>-63.0</ele>
				<time>2019-09-17T13:08:50Z</time>
					<extensions>
						<ns3:TrackPointExtension>
							<ns3:speed>2.76</ns3:speed>
						</ns3:TrackPointExtension>
					</extensions>
			</trkpt>
			<trkpt lat="35.94797" lon="120.19365">
				<ele>-63.0</ele>
				<time>2019-09-17T13:08:51Z</time>
					<extensions>
						<ns3:TrackPointExtension>
							<ns3:speed>2.76</ns3:speed>
						</ns3:TrackPointExtension>
					</extensions>
			</trkpt>
			<trkpt lat="35.947987" lon="120.19368">
				<ele>-63.0</ele>
				<time>2019-09-17T13:08:52Z</time>
					<extensions>
						<ns3:TrackPointExtension>
							<ns3:speed>2.77</ns3:speed>
						</ns3:TrackPointExtension>
					</extensions>
			</trkpt>
			<trkpt lat="35.947994" lon="120.19371">
				<ele>-63.0</ele>
				<time>2019-09-17T13:08:53Z</time>
					<extensions>
						<ns3:TrackPointExtension>
							<ns3:speed>2.77</ns3:speed>
						</ns3:TrackPointExtension>
					</extensions>
			</trkpt>
			<trkpt lat="35.948" lon="120.19374">
				<ele>-63.0</ele>
				<time>2019-09-17T13:08:54Z</time>
					<extensions>
						<ns3:TrackPointExtension>
							<ns3:speed>2.79</ns3:speed>
						</ns3:TrackPointExtension>
					</extensions>
			</trkpt>
			<trkpt lat="35.948013" lon="120.19378">
				<ele>-63.0</ele>
				<time>2019-09-17T13:08:55Z</time>
					<extensions>
						<ns3:TrackPointExtension>
							<ns3:speed>2.8</ns3:speed>
						</ns3:TrackPointExtension>
					</extensions>
			</trkpt>
			<trkpt lat="35.94802" lon="120.19381">
				<ele>-63.0</ele>
				<time>2019-09-17T13:08:56Z</time>
					<extensions>
						<ns3:TrackPointExtension>
							<ns3:speed>2.81</ns3:speed>
						</ns3:TrackPointExtension>
					</extensions>
			</trkpt>
			<trkpt lat="35.94803" lon="120.193855">
				<ele>-63.0</ele>
				<time>2019-09-17T13:08:57Z</time>
					<extensions>
						<ns3:TrackPointExtension>
							<ns3:speed>2.84</ns3:speed>
						</ns3:TrackPointExtension>
					</extensions>
			</trkpt>
			<trkpt lat="35.948036" lon="120.193886">
				<ele>-63.0</ele>
				<time>2019-09-17T13:08:58Z</time>
					<extensions>
						<ns3:TrackPointExtension>
							<ns3:speed>2.85</ns3:speed>
						</ns3:TrackPointExtension>
					</extensions>
			</trkpt>
			<trkpt lat="35.948044" lon="120.1939">
				<ele>-63.0</ele>
				<time>2019-09-17T13:08:59Z</time>
					<extensions>
						<ns3:TrackPointExtension>
							<ns3:speed>2.87</ns3:speed>
						</ns3:TrackPointExtension>
					</extensions>
			</trkpt>
			<trkpt lat="35.948055" lon="120.19395">
				<ele>-63.0</ele>
				<time>2019-09-17T13:09:00Z</time>
					<extensions>
						<ns3:TrackPointExtension>
							<ns3:speed>2.87</ns3:speed>
						</ns3:TrackPointExtension>
					</extensions>
			</trkpt>
			<trkpt lat="35.948067" lon="120.19398">
				<ele>-63.0</ele>
				<time>2019-09-17T13:09:01Z</time>
					<extensions>
						<ns3:TrackPointExtension>
							<ns3:speed>2.91</ns3:speed>
						</ns3:TrackPointExtension>
					</extensions>
			</trkpt>
			<trkpt lat="35.948074" lon="120.19401">
				<ele>-63.0</ele>
				<time>2019-09-17T13:09:02Z</time>
					<extensions>
						<ns3:TrackPointExtension>
							<ns3:speed>2.93</ns3:speed>
						</ns3:TrackPointExtension>
					</extensions>
			</trkpt>
			<trkpt lat="35.948082" lon="120.19404">
				<ele>-63.0</ele>
				<time>2019-09-17T13:09:03Z</time>
					<extensions>
						<ns3:TrackPointExtension>
							<ns3:speed>2.94</ns3:speed>
						</ns3:TrackPointExtension>
					</extensions>
			</trkpt>
			<trkpt lat="35.948093" lon="120.19408">
				<ele>-63.0</ele>
				<time>2019-09-17T13:09:04Z</time>
					<extensions>
						<ns3:TrackPointExtension>
							<ns3:speed>2.95</ns3:speed>
						</ns3:TrackPointExtension>
					</extensions>
			</trkpt>
			<trkpt lat="35.948105" lon="120.19411">
				<ele>-63.0</ele>
				<time>2019-09-17T13:09:05Z</time>
					<extensions>
						<ns3:TrackPointExtension>
							<ns3:speed>2.95</ns3:speed>
						</ns3:TrackPointExtension>
					</extensions>
			</trkpt>
			<trkpt lat="35.94812" lon="120.19414">
				<ele>-63.0</ele>
				<time>2019-09-17T13:09:06Z</time>
					<extensions>
						<ns3:TrackPointExtension>
							<ns3:speed>2.98</ns3:speed>
						</ns3:TrackPointExtension>
					</extensions>
			</trkpt>
			<trkpt lat="35.948128" lon="120.19418">
				<ele>-63.0</ele>
				<time>2019-09-17T13:09:07Z</time>
					<extensions>
						<ns3:TrackPointExtension>
							<ns3:speed>3.0</ns3:speed>
						</ns3:TrackPointExtension>
					</extensions>
			</trkpt>
			<trkpt lat="35.948143" lon="120.194214">
				<ele>-63.0</ele>
				<time>2019-09-17T13:09:08Z</time>
					<extensions>
						<ns3:TrackPointExtension>
							<ns3:speed>3.02</ns3:speed>
						</ns3:TrackPointExtension>
					</extensions>
			</trkpt>
			<trkpt lat="35.94815" lon="120.194244">
				<ele>-63.0</ele>
				<time>2019-09-17T13:09:09Z</time>
					<extensions>
						<ns3:TrackPointExtension>
							<ns3:speed>3.03</ns3:speed>
						</ns3:TrackPointExtension>
					</extensions>
			</trkpt>
			<trkpt lat="35.948162" lon="120.19428">
				<ele>-63.0</ele>
				<time>2019-09-17T13:09:10Z</time>
					<extensions>
						<ns3:TrackPointExtension>
							<ns3:speed>3.03</ns3:speed>
						</ns3:TrackPointExtension>
					</extensions>
			</trkpt>
			<trkpt lat="35.948174" lon="120.19431">
				<ele>-63.0</ele>
				<time>2019-09-17T13:09:11Z</time>
					<extensions>
						<ns3:TrackPointExtension>
							<ns3:speed>3.07</ns3:speed>
						</ns3:TrackPointExtension>
					</extensions>
			</trkpt>
			<trkpt lat="35.94818" lon="120.19434">
				<ele>-63.0</ele>
				<time>2019-09-17T13:09:12Z</time>
					<extensions>
						<ns3:TrackPointExtension>
							<ns3:speed>3.08</ns3:speed>
						</ns3:TrackPointExtension>
					</extensions>
			</trkpt>
			<trkpt lat="35.948196" lon="120.194374">
				<ele>-63.0</ele>
				<time>2019-09-17T13:09:13Z</time>
					<extensions>
						<ns3:TrackPointExtension>
							<ns3:speed>3.09</ns3:speed>
						</ns3:TrackPointExtension>
					</extensions>
			</trkpt>
			<trkpt lat="35.948208" lon="120.194405">
				<ele>-63.0</ele>
				<time>2019-09-17T13:09:14Z</time>
					<extensions>
						<ns3:TrackPointExtension>
							<ns3:speed>3.1</ns3:speed>
						</ns3:TrackPointExtension>
					</extensions>
			</trkpt>
			<trkpt lat="35.948215" lon="120.194435">
				<ele>-63.0</ele>
				<time>2019-09-17T13:09:15Z</time>
					<extensions>
						<ns3:TrackPointExtension>
							<ns3:speed>3.1</ns3:speed>
						</ns3:TrackPointExtension>
					</extensions>
			</trkpt>
			<trkpt lat="35.94823" lon="120.194466">
				<ele>-63.0</ele>
				<time>2019-09-17T13:09:16Z</time>
					<extensions>
						<ns3:TrackPointExtension>
							<ns3:speed>3.1</ns3:speed>
						</ns3:TrackPointExtension>
					</extensions>
			</trkpt>
			<trkpt lat="35.94824" lon="120.194496">
				<ele>-63.0</ele>
				<time>2019-09-17T13:09:17Z</time>
					<extensions>
						<ns3:TrackPointExtension>
							<ns3:speed>3.1</ns3:speed>
						</ns3:TrackPointExtension>
					</extensions>
			</trkpt>
			<trkpt lat="35.94825" lon="120.19453">
				<ele>-63.0</ele>
				<time>2019-09-17T13:09:18Z</time>
					<extensions>
						<ns3:TrackPointExtension>
							<ns3:speed>3.1</ns3:speed>
						</ns3:TrackPointExtension>
					</extensions>
			</trkpt>
			<trkpt lat="35.94826" lon="120.19457">
				<ele>-63.0</ele>
				<time>2019-09-17T13:09:19Z</time>
					<extensions>
						<ns3:TrackPointExtension>
							<ns3:speed>3.1</ns3:speed>
						</ns3:TrackPointExtension>
					</extensions>
			</trkpt>
			<trkpt lat="35.948273" lon="120.19459">
				<ele>-63.0</ele>
				<time>2019-09-17T13:09:20Z</time>
					<extensions>
						<ns3:TrackPointExtension>
							<ns3:speed>3.1</ns3:speed>
						</ns3:TrackPointExtension>
					</extensions>
			</trkpt>
			<trkpt lat="35.94828" lon="120.19462">
				<ele>-63.0</ele>
				<time>2019-09-17T13:09:21Z</time>
					<extensions>
						<ns3:TrackPointExtension>
							<ns3:speed>3.09</ns3:speed>
						</ns3:TrackPointExtension>
					</extensions>
			</trkpt>
			<trkpt lat="35.94829" lon="120.19465">
				<ele>-63.0</ele>
				<time>2019-09-17T13:09:22Z</time>
					<extensions>
						<ns3:TrackPointExtension>
							<ns3:speed>3.09</ns3:speed>
						</ns3:TrackPointExtension>
					</extensions>
			</trkpt>
			<trkpt lat="35.948307" lon="120.194695">
				<ele>-63.0</ele>
				<time>2019-09-17T13:09:23Z</time>
					<extensions>
						<ns3:TrackPointExtension>
							<ns3:speed>3.09</ns3:speed>
						</ns3:TrackPointExtension>
					</extensions>
			</trkpt>
			<trkpt lat="35.94832" lon="120.194725">
				<ele>-63.0</ele>
				<time>2019-09-17T13:09:24Z</time>
					<extensions>
						<ns3:TrackPointExtension>
							<ns3:speed>3.09</ns3:speed>
						</ns3:TrackPointExtension>
					</extensions>
			</trkpt>
			<trkpt lat="35.94833" lon="120.194756">
				<ele>-63.0</ele>
				<time>2019-09-17T13:09:25Z</time>
					<extensions>
						<ns3:TrackPointExtension>
							<ns3:speed>3.08</ns3:speed>
						</ns3:TrackPointExtension>
					</extensions>
			</trkpt>
			<trkpt lat="35.948345" lon="120.19479">
				<ele>-63.0</ele>
				<time>2019-09-17T13:09:26Z</time>
					<extensions>
						<ns3:TrackPointExtension>
							<ns3:speed>3.09</ns3:speed>
						</ns3:TrackPointExtension>
					</extensions>
			</trkpt>
			<trkpt lat="35.948357" lon="120.19484">
				<ele>-63.0</ele>
				<time>2019-09-17T13:09:27Z</time>
					<extensions>
						<ns3:TrackPointExtension>
							<ns3:speed>3.1</ns3:speed>
						</ns3:TrackPointExtension>
					</extensions>
			</trkpt>
			<trkpt lat="35.948368" lon="120.19488">
				<ele>-63.0</ele>
				<time>2019-09-17T13:09:28Z</time>
					<extensions>
						<ns3:TrackPointExtension>
							<ns3:speed>3.12</ns3:speed>
						</ns3:TrackPointExtension>
					</extensions>
			</trkpt>
			<trkpt lat="35.94838" lon="120.1949">
				<ele>-63.0</ele>
				<time>2019-09-17T13:09:29Z</time>
					<extensions>
						<ns3:TrackPointExtension>
							<ns3:speed>3.14</ns3:speed>
						</ns3:TrackPointExtension>
					</extensions>
			</trkpt>
			<trkpt lat="35.948395" lon="120.19494">
				<ele>-63.0</ele>
				<time>2019-09-17T13:09:30Z</time>
					<extensions>
						<ns3:TrackPointExtension>
							<ns3:speed>3.15</ns3:speed>
						</ns3:TrackPointExtension>
					</extensions>
			</trkpt>
			<trkpt lat="35.948406" lon="120.19497">
				<ele>-63.0</ele>
				<time>2019-09-17T13:09:31Z</time>
					<extensions>
						<ns3:TrackPointExtension>
							<ns3:speed>3.17</ns3:speed>
						</ns3:TrackPointExtension>
					</extensions>
			</trkpt>
			<trkpt lat="35.948418" lon="120.195">
				<ele>-63.0</ele>
				<time>2019-09-17T13:09:32Z</time>
					<extensions>
						<ns3:TrackPointExtension>
							<ns3:speed>3.17</ns3:speed>
						</ns3:TrackPointExtension>
					</extensions>
			</trkpt>
			<trkpt lat="35.948425" lon="120.19504">
				<ele>-63.0</ele>
				<time>2019-09-17T13:09:33Z</time>
					<extensions>
						<ns3:TrackPointExtension>
							<ns3:speed>3.18</ns3:speed>
						</ns3:TrackPointExtension>
					</extensions>
			</trkpt>
			<trkpt lat="35.94844" lon="120.19507">
				<ele>-63.0</ele>
				<time>2019-09-17T13:09:34Z</time>
					<extensions>
						<ns3:TrackPointExtension>
							<ns3:speed>3.18</ns3:speed>
						</ns3:TrackPointExtension>
					</extensions>
			</trkpt>
			<trkpt lat="35.94845" lon="120.19511">
				<ele>-63.0</ele>
				<time>2019-09-17T13:09:35Z</time>
					<extensions>
						<ns3:TrackPointExtension>
							<ns3:speed>3.18</ns3:speed>
						</ns3:TrackPointExtension>
					</extensions>
			</trkpt>
			<trkpt lat="35.94846" lon="120.19514">
				<ele>-63.0</ele>
				<time>2019-09-17T13:09:36Z</time>
					<extensions>
						<ns3:TrackPointExtension>
							<ns3:speed>3.18</ns3:speed>
						</ns3:TrackPointExtension>
					</extensions>
			</trkpt>
			<trkpt lat="35.948467" lon="120.19515">
				<ele>-63.0</ele>
				<time>2019-09-17T13:09:37Z</time>
					<extensions>
						<ns3:TrackPointExtension>
							<ns3:speed>3.18</ns3:speed>
						</ns3:TrackPointExtension>
					</extensions>
			</trkpt>
			<trkpt lat="35.94848" lon="120.19518">
				<ele>-63.0</ele>
				<time>2019-09-17T13:09:38Z</time>
					<extensions>
						<ns3:TrackPointExtension>
							<ns3:speed>3.17</ns3:speed>
						</ns3:TrackPointExtension>
					</extensions>
			</trkpt>
			<trkpt lat="35.948486" lon="120.19521">
				<ele>-63.0</ele>
				<time>2019-09-17T13:09:38Z</time>
					<extensions>
						<ns3:TrackPointExtension>
							<ns3:speed>3.15</ns3:speed>
						</ns3:TrackPointExtension>
					</extensions>
			</trkpt>
			<trkpt lat="35.948498" lon="120.19526">
				<ele>-64.0</ele>
				<time>2019-09-17T13:09:39Z</time>
					<extensions>
						<ns3:TrackPointExtension>
							<ns3:speed>3.14</ns3:speed>
						</ns3:TrackPointExtension>
					</extensions>
			</trkpt>
			<trkpt lat="35.948505" lon="120.19529">
				<ele>-64.0</ele>
				<time>2019-09-17T13:09:40Z</time>
					<extensions>
						<ns3:TrackPointExtension>
							<ns3:speed>3.12</ns3:speed>
						</ns3:TrackPointExtension>
					</extensions>
			</trkpt>
			<trkpt lat="35.948517" lon="120.19532">
				<ele>-64.0</ele>
				<time>2019-09-17T13:09:41Z</time>
					<extensions>
						<ns3:TrackPointExtension>
							<ns3:speed>3.12</ns3:speed>
						</ns3:TrackPointExtension>
					</extensions>
			</trkpt>
			<trkpt lat="35.948524" lon="120.19535">
				<ele>-64.0</ele>
				<time>2019-09-17T13:09:42Z</time>
					<extensions>
						<ns3:TrackPointExtension>
							<ns3:speed>3.11</ns3:speed>
						</ns3:TrackPointExtension>
					</extensions>
			</trkpt>
			<trkpt lat="35.948532" lon="120.19538">
				<ele>-65.0</ele>
				<time>2019-09-17T13:09:43Z</time>
					<extensions>
						<ns3:TrackPointExtension>
							<ns3:speed>3.11</ns3:speed>
						</ns3:TrackPointExtension>
					</extensions>
			</trkpt>
			<trkpt lat="35.94854" lon="120.19542">
				<ele>-65.0</ele>
				<time>2019-09-17T13:09:44Z</time>
					<extensions>
						<ns3:TrackPointExtension>
							<ns3:speed>3.1</ns3:speed>
						</ns3:TrackPointExtension>
					</extensions>
			</trkpt>
			<trkpt lat="35.948547" lon="120.19544">
				<ele>-65.0</ele>
				<time>2019-09-17T13:09:45Z</time>
					<extensions>
						<ns3:TrackPointExtension>
							<ns3:speed>3.1</ns3:speed>
						</ns3:TrackPointExtension>
					</extensions>
			</trkpt>
			<trkpt lat="35.94856" lon="120.19548">
				<ele>-65.0</ele>
				<time>2019-09-17T13:09:46Z</time>
					<extensions>
						<ns3:TrackPointExtension>
							<ns3:speed>3.1</ns3:speed>
						</ns3:TrackPointExtension>
					</extensions>
			</trkpt>
			<trkpt lat="35.94857" lon="120.19551">
				<ele>-65.0</ele>
				<time>2019-09-17T13:09:47Z</time>
					<extensions>
						<ns3:TrackPointExtension>
							<ns3:speed>3.11</ns3:speed>
						</ns3:TrackPointExtension>
					</extensions>
			</trkpt>
			<trkpt lat="35.948578" lon="120.19554">
				<ele>-65.0</ele>
				<time>2019-09-17T13:09:48Z</time>
					<extensions>
						<ns3:TrackPointExtension>
							<ns3:speed>3.12</ns3:speed>
						</ns3:TrackPointExtension>
					</extensions>
			</trkpt>
			<trkpt lat="35.94859" lon="120.19557">
				<ele>-65.0</ele>
				<time>2019-09-17T13:09:49Z</time>
					<extensions>
						<ns3:TrackPointExtension>
							<ns3:speed>3.13</ns3:speed>
						</ns3:TrackPointExtension>
					</extensions>
			</trkpt>
			<trkpt lat="35.948597" lon="120.1956">
				<ele>-65.0</ele>
				<time>2019-09-17T13:09:50Z</time>
					<extensions>
						<ns3:TrackPointExtension>
							<ns3:speed>3.14</ns3:speed>
						</ns3:TrackPointExtension>
					</extensions>
			</trkpt>
			<trkpt lat="35.948612" lon="120.19563">
				<ele>-64.0</ele>
				<time>2019-09-17T13:09:51Z</time>
					<extensions>
						<ns3:TrackPointExtension>
							<ns3:speed>3.14</ns3:speed>
						</ns3:TrackPointExtension>
					</extensions>
			</trkpt>
			<trkpt lat="35.94862" lon="120.195656">
				<ele>-64.0</ele>
				<time>2019-09-17T13:09:52Z</time>
					<extensions>
						<ns3:TrackPointExtension>
							<ns3:speed>3.15</ns3:speed>
						</ns3:TrackPointExtension>
					</extensions>
			</trkpt>
			<trkpt lat="35.94863" lon="120.195694">
				<ele>-64.0</ele>
				<time>2019-09-17T13:09:53Z</time>
					<extensions>
						<ns3:TrackPointExtension>
							<ns3:speed>3.15</ns3:speed>
						</ns3:TrackPointExtension>
					</extensions>
			</trkpt>
			<trkpt lat="35.948647" lon="120.19574">
				<ele>-64.0</ele>
				<time>2019-09-17T13:09:54Z</time>
					<extensions>
						<ns3:TrackPointExtension>
							<ns3:speed>3.15</ns3:speed>
						</ns3:TrackPointExtension>
					</extensions>
			</trkpt>
			<trkpt lat="35.948658" lon="120.19577">
				<ele>-64.0</ele>
				<time>2019-09-17T13:09:55Z</time>
					<extensions>
						<ns3:TrackPointExtension>
							<ns3:speed>3.15</ns3:speed>
						</ns3:TrackPointExtension>
					</extensions>
			</trkpt>
			<trkpt lat="35.94867" lon="120.19581">
				<ele>-64.0</ele>
				<time>2019-09-17T13:09:56Z</time>
					<extensions>
						<ns3:TrackPointExtension>
							<ns3:speed>3.15</ns3:speed>
						</ns3:TrackPointExtension>
					</extensions>
			</trkpt>
			<trkpt lat="35.94868" lon="120.19584">
				<ele>-64.0</ele>
				<time>2019-09-17T13:09:57Z</time>
					<extensions>
						<ns3:TrackPointExtension>
							<ns3:speed>3.17</ns3:speed>
						</ns3:TrackPointExtension>
					</extensions>
			</trkpt>
			<trkpt lat="35.948692" lon="120.195885">
				<ele>-64.0</ele>
				<time>2019-09-17T13:09:58Z</time>
					<extensions>
						<ns3:TrackPointExtension>
							<ns3:speed>3.17</ns3:speed>
						</ns3:TrackPointExtension>
					</extensions>
			</trkpt>
			<trkpt lat="35.948704" lon="120.195915">
				<ele>-64.0</ele>
				<time>2019-09-17T13:09:59Z</time>
					<extensions>
						<ns3:TrackPointExtension>
							<ns3:speed>3.2</ns3:speed>
						</ns3:TrackPointExtension>
					</extensions>
			</trkpt>
			<trkpt lat="35.948715" lon="120.195946">
				<ele>-64.0</ele>
				<time>2019-09-17T13:10:00Z</time>
					<extensions>
						<ns3:TrackPointExtension>
							<ns3:speed>3.21</ns3:speed>
						</ns3:TrackPointExtension>
					</extensions>
			</trkpt>
			<trkpt lat="35.94873" lon="120.195984">
				<ele>-64.0</ele>
				<time>2019-09-17T13:10:01Z</time>
					<extensions>
						<ns3:TrackPointExtension>
							<ns3:speed>3.21</ns3:speed>
						</ns3:TrackPointExtension>
					</extensions>
			</trkpt>
			<trkpt lat="35.948742" lon="120.196014">
				<ele>-64.0</ele>
				<time>2019-09-17T13:10:02Z</time>
					<extensions>
						<ns3:TrackPointExtension>
							<ns3:speed>3.23</ns3:speed>
						</ns3:TrackPointExtension>
					</extensions>
			</trkpt>
			<trkpt lat="35.948757" lon="120.19605">
				<ele>-64.0</ele>
				<time>2019-09-17T13:10:03Z</time>
					<extensions>
						<ns3:TrackPointExtension>
							<ns3:speed>3.23</ns3:speed>
						</ns3:TrackPointExtension>
					</extensions>
			</trkpt>
			<trkpt lat="35.94877" lon="120.1961">
				<ele>-64.0</ele>
				<time>2019-09-17T13:10:04Z</time>
					<extensions>
						<ns3:TrackPointExtension>
							<ns3:speed>3.25</ns3:speed>
						</ns3:TrackPointExtension>
					</extensions>
			</trkpt>
			<trkpt lat="35.94878" lon="120.19613">
				<ele>-64.0</ele>
				<time>2019-09-17T13:10:05Z</time>
					<extensions>
						<ns3:TrackPointExtension>
							<ns3:speed>3.25</ns3:speed>
						</ns3:TrackPointExtension>
					</extensions>
			</trkpt>
			<trkpt lat="35.94879" lon="120.19617">
				<ele>-64.0</ele>
				<time>2019-09-17T13:10:06Z</time>
					<extensions>
						<ns3:TrackPointExtension>
							<ns3:speed>3.25</ns3:speed>
						</ns3:TrackPointExtension>
					</extensions>
			</trkpt>
			<trkpt lat="35.9488" lon="120.1962">
				<ele>-64.0</ele>
				<time>2019-09-17T13:10:07Z</time>
					<extensions>
						<ns3:TrackPointExtension>
							<ns3:speed>3.27</ns3:speed>
						</ns3:TrackPointExtension>
					</extensions>
			</trkpt>
			<trkpt lat="35.948807" lon="120.19623">
				<ele>-64.0</ele>
				<time>2019-09-17T13:10:08Z</time>
					<extensions>
						<ns3:TrackPointExtension>
							<ns3:speed>3.27</ns3:speed>
						</ns3:TrackPointExtension>
					</extensions>
			</trkpt>
			<trkpt lat="35.94882" lon="120.19627">
				<ele>-64.0</ele>
				<time>2019-09-17T13:10:09Z</time>
					<extensions>
						<ns3:TrackPointExtension>
							<ns3:speed>3.27</ns3:speed>
						</ns3:TrackPointExtension>
					</extensions>
			</trkpt>
			<trkpt lat="35.94883" lon="120.196304">
				<ele>-64.0</ele>
				<time>2019-09-17T13:10:10Z</time>
					<extensions>
						<ns3:TrackPointExtension>
							<ns3:speed>3.27</ns3:speed>
						</ns3:TrackPointExtension>
					</extensions>
			</trkpt>
			<trkpt lat="35.948837" lon="120.196335">
				<ele>-64.0</ele>
				<time>2019-09-17T13:10:11Z</time>
					<extensions>
						<ns3:TrackPointExtension>
							<ns3:speed>3.26</ns3:speed>
						</ns3:TrackPointExtension>
					</extensions>
			</trkpt>
			<trkpt lat="35.94884" lon="120.19635">
				<ele>-64.0</ele>
				<time>2019-09-17T13:10:12Z</time>
					<extensions>
						<ns3:TrackPointExtension>
							<ns3:speed>3.26</ns3:speed>
						</ns3:TrackPointExtension>
					</extensions>
			</trkpt>
			<trkpt lat="35.94885" lon="120.196396">
				<ele>-64.0</ele>
				<time>2019-09-17T13:10:13Z</time>
					<extensions>
						<ns3:TrackPointExtension>
							<ns3:speed>3.26</ns3:speed>
						</ns3:TrackPointExtension>
					</extensions>
			</trkpt>
			<trkpt lat="35.948853" lon="120.19641">
				<ele>-64.0</ele>
				<time>2019-09-17T13:10:14Z</time>
					<extensions>
						<ns3:TrackPointExtension>
							<ns3:speed>3.23</ns3:speed>
						</ns3:TrackPointExtension>
					</extensions>
			</trkpt>
			<trkpt lat="35.948856" lon="120.196434">
				<ele>-64.0</ele>
				<time>2019-09-17T13:10:15Z</time>
					<extensions>
						<ns3:TrackPointExtension>
							<ns3:speed>3.21</ns3:speed>
						</ns3:TrackPointExtension>
					</extensions>
			</trkpt>
			<trkpt lat="35.94886" lon="120.196465">
				<ele>-64.0</ele>
				<time>2019-09-17T13:10:16Z</time>
					<extensions>
						<ns3:TrackPointExtension>
							<ns3:speed>3.18</ns3:speed>
						</ns3:TrackPointExtension>
					</extensions>
			</trkpt>
			<trkpt lat="35.94886" lon="120.19647">
				<ele>-64.0</ele>
				<time>2019-09-17T13:10:17Z</time>
					<extensions>
						<ns3:TrackPointExtension>
							<ns3:speed>3.14</ns3:speed>
						</ns3:TrackPointExtension>
					</extensions>
			</trkpt>
			<trkpt lat="35.948864" lon="120.196495">
				<ele>-64.0</ele>
				<time>2019-09-17T13:10:18Z</time>
					<extensions>
						<ns3:TrackPointExtension>
							<ns3:speed>3.14</ns3:speed>
						</ns3:TrackPointExtension>
					</extensions>
			</trkpt>
			<trkpt lat="35.948864" lon="120.1965">
				<ele>-64.0</ele>
				<time>2019-09-17T13:10:19Z</time>
					<extensions>
						<ns3:TrackPointExtension>
							<ns3:speed>3.02</ns3:speed>
						</ns3:TrackPointExtension>
					</extensions>
			</trkpt>
			<trkpt lat="35.948868" lon="120.196526">
				<ele>-64.0</ele>
				<time>2019-09-17T13:10:20Z</time>
					<extensions>
						<ns3:TrackPointExtension>
							<ns3:speed>2.95</ns3:speed>
						</ns3:TrackPointExtension>
					</extensions>
			</trkpt>
			<trkpt lat="35.948868" lon="120.19653">
				<ele>-64.0</ele>
				<time>2019-09-17T13:10:21Z</time>
					<extensions>
						<ns3:TrackPointExtension>
							<ns3:speed>2.89</ns3:speed>
						</ns3:TrackPointExtension>
					</extensions>
			</trkpt>
			<trkpt lat="35.94887" lon="120.196556">
				<ele>-64.0</ele>
				<time>2019-09-17T13:10:22Z</time>
					<extensions>
						<ns3:TrackPointExtension>
							<ns3:speed>2.82</ns3:speed>
						</ns3:TrackPointExtension>
					</extensions>
			</trkpt>
			<trkpt lat="35.948875" lon="120.19656">
				<ele>-64.0</ele>
				<time>2019-09-17T13:10:23Z</time>
					<extensions>
						<ns3:TrackPointExtension>
							<ns3:speed>2.82</ns3:speed>
						</ns3:TrackPointExtension>
					</extensions>
			</trkpt>
			<trkpt lat="35.948875" lon="120.19659">
				<ele>-64.0</ele>
				<time>2019-09-17T13:10:24Z</time>
					<extensions>
						<ns3:TrackPointExtension>
							<ns3:speed>2.69</ns3:speed>
						</ns3:TrackPointExtension>
					</extensions>
			</trkpt>
			<trkpt lat="35.94888" lon="120.196594">
				<ele>-64.0</ele>
				<time>2019-09-17T13:10:25Z</time>
					<extensions>
						<ns3:TrackPointExtension>
							<ns3:speed>2.63</ns3:speed>
						</ns3:TrackPointExtension>
					</extensions>
			</trkpt>
			<trkpt lat="35.948883" lon="120.19662">
				<ele>-64.0</ele>
				<time>2019-09-17T13:10:26Z</time>
					<extensions>
						<ns3:TrackPointExtension>
							<ns3:speed>2.58</ns3:speed>
						</ns3:TrackPointExtension>
					</extensions>
			</trkpt>
			<trkpt lat="35.948887" lon="120.19664">
				<ele>-64.0</ele>
				<time>2019-09-17T13:10:27Z</time>
					<extensions>
						<ns3:TrackPointExtension>
							<ns3:speed>2.53</ns3:speed>
						</ns3:TrackPointExtension>
					</extensions>
			</trkpt>
			<trkpt lat="35.94889" lon="120.19666">
				<ele>-64.0</ele>
				<time>2019-09-17T13:10:28Z</time>
					<extensions>
						<ns3:TrackPointExtension>
							<ns3:speed>2.53</ns3:speed>
						</ns3:TrackPointExtension>
					</extensions>
			</trkpt>
			<trkpt lat="35.948895" lon="120.19668">
				<ele>-64.0</ele>
				<time>2019-09-17T13:10:29Z</time>
					<extensions>
						<ns3:TrackPointExtension>
							<ns3:speed>2.45</ns3:speed>
						</ns3:TrackPointExtension>
					</extensions>
			</trkpt>
			<trkpt lat="35.9489" lon="120.1967">
				<ele>-64.0</ele>
				<time>2019-09-17T13:10:30Z</time>
					<extensions>
						<ns3:TrackPointExtension>
							<ns3:speed>2.45</ns3:speed>
						</ns3:TrackPointExtension>
					</extensions>
			</trkpt>
			<trkpt lat="35.948902" lon="120.19671">
				<ele>-64.0</ele>
				<time>2019-09-17T13:10:31Z</time>
					<extensions>
						<ns3:TrackPointExtension>
							<ns3:speed>2.39</ns3:speed>
						</ns3:TrackPointExtension>
					</extensions>
			</trkpt>
			<trkpt lat="35.948906" lon="120.19674">
				<ele>-65.0</ele>
				<time>2019-09-17T13:10:32Z</time>
					<extensions>
						<ns3:TrackPointExtension>
							<ns3:speed>2.36</ns3:speed>
						</ns3:TrackPointExtension>
					</extensions>
			</trkpt>
			<trkpt lat="35.948914" lon="120.19676">
				<ele>-65.0</ele>
				<time>2019-09-17T13:10:33Z</time>
					<extensions>
						<ns3:TrackPointExtension>
							<ns3:speed>2.36</ns3:speed>
						</ns3:TrackPointExtension>
					</extensions>
			</trkpt>
			<trkpt lat="35.94892" lon="120.19679">
				<ele>-65.0</ele>
				<time>2019-09-17T13:10:34Z</time>
					<extensions>
						<ns3:TrackPointExtension>
							<ns3:speed>2.35</ns3:speed>
						</ns3:TrackPointExtension>
					</extensions>
			</trkpt>
			<trkpt lat="35.94893" lon="120.19682">
				<ele>-65.0</ele>
				<time>2019-09-17T13:10:35Z</time>
					<extensions>
						<ns3:TrackPointExtension>
							<ns3:speed>2.35</ns3:speed>
						</ns3:TrackPointExtension>
					</extensions>
			</trkpt>
			<trkpt lat="35.948936" lon="120.196846">
				<ele>-65.0</ele>
				<time>2019-09-17T13:10:36Z</time>
					<extensions>
						<ns3:TrackPointExtension>
							<ns3:speed>2.36</ns3:speed>
						</ns3:TrackPointExtension>
					</extensions>
			</trkpt>
			<trkpt lat="35.948944" lon="120.19688">
				<ele>-65.0</ele>
				<time>2019-09-17T13:10:37Z</time>
					<extensions>
						<ns3:TrackPointExtension>
							<ns3:speed>2.38</ns3:speed>
						</ns3:TrackPointExtension>
					</extensions>
			</trkpt>
			<trkpt lat="35.94895" lon="120.19689">
				<ele>-65.0</ele>
				<time>2019-09-17T13:10:38Z</time>
					<extensions>
						<ns3:TrackPointExtension>
							<ns3:speed>2.38</ns3:speed>
						</ns3:TrackPointExtension>
					</extensions>
			</trkpt>
			<trkpt lat="35.94896" lon="120.19692">
				<ele>-64.0</ele>
				<time>2019-09-17T13:10:39Z</time>
					<extensions>
						<ns3:TrackPointExtension>
							<ns3:speed>2.4</ns3:speed>
						</ns3:TrackPointExtension>
					</extensions>
			</trkpt>
			<trkpt lat="35.948967" lon="120.196945">
				<ele>-64.0</ele>
				<time>2019-09-17T13:10:40Z</time>
					<extensions>
						<ns3:TrackPointExtension>
							<ns3:speed>2.4</ns3:speed>
						</ns3:TrackPointExtension>
					</extensions>
			</trkpt>
			<trkpt lat="35.94898" lon="120.196976">
				<ele>-64.0</ele>
				<time>2019-09-17T13:10:41Z</time>
					<extensions>
						<ns3:TrackPointExtension>
							<ns3:speed>2.43</ns3:speed>
						</ns3:TrackPointExtension>
					</extensions>
			</trkpt>
			<trkpt lat="35.948986" lon="120.19701">
				<ele>-64.0</ele>
				<time>2019-09-17T13:10:42Z</time>
					<extensions>
						<ns3:TrackPointExtension>
							<ns3:speed>2.44</ns3:speed>
						</ns3:TrackPointExtension>
					</extensions>
			</trkpt>
			<trkpt lat="35.948994" lon="120.19704">
				<ele>-64.0</ele>
				<time>2019-09-17T13:10:43Z</time>
					<extensions>
						<ns3:TrackPointExtension>
							<ns3:speed>2.46</ns3:speed>
						</ns3:TrackPointExtension>
					</extensions>
			</trkpt>
			<trkpt lat="35.94901" lon="120.19707">
				<ele>-64.0</ele>
				<time>2019-09-17T13:10:44Z</time>
					<extensions>
						<ns3:TrackPointExtension>
							<ns3:speed>2.48</ns3:speed>
						</ns3:TrackPointExtension>
					</extensions>
			</trkpt>
			<trkpt lat="35.94902" lon="120.1971">
				<ele>-64.0</ele>
				<time>2019-09-17T13:10:45Z</time>
					<extensions>
						<ns3:TrackPointExtension>
							<ns3:speed>2.48</ns3:speed>
						</ns3:TrackPointExtension>
					</extensions>
			</trkpt>
			<trkpt lat="35.94903" lon="120.19713">
				<ele>-64.0</ele>
				<time>2019-09-17T13:10:46Z</time>
					<extensions>
						<ns3:TrackPointExtension>
							<ns3:speed>2.51</ns3:speed>
						</ns3:TrackPointExtension>
					</extensions>
			</trkpt>
			<trkpt lat="35.94904" lon="120.19715">
				<ele>-64.0</ele>
				<time>2019-09-17T13:10:47Z</time>
					<extensions>
						<ns3:TrackPointExtension>
							<ns3:speed>2.51</ns3:speed>
						</ns3:TrackPointExtension>
					</extensions>
			</trkpt>
			<trkpt lat="35.94905" lon="120.19718">
				<ele>-64.0</ele>
				<time>2019-09-17T13:10:48Z</time>
					<extensions>
						<ns3:TrackPointExtension>
							<ns3:speed>2.55</ns3:speed>
						</ns3:TrackPointExtension>
					</extensions>
			</trkpt>
			<trkpt lat="35.949066" lon="120.19721">
				<ele>-64.0</ele>
				<time>2019-09-17T13:10:49Z</time>
					<extensions>
						<ns3:TrackPointExtension>
							<ns3:speed>2.56</ns3:speed>
						</ns3:TrackPointExtension>
					</extensions>
			</trkpt>
			<trkpt lat="35.949078" lon="120.197235">
				<ele>-64.0</ele>
				<time>2019-09-17T13:10:50Z</time>
					<extensions>
						<ns3:TrackPointExtension>
							<ns3:speed>2.57</ns3:speed>
						</ns3:TrackPointExtension>
					</extensions>
			</trkpt>
			<trkpt lat="35.949093" lon="120.197266">
				<ele>-64.0</ele>
				<time>2019-09-17T13:10:51Z</time>
					<extensions>
						<ns3:TrackPointExtension>
							<ns3:speed>2.59</ns3:speed>
						</ns3:TrackPointExtension>
					</extensions>
			</trkpt>
			<trkpt lat="35.94911" lon="120.197296">
				<ele>-64.0</ele>
				<time>2019-09-17T13:10:52Z</time>
					<extensions>
						<ns3:TrackPointExtension>
							<ns3:speed>2.59</ns3:speed>
						</ns3:TrackPointExtension>
					</extensions>
			</trkpt>
			<trkpt lat="35.949123" lon="120.197334">
				<ele>-64.0</ele>
				<time>2019-09-17T13:10:53Z</time>
					<extensions>
						<ns3:TrackPointExtension>
							<ns3:speed>2.63</ns3:speed>
						</ns3:TrackPointExtension>
					</extensions>
			</trkpt>
			<trkpt lat="35.94914" lon="120.197365">
				<ele>-64.0</ele>
				<time>2019-09-17T13:10:54Z</time>
					<extensions>
						<ns3:TrackPointExtension>
							<ns3:speed>2.65</ns3:speed>
						</ns3:TrackPointExtension>
					</extensions>
			</trkpt>
			<trkpt lat="35.949154" lon="120.197395">
				<ele>-64.0</ele>
				<time>2019-09-17T13:10:55Z</time>
					<extensions>
						<ns3:TrackPointExtension>
							<ns3:speed>2.68</ns3:speed>
						</ns3:TrackPointExtension>
					</extensions>
			</trkpt>
			<trkpt lat="35.949165" lon="120.19742">
				<ele>-64.0</ele>
				<time>2019-09-17T13:10:56Z</time>
					<extensions>
						<ns3:TrackPointExtension>
							<ns3:speed>2.71</ns3:speed>
						</ns3:TrackPointExtension>
					</extensions>
			</trkpt>
			<trkpt lat="35.94918" lon="120.19745">
				<ele>-64.0</ele>
				<time>2019-09-17T13:10:57Z</time>
					<extensions>
						<ns3:TrackPointExtension>
							<ns3:speed>2.71</ns3:speed>
						</ns3:TrackPointExtension>
					</extensions>
			</trkpt>
			<trkpt lat="35.949196" lon="120.19748">
				<ele>-64.0</ele>
				<time>2019-09-17T13:10:58Z</time>
					<extensions>
						<ns3:TrackPointExtension>
							<ns3:speed>2.73</ns3:speed>
						</ns3:TrackPointExtension>
					</extensions>
			</trkpt>
			<trkpt lat="35.949207" lon="120.19751">
				<ele>-64.0</ele>
				<time>2019-09-17T13:10:59Z</time>
					<extensions>
						<ns3:TrackPointExtension>
							<ns3:speed>2.74</ns3:speed>
						</ns3:TrackPointExtension>
					</extensions>
			</trkpt>
			<trkpt lat="35.94922" lon="120.19753">
				<ele>-64.0</ele>
				<time>2019-09-17T13:11:00Z</time>
					<extensions>
						<ns3:TrackPointExtension>
							<ns3:speed>2.74</ns3:speed>
						</ns3:TrackPointExtension>
					</extensions>
			</trkpt>
			<trkpt lat="35.949226" lon="120.19756">
				<ele>-64.0</ele>
				<time>2019-09-17T13:11:01Z</time>
					<extensions>
						<ns3:TrackPointExtension>
							<ns3:speed>2.73</ns3:speed>
						</ns3:TrackPointExtension>
					</extensions>
			</trkpt>
			<trkpt lat="35.949238" lon="120.19759">
				<ele>-64.0</ele>
				<time>2019-09-17T13:11:02Z</time>
					<extensions>
						<ns3:TrackPointExtension>
							<ns3:speed>2.73</ns3:speed>
						</ns3:TrackPointExtension>
					</extensions>
			</trkpt>
			<trkpt lat="35.949245" lon="120.19761">
				<ele>-64.0</ele>
				<time>2019-09-17T13:11:03Z</time>
					<extensions>
						<ns3:TrackPointExtension>
							<ns3:speed>2.72</ns3:speed>
						</ns3:TrackPointExtension>
					</extensions>
			</trkpt>
			<trkpt lat="35.949257" lon="120.19764">
				<ele>-64.0</ele>
				<time>2019-09-17T13:11:04Z</time>
					<extensions>
						<ns3:TrackPointExtension>
							<ns3:speed>2.72</ns3:speed>
						</ns3:TrackPointExtension>
					</extensions>
			</trkpt>
			<trkpt lat="35.949265" lon="120.19767">
				<ele>-64.0</ele>
				<time>2019-09-17T13:11:05Z</time>
					<extensions>
						<ns3:TrackPointExtension>
							<ns3:speed>2.7</ns3:speed>
						</ns3:TrackPointExtension>
					</extensions>
			</trkpt>
			<trkpt lat="35.94927" lon="120.19769">
				<ele>-64.0</ele>
				<time>2019-09-17T13:11:06Z</time>
					<extensions>
						<ns3:TrackPointExtension>
							<ns3:speed>2.69</ns3:speed>
						</ns3:TrackPointExtension>
					</extensions>
			</trkpt>
			<trkpt lat="35.949276" lon="120.19772">
				<ele>-64.0</ele>
				<time>2019-09-17T13:11:07Z</time>
					<extensions>
						<ns3:TrackPointExtension>
							<ns3:speed>2.68</ns3:speed>
						</ns3:TrackPointExtension>
					</extensions>
			</trkpt>
			<trkpt lat="35.949284" lon="120.19775">
				<ele>-64.0</ele>
				<time>2019-09-17T13:11:08Z</time>
					<extensions>
						<ns3:TrackPointExtension>
							<ns3:speed>2.68</ns3:speed>
						</ns3:TrackPointExtension>
					</extensions>
			</trkpt>
			<trkpt lat="35.949287" lon="120.19778">
				<ele>-64.0</ele>
				<time>2019-09-17T13:11:09Z</time>
					<extensions>
						<ns3:TrackPointExtension>
							<ns3:speed>2.68</ns3:speed>
						</ns3:TrackPointExtension>
					</extensions>
			</trkpt>
			<trkpt lat="35.949295" lon="120.19779">
				<ele>-64.0</ele>
				<time>2019-09-17T13:11:10Z</time>
					<extensions>
						<ns3:TrackPointExtension>
							<ns3:speed>2.65</ns3:speed>
						</ns3:TrackPointExtension>
					</extensions>
			</trkpt>
			<trkpt lat="35.9493" lon="120.197815">
				<ele>-63.0</ele>
				<time>2019-09-17T13:11:11Z</time>
					<extensions>
						<ns3:TrackPointExtension>
							<ns3:speed>2.65</ns3:speed>
						</ns3:TrackPointExtension>
					</extensions>
			</trkpt>
			<trkpt lat="35.949303" lon="120.197845">
				<ele>-63.0</ele>
				<time>2019-09-17T13:11:12Z</time>
					<extensions>
						<ns3:TrackPointExtension>
							<ns3:speed>2.61</ns3:speed>
						</ns3:TrackPointExtension>
					</extensions>
			</trkpt>
			<trkpt lat="35.949306" lon="120.19787">
				<ele>-63.0</ele>
				<time>2019-09-17T13:11:13Z</time>
					<extensions>
						<ns3:TrackPointExtension>
							<ns3:speed>2.6</ns3:speed>
						</ns3:TrackPointExtension>
					</extensions>
			</trkpt>
			<trkpt lat="35.949314" lon="120.1979">
				<ele>-63.0</ele>
				<time>2019-09-17T13:11:14Z</time>
					<extensions>
						<ns3:TrackPointExtension>
							<ns3:speed>2.59</ns3:speed>
						</ns3:TrackPointExtension>
					</extensions>
			</trkpt>
			<trkpt lat="35.949318" lon="120.19793">
				<ele>-63.0</ele>
				<time>2019-09-17T13:11:15Z</time>
					<extensions>
						<ns3:TrackPointExtension>
							<ns3:speed>2.58</ns3:speed>
						</ns3:TrackPointExtension>
					</extensions>
			</trkpt>
			<trkpt lat="35.949326" lon="120.19795">
				<ele>-63.0</ele>
				<time>2019-09-17T13:11:16Z</time>
					<extensions>
						<ns3:TrackPointExtension>
							<ns3:speed>2.58</ns3:speed>
						</ns3:TrackPointExtension>
					</extensions>
			</trkpt>
			<trkpt lat="35.949333" lon="120.19798">
				<ele>-63.0</ele>
				<time>2019-09-17T13:11:17Z</time>
					<extensions>
						<ns3:TrackPointExtension>
							<ns3:speed>2.58</ns3:speed>
						</ns3:TrackPointExtension>
					</extensions>
			</trkpt>
			<trkpt lat="35.94934" lon="120.19801">
				<ele>-63.0</ele>
				<time>2019-09-17T13:11:18Z</time>
					<extensions>
						<ns3:TrackPointExtension>
							<ns3:speed>2.59</ns3:speed>
						</ns3:TrackPointExtension>
					</extensions>
			</trkpt>
			<trkpt lat="35.949352" lon="120.19805">
				<ele>-63.0</ele>
				<time>2019-09-17T13:11:19Z</time>
					<extensions>
						<ns3:TrackPointExtension>
							<ns3:speed>2.6</ns3:speed>
						</ns3:TrackPointExtension>
					</extensions>
			</trkpt>
			<trkpt lat="35.949356" lon="120.198074">
				<ele>-63.0</ele>
				<time>2019-09-17T13:11:20Z</time>
					<extensions>
						<ns3:TrackPointExtension>
							<ns3:speed>2.61</ns3:speed>
						</ns3:TrackPointExtension>
					</extensions>
			</trkpt>
			<trkpt lat="35.94936" lon="120.198105">
				<ele>-63.0</ele>
				<time>2019-09-17T13:11:21Z</time>
					<extensions>
						<ns3:TrackPointExtension>
							<ns3:speed>2.61</ns3:speed>
						</ns3:TrackPointExtension>
					</extensions>
			</trkpt>
			<trkpt lat="35.949368" lon="120.198135">
				<ele>-63.0</ele>
				<time>2019-09-17T13:11:22Z</time>
					<extensions>
						<ns3:TrackPointExtension>
							<ns3:speed>2.63</ns3:speed>
						</ns3:TrackPointExtension>
					</extensions>
			</trkpt>
			<trkpt lat="35.94938" lon="120.198166">
				<ele>-63.0</ele>
				<time>2019-09-17T13:11:23Z</time>
					<extensions>
						<ns3:TrackPointExtension>
							<ns3:speed>2.63</ns3:speed>
						</ns3:TrackPointExtension>
					</extensions>
			</trkpt>
			<trkpt lat="35.949387" lon="120.1982">
				<ele>-63.0</ele>
				<time>2019-09-17T13:11:24Z</time>
					<extensions>
						<ns3:TrackPointExtension>
							<ns3:speed>2.66</ns3:speed>
						</ns3:TrackPointExtension>
					</extensions>
			</trkpt>
			<trkpt lat="35.94939" lon="120.19823">
				<ele>-63.0</ele>
				<time>2019-09-17T13:11:25Z</time>
					<extensions>
						<ns3:TrackPointExtension>
							<ns3:speed>2.67</ns3:speed>
						</ns3:TrackPointExtension>
					</extensions>
			</trkpt>
			<trkpt lat="35.949398" lon="120.19826">
				<ele>-63.0</ele>
				<time>2019-09-17T13:11:26Z</time>
					<extensions>
						<ns3:TrackPointExtension>
							<ns3:speed>2.67</ns3:speed>
						</ns3:TrackPointExtension>
					</extensions>
			</trkpt>
			<trkpt lat="35.94941" lon="120.19829">
				<ele>-63.0</ele>
				<time>2019-09-17T13:11:27Z</time>
					<extensions>
						<ns3:TrackPointExtension>
							<ns3:speed>2.71</ns3:speed>
						</ns3:TrackPointExtension>
					</extensions>
			</trkpt>
			<trkpt lat="35.949417" lon="120.19832">
				<ele>-63.0</ele>
				<time>2019-09-17T13:11:28Z</time>
					<extensions>
						<ns3:TrackPointExtension>
							<ns3:speed>2.71</ns3:speed>
						</ns3:TrackPointExtension>
					</extensions>
			</trkpt>
			<trkpt lat="35.94943" lon="120.19836">
				<ele>-63.0</ele>
				<time>2019-09-17T13:11:29Z</time>
					<extensions>
						<ns3:TrackPointExtension>
							<ns3:speed>2.73</ns3:speed>
						</ns3:TrackPointExtension>
					</extensions>
			</trkpt>
			<trkpt lat="35.949436" lon="120.19839">
				<ele>-63.0</ele>
				<time>2019-09-17T13:11:30Z</time>
					<extensions>
						<ns3:TrackPointExtension>
							<ns3:speed>2.76</ns3:speed>
						</ns3:TrackPointExtension>
					</extensions>
			</trkpt>
			<trkpt lat="35.949444" lon="120.19842">
				<ele>-63.0</ele>
				<time>2019-09-17T13:11:31Z</time>
					<extensions>
						<ns3:TrackPointExtension>
							<ns3:speed>2.78</ns3:speed>
						</ns3:TrackPointExtension>
					</extensions>
			</trkpt>
			<trkpt lat="35.94945" lon="120.19845">
				<ele>-63.0</ele>
				<time>2019-09-17T13:11:32Z</time>
					<extensions>
						<ns3:TrackPointExtension>
							<ns3:speed>2.8</ns3:speed>
						</ns3:TrackPointExtension>
					</extensions>
			</trkpt>
			<trkpt lat="35.94946" lon="120.19848">
				<ele>-63.0</ele>
				<time>2019-09-17T13:11:33Z</time>
					<extensions>
						<ns3:TrackPointExtension>
							<ns3:speed>2.8</ns3:speed>
						</ns3:TrackPointExtension>
					</extensions>
			</trkpt>
			<trkpt lat="35.949467" lon="120.19851">
				<ele>-63.0</ele>
				<time>2019-09-17T13:11:34Z</time>
					<extensions>
						<ns3:TrackPointExtension>
							<ns3:speed>2.82</ns3:speed>
						</ns3:TrackPointExtension>
					</extensions>
			</trkpt>
			<trkpt lat="35.949474" lon="120.19854">
				<ele>-63.0</ele>
				<time>2019-09-17T13:11:35Z</time>
					<extensions>
						<ns3:TrackPointExtension>
							<ns3:speed>2.83</ns3:speed>
						</ns3:TrackPointExtension>
					</extensions>
			</trkpt>
			<trkpt lat="35.949482" lon="120.19858">
				<ele>-63.0</ele>
				<time>2019-09-17T13:11:36Z</time>
					<extensions>
						<ns3:TrackPointExtension>
							<ns3:speed>2.84</ns3:speed>
						</ns3:TrackPointExtension>
					</extensions>
			</trkpt>
			<trkpt lat="35.949493" lon="120.19861">
				<ele>-63.0</ele>
				<time>2019-09-17T13:11:37Z</time>
					<extensions>
						<ns3:TrackPointExtension>
							<ns3:speed>2.84</ns3:speed>
						</ns3:TrackPointExtension>
					</extensions>
			</trkpt>
			<trkpt lat="35.949505" lon="120.19864">
				<ele>-63.0</ele>
				<time>2019-09-17T13:11:38Z</time>
					<extensions>
						<ns3:TrackPointExtension>
							<ns3:speed>2.84</ns3:speed>
						</ns3:TrackPointExtension>
					</extensions>
			</trkpt>
			<trkpt lat="35.949512" lon="120.19867">
				<ele>-63.0</ele>
				<time>2019-09-17T13:11:39Z</time>
					<extensions>
						<ns3:TrackPointExtension>
							<ns3:speed>2.88</ns3:speed>
						</ns3:TrackPointExtension>
					</extensions>
			</trkpt>
			<trkpt lat="35.949524" lon="120.1987">
				<ele>-63.0</ele>
				<time>2019-09-17T13:11:40Z</time>
					<extensions>
						<ns3:TrackPointExtension>
							<ns3:speed>2.89</ns3:speed>
						</ns3:TrackPointExtension>
					</extensions>
			</trkpt>
			<trkpt lat="35.94954" lon="120.19873">
				<ele>-63.0</ele>
				<time>2019-09-17T13:11:41Z</time>
					<extensions>
						<ns3:TrackPointExtension>
							<ns3:speed>2.9</ns3:speed>
						</ns3:TrackPointExtension>
					</extensions>
			</trkpt>
			<trkpt lat="35.94955" lon="120.19876">
				<ele>-63.0</ele>
				<time>2019-09-17T13:11:42Z</time>
					<extensions>
						<ns3:TrackPointExtension>
							<ns3:speed>2.91</ns3:speed>
						</ns3:TrackPointExtension>
					</extensions>
			</trkpt>
			<trkpt lat="35.949562" lon="120.1988">
				<ele>-63.0</ele>
				<time>2019-09-17T13:11:43Z</time>
					<extensions>
						<ns3:TrackPointExtension>
							<ns3:speed>2.91</ns3:speed>
						</ns3:TrackPointExtension>
					</extensions>
			</trkpt>
			<trkpt lat="35.949577" lon="120.19883">
				<ele>-63.0</ele>
				<time>2019-09-17T13:11:44Z</time>
					<extensions>
						<ns3:TrackPointExtension>
							<ns3:speed>2.94</ns3:speed>
						</ns3:TrackPointExtension>
					</extensions>
			</trkpt>
			<trkpt lat="35.94959" lon="120.19886">
				<ele>-63.0</ele>
				<time>2019-09-17T13:11:45Z</time>
					<extensions>
						<ns3:TrackPointExtension>
							<ns3:speed>2.95</ns3:speed>
						</ns3:TrackPointExtension>
					</extensions>
			</trkpt>
			<trkpt lat="35.9496" lon="120.19889">
				<ele>-63.0</ele>
				<time>2019-09-17T13:11:46Z</time>
					<extensions>
						<ns3:TrackPointExtension>
							<ns3:speed>2.96</ns3:speed>
						</ns3:TrackPointExtension>
					</extensions>
			</trkpt>
			<trkpt lat="35.94961" lon="120.19892">
				<ele>-63.0</ele>
				<time>2019-09-17T13:11:47Z</time>
					<extensions>
						<ns3:TrackPointExtension>
							<ns3:speed>2.98</ns3:speed>
						</ns3:TrackPointExtension>
					</extensions>
			</trkpt>
			<trkpt lat="35.949623" lon="120.19897">
				<ele>-63.0</ele>
				<time>2019-09-17T13:11:48Z</time>
					<extensions>
						<ns3:TrackPointExtension>
							<ns3:speed>2.98</ns3:speed>
						</ns3:TrackPointExtension>
					</extensions>
			</trkpt>
			<trkpt lat="35.94964" lon="120.199">
				<ele>-63.0</ele>
				<time>2019-09-17T13:11:49Z</time>
					<extensions>
						<ns3:TrackPointExtension>
							<ns3:speed>3.01</ns3:speed>
						</ns3:TrackPointExtension>
					</extensions>
			</trkpt>
			<trkpt lat="35.94965" lon="120.19903">
				<ele>-63.0</ele>
				<time>2019-09-17T13:11:50Z</time>
					<extensions>
						<ns3:TrackPointExtension>
							<ns3:speed>3.01</ns3:speed>
						</ns3:TrackPointExtension>
					</extensions>
			</trkpt>
			<trkpt lat="35.949665" lon="120.19906">
				<ele>-63.0</ele>
				<time>2019-09-17T13:11:51Z</time>
					<extensions>
						<ns3:TrackPointExtension>
							<ns3:speed>3.03</ns3:speed>
						</ns3:TrackPointExtension>
					</extensions>
			</trkpt>
			<trkpt lat="35.949677" lon="120.1991">
				<ele>-63.0</ele>
				<time>2019-09-17T13:11:52Z</time>
					<extensions>
						<ns3:TrackPointExtension>
							<ns3:speed>3.03</ns3:speed>
						</ns3:TrackPointExtension>
					</extensions>
			</trkpt>
			<trkpt lat="35.94969" lon="120.19913">
				<ele>-63.0</ele>
				<time>2019-09-17T13:11:53Z</time>
					<extensions>
						<ns3:TrackPointExtension>
							<ns3:speed>3.03</ns3:speed>
						</ns3:TrackPointExtension>
					</extensions>
			</trkpt>
			<trkpt lat="35.949707" lon="120.19916">
				<ele>-63.0</ele>
				<time>2019-09-17T13:11:54Z</time>
					<extensions>
						<ns3:TrackPointExtension>
							<ns3:speed>3.07</ns3:speed>
						</ns3:TrackPointExtension>
					</extensions>
			</trkpt>
			<trkpt lat="35.94972" lon="120.199196">
				<ele>-63.0</ele>
				<time>2019-09-17T13:11:55Z</time>
					<extensions>
						<ns3:TrackPointExtension>
							<ns3:speed>3.07</ns3:speed>
						</ns3:TrackPointExtension>
					</extensions>
			</trkpt>
			<trkpt lat="35.949734" lon="120.19923">
				<ele>-63.0</ele>
				<time>2019-09-17T13:11:56Z</time>
					<extensions>
						<ns3:TrackPointExtension>
							<ns3:speed>3.1</ns3:speed>
						</ns3:TrackPointExtension>
					</extensions>
			</trkpt>
			<trkpt lat="35.949745" lon="120.19926">
				<ele>-63.0</ele>
				<time>2019-09-17T13:11:57Z</time>
					<extensions>
						<ns3:TrackPointExtension>
							<ns3:speed>3.12</ns3:speed>
						</ns3:TrackPointExtension>
					</extensions>
			</trkpt>
			<trkpt lat="35.949757" lon="120.19929">
				<ele>-63.0</ele>
				<time>2019-09-17T13:11:58Z</time>
					<extensions>
						<ns3:TrackPointExtension>
							<ns3:speed>3.12</ns3:speed>
						</ns3:TrackPointExtension>
					</extensions>
			</trkpt>
			<trkpt lat="35.949768" lon="120.19932">
				<ele>-63.0</ele>
				<time>2019-09-17T13:11:59Z</time>
					<extensions>
						<ns3:TrackPointExtension>
							<ns3:speed>3.13</ns3:speed>
						</ns3:TrackPointExtension>
					</extensions>
			</trkpt>
			<trkpt lat="35.94978" lon="120.199356">
				<ele>-63.0</ele>
				<time>2019-09-17T13:12:00Z</time>
					<extensions>
						<ns3:TrackPointExtension>
							<ns3:speed>3.13</ns3:speed>
						</ns3:TrackPointExtension>
					</extensions>
			</trkpt>
			<trkpt lat="35.94979" lon="120.19937">
				<ele>-63.0</ele>
				<time>2019-09-17T13:12:01Z</time>
					<extensions>
						<ns3:TrackPointExtension>
							<ns3:speed>3.13</ns3:speed>
						</ns3:TrackPointExtension>
					</extensions>
			</trkpt>
			<trkpt lat="35.949806" lon="120.1994">
				<ele>-63.0</ele>
				<time>2019-09-17T13:12:02Z</time>
					<extensions>
						<ns3:TrackPointExtension>
							<ns3:speed>3.12</ns3:speed>
						</ns3:TrackPointExtension>
					</extensions>
			</trkpt>
			<trkpt lat="35.94982" lon="120.19945">
				<ele>-63.0</ele>
				<time>2019-09-17T13:12:03Z</time>
					<extensions>
						<ns3:TrackPointExtension>
							<ns3:speed>3.12</ns3:speed>
						</ns3:TrackPointExtension>
					</extensions>
			</trkpt>
			<trkpt lat="35.949833" lon="120.19946">
				<ele>-63.0</ele>
				<time>2019-09-17T13:12:04Z</time>
					<extensions>
						<ns3:TrackPointExtension>
							<ns3:speed>3.12</ns3:speed>
						</ns3:TrackPointExtension>
					</extensions>
			</trkpt>
			<trkpt lat="35.949844" lon="120.19949">
				<ele>-63.0</ele>
				<time>2019-09-17T13:12:05Z</time>
					<extensions>
						<ns3:TrackPointExtension>
							<ns3:speed>3.12</ns3:speed>
						</ns3:TrackPointExtension>
					</extensions>
			</trkpt>
			<trkpt lat="35.94986" lon="120.199524">
				<ele>-63.0</ele>
				<time>2019-09-17T13:12:06Z</time>
					<extensions>
						<ns3:TrackPointExtension>
							<ns3:speed>3.12</ns3:speed>
						</ns3:TrackPointExtension>
					</extensions>
			</trkpt>
			<trkpt lat="35.949875" lon="120.19957">
				<ele>-63.0</ele>
				<time>2019-09-17T13:12:07Z</time>
					<extensions>
						<ns3:TrackPointExtension>
							<ns3:speed>3.13</ns3:speed>
						</ns3:TrackPointExtension>
					</extensions>
			</trkpt>
			<trkpt lat="35.94989" lon="120.1996">
				<ele>-63.0</ele>
				<time>2019-09-17T13:12:08Z</time>
					<extensions>
						<ns3:TrackPointExtension>
							<ns3:speed>3.13</ns3:speed>
						</ns3:TrackPointExtension>
					</extensions>
			</trkpt>
			<trkpt lat="35.9499" lon="120.199615">
				<ele>-63.0</ele>
				<time>2019-09-17T13:12:09Z</time>
					<extensions>
						<ns3:TrackPointExtension>
							<ns3:speed>3.13</ns3:speed>
						</ns3:TrackPointExtension>
					</extensions>
			</trkpt>
			<trkpt lat="35.949917" lon="120.19966">
				<ele>-63.0</ele>
				<time>2019-09-17T13:12:10Z</time>
					<extensions>
						<ns3:TrackPointExtension>
							<ns3:speed>3.13</ns3:speed>
						</ns3:TrackPointExtension>
					</extensions>
			</trkpt>
			<trkpt lat="35.949932" lon="120.19969">
				<ele>-63.0</ele>
				<time>2019-09-17T13:12:11Z</time>
					<extensions>
						<ns3:TrackPointExtension>
							<ns3:speed>3.15</ns3:speed>
						</ns3:TrackPointExtension>
					</extensions>
			</trkpt>
			<trkpt lat="35.949947" lon="120.19972">
				<ele>-63.0</ele>
				<time>2019-09-17T13:12:12Z</time>
					<extensions>
						<ns3:TrackPointExtension>
							<ns3:speed>3.15</ns3:speed>
						</ns3:TrackPointExtension>
					</extensions>
			</trkpt>
			<trkpt lat="35.949955" lon="120.199745">
				<ele>-63.0</ele>
				<time>2019-09-17T13:12:13Z</time>
					<extensions>
						<ns3:TrackPointExtension>
							<ns3:speed>3.15</ns3:speed>
						</ns3:TrackPointExtension>
					</extensions>
			</trkpt>
			<trkpt lat="35.949974" lon="120.19978">
				<ele>-63.0</ele>
				<time>2019-09-17T13:12:14Z</time>
					<extensions>
						<ns3:TrackPointExtension>
							<ns3:speed>3.14</ns3:speed>
						</ns3:TrackPointExtension>
					</extensions>
			</trkpt>
			<trkpt lat="35.94999" lon="120.199814">
				<ele>-63.0</ele>
				<time>2019-09-17T13:12:15Z</time>
					<extensions>
						<ns3:TrackPointExtension>
							<ns3:speed>3.14</ns3:speed>
						</ns3:TrackPointExtension>
					</extensions>
			</trkpt>
			<trkpt lat="35.950005" lon="120.199844">
				<ele>-63.0</ele>
				<time>2019-09-17T13:12:16Z</time>
					<extensions>
						<ns3:TrackPointExtension>
							<ns3:speed>3.15</ns3:speed>
						</ns3:TrackPointExtension>
					</extensions>
			</trkpt>
			<trkpt lat="35.950016" lon="120.199875">
				<ele>-63.0</ele>
				<time>2019-09-17T13:12:17Z</time>
					<extensions>
						<ns3:TrackPointExtension>
							<ns3:speed>3.15</ns3:speed>
						</ns3:TrackPointExtension>
					</extensions>
			</trkpt>
			<trkpt lat="35.95003" lon="120.19991">
				<ele>-63.0</ele>
				<time>2019-09-17T13:12:18Z</time>
					<extensions>
						<ns3:TrackPointExtension>
							<ns3:speed>3.15</ns3:speed>
						</ns3:TrackPointExtension>
					</extensions>
			</trkpt>
			<trkpt lat="35.95005" lon="120.19994">
				<ele>-63.0</ele>
				<time>2019-09-17T13:12:19Z</time>
					<extensions>
						<ns3:TrackPointExtension>
							<ns3:speed>3.17</ns3:speed>
						</ns3:TrackPointExtension>
					</extensions>
			</trkpt>
			<trkpt lat="35.95006" lon="120.199974">
				<ele>-63.0</ele>
				<time>2019-09-17T13:12:20Z</time>
					<extensions>
						<ns3:TrackPointExtension>
							<ns3:speed>3.17</ns3:speed>
						</ns3:TrackPointExtension>
					</extensions>
			</trkpt>
			<trkpt lat="35.95008" lon="120.200005">
				<ele>-63.0</ele>
				<time>2019-09-17T13:12:21Z</time>
					<extensions>
						<ns3:TrackPointExtension>
							<ns3:speed>3.18</ns3:speed>
						</ns3:TrackPointExtension>
					</extensions>
			</trkpt>
			<trkpt lat="35.95009" lon="120.200035">
				<ele>-63.0</ele>
				<time>2019-09-17T13:12:22Z</time>
					<extensions>
						<ns3:TrackPointExtension>
							<ns3:speed>3.18</ns3:speed>
						</ns3:TrackPointExtension>
					</extensions>
			</trkpt>
			<trkpt lat="35.9501" lon="120.20006">
				<ele>-63.0</ele>
				<time>2019-09-17T13:12:23Z</time>
					<extensions>
						<ns3:TrackPointExtension>
							<ns3:speed>3.19</ns3:speed>
						</ns3:TrackPointExtension>
					</extensions>
			</trkpt>
			<trkpt lat="35.95011" lon="120.20009">
				<ele>-63.0</ele>
				<time>2019-09-17T13:12:24Z</time>
					<extensions>
						<ns3:TrackPointExtension>
							<ns3:speed>3.18</ns3:speed>
						</ns3:TrackPointExtension>
					</extensions>
			</trkpt>
			<trkpt lat="35.950123" lon="120.20012">
				<ele>-63.0</ele>
				<time>2019-09-17T13:12:25Z</time>
					<extensions>
						<ns3:TrackPointExtension>
							<ns3:speed>3.18</ns3:speed>
						</ns3:TrackPointExtension>
					</extensions>
			</trkpt>
			<trkpt lat="35.950138" lon="120.20015">
				<ele>-63.0</ele>
				<time>2019-09-17T13:12:26Z</time>
					<extensions>
						<ns3:TrackPointExtension>
							<ns3:speed>3.15</ns3:speed>
						</ns3:TrackPointExtension>
					</extensions>
			</trkpt>
			<trkpt lat="35.950146" lon="120.20018">
				<ele>-63.0</ele>
				<time>2019-09-17T13:12:27Z</time>
					<extensions>
						<ns3:TrackPointExtension>
							<ns3:speed>3.15</ns3:speed>
						</ns3:TrackPointExtension>
					</extensions>
			</trkpt>
			<trkpt lat="35.950153" lon="120.2002">
				<ele>-63.0</ele>
				<time>2019-09-17T13:12:28Z</time>
					<extensions>
						<ns3:TrackPointExtension>
							<ns3:speed>3.11</ns3:speed>
						</ns3:TrackPointExtension>
					</extensions>
			</trkpt>
			<trkpt lat="35.950165" lon="120.20023">
				<ele>-63.0</ele>
				<time>2019-09-17T13:12:29Z</time>
					<extensions>
						<ns3:TrackPointExtension>
							<ns3:speed>3.08</ns3:speed>
						</ns3:TrackPointExtension>
					</extensions>
			</trkpt>
			<trkpt lat="35.950172" lon="120.200264">
				<ele>-63.0</ele>
				<time>2019-09-17T13:12:30Z</time>
					<extensions>
						<ns3:TrackPointExtension>
							<ns3:speed>3.06</ns3:speed>
						</ns3:TrackPointExtension>
					</extensions>
			</trkpt>
			<trkpt lat="35.950184" lon="120.20029">
				<ele>-63.0</ele>
				<time>2019-09-17T13:12:31Z</time>
					<extensions>
						<ns3:TrackPointExtension>
							<ns3:speed>3.04</ns3:speed>
						</ns3:TrackPointExtension>
					</extensions>
			</trkpt>
			<trkpt lat="35.950184" lon="120.2003">
				<ele>-63.0</ele>
				<time>2019-09-17T13:12:32Z</time>
					<extensions>
						<ns3:TrackPointExtension>
							<ns3:speed>3.04</ns3:speed>
						</ns3:TrackPointExtension>
					</extensions>
			</trkpt>
			<trkpt lat="35.95019" lon="120.200325">
				<ele>-63.0</ele>
				<time>2019-09-17T13:12:33Z</time>
					<extensions>
						<ns3:TrackPointExtension>
							<ns3:speed>2.97</ns3:speed>
						</ns3:TrackPointExtension>
					</extensions>
			</trkpt>
			<trkpt lat="35.950195" lon="120.20033">
				<ele>-63.0</ele>
				<time>2019-09-17T13:12:34Z</time>
					<extensions>
						<ns3:TrackPointExtension>
							<ns3:speed>2.94</ns3:speed>
						</ns3:TrackPointExtension>
					</extensions>
			</trkpt>
			<trkpt lat="35.950203" lon="120.200356">
				<ele>-63.0</ele>
				<time>2019-09-17T13:12:35Z</time>
					<extensions>
						<ns3:TrackPointExtension>
							<ns3:speed>2.89</ns3:speed>
						</ns3:TrackPointExtension>
					</extensions>
			</trkpt>
			<trkpt lat="35.950207" lon="120.20038">
				<ele>-64.0</ele>
				<time>2019-09-17T13:12:36Z</time>
					<extensions>
						<ns3:TrackPointExtension>
							<ns3:speed>2.84</ns3:speed>
						</ns3:TrackPointExtension>
					</extensions>
			</trkpt>
			<trkpt lat="35.95021" lon="120.200386">
				<ele>-64.0</ele>
				<time>2019-09-17T13:12:37Z</time>
					<extensions>
						<ns3:TrackPointExtension>
							<ns3:speed>2.84</ns3:speed>
						</ns3:TrackPointExtension>
					</extensions>
			</trkpt>
			<trkpt lat="35.950214" lon="120.20042">
				<ele>-64.0</ele>
				<time>2019-09-17T13:12:38Z</time>
					<extensions>
						<ns3:TrackPointExtension>
							<ns3:speed>2.73</ns3:speed>
						</ns3:TrackPointExtension>
					</extensions>
			</trkpt>
			<trkpt lat="35.950222" lon="120.20044">
				<ele>-64.0</ele>
				<time>2019-09-17T13:12:39Z</time>
					<extensions>
						<ns3:TrackPointExtension>
							<ns3:speed>2.68</ns3:speed>
						</ns3:TrackPointExtension>
					</extensions>
			</trkpt>
			<trkpt lat="35.95023" lon="120.20047">
				<ele>-64.0</ele>
				<time>2019-09-17T13:12:40Z</time>
					<extensions>
						<ns3:TrackPointExtension>
							<ns3:speed>2.63</ns3:speed>
						</ns3:TrackPointExtension>
					</extensions>
			</trkpt>
			<trkpt lat="35.950237" lon="120.200485">
				<ele>-64.0</ele>
				<time>2019-09-17T13:12:41Z</time>
					<extensions>
						<ns3:TrackPointExtension>
							<ns3:speed>2.6</ns3:speed>
						</ns3:TrackPointExtension>
					</extensions>
			</trkpt>
			<trkpt lat="35.95024" lon="120.20052">
				<ele>-64.0</ele>
				<time>2019-09-17T13:12:42Z</time>
					<extensions>
						<ns3:TrackPointExtension>
							<ns3:speed>2.6</ns3:speed>
						</ns3:TrackPointExtension>
					</extensions>
			</trkpt>
			<trkpt lat="35.95025" lon="120.200554">
				<ele>-64.0</ele>
				<time>2019-09-17T13:12:43Z</time>
					<extensions>
						<ns3:TrackPointExtension>
							<ns3:speed>2.58</ns3:speed>
						</ns3:TrackPointExtension>
					</extensions>
			</trkpt>
			<trkpt lat="35.950253" lon="120.200584">
				<ele>-64.0</ele>
				<time>2019-09-17T13:12:44Z</time>
					<extensions>
						<ns3:TrackPointExtension>
							<ns3:speed>2.58</ns3:speed>
						</ns3:TrackPointExtension>
					</extensions>
			</trkpt>
			<trkpt lat="35.950256" lon="120.2006">
				<ele>-64.0</ele>
				<time>2019-09-17T13:12:45Z</time>
					<extensions>
						<ns3:TrackPointExtension>
							<ns3:speed>2.58</ns3:speed>
						</ns3:TrackPointExtension>
					</extensions>
			</trkpt>
			<trkpt lat="35.95026" lon="120.20063">
				<ele>-64.0</ele>
				<time>2019-09-17T13:12:46Z</time>
					<extensions>
						<ns3:TrackPointExtension>
							<ns3:speed>2.58</ns3:speed>
						</ns3:TrackPointExtension>
					</extensions>
			</trkpt>
			<trkpt lat="35.950264" lon="120.20065">
				<ele>-64.0</ele>
				<time>2019-09-17T13:12:47Z</time>
					<extensions>
						<ns3:TrackPointExtension>
							<ns3:speed>2.58</ns3:speed>
						</ns3:TrackPointExtension>
					</extensions>
			</trkpt>
			<trkpt lat="35.950268" lon="120.20068">
				<ele>-64.0</ele>
				<time>2019-09-17T13:12:48Z</time>
					<extensions>
						<ns3:TrackPointExtension>
							<ns3:speed>2.57</ns3:speed>
						</ns3:TrackPointExtension>
					</extensions>
			</trkpt>
			<trkpt lat="35.950275" lon="120.200714">
				<ele>-64.0</ele>
				<time>2019-09-17T13:12:49Z</time>
					<extensions>
						<ns3:TrackPointExtension>
							<ns3:speed>2.57</ns3:speed>
						</ns3:TrackPointExtension>
					</extensions>
			</trkpt>
			<trkpt lat="35.950275" lon="120.20074">
				<ele>-64.0</ele>
				<time>2019-09-17T13:12:50Z</time>
					<extensions>
						<ns3:TrackPointExtension>
							<ns3:speed>2.57</ns3:speed>
						</ns3:TrackPointExtension>
					</extensions>
			</trkpt>
			<trkpt lat="35.950268" lon="120.200745">
				<ele>-64.0</ele>
				<time>2019-09-17T13:12:51Z</time>
					<extensions>
						<ns3:TrackPointExtension>
							<ns3:speed>2.56</ns3:speed>
						</ns3:TrackPointExtension>
					</extensions>
			</trkpt>
			<trkpt lat="35.950275" lon="120.20077">
				<ele>-64.0</ele>
				<time>2019-09-17T13:12:52Z</time>
					<extensions>
						<ns3:TrackPointExtension>
							<ns3:speed>2.56</ns3:speed>
						</ns3:TrackPointExtension>
					</extensions>
			</trkpt>
			<trkpt lat="35.950283" lon="120.200775">
				<ele>-64.0</ele>
				<time>2019-09-17T13:12:53Z</time>
					<extensions>
						<ns3:TrackPointExtension>
							<ns3:speed>2.54</ns3:speed>
						</ns3:TrackPointExtension>
					</extensions>
			</trkpt>
			<trkpt lat="35.95029" lon="120.200775">
				<ele>-64.0</ele>
				<time>2019-09-17T13:12:54Z</time>
					<extensions>
						<ns3:TrackPointExtension>
							<ns3:speed>2.54</ns3:speed>
						</ns3:TrackPointExtension>
					</extensions>
			</trkpt>
			<trkpt lat="35.950306" lon="120.20078">
				<ele>-64.0</ele>
				<time>2019-09-17T13:12:55Z</time>
					<extensions>
						<ns3:TrackPointExtension>
							<ns3:speed>2.46</ns3:speed>
						</ns3:TrackPointExtension>
					</extensions>
			</trkpt>
			<trkpt lat="35.950317" lon="120.20078">
				<ele>-64.0</ele>
				<time>2019-09-17T13:12:56Z</time>
					<extensions>
						<ns3:TrackPointExtension>
							<ns3:speed>2.42</ns3:speed>
						</ns3:TrackPointExtension>
					</extensions>
			</trkpt>
			<trkpt lat="35.95034" lon="120.20078">
				<ele>-64.0</ele>
				<time>2019-09-17T13:12:57Z</time>
					<extensions>
						<ns3:TrackPointExtension>
							<ns3:speed>2.42</ns3:speed>
						</ns3:TrackPointExtension>
					</extensions>
			</trkpt>
			<trkpt lat="35.95035" lon="120.20078">
				<ele>-64.0</ele>
				<time>2019-09-17T13:12:58Z</time>
					<extensions>
						<ns3:TrackPointExtension>
							<ns3:speed>2.33</ns3:speed>
						</ns3:TrackPointExtension>
					</extensions>
			</trkpt>
			<trkpt lat="35.950363" lon="120.20078">
				<ele>-64.0</ele>
				<time>2019-09-17T13:12:59Z</time>
					<extensions>
						<ns3:TrackPointExtension>
							<ns3:speed>2.33</ns3:speed>
						</ns3:TrackPointExtension>
					</extensions>
			</trkpt>
			<trkpt lat="35.95038" lon="120.2008">
				<ele>-64.0</ele>
				<time>2019-09-17T13:13:00Z</time>
					<extensions>
						<ns3:TrackPointExtension>
							<ns3:speed>2.26</ns3:speed>
						</ns3:TrackPointExtension>
					</extensions>
			</trkpt>
			<trkpt lat="35.9504" lon="120.2008">
				<ele>-64.0</ele>
				<time>2019-09-17T13:13:01Z</time>
					<extensions>
						<ns3:TrackPointExtension>
							<ns3:speed>2.23</ns3:speed>
						</ns3:TrackPointExtension>
					</extensions>
			</trkpt>
			<trkpt lat="35.950417" lon="120.2008">
				<ele>-64.0</ele>
				<time>2019-09-17T13:13:02Z</time>
					<extensions>
						<ns3:TrackPointExtension>
							<ns3:speed>2.21</ns3:speed>
						</ns3:TrackPointExtension>
					</extensions>
			</trkpt>
			<trkpt lat="35.95044" lon="120.2008">
				<ele>-64.0</ele>
				<time>2019-09-17T13:13:03Z</time>
					<extensions>
						<ns3:TrackPointExtension>
							<ns3:speed>2.19</ns3:speed>
						</ns3:TrackPointExtension>
					</extensions>
			</trkpt>
			<trkpt lat="35.950455" lon="120.2008">
				<ele>-64.0</ele>
				<time>2019-09-17T13:13:04Z</time>
					<extensions>
						<ns3:TrackPointExtension>
							<ns3:speed>2.19</ns3:speed>
						</ns3:TrackPointExtension>
					</extensions>
			</trkpt>
			<trkpt lat="35.95047" lon="120.20078">
				<ele>-64.0</ele>
				<time>2019-09-17T13:13:05Z</time>
					<extensions>
						<ns3:TrackPointExtension>
							<ns3:speed>2.18</ns3:speed>
						</ns3:TrackPointExtension>
					</extensions>
			</trkpt>
			<trkpt lat="35.950493" lon="120.20078">
				<ele>-63.0</ele>
				<time>2019-09-17T13:13:06Z</time>
					<extensions>
						<ns3:TrackPointExtension>
							<ns3:speed>2.18</ns3:speed>
						</ns3:TrackPointExtension>
					</extensions>
			</trkpt>
			<trkpt lat="35.950516" lon="120.200775">
				<ele>-63.0</ele>
				<time>2019-09-17T13:13:07Z</time>
					<extensions>
						<ns3:TrackPointExtension>
							<ns3:speed>2.17</ns3:speed>
						</ns3:TrackPointExtension>
					</extensions>
			</trkpt>
			<trkpt lat="35.95054" lon="120.200775">
				<ele>-63.0</ele>
				<time>2019-09-17T13:13:08Z</time>
					<extensions>
						<ns3:TrackPointExtension>
							<ns3:speed>2.18</ns3:speed>
						</ns3:TrackPointExtension>
					</extensions>
			</trkpt>
			<trkpt lat="35.95056" lon="120.200775">
				<ele>-63.0</ele>
				<time>2019-09-17T13:13:09Z</time>
					<extensions>
						<ns3:TrackPointExtension>
							<ns3:speed>2.18</ns3:speed>
						</ns3:TrackPointExtension>
					</extensions>
			</trkpt>
			<trkpt lat="35.95059" lon="120.200775">
				<ele>-63.0</ele>
				<time>2019-09-17T13:13:10Z</time>
					<extensions>
						<ns3:TrackPointExtension>
							<ns3:speed>2.2</ns3:speed>
						</ns3:TrackPointExtension>
					</extensions>
			</trkpt>
			<trkpt lat="35.950603" lon="120.200775">
				<ele>-63.0</ele>
				<time>2019-09-17T13:13:11Z</time>
					<extensions>
						<ns3:TrackPointExtension>
							<ns3:speed>2.22</ns3:speed>
						</ns3:TrackPointExtension>
					</extensions>
			</trkpt>
			<trkpt lat="35.950626" lon="120.20078">
				<ele>-63.0</ele>
				<time>2019-09-17T13:13:12Z</time>
					<extensions>
						<ns3:TrackPointExtension>
							<ns3:speed>2.24</ns3:speed>
						</ns3:TrackPointExtension>
					</extensions>
			</trkpt>
			<trkpt lat="35.95064" lon="120.20078">
				<ele>-63.0</ele>
				<time>2019-09-17T13:13:13Z</time>
					<extensions>
						<ns3:TrackPointExtension>
							<ns3:speed>2.26</ns3:speed>
						</ns3:TrackPointExtension>
					</extensions>
			</trkpt>
			<trkpt lat="35.95066" lon="120.2008">
				<ele>-63.0</ele>
				<time>2019-09-17T13:13:14Z</time>
					<extensions>
						<ns3:TrackPointExtension>
							<ns3:speed>2.26</ns3:speed>
						</ns3:TrackPointExtension>
					</extensions>
			</trkpt>
			<trkpt lat="35.950676" lon="120.2008">
				<ele>-63.0</ele>
				<time>2019-09-17T13:13:15Z</time>
					<extensions>
						<ns3:TrackPointExtension>
							<ns3:speed>2.26</ns3:speed>
						</ns3:TrackPointExtension>
					</extensions>
			</trkpt>
			<trkpt lat="35.950706" lon="120.2008">
				<ele>-63.0</ele>
				<time>2019-09-17T13:13:16Z</time>
					<extensions>
						<ns3:TrackPointExtension>
							<ns3:speed>2.26</ns3:speed>
						</ns3:TrackPointExtension>
					</extensions>
			</trkpt>
			<trkpt lat="35.95073" lon="120.2008">
				<ele>-63.0</ele>
				<time>2019-09-17T13:13:17Z</time>
					<extensions>
						<ns3:TrackPointExtension>
							<ns3:speed>2.26</ns3:speed>
						</ns3:TrackPointExtension>
					</extensions>
			</trkpt>
			<trkpt lat="35.950745" lon="120.200806">
				<ele>-63.0</ele>
				<time>2019-09-17T13:13:18Z</time>
					<extensions>
						<ns3:TrackPointExtension>
							<ns3:speed>2.26</ns3:speed>
						</ns3:TrackPointExtension>
					</extensions>
			</trkpt>
			<trkpt lat="35.950768" lon="120.200806">
				<ele>-63.0</ele>
				<time>2019-09-17T13:13:19Z</time>
					<extensions>
						<ns3:TrackPointExtension>
							<ns3:speed>2.26</ns3:speed>
						</ns3:TrackPointExtension>
					</extensions>
			</trkpt>
			<trkpt lat="35.95079" lon="120.200806">
				<ele>-63.0</ele>
				<time>2019-09-17T13:13:20Z</time>
					<extensions>
						<ns3:TrackPointExtension>
							<ns3:speed>2.27</ns3:speed>
						</ns3:TrackPointExtension>
					</extensions>
			</trkpt>
			<trkpt lat="35.950813" lon="120.2008">
				<ele>-63.0</ele>
				<time>2019-09-17T13:13:21Z</time>
					<extensions>
						<ns3:TrackPointExtension>
							<ns3:speed>2.27</ns3:speed>
						</ns3:TrackPointExtension>
					</extensions>
			</trkpt>
			<trkpt lat="35.950844" lon="120.2008">
				<ele>-63.0</ele>
				<time>2019-09-17T13:13:22Z</time>
					<extensions>
						<ns3:TrackPointExtension>
							<ns3:speed>2.28</ns3:speed>
						</ns3:TrackPointExtension>
					</extensions>
			</trkpt>
			<trkpt lat="35.950867" lon="120.2008">
				<ele>-63.0</ele>
				<time>2019-09-17T13:13:23Z</time>
					<extensions>
						<ns3:TrackPointExtension>
							<ns3:speed>2.3</ns3:speed>
						</ns3:TrackPointExtension>
					</extensions>
			</trkpt>
			<trkpt lat="35.950886" lon="120.20078">
				<ele>-63.0</ele>
				<time>2019-09-17T13:13:24Z</time>
					<extensions>
						<ns3:TrackPointExtension>
							<ns3:speed>2.3</ns3:speed>
						</ns3:TrackPointExtension>
					</extensions>
			</trkpt>
			<trkpt lat="35.950912" lon="120.20078">
				<ele>-63.0</ele>
				<time>2019-09-17T13:13:25Z</time>
					<extensions>
						<ns3:TrackPointExtension>
							<ns3:speed>2.35</ns3:speed>
						</ns3:TrackPointExtension>
					</extensions>
			</trkpt>
			<trkpt lat="35.950935" lon="120.200775">
				<ele>-63.0</ele>
				<time>2019-09-17T13:13:26Z</time>
					<extensions>
						<ns3:TrackPointExtension>
							<ns3:speed>2.35</ns3:speed>
						</ns3:TrackPointExtension>
					</extensions>
			</trkpt>
			<trkpt lat="35.95095" lon="120.20077">
				<ele>-63.0</ele>
				<time>2019-09-17T13:13:27Z</time>
					<extensions>
						<ns3:TrackPointExtension>
							<ns3:speed>2.4</ns3:speed>
						</ns3:TrackPointExtension>
					</extensions>
			</trkpt>
			<trkpt lat="35.95097" lon="120.20077">
				<ele>-63.0</ele>
				<time>2019-09-17T13:13:28Z</time>
					<extensions>
						<ns3:TrackPointExtension>
							<ns3:speed>2.41</ns3:speed>
						</ns3:TrackPointExtension>
					</extensions>
			</trkpt>
			<trkpt lat="35.950993" lon="120.20075">
				<ele>-63.0</ele>
				<time>2019-09-17T13:13:29Z</time>
					<extensions>
						<ns3:TrackPointExtension>
							<ns3:speed>2.41</ns3:speed>
						</ns3:TrackPointExtension>
					</extensions>
			</trkpt>
			<trkpt lat="35.95101" lon="120.200745">
				<ele>-63.0</ele>
				<time>2019-09-17T13:13:30Z</time>
					<extensions>
						<ns3:TrackPointExtension>
							<ns3:speed>2.42</ns3:speed>
						</ns3:TrackPointExtension>
					</extensions>
			</trkpt>
			<trkpt lat="35.951023" lon="120.200745">
				<ele>-63.0</ele>
				<time>2019-09-17T13:13:31Z</time>
					<extensions>
						<ns3:TrackPointExtension>
							<ns3:speed>2.42</ns3:speed>
						</ns3:TrackPointExtension>
					</extensions>
			</trkpt>
			<trkpt lat="35.951042" lon="120.20074">
				<ele>-63.0</ele>
				<time>2019-09-17T13:13:32Z</time>
					<extensions>
						<ns3:TrackPointExtension>
							<ns3:speed>2.39</ns3:speed>
						</ns3:TrackPointExtension>
					</extensions>
			</trkpt>
			<trkpt lat="35.951057" lon="120.20072">
				<ele>-64.0</ele>
				<time>2019-09-17T13:13:33Z</time>
					<extensions>
						<ns3:TrackPointExtension>
							<ns3:speed>2.38</ns3:speed>
						</ns3:TrackPointExtension>
					</extensions>
			</trkpt>
			<trkpt lat="35.951077" lon="120.20072">
				<ele>-64.0</ele>
				<time>2019-09-17T13:13:34Z</time>
					<extensions>
						<ns3:TrackPointExtension>
							<ns3:speed>2.36</ns3:speed>
						</ns3:TrackPointExtension>
					</extensions>
			</trkpt>
			<trkpt lat="35.95109" lon="120.200714">
				<ele>-64.0</ele>
				<time>2019-09-17T13:13:35Z</time>
					<extensions>
						<ns3:TrackPointExtension>
							<ns3:speed>2.35</ns3:speed>
						</ns3:TrackPointExtension>
					</extensions>
			</trkpt>
			<trkpt lat="35.95111" lon="120.20071">
				<ele>-64.0</ele>
				<time>2019-09-17T13:13:36Z</time>
					<extensions>
						<ns3:TrackPointExtension>
							<ns3:speed>2.35</ns3:speed>
						</ns3:TrackPointExtension>
					</extensions>
			</trkpt>
			<trkpt lat="35.951126" lon="120.20071">
				<ele>-64.0</ele>
				<time>2019-09-17T13:13:37Z</time>
					<extensions>
						<ns3:TrackPointExtension>
							<ns3:speed>2.32</ns3:speed>
						</ns3:TrackPointExtension>
					</extensions>
			</trkpt>
			<trkpt lat="35.95114" lon="120.20062">
				<ele>-64.0</ele>
				<time>2019-09-17T13:13:38Z</time>
					<extensions>
						<ns3:TrackPointExtension>
							<ns3:speed>2.3</ns3:speed>
						</ns3:TrackPointExtension>
					</extensions>
			</trkpt>
			<trkpt lat="35.951157" lon="120.200615">
				<ele>-64.0</ele>
				<time>2019-09-17T13:13:39Z</time>
					<extensions>
						<ns3:TrackPointExtension>
							<ns3:speed>2.29</ns3:speed>
						</ns3:TrackPointExtension>
					</extensions>
			</trkpt>
			<trkpt lat="35.95117" lon="120.200615">
				<ele>-64.0</ele>
				<time>2019-09-17T13:13:40Z</time>
					<extensions>
						<ns3:TrackPointExtension>
							<ns3:speed>2.29</ns3:speed>
						</ns3:TrackPointExtension>
					</extensions>
			</trkpt>
			<trkpt lat="35.95119" lon="120.2006">
				<ele>-64.0</ele>
				<time>2019-09-17T13:13:41Z</time>
					<extensions>
						<ns3:TrackPointExtension>
							<ns3:speed>2.29</ns3:speed>
						</ns3:TrackPointExtension>
					</extensions>
			</trkpt>
			<trkpt lat="35.95121" lon="120.20059">
				<ele>-64.0</ele>
				<time>2019-09-17T13:13:42Z</time>
					<extensions>
						<ns3:TrackPointExtension>
							<ns3:speed>2.28</ns3:speed>
						</ns3:TrackPointExtension>
					</extensions>
			</trkpt>
			<trkpt lat="35.95123" lon="120.200584">
				<ele>-64.0</ele>
				<time>2019-09-17T13:13:43Z</time>
					<extensions>
						<ns3:TrackPointExtension>
							<ns3:speed>2.27</ns3:speed>
						</ns3:TrackPointExtension>
					</extensions>
			</trkpt>
			<trkpt lat="35.95125" lon="120.20057">
				<ele>-64.0</ele>
				<time>2019-09-17T13:13:44Z</time>
					<extensions>
						<ns3:TrackPointExtension>
							<ns3:speed>2.27</ns3:speed>
						</ns3:TrackPointExtension>
					</extensions>
			</trkpt>
			<trkpt lat="35.95127" lon="120.20056">
				<ele>-64.0</ele>
				<time>2019-09-17T13:13:45Z</time>
					<extensions>
						<ns3:TrackPointExtension>
							<ns3:speed>2.26</ns3:speed>
						</ns3:TrackPointExtension>
					</extensions>
			</trkpt>
			<trkpt lat="35.95129" lon="120.20056">
				<ele>-64.0</ele>
				<time>2019-09-17T13:13:46Z</time>
					<extensions>
						<ns3:TrackPointExtension>
							<ns3:speed>2.26</ns3:speed>
						</ns3:TrackPointExtension>
					</extensions>
			</trkpt>
			<trkpt lat="35.951313" lon="120.20054">
				<ele>-64.0</ele>
				<time>2019-09-17T13:13:47Z</time>
					<extensions>
						<ns3:TrackPointExtension>
							<ns3:speed>2.27</ns3:speed>
						</ns3:TrackPointExtension>
					</extensions>
			</trkpt>
			<trkpt lat="35.951332" lon="120.20053">
				<ele>-64.0</ele>
				<time>2019-09-17T13:13:48Z</time>
					<extensions>
						<ns3:TrackPointExtension>
							<ns3:speed>2.27</ns3:speed>
						</ns3:TrackPointExtension>
					</extensions>
			</trkpt>
			<trkpt lat="35.95135" lon="120.20052">
				<ele>-64.0</ele>
				<time>2019-09-17T13:13:49Z</time>
					<extensions>
						<ns3:TrackPointExtension>
							<ns3:speed>2.29</ns3:speed>
						</ns3:TrackPointExtension>
					</extensions>
			</trkpt>
			<trkpt lat="35.951366" lon="120.20051">
				<ele>-64.0</ele>
				<time>2019-09-17T13:13:50Z</time>
					<extensions>
						<ns3:TrackPointExtension>
							<ns3:speed>2.3</ns3:speed>
						</ns3:TrackPointExtension>
					</extensions>
			</trkpt>
			<trkpt lat="35.95139" lon="120.200485">
				<ele>-64.0</ele>
				<time>2019-09-17T13:13:51Z</time>
					<extensions>
						<ns3:TrackPointExtension>
							<ns3:speed>2.3</ns3:speed>
						</ns3:TrackPointExtension>
					</extensions>
			</trkpt>
			<trkpt lat="35.951405" lon="120.20048">
				<ele>-64.0</ele>
				<time>2019-09-17T13:13:52Z</time>
					<extensions>
						<ns3:TrackPointExtension>
							<ns3:speed>2.33</ns3:speed>
						</ns3:TrackPointExtension>
					</extensions>
			</trkpt>
			<trkpt lat="35.951424" lon="120.200455">
				<ele>-64.0</ele>
				<time>2019-09-17T13:13:53Z</time>
					<extensions>
						<ns3:TrackPointExtension>
							<ns3:speed>2.33</ns3:speed>
						</ns3:TrackPointExtension>
					</extensions>
			</trkpt>
			<trkpt lat="35.951454" lon="120.20044">
				<ele>-64.0</ele>
				<time>2019-09-17T13:13:53Z</time>
					<extensions>
						<ns3:TrackPointExtension>
							<ns3:speed>2.35</ns3:speed>
						</ns3:TrackPointExtension>
					</extensions>
			</trkpt>
			<trkpt lat="35.95148" lon="120.20042">
				<ele>-64.0</ele>
				<time>2019-09-17T13:13:54Z</time>
					<extensions>
						<ns3:TrackPointExtension>
							<ns3:speed>2.38</ns3:speed>
						</ns3:TrackPointExtension>
					</extensions>
			</trkpt>
			<trkpt lat="35.951504" lon="120.20041">
				<ele>-64.0</ele>
				<time>2019-09-17T13:13:55Z</time>
					<extensions>
						<ns3:TrackPointExtension>
							<ns3:speed>2.38</ns3:speed>
						</ns3:TrackPointExtension>
					</extensions>
			</trkpt>
			<trkpt lat="35.951523" lon="120.20039">
				<ele>-64.0</ele>
				<time>2019-09-17T13:13:56Z</time>
					<extensions>
						<ns3:TrackPointExtension>
							<ns3:speed>2.43</ns3:speed>
						</ns3:TrackPointExtension>
					</extensions>
			</trkpt>
			<trkpt lat="35.95155" lon="120.200386">
				<ele>-64.0</ele>
				<time>2019-09-17T13:13:57Z</time>
					<extensions>
						<ns3:TrackPointExtension>
							<ns3:speed>2.43</ns3:speed>
						</ns3:TrackPointExtension>
					</extensions>
			</trkpt>
			<trkpt lat="35.951576" lon="120.20038">
				<ele>-64.0</ele>
				<time>2019-09-17T13:13:58Z</time>
					<extensions>
						<ns3:TrackPointExtension>
							<ns3:speed>2.48</ns3:speed>
						</ns3:TrackPointExtension>
					</extensions>
			</trkpt>
			<trkpt lat="35.9516" lon="120.20036">
				<ele>-64.0</ele>
				<time>2019-09-17T13:13:59Z</time>
					<extensions>
						<ns3:TrackPointExtension>
							<ns3:speed>2.5</ns3:speed>
						</ns3:TrackPointExtension>
					</extensions>
			</trkpt>
			<trkpt lat="35.951626" lon="120.200356">
				<ele>-64.0</ele>
				<time>2019-09-17T13:14:00Z</time>
					<extensions>
						<ns3:TrackPointExtension>
							<ns3:speed>2.5</ns3:speed>
						</ns3:TrackPointExtension>
					</extensions>
			</trkpt>
			<trkpt lat="35.95165" lon="120.20035">
				<ele>-64.0</ele>
				<time>2019-09-17T13:14:01Z</time>
					<extensions>
						<ns3:TrackPointExtension>
							<ns3:speed>2.52</ns3:speed>
						</ns3:TrackPointExtension>
					</extensions>
			</trkpt>
			<trkpt lat="35.95167" lon="120.20033">
				<ele>-64.0</ele>
				<time>2019-09-17T13:14:02Z</time>
					<extensions>
						<ns3:TrackPointExtension>
							<ns3:speed>2.52</ns3:speed>
						</ns3:TrackPointExtension>
					</extensions>
			</trkpt>
			<trkpt lat="35.951694" lon="120.200325">
				<ele>-64.0</ele>
				<time>2019-09-17T13:14:03Z</time>
					<extensions>
						<ns3:TrackPointExtension>
							<ns3:speed>2.56</ns3:speed>
						</ns3:TrackPointExtension>
					</extensions>
			</trkpt>
			<trkpt lat="35.951717" lon="120.20032">
				<ele>-64.0</ele>
				<time>2019-09-17T13:14:04Z</time>
					<extensions>
						<ns3:TrackPointExtension>
							<ns3:speed>2.58</ns3:speed>
						</ns3:TrackPointExtension>
					</extensions>
			</trkpt>
			<trkpt lat="35.951748" lon="120.200294">
				<ele>-64.0</ele>
				<time>2019-09-17T13:14:05Z</time>
					<extensions>
						<ns3:TrackPointExtension>
							<ns3:speed>2.6</ns3:speed>
						</ns3:TrackPointExtension>
					</extensions>
			</trkpt>
			<trkpt lat="35.951775" lon="120.20029">
				<ele>-64.0</ele>
				<time>2019-09-17T13:14:06Z</time>
					<extensions>
						<ns3:TrackPointExtension>
							<ns3:speed>2.62</ns3:speed>
						</ns3:TrackPointExtension>
					</extensions>
			</trkpt>
			<trkpt lat="35.9518" lon="120.20027">
				<ele>-64.0</ele>
				<time>2019-09-17T13:14:07Z</time>
					<extensions>
						<ns3:TrackPointExtension>
							<ns3:speed>2.62</ns3:speed>
						</ns3:TrackPointExtension>
					</extensions>
			</trkpt>
			<trkpt lat="35.95183" lon="120.200264">
				<ele>-64.0</ele>
				<time>2019-09-17T13:14:08Z</time>
					<extensions>
						<ns3:TrackPointExtension>
							<ns3:speed>2.67</ns3:speed>
						</ns3:TrackPointExtension>
					</extensions>
			</trkpt>
			<trkpt lat="35.951866" lon="120.20026">
				<ele>-64.0</ele>
				<time>2019-09-17T13:14:09Z</time>
					<extensions>
						<ns3:TrackPointExtension>
							<ns3:speed>2.69</ns3:speed>
						</ns3:TrackPointExtension>
					</extensions>
			</trkpt>
			<trkpt lat="35.951897" lon="120.20024">
				<ele>-64.0</ele>
				<time>2019-09-17T13:14:10Z</time>
					<extensions>
						<ns3:TrackPointExtension>
							<ns3:speed>2.72</ns3:speed>
						</ns3:TrackPointExtension>
					</extensions>
			</trkpt>
			<trkpt lat="35.951923" lon="120.20024">
				<ele>-64.0</ele>
				<time>2019-09-17T13:14:11Z</time>
					<extensions>
						<ns3:TrackPointExtension>
							<ns3:speed>2.75</ns3:speed>
						</ns3:TrackPointExtension>
					</extensions>
			</trkpt>
			<trkpt lat="35.951946" lon="120.20023">
				<ele>-64.0</ele>
				<time>2019-09-17T13:14:12Z</time>
					<extensions>
						<ns3:TrackPointExtension>
							<ns3:speed>2.75</ns3:speed>
						</ns3:TrackPointExtension>
					</extensions>
			</trkpt>
			<trkpt lat="35.951977" lon="120.200226">
				<ele>-64.0</ele>
				<time>2019-09-17T13:14:13Z</time>
					<extensions>
						<ns3:TrackPointExtension>
							<ns3:speed>2.8</ns3:speed>
						</ns3:TrackPointExtension>
					</extensions>
			</trkpt>
			<trkpt lat="35.952007" lon="120.200226">
				<ele>-64.0</ele>
				<time>2019-09-17T13:14:14Z</time>
					<extensions>
						<ns3:TrackPointExtension>
							<ns3:speed>2.81</ns3:speed>
						</ns3:TrackPointExtension>
					</extensions>
			</trkpt>
			<trkpt lat="35.952034" lon="120.20021">
				<ele>-64.0</ele>
				<time>2019-09-17T13:14:15Z</time>
					<extensions>
						<ns3:TrackPointExtension>
							<ns3:speed>2.84</ns3:speed>
						</ns3:TrackPointExtension>
					</extensions>
			</trkpt>
			<trkpt lat="35.95206" lon="120.20021">
				<ele>-64.0</ele>
				<time>2019-09-17T13:14:16Z</time>
					<extensions>
						<ns3:TrackPointExtension>
							<ns3:speed>2.84</ns3:speed>
						</ns3:TrackPointExtension>
					</extensions>
			</trkpt>
			<trkpt lat="35.952084" lon="120.20021">
				<ele>-64.0</ele>
				<time>2019-09-17T13:14:17Z</time>
					<extensions>
						<ns3:TrackPointExtension>
							<ns3:speed>2.84</ns3:speed>
						</ns3:TrackPointExtension>
					</extensions>
			</trkpt>
			<trkpt lat="35.952114" lon="120.2002">
				<ele>-64.0</ele>
				<time>2019-09-17T13:14:18Z</time>
					<extensions>
						<ns3:TrackPointExtension>
							<ns3:speed>2.87</ns3:speed>
						</ns3:TrackPointExtension>
					</extensions>
			</trkpt>
			<trkpt lat="35.95214" lon="120.2002">
				<ele>-64.0</ele>
				<time>2019-09-17T13:14:19Z</time>
					<extensions>
						<ns3:TrackPointExtension>
							<ns3:speed>2.87</ns3:speed>
						</ns3:TrackPointExtension>
					</extensions>
			</trkpt>
			<trkpt lat="35.95217" lon="120.200195">
				<ele>-64.0</ele>
				<time>2019-09-17T13:14:20Z</time>
					<extensions>
						<ns3:TrackPointExtension>
							<ns3:speed>2.88</ns3:speed>
						</ns3:TrackPointExtension>
					</extensions>
			</trkpt>
			<trkpt lat="35.9522" lon="120.20018">
				<ele>-64.0</ele>
				<time>2019-09-17T13:14:21Z</time>
					<extensions>
						<ns3:TrackPointExtension>
							<ns3:speed>2.89</ns3:speed>
						</ns3:TrackPointExtension>
					</extensions>
			</trkpt>
			<trkpt lat="35.95223" lon="120.20018">
				<ele>-64.0</ele>
				<time>2019-09-17T13:14:22Z</time>
					<extensions>
						<ns3:TrackPointExtension>
							<ns3:speed>2.89</ns3:speed>
						</ns3:TrackPointExtension>
					</extensions>
			</trkpt>
			<trkpt lat="35.952255" lon="120.20017">
				<ele>-64.0</ele>
				<time>2019-09-17T13:14:23Z</time>
					<extensions>
						<ns3:TrackPointExtension>
							<ns3:speed>2.94</ns3:speed>
						</ns3:TrackPointExtension>
					</extensions>
			</trkpt>
			<trkpt lat="35.95228" lon="120.20017">
				<ele>-64.0</ele>
				<time>2019-09-17T13:14:24Z</time>
					<extensions>
						<ns3:TrackPointExtension>
							<ns3:speed>2.94</ns3:speed>
						</ns3:TrackPointExtension>
					</extensions>
			</trkpt>
			<trkpt lat="35.95231" lon="120.200165">
				<ele>-64.0</ele>
				<time>2019-09-17T13:14:25Z</time>
					<extensions>
						<ns3:TrackPointExtension>
							<ns3:speed>2.95</ns3:speed>
						</ns3:TrackPointExtension>
					</extensions>
			</trkpt>
			<trkpt lat="35.95233" lon="120.20015">
				<ele>-64.0</ele>
				<time>2019-09-17T13:14:26Z</time>
					<extensions>
						<ns3:TrackPointExtension>
							<ns3:speed>2.95</ns3:speed>
						</ns3:TrackPointExtension>
					</extensions>
			</trkpt>
			<trkpt lat="35.952354" lon="120.20015">
				<ele>-64.0</ele>
				<time>2019-09-17T13:14:27Z</time>
					<extensions>
						<ns3:TrackPointExtension>
							<ns3:speed>2.95</ns3:speed>
						</ns3:TrackPointExtension>
					</extensions>
			</trkpt>
			<trkpt lat="35.952385" lon="120.20015">
				<ele>-64.0</ele>
				<time>2019-09-17T13:14:28Z</time>
					<extensions>
						<ns3:TrackPointExtension>
							<ns3:speed>2.95</ns3:speed>
						</ns3:TrackPointExtension>
					</extensions>
			</trkpt>
			<trkpt lat="35.952415" lon="120.20015">
				<ele>-64.0</ele>
				<time>2019-09-17T13:14:29Z</time>
					<extensions>
						<ns3:TrackPointExtension>
							<ns3:speed>2.95</ns3:speed>
						</ns3:TrackPointExtension>
					</extensions>
			</trkpt>
			<trkpt lat="35.95245" lon="120.20014">
				<ele>-64.0</ele>
				<time>2019-09-17T13:14:30Z</time>
					<extensions>
						<ns3:TrackPointExtension>
							<ns3:speed>2.97</ns3:speed>
						</ns3:TrackPointExtension>
					</extensions>
			</trkpt>
			<trkpt lat="35.952477" lon="120.20014">
				<ele>-64.0</ele>
				<time>2019-09-17T13:14:31Z</time>
					<extensions>
						<ns3:TrackPointExtension>
							<ns3:speed>2.98</ns3:speed>
						</ns3:TrackPointExtension>
					</extensions>
			</trkpt>
			<trkpt lat="35.952503" lon="120.20014">
				<ele>-64.0</ele>
				<time>2019-09-17T13:14:32Z</time>
					<extensions>
						<ns3:TrackPointExtension>
							<ns3:speed>2.99</ns3:speed>
						</ns3:TrackPointExtension>
					</extensions>
			</trkpt>
			<trkpt lat="35.95253" lon="120.20014">
				<ele>-64.0</ele>
				<time>2019-09-17T13:14:33Z</time>
					<extensions>
						<ns3:TrackPointExtension>
							<ns3:speed>3.01</ns3:speed>
						</ns3:TrackPointExtension>
					</extensions>
			</trkpt>
			<trkpt lat="35.952564" lon="120.200134">
				<ele>-64.0</ele>
				<time>2019-09-17T13:14:34Z</time>
					<extensions>
						<ns3:TrackPointExtension>
							<ns3:speed>3.01</ns3:speed>
						</ns3:TrackPointExtension>
					</extensions>
			</trkpt>
			<trkpt lat="35.95259" lon="120.200134">
				<ele>-64.0</ele>
				<time>2019-09-17T13:14:35Z</time>
					<extensions>
						<ns3:TrackPointExtension>
							<ns3:speed>3.03</ns3:speed>
						</ns3:TrackPointExtension>
					</extensions>
			</trkpt>
			<trkpt lat="35.952618" lon="120.200134">
				<ele>-64.0</ele>
				<time>2019-09-17T13:14:36Z</time>
					<extensions>
						<ns3:TrackPointExtension>
							<ns3:speed>3.05</ns3:speed>
						</ns3:TrackPointExtension>
					</extensions>
			</trkpt>
			<trkpt lat="35.95265" lon="120.20012">
				<ele>-64.0</ele>
				<time>2019-09-17T13:14:37Z</time>
					<extensions>
						<ns3:TrackPointExtension>
							<ns3:speed>3.06</ns3:speed>
						</ns3:TrackPointExtension>
					</extensions>
			</trkpt>
			<trkpt lat="35.95268" lon="120.20012">
				<ele>-64.0</ele>
				<time>2019-09-17T13:14:38Z</time>
					<extensions>
						<ns3:TrackPointExtension>
							<ns3:speed>3.08</ns3:speed>
						</ns3:TrackPointExtension>
					</extensions>
			</trkpt>
			<trkpt lat="35.952705" lon="120.20012">
				<ele>-64.0</ele>
				<time>2019-09-17T13:14:39Z</time>
					<extensions>
						<ns3:TrackPointExtension>
							<ns3:speed>3.08</ns3:speed>
						</ns3:TrackPointExtension>
					</extensions>
			</trkpt>
			<trkpt lat="35.95273" lon="120.20011">
				<ele>-64.0</ele>
				<time>2019-09-17T13:14:40Z</time>
					<extensions>
						<ns3:TrackPointExtension>
							<ns3:speed>3.1</ns3:speed>
						</ns3:TrackPointExtension>
					</extensions>
			</trkpt>
			<trkpt lat="35.95275" lon="120.20011">
				<ele>-64.0</ele>
				<time>2019-09-17T13:14:41Z</time>
					<extensions>
						<ns3:TrackPointExtension>
							<ns3:speed>3.1</ns3:speed>
						</ns3:TrackPointExtension>
					</extensions>
			</trkpt>
			<trkpt lat="35.952778" lon="120.20011">
				<ele>-64.0</ele>
				<time>2019-09-17T13:14:42Z</time>
					<extensions>
						<ns3:TrackPointExtension>
							<ns3:speed>3.1</ns3:speed>
						</ns3:TrackPointExtension>
					</extensions>
			</trkpt>
			<trkpt lat="35.9528" lon="120.200096">
				<ele>-64.0</ele>
				<time>2019-09-17T13:14:43Z</time>
					<extensions>
						<ns3:TrackPointExtension>
							<ns3:speed>3.09</ns3:speed>
						</ns3:TrackPointExtension>
					</extensions>
			</trkpt>
			<trkpt lat="35.952824" lon="120.200096">
				<ele>-64.0</ele>
				<time>2019-09-17T13:14:44Z</time>
					<extensions>
						<ns3:TrackPointExtension>
							<ns3:speed>3.09</ns3:speed>
						</ns3:TrackPointExtension>
					</extensions>
			</trkpt>
			<trkpt lat="35.952847" lon="120.20009">
				<ele>-64.0</ele>
				<time>2019-09-17T13:14:45Z</time>
					<extensions>
						<ns3:TrackPointExtension>
							<ns3:speed>3.05</ns3:speed>
						</ns3:TrackPointExtension>
					</extensions>
			</trkpt>
			<trkpt lat="35.95287" lon="120.20009">
				<ele>-64.0</ele>
				<time>2019-09-17T13:14:46Z</time>
					<extensions>
						<ns3:TrackPointExtension>
							<ns3:speed>3.05</ns3:speed>
						</ns3:TrackPointExtension>
					</extensions>
			</trkpt>
			<trkpt lat="35.95289" lon="120.20008">
				<ele>-64.0</ele>
				<time>2019-09-17T13:14:47Z</time>
					<extensions>
						<ns3:TrackPointExtension>
							<ns3:speed>3.01</ns3:speed>
						</ns3:TrackPointExtension>
					</extensions>
			</trkpt>
			<trkpt lat="35.952908" lon="120.20008">
				<ele>-64.0</ele>
				<time>2019-09-17T13:14:48Z</time>
					<extensions>
						<ns3:TrackPointExtension>
							<ns3:speed>2.98</ns3:speed>
						</ns3:TrackPointExtension>
					</extensions>
			</trkpt>
			<trkpt lat="35.952923" lon="120.20008">
				<ele>-64.0</ele>
				<time>2019-09-17T13:14:49Z</time>
					<extensions>
						<ns3:TrackPointExtension>
							<ns3:speed>2.98</ns3:speed>
						</ns3:TrackPointExtension>
					</extensions>
			</trkpt>
			<trkpt lat="35.95294" lon="120.20008">
				<ele>-64.0</ele>
				<time>2019-09-17T13:14:50Z</time>
					<extensions>
						<ns3:TrackPointExtension>
							<ns3:speed>2.92</ns3:speed>
						</ns3:TrackPointExtension>
					</extensions>
			</trkpt>
			<trkpt lat="35.95296" lon="120.200066">
				<ele>-64.0</ele>
				<time>2019-09-17T13:14:51Z</time>
					<extensions>
						<ns3:TrackPointExtension>
							<ns3:speed>2.92</ns3:speed>
						</ns3:TrackPointExtension>
					</extensions>
			</trkpt>
			<trkpt lat="35.952976" lon="120.200066">
				<ele>-64.0</ele>
				<time>2019-09-17T13:14:52Z</time>
					<extensions>
						<ns3:TrackPointExtension>
							<ns3:speed>2.84</ns3:speed>
						</ns3:TrackPointExtension>
					</extensions>
			</trkpt>
			<trkpt lat="35.953" lon="120.20006">
				<ele>-64.0</ele>
				<time>2019-09-17T13:14:53Z</time>
					<extensions>
						<ns3:TrackPointExtension>
							<ns3:speed>2.8</ns3:speed>
						</ns3:TrackPointExtension>
					</extensions>
			</trkpt>
			<trkpt lat="35.953022" lon="120.20006">
				<ele>-64.0</ele>
				<time>2019-09-17T13:14:54Z</time>
					<extensions>
						<ns3:TrackPointExtension>
							<ns3:speed>2.8</ns3:speed>
						</ns3:TrackPointExtension>
					</extensions>
			</trkpt>
			<trkpt lat="35.953045" lon="120.20005">
				<ele>-64.0</ele>
				<time>2019-09-17T13:14:55Z</time>
					<extensions>
						<ns3:TrackPointExtension>
							<ns3:speed>2.75</ns3:speed>
						</ns3:TrackPointExtension>
					</extensions>
			</trkpt>
			<trkpt lat="35.953075" lon="120.200035">
				<ele>-64.0</ele>
				<time>2019-09-17T13:14:56Z</time>
					<extensions>
						<ns3:TrackPointExtension>
							<ns3:speed>2.75</ns3:speed>
						</ns3:TrackPointExtension>
					</extensions>
			</trkpt>
			<trkpt lat="35.953106" lon="120.20003">
				<ele>-64.0</ele>
				<time>2019-09-17T13:14:57Z</time>
					<extensions>
						<ns3:TrackPointExtension>
							<ns3:speed>2.74</ns3:speed>
						</ns3:TrackPointExtension>
					</extensions>
			</trkpt>
			<trkpt lat="35.953133" lon="120.20003">
				<ele>-64.0</ele>
				<time>2019-09-17T13:14:58Z</time>
					<extensions>
						<ns3:TrackPointExtension>
							<ns3:speed>2.75</ns3:speed>
						</ns3:TrackPointExtension>
					</extensions>
			</trkpt>
			<trkpt lat="35.95316" lon="120.20002">
				<ele>-64.0</ele>
				<time>2019-09-17T13:14:59Z</time>
					<extensions>
						<ns3:TrackPointExtension>
							<ns3:speed>2.77</ns3:speed>
						</ns3:TrackPointExtension>
					</extensions>
			</trkpt>
			<trkpt lat="35.953182" lon="120.200005">
				<ele>-64.0</ele>
				<time>2019-09-17T13:15:00Z</time>
					<extensions>
						<ns3:TrackPointExtension>
							<ns3:speed>2.79</ns3:speed>
						</ns3:TrackPointExtension>
					</extensions>
			</trkpt>
			<trkpt lat="35.95321" lon="120.2">
				<ele>-64.0</ele>
				<time>2019-09-17T13:15:01Z</time>
					<extensions>
						<ns3:TrackPointExtension>
							<ns3:speed>2.79</ns3:speed>
						</ns3:TrackPointExtension>
					</extensions>
			</trkpt>
			<trkpt lat="35.95323" lon="120.2">
				<ele>-64.0</ele>
				<time>2019-09-17T13:15:02Z</time>
					<extensions>
						<ns3:TrackPointExtension>
							<ns3:speed>2.8</ns3:speed>
						</ns3:TrackPointExtension>
					</extensions>
			</trkpt>
			<trkpt lat="35.95326" lon="120.19999">
				<ele>-64.0</ele>
				<time>2019-09-17T13:15:03Z</time>
					<extensions>
						<ns3:TrackPointExtension>
							<ns3:speed>2.81</ns3:speed>
						</ns3:TrackPointExtension>
					</extensions>
			</trkpt>
			<trkpt lat="35.95328" lon="120.199974">
				<ele>-64.0</ele>
				<time>2019-09-17T13:15:04Z</time>
					<extensions>
						<ns3:TrackPointExtension>
							<ns3:speed>2.82</ns3:speed>
						</ns3:TrackPointExtension>
					</extensions>
			</trkpt>
			<trkpt lat="35.953312" lon="120.19997">
				<ele>-64.0</ele>
				<time>2019-09-17T13:15:05Z</time>
					<extensions>
						<ns3:TrackPointExtension>
							<ns3:speed>2.82</ns3:speed>
						</ns3:TrackPointExtension>
					</extensions>
			</trkpt>
			<trkpt lat="35.95334" lon="120.19996">
				<ele>-64.0</ele>
				<time>2019-09-17T13:15:06Z</time>
					<extensions>
						<ns3:TrackPointExtension>
							<ns3:speed>2.82</ns3:speed>
						</ns3:TrackPointExtension>
					</extensions>
			</trkpt>
			<trkpt lat="35.953365" lon="120.19994">
				<ele>-64.0</ele>
				<time>2019-09-17T13:15:07Z</time>
					<extensions>
						<ns3:TrackPointExtension>
							<ns3:speed>2.84</ns3:speed>
						</ns3:TrackPointExtension>
					</extensions>
			</trkpt>
			<trkpt lat="35.95339" lon="120.19994">
				<ele>-64.0</ele>
				<time>2019-09-17T13:15:08Z</time>
					<extensions>
						<ns3:TrackPointExtension>
							<ns3:speed>2.87</ns3:speed>
						</ns3:TrackPointExtension>
					</extensions>
			</trkpt>
			<trkpt lat="35.953415" lon="120.199936">
				<ele>-64.0</ele>
				<time>2019-09-17T13:15:09Z</time>
					<extensions>
						<ns3:TrackPointExtension>
							<ns3:speed>2.88</ns3:speed>
						</ns3:TrackPointExtension>
					</extensions>
			</trkpt>
			<trkpt lat="35.953434" lon="120.19993">
				<ele>-64.0</ele>
				<time>2019-09-17T13:15:10Z</time>
					<extensions>
						<ns3:TrackPointExtension>
							<ns3:speed>2.89</ns3:speed>
						</ns3:TrackPointExtension>
					</extensions>
			</trkpt>
			<trkpt lat="35.95347" lon="120.19991">
				<ele>-64.0</ele>
				<time>2019-09-17T13:15:11Z</time>
					<extensions>
						<ns3:TrackPointExtension>
							<ns3:speed>2.89</ns3:speed>
						</ns3:TrackPointExtension>
					</extensions>
			</trkpt>
			<trkpt lat="35.95349" lon="120.1999">
				<ele>-64.0</ele>
				<time>2019-09-17T13:15:12Z</time>
					<extensions>
						<ns3:TrackPointExtension>
							<ns3:speed>2.89</ns3:speed>
						</ns3:TrackPointExtension>
					</extensions>
			</trkpt>
			<trkpt lat="35.953518" lon="120.1999">
				<ele>-64.0</ele>
				<time>2019-09-17T13:15:13Z</time>
					<extensions>
						<ns3:TrackPointExtension>
							<ns3:speed>2.9</ns3:speed>
						</ns3:TrackPointExtension>
					</extensions>
			</trkpt>
			<trkpt lat="35.953545" lon="120.199875">
				<ele>-64.0</ele>
				<time>2019-09-17T13:15:14Z</time>
					<extensions>
						<ns3:TrackPointExtension>
							<ns3:speed>2.9</ns3:speed>
						</ns3:TrackPointExtension>
					</extensions>
			</trkpt>
			<trkpt lat="35.953575" lon="120.199875">
				<ele>-63.0</ele>
				<time>2019-09-17T13:15:15Z</time>
					<extensions>
						<ns3:TrackPointExtension>
							<ns3:speed>2.91</ns3:speed>
						</ns3:TrackPointExtension>
					</extensions>
			</trkpt>
			<trkpt lat="35.9536" lon="120.19985">
				<ele>-63.0</ele>
				<time>2019-09-17T13:15:16Z</time>
					<extensions>
						<ns3:TrackPointExtension>
							<ns3:speed>2.91</ns3:speed>
						</ns3:TrackPointExtension>
					</extensions>
			</trkpt>
			<trkpt lat="35.953632" lon="120.199844">
				<ele>-63.0</ele>
				<time>2019-09-17T13:15:17Z</time>
					<extensions>
						<ns3:TrackPointExtension>
							<ns3:speed>2.93</ns3:speed>
						</ns3:TrackPointExtension>
					</extensions>
			</trkpt>
			<trkpt lat="35.953663" lon="120.19984">
				<ele>-63.0</ele>
				<time>2019-09-17T13:15:18Z</time>
					<extensions>
						<ns3:TrackPointExtension>
							<ns3:speed>2.93</ns3:speed>
						</ns3:TrackPointExtension>
					</extensions>
			</trkpt>
			<trkpt lat="35.953686" lon="120.19982">
				<ele>-63.0</ele>
				<time>2019-09-17T13:15:19Z</time>
					<extensions>
						<ns3:TrackPointExtension>
							<ns3:speed>2.96</ns3:speed>
						</ns3:TrackPointExtension>
					</extensions>
			</trkpt>
			<trkpt lat="35.95371" lon="120.199814">
				<ele>-63.0</ele>
				<time>2019-09-17T13:15:20Z</time>
					<extensions>
						<ns3:TrackPointExtension>
							<ns3:speed>2.97</ns3:speed>
						</ns3:TrackPointExtension>
					</extensions>
			</trkpt>
			<trkpt lat="35.95373" lon="120.199814">
				<ele>-63.0</ele>
				<time>2019-09-17T13:15:21Z</time>
					<extensions>
						<ns3:TrackPointExtension>
							<ns3:speed>2.97</ns3:speed>
						</ns3:TrackPointExtension>
					</extensions>
			</trkpt>
			<trkpt lat="35.953762" lon="120.19979">
				<ele>-63.0</ele>
				<time>2019-09-17T13:15:22Z</time>
					<extensions>
						<ns3:TrackPointExtension>
							<ns3:speed>2.99</ns3:speed>
						</ns3:TrackPointExtension>
					</extensions>
			</trkpt>
			<trkpt lat="35.95378" lon="120.19978">
				<ele>-62.0</ele>
				<time>2019-09-17T13:15:23Z</time>
					<extensions>
						<ns3:TrackPointExtension>
							<ns3:speed>2.99</ns3:speed>
						</ns3:TrackPointExtension>
					</extensions>
			</trkpt>
			<trkpt lat="35.953808" lon="120.199776">
				<ele>-62.0</ele>
				<time>2019-09-17T13:15:24Z</time>
					<extensions>
						<ns3:TrackPointExtension>
							<ns3:speed>2.98</ns3:speed>
						</ns3:TrackPointExtension>
					</extensions>
			</trkpt>
			<trkpt lat="35.953842" lon="120.19976">
				<ele>-62.0</ele>
				<time>2019-09-17T13:15:25Z</time>
					<extensions>
						<ns3:TrackPointExtension>
							<ns3:speed>2.98</ns3:speed>
						</ns3:TrackPointExtension>
					</extensions>
			</trkpt>
			<trkpt lat="35.953865" lon="120.19975">
				<ele>-62.0</ele>
				<time>2019-09-17T13:15:26Z</time>
					<extensions>
						<ns3:TrackPointExtension>
							<ns3:speed>2.98</ns3:speed>
						</ns3:TrackPointExtension>
					</extensions>
			</trkpt>
			<trkpt lat="35.953888" lon="120.199745">
				<ele>-62.0</ele>
				<time>2019-09-17T13:15:27Z</time>
					<extensions>
						<ns3:TrackPointExtension>
							<ns3:speed>2.99</ns3:speed>
						</ns3:TrackPointExtension>
					</extensions>
			</trkpt>
			<trkpt lat="35.95391" lon="120.19973">
				<ele>-62.0</ele>
				<time>2019-09-17T13:15:28Z</time>
					<extensions>
						<ns3:TrackPointExtension>
							<ns3:speed>2.99</ns3:speed>
						</ns3:TrackPointExtension>
					</extensions>
			</trkpt>
			<trkpt lat="35.953934" lon="120.19972">
				<ele>-62.0</ele>
				<time>2019-09-17T13:15:29Z</time>
					<extensions>
						<ns3:TrackPointExtension>
							<ns3:speed>2.98</ns3:speed>
						</ns3:TrackPointExtension>
					</extensions>
			</trkpt>
			<trkpt lat="35.953953" lon="120.19972">
				<ele>-62.0</ele>
				<time>2019-09-17T13:15:30Z</time>
					<extensions>
						<ns3:TrackPointExtension>
							<ns3:speed>2.98</ns3:speed>
						</ns3:TrackPointExtension>
					</extensions>
			</trkpt>
			<trkpt lat="35.953964" lon="120.19971">
				<ele>-62.0</ele>
				<time>2019-09-17T13:15:31Z</time>
					<extensions>
						<ns3:TrackPointExtension>
							<ns3:speed>2.96</ns3:speed>
						</ns3:TrackPointExtension>
					</extensions>
			</trkpt>
			<trkpt lat="35.953983" lon="120.1997">
				<ele>-62.0</ele>
				<time>2019-09-17T13:15:32Z</time>
					<extensions>
						<ns3:TrackPointExtension>
							<ns3:speed>2.93</ns3:speed>
						</ns3:TrackPointExtension>
					</extensions>
			</trkpt>
			<trkpt lat="35.954" lon="120.1997">
				<ele>-62.0</ele>
				<time>2019-09-17T13:15:33Z</time>
					<extensions>
						<ns3:TrackPointExtension>
							<ns3:speed>2.93</ns3:speed>
						</ns3:TrackPointExtension>
					</extensions>
			</trkpt>
			<trkpt lat="35.95401" lon="120.19969">
				<ele>-62.0</ele>
				<time>2019-09-17T13:15:34Z</time>
					<extensions>
						<ns3:TrackPointExtension>
							<ns3:speed>2.84</ns3:speed>
						</ns3:TrackPointExtension>
					</extensions>
			</trkpt>
			<trkpt lat="35.95402" lon="120.19969">
				<ele>-62.0</ele>
				<time>2019-09-17T13:15:35Z</time>
					<extensions>
						<ns3:TrackPointExtension>
							<ns3:speed>2.78</ns3:speed>
						</ns3:TrackPointExtension>
					</extensions>
			</trkpt>
			<trkpt lat="35.954037" lon="120.19969">
				<ele>-61.0</ele>
				<time>2019-09-17T13:15:36Z</time>
					<extensions>
						<ns3:TrackPointExtension>
							<ns3:speed>2.72</ns3:speed>
						</ns3:TrackPointExtension>
					</extensions>
			</trkpt>
			<trkpt lat="35.95405" lon="120.19968">
				<ele>-61.0</ele>
				<time>2019-09-17T13:15:37Z</time>
					<extensions>
						<ns3:TrackPointExtension>
							<ns3:speed>2.66</ns3:speed>
						</ns3:TrackPointExtension>
					</extensions>
			</trkpt>
			<trkpt lat="35.95406" lon="120.19968">
				<ele>-61.0</ele>
				<time>2019-09-17T13:15:38Z</time>
					<extensions>
						<ns3:TrackPointExtension>
							<ns3:speed>2.66</ns3:speed>
						</ns3:TrackPointExtension>
					</extensions>
			</trkpt>
			<trkpt lat="35.95407" lon="120.19968">
				<ele>-61.0</ele>
				<time>2019-09-17T13:15:39Z</time>
					<extensions>
						<ns3:TrackPointExtension>
							<ns3:speed>2.55</ns3:speed>
						</ns3:TrackPointExtension>
					</extensions>
			</trkpt>
			<trkpt lat="35.954082" lon="120.19968">
				<ele>-61.0</ele>
				<time>2019-09-17T13:15:40Z</time>
					<extensions>
						<ns3:TrackPointExtension>
							<ns3:speed>2.49</ns3:speed>
						</ns3:TrackPointExtension>
					</extensions>
			</trkpt>
			<trkpt lat="35.954098" lon="120.19973">
				<ele>-61.0</ele>
				<time>2019-09-17T13:15:41Z</time>
					<extensions>
						<ns3:TrackPointExtension>
							<ns3:speed>2.44</ns3:speed>
						</ns3:TrackPointExtension>
					</extensions>
			</trkpt>
			<trkpt lat="35.954105" lon="120.199745">
				<ele>-61.0</ele>
				<time>2019-09-17T13:15:42Z</time>
					<extensions>
						<ns3:TrackPointExtension>
							<ns3:speed>2.4</ns3:speed>
						</ns3:TrackPointExtension>
					</extensions>
			</trkpt>
			<trkpt lat="35.954113" lon="120.19975">
				<ele>-61.0</ele>
				<time>2019-09-17T13:15:43Z</time>
					<extensions>
						<ns3:TrackPointExtension>
							<ns3:speed>2.4</ns3:speed>
						</ns3:TrackPointExtension>
					</extensions>
			</trkpt>
			<trkpt lat="35.95412" lon="120.19976">
				<ele>-61.0</ele>
				<time>2019-09-17T13:15:44Z</time>
					<extensions>
						<ns3:TrackPointExtension>
							<ns3:speed>2.33</ns3:speed>
						</ns3:TrackPointExtension>
					</extensions>
			</trkpt>
			<trkpt lat="35.95412" lon="120.19976">
				<ele>-61.0</ele>
				<time>2019-09-17T13:15:45Z</time>
					<extensions>
						<ns3:TrackPointExtension>
							<ns3:speed>2.33</ns3:speed>
						</ns3:TrackPointExtension>
					</extensions>
			</trkpt>
			<trkpt lat="35.95413" lon="120.199776">
				<ele>-61.0</ele>
				<time>2019-09-17T13:15:46Z</time>
					<extensions>
						<ns3:TrackPointExtension>
							<ns3:speed>2.23</ns3:speed>
						</ns3:TrackPointExtension>
					</extensions>
			</trkpt>
			<trkpt lat="35.95413" lon="120.199776">
				<ele>-61.0</ele>
				<time>2019-09-17T13:15:47Z</time>
					<extensions>
						<ns3:TrackPointExtension>
							<ns3:speed>2.17</ns3:speed>
						</ns3:TrackPointExtension>
					</extensions>
			</trkpt>
			<trkpt lat="35.95413" lon="120.19978">
				<ele>-61.0</ele>
				<time>2019-09-17T13:15:48Z</time>
					<extensions>
						<ns3:TrackPointExtension>
							<ns3:speed>2.17</ns3:speed>
						</ns3:TrackPointExtension>
					</extensions>
			</trkpt>
			<trkpt lat="35.954132" lon="120.19979">
				<ele>-61.0</ele>
				<time>2019-09-17T13:15:49Z</time>
					<extensions>
						<ns3:TrackPointExtension>
							<ns3:speed>0.0</ns3:speed>
						</ns3:TrackPointExtension>
					</extensions>
			</trkpt>
			<trkpt lat="35.954136" lon="120.19981">
				<ele>-61.0</ele>
				<time>2019-09-17T13:15:50Z</time>
					<extensions>
						<ns3:TrackPointExtension>
							<ns3:speed>0.0</ns3:speed>
						</ns3:TrackPointExtension>
					</extensions>
			</trkpt>
			<trkpt lat="35.954136" lon="120.199814">
				<ele>-61.0</ele>
				<time>2019-09-17T13:15:51Z</time>
					<extensions>
						<ns3:TrackPointExtension>
							<ns3:speed>0.0</ns3:speed>
						</ns3:TrackPointExtension>
					</extensions>
			</trkpt>
			<trkpt lat="35.954144" lon="120.19982">
				<ele>-61.0</ele>
				<time>2019-09-17T13:15:52Z</time>
					<extensions>
						<ns3:TrackPointExtension>
							<ns3:speed>0.0</ns3:speed>
						</ns3:TrackPointExtension>
					</extensions>
			</trkpt>
			<trkpt lat="35.954144" lon="120.19984">
				<ele>-61.0</ele>
				<time>2019-09-17T13:15:53Z</time>
					<extensions>
						<ns3:TrackPointExtension>
							<ns3:speed>0.0</ns3:speed>
						</ns3:TrackPointExtension>
					</extensions>
			</trkpt>
			<trkpt lat="35.95415" lon="120.19985">
				<ele>-61.0</ele>
				<time>2019-09-17T13:15:54Z</time>
					<extensions>
						<ns3:TrackPointExtension>
							<ns3:speed>0.0</ns3:speed>
						</ns3:TrackPointExtension>
					</extensions>
			</trkpt>
			<trkpt lat="35.95416" lon="120.199875">
				<ele>-61.0</ele>
				<time>2019-09-17T13:15:55Z</time>
					<extensions>
						<ns3:TrackPointExtension>
							<ns3:speed>0.0</ns3:speed>
						</ns3:TrackPointExtension>
					</extensions>
			</trkpt>
			<trkpt lat="35.954163" lon="120.199905">
				<ele>-61.0</ele>
				<time>2019-09-17T13:15:56Z</time>
					<extensions>
						<ns3:TrackPointExtension>
							<ns3:speed>0.0</ns3:speed>
						</ns3:TrackPointExtension>
					</extensions>
			</trkpt>
			<trkpt lat="35.95417" lon="120.19994">
				<ele>-61.0</ele>
				<time>2019-09-17T13:15:57Z</time>
					<extensions>
						<ns3:TrackPointExtension>
							<ns3:speed>1.74</ns3:speed>
						</ns3:TrackPointExtension>
					</extensions>
			</trkpt>
			<trkpt lat="35.95418" lon="120.199974">
				<ele>-61.0</ele>
				<time>2019-09-17T13:15:58Z</time>
					<extensions>
						<ns3:TrackPointExtension>
							<ns3:speed>1.77</ns3:speed>
						</ns3:TrackPointExtension>
					</extensions>
			</trkpt>
			<trkpt lat="35.954193" lon="120.200005">
				<ele>-61.0</ele>
				<time>2019-09-17T13:15:59Z</time>
					<extensions>
						<ns3:TrackPointExtension>
							<ns3:speed>1.82</ns3:speed>
						</ns3:TrackPointExtension>
					</extensions>
			</trkpt>
			<trkpt lat="35.95421" lon="120.200035">
				<ele>-61.0</ele>
				<time>2019-09-17T13:16:00Z</time>
					<extensions>
						<ns3:TrackPointExtension>
							<ns3:speed>1.82</ns3:speed>
						</ns3:TrackPointExtension>
					</extensions>
			</trkpt>
			<trkpt lat="35.954224" lon="120.200066">
				<ele>-61.0</ele>
				<time>2019-09-17T13:16:01Z</time>
					<extensions>
						<ns3:TrackPointExtension>
							<ns3:speed>1.96</ns3:speed>
						</ns3:TrackPointExtension>
					</extensions>
			</trkpt>
			<trkpt lat="35.95424" lon="120.20009">
				<ele>-61.0</ele>
				<time>2019-09-17T13:16:02Z</time>
					<extensions>
						<ns3:TrackPointExtension>
							<ns3:speed>2.02</ns3:speed>
						</ns3:TrackPointExtension>
					</extensions>
			</trkpt>
			<trkpt lat="35.954254" lon="120.20012">
				<ele>-61.0</ele>
				<time>2019-09-17T13:16:03Z</time>
					<extensions>
						<ns3:TrackPointExtension>
							<ns3:speed>2.08</ns3:speed>
						</ns3:TrackPointExtension>
					</extensions>
			</trkpt>
			<trkpt lat="35.95427" lon="120.20015">
				<ele>-61.0</ele>
				<time>2019-09-17T13:16:04Z</time>
					<extensions>
						<ns3:TrackPointExtension>
							<ns3:speed>2.14</ns3:speed>
						</ns3:TrackPointExtension>
					</extensions>
			</trkpt>
			<trkpt lat="35.954285" lon="120.20018">
				<ele>-61.0</ele>
				<time>2019-09-17T13:16:05Z</time>
					<extensions>
						<ns3:TrackPointExtension>
							<ns3:speed>2.14</ns3:speed>
						</ns3:TrackPointExtension>
					</extensions>
			</trkpt>
			<trkpt lat="35.9543" lon="120.20021">
				<ele>-61.0</ele>
				<time>2019-09-17T13:16:06Z</time>
					<extensions>
						<ns3:TrackPointExtension>
							<ns3:speed>2.23</ns3:speed>
						</ns3:TrackPointExtension>
					</extensions>
			</trkpt>
			<trkpt lat="35.954315" lon="120.20023">
				<ele>-60.0</ele>
				<time>2019-09-17T13:16:07Z</time>
					<extensions>
						<ns3:TrackPointExtension>
							<ns3:speed>2.27</ns3:speed>
						</ns3:TrackPointExtension>
					</extensions>
			</trkpt>
			<trkpt lat="35.95433" lon="120.200264">
				<ele>-60.0</ele>
				<time>2019-09-17T13:16:08Z</time>
					<extensions>
						<ns3:TrackPointExtension>
							<ns3:speed>2.31</ns3:speed>
						</ns3:TrackPointExtension>
					</extensions>
			</trkpt>
			<trkpt lat="35.954346" lon="120.2003">
				<ele>-60.0</ele>
				<time>2019-09-17T13:16:09Z</time>
					<extensions>
						<ns3:TrackPointExtension>
							<ns3:speed>2.34</ns3:speed>
						</ns3:TrackPointExtension>
					</extensions>
			</trkpt>
			<trkpt lat="35.954365" lon="120.20033">
				<ele>-60.0</ele>
				<time>2019-09-17T13:16:10Z</time>
					<extensions>
						<ns3:TrackPointExtension>
							<ns3:speed>2.34</ns3:speed>
						</ns3:TrackPointExtension>
					</extensions>
			</trkpt>
			<trkpt lat="35.95438" lon="120.20038">
				<ele>-60.0</ele>
				<time>2019-09-17T13:16:11Z</time>
					<extensions>
						<ns3:TrackPointExtension>
							<ns3:speed>2.42</ns3:speed>
						</ns3:TrackPointExtension>
					</extensions>
			</trkpt>
			<trkpt lat="35.954395" lon="120.20041">
				<ele>-60.0</ele>
				<time>2019-09-17T13:16:12Z</time>
					<extensions>
						<ns3:TrackPointExtension>
							<ns3:speed>2.46</ns3:speed>
						</ns3:TrackPointExtension>
					</extensions>
			</trkpt>
			<trkpt lat="35.954403" lon="120.20045">
				<ele>-60.0</ele>
				<time>2019-09-17T13:16:13Z</time>
					<extensions>
						<ns3:TrackPointExtension>
							<ns3:speed>2.51</ns3:speed>
						</ns3:TrackPointExtension>
					</extensions>
			</trkpt>
			<trkpt lat="35.954414" lon="120.20048">
				<ele>-60.0</ele>
				<time>2019-09-17T13:16:14Z</time>
					<extensions>
						<ns3:TrackPointExtension>
							<ns3:speed>2.55</ns3:speed>
						</ns3:TrackPointExtension>
					</extensions>
			</trkpt>
			<trkpt lat="35.95443" lon="120.20052">
				<ele>-60.0</ele>
				<time>2019-09-17T13:16:15Z</time>
					<extensions>
						<ns3:TrackPointExtension>
							<ns3:speed>2.55</ns3:speed>
						</ns3:TrackPointExtension>
					</extensions>
			</trkpt>
			<trkpt lat="35.95444" lon="120.20057">
				<ele>-60.0</ele>
				<time>2019-09-17T13:16:16Z</time>
					<extensions>
						<ns3:TrackPointExtension>
							<ns3:speed>2.64</ns3:speed>
						</ns3:TrackPointExtension>
					</extensions>
			</trkpt>
			<trkpt lat="35.95445" lon="120.2006">
				<ele>-60.0</ele>
				<time>2019-09-17T13:16:17Z</time>
					<extensions>
						<ns3:TrackPointExtension>
							<ns3:speed>2.64</ns3:speed>
						</ns3:TrackPointExtension>
					</extensions>
			</trkpt>
			<trkpt lat="35.954456" lon="120.20063">
				<ele>-60.0</ele>
				<time>2019-09-17T13:16:18Z</time>
					<extensions>
						<ns3:TrackPointExtension>
							<ns3:speed>2.71</ns3:speed>
						</ns3:TrackPointExtension>
					</extensions>
			</trkpt>
			<trkpt lat="35.954464" lon="120.200676">
				<ele>-60.0</ele>
				<time>2019-09-17T13:16:19Z</time>
					<extensions>
						<ns3:TrackPointExtension>
							<ns3:speed>2.76</ns3:speed>
						</ns3:TrackPointExtension>
					</extensions>
			</trkpt>
			<trkpt lat="35.954475" lon="120.200714">
				<ele>-60.0</ele>
				<time>2019-09-17T13:16:20Z</time>
					<extensions>
						<ns3:TrackPointExtension>
							<ns3:speed>2.76</ns3:speed>
						</ns3:TrackPointExtension>
					</extensions>
			</trkpt>
			<trkpt lat="35.95448" lon="120.20074">
				<ele>-60.0</ele>
				<time>2019-09-17T13:16:21Z</time>
					<extensions>
						<ns3:TrackPointExtension>
							<ns3:speed>2.83</ns3:speed>
						</ns3:TrackPointExtension>
					</extensions>
			</trkpt>
			<trkpt lat="35.954487" lon="120.20077">
				<ele>-60.0</ele>
				<time>2019-09-17T13:16:22Z</time>
					<extensions>
						<ns3:TrackPointExtension>
							<ns3:speed>2.83</ns3:speed>
						</ns3:TrackPointExtension>
					</extensions>
			</trkpt>
			<trkpt lat="35.95449" lon="120.200806">
				<ele>-60.0</ele>
				<time>2019-09-17T13:16:23Z</time>
					<extensions>
						<ns3:TrackPointExtension>
							<ns3:speed>2.86</ns3:speed>
						</ns3:TrackPointExtension>
					</extensions>
			</trkpt>
			<trkpt lat="35.9545" lon="120.200836">
				<ele>-60.0</ele>
				<time>2019-09-17T13:16:24Z</time>
					<extensions>
						<ns3:TrackPointExtension>
							<ns3:speed>2.88</ns3:speed>
						</ns3:TrackPointExtension>
					</extensions>
			</trkpt>
			<trkpt lat="35.954506" lon="120.200874">
				<ele>-60.0</ele>
				<time>2019-09-17T13:16:25Z</time>
					<extensions>
						<ns3:TrackPointExtension>
							<ns3:speed>2.88</ns3:speed>
						</ns3:TrackPointExtension>
					</extensions>
			</trkpt>
			<trkpt lat="35.95451" lon="120.20091">
				<ele>-60.0</ele>
				<time>2019-09-17T13:16:26Z</time>
					<extensions>
						<ns3:TrackPointExtension>
							<ns3:speed>2.89</ns3:speed>
						</ns3:TrackPointExtension>
					</extensions>
			</trkpt>
			<trkpt lat="35.954517" lon="120.20094">
				<ele>-60.0</ele>
				<time>2019-09-17T13:16:27Z</time>
					<extensions>
						<ns3:TrackPointExtension>
							<ns3:speed>2.89</ns3:speed>
						</ns3:TrackPointExtension>
					</extensions>
			</trkpt>
			<trkpt lat="35.95452" lon="120.20097">
				<ele>-60.0</ele>
				<time>2019-09-17T13:16:28Z</time>
					<extensions>
						<ns3:TrackPointExtension>
							<ns3:speed>2.92</ns3:speed>
						</ns3:TrackPointExtension>
					</extensions>
			</trkpt>
			<trkpt lat="35.95453" lon="120.201004">
				<ele>-60.0</ele>
				<time>2019-09-17T13:16:29Z</time>
					<extensions>
						<ns3:TrackPointExtension>
							<ns3:speed>2.93</ns3:speed>
						</ns3:TrackPointExtension>
					</extensions>
			</trkpt>
			<trkpt lat="35.954536" lon="120.201035">
				<ele>-60.0</ele>
				<time>2019-09-17T13:16:30Z</time>
					<extensions>
						<ns3:TrackPointExtension>
							<ns3:speed>2.94</ns3:speed>
						</ns3:TrackPointExtension>
					</extensions>
			</trkpt>
			<trkpt lat="35.95454" lon="120.201065">
				<ele>-60.0</ele>
				<time>2019-09-17T13:16:31Z</time>
					<extensions>
						<ns3:TrackPointExtension>
							<ns3:speed>2.94</ns3:speed>
						</ns3:TrackPointExtension>
					</extensions>
			</trkpt>
			<trkpt lat="35.95455" lon="120.2011">
				<ele>-60.0</ele>
				<time>2019-09-17T13:16:32Z</time>
					<extensions>
						<ns3:TrackPointExtension>
							<ns3:speed>2.94</ns3:speed>
						</ns3:TrackPointExtension>
					</extensions>
			</trkpt>
			<trkpt lat="35.95456" lon="120.20113">
				<ele>-60.0</ele>
				<time>2019-09-17T13:16:33Z</time>
					<extensions>
						<ns3:TrackPointExtension>
							<ns3:speed>2.95</ns3:speed>
						</ns3:TrackPointExtension>
					</extensions>
			</trkpt>
			<trkpt lat="35.954567" lon="120.201164">
				<ele>-60.0</ele>
				<time>2019-09-17T13:16:34Z</time>
					<extensions>
						<ns3:TrackPointExtension>
							<ns3:speed>2.96</ns3:speed>
						</ns3:TrackPointExtension>
					</extensions>
			</trkpt>
			<trkpt lat="35.954575" lon="120.201195">
				<ele>-60.0</ele>
				<time>2019-09-17T13:16:35Z</time>
					<extensions>
						<ns3:TrackPointExtension>
							<ns3:speed>2.98</ns3:speed>
						</ns3:TrackPointExtension>
					</extensions>
			</trkpt>
			<trkpt lat="35.954586" lon="120.20123">
				<ele>-60.0</ele>
				<time>2019-09-17T13:16:36Z</time>
					<extensions>
						<ns3:TrackPointExtension>
							<ns3:speed>2.99</ns3:speed>
						</ns3:TrackPointExtension>
					</extensions>
			</trkpt>
			<trkpt lat="35.95459" lon="120.20126">
				<ele>-60.0</ele>
				<time>2019-09-17T13:16:37Z</time>
					<extensions>
						<ns3:TrackPointExtension>
							<ns3:speed>2.99</ns3:speed>
						</ns3:TrackPointExtension>
					</extensions>
			</trkpt>
			<trkpt lat="35.954597" lon="120.20131">
				<ele>-61.0</ele>
				<time>2019-09-17T13:16:38Z</time>
					<extensions>
						<ns3:TrackPointExtension>
							<ns3:speed>3.01</ns3:speed>
						</ns3:TrackPointExtension>
					</extensions>
			</trkpt>
			<trkpt lat="35.954605" lon="120.20134">
				<ele>-61.0</ele>
				<time>2019-09-17T13:16:39Z</time>
					<extensions>
						<ns3:TrackPointExtension>
							<ns3:speed>3.03</ns3:speed>
						</ns3:TrackPointExtension>
					</extensions>
			</trkpt>
			<trkpt lat="35.954613" lon="120.20138">
				<ele>-61.0</ele>
				<time>2019-09-17T13:16:40Z</time>
					<extensions>
						<ns3:TrackPointExtension>
							<ns3:speed>3.03</ns3:speed>
						</ns3:TrackPointExtension>
					</extensions>
			</trkpt>
			<trkpt lat="35.954613" lon="120.20142">
				<ele>-61.0</ele>
				<time>2019-09-17T13:16:41Z</time>
					<extensions>
						<ns3:TrackPointExtension>
							<ns3:speed>3.05</ns3:speed>
						</ns3:TrackPointExtension>
					</extensions>
			</trkpt>
			<trkpt lat="35.954617" lon="120.201454">
				<ele>-61.0</ele>
				<time>2019-09-17T13:16:42Z</time>
					<extensions>
						<ns3:TrackPointExtension>
							<ns3:speed>3.05</ns3:speed>
						</ns3:TrackPointExtension>
					</extensions>
			</trkpt>
			<trkpt lat="35.95462" lon="120.201485">
				<ele>-61.0</ele>
				<time>2019-09-17T13:16:43Z</time>
					<extensions>
						<ns3:TrackPointExtension>
							<ns3:speed>3.06</ns3:speed>
						</ns3:TrackPointExtension>
					</extensions>
			</trkpt>
			<trkpt lat="35.95462" lon="120.201515">
				<ele>-61.0</ele>
				<time>2019-09-17T13:16:44Z</time>
					<extensions>
						<ns3:TrackPointExtension>
							<ns3:speed>3.06</ns3:speed>
						</ns3:TrackPointExtension>
					</extensions>
			</trkpt>
			<trkpt lat="35.95462" lon="120.201546">
				<ele>-61.0</ele>
				<time>2019-09-17T13:16:45Z</time>
					<extensions>
						<ns3:TrackPointExtension>
							<ns3:speed>3.07</ns3:speed>
						</ns3:TrackPointExtension>
					</extensions>
			</trkpt>
			<trkpt lat="35.95462" lon="120.20156">
				<ele>-61.0</ele>
				<time>2019-09-17T13:16:46Z</time>
					<extensions>
						<ns3:TrackPointExtension>
							<ns3:speed>3.06</ns3:speed>
						</ns3:TrackPointExtension>
					</extensions>
			</trkpt>
			<trkpt lat="35.95462" lon="120.20159">
				<ele>-61.0</ele>
				<time>2019-09-17T13:16:47Z</time>
					<extensions>
						<ns3:TrackPointExtension>
							<ns3:speed>3.06</ns3:speed>
						</ns3:TrackPointExtension>
					</extensions>
			</trkpt>
			<trkpt lat="35.954624" lon="120.20162">
				<ele>-61.0</ele>
				<time>2019-09-17T13:16:48Z</time>
					<extensions>
						<ns3:TrackPointExtension>
							<ns3:speed>3.02</ns3:speed>
						</ns3:TrackPointExtension>
					</extensions>
			</trkpt>
			<trkpt lat="35.954628" lon="120.20167">
				<ele>-61.0</ele>
				<time>2019-09-17T13:16:49Z</time>
					<extensions>
						<ns3:TrackPointExtension>
							<ns3:speed>3.02</ns3:speed>
						</ns3:TrackPointExtension>
					</extensions>
			</trkpt>
			<trkpt lat="35.954628" lon="120.2017">
				<ele>-61.0</ele>
				<time>2019-09-17T13:16:50Z</time>
					<extensions>
						<ns3:TrackPointExtension>
							<ns3:speed>3.0</ns3:speed>
						</ns3:TrackPointExtension>
					</extensions>
			</trkpt>
			<trkpt lat="35.95463" lon="120.20173">
				<ele>-61.0</ele>
				<time>2019-09-17T13:16:51Z</time>
					<extensions>
						<ns3:TrackPointExtension>
							<ns3:speed>3.0</ns3:speed>
						</ns3:TrackPointExtension>
					</extensions>
			</trkpt>
			<trkpt lat="35.954636" lon="120.20175">
				<ele>-61.0</ele>
				<time>2019-09-17T13:16:52Z</time>
					<extensions>
						<ns3:TrackPointExtension>
							<ns3:speed>2.99</ns3:speed>
						</ns3:TrackPointExtension>
					</extensions>
			</trkpt>
			<trkpt lat="35.954636" lon="120.20178">
				<ele>-61.0</ele>
				<time>2019-09-17T13:16:53Z</time>
					<extensions>
						<ns3:TrackPointExtension>
							<ns3:speed>3.0</ns3:speed>
						</ns3:TrackPointExtension>
					</extensions>
			</trkpt>
			<trkpt lat="35.95464" lon="120.20181">
				<ele>-61.0</ele>
				<time>2019-09-17T13:16:54Z</time>
					<extensions>
						<ns3:TrackPointExtension>
							<ns3:speed>3.0</ns3:speed>
						</ns3:TrackPointExtension>
					</extensions>
			</trkpt>
			<trkpt lat="35.954643" lon="120.20184">
				<ele>-61.0</ele>
				<time>2019-09-17T13:16:55Z</time>
					<extensions>
						<ns3:TrackPointExtension>
							<ns3:speed>2.98</ns3:speed>
						</ns3:TrackPointExtension>
					</extensions>
			</trkpt>
			<trkpt lat="35.95465" lon="120.20187">
				<ele>-61.0</ele>
				<time>2019-09-17T13:16:56Z</time>
					<extensions>
						<ns3:TrackPointExtension>
							<ns3:speed>2.98</ns3:speed>
						</ns3:TrackPointExtension>
					</extensions>
			</trkpt>
			<trkpt lat="35.95466" lon="120.20189">
				<ele>-61.0</ele>
				<time>2019-09-17T13:16:57Z</time>
					<extensions>
						<ns3:TrackPointExtension>
							<ns3:speed>2.97</ns3:speed>
						</ns3:TrackPointExtension>
					</extensions>
			</trkpt>
			<trkpt lat="35.954666" lon="120.20192">
				<ele>-61.0</ele>
				<time>2019-09-17T13:16:58Z</time>
					<extensions>
						<ns3:TrackPointExtension>
							<ns3:speed>2.97</ns3:speed>
						</ns3:TrackPointExtension>
					</extensions>
			</trkpt>
			<trkpt lat="35.954674" lon="120.201965">
				<ele>-61.0</ele>
				<time>2019-09-17T13:16:59Z</time>
					<extensions>
						<ns3:TrackPointExtension>
							<ns3:speed>2.96</ns3:speed>
						</ns3:TrackPointExtension>
					</extensions>
			</trkpt>
			<trkpt lat="35.954678" lon="120.202">
				<ele>-61.0</ele>
				<time>2019-09-17T13:17:00Z</time>
					<extensions>
						<ns3:TrackPointExtension>
							<ns3:speed>2.97</ns3:speed>
						</ns3:TrackPointExtension>
					</extensions>
			</trkpt>
			<trkpt lat="35.95469" lon="120.202034">
				<ele>-61.0</ele>
				<time>2019-09-17T13:17:01Z</time>
					<extensions>
						<ns3:TrackPointExtension>
							<ns3:speed>2.97</ns3:speed>
						</ns3:TrackPointExtension>
					</extensions>
			</trkpt>
			<trkpt lat="35.954693" lon="120.202065">
				<ele>-61.0</ele>
				<time>2019-09-17T13:17:02Z</time>
					<extensions>
						<ns3:TrackPointExtension>
							<ns3:speed>2.99</ns3:speed>
						</ns3:TrackPointExtension>
					</extensions>
			</trkpt>
			<trkpt lat="35.954704" lon="120.202095">
				<ele>-61.0</ele>
				<time>2019-09-17T13:17:03Z</time>
					<extensions>
						<ns3:TrackPointExtension>
							<ns3:speed>3.01</ns3:speed>
						</ns3:TrackPointExtension>
					</extensions>
			</trkpt>
			<trkpt lat="35.954712" lon="120.20214">
				<ele>-61.0</ele>
				<time>2019-09-17T13:17:04Z</time>
					<extensions>
						<ns3:TrackPointExtension>
							<ns3:speed>3.02</ns3:speed>
						</ns3:TrackPointExtension>
					</extensions>
			</trkpt>
			<trkpt lat="35.95472" lon="120.20217">
				<ele>-61.0</ele>
				<time>2019-09-17T13:17:05Z</time>
					<extensions>
						<ns3:TrackPointExtension>
							<ns3:speed>3.03</ns3:speed>
						</ns3:TrackPointExtension>
					</extensions>
			</trkpt>
			<trkpt lat="35.954727" lon="120.20219">
				<ele>-61.0</ele>
				<time>2019-09-17T13:17:06Z</time>
					<extensions>
						<ns3:TrackPointExtension>
							<ns3:speed>3.03</ns3:speed>
						</ns3:TrackPointExtension>
					</extensions>
			</trkpt>
			<trkpt lat="35.954735" lon="120.20223">
				<ele>-61.0</ele>
				<time>2019-09-17T13:17:07Z</time>
					<extensions>
						<ns3:TrackPointExtension>
							<ns3:speed>3.03</ns3:speed>
						</ns3:TrackPointExtension>
					</extensions>
			</trkpt>
			<trkpt lat="35.954746" lon="120.20226">
				<ele>-61.0</ele>
				<time>2019-09-17T13:17:08Z</time>
					<extensions>
						<ns3:TrackPointExtension>
							<ns3:speed>3.03</ns3:speed>
						</ns3:TrackPointExtension>
					</extensions>
			</trkpt>
			<trkpt lat="35.954758" lon="120.2023">
				<ele>-61.0</ele>
				<time>2019-09-17T13:17:09Z</time>
					<extensions>
						<ns3:TrackPointExtension>
							<ns3:speed>3.03</ns3:speed>
						</ns3:TrackPointExtension>
					</extensions>
			</trkpt>
			<trkpt lat="35.954765" lon="120.20234">
				<ele>-61.0</ele>
				<time>2019-09-17T13:17:10Z</time>
					<extensions>
						<ns3:TrackPointExtension>
							<ns3:speed>3.04</ns3:speed>
						</ns3:TrackPointExtension>
					</extensions>
			</trkpt>
			<trkpt lat="35.954777" lon="120.20237">
				<ele>-60.0</ele>
				<time>2019-09-17T13:17:11Z</time>
					<extensions>
						<ns3:TrackPointExtension>
							<ns3:speed>3.04</ns3:speed>
						</ns3:TrackPointExtension>
					</extensions>
			</trkpt>
			<trkpt lat="35.95478" lon="120.2024">
				<ele>-60.0</ele>
				<time>2019-09-17T13:17:12Z</time>
					<extensions>
						<ns3:TrackPointExtension>
							<ns3:speed>3.08</ns3:speed>
						</ns3:TrackPointExtension>
					</extensions>
			</trkpt>
			<trkpt lat="35.95479" lon="120.202446">
				<ele>-60.0</ele>
				<time>2019-09-17T13:17:13Z</time>
					<extensions>
						<ns3:TrackPointExtension>
							<ns3:speed>3.08</ns3:speed>
						</ns3:TrackPointExtension>
					</extensions>
			</trkpt>
			<trkpt lat="35.954796" lon="120.20247">
				<ele>-60.0</ele>
				<time>2019-09-17T13:17:14Z</time>
					<extensions>
						<ns3:TrackPointExtension>
							<ns3:speed>3.1</ns3:speed>
						</ns3:TrackPointExtension>
					</extensions>
			</trkpt>
			<trkpt lat="35.954803" lon="120.2025">
				<ele>-60.0</ele>
				<time>2019-09-17T13:17:15Z</time>
					<extensions>
						<ns3:TrackPointExtension>
							<ns3:speed>3.1</ns3:speed>
						</ns3:TrackPointExtension>
					</extensions>
			</trkpt>
			<trkpt lat="35.95481" lon="120.20253">
				<ele>-60.0</ele>
				<time>2019-09-17T13:17:16Z</time>
					<extensions>
						<ns3:TrackPointExtension>
							<ns3:speed>3.1</ns3:speed>
						</ns3:TrackPointExtension>
					</extensions>
			</trkpt>
			<trkpt lat="35.95482" lon="120.20257">
				<ele>-60.0</ele>
				<time>2019-09-17T13:17:17Z</time>
					<extensions>
						<ns3:TrackPointExtension>
							<ns3:speed>3.07</ns3:speed>
						</ns3:TrackPointExtension>
					</extensions>
			</trkpt>
			<trkpt lat="35.954826" lon="120.20259">
				<ele>-60.0</ele>
				<time>2019-09-17T13:17:18Z</time>
					<extensions>
						<ns3:TrackPointExtension>
							<ns3:speed>3.07</ns3:speed>
						</ns3:TrackPointExtension>
					</extensions>
			</trkpt>
			<trkpt lat="35.954834" lon="120.20263">
				<ele>-60.0</ele>
				<time>2019-09-17T13:17:19Z</time>
					<extensions>
						<ns3:TrackPointExtension>
							<ns3:speed>3.05</ns3:speed>
						</ns3:TrackPointExtension>
					</extensions>
			</trkpt>
			<trkpt lat="35.954845" lon="120.20266">
				<ele>-60.0</ele>
				<time>2019-09-17T13:17:20Z</time>
					<extensions>
						<ns3:TrackPointExtension>
							<ns3:speed>3.05</ns3:speed>
						</ns3:TrackPointExtension>
					</extensions>
			</trkpt>
			<trkpt lat="35.954853" lon="120.2027">
				<ele>-60.0</ele>
				<time>2019-09-17T13:17:21Z</time>
					<extensions>
						<ns3:TrackPointExtension>
							<ns3:speed>3.05</ns3:speed>
						</ns3:TrackPointExtension>
					</extensions>
			</trkpt>
			<trkpt lat="35.95486" lon="120.20274">
				<ele>-60.0</ele>
				<time>2019-09-17T13:17:22Z</time>
					<extensions>
						<ns3:TrackPointExtension>
							<ns3:speed>3.07</ns3:speed>
						</ns3:TrackPointExtension>
					</extensions>
			</trkpt>
			<trkpt lat="35.95487" lon="120.202774">
				<ele>-60.0</ele>
				<time>2019-09-17T13:17:23Z</time>
					<extensions>
						<ns3:TrackPointExtension>
							<ns3:speed>3.07</ns3:speed>
						</ns3:TrackPointExtension>
					</extensions>
			</trkpt>
			<trkpt lat="35.954876" lon="120.202805">
				<ele>-60.0</ele>
				<time>2019-09-17T13:17:24Z</time>
					<extensions>
						<ns3:TrackPointExtension>
							<ns3:speed>3.09</ns3:speed>
						</ns3:TrackPointExtension>
					</extensions>
			</trkpt>
			<trkpt lat="35.954884" lon="120.20284">
				<ele>-60.0</ele>
				<time>2019-09-17T13:17:25Z</time>
					<extensions>
						<ns3:TrackPointExtension>
							<ns3:speed>3.1</ns3:speed>
						</ns3:TrackPointExtension>
					</extensions>
			</trkpt>
			<trkpt lat="35.95489" lon="120.20287">
				<ele>-60.0</ele>
				<time>2019-09-17T13:17:26Z</time>
					<extensions>
						<ns3:TrackPointExtension>
							<ns3:speed>3.11</ns3:speed>
						</ns3:TrackPointExtension>
					</extensions>
			</trkpt>
			<trkpt lat="35.9549" lon="120.20292">
				<ele>-60.0</ele>
				<time>2019-09-17T13:17:27Z</time>
					<extensions>
						<ns3:TrackPointExtension>
							<ns3:speed>3.12</ns3:speed>
						</ns3:TrackPointExtension>
					</extensions>
			</trkpt>
			<trkpt lat="35.954906" lon="120.20296">
				<ele>-60.0</ele>
				<time>2019-09-17T13:17:28Z</time>
					<extensions>
						<ns3:TrackPointExtension>
							<ns3:speed>3.12</ns3:speed>
						</ns3:TrackPointExtension>
					</extensions>
			</trkpt>
			<trkpt lat="35.954914" lon="120.202995">
				<ele>-60.0</ele>
				<time>2019-09-17T13:17:29Z</time>
					<extensions>
						<ns3:TrackPointExtension>
							<ns3:speed>3.14</ns3:speed>
						</ns3:TrackPointExtension>
					</extensions>
			</trkpt>
			<trkpt lat="35.954918" lon="120.203026">
				<ele>-60.0</ele>
				<time>2019-09-17T13:17:30Z</time>
					<extensions>
						<ns3:TrackPointExtension>
							<ns3:speed>3.16</ns3:speed>
						</ns3:TrackPointExtension>
					</extensions>
			</trkpt>
			<trkpt lat="35.95492" lon="120.20307">
				<ele>-59.0</ele>
				<time>2019-09-17T13:17:31Z</time>
					<extensions>
						<ns3:TrackPointExtension>
							<ns3:speed>3.17</ns3:speed>
						</ns3:TrackPointExtension>
					</extensions>
			</trkpt>
			<trkpt lat="35.95493" lon="120.2031">
				<ele>-59.0</ele>
				<time>2019-09-17T13:17:32Z</time>
					<extensions>
						<ns3:TrackPointExtension>
							<ns3:speed>3.18</ns3:speed>
						</ns3:TrackPointExtension>
					</extensions>
			</trkpt>
			<trkpt lat="35.95493" lon="120.20313">
				<ele>-59.0</ele>
				<time>2019-09-17T13:17:33Z</time>
					<extensions>
						<ns3:TrackPointExtension>
							<ns3:speed>3.18</ns3:speed>
						</ns3:TrackPointExtension>
					</extensions>
			</trkpt>
			<trkpt lat="35.954933" lon="120.20316">
				<ele>-59.0</ele>
				<time>2019-09-17T13:17:34Z</time>
					<extensions>
						<ns3:TrackPointExtension>
							<ns3:speed>3.18</ns3:speed>
						</ns3:TrackPointExtension>
					</extensions>
			</trkpt>
			<trkpt lat="35.954937" lon="120.20319">
				<ele>-59.0</ele>
				<time>2019-09-17T13:17:35Z</time>
					<extensions>
						<ns3:TrackPointExtension>
							<ns3:speed>3.17</ns3:speed>
						</ns3:TrackPointExtension>
					</extensions>
			</trkpt>
			<trkpt lat="35.954937" lon="120.203224">
				<ele>-59.0</ele>
				<time>2019-09-17T13:17:36Z</time>
					<extensions>
						<ns3:TrackPointExtension>
							<ns3:speed>3.16</ns3:speed>
						</ns3:TrackPointExtension>
					</extensions>
			</trkpt>
			<trkpt lat="35.95494" lon="120.20325">
				<ele>-59.0</ele>
				<time>2019-09-17T13:17:37Z</time>
					<extensions>
						<ns3:TrackPointExtension>
							<ns3:speed>3.15</ns3:speed>
						</ns3:TrackPointExtension>
					</extensions>
			</trkpt>
			<trkpt lat="35.95494" lon="120.20326">
				<ele>-59.0</ele>
				<time>2019-09-17T13:17:38Z</time>
					<extensions>
						<ns3:TrackPointExtension>
							<ns3:speed>3.15</ns3:speed>
						</ns3:TrackPointExtension>
					</extensions>
			</trkpt>
			<trkpt lat="35.954945" lon="120.20329">
				<ele>-59.0</ele>
				<time>2019-09-17T13:17:39Z</time>
					<extensions>
						<ns3:TrackPointExtension>
							<ns3:speed>3.08</ns3:speed>
						</ns3:TrackPointExtension>
					</extensions>
			</trkpt>
			<trkpt lat="35.95495" lon="120.20332">
				<ele>-59.0</ele>
				<time>2019-09-17T13:17:40Z</time>
					<extensions>
						<ns3:TrackPointExtension>
							<ns3:speed>3.04</ns3:speed>
						</ns3:TrackPointExtension>
					</extensions>
			</trkpt>
			<trkpt lat="35.95495" lon="120.20337">
				<ele>-59.0</ele>
				<time>2019-09-17T13:17:41Z</time>
					<extensions>
						<ns3:TrackPointExtension>
							<ns3:speed>3.02</ns3:speed>
						</ns3:TrackPointExtension>
					</extensions>
			</trkpt>
			<trkpt lat="35.954952" lon="120.20341">
				<ele>-59.0</ele>
				<time>2019-09-17T13:17:42Z</time>
					<extensions>
						<ns3:TrackPointExtension>
							<ns3:speed>3.0</ns3:speed>
						</ns3:TrackPointExtension>
					</extensions>
			</trkpt>
			<trkpt lat="35.954956" lon="120.20344">
				<ele>-59.0</ele>
				<time>2019-09-17T13:17:43Z</time>
					<extensions>
						<ns3:TrackPointExtension>
							<ns3:speed>3.0</ns3:speed>
						</ns3:TrackPointExtension>
					</extensions>
			</trkpt>
			<trkpt lat="35.95496" lon="120.203476">
				<ele>-59.0</ele>
				<time>2019-09-17T13:17:44Z</time>
					<extensions>
						<ns3:TrackPointExtension>
							<ns3:speed>3.03</ns3:speed>
						</ns3:TrackPointExtension>
					</extensions>
			</trkpt>
			<trkpt lat="35.954964" lon="120.20352">
				<ele>-59.0</ele>
				<time>2019-09-17T13:17:45Z</time>
					<extensions>
						<ns3:TrackPointExtension>
							<ns3:speed>3.03</ns3:speed>
						</ns3:TrackPointExtension>
					</extensions>
			</trkpt>
			<trkpt lat="35.95497" lon="120.20356">
				<ele>-59.0</ele>
				<time>2019-09-17T13:17:46Z</time>
					<extensions>
						<ns3:TrackPointExtension>
							<ns3:speed>3.08</ns3:speed>
						</ns3:TrackPointExtension>
					</extensions>
			</trkpt>
			<trkpt lat="35.954975" lon="120.20359">
				<ele>-59.0</ele>
				<time>2019-09-17T13:17:47Z</time>
					<extensions>
						<ns3:TrackPointExtension>
							<ns3:speed>3.1</ns3:speed>
						</ns3:TrackPointExtension>
					</extensions>
			</trkpt>
			<trkpt lat="35.95498" lon="120.203636">
				<ele>-59.0</ele>
				<time>2019-09-17T13:17:48Z</time>
					<extensions>
						<ns3:TrackPointExtension>
							<ns3:speed>3.1</ns3:speed>
						</ns3:TrackPointExtension>
					</extensions>
			</trkpt>
			<trkpt lat="35.954987" lon="120.20367">
				<ele>-59.0</ele>
				<time>2019-09-17T13:17:49Z</time>
					<extensions>
						<ns3:TrackPointExtension>
							<ns3:speed>3.15</ns3:speed>
						</ns3:TrackPointExtension>
					</extensions>
			</trkpt>
			<trkpt lat="35.954994" lon="120.203705">
				<ele>-59.0</ele>
				<time>2019-09-17T13:17:50Z</time>
					<extensions>
						<ns3:TrackPointExtension>
							<ns3:speed>3.15</ns3:speed>
						</ns3:TrackPointExtension>
					</extensions>
			</trkpt>
			<trkpt lat="35.954998" lon="120.203735">
				<ele>-59.0</ele>
				<time>2019-09-17T13:17:51Z</time>
					<extensions>
						<ns3:TrackPointExtension>
							<ns3:speed>3.19</ns3:speed>
						</ns3:TrackPointExtension>
					</extensions>
			</trkpt>
			<trkpt lat="35.955006" lon="120.203766">
				<ele>-59.0</ele>
				<time>2019-09-17T13:17:52Z</time>
					<extensions>
						<ns3:TrackPointExtension>
							<ns3:speed>3.2</ns3:speed>
						</ns3:TrackPointExtension>
					</extensions>
			</trkpt>
			<trkpt lat="35.95501" lon="120.2038">
				<ele>-59.0</ele>
				<time>2019-09-17T13:17:53Z</time>
					<extensions>
						<ns3:TrackPointExtension>
							<ns3:speed>3.21</ns3:speed>
						</ns3:TrackPointExtension>
					</extensions>
			</trkpt>
			<trkpt lat="35.95502" lon="120.203835">
				<ele>-59.0</ele>
				<time>2019-09-17T13:17:54Z</time>
					<extensions>
						<ns3:TrackPointExtension>
							<ns3:speed>3.21</ns3:speed>
						</ns3:TrackPointExtension>
					</extensions>
			</trkpt>
			<trkpt lat="35.955025" lon="120.20386">
				<ele>-59.0</ele>
				<time>2019-09-17T13:17:55Z</time>
					<extensions>
						<ns3:TrackPointExtension>
							<ns3:speed>3.21</ns3:speed>
						</ns3:TrackPointExtension>
					</extensions>
			</trkpt>
			<trkpt lat="35.955032" lon="120.20389">
				<ele>-59.0</ele>
				<time>2019-09-17T13:17:56Z</time>
					<extensions>
						<ns3:TrackPointExtension>
							<ns3:speed>3.2</ns3:speed>
						</ns3:TrackPointExtension>
					</extensions>
			</trkpt>
			<trkpt lat="35.955044" lon="120.20392">
				<ele>-59.0</ele>
				<time>2019-09-17T13:17:57Z</time>
					<extensions>
						<ns3:TrackPointExtension>
							<ns3:speed>3.2</ns3:speed>
						</ns3:TrackPointExtension>
					</extensions>
			</trkpt>
			<trkpt lat="35.955055" lon="120.20395">
				<ele>-59.0</ele>
				<time>2019-09-17T13:17:58Z</time>
					<extensions>
						<ns3:TrackPointExtension>
							<ns3:speed>3.19</ns3:speed>
						</ns3:TrackPointExtension>
					</extensions>
			</trkpt>
			<trkpt lat="35.95506" lon="120.20398">
				<ele>-59.0</ele>
				<time>2019-09-17T13:17:59Z</time>
					<extensions>
						<ns3:TrackPointExtension>
							<ns3:speed>3.17</ns3:speed>
						</ns3:TrackPointExtension>
					</extensions>
			</trkpt>
			<trkpt lat="35.95507" lon="120.20401">
				<ele>-59.0</ele>
				<time>2019-09-17T13:18:00Z</time>
					<extensions>
						<ns3:TrackPointExtension>
							<ns3:speed>3.17</ns3:speed>
						</ns3:TrackPointExtension>
					</extensions>
			</trkpt>
			<trkpt lat="35.95508" lon="120.20404">
				<ele>-59.0</ele>
				<time>2019-09-17T13:18:01Z</time>
					<extensions>
						<ns3:TrackPointExtension>
							<ns3:speed>3.15</ns3:speed>
						</ns3:TrackPointExtension>
					</extensions>
			</trkpt>
			<trkpt lat="35.955086" lon="120.20407">
				<ele>-59.0</ele>
				<time>2019-09-17T13:18:02Z</time>
					<extensions>
						<ns3:TrackPointExtension>
							<ns3:speed>3.14</ns3:speed>
						</ns3:TrackPointExtension>
					</extensions>
			</trkpt>
			<trkpt lat="35.955097" lon="120.2041">
				<ele>-59.0</ele>
				<time>2019-09-17T13:18:03Z</time>
					<extensions>
						<ns3:TrackPointExtension>
							<ns3:speed>3.13</ns3:speed>
						</ns3:TrackPointExtension>
					</extensions>
			</trkpt>
			<trkpt lat="35.95511" lon="120.20415">
				<ele>-58.0</ele>
				<time>2019-09-17T13:18:04Z</time>
					<extensions>
						<ns3:TrackPointExtension>
							<ns3:speed>3.13</ns3:speed>
						</ns3:TrackPointExtension>
					</extensions>
			</trkpt>
			<trkpt lat="35.95512" lon="120.20418">
				<ele>-58.0</ele>
				<time>2019-09-17T13:18:05Z</time>
					<extensions>
						<ns3:TrackPointExtension>
							<ns3:speed>3.13</ns3:speed>
						</ns3:TrackPointExtension>
					</extensions>
			</trkpt>
			<trkpt lat="35.95513" lon="120.20421">
				<ele>-58.0</ele>
				<time>2019-09-17T13:18:06Z</time>
					<extensions>
						<ns3:TrackPointExtension>
							<ns3:speed>3.13</ns3:speed>
						</ns3:TrackPointExtension>
					</extensions>
			</trkpt>
			<trkpt lat="35.955143" lon="120.20424">
				<ele>-58.0</ele>
				<time>2019-09-17T13:18:07Z</time>
					<extensions>
						<ns3:TrackPointExtension>
							<ns3:speed>3.14</ns3:speed>
						</ns3:TrackPointExtension>
					</extensions>
			</trkpt>
			<trkpt lat="35.955154" lon="120.20427">
				<ele>-57.0</ele>
				<time>2019-09-17T13:18:08Z</time>
					<extensions>
						<ns3:TrackPointExtension>
							<ns3:speed>3.14</ns3:speed>
						</ns3:TrackPointExtension>
					</extensions>
			</trkpt>
			<trkpt lat="35.955166" lon="120.2043">
				<ele>-57.0</ele>
				<time>2019-09-17T13:18:08Z</time>
					<extensions>
						<ns3:TrackPointExtension>
							<ns3:speed>3.14</ns3:speed>
						</ns3:TrackPointExtension>
					</extensions>
			</trkpt>
			<trkpt lat="35.955177" lon="120.20434">
				<ele>-57.0</ele>
				<time>2019-09-17T13:18:09Z</time>
					<extensions>
						<ns3:TrackPointExtension>
							<ns3:speed>3.14</ns3:speed>
						</ns3:TrackPointExtension>
					</extensions>
			</trkpt>
			<trkpt lat="35.95519" lon="120.20436">
				<ele>-57.0</ele>
				<time>2019-09-17T13:18:10Z</time>
					<extensions>
						<ns3:TrackPointExtension>
							<ns3:speed>3.13</ns3:speed>
						</ns3:TrackPointExtension>
					</extensions>
			</trkpt>
			<trkpt lat="35.955204" lon="120.2044">
				<ele>-57.0</ele>
				<time>2019-09-17T13:18:11Z</time>
					<extensions>
						<ns3:TrackPointExtension>
							<ns3:speed>3.13</ns3:speed>
						</ns3:TrackPointExtension>
					</extensions>
			</trkpt>
			<trkpt lat="35.95521" lon="120.20443">
				<ele>-57.0</ele>
				<time>2019-09-17T13:18:12Z</time>
					<extensions>
						<ns3:TrackPointExtension>
							<ns3:speed>3.13</ns3:speed>
						</ns3:TrackPointExtension>
					</extensions>
			</trkpt>
			<trkpt lat="35.95522" lon="120.20446">
				<ele>-57.0</ele>
				<time>2019-09-17T13:18:13Z</time>
					<extensions>
						<ns3:TrackPointExtension>
							<ns3:speed>3.12</ns3:speed>
						</ns3:TrackPointExtension>
					</extensions>
			</trkpt>
			<trkpt lat="35.955227" lon="120.20449">
				<ele>-57.0</ele>
				<time>2019-09-17T13:18:14Z</time>
					<extensions>
						<ns3:TrackPointExtension>
							<ns3:speed>3.12</ns3:speed>
						</ns3:TrackPointExtension>
					</extensions>
			</trkpt>
			<trkpt lat="35.95524" lon="120.20454">
				<ele>-57.0</ele>
				<time>2019-09-17T13:18:15Z</time>
					<extensions>
						<ns3:TrackPointExtension>
							<ns3:speed>3.11</ns3:speed>
						</ns3:TrackPointExtension>
					</extensions>
			</trkpt>
			<trkpt lat="35.955246" lon="120.20457">
				<ele>-57.0</ele>
				<time>2019-09-17T13:18:16Z</time>
					<extensions>
						<ns3:TrackPointExtension>
							<ns3:speed>3.11</ns3:speed>
						</ns3:TrackPointExtension>
					</extensions>
			</trkpt>
			<trkpt lat="35.955254" lon="120.20458">
				<ele>-57.0</ele>
				<time>2019-09-17T13:18:17Z</time>
					<extensions>
						<ns3:TrackPointExtension>
							<ns3:speed>3.09</ns3:speed>
						</ns3:TrackPointExtension>
					</extensions>
			</trkpt>
			<trkpt lat="35.955265" lon="120.204605">
				<ele>-57.0</ele>
				<time>2019-09-17T13:18:18Z</time>
					<extensions>
						<ns3:TrackPointExtension>
							<ns3:speed>3.08</ns3:speed>
						</ns3:TrackPointExtension>
					</extensions>
			</trkpt>
			<trkpt lat="35.95527" lon="120.204636">
				<ele>-56.0</ele>
				<time>2019-09-17T13:18:19Z</time>
					<extensions>
						<ns3:TrackPointExtension>
							<ns3:speed>3.08</ns3:speed>
						</ns3:TrackPointExtension>
					</extensions>
			</trkpt>
			<trkpt lat="35.95528" lon="120.20466">
				<ele>-56.0</ele>
				<time>2019-09-17T13:18:20Z</time>
					<extensions>
						<ns3:TrackPointExtension>
							<ns3:speed>3.04</ns3:speed>
						</ns3:TrackPointExtension>
					</extensions>
			</trkpt>
			<trkpt lat="35.955288" lon="120.2047">
				<ele>-56.0</ele>
				<time>2019-09-17T13:18:21Z</time>
					<extensions>
						<ns3:TrackPointExtension>
							<ns3:speed>3.04</ns3:speed>
						</ns3:TrackPointExtension>
					</extensions>
			</trkpt>
			<trkpt lat="35.955296" lon="120.20472">
				<ele>-56.0</ele>
				<time>2019-09-17T13:18:22Z</time>
					<extensions>
						<ns3:TrackPointExtension>
							<ns3:speed>3.0</ns3:speed>
						</ns3:TrackPointExtension>
					</extensions>
			</trkpt>
			<trkpt lat="35.955307" lon="120.20475">
				<ele>-56.0</ele>
				<time>2019-09-17T13:18:23Z</time>
					<extensions>
						<ns3:TrackPointExtension>
							<ns3:speed>2.99</ns3:speed>
						</ns3:TrackPointExtension>
					</extensions>
			</trkpt>
			<trkpt lat="35.95532" lon="120.20478">
				<ele>-56.0</ele>
				<time>2019-09-17T13:18:24Z</time>
					<extensions>
						<ns3:TrackPointExtension>
							<ns3:speed>2.97</ns3:speed>
						</ns3:TrackPointExtension>
					</extensions>
			</trkpt>
			<trkpt lat="35.955322" lon="120.20481">
				<ele>-56.0</ele>
				<time>2019-09-17T13:18:25Z</time>
					<extensions>
						<ns3:TrackPointExtension>
							<ns3:speed>2.96</ns3:speed>
						</ns3:TrackPointExtension>
					</extensions>
			</trkpt>
			<trkpt lat="35.955334" lon="120.20484">
				<ele>-56.0</ele>
				<time>2019-09-17T13:18:26Z</time>
					<extensions>
						<ns3:TrackPointExtension>
							<ns3:speed>2.96</ns3:speed>
						</ns3:TrackPointExtension>
					</extensions>
			</trkpt>
			<trkpt lat="35.95534" lon="120.20487">
				<ele>-56.0</ele>
				<time>2019-09-17T13:18:27Z</time>
					<extensions>
						<ns3:TrackPointExtension>
							<ns3:speed>2.94</ns3:speed>
						</ns3:TrackPointExtension>
					</extensions>
			</trkpt>
			<trkpt lat="35.955345" lon="120.2049">
				<ele>-56.0</ele>
				<time>2019-09-17T13:18:28Z</time>
					<extensions>
						<ns3:TrackPointExtension>
							<ns3:speed>2.93</ns3:speed>
						</ns3:TrackPointExtension>
					</extensions>
			</trkpt>
			<trkpt lat="35.955353" lon="120.20493">
				<ele>-56.0</ele>
				<time>2019-09-17T13:18:29Z</time>
					<extensions>
						<ns3:TrackPointExtension>
							<ns3:speed>2.93</ns3:speed>
						</ns3:TrackPointExtension>
					</extensions>
			</trkpt>
			<trkpt lat="35.95536" lon="120.20496">
				<ele>-56.0</ele>
				<time>2019-09-17T13:18:30Z</time>
					<extensions>
						<ns3:TrackPointExtension>
							<ns3:speed>2.92</ns3:speed>
						</ns3:TrackPointExtension>
					</extensions>
			</trkpt>
			<trkpt lat="35.955368" lon="120.205">
				<ele>-56.0</ele>
				<time>2019-09-17T13:18:31Z</time>
					<extensions>
						<ns3:TrackPointExtension>
							<ns3:speed>2.92</ns3:speed>
						</ns3:TrackPointExtension>
					</extensions>
			</trkpt>
			<trkpt lat="35.95537" lon="120.20503">
				<ele>-55.0</ele>
				<time>2019-09-17T13:18:32Z</time>
					<extensions>
						<ns3:TrackPointExtension>
							<ns3:speed>2.93</ns3:speed>
						</ns3:TrackPointExtension>
					</extensions>
			</trkpt>
			<trkpt lat="35.955376" lon="120.20506">
				<ele>-55.0</ele>
				<time>2019-09-17T13:18:33Z</time>
					<extensions>
						<ns3:TrackPointExtension>
							<ns3:speed>2.93</ns3:speed>
						</ns3:TrackPointExtension>
					</extensions>
			</trkpt>
			<trkpt lat="35.955383" lon="120.20509">
				<ele>-55.0</ele>
				<time>2019-09-17T13:18:34Z</time>
					<extensions>
						<ns3:TrackPointExtension>
							<ns3:speed>2.94</ns3:speed>
						</ns3:TrackPointExtension>
					</extensions>
			</trkpt>
			<trkpt lat="35.955383" lon="120.205124">
				<ele>-55.0</ele>
				<time>2019-09-17T13:18:35Z</time>
					<extensions>
						<ns3:TrackPointExtension>
							<ns3:speed>2.94</ns3:speed>
						</ns3:TrackPointExtension>
					</extensions>
			</trkpt>
			<trkpt lat="35.95539" lon="120.20516">
				<ele>-55.0</ele>
				<time>2019-09-17T13:18:36Z</time>
					<extensions>
						<ns3:TrackPointExtension>
							<ns3:speed>2.94</ns3:speed>
						</ns3:TrackPointExtension>
					</extensions>
			</trkpt>
			<trkpt lat="35.95539" lon="120.20519">
				<ele>-55.0</ele>
				<time>2019-09-17T13:18:37Z</time>
					<extensions>
						<ns3:TrackPointExtension>
							<ns3:speed>2.94</ns3:speed>
						</ns3:TrackPointExtension>
					</extensions>
			</trkpt>
			<trkpt lat="35.9554" lon="120.20522">
				<ele>-54.0</ele>
				<time>2019-09-17T13:18:38Z</time>
					<extensions>
						<ns3:TrackPointExtension>
							<ns3:speed>2.93</ns3:speed>
						</ns3:TrackPointExtension>
					</extensions>
			</trkpt>
			<trkpt lat="35.955406" lon="120.20526">
				<ele>-54.0</ele>
				<time>2019-09-17T13:18:39Z</time>
					<extensions>
						<ns3:TrackPointExtension>
							<ns3:speed>2.93</ns3:speed>
						</ns3:TrackPointExtension>
					</extensions>
			</trkpt>
			<trkpt lat="35.955406" lon="120.20529">
				<ele>-54.0</ele>
				<time>2019-09-17T13:18:40Z</time>
					<extensions>
						<ns3:TrackPointExtension>
							<ns3:speed>2.94</ns3:speed>
						</ns3:TrackPointExtension>
					</extensions>
			</trkpt>
			<trkpt lat="35.95541" lon="120.205315">
				<ele>-54.0</ele>
				<time>2019-09-17T13:18:41Z</time>
					<extensions>
						<ns3:TrackPointExtension>
							<ns3:speed>2.94</ns3:speed>
						</ns3:TrackPointExtension>
					</extensions>
			</trkpt>
			<trkpt lat="35.955418" lon="120.205345">
				<ele>-54.0</ele>
				<time>2019-09-17T13:18:42Z</time>
					<extensions>
						<ns3:TrackPointExtension>
							<ns3:speed>2.94</ns3:speed>
						</ns3:TrackPointExtension>
					</extensions>
			</trkpt>
			<trkpt lat="35.95542" lon="120.20536">
				<ele>-54.0</ele>
				<time>2019-09-17T13:18:43Z</time>
					<extensions>
						<ns3:TrackPointExtension>
							<ns3:speed>2.94</ns3:speed>
						</ns3:TrackPointExtension>
					</extensions>
			</trkpt>
			<trkpt lat="35.95542" lon="120.20538">
				<ele>-54.0</ele>
				<time>2019-09-17T13:18:44Z</time>
					<extensions>
						<ns3:TrackPointExtension>
							<ns3:speed>2.9</ns3:speed>
						</ns3:TrackPointExtension>
					</extensions>
			</trkpt>
			<trkpt lat="35.955425" lon="120.205414">
				<ele>-54.0</ele>
				<time>2019-09-17T13:18:45Z</time>
					<extensions>
						<ns3:TrackPointExtension>
							<ns3:speed>2.88</ns3:speed>
						</ns3:TrackPointExtension>
					</extensions>
			</trkpt>
			<trkpt lat="35.95543" lon="120.20544">
				<ele>-54.0</ele>
				<time>2019-09-17T13:18:46Z</time>
					<extensions>
						<ns3:TrackPointExtension>
							<ns3:speed>2.88</ns3:speed>
						</ns3:TrackPointExtension>
					</extensions>
			</trkpt>
			<trkpt lat="35.95543" lon="120.20545">
				<ele>-54.0</ele>
				<time>2019-09-17T13:18:47Z</time>
					<extensions>
						<ns3:TrackPointExtension>
							<ns3:speed>2.81</ns3:speed>
						</ns3:TrackPointExtension>
					</extensions>
			</trkpt>
			<trkpt lat="35.955425" lon="120.205475">
				<ele>-54.0</ele>
				<time>2019-09-17T13:18:48Z</time>
					<extensions>
						<ns3:TrackPointExtension>
							<ns3:speed>2.81</ns3:speed>
						</ns3:TrackPointExtension>
					</extensions>
			</trkpt>
			<trkpt lat="35.955425" lon="120.20548">
				<ele>-54.0</ele>
				<time>2019-09-17T13:18:49Z</time>
					<extensions>
						<ns3:TrackPointExtension>
							<ns3:speed>2.73</ns3:speed>
						</ns3:TrackPointExtension>
					</extensions>
			</trkpt>
			<trkpt lat="35.955425" lon="120.2055">
				<ele>-54.0</ele>
				<time>2019-09-17T13:18:50Z</time>
					<extensions>
						<ns3:TrackPointExtension>
							<ns3:speed>2.69</ns3:speed>
						</ns3:TrackPointExtension>
					</extensions>
			</trkpt>
			<trkpt lat="35.955425" lon="120.205505">
				<ele>-54.0</ele>
				<time>2019-09-17T13:18:51Z</time>
					<extensions>
						<ns3:TrackPointExtension>
							<ns3:speed>2.64</ns3:speed>
						</ns3:TrackPointExtension>
					</extensions>
			</trkpt>
			<trkpt lat="35.955425" lon="120.20553">
				<ele>-54.0</ele>
				<time>2019-09-17T13:18:52Z</time>
					<extensions>
						<ns3:TrackPointExtension>
							<ns3:speed>2.58</ns3:speed>
						</ns3:TrackPointExtension>
					</extensions>
			</trkpt>
			<trkpt lat="35.95543" lon="120.20555">
				<ele>-54.0</ele>
				<time>2019-09-17T13:18:53Z</time>
					<extensions>
						<ns3:TrackPointExtension>
							<ns3:speed>2.58</ns3:speed>
						</ns3:TrackPointExtension>
					</extensions>
			</trkpt>
			<trkpt lat="35.95543" lon="120.20558">
				<ele>-54.0</ele>
				<time>2019-09-17T13:18:54Z</time>
					<extensions>
						<ns3:TrackPointExtension>
							<ns3:speed>2.48</ns3:speed>
						</ns3:TrackPointExtension>
					</extensions>
			</trkpt>
			<trkpt lat="35.955433" lon="120.20561">
				<ele>-54.0</ele>
				<time>2019-09-17T13:18:55Z</time>
					<extensions>
						<ns3:TrackPointExtension>
							<ns3:speed>2.44</ns3:speed>
						</ns3:TrackPointExtension>
					</extensions>
			</trkpt>
			<trkpt lat="35.955437" lon="120.20564">
				<ele>-54.0</ele>
				<time>2019-09-17T13:18:56Z</time>
					<extensions>
						<ns3:TrackPointExtension>
							<ns3:speed>2.42</ns3:speed>
						</ns3:TrackPointExtension>
					</extensions>
			</trkpt>
			<trkpt lat="35.95544" lon="120.20567">
				<ele>-54.0</ele>
				<time>2019-09-17T13:18:57Z</time>
					<extensions>
						<ns3:TrackPointExtension>
							<ns3:speed>2.42</ns3:speed>
						</ns3:TrackPointExtension>
					</extensions>
			</trkpt>
			<trkpt lat="35.955444" lon="120.20571">
				<ele>-54.0</ele>
				<time>2019-09-17T13:18:58Z</time>
					<extensions>
						<ns3:TrackPointExtension>
							<ns3:speed>2.42</ns3:speed>
						</ns3:TrackPointExtension>
					</extensions>
			</trkpt>
			<trkpt lat="35.95545" lon="120.20574">
				<ele>-54.0</ele>
				<time>2019-09-17T13:18:59Z</time>
					<extensions>
						<ns3:TrackPointExtension>
							<ns3:speed>2.46</ns3:speed>
						</ns3:TrackPointExtension>
					</extensions>
			</trkpt>
			<trkpt lat="35.955452" lon="120.20577">
				<ele>-54.0</ele>
				<time>2019-09-17T13:19:00Z</time>
					<extensions>
						<ns3:TrackPointExtension>
							<ns3:speed>2.48</ns3:speed>
						</ns3:TrackPointExtension>
					</extensions>
			</trkpt>
			<trkpt lat="35.955452" lon="120.2058">
				<ele>-54.0</ele>
				<time>2019-09-17T13:19:01Z</time>
					<extensions>
						<ns3:TrackPointExtension>
							<ns3:speed>2.51</ns3:speed>
						</ns3:TrackPointExtension>
					</extensions>
			</trkpt>
			<trkpt lat="35.955456" lon="120.20583">
				<ele>-54.0</ele>
				<time>2019-09-17T13:19:02Z</time>
					<extensions>
						<ns3:TrackPointExtension>
							<ns3:speed>2.53</ns3:speed>
						</ns3:TrackPointExtension>
					</extensions>
			</trkpt>
			<trkpt lat="35.95546" lon="120.205864">
				<ele>-55.0</ele>
				<time>2019-09-17T13:19:03Z</time>
					<extensions>
						<ns3:TrackPointExtension>
							<ns3:speed>2.53</ns3:speed>
						</ns3:TrackPointExtension>
					</extensions>
			</trkpt>
			<trkpt lat="35.95546" lon="120.205894">
				<ele>-55.0</ele>
				<time>2019-09-17T13:19:04Z</time>
					<extensions>
						<ns3:TrackPointExtension>
							<ns3:speed>2.57</ns3:speed>
						</ns3:TrackPointExtension>
					</extensions>
			</trkpt>
			<trkpt lat="35.955463" lon="120.205925">
				<ele>-55.0</ele>
				<time>2019-09-17T13:19:05Z</time>
					<extensions>
						<ns3:TrackPointExtension>
							<ns3:speed>2.58</ns3:speed>
						</ns3:TrackPointExtension>
					</extensions>
			</trkpt>
			<trkpt lat="35.955467" lon="120.20597">
				<ele>-55.0</ele>
				<time>2019-09-17T13:19:06Z</time>
					<extensions>
						<ns3:TrackPointExtension>
							<ns3:speed>2.6</ns3:speed>
						</ns3:TrackPointExtension>
					</extensions>
			</trkpt>
			<trkpt lat="35.955467" lon="120.206">
				<ele>-55.0</ele>
				<time>2019-09-17T13:19:07Z</time>
					<extensions>
						<ns3:TrackPointExtension>
							<ns3:speed>2.61</ns3:speed>
						</ns3:TrackPointExtension>
					</extensions>
			</trkpt>
			<trkpt lat="35.955467" lon="120.20603">
				<ele>-55.0</ele>
				<time>2019-09-17T13:19:08Z</time>
					<extensions>
						<ns3:TrackPointExtension>
							<ns3:speed>2.61</ns3:speed>
						</ns3:TrackPointExtension>
					</extensions>
			</trkpt>
			<trkpt lat="35.955475" lon="120.20606">
				<ele>-55.0</ele>
				<time>2019-09-17T13:19:09Z</time>
					<extensions>
						<ns3:TrackPointExtension>
							<ns3:speed>2.65</ns3:speed>
						</ns3:TrackPointExtension>
					</extensions>
			</trkpt>
			<trkpt lat="35.95548" lon="120.20609">
				<ele>-55.0</ele>
				<time>2019-09-17T13:19:10Z</time>
					<extensions>
						<ns3:TrackPointExtension>
							<ns3:speed>2.65</ns3:speed>
						</ns3:TrackPointExtension>
					</extensions>
			</trkpt>
			<trkpt lat="35.95548" lon="120.20613">
				<ele>-55.0</ele>
				<time>2019-09-17T13:19:11Z</time>
					<extensions>
						<ns3:TrackPointExtension>
							<ns3:speed>2.68</ns3:speed>
						</ns3:TrackPointExtension>
					</extensions>
			</trkpt>
			<trkpt lat="35.955482" lon="120.206154">
				<ele>-55.0</ele>
				<time>2019-09-17T13:19:12Z</time>
					<extensions>
						<ns3:TrackPointExtension>
							<ns3:speed>2.71</ns3:speed>
						</ns3:TrackPointExtension>
					</extensions>
			</trkpt>
			<trkpt lat="35.955486" lon="120.20619">
				<ele>-55.0</ele>
				<time>2019-09-17T13:19:13Z</time>
					<extensions>
						<ns3:TrackPointExtension>
							<ns3:speed>2.71</ns3:speed>
						</ns3:TrackPointExtension>
					</extensions>
			</trkpt>
			<trkpt lat="35.95549" lon="120.206245">
				<ele>-55.0</ele>
				<time>2019-09-17T13:19:14Z</time>
					<extensions>
						<ns3:TrackPointExtension>
							<ns3:speed>2.73</ns3:speed>
						</ns3:TrackPointExtension>
					</extensions>
			</trkpt>
			<trkpt lat="35.95549" lon="120.206276">
				<ele>-55.0</ele>
				<time>2019-09-17T13:19:15Z</time>
					<extensions>
						<ns3:TrackPointExtension>
							<ns3:speed>2.73</ns3:speed>
						</ns3:TrackPointExtension>
					</extensions>
			</trkpt>
			<trkpt lat="35.955494" lon="120.20631">
				<ele>-55.0</ele>
				<time>2019-09-17T13:19:16Z</time>
					<extensions>
						<ns3:TrackPointExtension>
							<ns3:speed>2.78</ns3:speed>
						</ns3:TrackPointExtension>
					</extensions>
			</trkpt>
			<trkpt lat="35.955498" lon="120.206345">
				<ele>-56.0</ele>
				<time>2019-09-17T13:19:17Z</time>
					<extensions>
						<ns3:TrackPointExtension>
							<ns3:speed>2.8</ns3:speed>
						</ns3:TrackPointExtension>
					</extensions>
			</trkpt>
			<trkpt lat="35.955498" lon="120.206375">
				<ele>-56.0</ele>
				<time>2019-09-17T13:19:18Z</time>
					<extensions>
						<ns3:TrackPointExtension>
							<ns3:speed>2.8</ns3:speed>
						</ns3:TrackPointExtension>
					</extensions>
			</trkpt>
			<trkpt lat="35.955505" lon="120.20642">
				<ele>-56.0</ele>
				<time>2019-09-17T13:19:19Z</time>
					<extensions>
						<ns3:TrackPointExtension>
							<ns3:speed>2.85</ns3:speed>
						</ns3:TrackPointExtension>
					</extensions>
			</trkpt>
			<trkpt lat="35.95551" lon="120.20645">
				<ele>-56.0</ele>
				<time>2019-09-17T13:19:20Z</time>
					<extensions>
						<ns3:TrackPointExtension>
							<ns3:speed>2.85</ns3:speed>
						</ns3:TrackPointExtension>
					</extensions>
			</trkpt>
			<trkpt lat="35.955513" lon="120.20649">
				<ele>-56.0</ele>
				<time>2019-09-17T13:19:21Z</time>
					<extensions>
						<ns3:TrackPointExtension>
							<ns3:speed>2.9</ns3:speed>
						</ns3:TrackPointExtension>
					</extensions>
			</trkpt>
			<trkpt lat="35.95552" lon="120.20652">
				<ele>-56.0</ele>
				<time>2019-09-17T13:19:22Z</time>
					<extensions>
						<ns3:TrackPointExtension>
							<ns3:speed>2.93</ns3:speed>
						</ns3:TrackPointExtension>
					</extensions>
			</trkpt>
			<trkpt lat="35.955524" lon="120.20656">
				<ele>-56.0</ele>
				<time>2019-09-17T13:19:23Z</time>
					<extensions>
						<ns3:TrackPointExtension>
							<ns3:speed>2.94</ns3:speed>
						</ns3:TrackPointExtension>
					</extensions>
			</trkpt>
			<trkpt lat="35.95553" lon="120.20659">
				<ele>-56.0</ele>
				<time>2019-09-17T13:19:24Z</time>
					<extensions>
						<ns3:TrackPointExtension>
							<ns3:speed>2.97</ns3:speed>
						</ns3:TrackPointExtension>
					</extensions>
			</trkpt>
			<trkpt lat="35.955532" lon="120.206635">
				<ele>-56.0</ele>
				<time>2019-09-17T13:19:25Z</time>
					<extensions>
						<ns3:TrackPointExtension>
							<ns3:speed>2.97</ns3:speed>
						</ns3:TrackPointExtension>
					</extensions>
			</trkpt>
			<trkpt lat="35.955536" lon="120.206665">
				<ele>-56.0</ele>
				<time>2019-09-17T13:19:26Z</time>
					<extensions>
						<ns3:TrackPointExtension>
							<ns3:speed>3.0</ns3:speed>
						</ns3:TrackPointExtension>
					</extensions>
			</trkpt>
			<trkpt lat="35.955544" lon="120.206696">
				<ele>-56.0</ele>
				<time>2019-09-17T13:19:27Z</time>
					<extensions>
						<ns3:TrackPointExtension>
							<ns3:speed>3.02</ns3:speed>
						</ns3:TrackPointExtension>
					</extensions>
			</trkpt>
			<trkpt lat="35.955547" lon="120.20673">
				<ele>-56.0</ele>
				<time>2019-09-17T13:19:28Z</time>
					<extensions>
						<ns3:TrackPointExtension>
							<ns3:speed>3.03</ns3:speed>
						</ns3:TrackPointExtension>
					</extensions>
			</trkpt>
			<trkpt lat="35.955555" lon="120.206764">
				<ele>-56.0</ele>
				<time>2019-09-17T13:19:29Z</time>
					<extensions>
						<ns3:TrackPointExtension>
							<ns3:speed>3.03</ns3:speed>
						</ns3:TrackPointExtension>
					</extensions>
			</trkpt>
			<trkpt lat="35.955555" lon="120.206795">
				<ele>-56.0</ele>
				<time>2019-09-17T13:19:30Z</time>
					<extensions>
						<ns3:TrackPointExtension>
							<ns3:speed>3.03</ns3:speed>
						</ns3:TrackPointExtension>
					</extensions>
			</trkpt>
			<trkpt lat="35.955563" lon="120.20685">
				<ele>-56.0</ele>
				<time>2019-09-17T13:19:31Z</time>
					<extensions>
						<ns3:TrackPointExtension>
							<ns3:speed>3.03</ns3:speed>
						</ns3:TrackPointExtension>
					</extensions>
			</trkpt>
			<trkpt lat="35.955566" lon="120.20688">
				<ele>-56.0</ele>
				<time>2019-09-17T13:19:32Z</time>
					<extensions>
						<ns3:TrackPointExtension>
							<ns3:speed>3.04</ns3:speed>
						</ns3:TrackPointExtension>
					</extensions>
			</trkpt>
			<trkpt lat="35.95557" lon="120.20692">
				<ele>-56.0</ele>
				<time>2019-09-17T13:19:33Z</time>
					<extensions>
						<ns3:TrackPointExtension>
							<ns3:speed>3.06</ns3:speed>
						</ns3:TrackPointExtension>
					</extensions>
			</trkpt>
			<trkpt lat="35.955574" lon="120.20695">
				<ele>-56.0</ele>
				<time>2019-09-17T13:19:34Z</time>
					<extensions>
						<ns3:TrackPointExtension>
							<ns3:speed>3.07</ns3:speed>
						</ns3:TrackPointExtension>
					</extensions>
			</trkpt>
			<trkpt lat="35.955578" lon="120.20698">
				<ele>-56.0</ele>
				<time>2019-09-17T13:19:35Z</time>
					<extensions>
						<ns3:TrackPointExtension>
							<ns3:speed>3.07</ns3:speed>
						</ns3:TrackPointExtension>
					</extensions>
			</trkpt>
			<trkpt lat="35.95558" lon="120.20701">
				<ele>-56.0</ele>
				<time>2019-09-17T13:19:36Z</time>
					<extensions>
						<ns3:TrackPointExtension>
							<ns3:speed>3.09</ns3:speed>
						</ns3:TrackPointExtension>
					</extensions>
			</trkpt>
			<trkpt lat="35.955585" lon="120.20704">
				<ele>-57.0</ele>
				<time>2019-09-17T13:19:37Z</time>
					<extensions>
						<ns3:TrackPointExtension>
							<ns3:speed>3.09</ns3:speed>
						</ns3:TrackPointExtension>
					</extensions>
			</trkpt>
			<trkpt lat="35.95559" lon="120.207085">
				<ele>-57.0</ele>
				<time>2019-09-17T13:19:38Z</time>
					<extensions>
						<ns3:TrackPointExtension>
							<ns3:speed>3.09</ns3:speed>
						</ns3:TrackPointExtension>
					</extensions>
			</trkpt>
			<trkpt lat="35.95559" lon="120.207115">
				<ele>-57.0</ele>
				<time>2019-09-17T13:19:39Z</time>
					<extensions>
						<ns3:TrackPointExtension>
							<ns3:speed>3.08</ns3:speed>
						</ns3:TrackPointExtension>
					</extensions>
			</trkpt>
			<trkpt lat="35.955593" lon="120.20715">
				<ele>-57.0</ele>
				<time>2019-09-17T13:19:40Z</time>
					<extensions>
						<ns3:TrackPointExtension>
							<ns3:speed>3.08</ns3:speed>
						</ns3:TrackPointExtension>
					</extensions>
			</trkpt>
			<trkpt lat="35.955597" lon="120.207184">
				<ele>-57.0</ele>
				<time>2019-09-17T13:19:41Z</time>
					<extensions>
						<ns3:TrackPointExtension>
							<ns3:speed>3.09</ns3:speed>
						</ns3:TrackPointExtension>
					</extensions>
			</trkpt>
			<trkpt lat="35.9556" lon="120.207214">
				<ele>-57.0</ele>
				<time>2019-09-17T13:19:42Z</time>
					<extensions>
						<ns3:TrackPointExtension>
							<ns3:speed>3.09</ns3:speed>
						</ns3:TrackPointExtension>
					</extensions>
			</trkpt>
			<trkpt lat="35.9556" lon="120.207245">
				<ele>-57.0</ele>
				<time>2019-09-17T13:19:43Z</time>
					<extensions>
						<ns3:TrackPointExtension>
							<ns3:speed>3.08</ns3:speed>
						</ns3:TrackPointExtension>
					</extensions>
			</trkpt>
			<trkpt lat="35.955605" lon="120.20729">
				<ele>-57.0</ele>
				<time>2019-09-17T13:19:44Z</time>
					<extensions>
						<ns3:TrackPointExtension>
							<ns3:speed>3.08</ns3:speed>
						</ns3:TrackPointExtension>
					</extensions>
			</trkpt>
			<trkpt lat="35.955605" lon="120.20733">
				<ele>-57.0</ele>
				<time>2019-09-17T13:19:45Z</time>
					<extensions>
						<ns3:TrackPointExtension>
							<ns3:speed>3.08</ns3:speed>
						</ns3:TrackPointExtension>
					</extensions>
			</trkpt>
			<trkpt lat="35.955605" lon="120.20736">
				<ele>-57.0</ele>
				<time>2019-09-17T13:19:46Z</time>
					<extensions>
						<ns3:TrackPointExtension>
							<ns3:speed>3.09</ns3:speed>
						</ns3:TrackPointExtension>
					</extensions>
			</trkpt>
			<trkpt lat="35.95561" lon="120.20739">
				<ele>-57.0</ele>
				<time>2019-09-17T13:19:47Z</time>
					<extensions>
						<ns3:TrackPointExtension>
							<ns3:speed>3.09</ns3:speed>
						</ns3:TrackPointExtension>
					</extensions>
			</trkpt>
			<trkpt lat="35.95561" lon="120.20742">
				<ele>-57.0</ele>
				<time>2019-09-17T13:19:48Z</time>
					<extensions>
						<ns3:TrackPointExtension>
							<ns3:speed>3.1</ns3:speed>
						</ns3:TrackPointExtension>
					</extensions>
			</trkpt>
			<trkpt lat="35.95561" lon="120.207466">
				<ele>-57.0</ele>
				<time>2019-09-17T13:19:49Z</time>
					<extensions>
						<ns3:TrackPointExtension>
							<ns3:speed>3.1</ns3:speed>
						</ns3:TrackPointExtension>
					</extensions>
			</trkpt>
			<trkpt lat="35.95561" lon="120.2075">
				<ele>-57.0</ele>
				<time>2019-09-17T13:19:50Z</time>
					<extensions>
						<ns3:TrackPointExtension>
							<ns3:speed>3.1</ns3:speed>
						</ns3:TrackPointExtension>
					</extensions>
			</trkpt>
			<trkpt lat="35.95561" lon="120.20753">
				<ele>-57.0</ele>
				<time>2019-09-17T13:19:51Z</time>
					<extensions>
						<ns3:TrackPointExtension>
							<ns3:speed>3.1</ns3:speed>
						</ns3:TrackPointExtension>
					</extensions>
			</trkpt>
			<trkpt lat="35.95561" lon="120.20754">
				<ele>-57.0</ele>
				<time>2019-09-17T13:19:52Z</time>
					<extensions>
						<ns3:TrackPointExtension>
							<ns3:speed>3.1</ns3:speed>
						</ns3:TrackPointExtension>
					</extensions>
			</trkpt>
			<trkpt lat="35.95561" lon="120.207565">
				<ele>-57.0</ele>
				<time>2019-09-17T13:19:53Z</time>
					<extensions>
						<ns3:TrackPointExtension>
							<ns3:speed>3.06</ns3:speed>
						</ns3:TrackPointExtension>
					</extensions>
			</trkpt>
			<trkpt lat="35.955612" lon="120.20759">
				<ele>-57.0</ele>
				<time>2019-09-17T13:19:54Z</time>
					<extensions>
						<ns3:TrackPointExtension>
							<ns3:speed>3.04</ns3:speed>
						</ns3:TrackPointExtension>
					</extensions>
			</trkpt>
			<trkpt lat="35.955612" lon="120.207596">
				<ele>-57.0</ele>
				<time>2019-09-17T13:19:55Z</time>
					<extensions>
						<ns3:TrackPointExtension>
							<ns3:speed>3.01</ns3:speed>
						</ns3:TrackPointExtension>
					</extensions>
			</trkpt>
			<trkpt lat="35.95561" lon="120.2076">
				<ele>-57.0</ele>
				<time>2019-09-17T13:19:56Z</time>
					<extensions>
						<ns3:TrackPointExtension>
							<ns3:speed>2.95</ns3:speed>
						</ns3:TrackPointExtension>
					</extensions>
			</trkpt>
			<trkpt lat="35.955612" lon="120.20762">
				<ele>-57.0</ele>
				<time>2019-09-17T13:19:57Z</time>
					<extensions>
						<ns3:TrackPointExtension>
							<ns3:speed>2.95</ns3:speed>
						</ns3:TrackPointExtension>
					</extensions>
			</trkpt>
			<trkpt lat="35.955612" lon="120.20763">
				<ele>-57.0</ele>
				<time>2019-09-17T13:19:58Z</time>
					<extensions>
						<ns3:TrackPointExtension>
							<ns3:speed>2.8</ns3:speed>
						</ns3:TrackPointExtension>
					</extensions>
			</trkpt>
			<trkpt lat="35.95564" lon="120.207634">
				<ele>-57.0</ele>
				<time>2019-09-17T13:19:59Z</time>
					<extensions>
						<ns3:TrackPointExtension>
							<ns3:speed>2.73</ns3:speed>
						</ns3:TrackPointExtension>
					</extensions>
			</trkpt>
			<trkpt lat="35.955654" lon="120.20765">
				<ele>-57.0</ele>
				<time>2019-09-17T13:20:00Z</time>
					<extensions>
						<ns3:TrackPointExtension>
							<ns3:speed>2.65</ns3:speed>
						</ns3:TrackPointExtension>
					</extensions>
			</trkpt>
			<trkpt lat="35.955677" lon="120.20766">
				<ele>-57.0</ele>
				<time>2019-09-17T13:20:01Z</time>
					<extensions>
						<ns3:TrackPointExtension>
							<ns3:speed>2.59</ns3:speed>
						</ns3:TrackPointExtension>
					</extensions>
			</trkpt>
			<trkpt lat="35.955692" lon="120.207664">
				<ele>-57.0</ele>
				<time>2019-09-17T13:20:02Z</time>
					<extensions>
						<ns3:TrackPointExtension>
							<ns3:speed>2.59</ns3:speed>
						</ns3:TrackPointExtension>
					</extensions>
			</trkpt>
			<trkpt lat="35.955727" lon="120.20768">
				<ele>-57.0</ele>
				<time>2019-09-17T13:20:03Z</time>
					<extensions>
						<ns3:TrackPointExtension>
							<ns3:speed>2.53</ns3:speed>
						</ns3:TrackPointExtension>
					</extensions>
			</trkpt>
			<trkpt lat="35.95575" lon="120.207695">
				<ele>-57.0</ele>
				<time>2019-09-17T13:20:04Z</time>
					<extensions>
						<ns3:TrackPointExtension>
							<ns3:speed>2.53</ns3:speed>
						</ns3:TrackPointExtension>
					</extensions>
			</trkpt>
			<trkpt lat="35.955776" lon="120.20771">
				<ele>-57.0</ele>
				<time>2019-09-17T13:20:05Z</time>
					<extensions>
						<ns3:TrackPointExtension>
							<ns3:speed>2.54</ns3:speed>
						</ns3:TrackPointExtension>
					</extensions>
			</trkpt>
			<trkpt lat="35.955803" lon="120.20771">
				<ele>-57.0</ele>
				<time>2019-09-17T13:20:06Z</time>
					<extensions>
						<ns3:TrackPointExtension>
							<ns3:speed>2.56</ns3:speed>
						</ns3:TrackPointExtension>
					</extensions>
			</trkpt>
			<trkpt lat="35.955826" lon="120.20771">
				<ele>-57.0</ele>
				<time>2019-09-17T13:20:07Z</time>
					<extensions>
						<ns3:TrackPointExtension>
							<ns3:speed>2.56</ns3:speed>
						</ns3:TrackPointExtension>
					</extensions>
			</trkpt>
			<trkpt lat="35.955845" lon="120.20771">
				<ele>-57.0</ele>
				<time>2019-09-17T13:20:08Z</time>
					<extensions>
						<ns3:TrackPointExtension>
							<ns3:speed>2.61</ns3:speed>
						</ns3:TrackPointExtension>
					</extensions>
			</trkpt>
			<trkpt lat="35.955868" lon="120.20771">
				<ele>-57.0</ele>
				<time>2019-09-17T13:20:09Z</time>
					<extensions>
						<ns3:TrackPointExtension>
							<ns3:speed>2.61</ns3:speed>
						</ns3:TrackPointExtension>
					</extensions>
			</trkpt>
			<trkpt lat="35.955894" lon="120.207695">
				<ele>-57.0</ele>
				<time>2019-09-17T13:20:10Z</time>
					<extensions>
						<ns3:TrackPointExtension>
							<ns3:speed>2.61</ns3:speed>
						</ns3:TrackPointExtension>
					</extensions>
			</trkpt>
			<trkpt lat="35.955914" lon="120.207695">
				<ele>-57.0</ele>
				<time>2019-09-17T13:20:11Z</time>
					<extensions>
						<ns3:TrackPointExtension>
							<ns3:speed>2.61</ns3:speed>
						</ns3:TrackPointExtension>
					</extensions>
			</trkpt>
			<trkpt lat="35.955944" lon="120.20769">
				<ele>-57.0</ele>
				<time>2019-09-17T13:20:12Z</time>
					<extensions>
						<ns3:TrackPointExtension>
							<ns3:speed>2.61</ns3:speed>
						</ns3:TrackPointExtension>
					</extensions>
			</trkpt>
			<trkpt lat="35.955967" lon="120.20768">
				<ele>-56.0</ele>
				<time>2019-09-17T13:20:13Z</time>
					<extensions>
						<ns3:TrackPointExtension>
							<ns3:speed>2.63</ns3:speed>
						</ns3:TrackPointExtension>
					</extensions>
			</trkpt>
			<trkpt lat="35.95599" lon="120.207664">
				<ele>-56.0</ele>
				<time>2019-09-17T13:20:14Z</time>
					<extensions>
						<ns3:TrackPointExtension>
							<ns3:speed>2.63</ns3:speed>
						</ns3:TrackPointExtension>
					</extensions>
			</trkpt>
			<trkpt lat="35.956013" lon="120.20766">
				<ele>-56.0</ele>
				<time>2019-09-17T13:20:15Z</time>
					<extensions>
						<ns3:TrackPointExtension>
							<ns3:speed>2.65</ns3:speed>
						</ns3:TrackPointExtension>
					</extensions>
			</trkpt>
			<trkpt lat="35.956036" lon="120.20765">
				<ele>-55.0</ele>
				<time>2019-09-17T13:20:16Z</time>
					<extensions>
						<ns3:TrackPointExtension>
							<ns3:speed>2.66</ns3:speed>
						</ns3:TrackPointExtension>
					</extensions>
			</trkpt>
			<trkpt lat="35.95606" lon="120.207634">
				<ele>-55.0</ele>
				<time>2019-09-17T13:20:17Z</time>
					<extensions>
						<ns3:TrackPointExtension>
							<ns3:speed>2.66</ns3:speed>
						</ns3:TrackPointExtension>
					</extensions>
			</trkpt>
			<trkpt lat="35.95608" lon="120.20763">
				<ele>-55.0</ele>
				<time>2019-09-17T13:20:18Z</time>
					<extensions>
						<ns3:TrackPointExtension>
							<ns3:speed>2.66</ns3:speed>
						</ns3:TrackPointExtension>
					</extensions>
			</trkpt>
			<trkpt lat="35.956116" lon="120.20762">
				<ele>-55.0</ele>
				<time>2019-09-17T13:20:19Z</time>
					<extensions>
						<ns3:TrackPointExtension>
							<ns3:speed>2.66</ns3:speed>
						</ns3:TrackPointExtension>
					</extensions>
			</trkpt>
			<trkpt lat="35.95614" lon="120.2076">
				<ele>-55.0</ele>
				<time>2019-09-17T13:20:20Z</time>
					<extensions>
						<ns3:TrackPointExtension>
							<ns3:speed>2.68</ns3:speed>
						</ns3:TrackPointExtension>
					</extensions>
			</trkpt>
			<trkpt lat="35.956158" lon="120.207596">
				<ele>-54.0</ele>
				<time>2019-09-17T13:20:21Z</time>
					<extensions>
						<ns3:TrackPointExtension>
							<ns3:speed>2.7</ns3:speed>
						</ns3:TrackPointExtension>
					</extensions>
			</trkpt>
			<trkpt lat="35.95618" lon="120.207596">
				<ele>-54.0</ele>
				<time>2019-09-17T13:20:22Z</time>
					<extensions>
						<ns3:TrackPointExtension>
							<ns3:speed>2.71</ns3:speed>
						</ns3:TrackPointExtension>
					</extensions>
			</trkpt>
			<trkpt lat="35.956207" lon="120.20759">
				<ele>-54.0</ele>
				<time>2019-09-17T13:20:23Z</time>
					<extensions>
						<ns3:TrackPointExtension>
							<ns3:speed>2.71</ns3:speed>
						</ns3:TrackPointExtension>
					</extensions>
			</trkpt>
			<trkpt lat="35.956223" lon="120.20757">
				<ele>-54.0</ele>
				<time>2019-09-17T13:20:24Z</time>
					<extensions>
						<ns3:TrackPointExtension>
							<ns3:speed>2.71</ns3:speed>
						</ns3:TrackPointExtension>
					</extensions>
			</trkpt>
			<trkpt lat="35.956245" lon="120.207565">
				<ele>-54.0</ele>
				<time>2019-09-17T13:20:25Z</time>
					<extensions>
						<ns3:TrackPointExtension>
							<ns3:speed>2.69</ns3:speed>
						</ns3:TrackPointExtension>
					</extensions>
			</trkpt>
			<trkpt lat="35.95627" lon="120.207565">
				<ele>-54.0</ele>
				<time>2019-09-17T13:20:26Z</time>
					<extensions>
						<ns3:TrackPointExtension>
							<ns3:speed>2.68</ns3:speed>
						</ns3:TrackPointExtension>
					</extensions>
			</trkpt>
			<trkpt lat="35.956287" lon="120.20756">
				<ele>-54.0</ele>
				<time>2019-09-17T13:20:27Z</time>
					<extensions>
						<ns3:TrackPointExtension>
							<ns3:speed>2.68</ns3:speed>
						</ns3:TrackPointExtension>
					</extensions>
			</trkpt>
			<trkpt lat="35.95631" lon="120.20754">
				<ele>-54.0</ele>
				<time>2019-09-17T13:20:28Z</time>
					<extensions>
						<ns3:TrackPointExtension>
							<ns3:speed>2.68</ns3:speed>
						</ns3:TrackPointExtension>
					</extensions>
			</trkpt>
			<trkpt lat="35.956333" lon="120.207535">
				<ele>-54.0</ele>
				<time>2019-09-17T13:20:29Z</time>
					<extensions>
						<ns3:TrackPointExtension>
							<ns3:speed>2.68</ns3:speed>
						</ns3:TrackPointExtension>
					</extensions>
			</trkpt>
			<trkpt lat="35.95635" lon="120.20753">
				<ele>-54.0</ele>
				<time>2019-09-17T13:20:30Z</time>
					<extensions>
						<ns3:TrackPointExtension>
							<ns3:speed>2.68</ns3:speed>
						</ns3:TrackPointExtension>
					</extensions>
			</trkpt>
			<trkpt lat="35.95637" lon="120.20751">
				<ele>-54.0</ele>
				<time>2019-09-17T13:20:31Z</time>
					<extensions>
						<ns3:TrackPointExtension>
							<ns3:speed>2.68</ns3:speed>
						</ns3:TrackPointExtension>
					</extensions>
			</trkpt>
			<trkpt lat="35.956394" lon="120.2075">
				<ele>-54.0</ele>
				<time>2019-09-17T13:20:32Z</time>
					<extensions>
						<ns3:TrackPointExtension>
							<ns3:speed>2.67</ns3:speed>
						</ns3:TrackPointExtension>
					</extensions>
			</trkpt>
			<trkpt lat="35.95642" lon="120.20748">
				<ele>-54.0</ele>
				<time>2019-09-17T13:20:33Z</time>
					<extensions>
						<ns3:TrackPointExtension>
							<ns3:speed>2.68</ns3:speed>
						</ns3:TrackPointExtension>
					</extensions>
			</trkpt>
			<trkpt lat="35.956444" lon="120.20747">
				<ele>-54.0</ele>
				<time>2019-09-17T13:20:34Z</time>
					<extensions>
						<ns3:TrackPointExtension>
							<ns3:speed>2.68</ns3:speed>
						</ns3:TrackPointExtension>
					</extensions>
			</trkpt>
			<trkpt lat="35.956463" lon="120.207466">
				<ele>-54.0</ele>
				<time>2019-09-17T13:20:35Z</time>
					<extensions>
						<ns3:TrackPointExtension>
							<ns3:speed>2.68</ns3:speed>
						</ns3:TrackPointExtension>
					</extensions>
			</trkpt>
			<trkpt lat="35.95648" lon="120.207466">
				<ele>-54.0</ele>
				<time>2019-09-17T13:20:36Z</time>
					<extensions>
						<ns3:TrackPointExtension>
							<ns3:speed>2.68</ns3:speed>
						</ns3:TrackPointExtension>
					</extensions>
			</trkpt>
			<trkpt lat="35.956486" lon="120.20747">
				<ele>-54.0</ele>
				<time>2019-09-17T13:20:37Z</time>
					<extensions>
						<ns3:TrackPointExtension>
							<ns3:speed>2.67</ns3:speed>
						</ns3:TrackPointExtension>
					</extensions>
			</trkpt>
			<trkpt lat="35.956493" lon="120.2075">
				<ele>-54.0</ele>
				<time>2019-09-17T13:20:38Z</time>
					<extensions>
						<ns3:TrackPointExtension>
							<ns3:speed>2.65</ns3:speed>
						</ns3:TrackPointExtension>
					</extensions>
			</trkpt>
			<trkpt lat="35.956493" lon="120.20751">
				<ele>-54.0</ele>
				<time>2019-09-17T13:20:39Z</time>
					<extensions>
						<ns3:TrackPointExtension>
							<ns3:speed>2.65</ns3:speed>
						</ns3:TrackPointExtension>
					</extensions>
			</trkpt>
			<trkpt lat="35.956497" lon="120.207535">
				<ele>-54.0</ele>
				<time>2019-09-17T13:20:40Z</time>
					<extensions>
						<ns3:TrackPointExtension>
							<ns3:speed>2.56</ns3:speed>
						</ns3:TrackPointExtension>
					</extensions>
			</trkpt>
			<trkpt lat="35.956497" lon="120.207565">
				<ele>-54.0</ele>
				<time>2019-09-17T13:20:41Z</time>
					<extensions>
						<ns3:TrackPointExtension>
							<ns3:speed>2.56</ns3:speed>
						</ns3:TrackPointExtension>
					</extensions>
			</trkpt>
			<trkpt lat="35.956497" lon="120.207596">
				<ele>-54.0</ele>
				<time>2019-09-17T13:20:42Z</time>
					<extensions>
						<ns3:TrackPointExtension>
							<ns3:speed>2.48</ns3:speed>
						</ns3:TrackPointExtension>
					</extensions>
			</trkpt>
			<trkpt lat="35.956505" lon="120.20763">
				<ele>-54.0</ele>
				<time>2019-09-17T13:20:43Z</time>
					<extensions>
						<ns3:TrackPointExtension>
							<ns3:speed>2.47</ns3:speed>
						</ns3:TrackPointExtension>
					</extensions>
			</trkpt>
			<trkpt lat="35.95651" lon="120.20765">
				<ele>-54.0</ele>
				<time>2019-09-17T13:20:44Z</time>
					<extensions>
						<ns3:TrackPointExtension>
							<ns3:speed>2.47</ns3:speed>
						</ns3:TrackPointExtension>
					</extensions>
			</trkpt>
			<trkpt lat="35.956516" lon="120.20768">
				<ele>-54.0</ele>
				<time>2019-09-17T13:20:45Z</time>
					<extensions>
						<ns3:TrackPointExtension>
							<ns3:speed>2.47</ns3:speed>
						</ns3:TrackPointExtension>
					</extensions>
			</trkpt>
			<trkpt lat="35.95652" lon="120.207695">
				<ele>-54.0</ele>
				<time>2019-09-17T13:20:46Z</time>
					<extensions>
						<ns3:TrackPointExtension>
							<ns3:speed>2.47</ns3:speed>
						</ns3:TrackPointExtension>
					</extensions>
			</trkpt>
			<trkpt lat="35.956528" lon="120.207726">
				<ele>-54.0</ele>
				<time>2019-09-17T13:20:47Z</time>
					<extensions>
						<ns3:TrackPointExtension>
							<ns3:speed>2.48</ns3:speed>
						</ns3:TrackPointExtension>
					</extensions>
			</trkpt>
			<trkpt lat="35.956535" lon="120.207756">
				<ele>-54.0</ele>
				<time>2019-09-17T13:20:48Z</time>
					<extensions>
						<ns3:TrackPointExtension>
							<ns3:speed>2.48</ns3:speed>
						</ns3:TrackPointExtension>
					</extensions>
			</trkpt>
			<trkpt lat="35.956543" lon="120.2078">
				<ele>-54.0</ele>
				<time>2019-09-17T13:20:49Z</time>
					<extensions>
						<ns3:TrackPointExtension>
							<ns3:speed>2.48</ns3:speed>
						</ns3:TrackPointExtension>
					</extensions>
			</trkpt>
			<trkpt lat="35.95655" lon="120.20782">
				<ele>-54.0</ele>
				<time>2019-09-17T13:20:50Z</time>
					<extensions>
						<ns3:TrackPointExtension>
							<ns3:speed>2.51</ns3:speed>
						</ns3:TrackPointExtension>
					</extensions>
			</trkpt>
			<trkpt lat="35.95656" lon="120.20786">
				<ele>-54.0</ele>
				<time>2019-09-17T13:20:51Z</time>
					<extensions>
						<ns3:TrackPointExtension>
							<ns3:speed>2.51</ns3:speed>
						</ns3:TrackPointExtension>
					</extensions>
			</trkpt>
			<trkpt lat="35.956566" lon="120.20789">
				<ele>-54.0</ele>
				<time>2019-09-17T13:20:52Z</time>
					<extensions>
						<ns3:TrackPointExtension>
							<ns3:speed>2.56</ns3:speed>
						</ns3:TrackPointExtension>
					</extensions>
			</trkpt>
			<trkpt lat="35.956573" lon="120.207924">
				<ele>-54.0</ele>
				<time>2019-09-17T13:20:53Z</time>
					<extensions>
						<ns3:TrackPointExtension>
							<ns3:speed>2.58</ns3:speed>
						</ns3:TrackPointExtension>
					</extensions>
			</trkpt>
			<trkpt lat="35.95658" lon="120.20796">
				<ele>-54.0</ele>
				<time>2019-09-17T13:20:54Z</time>
					<extensions>
						<ns3:TrackPointExtension>
							<ns3:speed>2.61</ns3:speed>
						</ns3:TrackPointExtension>
					</extensions>
			</trkpt>
			<trkpt lat="35.956585" lon="120.20799">
				<ele>-54.0</ele>
				<time>2019-09-17T13:20:55Z</time>
					<extensions>
						<ns3:TrackPointExtension>
							<ns3:speed>2.63</ns3:speed>
						</ns3:TrackPointExtension>
					</extensions>
			</trkpt>
			<trkpt lat="35.95659" lon="120.208015">
				<ele>-54.0</ele>
				<time>2019-09-17T13:20:56Z</time>
					<extensions>
						<ns3:TrackPointExtension>
							<ns3:speed>2.63</ns3:speed>
						</ns3:TrackPointExtension>
					</extensions>
			</trkpt>
			<trkpt lat="35.956596" lon="120.20805">
				<ele>-54.0</ele>
				<time>2019-09-17T13:20:57Z</time>
					<extensions>
						<ns3:TrackPointExtension>
							<ns3:speed>2.65</ns3:speed>
						</ns3:TrackPointExtension>
					</extensions>
			</trkpt>
			<trkpt lat="35.956604" lon="120.208084">
				<ele>-54.0</ele>
				<time>2019-09-17T13:20:58Z</time>
					<extensions>
						<ns3:TrackPointExtension>
							<ns3:speed>2.68</ns3:speed>
						</ns3:TrackPointExtension>
					</extensions>
			</trkpt>
			<trkpt lat="35.95661" lon="120.208115">
				<ele>-54.0</ele>
				<time>2019-09-17T13:20:59Z</time>
					<extensions>
						<ns3:TrackPointExtension>
							<ns3:speed>2.69</ns3:speed>
						</ns3:TrackPointExtension>
					</extensions>
			</trkpt>
			<trkpt lat="35.956615" lon="120.20816">
				<ele>-54.0</ele>
				<time>2019-09-17T13:21:00Z</time>
					<extensions>
						<ns3:TrackPointExtension>
							<ns3:speed>2.71</ns3:speed>
						</ns3:TrackPointExtension>
					</extensions>
			</trkpt>
			<trkpt lat="35.95662" lon="120.208176">
				<ele>-54.0</ele>
				<time>2019-09-17T13:21:01Z</time>
					<extensions>
						<ns3:TrackPointExtension>
							<ns3:speed>2.71</ns3:speed>
						</ns3:TrackPointExtension>
					</extensions>
			</trkpt>
			<trkpt lat="35.956627" lon="120.208206">
				<ele>-54.0</ele>
				<time>2019-09-17T13:21:02Z</time>
					<extensions>
						<ns3:TrackPointExtension>
							<ns3:speed>2.73</ns3:speed>
						</ns3:TrackPointExtension>
					</extensions>
			</trkpt>
			<trkpt lat="35.95663" lon="120.208244">
				<ele>-54.0</ele>
				<time>2019-09-17T13:21:03Z</time>
					<extensions>
						<ns3:TrackPointExtension>
							<ns3:speed>2.73</ns3:speed>
						</ns3:TrackPointExtension>
					</extensions>
			</trkpt>
			<trkpt lat="35.956635" lon="120.208275">
				<ele>-54.0</ele>
				<time>2019-09-17T13:21:04Z</time>
					<extensions>
						<ns3:TrackPointExtension>
							<ns3:speed>2.74</ns3:speed>
						</ns3:TrackPointExtension>
					</extensions>
			</trkpt>
			<trkpt lat="35.956635" lon="120.20829">
				<ele>-54.0</ele>
				<time>2019-09-17T13:21:05Z</time>
					<extensions>
						<ns3:TrackPointExtension>
							<ns3:speed>2.74</ns3:speed>
						</ns3:TrackPointExtension>
					</extensions>
			</trkpt>
			<trkpt lat="35.956642" lon="120.20832">
				<ele>-54.0</ele>
				<time>2019-09-17T13:21:06Z</time>
					<extensions>
						<ns3:TrackPointExtension>
							<ns3:speed>2.74</ns3:speed>
						</ns3:TrackPointExtension>
					</extensions>
			</trkpt>
			<trkpt lat="35.956646" lon="120.20835">
				<ele>-54.0</ele>
				<time>2019-09-17T13:21:07Z</time>
					<extensions>
						<ns3:TrackPointExtension>
							<ns3:speed>2.72</ns3:speed>
						</ns3:TrackPointExtension>
					</extensions>
			</trkpt>
			<trkpt lat="35.956654" lon="120.2084">
				<ele>-54.0</ele>
				<time>2019-09-17T13:21:08Z</time>
					<extensions>
						<ns3:TrackPointExtension>
							<ns3:speed>2.72</ns3:speed>
						</ns3:TrackPointExtension>
					</extensions>
			</trkpt>
			<trkpt lat="35.95666" lon="120.20843">
				<ele>-54.0</ele>
				<time>2019-09-17T13:21:09Z</time>
					<extensions>
						<ns3:TrackPointExtension>
							<ns3:speed>2.73</ns3:speed>
						</ns3:TrackPointExtension>
					</extensions>
			</trkpt>
			<trkpt lat="35.956665" lon="120.20846">
				<ele>-54.0</ele>
				<time>2019-09-17T13:21:10Z</time>
					<extensions>
						<ns3:TrackPointExtension>
							<ns3:speed>2.74</ns3:speed>
						</ns3:TrackPointExtension>
					</extensions>
			</trkpt>
			<trkpt lat="35.956673" lon="120.20849">
				<ele>-54.0</ele>
				<time>2019-09-17T13:21:11Z</time>
					<extensions>
						<ns3:TrackPointExtension>
							<ns3:speed>2.74</ns3:speed>
						</ns3:TrackPointExtension>
					</extensions>
			</trkpt>
			<trkpt lat="35.956676" lon="120.20852">
				<ele>-54.0</ele>
				<time>2019-09-17T13:21:12Z</time>
					<extensions>
						<ns3:TrackPointExtension>
							<ns3:speed>2.78</ns3:speed>
						</ns3:TrackPointExtension>
					</extensions>
			</trkpt>
			<trkpt lat="35.956684" lon="120.208534">
				<ele>-54.0</ele>
				<time>2019-09-17T13:21:13Z</time>
					<extensions>
						<ns3:TrackPointExtension>
							<ns3:speed>2.78</ns3:speed>
						</ns3:TrackPointExtension>
					</extensions>
			</trkpt>
			<trkpt lat="35.956688" lon="120.208565">
				<ele>-54.0</ele>
				<time>2019-09-17T13:21:14Z</time>
					<extensions>
						<ns3:TrackPointExtension>
							<ns3:speed>2.78</ns3:speed>
						</ns3:TrackPointExtension>
					</extensions>
			</trkpt>
			<trkpt lat="35.95669" lon="120.208595">
				<ele>-54.0</ele>
				<time>2019-09-17T13:21:15Z</time>
					<extensions>
						<ns3:TrackPointExtension>
							<ns3:speed>2.77</ns3:speed>
						</ns3:TrackPointExtension>
					</extensions>
			</trkpt>
			<trkpt lat="35.95669" lon="120.20863">
				<ele>-54.0</ele>
				<time>2019-09-17T13:21:16Z</time>
					<extensions>
						<ns3:TrackPointExtension>
							<ns3:speed>2.76</ns3:speed>
						</ns3:TrackPointExtension>
					</extensions>
			</trkpt>
			<trkpt lat="35.956696" lon="120.20865">
				<ele>-54.0</ele>
				<time>2019-09-17T13:21:17Z</time>
					<extensions>
						<ns3:TrackPointExtension>
							<ns3:speed>2.74</ns3:speed>
						</ns3:TrackPointExtension>
					</extensions>
			</trkpt>
			<trkpt lat="35.9567" lon="120.20868">
				<ele>-54.0</ele>
				<time>2019-09-17T13:21:18Z</time>
					<extensions>
						<ns3:TrackPointExtension>
							<ns3:speed>2.74</ns3:speed>
						</ns3:TrackPointExtension>
					</extensions>
			</trkpt>
			<trkpt lat="35.9567" lon="120.20871">
				<ele>-54.0</ele>
				<time>2019-09-17T13:21:19Z</time>
					<extensions>
						<ns3:TrackPointExtension>
							<ns3:speed>2.73</ns3:speed>
						</ns3:TrackPointExtension>
					</extensions>
			</trkpt>
			<trkpt lat="35.9567" lon="120.20873">
				<ele>-54.0</ele>
				<time>2019-09-17T13:21:20Z</time>
					<extensions>
						<ns3:TrackPointExtension>
							<ns3:speed>2.72</ns3:speed>
						</ns3:TrackPointExtension>
					</extensions>
			</trkpt>
			<trkpt lat="35.9567" lon="120.20876">
				<ele>-54.0</ele>
				<time>2019-09-17T13:21:21Z</time>
					<extensions>
						<ns3:TrackPointExtension>
							<ns3:speed>2.71</ns3:speed>
						</ns3:TrackPointExtension>
					</extensions>
			</trkpt>
			<trkpt lat="35.9567" lon="120.208786">
				<ele>-54.0</ele>
				<time>2019-09-17T13:21:22Z</time>
					<extensions>
						<ns3:TrackPointExtension>
							<ns3:speed>2.71</ns3:speed>
						</ns3:TrackPointExtension>
					</extensions>
			</trkpt>
			<trkpt lat="35.9567" lon="120.20882">
				<ele>-54.0</ele>
				<time>2019-09-17T13:21:23Z</time>
					<extensions>
						<ns3:TrackPointExtension>
							<ns3:speed>2.71</ns3:speed>
						</ns3:TrackPointExtension>
					</extensions>
			</trkpt>
			<trkpt lat="35.956703" lon="120.20883">
				<ele>-54.0</ele>
				<time>2019-09-17T13:21:24Z</time>
					<extensions>
						<ns3:TrackPointExtension>
							<ns3:speed>2.68</ns3:speed>
						</ns3:TrackPointExtension>
					</extensions>
			</trkpt>
			<trkpt lat="35.956707" lon="120.20886">
				<ele>-54.0</ele>
				<time>2019-09-17T13:21:25Z</time>
					<extensions>
						<ns3:TrackPointExtension>
							<ns3:speed>2.66</ns3:speed>
						</ns3:TrackPointExtension>
					</extensions>
			</trkpt>
			<trkpt lat="35.956707" lon="120.20889">
				<ele>-54.0</ele>
				<time>2019-09-17T13:21:26Z</time>
					<extensions>
						<ns3:TrackPointExtension>
							<ns3:speed>2.65</ns3:speed>
						</ns3:TrackPointExtension>
					</extensions>
			</trkpt>
			<trkpt lat="35.956707" lon="120.20892">
				<ele>-54.0</ele>
				<time>2019-09-17T13:21:27Z</time>
					<extensions>
						<ns3:TrackPointExtension>
							<ns3:speed>2.64</ns3:speed>
						</ns3:TrackPointExtension>
					</extensions>
			</trkpt>
			<trkpt lat="35.95667" lon="120.208954">
				<ele>-54.0</ele>
				<time>2019-09-17T13:21:28Z</time>
					<extensions>
						<ns3:TrackPointExtension>
							<ns3:speed>2.64</ns3:speed>
						</ns3:TrackPointExtension>
					</extensions>
			</trkpt>
			<trkpt lat="35.956665" lon="120.208984">
				<ele>-54.0</ele>
				<time>2019-09-17T13:21:29Z</time>
					<extensions>
						<ns3:TrackPointExtension>
							<ns3:speed>2.64</ns3:speed>
						</ns3:TrackPointExtension>
					</extensions>
			</trkpt>
			<trkpt lat="35.956665" lon="120.20901">
				<ele>-54.0</ele>
				<time>2019-09-17T13:21:30Z</time>
					<extensions>
						<ns3:TrackPointExtension>
							<ns3:speed>2.65</ns3:speed>
						</ns3:TrackPointExtension>
					</extensions>
			</trkpt>
			<trkpt lat="35.95667" lon="120.20902">
				<ele>-54.0</ele>
				<time>2019-09-17T13:21:31Z</time>
					<extensions>
						<ns3:TrackPointExtension>
							<ns3:speed>2.64</ns3:speed>
						</ns3:TrackPointExtension>
					</extensions>
			</trkpt>
			<trkpt lat="35.956673" lon="120.20901">
				<ele>-54.0</ele>
				<time>2019-09-17T13:21:32Z</time>
					<extensions>
						<ns3:TrackPointExtension>
							<ns3:speed>2.63</ns3:speed>
						</ns3:TrackPointExtension>
					</extensions>
			</trkpt>
			<trkpt lat="35.95667" lon="120.209">
				<ele>-54.0</ele>
				<time>2019-09-17T13:21:33Z</time>
					<extensions>
						<ns3:TrackPointExtension>
							<ns3:speed>2.63</ns3:speed>
						</ns3:TrackPointExtension>
					</extensions>
			</trkpt>
			<trkpt lat="35.95667" lon="120.20898">
				<ele>-54.0</ele>
				<time>2019-09-17T13:21:34Z</time>
					<extensions>
						<ns3:TrackPointExtension>
							<ns3:speed>2.53</ns3:speed>
						</ns3:TrackPointExtension>
					</extensions>
			</trkpt>
			<trkpt lat="35.956665" lon="120.208954">
				<ele>-54.0</ele>
				<time>2019-09-17T13:21:35Z</time>
					<extensions>
						<ns3:TrackPointExtension>
							<ns3:speed>2.53</ns3:speed>
						</ns3:TrackPointExtension>
					</extensions>
			</trkpt>
			<trkpt lat="35.956657" lon="120.20894">
				<ele>-54.0</ele>
				<time>2019-09-17T13:21:36Z</time>
					<extensions>
						<ns3:TrackPointExtension>
							<ns3:speed>2.42</ns3:speed>
						</ns3:TrackPointExtension>
					</extensions>
			</trkpt>
			<trkpt lat="35.956646" lon="120.208916">
				<ele>-54.0</ele>
				<time>2019-09-17T13:21:37Z</time>
					<extensions>
						<ns3:TrackPointExtension>
							<ns3:speed>2.38</ns3:speed>
						</ns3:TrackPointExtension>
					</extensions>
			</trkpt>
			<trkpt lat="35.95664" lon="120.20889">
				<ele>-54.0</ele>
				<time>2019-09-17T13:21:38Z</time>
					<extensions>
						<ns3:TrackPointExtension>
							<ns3:speed>2.38</ns3:speed>
						</ns3:TrackPointExtension>
					</extensions>
			</trkpt>
			<trkpt lat="35.956635" lon="120.20888">
				<ele>-54.0</ele>
				<time>2019-09-17T13:21:39Z</time>
					<extensions>
						<ns3:TrackPointExtension>
							<ns3:speed>2.34</ns3:speed>
						</ns3:TrackPointExtension>
					</extensions>
			</trkpt>
			<trkpt lat="35.956627" lon="120.208855">
				<ele>-54.0</ele>
				<time>2019-09-17T13:21:40Z</time>
					<extensions>
						<ns3:TrackPointExtension>
							<ns3:speed>2.34</ns3:speed>
						</ns3:TrackPointExtension>
					</extensions>
			</trkpt>
			<trkpt lat="35.95662" lon="120.20883">
				<ele>-54.0</ele>
				<time>2019-09-17T13:21:41Z</time>
					<extensions>
						<ns3:TrackPointExtension>
							<ns3:speed>2.31</ns3:speed>
						</ns3:TrackPointExtension>
					</extensions>
			</trkpt>
			<trkpt lat="35.95661" lon="120.2088">
				<ele>-54.0</ele>
				<time>2019-09-17T13:21:42Z</time>
					<extensions>
						<ns3:TrackPointExtension>
							<ns3:speed>2.29</ns3:speed>
						</ns3:TrackPointExtension>
					</extensions>
			</trkpt>
			<trkpt lat="35.956604" lon="120.20877">
				<ele>-54.0</ele>
				<time>2019-09-17T13:21:43Z</time>
					<extensions>
						<ns3:TrackPointExtension>
							<ns3:speed>2.29</ns3:speed>
						</ns3:TrackPointExtension>
					</extensions>
			</trkpt>
			<trkpt lat="35.956596" lon="120.20874">
				<ele>-54.0</ele>
				<time>2019-09-17T13:21:44Z</time>
					<extensions>
						<ns3:TrackPointExtension>
							<ns3:speed>2.29</ns3:speed>
						</ns3:TrackPointExtension>
					</extensions>
			</trkpt>
			<trkpt lat="35.95659" lon="120.20871">
				<ele>-54.0</ele>
				<time>2019-09-17T13:21:45Z</time>
					<extensions>
						<ns3:TrackPointExtension>
							<ns3:speed>2.29</ns3:speed>
						</ns3:TrackPointExtension>
					</extensions>
			</trkpt>
			<trkpt lat="35.95658" lon="120.208694">
				<ele>-54.0</ele>
				<time>2019-09-17T13:21:46Z</time>
					<extensions>
						<ns3:TrackPointExtension>
							<ns3:speed>2.33</ns3:speed>
						</ns3:TrackPointExtension>
					</extensions>
			</trkpt>
			<trkpt lat="35.956577" lon="120.20868">
				<ele>-54.0</ele>
				<time>2019-09-17T13:21:47Z</time>
					<extensions>
						<ns3:TrackPointExtension>
							<ns3:speed>2.35</ns3:speed>
						</ns3:TrackPointExtension>
					</extensions>
			</trkpt>
			<trkpt lat="35.956573" lon="120.20867">
				<ele>-54.0</ele>
				<time>2019-09-17T13:21:48Z</time>
					<extensions>
						<ns3:TrackPointExtension>
							<ns3:speed>2.35</ns3:speed>
						</ns3:TrackPointExtension>
					</extensions>
			</trkpt>
			<trkpt lat="35.956543" lon="120.20867">
				<ele>-54.0</ele>
				<time>2019-09-17T13:21:49Z</time>
					<extensions>
						<ns3:TrackPointExtension>
							<ns3:speed>2.34</ns3:speed>
						</ns3:TrackPointExtension>
					</extensions>
			</trkpt>
			<trkpt lat="35.956524" lon="120.20867">
				<ele>-54.0</ele>
				<time>2019-09-17T13:21:50Z</time>
					<extensions>
						<ns3:TrackPointExtension>
							<ns3:speed>2.34</ns3:speed>
						</ns3:TrackPointExtension>
					</extensions>
			</trkpt>
			<trkpt lat="35.956505" lon="120.20868">
				<ele>-54.0</ele>
				<time>2019-09-17T13:21:51Z</time>
					<extensions>
						<ns3:TrackPointExtension>
							<ns3:speed>2.29</ns3:speed>
						</ns3:TrackPointExtension>
					</extensions>
			</trkpt>
			<trkpt lat="35.95649" lon="120.208694">
				<ele>-54.0</ele>
				<time>2019-09-17T13:21:52Z</time>
					<extensions>
						<ns3:TrackPointExtension>
							<ns3:speed>2.27</ns3:speed>
						</ns3:TrackPointExtension>
					</extensions>
			</trkpt>
			<trkpt lat="35.956463" lon="120.2087">
				<ele>-54.0</ele>
				<time>2019-09-17T13:21:53Z</time>
					<extensions>
						<ns3:TrackPointExtension>
							<ns3:speed>2.26</ns3:speed>
						</ns3:TrackPointExtension>
					</extensions>
			</trkpt>
			<trkpt lat="35.956455" lon="120.20873">
				<ele>-54.0</ele>
				<time>2019-09-17T13:21:54Z</time>
					<extensions>
						<ns3:TrackPointExtension>
							<ns3:speed>2.26</ns3:speed>
						</ns3:TrackPointExtension>
					</extensions>
			</trkpt>
			<trkpt lat="35.95645" lon="120.20874">
				<ele>-55.0</ele>
				<time>2019-09-17T13:21:55Z</time>
					<extensions>
						<ns3:TrackPointExtension>
							<ns3:speed>2.26</ns3:speed>
						</ns3:TrackPointExtension>
					</extensions>
			</trkpt>
		</trkseg>
	</trk>
</gpx>
