<?xml version="1.0" encoding="UTF-8" standalone="no"?><gpx xmlns="http://www.topografix.com/GPX/1/1" xmlns:gpxtpx="http://www.garmin.com/xmlschemas/TrackPointExtension/v1" xmlns:gpxx="http://www.garmin.com/xmlschemas/GpxExtensions/v3" xmlns:ns1="http://www.cluetrust.com/XML/GPXDATA/1/0" xmlns:xsi="http://www.w3.org/2001/XMLSchema-instance" creator="Amazfit GTS 3" version="1.3" xsi:schemaLocation="http://www.topografix.com/GPX/1/1 http://www.topografix.com/GPX/1/1/gpx.xsd http://www.garmin.com/xmlschemas/GpxExtensions/v3 http://www.garmin.com/xmlschemas/GpxExtensionsv3.xsd http://www.garmin.com/xmlschemas/TrackPointExtension/v1 http://www.garmin.com/xmlschemas/TrackPointExtensionv1.xsd"><metadata><name>Huami Amazfit Sports Watch</name><time>2022-05-22T21:43:01Z</time></metadata><trk><name>Sport</name><number>2561</number><type>run</type><trkseg><trkpt lat="35.95694" lon="120.20986966"><ele>-29.950000762939453</ele><time>2022-05-22T21:43:05Z</time><extensions><gpxtpx:TrackPointExtension><gpxtpx:hr>75</gpxtpx:hr></gpxtpx:TrackPointExtension></extensions></trkpt><trkpt lat="35.95694466" lon="120.20986767"><ele>-30.219999313354492</ele><time>2022-05-22T21:43:06Z</time><extensions><gpxtpx:TrackPointExtension><gpxtpx:hr>75</gpxtpx:hr></gpxtpx:TrackPointExtension></extensions></trkpt><trkpt lat="35.95695332" lon="120.20986401"><ele>-30.450000762939453</ele><time>2022-05-22T21:43:07Z</time><extensions><gpxtpx:TrackPointExtension><gpxtpx:hr>77</gpxtpx:hr></gpxtpx:TrackPointExtension></extensions></trkpt><trkpt lat="35.95696465" lon="120.20985968"><ele>-30.6200008392334</ele><time>2022-05-22T21:43:08Z</time><extensions><gpxtpx:TrackPointExtension><gpxtpx:hr>78</gpxtpx:hr></gpxtpx:TrackPointExtension></extensions></trkpt><trkpt lat="35.95697865" lon="120.20985635"><ele>-30.729999542236328</ele><time>2022-05-22T21:43:09Z</time><extensions><gpxtpx:TrackPointExtension><gpxtpx:hr>79</gpxtpx:hr></gpxtpx:TrackPointExtension></extensions></trkpt><trkpt lat="35.95699564" lon="120.20985436"><ele>-30.809999465942383</ele><time>2022-05-22T21:43:10Z</time><extensions><gpxtpx:TrackPointExtension><gpxtpx:hr>80</gpxtpx:hr></gpxtpx:TrackPointExtension></extensions></trkpt><trkpt lat="35.9570143" lon="120.2098527"><ele>-30.8799991607666</ele><time>2022-05-22T21:43:11Z</time><extensions><gpxtpx:TrackPointExtension><gpxtpx:hr>80</gpxtpx:hr><gpxtpx:cad>88</gpxtpx:cad></gpxtpx:TrackPointExtension></extensions></trkpt><trkpt lat="35.95703596" lon="120.20985204"><ele>-30.950000762939453</ele><time>2022-05-22T21:43:12Z</time><extensions><gpxtpx:TrackPointExtension><gpxtpx:hr>82</gpxtpx:hr><gpxtpx:cad>88</gpxtpx:cad></gpxtpx:TrackPointExtension></extensions></trkpt><trkpt lat="35.95705629" lon="120.20985138"><ele>-30.950000762939453</ele><time>2022-05-22T21:43:13Z</time><extensions><gpxtpx:TrackPointExtension><gpxtpx:hr>85</gpxtpx:hr><gpxtpx:cad>88</gpxtpx:cad></gpxtpx:TrackPointExtension></extensions></trkpt><trkpt lat="35.95707529" lon="120.20985039"><ele>-31.040000915527344</ele><time>2022-05-22T21:43:14Z</time><extensions><gpxtpx:TrackPointExtension><gpxtpx:hr>86</gpxtpx:hr><gpxtpx:cad>88</gpxtpx:cad></gpxtpx:TrackPointExtension></extensions></trkpt><trkpt lat="35.95709428" lon="120.20984839"><ele>-31.059999465942383</ele><time>2022-05-22T21:43:15Z</time><extensions><gpxtpx:TrackPointExtension><gpxtpx:hr>86</gpxtpx:hr><gpxtpx:cad>88</gpxtpx:cad></gpxtpx:TrackPointExtension></extensions></trkpt><trkpt lat="35.95711261" lon="120.20984606"><ele>-31.09000015258789</ele><time>2022-05-22T21:43:16Z</time><extensions><gpxtpx:TrackPointExtension><gpxtpx:hr>85</gpxtpx:hr><gpxtpx:cad>89</gpxtpx:cad></gpxtpx:TrackPointExtension></extensions></trkpt><trkpt lat="35.95713027" lon="120.2098434"><ele>-31.049999237060547</ele><time>2022-05-22T21:43:17Z</time><extensions><gpxtpx:TrackPointExtension><gpxtpx:hr>87</gpxtpx:hr><gpxtpx:cad>89</gpxtpx:cad></gpxtpx:TrackPointExtension></extensions></trkpt><trkpt lat="35.9571486" lon="120.20984007"><ele>-31.020000457763672</ele><time>2022-05-22T21:43:18Z</time><extensions><gpxtpx:TrackPointExtension><gpxtpx:hr>90</gpxtpx:hr><gpxtpx:cad>89</gpxtpx:cad></gpxtpx:TrackPointExtension></extensions></trkpt><trkpt lat="35.95716759" lon="120.20983741"><ele>-30.979999542236328</ele><time>2022-05-22T21:43:19Z</time><extensions><gpxtpx:TrackPointExtension><gpxtpx:hr>91</gpxtpx:hr><gpxtpx:cad>89</gpxtpx:cad></gpxtpx:TrackPointExtension></extensions></trkpt><trkpt lat="35.95718792" lon="120.20983208"><ele>-30.950000762939453</ele><time>2022-05-22T21:43:20Z</time><extensions><gpxtpx:TrackPointExtension><gpxtpx:hr>94</gpxtpx:hr><gpxtpx:cad>89</gpxtpx:cad></gpxtpx:TrackPointExtension></extensions></trkpt><trkpt lat="35.95720825" lon="120.20982542"><ele>-30.899999618530273</ele><time>2022-05-22T21:43:21Z</time><extensions><gpxtpx:TrackPointExtension><gpxtpx:hr>97</gpxtpx:hr><gpxtpx:cad>89</gpxtpx:cad></gpxtpx:TrackPointExtension></extensions></trkpt><trkpt lat="35.95722824" lon="120.20981743"><ele>-30.809999465942383</ele><time>2022-05-22T21:43:22Z</time><extensions><gpxtpx:TrackPointExtension><gpxtpx:hr>98</gpxtpx:hr><gpxtpx:cad>89</gpxtpx:cad></gpxtpx:TrackPointExtension></extensions></trkpt><trkpt lat="35.95725057" lon="120.2098111"><ele>-30.729999542236328</ele><time>2022-05-22T21:43:23Z</time><extensions><gpxtpx:TrackPointExtension><gpxtpx:hr>98</gpxtpx:hr><gpxtpx:cad>89</gpxtpx:cad></gpxtpx:TrackPointExtension></extensions></trkpt><trkpt lat="35.95727557" lon="120.20980577"><ele>-30.670000076293945</ele><time>2022-05-22T21:43:24Z</time><extensions><gpxtpx:TrackPointExtension><gpxtpx:hr>98</gpxtpx:hr><gpxtpx:cad>89</gpxtpx:cad></gpxtpx:TrackPointExtension></extensions></trkpt><trkpt lat="35.9572989" lon="120.20980077"><ele>-30.59000015258789</ele><time>2022-05-22T21:43:25Z</time><extensions><gpxtpx:TrackPointExtension><gpxtpx:hr>99</gpxtpx:hr><gpxtpx:cad>89</gpxtpx:cad></gpxtpx:TrackPointExtension></extensions></trkpt><trkpt lat="35.95732156" lon="120.20979644"><ele>-30.520000457763672</ele><time>2022-05-22T21:43:26Z</time><extensions><gpxtpx:TrackPointExtension><gpxtpx:hr>101</gpxtpx:hr><gpxtpx:cad>89</gpxtpx:cad></gpxtpx:TrackPointExtension></extensions></trkpt><trkpt lat="35.95734489" lon="120.20979445"><ele>-30.450000762939453</ele><time>2022-05-22T21:43:27Z</time><extensions><gpxtpx:TrackPointExtension><gpxtpx:hr>103</gpxtpx:hr><gpxtpx:cad>89</gpxtpx:cad></gpxtpx:TrackPointExtension></extensions></trkpt><trkpt lat="35.95736889" lon="120.20979012"><ele>-30.3799991607666</ele><time>2022-05-22T21:43:28Z</time><extensions><gpxtpx:TrackPointExtension><gpxtpx:hr>105</gpxtpx:hr><gpxtpx:cad>89</gpxtpx:cad></gpxtpx:TrackPointExtension></extensions></trkpt><trkpt lat="35.95739255" lon="120.20978646"><ele>-30.34000015258789</ele><time>2022-05-22T21:43:29Z</time><extensions><gpxtpx:TrackPointExtension><gpxtpx:hr>105</gpxtpx:hr><gpxtpx:cad>89</gpxtpx:cad></gpxtpx:TrackPointExtension></extensions></trkpt><trkpt lat="35.95741621" lon="120.20978147"><ele>-30.290000915527344</ele><time>2022-05-22T21:43:30Z</time><extensions><gpxtpx:TrackPointExtension><gpxtpx:hr>106</gpxtpx:hr><gpxtpx:cad>89</gpxtpx:cad></gpxtpx:TrackPointExtension></extensions></trkpt><trkpt lat="35.9574392" lon="120.20977714"><ele>-30.290000915527344</ele><time>2022-05-22T21:43:31Z</time><extensions><gpxtpx:TrackPointExtension><gpxtpx:hr>109</gpxtpx:hr><gpxtpx:cad>89</gpxtpx:cad></gpxtpx:TrackPointExtension></extensions></trkpt><trkpt lat="35.95746186" lon="120.20977414"><ele>-30.25</ele><time>2022-05-22T21:43:32Z</time><extensions><gpxtpx:TrackPointExtension><gpxtpx:hr>111</gpxtpx:hr><gpxtpx:cad>90</gpxtpx:cad></gpxtpx:TrackPointExtension></extensions></trkpt><trkpt lat="35.95748119" lon="120.20977115"><ele>-30.209999084472656</ele><time>2022-05-22T21:43:33Z</time><extensions><gpxtpx:TrackPointExtension><gpxtpx:hr>112</gpxtpx:hr><gpxtpx:cad>90</gpxtpx:cad></gpxtpx:TrackPointExtension></extensions></trkpt><trkpt lat="35.95749885" lon="120.20976949"><ele>-30.170000076293945</ele><time>2022-05-22T21:43:34Z</time><extensions><gpxtpx:TrackPointExtension><gpxtpx:hr>115</gpxtpx:hr><gpxtpx:cad>90</gpxtpx:cad></gpxtpx:TrackPointExtension></extensions></trkpt><trkpt lat="35.95751485" lon="120.20976916"><ele>-30.049999237060547</ele><time>2022-05-22T21:43:35Z</time><extensions><gpxtpx:TrackPointExtension><gpxtpx:hr>115</gpxtpx:hr><gpxtpx:cad>89</gpxtpx:cad></gpxtpx:TrackPointExtension></extensions></trkpt><trkpt lat="35.95753051" lon="120.20976949"><ele>-29.969999313354492</ele><time>2022-05-22T21:43:36Z</time><extensions><gpxtpx:TrackPointExtension><gpxtpx:hr>118</gpxtpx:hr><gpxtpx:cad>90</gpxtpx:cad></gpxtpx:TrackPointExtension></extensions></trkpt><trkpt lat="35.95754951" lon="120.2097675"><ele>-29.81999969482422</ele><time>2022-05-22T21:43:37Z</time><extensions><gpxtpx:TrackPointExtension><gpxtpx:hr>118</gpxtpx:hr><gpxtpx:cad>90</gpxtpx:cad></gpxtpx:TrackPointExtension></extensions></trkpt><trkpt lat="35.95756917" lon="120.20976384"><ele>-29.670000076293945</ele><time>2022-05-22T21:43:38Z</time><extensions><gpxtpx:TrackPointExtension><gpxtpx:hr>122</gpxtpx:hr><gpxtpx:cad>89</gpxtpx:cad></gpxtpx:TrackPointExtension></extensions></trkpt><trkpt lat="35.95758983" lon="120.20976051"><ele>-29.530000686645508</ele><time>2022-05-22T21:43:39Z</time><extensions><gpxtpx:TrackPointExtension><gpxtpx:hr>128</gpxtpx:hr><gpxtpx:cad>90</gpxtpx:cad></gpxtpx:TrackPointExtension></extensions></trkpt><trkpt lat="35.95761182" lon="120.20975651"><ele>-29.399999618530273</ele><time>2022-05-22T21:43:40Z</time><extensions><gpxtpx:TrackPointExtension><gpxtpx:hr>128</gpxtpx:hr><gpxtpx:cad>89</gpxtpx:cad></gpxtpx:TrackPointExtension></extensions></trkpt><trkpt lat="35.95763448" lon="120.20975485"><ele>-29.299999237060547</ele><time>2022-05-22T21:43:41Z</time><extensions><gpxtpx:TrackPointExtension><gpxtpx:hr>126</gpxtpx:hr><gpxtpx:cad>89</gpxtpx:cad></gpxtpx:TrackPointExtension></extensions></trkpt><trkpt lat="35.95765414" lon="120.20975985"><ele>-29.229999542236328</ele><time>2022-05-22T21:43:42Z</time><extensions><gpxtpx:TrackPointExtension><gpxtpx:hr>125</gpxtpx:hr><gpxtpx:cad>89</gpxtpx:cad></gpxtpx:TrackPointExtension></extensions></trkpt><trkpt lat="35.9576718" lon="120.20977085"><ele>-29.200000762939453</ele><time>2022-05-22T21:43:43Z</time><extensions><gpxtpx:TrackPointExtension><gpxtpx:hr>125</gpxtpx:hr><gpxtpx:cad>88</gpxtpx:cad></gpxtpx:TrackPointExtension></extensions></trkpt><trkpt lat="35.95768746" lon="120.20978584"><ele>-29.170000076293945</ele><time>2022-05-22T21:43:44Z</time><extensions><gpxtpx:TrackPointExtension><gpxtpx:hr>123</gpxtpx:hr><gpxtpx:cad>88</gpxtpx:cad></gpxtpx:TrackPointExtension></extensions></trkpt><trkpt lat="35.95770112" lon="120.20980417"><ele>-29.139999389648438</ele><time>2022-05-22T21:43:45Z</time><extensions><gpxtpx:TrackPointExtension><gpxtpx:hr>123</gpxtpx:hr><gpxtpx:cad>88</gpxtpx:cad></gpxtpx:TrackPointExtension></extensions></trkpt><trkpt lat="35.95771311" lon="120.20982416"><ele>-29.149999618530273</ele><time>2022-05-22T21:43:46Z</time><extensions><gpxtpx:TrackPointExtension><gpxtpx:hr>123</gpxtpx:hr><gpxtpx:cad>88</gpxtpx:cad></gpxtpx:TrackPointExtension></extensions></trkpt><trkpt lat="35.95772411" lon="120.20984516"><ele>-29.139999389648438</ele><time>2022-05-22T21:43:47Z</time><extensions><gpxtpx:TrackPointExtension><gpxtpx:hr>124</gpxtpx:hr><gpxtpx:cad>88</gpxtpx:cad></gpxtpx:TrackPointExtension></extensions></trkpt><trkpt lat="35.95773244" lon="120.20986682"><ele>-29.190000534057617</ele><time>2022-05-22T21:43:48Z</time><extensions><gpxtpx:TrackPointExtension><gpxtpx:hr>125</gpxtpx:hr><gpxtpx:cad>88</gpxtpx:cad></gpxtpx:TrackPointExtension></extensions></trkpt><trkpt lat="35.95773977" lon="120.20988981"><ele>-29.200000762939453</ele><time>2022-05-22T21:43:49Z</time><extensions><gpxtpx:TrackPointExtension><gpxtpx:hr>126</gpxtpx:hr><gpxtpx:cad>88</gpxtpx:cad></gpxtpx:TrackPointExtension></extensions></trkpt><trkpt lat="35.95774777" lon="120.20991447"><ele>-29.200000762939453</ele><time>2022-05-22T21:43:50Z</time><extensions><gpxtpx:TrackPointExtension><gpxtpx:hr>127</gpxtpx:hr><gpxtpx:cad>88</gpxtpx:cad></gpxtpx:TrackPointExtension></extensions></trkpt><trkpt lat="35.95775543" lon="120.2099398"><ele>-29.200000762939453</ele><time>2022-05-22T21:43:51Z</time><extensions><gpxtpx:TrackPointExtension><gpxtpx:hr>128</gpxtpx:hr><gpxtpx:cad>88</gpxtpx:cad></gpxtpx:TrackPointExtension></extensions></trkpt><trkpt lat="35.95775943" lon="120.20996479"><ele>-29.200000762939453</ele><time>2022-05-22T21:43:52Z</time><extensions><gpxtpx:TrackPointExtension><gpxtpx:hr>129</gpxtpx:hr><gpxtpx:cad>89</gpxtpx:cad></gpxtpx:TrackPointExtension></extensions></trkpt><trkpt lat="35.95776443" lon="120.20999012"><ele>-29.219999313354492</ele><time>2022-05-22T21:43:53Z</time><extensions><gpxtpx:TrackPointExtension><gpxtpx:hr>129</gpxtpx:hr><gpxtpx:cad>89</gpxtpx:cad></gpxtpx:TrackPointExtension></extensions></trkpt><trkpt lat="35.95776942" lon="120.21001478"><ele>-29.219999313354492</ele><time>2022-05-22T21:43:54Z</time><extensions><gpxtpx:TrackPointExtension><gpxtpx:hr>129</gpxtpx:hr><gpxtpx:cad>88</gpxtpx:cad></gpxtpx:TrackPointExtension></extensions></trkpt><trkpt lat="35.95777342" lon="120.21003877"><ele>-29.229999542236328</ele><time>2022-05-22T21:43:55Z</time><extensions><gpxtpx:TrackPointExtension><gpxtpx:hr>129</gpxtpx:hr><gpxtpx:cad>88</gpxtpx:cad></gpxtpx:TrackPointExtension></extensions></trkpt><trkpt lat="35.95777641" lon="120.21006277"><ele>-29.229999542236328</ele><time>2022-05-22T21:43:56Z</time><extensions><gpxtpx:TrackPointExtension><gpxtpx:hr>129</gpxtpx:hr><gpxtpx:cad>89</gpxtpx:cad></gpxtpx:TrackPointExtension></extensions></trkpt><trkpt lat="35.95778007" lon="120.21008743"><ele>-29.25</ele><time>2022-05-22T21:43:57Z</time><extensions><gpxtpx:TrackPointExtension><gpxtpx:hr>129</gpxtpx:hr><gpxtpx:cad>89</gpxtpx:cad></gpxtpx:TrackPointExtension></extensions></trkpt><trkpt lat="35.95778606" lon="120.21011343"><ele>-29.25</ele><time>2022-05-22T21:43:58Z</time><extensions><gpxtpx:TrackPointExtension><gpxtpx:hr>128</gpxtpx:hr><gpxtpx:cad>89</gpxtpx:cad></gpxtpx:TrackPointExtension></extensions></trkpt><trkpt lat="35.95779306" lon="120.21014009"><ele>-29.229999542236328</ele><time>2022-05-22T21:43:59Z</time><extensions><gpxtpx:TrackPointExtension><gpxtpx:hr>127</gpxtpx:hr><gpxtpx:cad>89</gpxtpx:cad></gpxtpx:TrackPointExtension></extensions></trkpt><trkpt lat="35.95779972" lon="120.21016742"><ele>-29.229999542236328</ele><time>2022-05-22T21:44:00Z</time><extensions><gpxtpx:TrackPointExtension><gpxtpx:hr>127</gpxtpx:hr><gpxtpx:cad>89</gpxtpx:cad></gpxtpx:TrackPointExtension></extensions></trkpt><trkpt lat="35.95780672" lon="120.21019508"><ele>-29.229999542236328</ele><time>2022-05-22T21:44:01Z</time><extensions><gpxtpx:TrackPointExtension><gpxtpx:hr>126</gpxtpx:hr><gpxtpx:cad>89</gpxtpx:cad></gpxtpx:TrackPointExtension></extensions></trkpt><trkpt lat="35.95781471" lon="120.21022274"><ele>-29.280000686645508</ele><time>2022-05-22T21:44:02Z</time><extensions><gpxtpx:TrackPointExtension><gpxtpx:hr>126</gpxtpx:hr><gpxtpx:cad>88</gpxtpx:cad></gpxtpx:TrackPointExtension></extensions></trkpt><trkpt lat="35.95782237" lon="120.21025173"><ele>-29.309999465942383</ele><time>2022-05-22T21:44:03Z</time><extensions><gpxtpx:TrackPointExtension><gpxtpx:hr>126</gpxtpx:hr><gpxtpx:cad>88</gpxtpx:cad></gpxtpx:TrackPointExtension></extensions></trkpt><trkpt lat="35.95783003" lon="120.21028139"><ele>-29.3700008392334</ele><time>2022-05-22T21:44:04Z</time><extensions><gpxtpx:TrackPointExtension><gpxtpx:hr>126</gpxtpx:hr><gpxtpx:cad>88</gpxtpx:cad></gpxtpx:TrackPointExtension></extensions></trkpt><trkpt lat="35.95783902" lon="120.21031072"><ele>-29.440000534057617</ele><time>2022-05-22T21:44:05Z</time><extensions><gpxtpx:TrackPointExtension><gpxtpx:hr>126</gpxtpx:hr><gpxtpx:cad>88</gpxtpx:cad></gpxtpx:TrackPointExtension></extensions></trkpt><trkpt lat="35.95784835" lon="120.21033938"><ele>-29.5</ele><time>2022-05-22T21:44:06Z</time><extensions><gpxtpx:TrackPointExtension><gpxtpx:hr>127</gpxtpx:hr><gpxtpx:cad>88</gpxtpx:cad></gpxtpx:TrackPointExtension></extensions></trkpt><trkpt lat="35.95785701" lon="120.21036804"><ele>-29.540000915527344</ele><time>2022-05-22T21:44:07Z</time><extensions><gpxtpx:TrackPointExtension><gpxtpx:hr>127</gpxtpx:hr><gpxtpx:cad>89</gpxtpx:cad></gpxtpx:TrackPointExtension></extensions></trkpt><trkpt lat="35.957865" lon="120.21039637"><ele>-29.540000915527344</ele><time>2022-05-22T21:44:08Z</time><extensions><gpxtpx:TrackPointExtension><gpxtpx:hr>127</gpxtpx:hr><gpxtpx:cad>88</gpxtpx:cad></gpxtpx:TrackPointExtension></extensions></trkpt><trkpt lat="35.957873" lon="120.21042437"><ele>-29.600000381469727</ele><time>2022-05-22T21:44:09Z</time><extensions><gpxtpx:TrackPointExtension><gpxtpx:hr>127</gpxtpx:hr><gpxtpx:cad>88</gpxtpx:cad></gpxtpx:TrackPointExtension></extensions></trkpt><trkpt lat="35.95788" lon="120.2104517"><ele>-29.649999618530273</ele><time>2022-05-22T21:44:10Z</time><extensions><gpxtpx:TrackPointExtension><gpxtpx:hr>127</gpxtpx:hr><gpxtpx:cad>88</gpxtpx:cad></gpxtpx:TrackPointExtension></extensions></trkpt><trkpt lat="35.95788766" lon="120.21048003"><ele>-29.700000762939453</ele><time>2022-05-22T21:44:11Z</time><extensions><gpxtpx:TrackPointExtension><gpxtpx:hr>127</gpxtpx:hr><gpxtpx:cad>88</gpxtpx:cad></gpxtpx:TrackPointExtension></extensions></trkpt><trkpt lat="35.95789566" lon="120.21050803"><ele>-29.760000228881836</ele><time>2022-05-22T21:44:12Z</time><extensions><gpxtpx:TrackPointExtension><gpxtpx:hr>129</gpxtpx:hr><gpxtpx:cad>87</gpxtpx:cad></gpxtpx:TrackPointExtension></extensions></trkpt><trkpt lat="35.95790566" lon="120.21053469"><ele>-29.790000915527344</ele><time>2022-05-22T21:44:13Z</time><extensions><gpxtpx:TrackPointExtension><gpxtpx:hr>129</gpxtpx:hr><gpxtpx:cad>86</gpxtpx:cad></gpxtpx:TrackPointExtension></extensions></trkpt><trkpt lat="35.95791332" lon="120.21055969"><ele>-29.81999969482422</ele><time>2022-05-22T21:44:14Z</time><extensions><gpxtpx:TrackPointExtension><gpxtpx:hr>130</gpxtpx:hr><gpxtpx:cad>85</gpxtpx:cad></gpxtpx:TrackPointExtension></extensions></trkpt><trkpt lat="35.95791698" lon="120.21058502"><ele>-29.850000381469727</ele><time>2022-05-22T21:44:15Z</time><extensions><gpxtpx:TrackPointExtension><gpxtpx:hr>130</gpxtpx:hr><gpxtpx:cad>84</gpxtpx:cad></gpxtpx:TrackPointExtension></extensions></trkpt><trkpt lat="35.95791831" lon="120.21060935"><ele>-29.8700008392334</ele><time>2022-05-22T21:44:16Z</time><extensions><gpxtpx:TrackPointExtension><gpxtpx:hr>131</gpxtpx:hr><gpxtpx:cad>84</gpxtpx:cad></gpxtpx:TrackPointExtension></extensions></trkpt><trkpt lat="35.95791265" lon="120.21063268"><ele>-29.889999389648438</ele><time>2022-05-22T21:44:17Z</time><extensions><gpxtpx:TrackPointExtension><gpxtpx:hr>131</gpxtpx:hr><gpxtpx:cad>84</gpxtpx:cad></gpxtpx:TrackPointExtension></extensions></trkpt><trkpt lat="35.95790165" lon="120.21065468"><ele>-29.979999542236328</ele><time>2022-05-22T21:44:18Z</time><extensions><gpxtpx:TrackPointExtension><gpxtpx:hr>131</gpxtpx:hr><gpxtpx:cad>85</gpxtpx:cad></gpxtpx:TrackPointExtension></extensions></trkpt><trkpt lat="35.95788632" lon="120.21067434"><ele>-30.06999969482422</ele><time>2022-05-22T21:44:19Z</time><extensions><gpxtpx:TrackPointExtension><gpxtpx:hr>131</gpxtpx:hr><gpxtpx:cad>86</gpxtpx:cad></gpxtpx:TrackPointExtension></extensions></trkpt><trkpt lat="35.95786933" lon="120.21069233"><ele>-30.219999313354492</ele><time>2022-05-22T21:44:20Z</time><extensions><gpxtpx:TrackPointExtension><gpxtpx:hr>131</gpxtpx:hr><gpxtpx:cad>87</gpxtpx:cad></gpxtpx:TrackPointExtension></extensions></trkpt><trkpt lat="35.95785067" lon="120.21070699"><ele>-30.3700008392334</ele><time>2022-05-22T21:44:21Z</time><extensions><gpxtpx:TrackPointExtension><gpxtpx:hr>131</gpxtpx:hr><gpxtpx:cad>88</gpxtpx:cad></gpxtpx:TrackPointExtension></extensions></trkpt><trkpt lat="35.95783068" lon="120.21071699"><ele>-30.540000915527344</ele><time>2022-05-22T21:44:22Z</time><extensions><gpxtpx:TrackPointExtension><gpxtpx:hr>132</gpxtpx:hr><gpxtpx:cad>88</gpxtpx:cad></gpxtpx:TrackPointExtension></extensions></trkpt><trkpt lat="35.95780835" lon="120.21072732"><ele>-30.709999084472656</ele><time>2022-05-22T21:44:23Z</time><extensions><gpxtpx:TrackPointExtension><gpxtpx:hr>132</gpxtpx:hr><gpxtpx:cad>88</gpxtpx:cad></gpxtpx:TrackPointExtension></extensions></trkpt><trkpt lat="35.95778469" lon="120.21073565"><ele>-30.8700008392334</ele><time>2022-05-22T21:44:24Z</time><extensions><gpxtpx:TrackPointExtension><gpxtpx:hr>132</gpxtpx:hr><gpxtpx:cad>88</gpxtpx:cad></gpxtpx:TrackPointExtension></extensions></trkpt><trkpt lat="35.95776069" lon="120.21074298"><ele>-31.010000228881836</ele><time>2022-05-22T21:44:25Z</time><extensions><gpxtpx:TrackPointExtension><gpxtpx:hr>133</gpxtpx:hr><gpxtpx:cad>89</gpxtpx:cad></gpxtpx:TrackPointExtension></extensions></trkpt><trkpt lat="35.95773736" lon="120.21074864"><ele>-31.1200008392334</ele><time>2022-05-22T21:44:26Z</time><extensions><gpxtpx:TrackPointExtension><gpxtpx:hr>133</gpxtpx:hr><gpxtpx:cad>89</gpxtpx:cad></gpxtpx:TrackPointExtension></extensions></trkpt><trkpt lat="35.95771403" lon="120.2107533"><ele>-31.229999542236328</ele><time>2022-05-22T21:44:27Z</time><extensions><gpxtpx:TrackPointExtension><gpxtpx:hr>133</gpxtpx:hr><gpxtpx:cad>89</gpxtpx:cad></gpxtpx:TrackPointExtension></extensions></trkpt><trkpt lat="35.95769003" lon="120.21075863"><ele>-31.3700008392334</ele><time>2022-05-22T21:44:28Z</time><extensions><gpxtpx:TrackPointExtension><gpxtpx:hr>133</gpxtpx:hr><gpxtpx:cad>88</gpxtpx:cad></gpxtpx:TrackPointExtension></extensions></trkpt><trkpt lat="35.95766604" lon="120.21076396"><ele>-31.469999313354492</ele><time>2022-05-22T21:44:29Z</time><extensions><gpxtpx:TrackPointExtension><gpxtpx:hr>133</gpxtpx:hr><gpxtpx:cad>89</gpxtpx:cad></gpxtpx:TrackPointExtension></extensions></trkpt><trkpt lat="35.95764238" lon="120.21076796"><ele>-31.610000610351562</ele><time>2022-05-22T21:44:30Z</time><extensions><gpxtpx:TrackPointExtension><gpxtpx:hr>132</gpxtpx:hr><gpxtpx:cad>88</gpxtpx:cad></gpxtpx:TrackPointExtension></extensions></trkpt><trkpt lat="35.95761872" lon="120.21077395"><ele>-31.719999313354492</ele><time>2022-05-22T21:44:31Z</time><extensions><gpxtpx:TrackPointExtension><gpxtpx:hr>132</gpxtpx:hr><gpxtpx:cad>88</gpxtpx:cad></gpxtpx:TrackPointExtension></extensions></trkpt><trkpt lat="35.95759472" lon="120.21078094"><ele>-31.81999969482422</ele><time>2022-05-22T21:44:32Z</time><extensions><gpxtpx:TrackPointExtension><gpxtpx:hr>133</gpxtpx:hr><gpxtpx:cad>88</gpxtpx:cad></gpxtpx:TrackPointExtension></extensions></trkpt><trkpt lat="35.95757173" lon="120.2107866"><ele>-31.81999969482422</ele><time>2022-05-22T21:44:33Z</time><extensions><gpxtpx:TrackPointExtension><gpxtpx:hr>134</gpxtpx:hr><gpxtpx:cad>88</gpxtpx:cad></gpxtpx:TrackPointExtension></extensions></trkpt><trkpt lat="35.95754973" lon="120.2107896"><ele>-32.0</ele><time>2022-05-22T21:44:34Z</time><extensions><gpxtpx:TrackPointExtension><gpxtpx:hr>135</gpxtpx:hr><gpxtpx:cad>88</gpxtpx:cad></gpxtpx:TrackPointExtension></extensions></trkpt><trkpt lat="35.95752874" lon="120.21079193"><ele>-32.18000030517578</ele><time>2022-05-22T21:44:35Z</time><extensions><gpxtpx:TrackPointExtension><gpxtpx:hr>135</gpxtpx:hr><gpxtpx:cad>88</gpxtpx:cad></gpxtpx:TrackPointExtension></extensions></trkpt><trkpt lat="35.95750841" lon="120.21079426"><ele>-32.20000076293945</ele><time>2022-05-22T21:44:36Z</time><extensions><gpxtpx:TrackPointExtension><gpxtpx:hr>136</gpxtpx:hr><gpxtpx:cad>88</gpxtpx:cad></gpxtpx:TrackPointExtension></extensions></trkpt><trkpt lat="35.95748741" lon="120.21079659"><ele>-32.34000015258789</ele><time>2022-05-22T21:44:37Z</time><extensions><gpxtpx:TrackPointExtension><gpxtpx:hr>136</gpxtpx:hr><gpxtpx:cad>88</gpxtpx:cad></gpxtpx:TrackPointExtension></extensions></trkpt><trkpt lat="35.95746675" lon="120.21079825"><ele>-32.34000015258789</ele><time>2022-05-22T21:44:38Z</time><extensions><gpxtpx:TrackPointExtension><gpxtpx:hr>136</gpxtpx:hr><gpxtpx:cad>88</gpxtpx:cad></gpxtpx:TrackPointExtension></extensions></trkpt><trkpt lat="35.95744676" lon="120.21080091"><ele>-32.5</ele><time>2022-05-22T21:44:39Z</time><extensions><gpxtpx:TrackPointExtension><gpxtpx:hr>137</gpxtpx:hr><gpxtpx:cad>88</gpxtpx:cad></gpxtpx:TrackPointExtension></extensions></trkpt><trkpt lat="35.9574271" lon="120.21080557"><ele>-32.5</ele><time>2022-05-22T21:44:40Z</time><extensions><gpxtpx:TrackPointExtension><gpxtpx:hr>137</gpxtpx:hr><gpxtpx:cad>89</gpxtpx:cad></gpxtpx:TrackPointExtension></extensions></trkpt><trkpt lat="35.9574061" lon="120.21081023"><ele>-32.630001068115234</ele><time>2022-05-22T21:44:41Z</time><extensions><gpxtpx:TrackPointExtension><gpxtpx:hr>137</gpxtpx:hr><gpxtpx:cad>89</gpxtpx:cad></gpxtpx:TrackPointExtension></extensions></trkpt><trkpt lat="35.9573841" lon="120.21081423"><ele>-32.650001525878906</ele><time>2022-05-22T21:44:42Z</time><extensions><gpxtpx:TrackPointExtension><gpxtpx:hr>137</gpxtpx:hr></gpxtpx:TrackPointExtension></extensions></trkpt><trkpt lat="35.95736144" lon="120.21081823"><ele>-32.720001220703125</ele><time>2022-05-22T21:44:43Z</time><extensions><gpxtpx:TrackPointExtension><gpxtpx:hr>136</gpxtpx:hr><gpxtpx:cad>90</gpxtpx:cad></gpxtpx:TrackPointExtension></extensions></trkpt><trkpt lat="35.95733845" lon="120.21082156"><ele>-32.77000045776367</ele><time>2022-05-22T21:44:44Z</time><extensions><gpxtpx:TrackPointExtension><gpxtpx:hr>136</gpxtpx:hr><gpxtpx:cad>90</gpxtpx:cad></gpxtpx:TrackPointExtension></extensions></trkpt><trkpt lat="35.95731645" lon="120.21082322"><ele>-32.84000015258789</ele><time>2022-05-22T21:44:45Z</time><extensions><gpxtpx:TrackPointExtension><gpxtpx:hr>136</gpxtpx:hr><gpxtpx:cad>90</gpxtpx:cad></gpxtpx:TrackPointExtension></extensions></trkpt><trkpt lat="35.95729446" lon="120.21082521"><ele>-32.84000015258789</ele><time>2022-05-22T21:44:46Z</time><extensions><gpxtpx:TrackPointExtension><gpxtpx:hr>136</gpxtpx:hr><gpxtpx:cad>90</gpxtpx:cad></gpxtpx:TrackPointExtension></extensions></trkpt><trkpt lat="35.95727413" lon="120.21082887"><ele>-33.040000915527344</ele><time>2022-05-22T21:44:47Z</time><extensions><gpxtpx:TrackPointExtension><gpxtpx:hr>136</gpxtpx:hr></gpxtpx:TrackPointExtension></extensions></trkpt><trkpt lat="35.9572558" lon="120.21083253"><ele>-33.08000183105469</ele><time>2022-05-22T21:44:48Z</time><extensions><gpxtpx:TrackPointExtension><gpxtpx:hr>135</gpxtpx:hr><gpxtpx:cad>89</gpxtpx:cad></gpxtpx:TrackPointExtension></extensions></trkpt><trkpt lat="35.95723747" lon="120.21083586"><ele>-33.15999984741211</ele><time>2022-05-22T21:44:49Z</time><extensions><gpxtpx:TrackPointExtension><gpxtpx:hr>135</gpxtpx:hr><gpxtpx:cad>88</gpxtpx:cad></gpxtpx:TrackPointExtension></extensions></trkpt><trkpt lat="35.95721881" lon="120.21083986"><ele>-33.18000030517578</ele><time>2022-05-22T21:44:50Z</time><extensions><gpxtpx:TrackPointExtension><gpxtpx:hr>136</gpxtpx:hr><gpxtpx:cad>88</gpxtpx:cad></gpxtpx:TrackPointExtension></extensions></trkpt><trkpt lat="35.95719882" lon="120.21084419"><ele>-33.25</ele><time>2022-05-22T21:44:51Z</time><extensions><gpxtpx:TrackPointExtension><gpxtpx:hr>136</gpxtpx:hr><gpxtpx:cad>89</gpxtpx:cad></gpxtpx:TrackPointExtension></extensions></trkpt><trkpt lat="35.95717682" lon="120.21084985"><ele>-33.27000045776367</ele><time>2022-05-22T21:44:52Z</time><extensions><gpxtpx:TrackPointExtension><gpxtpx:hr>135</gpxtpx:hr><gpxtpx:cad>88</gpxtpx:cad></gpxtpx:TrackPointExtension></extensions></trkpt><trkpt lat="35.95715316" lon="120.21085685"><ele>-33.34000015258789</ele><time>2022-05-22T21:44:53Z</time><extensions><gpxtpx:TrackPointExtension><gpxtpx:hr>135</gpxtpx:hr><gpxtpx:cad>89</gpxtpx:cad></gpxtpx:TrackPointExtension></extensions></trkpt><trkpt lat="35.95712917" lon="120.21086484"><ele>-33.36000061035156</ele><time>2022-05-22T21:44:54Z</time><extensions><gpxtpx:TrackPointExtension><gpxtpx:hr>135</gpxtpx:hr><gpxtpx:cad>89</gpxtpx:cad></gpxtpx:TrackPointExtension></extensions></trkpt><trkpt lat="35.95710451" lon="120.2108735"><ele>-33.43000030517578</ele><time>2022-05-22T21:44:55Z</time><extensions><gpxtpx:TrackPointExtension><gpxtpx:hr>135</gpxtpx:hr><gpxtpx:cad>89</gpxtpx:cad></gpxtpx:TrackPointExtension></extensions></trkpt><trkpt lat="35.95707985" lon="120.21088083"><ele>-33.4900016784668</ele><time>2022-05-22T21:44:56Z</time><extensions><gpxtpx:TrackPointExtension><gpxtpx:hr>135</gpxtpx:hr><gpxtpx:cad>88</gpxtpx:cad></gpxtpx:TrackPointExtension></extensions></trkpt><trkpt lat="35.95705485" lon="120.21088916"><ele>-33.560001373291016</ele><time>2022-05-22T21:44:57Z</time><extensions><gpxtpx:TrackPointExtension><gpxtpx:hr>135</gpxtpx:hr><gpxtpx:cad>88</gpxtpx:cad></gpxtpx:TrackPointExtension></extensions></trkpt><trkpt lat="35.95703152" lon="120.21089549"><ele>-33.59000015258789</ele><time>2022-05-22T21:44:58Z</time><extensions><gpxtpx:TrackPointExtension><gpxtpx:hr>135</gpxtpx:hr><gpxtpx:cad>88</gpxtpx:cad></gpxtpx:TrackPointExtension></extensions></trkpt><trkpt lat="35.95700753" lon="120.21090115"><ele>-33.650001525878906</ele><time>2022-05-22T21:44:59Z</time><extensions><gpxtpx:TrackPointExtension><gpxtpx:hr>134</gpxtpx:hr><gpxtpx:cad>89</gpxtpx:cad></gpxtpx:TrackPointExtension></extensions></trkpt><trkpt lat="35.95698353" lon="120.21090714"><ele>-33.70000076293945</ele><time>2022-05-22T21:45:00Z</time><extensions><gpxtpx:TrackPointExtension><gpxtpx:hr>134</gpxtpx:hr><gpxtpx:cad>89</gpxtpx:cad></gpxtpx:TrackPointExtension></extensions></trkpt><trkpt lat="35.9569592" lon="120.21091313"><ele>-33.77000045776367</ele><time>2022-05-22T21:45:01Z</time><extensions><gpxtpx:TrackPointExtension><gpxtpx:hr>134</gpxtpx:hr><gpxtpx:cad>89</gpxtpx:cad></gpxtpx:TrackPointExtension></extensions></trkpt><trkpt lat="35.95693421" lon="120.21092012"><ele>-33.810001373291016</ele><time>2022-05-22T21:45:02Z</time><extensions><gpxtpx:TrackPointExtension><gpxtpx:hr>134</gpxtpx:hr><gpxtpx:cad>89</gpxtpx:cad></gpxtpx:TrackPointExtension></extensions></trkpt><trkpt lat="35.95690855" lon="120.21092778"><ele>-33.900001525878906</ele><time>2022-05-22T21:45:03Z</time><extensions><gpxtpx:TrackPointExtension><gpxtpx:hr>134</gpxtpx:hr><gpxtpx:cad>88</gpxtpx:cad></gpxtpx:TrackPointExtension></extensions></trkpt><trkpt lat="35.95688322" lon="120.21093444"><ele>-33.95000076293945</ele><time>2022-05-22T21:45:04Z</time><extensions><gpxtpx:TrackPointExtension><gpxtpx:hr>134</gpxtpx:hr><gpxtpx:cad>88</gpxtpx:cad></gpxtpx:TrackPointExtension></extensions></trkpt><trkpt lat="35.95685823" lon="120.21093977"><ele>-34.02000045776367</ele><time>2022-05-22T21:45:05Z</time><extensions><gpxtpx:TrackPointExtension><gpxtpx:hr>134</gpxtpx:hr><gpxtpx:cad>88</gpxtpx:cad></gpxtpx:TrackPointExtension></extensions></trkpt><trkpt lat="35.95683457" lon="120.21094577"><ele>-34.060001373291016</ele><time>2022-05-22T21:45:06Z</time><extensions><gpxtpx:TrackPointExtension><gpxtpx:hr>134</gpxtpx:hr><gpxtpx:cad>88</gpxtpx:cad></gpxtpx:TrackPointExtension></extensions></trkpt><trkpt lat="35.95681124" lon="120.21095176"><ele>-34.130001068115234</ele><time>2022-05-22T21:45:07Z</time><extensions><gpxtpx:TrackPointExtension><gpxtpx:hr>134</gpxtpx:hr><gpxtpx:cad>88</gpxtpx:cad></gpxtpx:TrackPointExtension></extensions></trkpt><trkpt lat="35.95678825" lon="120.21095709"><ele>-34.18000030517578</ele><time>2022-05-22T21:45:08Z</time><extensions><gpxtpx:TrackPointExtension><gpxtpx:hr>134</gpxtpx:hr><gpxtpx:cad>89</gpxtpx:cad></gpxtpx:TrackPointExtension></extensions></trkpt><trkpt lat="35.95676592" lon="120.21096175"><ele>-34.220001220703125</ele><time>2022-05-22T21:45:09Z</time><extensions><gpxtpx:TrackPointExtension><gpxtpx:hr>134</gpxtpx:hr><gpxtpx:cad>90</gpxtpx:cad></gpxtpx:TrackPointExtension></extensions></trkpt><trkpt lat="35.95674293" lon="120.21096641"><ele>-34.27000045776367</ele><time>2022-05-22T21:45:10Z</time><extensions><gpxtpx:TrackPointExtension><gpxtpx:hr>133</gpxtpx:hr><gpxtpx:cad>90</gpxtpx:cad></gpxtpx:TrackPointExtension></extensions></trkpt><trkpt lat="35.95672127" lon="120.21097041"><ele>-34.310001373291016</ele><time>2022-05-22T21:45:11Z</time><extensions><gpxtpx:TrackPointExtension><gpxtpx:hr>134</gpxtpx:hr><gpxtpx:cad>89</gpxtpx:cad></gpxtpx:TrackPointExtension></extensions></trkpt><trkpt lat="35.95669994" lon="120.21097374"><ele>-34.380001068115234</ele><time>2022-05-22T21:45:12Z</time><extensions><gpxtpx:TrackPointExtension><gpxtpx:hr>134</gpxtpx:hr><gpxtpx:cad>89</gpxtpx:cad></gpxtpx:TrackPointExtension></extensions></trkpt><trkpt lat="35.95667961" lon="120.21097807"><ele>-34.45000076293945</ele><time>2022-05-22T21:45:13Z</time><extensions><gpxtpx:TrackPointExtension><gpxtpx:hr>134</gpxtpx:hr><gpxtpx:cad>88</gpxtpx:cad></gpxtpx:TrackPointExtension></extensions></trkpt><trkpt lat="35.95665995" lon="120.21098107"><ele>-34.5</ele><time>2022-05-22T21:45:14Z</time><extensions><gpxtpx:TrackPointExtension><gpxtpx:hr>134</gpxtpx:hr><gpxtpx:cad>88</gpxtpx:cad></gpxtpx:TrackPointExtension></extensions></trkpt><trkpt lat="35.95663896" lon="120.21098406"><ele>-34.560001373291016</ele><time>2022-05-22T21:45:15Z</time><extensions><gpxtpx:TrackPointExtension><gpxtpx:hr>134</gpxtpx:hr><gpxtpx:cad>88</gpxtpx:cad></gpxtpx:TrackPointExtension></extensions></trkpt><trkpt lat="35.9566173" lon="120.21098739"><ele>-34.59000015258789</ele><time>2022-05-22T21:45:16Z</time><extensions><gpxtpx:TrackPointExtension><gpxtpx:hr>134</gpxtpx:hr><gpxtpx:cad>89</gpxtpx:cad></gpxtpx:TrackPointExtension></extensions></trkpt><trkpt lat="35.95659497" lon="120.21098972"><ele>-34.68000030517578</ele><time>2022-05-22T21:45:17Z</time><extensions><gpxtpx:TrackPointExtension><gpxtpx:hr>134</gpxtpx:hr><gpxtpx:cad>89</gpxtpx:cad></gpxtpx:TrackPointExtension></extensions></trkpt><trkpt lat="35.95657331" lon="120.21099072"><ele>-34.68000030517578</ele><time>2022-05-22T21:45:18Z</time><extensions><gpxtpx:TrackPointExtension><gpxtpx:hr>134</gpxtpx:hr><gpxtpx:cad>89</gpxtpx:cad></gpxtpx:TrackPointExtension></extensions></trkpt><trkpt lat="35.95655232" lon="120.21098939"><ele>-34.75</ele><time>2022-05-22T21:45:19Z</time><extensions><gpxtpx:TrackPointExtension><gpxtpx:hr>134</gpxtpx:hr><gpxtpx:cad>89</gpxtpx:cad></gpxtpx:TrackPointExtension></extensions></trkpt><trkpt lat="35.95653199" lon="120.21098606"><ele>-34.75</ele><time>2022-05-22T21:45:20Z</time><extensions><gpxtpx:TrackPointExtension><gpxtpx:hr>134</gpxtpx:hr><gpxtpx:cad>87</gpxtpx:cad></gpxtpx:TrackPointExtension></extensions></trkpt><trkpt lat="35.95651366" lon="120.2109824"><ele>-34.77000045776367</ele><time>2022-05-22T21:45:21Z</time><extensions><gpxtpx:TrackPointExtension><gpxtpx:hr>135</gpxtpx:hr><gpxtpx:cad>87</gpxtpx:cad></gpxtpx:TrackPointExtension></extensions></trkpt><trkpt lat="35.956496" lon="120.21097774"><ele>-34.77000045776367</ele><time>2022-05-22T21:45:22Z</time><extensions><gpxtpx:TrackPointExtension><gpxtpx:hr>135</gpxtpx:hr><gpxtpx:cad>88</gpxtpx:cad></gpxtpx:TrackPointExtension></extensions></trkpt><trkpt lat="35.95647934" lon="120.21097208"><ele>-34.790000915527344</ele><time>2022-05-22T21:45:23Z</time><extensions><gpxtpx:TrackPointExtension><gpxtpx:hr>135</gpxtpx:hr><gpxtpx:cad>88</gpxtpx:cad></gpxtpx:TrackPointExtension></extensions></trkpt><trkpt lat="35.95646235" lon="120.21096642"><ele>-34.810001373291016</ele><time>2022-05-22T21:45:24Z</time><extensions><gpxtpx:TrackPointExtension><gpxtpx:hr>135</gpxtpx:hr><gpxtpx:cad>89</gpxtpx:cad></gpxtpx:TrackPointExtension></extensions></trkpt><trkpt lat="35.95644569" lon="120.21096176"><ele>-34.83000183105469</ele><time>2022-05-22T21:45:25Z</time><extensions><gpxtpx:TrackPointExtension><gpxtpx:hr>135</gpxtpx:hr><gpxtpx:cad>89</gpxtpx:cad></gpxtpx:TrackPointExtension></extensions></trkpt><trkpt lat="35.95642836" lon="120.21095843"><ele>-34.86000061035156</ele><time>2022-05-22T21:45:26Z</time><extensions><gpxtpx:TrackPointExtension><gpxtpx:hr>135</gpxtpx:hr><gpxtpx:cad>88</gpxtpx:cad></gpxtpx:TrackPointExtension></extensions></trkpt><trkpt lat="35.95641036" lon="120.2109561"><ele>-34.95000076293945</ele><time>2022-05-22T21:45:27Z</time><extensions><gpxtpx:TrackPointExtension><gpxtpx:hr>135</gpxtpx:hr><gpxtpx:cad>88</gpxtpx:cad></gpxtpx:TrackPointExtension></extensions></trkpt><trkpt lat="35.95639137" lon="120.21095511"><ele>-35.040000915527344</ele><time>2022-05-22T21:45:28Z</time><extensions><gpxtpx:TrackPointExtension><gpxtpx:hr>134</gpxtpx:hr><gpxtpx:cad>88</gpxtpx:cad></gpxtpx:TrackPointExtension></extensions></trkpt><trkpt lat="35.95637138" lon="120.21095544"><ele>-35.130001068115234</ele><time>2022-05-22T21:45:29Z</time><extensions><gpxtpx:TrackPointExtension><gpxtpx:hr>135</gpxtpx:hr><gpxtpx:cad>88</gpxtpx:cad></gpxtpx:TrackPointExtension></extensions></trkpt><trkpt lat="35.95635005" lon="120.21095577"><ele>-35.20000076293945</ele><time>2022-05-22T21:45:30Z</time><extensions><gpxtpx:TrackPointExtension><gpxtpx:hr>134</gpxtpx:hr><gpxtpx:cad>88</gpxtpx:cad></gpxtpx:TrackPointExtension></extensions></trkpt><trkpt lat="35.95632706" lon="120.21095577"><ele>-35.380001068115234</ele><time>2022-05-22T21:45:31Z</time><extensions><gpxtpx:TrackPointExtension><gpxtpx:hr>134</gpxtpx:hr><gpxtpx:cad>88</gpxtpx:cad></gpxtpx:TrackPointExtension></extensions></trkpt><trkpt lat="35.95630273" lon="120.2109561"><ele>-35.5</ele><time>2022-05-22T21:45:32Z</time><extensions><gpxtpx:TrackPointExtension><gpxtpx:hr>134</gpxtpx:hr><gpxtpx:cad>88</gpxtpx:cad></gpxtpx:TrackPointExtension></extensions></trkpt><trkpt lat="35.95627773" lon="120.21095477"><ele>-35.61000061035156</ele><time>2022-05-22T21:45:33Z</time><extensions><gpxtpx:TrackPointExtension><gpxtpx:hr>134</gpxtpx:hr><gpxtpx:cad>88</gpxtpx:cad></gpxtpx:TrackPointExtension></extensions></trkpt><trkpt lat="35.95625307" lon="120.21095311"><ele>-35.790000915527344</ele><time>2022-05-22T21:45:34Z</time><extensions><gpxtpx:TrackPointExtension><gpxtpx:hr>134</gpxtpx:hr><gpxtpx:cad>88</gpxtpx:cad></gpxtpx:TrackPointExtension></extensions></trkpt><trkpt lat="35.95622808" lon="120.21095245"><ele>-35.880001068115234</ele><time>2022-05-22T21:45:35Z</time><extensions><gpxtpx:TrackPointExtension><gpxtpx:hr>134</gpxtpx:hr><gpxtpx:cad>88</gpxtpx:cad></gpxtpx:TrackPointExtension></extensions></trkpt><trkpt lat="35.95620508" lon="120.21095245"><ele>-36.040000915527344</ele><time>2022-05-22T21:45:36Z</time><extensions><gpxtpx:TrackPointExtension><gpxtpx:hr>134</gpxtpx:hr><gpxtpx:cad>88</gpxtpx:cad></gpxtpx:TrackPointExtension></extensions></trkpt><trkpt lat="35.95618275" lon="120.21095478"><ele>-36.150001525878906</ele><time>2022-05-22T21:45:37Z</time><extensions><gpxtpx:TrackPointExtension><gpxtpx:hr>134</gpxtpx:hr><gpxtpx:cad>88</gpxtpx:cad></gpxtpx:TrackPointExtension></extensions></trkpt><trkpt lat="35.95615976" lon="120.21095744"><ele>-36.27000045776367</ele><time>2022-05-22T21:45:38Z</time><extensions><gpxtpx:TrackPointExtension><gpxtpx:hr>134</gpxtpx:hr><gpxtpx:cad>88</gpxtpx:cad></gpxtpx:TrackPointExtension></extensions></trkpt><trkpt lat="35.95613577" lon="120.2109621"><ele>-36.310001373291016</ele><time>2022-05-22T21:45:39Z</time><extensions><gpxtpx:TrackPointExtension><gpxtpx:hr>134</gpxtpx:hr><gpxtpx:cad>88</gpxtpx:cad></gpxtpx:TrackPointExtension></extensions></trkpt><trkpt lat="35.95611077" lon="120.21096676"><ele>-36.400001525878906</ele><time>2022-05-22T21:45:40Z</time><extensions><gpxtpx:TrackPointExtension><gpxtpx:hr>135</gpxtpx:hr><gpxtpx:cad>88</gpxtpx:cad></gpxtpx:TrackPointExtension></extensions></trkpt><trkpt lat="35.95608711" lon="120.21097142"><ele>-36.45000076293945</ele><time>2022-05-22T21:45:41Z</time><extensions><gpxtpx:TrackPointExtension><gpxtpx:hr>136</gpxtpx:hr><gpxtpx:cad>88</gpxtpx:cad></gpxtpx:TrackPointExtension></extensions></trkpt><trkpt lat="35.95606245" lon="120.21097642"><ele>-36.5</ele><time>2022-05-22T21:45:42Z</time><extensions><gpxtpx:TrackPointExtension><gpxtpx:hr>137</gpxtpx:hr><gpxtpx:cad>88</gpxtpx:cad></gpxtpx:TrackPointExtension></extensions></trkpt><trkpt lat="35.95603845" lon="120.21098241"><ele>-36.52000045776367</ele><time>2022-05-22T21:45:43Z</time><extensions><gpxtpx:TrackPointExtension><gpxtpx:hr>138</gpxtpx:hr><gpxtpx:cad>88</gpxtpx:cad></gpxtpx:TrackPointExtension></extensions></trkpt><trkpt lat="35.95601612" lon="120.2109884"><ele>-36.560001373291016</ele><time>2022-05-22T21:45:44Z</time><extensions><gpxtpx:TrackPointExtension><gpxtpx:hr>138</gpxtpx:hr><gpxtpx:cad>88</gpxtpx:cad></gpxtpx:TrackPointExtension></extensions></trkpt><trkpt lat="35.95599379" lon="120.21099539"><ele>-36.59000015258789</ele><time>2022-05-22T21:45:45Z</time><extensions><gpxtpx:TrackPointExtension><gpxtpx:hr>138</gpxtpx:hr><gpxtpx:cad>88</gpxtpx:cad></gpxtpx:TrackPointExtension></extensions></trkpt><trkpt lat="35.95597013" lon="120.21100205"><ele>-36.70000076293945</ele><time>2022-05-22T21:45:46Z</time><extensions><gpxtpx:TrackPointExtension><gpxtpx:hr>138</gpxtpx:hr><gpxtpx:cad>88</gpxtpx:cad></gpxtpx:TrackPointExtension></extensions></trkpt><trkpt lat="35.95594613" lon="120.21100838"><ele>-36.810001373291016</ele><time>2022-05-22T21:45:47Z</time><extensions><gpxtpx:TrackPointExtension><gpxtpx:hr>138</gpxtpx:hr><gpxtpx:cad>89</gpxtpx:cad></gpxtpx:TrackPointExtension></extensions></trkpt><trkpt lat="35.95592113" lon="120.21101571"><ele>-36.93000030517578</ele><time>2022-05-22T21:45:48Z</time><extensions><gpxtpx:TrackPointExtension><gpxtpx:hr>138</gpxtpx:hr><gpxtpx:cad>89</gpxtpx:cad></gpxtpx:TrackPointExtension></extensions></trkpt><trkpt lat="35.95589647" lon="120.21102337"><ele>-37.040000915527344</ele><time>2022-05-22T21:45:49Z</time><extensions><gpxtpx:TrackPointExtension><gpxtpx:hr>139</gpxtpx:hr><gpxtpx:cad>88</gpxtpx:cad></gpxtpx:TrackPointExtension></extensions></trkpt><trkpt lat="35.95587247" lon="120.21103303"><ele>-37.130001068115234</ele><time>2022-05-22T21:45:50Z</time><extensions><gpxtpx:TrackPointExtension><gpxtpx:hr>139</gpxtpx:hr><gpxtpx:cad>88</gpxtpx:cad></gpxtpx:TrackPointExtension></extensions></trkpt><trkpt lat="35.95584948" lon="120.21104169"><ele>-37.220001220703125</ele><time>2022-05-22T21:45:51Z</time><extensions><gpxtpx:TrackPointExtension><gpxtpx:hr>139</gpxtpx:hr><gpxtpx:cad>88</gpxtpx:cad></gpxtpx:TrackPointExtension></extensions></trkpt><trkpt lat="35.95582715" lon="120.21104768"><ele>-37.34000015258789</ele><time>2022-05-22T21:45:52Z</time><extensions><gpxtpx:TrackPointExtension><gpxtpx:hr>139</gpxtpx:hr><gpxtpx:cad>88</gpxtpx:cad></gpxtpx:TrackPointExtension></extensions></trkpt><trkpt lat="35.95580515" lon="120.21104867"><ele>-37.43000030517578</ele><time>2022-05-22T21:45:53Z</time><extensions><gpxtpx:TrackPointExtension><gpxtpx:hr>139</gpxtpx:hr><gpxtpx:cad>88</gpxtpx:cad></gpxtpx:TrackPointExtension></extensions></trkpt><trkpt lat="35.95578416" lon="120.21104467"><ele>-37.540000915527344</ele><time>2022-05-22T21:45:54Z</time><extensions><gpxtpx:TrackPointExtension><gpxtpx:hr>140</gpxtpx:hr><gpxtpx:cad>89</gpxtpx:cad></gpxtpx:TrackPointExtension></extensions></trkpt><trkpt lat="35.95576483" lon="120.21103567"><ele>-37.61000061035156</ele><time>2022-05-22T21:45:55Z</time><extensions><gpxtpx:TrackPointExtension><gpxtpx:hr>139</gpxtpx:hr><gpxtpx:cad>88</gpxtpx:cad></gpxtpx:TrackPointExtension></extensions></trkpt><trkpt lat="35.95574684" lon="120.21102234"><ele>-37.68000030517578</ele><time>2022-05-22T21:45:56Z</time><extensions><gpxtpx:TrackPointExtension><gpxtpx:hr>139</gpxtpx:hr><gpxtpx:cad>88</gpxtpx:cad></gpxtpx:TrackPointExtension></extensions></trkpt><trkpt lat="35.95573151" lon="120.21100568"><ele>-37.790000915527344</ele><time>2022-05-22T21:45:57Z</time><extensions><gpxtpx:TrackPointExtension><gpxtpx:hr>139</gpxtpx:hr><gpxtpx:cad>89</gpxtpx:cad></gpxtpx:TrackPointExtension></extensions></trkpt><trkpt lat="35.95571885" lon="120.21098669"><ele>-37.84000015258789</ele><time>2022-05-22T21:45:58Z</time><extensions><gpxtpx:TrackPointExtension><gpxtpx:hr>139</gpxtpx:hr><gpxtpx:cad>89</gpxtpx:cad></gpxtpx:TrackPointExtension></extensions></trkpt><trkpt lat="35.95570885" lon="120.21096803"><ele>-37.93000030517578</ele><time>2022-05-22T21:45:59Z</time><extensions><gpxtpx:TrackPointExtension><gpxtpx:hr>139</gpxtpx:hr><gpxtpx:cad>89</gpxtpx:cad></gpxtpx:TrackPointExtension></extensions></trkpt><trkpt lat="35.95569986" lon="120.21094937"><ele>-37.970001220703125</ele><time>2022-05-22T21:46:00Z</time><extensions><gpxtpx:TrackPointExtension><gpxtpx:hr>139</gpxtpx:hr><gpxtpx:cad>89</gpxtpx:cad></gpxtpx:TrackPointExtension></extensions></trkpt><trkpt lat="35.95569186" lon="120.21093171"><ele>-38.0</ele><time>2022-05-22T21:46:01Z</time><extensions><gpxtpx:TrackPointExtension><gpxtpx:hr>140</gpxtpx:hr><gpxtpx:cad>89</gpxtpx:cad></gpxtpx:TrackPointExtension></extensions></trkpt><trkpt lat="35.95568287" lon="120.21091571"><ele>-38.0</ele><time>2022-05-22T21:46:02Z</time><extensions><gpxtpx:TrackPointExtension><gpxtpx:hr>140</gpxtpx:hr><gpxtpx:cad>89</gpxtpx:cad></gpxtpx:TrackPointExtension></extensions></trkpt><trkpt lat="35.95567388" lon="120.21090072"><ele>-38.0</ele><time>2022-05-22T21:46:03Z</time><extensions><gpxtpx:TrackPointExtension><gpxtpx:hr>140</gpxtpx:hr><gpxtpx:cad>89</gpxtpx:cad></gpxtpx:TrackPointExtension></extensions></trkpt><trkpt lat="35.95566488" lon="120.21088506"><ele>-38.0</ele><time>2022-05-22T21:46:04Z</time><extensions><gpxtpx:TrackPointExtension><gpxtpx:hr>140</gpxtpx:hr><gpxtpx:cad>89</gpxtpx:cad></gpxtpx:TrackPointExtension></extensions></trkpt><trkpt lat="35.95565555" lon="120.2108694"><ele>-38.02000045776367</ele><time>2022-05-22T21:46:05Z</time><extensions><gpxtpx:TrackPointExtension><gpxtpx:hr>140</gpxtpx:hr><gpxtpx:cad>89</gpxtpx:cad></gpxtpx:TrackPointExtension></extensions></trkpt><trkpt lat="35.95564622" lon="120.21085307"><ele>-38.02000045776367</ele><time>2022-05-22T21:46:06Z</time><extensions><gpxtpx:TrackPointExtension><gpxtpx:hr>140</gpxtpx:hr><gpxtpx:cad>89</gpxtpx:cad></gpxtpx:TrackPointExtension></extensions></trkpt><trkpt lat="35.95563589" lon="120.21083608"><ele>-38.040000915527344</ele><time>2022-05-22T21:46:07Z</time><extensions><gpxtpx:TrackPointExtension><gpxtpx:hr>139</gpxtpx:hr><gpxtpx:cad>89</gpxtpx:cad></gpxtpx:TrackPointExtension></extensions></trkpt><trkpt lat="35.95562623" lon="120.21081975"><ele>-38.09000015258789</ele><time>2022-05-22T21:46:08Z</time><extensions><gpxtpx:TrackPointExtension><gpxtpx:hr>138</gpxtpx:hr><gpxtpx:cad>89</gpxtpx:cad></gpxtpx:TrackPointExtension></extensions></trkpt><trkpt lat="35.95561723" lon="120.21080375"><ele>-38.11000061035156</ele><time>2022-05-22T21:46:09Z</time><extensions><gpxtpx:TrackPointExtension><gpxtpx:hr>137</gpxtpx:hr><gpxtpx:cad>89</gpxtpx:cad></gpxtpx:TrackPointExtension></extensions></trkpt><trkpt lat="35.95560757" lon="120.21078809"><ele>-38.11000061035156</ele><time>2022-05-22T21:46:10Z</time><extensions><gpxtpx:TrackPointExtension><gpxtpx:hr>136</gpxtpx:hr><gpxtpx:cad>89</gpxtpx:cad></gpxtpx:TrackPointExtension></extensions></trkpt><trkpt lat="35.95559858" lon="120.21077376"><ele>-38.150001525878906</ele><time>2022-05-22T21:46:11Z</time><extensions><gpxtpx:TrackPointExtension><gpxtpx:hr>136</gpxtpx:hr><gpxtpx:cad>89</gpxtpx:cad></gpxtpx:TrackPointExtension></extensions></trkpt><trkpt lat="35.95558758" lon="120.2107621"><ele>-38.150001525878906</ele><time>2022-05-22T21:46:12Z</time><extensions><gpxtpx:TrackPointExtension><gpxtpx:hr>136</gpxtpx:hr><gpxtpx:cad>89</gpxtpx:cad></gpxtpx:TrackPointExtension></extensions></trkpt><trkpt lat="35.95557492" lon="120.21075244"><ele>-38.130001068115234</ele><time>2022-05-22T21:46:13Z</time><extensions><gpxtpx:TrackPointExtension><gpxtpx:hr>137</gpxtpx:hr><gpxtpx:cad>89</gpxtpx:cad></gpxtpx:TrackPointExtension></extensions></trkpt><trkpt lat="35.95556059" lon="120.21074445"><ele>-38.11000061035156</ele><time>2022-05-22T21:46:14Z</time><extensions><gpxtpx:TrackPointExtension><gpxtpx:hr>137</gpxtpx:hr><gpxtpx:cad>89</gpxtpx:cad></gpxtpx:TrackPointExtension></extensions></trkpt><trkpt lat="35.95554626" lon="120.21073745"><ele>-38.11000061035156</ele><time>2022-05-22T21:46:15Z</time><extensions><gpxtpx:TrackPointExtension><gpxtpx:hr>137</gpxtpx:hr><gpxtpx:cad>89</gpxtpx:cad></gpxtpx:TrackPointExtension></extensions></trkpt><trkpt lat="35.9555316" lon="120.21073112"><ele>-38.09000015258789</ele><time>2022-05-22T21:46:16Z</time><extensions><gpxtpx:TrackPointExtension><gpxtpx:hr>137</gpxtpx:hr><gpxtpx:cad>89</gpxtpx:cad></gpxtpx:TrackPointExtension></extensions></trkpt><trkpt lat="35.95551794" lon="120.21072413"><ele>-38.09000015258789</ele><time>2022-05-22T21:46:17Z</time><extensions><gpxtpx:TrackPointExtension><gpxtpx:hr>137</gpxtpx:hr><gpxtpx:cad>89</gpxtpx:cad></gpxtpx:TrackPointExtension></extensions></trkpt><trkpt lat="35.95550628" lon="120.2107158"><ele>-38.09000015258789</ele><time>2022-05-22T21:46:18Z</time><extensions><gpxtpx:TrackPointExtension><gpxtpx:hr>137</gpxtpx:hr><gpxtpx:cad>89</gpxtpx:cad></gpxtpx:TrackPointExtension></extensions></trkpt><trkpt lat="35.95549695" lon="120.2107058"><ele>-38.09000015258789</ele><time>2022-05-22T21:46:19Z</time><extensions><gpxtpx:TrackPointExtension><gpxtpx:hr>137</gpxtpx:hr><gpxtpx:cad>89</gpxtpx:cad></gpxtpx:TrackPointExtension></extensions></trkpt><trkpt lat="35.95548995" lon="120.21069314"><ele>-38.09000015258789</ele><time>2022-05-22T21:46:20Z</time><extensions><gpxtpx:TrackPointExtension><gpxtpx:hr>137</gpxtpx:hr><gpxtpx:cad>89</gpxtpx:cad></gpxtpx:TrackPointExtension></extensions></trkpt><trkpt lat="35.95548396" lon="120.21067948"><ele>-38.09000015258789</ele><time>2022-05-22T21:46:21Z</time><extensions><gpxtpx:TrackPointExtension><gpxtpx:hr>136</gpxtpx:hr><gpxtpx:cad>89</gpxtpx:cad></gpxtpx:TrackPointExtension></extensions></trkpt><trkpt lat="35.95548097" lon="120.21066249"><ele>-38.060001373291016</ele><time>2022-05-22T21:46:22Z</time><extensions><gpxtpx:TrackPointExtension><gpxtpx:hr>136</gpxtpx:hr><gpxtpx:cad>89</gpxtpx:cad></gpxtpx:TrackPointExtension></extensions></trkpt><trkpt lat="35.95547897" lon="120.21064316"><ele>-38.02000045776367</ele><time>2022-05-22T21:46:23Z</time><extensions><gpxtpx:TrackPointExtension><gpxtpx:hr>136</gpxtpx:hr><gpxtpx:cad>89</gpxtpx:cad></gpxtpx:TrackPointExtension></extensions></trkpt><trkpt lat="35.95547798" lon="120.2106235"><ele>-37.970001220703125</ele><time>2022-05-22T21:46:24Z</time><extensions><gpxtpx:TrackPointExtension><gpxtpx:hr>136</gpxtpx:hr><gpxtpx:cad>89</gpxtpx:cad></gpxtpx:TrackPointExtension></extensions></trkpt><trkpt lat="35.95547532" lon="120.21060251"><ele>-37.900001525878906</ele><time>2022-05-22T21:46:25Z</time><extensions><gpxtpx:TrackPointExtension><gpxtpx:hr>136</gpxtpx:hr><gpxtpx:cad>89</gpxtpx:cad></gpxtpx:TrackPointExtension></extensions></trkpt><trkpt lat="35.95547199" lon="120.21058018"><ele>-37.84000015258789</ele><time>2022-05-22T21:46:26Z</time><extensions><gpxtpx:TrackPointExtension><gpxtpx:hr>136</gpxtpx:hr><gpxtpx:cad>89</gpxtpx:cad></gpxtpx:TrackPointExtension></extensions></trkpt><trkpt lat="35.95546799" lon="120.21055752"><ele>-37.810001373291016</ele><time>2022-05-22T21:46:27Z</time><extensions><gpxtpx:TrackPointExtension><gpxtpx:hr>136</gpxtpx:hr><gpxtpx:cad>89</gpxtpx:cad></gpxtpx:TrackPointExtension></extensions></trkpt><trkpt lat="35.95546533" lon="120.21053586"><ele>-37.84000015258789</ele><time>2022-05-22T21:46:28Z</time><extensions><gpxtpx:TrackPointExtension><gpxtpx:hr>137</gpxtpx:hr><gpxtpx:cad>87</gpxtpx:cad></gpxtpx:TrackPointExtension></extensions></trkpt><trkpt lat="35.95546467" lon="120.21051386"><ele>-37.880001068115234</ele><time>2022-05-22T21:46:29Z</time><extensions><gpxtpx:TrackPointExtension><gpxtpx:hr>137</gpxtpx:hr><gpxtpx:cad>88</gpxtpx:cad></gpxtpx:TrackPointExtension></extensions></trkpt><trkpt lat="35.955466" lon="120.2104922"><ele>-37.93000030517578</ele><time>2022-05-22T21:46:30Z</time><extensions><gpxtpx:TrackPointExtension><gpxtpx:hr>137</gpxtpx:hr><gpxtpx:cad>88</gpxtpx:cad></gpxtpx:TrackPointExtension></extensions></trkpt><trkpt lat="35.95546899" lon="120.2104702"><ele>-37.95000076293945</ele><time>2022-05-22T21:46:31Z</time><extensions><gpxtpx:TrackPointExtension><gpxtpx:hr>137</gpxtpx:hr><gpxtpx:cad>88</gpxtpx:cad></gpxtpx:TrackPointExtension></extensions></trkpt><trkpt lat="35.95547132" lon="120.21044654"><ele>-38.0</ele><time>2022-05-22T21:46:32Z</time><extensions><gpxtpx:TrackPointExtension><gpxtpx:hr>137</gpxtpx:hr><gpxtpx:cad>88</gpxtpx:cad></gpxtpx:TrackPointExtension></extensions></trkpt><trkpt lat="35.95547298" lon="120.21042121"><ele>-38.0</ele><time>2022-05-22T21:46:33Z</time><extensions><gpxtpx:TrackPointExtension><gpxtpx:hr>137</gpxtpx:hr><gpxtpx:cad>88</gpxtpx:cad></gpxtpx:TrackPointExtension></extensions></trkpt><trkpt lat="35.95547498" lon="120.21039722"><ele>-38.040000915527344</ele><time>2022-05-22T21:46:34Z</time><extensions><gpxtpx:TrackPointExtension><gpxtpx:hr>137</gpxtpx:hr><gpxtpx:cad>88</gpxtpx:cad></gpxtpx:TrackPointExtension></extensions></trkpt><trkpt lat="35.95547664" lon="120.21037389"><ele>-38.02000045776367</ele><time>2022-05-22T21:46:35Z</time><extensions><gpxtpx:TrackPointExtension><gpxtpx:hr>138</gpxtpx:hr><gpxtpx:cad>89</gpxtpx:cad></gpxtpx:TrackPointExtension></extensions></trkpt><trkpt lat="35.95547864" lon="120.21035189"><ele>-38.02000045776367</ele><time>2022-05-22T21:46:36Z</time><extensions><gpxtpx:TrackPointExtension><gpxtpx:hr>138</gpxtpx:hr><gpxtpx:cad>89</gpxtpx:cad></gpxtpx:TrackPointExtension></extensions></trkpt><trkpt lat="35.95548064" lon="120.21032923"><ele>-38.0</ele><time>2022-05-22T21:46:37Z</time><extensions><gpxtpx:TrackPointExtension><gpxtpx:hr>138</gpxtpx:hr><gpxtpx:cad>89</gpxtpx:cad></gpxtpx:TrackPointExtension></extensions></trkpt><trkpt lat="35.95548197" lon="120.2103069"><ele>-37.9900016784668</ele><time>2022-05-22T21:46:38Z</time><extensions><gpxtpx:TrackPointExtension><gpxtpx:hr>138</gpxtpx:hr><gpxtpx:cad>88</gpxtpx:cad></gpxtpx:TrackPointExtension></extensions></trkpt><trkpt lat="35.95548263" lon="120.21028324"><ele>-37.970001220703125</ele><time>2022-05-22T21:46:39Z</time><extensions><gpxtpx:TrackPointExtension><gpxtpx:hr>141</gpxtpx:hr><gpxtpx:cad>88</gpxtpx:cad></gpxtpx:TrackPointExtension></extensions></trkpt><trkpt lat="35.95548296" lon="120.21025925"><ele>-37.970001220703125</ele><time>2022-05-22T21:46:40Z</time><extensions><gpxtpx:TrackPointExtension><gpxtpx:hr>142</gpxtpx:hr><gpxtpx:cad>88</gpxtpx:cad></gpxtpx:TrackPointExtension></extensions></trkpt><trkpt lat="35.95548362" lon="120.21023525"><ele>-37.95000076293945</ele><time>2022-05-22T21:46:41Z</time><extensions><gpxtpx:TrackPointExtension><gpxtpx:hr>143</gpxtpx:hr><gpxtpx:cad>87</gpxtpx:cad></gpxtpx:TrackPointExtension></extensions></trkpt><trkpt lat="35.95548362" lon="120.21021126"><ele>-37.93000030517578</ele><time>2022-05-22T21:46:42Z</time><extensions><gpxtpx:TrackPointExtension><gpxtpx:hr>143</gpxtpx:hr><gpxtpx:cad>88</gpxtpx:cad></gpxtpx:TrackPointExtension></extensions></trkpt><trkpt lat="35.95548296" lon="120.21018693"><ele>-37.90999984741211</ele><time>2022-05-22T21:46:43Z</time><extensions><gpxtpx:TrackPointExtension><gpxtpx:hr>144</gpxtpx:hr><gpxtpx:cad>88</gpxtpx:cad></gpxtpx:TrackPointExtension></extensions></trkpt><trkpt lat="35.9554813" lon="120.2101626"><ele>-37.880001068115234</ele><time>2022-05-22T21:46:44Z</time><extensions><gpxtpx:TrackPointExtension><gpxtpx:hr>145</gpxtpx:hr><gpxtpx:cad>88</gpxtpx:cad></gpxtpx:TrackPointExtension></extensions></trkpt><trkpt lat="35.95547997" lon="120.21013927"><ele>-37.83000183105469</ele><time>2022-05-22T21:46:45Z</time><extensions><gpxtpx:TrackPointExtension><gpxtpx:hr>146</gpxtpx:hr><gpxtpx:cad>88</gpxtpx:cad></gpxtpx:TrackPointExtension></extensions></trkpt><trkpt lat="35.95547997" lon="120.21011594"><ele>-37.77000045776367</ele><time>2022-05-22T21:46:46Z</time><extensions><gpxtpx:TrackPointExtension><gpxtpx:hr>146</gpxtpx:hr><gpxtpx:cad>88</gpxtpx:cad></gpxtpx:TrackPointExtension></extensions></trkpt><trkpt lat="35.95547997" lon="120.21009328"><ele>-37.720001220703125</ele><time>2022-05-22T21:46:47Z</time><extensions><gpxtpx:TrackPointExtension><gpxtpx:cad>88</gpxtpx:cad></gpxtpx:TrackPointExtension></extensions></trkpt><trkpt lat="35.95547997" lon="120.21007128"><ele>-37.68000030517578</ele><time>2022-05-22T21:46:48Z</time><extensions><gpxtpx:TrackPointExtension><gpxtpx:hr>146</gpxtpx:hr><gpxtpx:cad>88</gpxtpx:cad></gpxtpx:TrackPointExtension></extensions></trkpt><trkpt lat="35.95548096" lon="120.21005229"><ele>-37.650001525878906</ele><time>2022-05-22T21:46:49Z</time><extensions><gpxtpx:TrackPointExtension><gpxtpx:hr>146</gpxtpx:hr><gpxtpx:cad>88</gpxtpx:cad></gpxtpx:TrackPointExtension></extensions></trkpt><trkpt lat="35.95548195" lon="120.21003329"><ele>-37.630001068115234</ele><time>2022-05-22T21:46:50Z</time><extensions><gpxtpx:TrackPointExtension><gpxtpx:hr>146</gpxtpx:hr><gpxtpx:cad>88</gpxtpx:cad></gpxtpx:TrackPointExtension></extensions></trkpt><trkpt lat="35.95548129" lon="120.2100153"><ele>-37.59000015258789</ele><time>2022-05-22T21:46:51Z</time><extensions><gpxtpx:TrackPointExtension><gpxtpx:hr>145</gpxtpx:hr><gpxtpx:cad>88</gpxtpx:cad></gpxtpx:TrackPointExtension></extensions></trkpt><trkpt lat="35.9554803" lon="120.20999864"><ele>-37.540000915527344</ele><time>2022-05-22T21:46:52Z</time><extensions><gpxtpx:TrackPointExtension><gpxtpx:hr>145</gpxtpx:hr><gpxtpx:cad>88</gpxtpx:cad></gpxtpx:TrackPointExtension></extensions></trkpt><trkpt lat="35.95547864" lon="120.20998198"><ele>-37.5</ele><time>2022-05-22T21:46:53Z</time><extensions><gpxtpx:TrackPointExtension><gpxtpx:hr>145</gpxtpx:hr><gpxtpx:cad>88</gpxtpx:cad></gpxtpx:TrackPointExtension></extensions></trkpt><trkpt lat="35.95547698" lon="120.20996432"><ele>-37.5</ele><time>2022-05-22T21:46:54Z</time><extensions><gpxtpx:TrackPointExtension><gpxtpx:cad>88</gpxtpx:cad></gpxtpx:TrackPointExtension></extensions></trkpt><trkpt lat="35.95547632" lon="120.20994699"><ele>-37.45000076293945</ele><time>2022-05-22T21:46:55Z</time><extensions><gpxtpx:TrackPointExtension><gpxtpx:hr>145</gpxtpx:hr><gpxtpx:cad>88</gpxtpx:cad></gpxtpx:TrackPointExtension></extensions></trkpt><trkpt lat="35.95547533" lon="120.20992699"><ele>-37.40999984741211</ele><time>2022-05-22T21:46:56Z</time><extensions><gpxtpx:TrackPointExtension><gpxtpx:hr>145</gpxtpx:hr><gpxtpx:cad>88</gpxtpx:cad></gpxtpx:TrackPointExtension></extensions></trkpt><trkpt lat="35.95547367" lon="120.20990366"><ele>-37.380001068115234</ele><time>2022-05-22T21:46:57Z</time><extensions><gpxtpx:TrackPointExtension><gpxtpx:hr>146</gpxtpx:hr><gpxtpx:cad>88</gpxtpx:cad></gpxtpx:TrackPointExtension></extensions></trkpt><trkpt lat="35.95547134" lon="120.20987733"><ele>-37.380001068115234</ele><time>2022-05-22T21:46:58Z</time><extensions><gpxtpx:TrackPointExtension><gpxtpx:hr>145</gpxtpx:hr><gpxtpx:cad>88</gpxtpx:cad></gpxtpx:TrackPointExtension></extensions></trkpt><trkpt lat="35.95546835" lon="120.209851"><ele>-37.380001068115234</ele><time>2022-05-22T21:46:59Z</time><extensions><gpxtpx:TrackPointExtension><gpxtpx:hr>145</gpxtpx:hr><gpxtpx:cad>88</gpxtpx:cad></gpxtpx:TrackPointExtension></extensions></trkpt><trkpt lat="35.95546569" lon="120.20982534"><ele>-37.36000061035156</ele><time>2022-05-22T21:47:00Z</time><extensions><gpxtpx:TrackPointExtension><gpxtpx:hr>145</gpxtpx:hr><gpxtpx:cad>88</gpxtpx:cad></gpxtpx:TrackPointExtension></extensions></trkpt><trkpt lat="35.95546369" lon="120.20980101"><ele>-37.36000061035156</ele><time>2022-05-22T21:47:01Z</time><extensions><gpxtpx:TrackPointExtension><gpxtpx:hr>146</gpxtpx:hr><gpxtpx:cad>89</gpxtpx:cad></gpxtpx:TrackPointExtension></extensions></trkpt><trkpt lat="35.95546203" lon="120.20977702"><ele>-37.36000061035156</ele><time>2022-05-22T21:47:02Z</time><extensions><gpxtpx:TrackPointExtension><gpxtpx:hr>147</gpxtpx:hr><gpxtpx:cad>88</gpxtpx:cad></gpxtpx:TrackPointExtension></extensions></trkpt><trkpt lat="35.95546037" lon="120.20975336"><ele>-37.34000015258789</ele><time>2022-05-22T21:47:03Z</time><extensions><gpxtpx:TrackPointExtension><gpxtpx:hr>147</gpxtpx:hr><gpxtpx:cad>88</gpxtpx:cad></gpxtpx:TrackPointExtension></extensions></trkpt><trkpt lat="35.95545904" lon="120.2097297"><ele>-37.310001373291016</ele><time>2022-05-22T21:47:04Z</time><extensions><gpxtpx:TrackPointExtension><gpxtpx:hr>148</gpxtpx:hr><gpxtpx:cad>88</gpxtpx:cad></gpxtpx:TrackPointExtension></extensions></trkpt><trkpt lat="35.95545937" lon="120.20970571"><ele>-37.290000915527344</ele><time>2022-05-22T21:47:05Z</time><extensions><gpxtpx:TrackPointExtension><gpxtpx:hr>149</gpxtpx:hr><gpxtpx:cad>89</gpxtpx:cad></gpxtpx:TrackPointExtension></extensions></trkpt><trkpt lat="35.9554597" lon="120.20968138"><ele>-37.27000045776367</ele><time>2022-05-22T21:47:06Z</time><extensions><gpxtpx:TrackPointExtension><gpxtpx:hr>149</gpxtpx:hr><gpxtpx:cad>89</gpxtpx:cad></gpxtpx:TrackPointExtension></extensions></trkpt><trkpt lat="35.95546036" lon="120.20965705"><ele>-37.220001220703125</ele><time>2022-05-22T21:47:07Z</time><extensions><gpxtpx:TrackPointExtension><gpxtpx:hr>149</gpxtpx:hr><gpxtpx:cad>89</gpxtpx:cad></gpxtpx:TrackPointExtension></extensions></trkpt><trkpt lat="35.95546235" lon="120.20963372"><ele>-37.15999984741211</ele><time>2022-05-22T21:47:08Z</time><extensions><gpxtpx:TrackPointExtension><gpxtpx:hr>150</gpxtpx:hr><gpxtpx:cad>89</gpxtpx:cad></gpxtpx:TrackPointExtension></extensions></trkpt><trkpt lat="35.95546335" lon="120.20961073"><ele>-37.060001373291016</ele><time>2022-05-22T21:47:09Z</time><extensions><gpxtpx:TrackPointExtension><gpxtpx:hr>153</gpxtpx:hr><gpxtpx:cad>89</gpxtpx:cad></gpxtpx:TrackPointExtension></extensions></trkpt><trkpt lat="35.95546335" lon="120.20958807"><ele>-36.9900016784668</ele><time>2022-05-22T21:47:10Z</time><extensions><gpxtpx:TrackPointExtension><gpxtpx:hr>156</gpxtpx:hr><gpxtpx:cad>89</gpxtpx:cad></gpxtpx:TrackPointExtension></extensions></trkpt><trkpt lat="35.95546368" lon="120.20956574"><ele>-36.90999984741211</ele><time>2022-05-22T21:47:11Z</time><extensions><gpxtpx:TrackPointExtension><gpxtpx:hr>159</gpxtpx:hr><gpxtpx:cad>89</gpxtpx:cad></gpxtpx:TrackPointExtension></extensions></trkpt><trkpt lat="35.95546467" lon="120.20954341"><ele>-36.84000015258789</ele><time>2022-05-22T21:47:12Z</time><extensions><gpxtpx:TrackPointExtension><gpxtpx:hr>161</gpxtpx:hr><gpxtpx:cad>89</gpxtpx:cad></gpxtpx:TrackPointExtension></extensions></trkpt><trkpt lat="35.95546633" lon="120.20952108"><ele>-36.790000915527344</ele><time>2022-05-22T21:47:13Z</time><extensions><gpxtpx:TrackPointExtension><gpxtpx:hr>161</gpxtpx:hr><gpxtpx:cad>89</gpxtpx:cad></gpxtpx:TrackPointExtension></extensions></trkpt><trkpt lat="35.95546833" lon="120.20949875"><ele>-36.720001220703125</ele><time>2022-05-22T21:47:14Z</time><extensions><gpxtpx:TrackPointExtension><gpxtpx:hr>160</gpxtpx:hr><gpxtpx:cad>89</gpxtpx:cad></gpxtpx:TrackPointExtension></extensions></trkpt><trkpt lat="35.95546932" lon="120.20947776"><ele>-36.720001220703125</ele><time>2022-05-22T21:47:15Z</time><extensions><gpxtpx:TrackPointExtension><gpxtpx:hr>160</gpxtpx:hr><gpxtpx:cad>89</gpxtpx:cad></gpxtpx:TrackPointExtension></extensions></trkpt><trkpt lat="35.95547065" lon="120.2094581"><ele>-36.61000061035156</ele><time>2022-05-22T21:47:16Z</time><extensions><gpxtpx:TrackPointExtension><gpxtpx:hr>160</gpxtpx:hr><gpxtpx:cad>89</gpxtpx:cad></gpxtpx:TrackPointExtension></extensions></trkpt><trkpt lat="35.95547098" lon="120.20943977"><ele>-36.560001373291016</ele><time>2022-05-22T21:47:17Z</time><extensions><gpxtpx:TrackPointExtension><gpxtpx:hr>161</gpxtpx:hr><gpxtpx:cad>89</gpxtpx:cad></gpxtpx:TrackPointExtension></extensions></trkpt><trkpt lat="35.95547198" lon="120.20942111"><ele>-36.58000183105469</ele><time>2022-05-22T21:47:18Z</time><extensions><gpxtpx:TrackPointExtension><gpxtpx:hr>162</gpxtpx:hr><gpxtpx:cad>89</gpxtpx:cad></gpxtpx:TrackPointExtension></extensions></trkpt><trkpt lat="35.95547198" lon="120.20940211"><ele>-36.59000015258789</ele><time>2022-05-22T21:47:19Z</time><extensions><gpxtpx:TrackPointExtension><gpxtpx:hr>162</gpxtpx:hr><gpxtpx:cad>89</gpxtpx:cad></gpxtpx:TrackPointExtension></extensions></trkpt><trkpt lat="35.95547198" lon="120.20938212"><ele>-36.59000015258789</ele><time>2022-05-22T21:47:20Z</time><extensions><gpxtpx:TrackPointExtension><gpxtpx:hr>162</gpxtpx:hr><gpxtpx:cad>89</gpxtpx:cad></gpxtpx:TrackPointExtension></extensions></trkpt><trkpt lat="35.95547297" lon="120.20936179"><ele>-36.58000183105469</ele><time>2022-05-22T21:47:21Z</time><extensions><gpxtpx:TrackPointExtension><gpxtpx:hr>162</gpxtpx:hr><gpxtpx:cad>89</gpxtpx:cad></gpxtpx:TrackPointExtension></extensions></trkpt><trkpt lat="35.95547463" lon="120.20933979"><ele>-36.540000915527344</ele><time>2022-05-22T21:47:22Z</time><extensions><gpxtpx:TrackPointExtension><gpxtpx:hr>163</gpxtpx:hr><gpxtpx:cad>89</gpxtpx:cad></gpxtpx:TrackPointExtension></extensions></trkpt><trkpt lat="35.95547762" lon="120.2093168"><ele>-36.52000045776367</ele><time>2022-05-22T21:47:23Z</time><extensions><gpxtpx:TrackPointExtension><gpxtpx:hr>164</gpxtpx:hr><gpxtpx:cad>89</gpxtpx:cad></gpxtpx:TrackPointExtension></extensions></trkpt><trkpt lat="35.95548128" lon="120.20929381"><ele>-36.4900016784668</ele><time>2022-05-22T21:47:24Z</time><extensions><gpxtpx:TrackPointExtension><gpxtpx:hr>165</gpxtpx:hr><gpxtpx:cad>89</gpxtpx:cad></gpxtpx:TrackPointExtension></extensions></trkpt><trkpt lat="35.95548494" lon="120.20927181"><ele>-36.45000076293945</ele><time>2022-05-22T21:47:25Z</time><extensions><gpxtpx:TrackPointExtension><gpxtpx:hr>165</gpxtpx:hr><gpxtpx:cad>89</gpxtpx:cad></gpxtpx:TrackPointExtension></extensions></trkpt><trkpt lat="35.95548894" lon="120.20924715"><ele>-36.400001525878906</ele><time>2022-05-22T21:47:26Z</time><extensions><gpxtpx:TrackPointExtension><gpxtpx:hr>165</gpxtpx:hr><gpxtpx:cad>88</gpxtpx:cad></gpxtpx:TrackPointExtension></extensions></trkpt><trkpt lat="35.95549193" lon="120.20922015"><ele>-36.36000061035156</ele><time>2022-05-22T21:47:27Z</time><extensions><gpxtpx:TrackPointExtension><gpxtpx:hr>166</gpxtpx:hr><gpxtpx:cad>88</gpxtpx:cad></gpxtpx:TrackPointExtension></extensions></trkpt><trkpt lat="35.95549459" lon="120.20919182"><ele>-36.310001373291016</ele><time>2022-05-22T21:47:28Z</time><extensions><gpxtpx:TrackPointExtension><gpxtpx:hr>167</gpxtpx:hr><gpxtpx:cad>88</gpxtpx:cad></gpxtpx:TrackPointExtension></extensions></trkpt><trkpt lat="35.95549692" lon="120.20916283"><ele>-36.27000045776367</ele><time>2022-05-22T21:47:29Z</time><extensions><gpxtpx:TrackPointExtension><gpxtpx:hr>168</gpxtpx:hr><gpxtpx:cad>88</gpxtpx:cad></gpxtpx:TrackPointExtension></extensions></trkpt><trkpt lat="35.95549725" lon="120.2091335"><ele>-36.20000076293945</ele><time>2022-05-22T21:47:30Z</time><extensions><gpxtpx:TrackPointExtension><gpxtpx:hr>169</gpxtpx:hr><gpxtpx:cad>88</gpxtpx:cad></gpxtpx:TrackPointExtension></extensions></trkpt><trkpt lat="35.95549725" lon="120.20910451"><ele>-36.130001068115234</ele><time>2022-05-22T21:47:31Z</time><extensions><gpxtpx:TrackPointExtension><gpxtpx:hr>169</gpxtpx:hr><gpxtpx:cad>88</gpxtpx:cad></gpxtpx:TrackPointExtension></extensions></trkpt><trkpt lat="35.95549692" lon="120.20907618"><ele>-36.09000015258789</ele><time>2022-05-22T21:47:32Z</time><extensions><gpxtpx:TrackPointExtension><gpxtpx:hr>170</gpxtpx:hr><gpxtpx:cad>89</gpxtpx:cad></gpxtpx:TrackPointExtension></extensions></trkpt><trkpt lat="35.95549692" lon="120.20904852"><ele>-35.95000076293945</ele><time>2022-05-22T21:47:33Z</time><extensions><gpxtpx:TrackPointExtension><gpxtpx:hr>171</gpxtpx:hr><gpxtpx:cad>88</gpxtpx:cad></gpxtpx:TrackPointExtension></extensions></trkpt><trkpt lat="35.95549692" lon="120.20902153"><ele>-35.86000061035156</ele><time>2022-05-22T21:47:34Z</time><extensions><gpxtpx:TrackPointExtension><gpxtpx:hr>171</gpxtpx:hr><gpxtpx:cad>88</gpxtpx:cad></gpxtpx:TrackPointExtension></extensions></trkpt><trkpt lat="35.95549791" lon="120.2089942"><ele>-35.75</ele><time>2022-05-22T21:47:35Z</time><extensions><gpxtpx:TrackPointExtension><gpxtpx:hr>171</gpxtpx:hr><gpxtpx:cad>88</gpxtpx:cad></gpxtpx:TrackPointExtension></extensions></trkpt><trkpt lat="35.95550024" lon="120.20896754"><ele>-35.65999984741211</ele><time>2022-05-22T21:47:36Z</time><extensions><gpxtpx:TrackPointExtension><gpxtpx:hr>173</gpxtpx:hr><gpxtpx:cad>88</gpxtpx:cad></gpxtpx:TrackPointExtension></extensions></trkpt><trkpt lat="35.95550323" lon="120.20894154"><ele>-35.59000015258789</ele><time>2022-05-22T21:47:37Z</time><extensions><gpxtpx:TrackPointExtension><gpxtpx:hr>174</gpxtpx:hr><gpxtpx:cad>89</gpxtpx:cad></gpxtpx:TrackPointExtension></extensions></trkpt><trkpt lat="35.95550722" lon="120.20891488"><ele>-35.560001373291016</ele><time>2022-05-22T21:47:38Z</time><extensions><gpxtpx:TrackPointExtension><gpxtpx:hr>175</gpxtpx:hr><gpxtpx:cad>89</gpxtpx:cad></gpxtpx:TrackPointExtension></extensions></trkpt><trkpt lat="35.95551021" lon="120.20888588"><ele>-35.540000915527344</ele><time>2022-05-22T21:47:39Z</time><extensions><gpxtpx:TrackPointExtension><gpxtpx:hr>175</gpxtpx:hr><gpxtpx:cad>88</gpxtpx:cad></gpxtpx:TrackPointExtension></extensions></trkpt><trkpt lat="35.95551287" lon="120.20885722"><ele>-35.560001373291016</ele><time>2022-05-22T21:47:40Z</time><extensions><gpxtpx:TrackPointExtension><gpxtpx:hr>175</gpxtpx:hr><gpxtpx:cad>88</gpxtpx:cad></gpxtpx:TrackPointExtension></extensions></trkpt><trkpt lat="35.9555152" lon="120.20882789"><ele>-35.540000915527344</ele><time>2022-05-22T21:47:41Z</time><extensions><gpxtpx:TrackPointExtension><gpxtpx:hr>175</gpxtpx:hr><gpxtpx:cad>88</gpxtpx:cad></gpxtpx:TrackPointExtension></extensions></trkpt><trkpt lat="35.9555172" lon="120.20879823"><ele>-35.52000045776367</ele><time>2022-05-22T21:47:42Z</time><extensions><gpxtpx:TrackPointExtension><gpxtpx:hr>175</gpxtpx:hr><gpxtpx:cad>88</gpxtpx:cad></gpxtpx:TrackPointExtension></extensions></trkpt><trkpt lat="35.95551986" lon="120.20876757"><ele>-35.45000076293945</ele><time>2022-05-22T21:47:43Z</time><extensions><gpxtpx:TrackPointExtension><gpxtpx:hr>175</gpxtpx:hr><gpxtpx:cad>88</gpxtpx:cad></gpxtpx:TrackPointExtension></extensions></trkpt><trkpt lat="35.95552085" lon="120.20873658"><ele>-35.43000030517578</ele><time>2022-05-22T21:47:44Z</time><extensions><gpxtpx:TrackPointExtension><gpxtpx:hr>175</gpxtpx:hr><gpxtpx:cad>88</gpxtpx:cad></gpxtpx:TrackPointExtension></extensions></trkpt><trkpt lat="35.95551986" lon="120.20870659"><ele>-35.380001068115234</ele><time>2022-05-22T21:47:45Z</time><extensions><gpxtpx:TrackPointExtension><gpxtpx:hr>176</gpxtpx:hr><gpxtpx:cad>89</gpxtpx:cad></gpxtpx:TrackPointExtension></extensions></trkpt><trkpt lat="35.95551887" lon="120.20867726"><ele>-35.36000061035156</ele><time>2022-05-22T21:47:46Z</time><extensions><gpxtpx:TrackPointExtension><gpxtpx:hr>177</gpxtpx:hr><gpxtpx:cad>89</gpxtpx:cad></gpxtpx:TrackPointExtension></extensions></trkpt><trkpt lat="35.95551821" lon="120.20865027"><ele>-35.290000915527344</ele><time>2022-05-22T21:47:47Z</time><extensions><gpxtpx:TrackPointExtension><gpxtpx:hr>176</gpxtpx:hr><gpxtpx:cad>89</gpxtpx:cad></gpxtpx:TrackPointExtension></extensions></trkpt><trkpt lat="35.95551655" lon="120.20862461"><ele>-35.27000045776367</ele><time>2022-05-22T21:47:48Z</time><extensions><gpxtpx:TrackPointExtension><gpxtpx:hr>176</gpxtpx:hr><gpxtpx:cad>89</gpxtpx:cad></gpxtpx:TrackPointExtension></extensions></trkpt><trkpt lat="35.95551489" lon="120.20859895"><ele>-35.20000076293945</ele><time>2022-05-22T21:47:49Z</time><extensions><gpxtpx:TrackPointExtension><gpxtpx:hr>177</gpxtpx:hr><gpxtpx:cad>89</gpxtpx:cad></gpxtpx:TrackPointExtension></extensions></trkpt><trkpt lat="35.95551289" lon="120.20857429"><ele>-35.150001525878906</ele><time>2022-05-22T21:47:50Z</time><extensions><gpxtpx:TrackPointExtension><gpxtpx:hr>178</gpxtpx:hr><gpxtpx:cad>89</gpxtpx:cad></gpxtpx:TrackPointExtension></extensions></trkpt><trkpt lat="35.9555109" lon="120.20855163"><ele>-35.11000061035156</ele><time>2022-05-22T21:47:51Z</time><extensions><gpxtpx:TrackPointExtension><gpxtpx:hr>178</gpxtpx:hr><gpxtpx:cad>89</gpxtpx:cad></gpxtpx:TrackPointExtension></extensions></trkpt><trkpt lat="35.95550957" lon="120.2085293"><ele>-35.060001373291016</ele><time>2022-05-22T21:47:52Z</time><extensions><gpxtpx:TrackPointExtension><gpxtpx:hr>178</gpxtpx:hr><gpxtpx:cad>89</gpxtpx:cad></gpxtpx:TrackPointExtension></extensions></trkpt><trkpt lat="35.9555109" lon="120.20851031"><ele>-34.9900016784668</ele><time>2022-05-22T21:47:53Z</time><extensions><gpxtpx:TrackPointExtension><gpxtpx:hr>178</gpxtpx:hr><gpxtpx:cad>89</gpxtpx:cad></gpxtpx:TrackPointExtension></extensions></trkpt><trkpt lat="35.95551156" lon="120.20849332"><ele>-34.93000030517578</ele><time>2022-05-22T21:47:54Z</time><extensions><gpxtpx:TrackPointExtension><gpxtpx:hr>178</gpxtpx:hr><gpxtpx:cad>89</gpxtpx:cad></gpxtpx:TrackPointExtension></extensions></trkpt><trkpt lat="35.9555109" lon="120.20847766"><ele>-34.880001068115234</ele><time>2022-05-22T21:47:55Z</time><extensions><gpxtpx:TrackPointExtension><gpxtpx:hr>177</gpxtpx:hr><gpxtpx:cad>89</gpxtpx:cad></gpxtpx:TrackPointExtension></extensions></trkpt><trkpt lat="35.9555099" lon="120.20846266"><ele>-34.810001373291016</ele><time>2022-05-22T21:47:56Z</time><extensions><gpxtpx:TrackPointExtension><gpxtpx:hr>175</gpxtpx:hr><gpxtpx:cad>89</gpxtpx:cad></gpxtpx:TrackPointExtension></extensions></trkpt><trkpt lat="35.95551056" lon="120.20844733"><ele>-34.75</ele><time>2022-05-22T21:47:57Z</time><extensions><gpxtpx:TrackPointExtension><gpxtpx:hr>175</gpxtpx:hr><gpxtpx:cad>89</gpxtpx:cad></gpxtpx:TrackPointExtension></extensions></trkpt><trkpt lat="35.95551023" lon="120.208432"><ele>-34.65999984741211</ele><time>2022-05-22T21:47:58Z</time><extensions><gpxtpx:TrackPointExtension><gpxtpx:hr>175</gpxtpx:hr><gpxtpx:cad>89</gpxtpx:cad></gpxtpx:TrackPointExtension></extensions></trkpt><trkpt lat="35.95551023" lon="120.20841501"><ele>-34.59000015258789</ele><time>2022-05-22T21:47:59Z</time><extensions><gpxtpx:TrackPointExtension><gpxtpx:hr>175</gpxtpx:hr><gpxtpx:cad>89</gpxtpx:cad></gpxtpx:TrackPointExtension></extensions></trkpt><trkpt lat="35.9555089" lon="120.20839702"><ele>-34.540000915527344</ele><time>2022-05-22T21:48:00Z</time><extensions><gpxtpx:TrackPointExtension><gpxtpx:hr>176</gpxtpx:hr><gpxtpx:cad>89</gpxtpx:cad></gpxtpx:TrackPointExtension></extensions></trkpt><trkpt lat="35.95550857" lon="120.20837836"><ele>-34.4900016784668</ele><time>2022-05-22T21:48:01Z</time><extensions><gpxtpx:TrackPointExtension><gpxtpx:hr>177</gpxtpx:hr><gpxtpx:cad>89</gpxtpx:cad></gpxtpx:TrackPointExtension></extensions></trkpt><trkpt lat="35.95550758" lon="120.20836103"><ele>-34.43000030517578</ele><time>2022-05-22T21:48:02Z</time><extensions><gpxtpx:TrackPointExtension><gpxtpx:hr>177</gpxtpx:hr><gpxtpx:cad>89</gpxtpx:cad></gpxtpx:TrackPointExtension></extensions></trkpt><trkpt lat="35.95550758" lon="120.20834337"><ele>-34.380001068115234</ele><time>2022-05-22T21:48:03Z</time><extensions><gpxtpx:TrackPointExtension><gpxtpx:hr>177</gpxtpx:hr><gpxtpx:cad>89</gpxtpx:cad></gpxtpx:TrackPointExtension></extensions></trkpt><trkpt lat="35.95550791" lon="120.20832571"><ele>-34.34000015258789</ele><time>2022-05-22T21:48:04Z</time><extensions><gpxtpx:TrackPointExtension><gpxtpx:hr>177</gpxtpx:hr><gpxtpx:cad>89</gpxtpx:cad></gpxtpx:TrackPointExtension></extensions></trkpt><trkpt lat="35.95550791" lon="120.20830905"><ele>-34.310001373291016</ele><time>2022-05-22T21:48:05Z</time><extensions><gpxtpx:TrackPointExtension><gpxtpx:hr>177</gpxtpx:hr><gpxtpx:cad>89</gpxtpx:cad></gpxtpx:TrackPointExtension></extensions></trkpt><trkpt lat="35.95550791" lon="120.20829305"><ele>-34.290000915527344</ele><time>2022-05-22T21:48:06Z</time><extensions><gpxtpx:TrackPointExtension><gpxtpx:hr>177</gpxtpx:hr><gpxtpx:cad>89</gpxtpx:cad></gpxtpx:TrackPointExtension></extensions></trkpt><trkpt lat="35.95550857" lon="120.20827639"><ele>-34.310001373291016</ele><time>2022-05-22T21:48:07Z</time><extensions><gpxtpx:TrackPointExtension><gpxtpx:hr>177</gpxtpx:hr><gpxtpx:cad>89</gpxtpx:cad></gpxtpx:TrackPointExtension></extensions></trkpt><trkpt lat="35.9555089" lon="120.2082594"><ele>-34.310001373291016</ele><time>2022-05-22T21:48:08Z</time><extensions><gpxtpx:TrackPointExtension><gpxtpx:hr>176</gpxtpx:hr><gpxtpx:cad>89</gpxtpx:cad></gpxtpx:TrackPointExtension></extensions></trkpt><trkpt lat="35.95550923" lon="120.2082434"><ele>-34.34000015258789</ele><time>2022-05-22T21:48:09Z</time><extensions><gpxtpx:TrackPointExtension><gpxtpx:hr>175</gpxtpx:hr><gpxtpx:cad>89</gpxtpx:cad></gpxtpx:TrackPointExtension></extensions></trkpt><trkpt lat="35.9555089" lon="120.20822641"><ele>-34.34000015258789</ele><time>2022-05-22T21:48:10Z</time><extensions><gpxtpx:TrackPointExtension><gpxtpx:hr>174</gpxtpx:hr><gpxtpx:cad>89</gpxtpx:cad></gpxtpx:TrackPointExtension></extensions></trkpt><trkpt lat="35.95550923" lon="120.20820908"><ele>-34.34000015258789</ele><time>2022-05-22T21:48:11Z</time><extensions><gpxtpx:TrackPointExtension><gpxtpx:hr>173</gpxtpx:hr><gpxtpx:cad>89</gpxtpx:cad></gpxtpx:TrackPointExtension></extensions></trkpt><trkpt lat="35.95550989" lon="120.20819142"><ele>-34.33000183105469</ele><time>2022-05-22T21:48:12Z</time><extensions><gpxtpx:TrackPointExtension><gpxtpx:hr>173</gpxtpx:hr><gpxtpx:cad>89</gpxtpx:cad></gpxtpx:TrackPointExtension></extensions></trkpt><trkpt lat="35.95550923" lon="120.20817343"><ele>-34.310001373291016</ele><time>2022-05-22T21:48:13Z</time><extensions><gpxtpx:TrackPointExtension><gpxtpx:hr>173</gpxtpx:hr><gpxtpx:cad>61</gpxtpx:cad></gpxtpx:TrackPointExtension></extensions></trkpt><trkpt lat="35.95550857" lon="120.20815443"><ele>-34.290000915527344</ele><time>2022-05-22T21:48:14Z</time><extensions><gpxtpx:TrackPointExtension><gpxtpx:hr>173</gpxtpx:hr><gpxtpx:cad>61</gpxtpx:cad></gpxtpx:TrackPointExtension></extensions></trkpt><trkpt lat="35.95550691" lon="120.20813444"><ele>-34.290000915527344</ele><time>2022-05-22T21:48:15Z</time><extensions><gpxtpx:TrackPointExtension><gpxtpx:hr>172</gpxtpx:hr><gpxtpx:cad>61</gpxtpx:cad></gpxtpx:TrackPointExtension></extensions></trkpt><trkpt lat="35.95550458" lon="120.20811344"><ele>-34.25</ele><time>2022-05-22T21:48:16Z</time><extensions><gpxtpx:TrackPointExtension><gpxtpx:hr>172</gpxtpx:hr><gpxtpx:cad>61</gpxtpx:cad></gpxtpx:TrackPointExtension></extensions></trkpt><trkpt lat="35.95550092" lon="120.20809178"><ele>-34.18000030517578</ele><time>2022-05-22T21:48:17Z</time><extensions><gpxtpx:TrackPointExtension><gpxtpx:hr>172</gpxtpx:hr><gpxtpx:cad>61</gpxtpx:cad></gpxtpx:TrackPointExtension></extensions></trkpt><trkpt lat="35.95549459" lon="120.20807045"><ele>-34.11000061035156</ele><time>2022-05-22T21:48:18Z</time><extensions><gpxtpx:TrackPointExtension><gpxtpx:hr>171</gpxtpx:hr><gpxtpx:cad>61</gpxtpx:cad></gpxtpx:TrackPointExtension></extensions></trkpt><trkpt lat="35.95548526" lon="120.20805112"><ele>-34.060001373291016</ele><time>2022-05-22T21:48:19Z</time><extensions><gpxtpx:TrackPointExtension><gpxtpx:hr>170</gpxtpx:hr><gpxtpx:cad>61</gpxtpx:cad></gpxtpx:TrackPointExtension></extensions></trkpt><trkpt lat="35.95547226" lon="120.20803512"><ele>-34.11000061035156</ele><time>2022-05-22T21:48:20Z</time><extensions><gpxtpx:TrackPointExtension><gpxtpx:hr>170</gpxtpx:hr><gpxtpx:cad>61</gpxtpx:cad></gpxtpx:TrackPointExtension></extensions></trkpt><trkpt lat="35.9554556" lon="120.20802246"><ele>-34.150001525878906</ele><time>2022-05-22T21:48:21Z</time><extensions><gpxtpx:TrackPointExtension><gpxtpx:hr>169</gpxtpx:hr><gpxtpx:cad>61</gpxtpx:cad></gpxtpx:TrackPointExtension></extensions></trkpt><trkpt lat="35.95543694" lon="120.20801346"><ele>-34.20000076293945</ele><time>2022-05-22T21:48:22Z</time><extensions><gpxtpx:TrackPointExtension><gpxtpx:hr>169</gpxtpx:hr><gpxtpx:cad>61</gpxtpx:cad></gpxtpx:TrackPointExtension></extensions></trkpt><trkpt lat="35.95541728" lon="120.20800813"><ele>-34.2400016784668</ele><time>2022-05-22T21:48:23Z</time><extensions><gpxtpx:TrackPointExtension><gpxtpx:hr>168</gpxtpx:hr><gpxtpx:cad>61</gpxtpx:cad></gpxtpx:TrackPointExtension></extensions></trkpt><trkpt lat="35.95539795" lon="120.2080048"><ele>-34.290000915527344</ele><time>2022-05-22T21:48:24Z</time><extensions><gpxtpx:TrackPointExtension><gpxtpx:hr>168</gpxtpx:hr><gpxtpx:cad>61</gpxtpx:cad></gpxtpx:TrackPointExtension></extensions></trkpt><trkpt lat="35.95537829" lon="120.20800381"><ele>-34.33000183105469</ele><time>2022-05-22T21:48:25Z</time><extensions><gpxtpx:TrackPointExtension><gpxtpx:hr>168</gpxtpx:hr><gpxtpx:cad>61</gpxtpx:cad></gpxtpx:TrackPointExtension></extensions></trkpt><trkpt lat="35.95535929" lon="120.2080048"><ele>-34.36000061035156</ele><time>2022-05-22T21:48:26Z</time><extensions><gpxtpx:TrackPointExtension><gpxtpx:hr>168</gpxtpx:hr><gpxtpx:cad>88</gpxtpx:cad></gpxtpx:TrackPointExtension></extensions></trkpt><trkpt lat="35.95534029" lon="120.20800846"><ele>-34.380001068115234</ele><time>2022-05-22T21:48:27Z</time><extensions><gpxtpx:TrackPointExtension><gpxtpx:hr>168</gpxtpx:hr><gpxtpx:cad>89</gpxtpx:cad></gpxtpx:TrackPointExtension></extensions></trkpt><trkpt lat="35.95532096" lon="120.20801179"><ele>-34.400001525878906</ele><time>2022-05-22T21:48:28Z</time><extensions><gpxtpx:TrackPointExtension><gpxtpx:hr>168</gpxtpx:hr><gpxtpx:cad>89</gpxtpx:cad></gpxtpx:TrackPointExtension></extensions></trkpt><trkpt lat="35.9553033" lon="120.20801445"><ele>-34.400001525878906</ele><time>2022-05-22T21:48:29Z</time><extensions><gpxtpx:TrackPointExtension><gpxtpx:hr>168</gpxtpx:hr><gpxtpx:cad>89</gpxtpx:cad></gpxtpx:TrackPointExtension></extensions></trkpt><trkpt lat="35.9552843" lon="120.20801644"><ele>-34.43000030517578</ele><time>2022-05-22T21:48:30Z</time><extensions><gpxtpx:TrackPointExtension><gpxtpx:hr>167</gpxtpx:hr><gpxtpx:cad>88</gpxtpx:cad></gpxtpx:TrackPointExtension></extensions></trkpt><trkpt lat="35.95526431" lon="120.20801977"><ele>-34.43000030517578</ele><time>2022-05-22T21:48:31Z</time><extensions><gpxtpx:TrackPointExtension><gpxtpx:hr>167</gpxtpx:hr><gpxtpx:cad>88</gpxtpx:cad></gpxtpx:TrackPointExtension></extensions></trkpt><trkpt lat="35.95524332" lon="120.20802276"><ele>-34.40999984741211</ele><time>2022-05-22T21:48:32Z</time><extensions><gpxtpx:TrackPointExtension><gpxtpx:hr>165</gpxtpx:hr><gpxtpx:cad>88</gpxtpx:cad></gpxtpx:TrackPointExtension></extensions></trkpt><trkpt lat="35.95522132" lon="120.20802609"><ele>-34.40999984741211</ele><time>2022-05-22T21:48:33Z</time><extensions><gpxtpx:TrackPointExtension><gpxtpx:hr>165</gpxtpx:hr><gpxtpx:cad>89</gpxtpx:cad></gpxtpx:TrackPointExtension></extensions></trkpt><trkpt lat="35.95519866" lon="120.20802908"><ele>-34.40999984741211</ele><time>2022-05-22T21:48:34Z</time><extensions><gpxtpx:TrackPointExtension><gpxtpx:hr>165</gpxtpx:hr><gpxtpx:cad>88</gpxtpx:cad></gpxtpx:TrackPointExtension></extensions></trkpt><trkpt lat="35.955175" lon="120.20803108"><ele>-34.43000030517578</ele><time>2022-05-22T21:48:35Z</time><extensions><gpxtpx:TrackPointExtension><gpxtpx:hr>165</gpxtpx:hr><gpxtpx:cad>88</gpxtpx:cad></gpxtpx:TrackPointExtension></extensions></trkpt><trkpt lat="35.95515101" lon="120.20803207"><ele>-34.470001220703125</ele><time>2022-05-22T21:48:36Z</time><extensions><gpxtpx:TrackPointExtension><gpxtpx:hr>167</gpxtpx:hr><gpxtpx:cad>88</gpxtpx:cad></gpxtpx:TrackPointExtension></extensions></trkpt><trkpt lat="35.95512701" lon="120.20803306"><ele>-34.560001373291016</ele><time>2022-05-22T21:48:37Z</time><extensions><gpxtpx:TrackPointExtension><gpxtpx:hr>168</gpxtpx:hr><gpxtpx:cad>89</gpxtpx:cad></gpxtpx:TrackPointExtension></extensions></trkpt><trkpt lat="35.95510368" lon="120.20803439"><ele>-34.68000030517578</ele><time>2022-05-22T21:48:38Z</time><extensions><gpxtpx:TrackPointExtension><gpxtpx:hr>168</gpxtpx:hr><gpxtpx:cad>88</gpxtpx:cad></gpxtpx:TrackPointExtension></extensions></trkpt><trkpt lat="35.95507935" lon="120.20803572"><ele>-34.810001373291016</ele><time>2022-05-22T21:48:39Z</time><extensions><gpxtpx:TrackPointExtension><gpxtpx:hr>168</gpxtpx:hr><gpxtpx:cad>89</gpxtpx:cad></gpxtpx:TrackPointExtension></extensions></trkpt><trkpt lat="35.95505502" lon="120.20803705"><ele>-34.880001068115234</ele><time>2022-05-22T21:48:40Z</time><extensions><gpxtpx:TrackPointExtension><gpxtpx:hr>168</gpxtpx:hr><gpxtpx:cad>89</gpxtpx:cad></gpxtpx:TrackPointExtension></extensions></trkpt><trkpt lat="35.95503069" lon="120.20804038"><ele>-34.970001220703125</ele><time>2022-05-22T21:48:41Z</time><extensions><gpxtpx:TrackPointExtension><gpxtpx:hr>168</gpxtpx:hr><gpxtpx:cad>89</gpxtpx:cad></gpxtpx:TrackPointExtension></extensions></trkpt><trkpt lat="35.95500536" lon="120.20804404"><ele>-35.02000045776367</ele><time>2022-05-22T21:48:42Z</time><extensions><gpxtpx:TrackPointExtension><gpxtpx:hr>168</gpxtpx:hr><gpxtpx:cad>89</gpxtpx:cad></gpxtpx:TrackPointExtension></extensions></trkpt><trkpt lat="35.95498003" lon="120.2080477"><ele>-35.150001525878906</ele><time>2022-05-22T21:48:43Z</time><extensions><gpxtpx:TrackPointExtension><gpxtpx:hr>169</gpxtpx:hr><gpxtpx:cad>89</gpxtpx:cad></gpxtpx:TrackPointExtension></extensions></trkpt><trkpt lat="35.95495503" lon="120.20805169"><ele>-35.20000076293945</ele><time>2022-05-22T21:48:44Z</time><extensions><gpxtpx:TrackPointExtension><gpxtpx:hr>170</gpxtpx:hr><gpxtpx:cad>89</gpxtpx:cad></gpxtpx:TrackPointExtension></extensions></trkpt><trkpt lat="35.95492937" lon="120.20805602"><ele>-35.310001373291016</ele><time>2022-05-22T21:48:45Z</time><extensions><gpxtpx:TrackPointExtension><gpxtpx:hr>171</gpxtpx:hr><gpxtpx:cad>89</gpxtpx:cad></gpxtpx:TrackPointExtension></extensions></trkpt><trkpt lat="35.95490338" lon="120.20806035"><ele>-35.36000061035156</ele><time>2022-05-22T21:48:46Z</time><extensions><gpxtpx:TrackPointExtension><gpxtpx:hr>171</gpxtpx:hr><gpxtpx:cad>88</gpxtpx:cad></gpxtpx:TrackPointExtension></extensions></trkpt><trkpt lat="35.95487772" lon="120.20806501"><ele>-35.470001220703125</ele><time>2022-05-22T21:48:47Z</time><extensions><gpxtpx:TrackPointExtension><gpxtpx:hr>171</gpxtpx:hr><gpxtpx:cad>88</gpxtpx:cad></gpxtpx:TrackPointExtension></extensions></trkpt><trkpt lat="35.95485272" lon="120.208069"><ele>-35.5</ele><time>2022-05-22T21:48:48Z</time><extensions><gpxtpx:TrackPointExtension><gpxtpx:hr>172</gpxtpx:hr><gpxtpx:cad>88</gpxtpx:cad></gpxtpx:TrackPointExtension></extensions></trkpt><trkpt lat="35.95482839" lon="120.208072"><ele>-35.61000061035156</ele><time>2022-05-22T21:48:49Z</time><extensions><gpxtpx:TrackPointExtension><gpxtpx:hr>173</gpxtpx:hr><gpxtpx:cad>88</gpxtpx:cad></gpxtpx:TrackPointExtension></extensions></trkpt><trkpt lat="35.9548044" lon="120.20807466"><ele>-35.630001068115234</ele><time>2022-05-22T21:48:50Z</time><extensions><gpxtpx:TrackPointExtension><gpxtpx:hr>173</gpxtpx:hr><gpxtpx:cad>88</gpxtpx:cad></gpxtpx:TrackPointExtension></extensions></trkpt><trkpt lat="35.95478007" lon="120.20807799"><ele>-35.720001220703125</ele><time>2022-05-22T21:48:51Z</time><extensions><gpxtpx:TrackPointExtension><gpxtpx:hr>174</gpxtpx:hr><gpxtpx:cad>88</gpxtpx:cad></gpxtpx:TrackPointExtension></extensions></trkpt><trkpt lat="35.95475541" lon="120.20808299"><ele>-35.77000045776367</ele><time>2022-05-22T21:48:52Z</time><extensions><gpxtpx:TrackPointExtension><gpxtpx:hr>174</gpxtpx:hr><gpxtpx:cad>88</gpxtpx:cad></gpxtpx:TrackPointExtension></extensions></trkpt><trkpt lat="35.95473142" lon="120.20808799"><ele>-35.86000061035156</ele><time>2022-05-22T21:48:53Z</time><extensions><gpxtpx:TrackPointExtension><gpxtpx:hr>174</gpxtpx:hr><gpxtpx:cad>88</gpxtpx:cad></gpxtpx:TrackPointExtension></extensions></trkpt><trkpt lat="35.95470709" lon="120.20809365"><ele>-35.86000061035156</ele><time>2022-05-22T21:48:54Z</time><extensions><gpxtpx:TrackPointExtension><gpxtpx:hr>174</gpxtpx:hr><gpxtpx:cad>89</gpxtpx:cad></gpxtpx:TrackPointExtension></extensions></trkpt><trkpt lat="35.95468209" lon="120.20810064"><ele>-35.95000076293945</ele><time>2022-05-22T21:48:55Z</time><extensions><gpxtpx:TrackPointExtension><gpxtpx:hr>174</gpxtpx:hr><gpxtpx:cad>89</gpxtpx:cad></gpxtpx:TrackPointExtension></extensions></trkpt><trkpt lat="35.9546581" lon="120.2081093"><ele>-35.9900016784668</ele><time>2022-05-22T21:48:56Z</time><extensions><gpxtpx:TrackPointExtension><gpxtpx:hr>174</gpxtpx:hr><gpxtpx:cad>88</gpxtpx:cad></gpxtpx:TrackPointExtension></extensions></trkpt><trkpt lat="35.95463477" lon="120.20811696"><ele>-35.9900016784668</ele><time>2022-05-22T21:48:57Z</time><extensions><gpxtpx:TrackPointExtension><gpxtpx:hr>173</gpxtpx:hr><gpxtpx:cad>89</gpxtpx:cad></gpxtpx:TrackPointExtension></extensions></trkpt><trkpt lat="35.95461144" lon="120.20812462"><ele>-36.08000183105469</ele><time>2022-05-22T21:48:58Z</time><extensions><gpxtpx:TrackPointExtension><gpxtpx:hr>173</gpxtpx:hr><gpxtpx:cad>88</gpxtpx:cad></gpxtpx:TrackPointExtension></extensions></trkpt><trkpt lat="35.95458845" lon="120.20813095"><ele>-36.08000183105469</ele><time>2022-05-22T21:48:59Z</time><extensions><gpxtpx:TrackPointExtension><gpxtpx:hr>174</gpxtpx:hr><gpxtpx:cad>88</gpxtpx:cad></gpxtpx:TrackPointExtension></extensions></trkpt><trkpt lat="35.95456546" lon="120.20813694"><ele>-36.11000061035156</ele><time>2022-05-22T21:49:00Z</time><extensions><gpxtpx:TrackPointExtension><gpxtpx:hr>175</gpxtpx:hr><gpxtpx:cad>88</gpxtpx:cad></gpxtpx:TrackPointExtension></extensions></trkpt><trkpt lat="35.95454246" lon="120.2081446"><ele>-36.11000061035156</ele><time>2022-05-22T21:49:01Z</time><extensions><gpxtpx:TrackPointExtension><gpxtpx:hr>175</gpxtpx:hr><gpxtpx:cad>87</gpxtpx:cad></gpxtpx:TrackPointExtension></extensions></trkpt><trkpt lat="35.9545188" lon="120.20815293"><ele>-36.11000061035156</ele><time>2022-05-22T21:49:02Z</time><extensions><gpxtpx:TrackPointExtension><gpxtpx:hr>175</gpxtpx:hr><gpxtpx:cad>88</gpxtpx:cad></gpxtpx:TrackPointExtension></extensions></trkpt><trkpt lat="35.95449581" lon="120.20816059"><ele>-36.130001068115234</ele><time>2022-05-22T21:49:03Z</time><extensions><gpxtpx:TrackPointExtension><gpxtpx:hr>175</gpxtpx:hr><gpxtpx:cad>88</gpxtpx:cad></gpxtpx:TrackPointExtension></extensions></trkpt><trkpt lat="35.95447315" lon="120.20816858"><ele>-36.150001525878906</ele><time>2022-05-22T21:49:04Z</time><extensions><gpxtpx:TrackPointExtension><gpxtpx:hr>175</gpxtpx:hr><gpxtpx:cad>88</gpxtpx:cad></gpxtpx:TrackPointExtension></extensions></trkpt><trkpt lat="35.95445215" lon="120.20817791"><ele>-36.20000076293945</ele><time>2022-05-22T21:49:05Z</time><extensions><gpxtpx:TrackPointExtension><gpxtpx:hr>175</gpxtpx:hr><gpxtpx:cad>86</gpxtpx:cad></gpxtpx:TrackPointExtension></extensions></trkpt><trkpt lat="35.95443116" lon="120.2081879"><ele>-36.25</ele><time>2022-05-22T21:49:06Z</time><extensions><gpxtpx:TrackPointExtension><gpxtpx:hr>175</gpxtpx:hr><gpxtpx:cad>87</gpxtpx:cad></gpxtpx:TrackPointExtension></extensions></trkpt><trkpt lat="35.95441117" lon="120.2081979"><ele>-36.290000915527344</ele><time>2022-05-22T21:49:07Z</time><extensions><gpxtpx:TrackPointExtension><gpxtpx:hr>176</gpxtpx:hr><gpxtpx:cad>88</gpxtpx:cad></gpxtpx:TrackPointExtension></extensions></trkpt><trkpt lat="35.95439184" lon="120.2082089"><ele>-36.310001373291016</ele><time>2022-05-22T21:49:08Z</time><extensions><gpxtpx:TrackPointExtension><gpxtpx:hr>176</gpxtpx:hr><gpxtpx:cad>88</gpxtpx:cad></gpxtpx:TrackPointExtension></extensions></trkpt><trkpt lat="35.95437284" lon="120.20822023"><ele>-36.34000015258789</ele><time>2022-05-22T21:49:09Z</time><extensions><gpxtpx:TrackPointExtension><gpxtpx:hr>176</gpxtpx:hr><gpxtpx:cad>89</gpxtpx:cad></gpxtpx:TrackPointExtension></extensions></trkpt><trkpt lat="35.95435351" lon="120.20823389"><ele>-36.400001525878906</ele><time>2022-05-22T21:49:10Z</time><extensions><gpxtpx:TrackPointExtension><gpxtpx:hr>175</gpxtpx:hr><gpxtpx:cad>89</gpxtpx:cad></gpxtpx:TrackPointExtension></extensions></trkpt><trkpt lat="35.95433285" lon="120.20824888"><ele>-36.540000915527344</ele><time>2022-05-22T21:49:11Z</time><extensions><gpxtpx:TrackPointExtension><gpxtpx:hr>175</gpxtpx:hr><gpxtpx:cad>89</gpxtpx:cad></gpxtpx:TrackPointExtension></extensions></trkpt><trkpt lat="35.95431352" lon="120.20826121"><ele>-36.560001373291016</ele><time>2022-05-22T21:49:12Z</time><extensions><gpxtpx:TrackPointExtension><gpxtpx:hr>174</gpxtpx:hr><gpxtpx:cad>88</gpxtpx:cad></gpxtpx:TrackPointExtension></extensions></trkpt><trkpt lat="35.95429386" lon="120.20827354"><ele>-36.720001220703125</ele><time>2022-05-22T21:49:13Z</time><extensions><gpxtpx:TrackPointExtension><gpxtpx:hr>174</gpxtpx:hr><gpxtpx:cad>88</gpxtpx:cad></gpxtpx:TrackPointExtension></extensions></trkpt><trkpt lat="35.95427453" lon="120.20828387"><ele>-36.7400016784668</ele><time>2022-05-22T21:49:14Z</time><extensions><gpxtpx:TrackPointExtension><gpxtpx:hr>174</gpxtpx:hr><gpxtpx:cad>88</gpxtpx:cad></gpxtpx:TrackPointExtension></extensions></trkpt><trkpt lat="35.9542552" lon="120.20829386"><ele>-36.84000015258789</ele><time>2022-05-22T21:49:15Z</time><extensions><gpxtpx:TrackPointExtension><gpxtpx:hr>175</gpxtpx:hr><gpxtpx:cad>88</gpxtpx:cad></gpxtpx:TrackPointExtension></extensions></trkpt><trkpt lat="35.95423621" lon="120.20830486"><ele>-36.900001525878906</ele><time>2022-05-22T21:49:16Z</time><extensions><gpxtpx:TrackPointExtension><gpxtpx:hr>176</gpxtpx:hr><gpxtpx:cad>88</gpxtpx:cad></gpxtpx:TrackPointExtension></extensions></trkpt><trkpt lat="35.95421788" lon="120.20831685"><ele>-36.970001220703125</ele><time>2022-05-22T21:49:17Z</time><extensions><gpxtpx:TrackPointExtension><gpxtpx:hr>177</gpxtpx:hr><gpxtpx:cad>88</gpxtpx:cad></gpxtpx:TrackPointExtension></extensions></trkpt><trkpt lat="35.95420022" lon="120.20833085"><ele>-37.02000045776367</ele><time>2022-05-22T21:49:18Z</time><extensions><gpxtpx:TrackPointExtension><gpxtpx:hr>178</gpxtpx:hr><gpxtpx:cad>88</gpxtpx:cad></gpxtpx:TrackPointExtension></extensions></trkpt><trkpt lat="35.95418222" lon="120.20834551"><ele>-37.060001373291016</ele><time>2022-05-22T21:49:19Z</time><extensions><gpxtpx:TrackPointExtension><gpxtpx:hr>179</gpxtpx:hr><gpxtpx:cad>89</gpxtpx:cad></gpxtpx:TrackPointExtension></extensions></trkpt><trkpt lat="35.95416423" lon="120.20836117"><ele>-37.09000015258789</ele><time>2022-05-22T21:49:20Z</time><extensions><gpxtpx:TrackPointExtension><gpxtpx:hr>179</gpxtpx:hr><gpxtpx:cad>89</gpxtpx:cad></gpxtpx:TrackPointExtension></extensions></trkpt><trkpt lat="35.9541459" lon="120.20837816"><ele>-37.18000030517578</ele><time>2022-05-22T21:49:21Z</time><extensions><gpxtpx:TrackPointExtension><gpxtpx:hr>178</gpxtpx:hr><gpxtpx:cad>89</gpxtpx:cad></gpxtpx:TrackPointExtension></extensions></trkpt><trkpt lat="35.95412757" lon="120.20839615"><ele>-37.20000076293945</ele><time>2022-05-22T21:49:22Z</time><extensions><gpxtpx:TrackPointExtension><gpxtpx:hr>178</gpxtpx:hr><gpxtpx:cad>89</gpxtpx:cad></gpxtpx:TrackPointExtension></extensions></trkpt><trkpt lat="35.95410891" lon="120.20841548"><ele>-37.290000915527344</ele><time>2022-05-22T21:49:23Z</time><extensions><gpxtpx:TrackPointExtension><gpxtpx:hr>178</gpxtpx:hr><gpxtpx:cad>89</gpxtpx:cad></gpxtpx:TrackPointExtension></extensions></trkpt><trkpt lat="35.95408925" lon="120.20843581"><ele>-37.310001373291016</ele><time>2022-05-22T21:49:24Z</time><extensions><gpxtpx:TrackPointExtension><gpxtpx:hr>178</gpxtpx:hr><gpxtpx:cad>89</gpxtpx:cad></gpxtpx:TrackPointExtension></extensions></trkpt><trkpt lat="35.95406992" lon="120.2084568"><ele>-37.33000183105469</ele><time>2022-05-22T21:49:25Z</time><extensions><gpxtpx:TrackPointExtension><gpxtpx:hr>177</gpxtpx:hr><gpxtpx:cad>89</gpxtpx:cad></gpxtpx:TrackPointExtension></extensions></trkpt><trkpt lat="35.95405092" lon="120.20847746"><ele>-37.34000015258789</ele><time>2022-05-22T21:49:26Z</time><extensions><gpxtpx:TrackPointExtension><gpxtpx:hr>177</gpxtpx:hr><gpxtpx:cad>89</gpxtpx:cad></gpxtpx:TrackPointExtension></extensions></trkpt><trkpt lat="35.95403192" lon="120.20849846"><ele>-37.400001525878906</ele><time>2022-05-22T21:49:27Z</time><extensions><gpxtpx:TrackPointExtension><gpxtpx:hr>177</gpxtpx:hr><gpxtpx:cad>89</gpxtpx:cad></gpxtpx:TrackPointExtension></extensions></trkpt><trkpt lat="35.95401326" lon="120.20851979"><ele>-37.43000030517578</ele><time>2022-05-22T21:49:28Z</time><extensions><gpxtpx:TrackPointExtension><gpxtpx:hr>177</gpxtpx:hr><gpxtpx:cad>89</gpxtpx:cad></gpxtpx:TrackPointExtension></extensions></trkpt><trkpt lat="35.9539956" lon="120.20854112"><ele>-37.470001220703125</ele><time>2022-05-22T21:49:29Z</time><extensions><gpxtpx:TrackPointExtension><gpxtpx:hr>177</gpxtpx:hr><gpxtpx:cad>89</gpxtpx:cad></gpxtpx:TrackPointExtension></extensions></trkpt><trkpt lat="35.95397861" lon="120.20856045"><ele>-37.540000915527344</ele><time>2022-05-22T21:49:30Z</time><extensions><gpxtpx:TrackPointExtension><gpxtpx:hr>177</gpxtpx:hr><gpxtpx:cad>89</gpxtpx:cad></gpxtpx:TrackPointExtension></extensions></trkpt><trkpt lat="35.95396162" lon="120.20857978"><ele>-37.630001068115234</ele><time>2022-05-22T21:49:31Z</time><extensions><gpxtpx:TrackPointExtension><gpxtpx:hr>177</gpxtpx:hr><gpxtpx:cad>89</gpxtpx:cad></gpxtpx:TrackPointExtension></extensions></trkpt><trkpt lat="35.95394429" lon="120.20860078"><ele>-37.650001525878906</ele><time>2022-05-22T21:49:32Z</time><extensions><gpxtpx:TrackPointExtension><gpxtpx:hr>177</gpxtpx:hr><gpxtpx:cad>89</gpxtpx:cad></gpxtpx:TrackPointExtension></extensions></trkpt><trkpt lat="35.95392763" lon="120.20862344"><ele>-37.790000915527344</ele><time>2022-05-22T21:49:33Z</time><extensions><gpxtpx:TrackPointExtension><gpxtpx:hr>177</gpxtpx:hr></gpxtpx:TrackPointExtension></extensions></trkpt><trkpt lat="35.95391097" lon="120.20864843"><ele>-37.790000915527344</ele><time>2022-05-22T21:49:34Z</time><extensions><gpxtpx:TrackPointExtension><gpxtpx:hr>178</gpxtpx:hr><gpxtpx:cad>89</gpxtpx:cad></gpxtpx:TrackPointExtension></extensions></trkpt><trkpt lat="35.95389564" lon="120.20867476"><ele>-37.970001220703125</ele><time>2022-05-22T21:49:35Z</time><extensions><gpxtpx:TrackPointExtension><gpxtpx:hr>178</gpxtpx:hr><gpxtpx:cad>89</gpxtpx:cad></gpxtpx:TrackPointExtension></extensions></trkpt><trkpt lat="35.95387998" lon="120.20869942"><ele>-38.040000915527344</ele><time>2022-05-22T21:49:36Z</time><extensions><gpxtpx:TrackPointExtension><gpxtpx:hr>178</gpxtpx:hr><gpxtpx:cad>89</gpxtpx:cad></gpxtpx:TrackPointExtension></extensions></trkpt><trkpt lat="35.95386499" lon="120.20872342"><ele>-38.11000061035156</ele><time>2022-05-22T21:49:37Z</time><extensions><gpxtpx:TrackPointExtension><gpxtpx:hr>178</gpxtpx:hr></gpxtpx:TrackPointExtension></extensions></trkpt><trkpt lat="35.95385099" lon="120.20874708"><ele>-38.18000030517578</ele><time>2022-05-22T21:49:38Z</time><extensions><gpxtpx:TrackPointExtension><gpxtpx:hr>179</gpxtpx:hr><gpxtpx:cad>89</gpxtpx:cad></gpxtpx:TrackPointExtension></extensions></trkpt><trkpt lat="35.95383766" lon="120.20877074"><ele>-38.220001220703125</ele><time>2022-05-22T21:49:39Z</time><extensions><gpxtpx:TrackPointExtension><gpxtpx:hr>179</gpxtpx:hr><gpxtpx:cad>89</gpxtpx:cad></gpxtpx:TrackPointExtension></extensions></trkpt><trkpt lat="35.95382466" lon="120.2087944"><ele>-38.27000045776367</ele><time>2022-05-22T21:49:40Z</time><extensions><gpxtpx:TrackPointExtension><gpxtpx:hr>178</gpxtpx:hr><gpxtpx:cad>89</gpxtpx:cad></gpxtpx:TrackPointExtension></extensions></trkpt><trkpt lat="35.953812" lon="120.20881806"><ele>-38.34000015258789</ele><time>2022-05-22T21:49:41Z</time><extensions><gpxtpx:TrackPointExtension><gpxtpx:hr>178</gpxtpx:hr><gpxtpx:cad>89</gpxtpx:cad></gpxtpx:TrackPointExtension></extensions></trkpt><trkpt lat="35.95379834" lon="120.20884039"><ele>-38.36000061035156</ele><time>2022-05-22T21:49:42Z</time><extensions><gpxtpx:TrackPointExtension><gpxtpx:hr>177</gpxtpx:hr><gpxtpx:cad>89</gpxtpx:cad></gpxtpx:TrackPointExtension></extensions></trkpt><trkpt lat="35.95378501" lon="120.20886272"><ele>-38.36000061035156</ele><time>2022-05-22T21:49:43Z</time><extensions><gpxtpx:TrackPointExtension><gpxtpx:hr>177</gpxtpx:hr><gpxtpx:cad>90</gpxtpx:cad></gpxtpx:TrackPointExtension></extensions></trkpt><trkpt lat="35.95377202" lon="120.20888472"><ele>-38.36000061035156</ele><time>2022-05-22T21:49:44Z</time><extensions><gpxtpx:TrackPointExtension><gpxtpx:hr>177</gpxtpx:hr><gpxtpx:cad>89</gpxtpx:cad></gpxtpx:TrackPointExtension></extensions></trkpt><trkpt lat="35.95375936" lon="120.20890538"><ele>-38.34000015258789</ele><time>2022-05-22T21:49:45Z</time><extensions><gpxtpx:TrackPointExtension><gpxtpx:hr>176</gpxtpx:hr><gpxtpx:cad>89</gpxtpx:cad></gpxtpx:TrackPointExtension></extensions></trkpt><trkpt lat="35.9537477" lon="120.20892604"><ele>-38.34000015258789</ele><time>2022-05-22T21:49:46Z</time><extensions><gpxtpx:TrackPointExtension><gpxtpx:hr>176</gpxtpx:hr><gpxtpx:cad>89</gpxtpx:cad></gpxtpx:TrackPointExtension></extensions></trkpt><trkpt lat="35.9537367" lon="120.20894737"><ele>-38.380001068115234</ele><time>2022-05-22T21:49:47Z</time><extensions><gpxtpx:TrackPointExtension><gpxtpx:hr>176</gpxtpx:hr><gpxtpx:cad>88</gpxtpx:cad></gpxtpx:TrackPointExtension></extensions></trkpt><trkpt lat="35.95372471" lon="120.2089697"><ele>-38.400001525878906</ele><time>2022-05-22T21:49:48Z</time><extensions><gpxtpx:TrackPointExtension><gpxtpx:hr>175</gpxtpx:hr><gpxtpx:cad>88</gpxtpx:cad></gpxtpx:TrackPointExtension></extensions></trkpt><trkpt lat="35.95371238" lon="120.20899303"><ele>-38.45000076293945</ele><time>2022-05-22T21:49:49Z</time><extensions><gpxtpx:TrackPointExtension><gpxtpx:hr>175</gpxtpx:hr><gpxtpx:cad>89</gpxtpx:cad></gpxtpx:TrackPointExtension></extensions></trkpt><trkpt lat="35.95369939" lon="120.20901769"><ele>-38.4900016784668</ele><time>2022-05-22T21:49:50Z</time><extensions><gpxtpx:TrackPointExtension><gpxtpx:hr>175</gpxtpx:hr><gpxtpx:cad>89</gpxtpx:cad></gpxtpx:TrackPointExtension></extensions></trkpt><trkpt lat="35.95368606" lon="120.20904302"><ele>-38.52000045776367</ele><time>2022-05-22T21:49:51Z</time><extensions><gpxtpx:TrackPointExtension><gpxtpx:hr>175</gpxtpx:hr><gpxtpx:cad>89</gpxtpx:cad></gpxtpx:TrackPointExtension></extensions></trkpt><trkpt lat="35.9536734" lon="120.20906868"><ele>-38.540000915527344</ele><time>2022-05-22T21:49:52Z</time><extensions><gpxtpx:TrackPointExtension><gpxtpx:hr>175</gpxtpx:hr><gpxtpx:cad>89</gpxtpx:cad></gpxtpx:TrackPointExtension></extensions></trkpt><trkpt lat="35.9536614" lon="120.20909434"><ele>-38.560001373291016</ele><time>2022-05-22T21:49:53Z</time><extensions><gpxtpx:TrackPointExtension><gpxtpx:hr>175</gpxtpx:hr><gpxtpx:cad>90</gpxtpx:cad></gpxtpx:TrackPointExtension></extensions></trkpt><trkpt lat="35.95364974" lon="120.20911833"><ele>-38.52000045776367</ele><time>2022-05-22T21:49:54Z</time><extensions><gpxtpx:TrackPointExtension><gpxtpx:hr>175</gpxtpx:hr><gpxtpx:cad>90</gpxtpx:cad></gpxtpx:TrackPointExtension></extensions></trkpt><trkpt lat="35.95363808" lon="120.20914232"><ele>-38.4900016784668</ele><time>2022-05-22T21:49:55Z</time><extensions><gpxtpx:TrackPointExtension><gpxtpx:hr>175</gpxtpx:hr><gpxtpx:cad>89</gpxtpx:cad></gpxtpx:TrackPointExtension></extensions></trkpt><trkpt lat="35.95362542" lon="120.20916665"><ele>-38.45000076293945</ele><time>2022-05-22T21:49:56Z</time><extensions><gpxtpx:TrackPointExtension><gpxtpx:hr>175</gpxtpx:hr><gpxtpx:cad>89</gpxtpx:cad></gpxtpx:TrackPointExtension></extensions></trkpt><trkpt lat="35.95361309" lon="120.20919131"><ele>-38.43000030517578</ele><time>2022-05-22T21:49:57Z</time><extensions><gpxtpx:TrackPointExtension><gpxtpx:hr>174</gpxtpx:hr><gpxtpx:cad>89</gpxtpx:cad></gpxtpx:TrackPointExtension></extensions></trkpt><trkpt lat="35.95359976" lon="120.20921464"><ele>-38.400001525878906</ele><time>2022-05-22T21:49:58Z</time><extensions><gpxtpx:TrackPointExtension><gpxtpx:hr>174</gpxtpx:hr><gpxtpx:cad>89</gpxtpx:cad></gpxtpx:TrackPointExtension></extensions></trkpt><trkpt lat="35.9535861" lon="120.2092383"><ele>-38.380001068115234</ele><time>2022-05-22T21:49:59Z</time><extensions><gpxtpx:TrackPointExtension><gpxtpx:hr>174</gpxtpx:hr><gpxtpx:cad>89</gpxtpx:cad></gpxtpx:TrackPointExtension></extensions></trkpt><trkpt lat="35.95357344" lon="120.20926229"><ele>-38.36000061035156</ele><time>2022-05-22T21:50:00Z</time><extensions><gpxtpx:TrackPointExtension><gpxtpx:hr>174</gpxtpx:hr><gpxtpx:cad>89</gpxtpx:cad></gpxtpx:TrackPointExtension></extensions></trkpt><trkpt lat="35.95356145" lon="120.20928662"><ele>-38.36000061035156</ele><time>2022-05-22T21:50:01Z</time><extensions><gpxtpx:TrackPointExtension><gpxtpx:hr>173</gpxtpx:hr><gpxtpx:cad>90</gpxtpx:cad></gpxtpx:TrackPointExtension></extensions></trkpt><trkpt lat="35.95354979" lon="120.20931095"><ele>-38.36000061035156</ele><time>2022-05-22T21:50:02Z</time><extensions><gpxtpx:TrackPointExtension><gpxtpx:hr>173</gpxtpx:hr><gpxtpx:cad>90</gpxtpx:cad></gpxtpx:TrackPointExtension></extensions></trkpt><trkpt lat="35.95353846" lon="120.20933361"><ele>-38.34000015258789</ele><time>2022-05-22T21:50:03Z</time><extensions><gpxtpx:TrackPointExtension><gpxtpx:hr>173</gpxtpx:hr><gpxtpx:cad>89</gpxtpx:cad></gpxtpx:TrackPointExtension></extensions></trkpt><trkpt lat="35.95352813" lon="120.20935361"><ele>-38.34000015258789</ele><time>2022-05-22T21:50:04Z</time><extensions><gpxtpx:TrackPointExtension><gpxtpx:hr>172</gpxtpx:hr><gpxtpx:cad>89</gpxtpx:cad></gpxtpx:TrackPointExtension></extensions></trkpt><trkpt lat="35.95351847" lon="120.20937327"><ele>-38.34000015258789</ele><time>2022-05-22T21:50:05Z</time><extensions><gpxtpx:TrackPointExtension><gpxtpx:hr>172</gpxtpx:hr><gpxtpx:cad>89</gpxtpx:cad></gpxtpx:TrackPointExtension></extensions></trkpt><trkpt lat="35.95350981" lon="120.2093916"><ele>-38.36000061035156</ele><time>2022-05-22T21:50:06Z</time><extensions><gpxtpx:TrackPointExtension><gpxtpx:hr>172</gpxtpx:hr><gpxtpx:cad>89</gpxtpx:cad></gpxtpx:TrackPointExtension></extensions></trkpt><trkpt lat="35.95350215" lon="120.2094096"><ele>-38.40999984741211</ele><time>2022-05-22T21:50:07Z</time><extensions><gpxtpx:TrackPointExtension><gpxtpx:hr>172</gpxtpx:hr><gpxtpx:cad>89</gpxtpx:cad></gpxtpx:TrackPointExtension></extensions></trkpt><trkpt lat="35.95349449" lon="120.20942726"><ele>-38.4900016784668</ele><time>2022-05-22T21:50:08Z</time><extensions><gpxtpx:TrackPointExtension><gpxtpx:hr>172</gpxtpx:hr><gpxtpx:cad>89</gpxtpx:cad></gpxtpx:TrackPointExtension></extensions></trkpt><trkpt lat="35.9534875" lon="120.20944326"><ele>-38.540000915527344</ele><time>2022-05-22T21:50:09Z</time><extensions><gpxtpx:TrackPointExtension><gpxtpx:hr>172</gpxtpx:hr><gpxtpx:cad>89</gpxtpx:cad></gpxtpx:TrackPointExtension></extensions></trkpt><trkpt lat="35.9534815" lon="120.20945859"><ele>-38.59000015258789</ele><time>2022-05-22T21:50:10Z</time><extensions><gpxtpx:TrackPointExtension><gpxtpx:hr>172</gpxtpx:hr><gpxtpx:cad>89</gpxtpx:cad></gpxtpx:TrackPointExtension></extensions></trkpt><trkpt lat="35.95347451" lon="120.20947425"><ele>-38.650001525878906</ele><time>2022-05-22T21:50:11Z</time><extensions><gpxtpx:TrackPointExtension><gpxtpx:hr>172</gpxtpx:hr><gpxtpx:cad>89</gpxtpx:cad></gpxtpx:TrackPointExtension></extensions></trkpt><trkpt lat="35.95346785" lon="120.20948958"><ele>-38.70000076293945</ele><time>2022-05-22T21:50:12Z</time><extensions><gpxtpx:TrackPointExtension><gpxtpx:hr>172</gpxtpx:hr><gpxtpx:cad>89</gpxtpx:cad></gpxtpx:TrackPointExtension></extensions></trkpt><trkpt lat="35.95346119" lon="120.20950491"><ele>-38.75</ele><time>2022-05-22T21:50:13Z</time><extensions><gpxtpx:TrackPointExtension><gpxtpx:hr>172</gpxtpx:hr><gpxtpx:cad>89</gpxtpx:cad></gpxtpx:TrackPointExtension></extensions></trkpt><trkpt lat="35.95345553" lon="120.20952024"><ele>-38.790000915527344</ele><time>2022-05-22T21:50:14Z</time><extensions><gpxtpx:TrackPointExtension><gpxtpx:hr>172</gpxtpx:hr><gpxtpx:cad>89</gpxtpx:cad></gpxtpx:TrackPointExtension></extensions></trkpt><trkpt lat="35.9534502" lon="120.2095359"><ele>-38.84000015258789</ele><time>2022-05-22T21:50:15Z</time><extensions><gpxtpx:TrackPointExtension><gpxtpx:hr>172</gpxtpx:hr><gpxtpx:cad>89</gpxtpx:cad></gpxtpx:TrackPointExtension></extensions></trkpt><trkpt lat="35.95344487" lon="120.2095519"><ele>-38.880001068115234</ele><time>2022-05-22T21:50:16Z</time><extensions><gpxtpx:TrackPointExtension><gpxtpx:hr>172</gpxtpx:hr><gpxtpx:cad>89</gpxtpx:cad></gpxtpx:TrackPointExtension></extensions></trkpt><trkpt lat="35.95343888" lon="120.20956756"><ele>-38.90999984741211</ele><time>2022-05-22T21:50:17Z</time><extensions><gpxtpx:TrackPointExtension><gpxtpx:hr>172</gpxtpx:hr><gpxtpx:cad>89</gpxtpx:cad></gpxtpx:TrackPointExtension></extensions></trkpt><trkpt lat="35.95343355" lon="120.20958389"><ele>-38.95000076293945</ele><time>2022-05-22T21:50:18Z</time><extensions><gpxtpx:TrackPointExtension><gpxtpx:hr>172</gpxtpx:hr><gpxtpx:cad>62</gpxtpx:cad></gpxtpx:TrackPointExtension></extensions></trkpt><trkpt lat="35.95342722" lon="120.20959955"><ele>-38.95000076293945</ele><time>2022-05-22T21:50:19Z</time><extensions><gpxtpx:TrackPointExtension><gpxtpx:hr>171</gpxtpx:hr><gpxtpx:cad>62</gpxtpx:cad></gpxtpx:TrackPointExtension></extensions></trkpt><trkpt lat="35.95342023" lon="120.20961555"><ele>-38.970001220703125</ele><time>2022-05-22T21:50:20Z</time><extensions><gpxtpx:TrackPointExtension><gpxtpx:hr>171</gpxtpx:hr><gpxtpx:cad>62</gpxtpx:cad></gpxtpx:TrackPointExtension></extensions></trkpt><trkpt lat="35.95341257" lon="120.20963155"><ele>-38.970001220703125</ele><time>2022-05-22T21:50:21Z</time><extensions><gpxtpx:TrackPointExtension><gpxtpx:hr>170</gpxtpx:hr><gpxtpx:cad>62</gpxtpx:cad></gpxtpx:TrackPointExtension></extensions></trkpt><trkpt lat="35.95340424" lon="120.20964788"><ele>-38.95000076293945</ele><time>2022-05-22T21:50:22Z</time><extensions><gpxtpx:TrackPointExtension><gpxtpx:hr>170</gpxtpx:hr><gpxtpx:cad>64</gpxtpx:cad></gpxtpx:TrackPointExtension></extensions></trkpt><trkpt lat="35.95339591" lon="120.20966421"><ele>-38.93000030517578</ele><time>2022-05-22T21:50:23Z</time><extensions><gpxtpx:TrackPointExtension><gpxtpx:hr>170</gpxtpx:hr><gpxtpx:cad>62</gpxtpx:cad></gpxtpx:TrackPointExtension></extensions></trkpt><trkpt lat="35.95338825" lon="120.2096812"><ele>-38.880001068115234</ele><time>2022-05-22T21:50:24Z</time><extensions><gpxtpx:TrackPointExtension><gpxtpx:hr>171</gpxtpx:hr><gpxtpx:cad>63</gpxtpx:cad></gpxtpx:TrackPointExtension></extensions></trkpt><trkpt lat="35.95338025" lon="120.20969819"><ele>-38.83000183105469</ele><time>2022-05-22T21:50:25Z</time><extensions><gpxtpx:TrackPointExtension><gpxtpx:hr>171</gpxtpx:hr><gpxtpx:cad>63</gpxtpx:cad></gpxtpx:TrackPointExtension></extensions></trkpt><trkpt lat="35.95337226" lon="120.20971419"><ele>-38.790000915527344</ele><time>2022-05-22T21:50:26Z</time><extensions><gpxtpx:TrackPointExtension><gpxtpx:hr>171</gpxtpx:hr><gpxtpx:cad>67</gpxtpx:cad></gpxtpx:TrackPointExtension></extensions></trkpt><trkpt lat="35.95336293" lon="120.20972952"><ele>-38.810001373291016</ele><time>2022-05-22T21:50:27Z</time><extensions><gpxtpx:TrackPointExtension><gpxtpx:hr>170</gpxtpx:hr><gpxtpx:cad>67</gpxtpx:cad></gpxtpx:TrackPointExtension></extensions></trkpt><trkpt lat="35.95335294" lon="120.20974385"><ele>-38.83000183105469</ele><time>2022-05-22T21:50:28Z</time><extensions><gpxtpx:TrackPointExtension><gpxtpx:hr>170</gpxtpx:hr><gpxtpx:cad>67</gpxtpx:cad></gpxtpx:TrackPointExtension></extensions></trkpt><trkpt lat="35.95334294" lon="120.20975951"><ele>-38.84000015258789</ele><time>2022-05-22T21:50:29Z</time><extensions><gpxtpx:TrackPointExtension><gpxtpx:hr>170</gpxtpx:hr><gpxtpx:cad>67</gpxtpx:cad></gpxtpx:TrackPointExtension></extensions></trkpt><trkpt lat="35.95333228" lon="120.2097765"><ele>-38.86000061035156</ele><time>2022-05-22T21:50:30Z</time><extensions><gpxtpx:TrackPointExtension><gpxtpx:hr>171</gpxtpx:hr><gpxtpx:cad>67</gpxtpx:cad></gpxtpx:TrackPointExtension></extensions></trkpt><trkpt lat="35.95332095" lon="120.20979383"><ele>-38.86000061035156</ele><time>2022-05-22T21:50:31Z</time><extensions><gpxtpx:TrackPointExtension><gpxtpx:hr>171</gpxtpx:hr><gpxtpx:cad>67</gpxtpx:cad></gpxtpx:TrackPointExtension></extensions></trkpt><trkpt lat="35.95330896" lon="120.20981249"><ele>-38.84000015258789</ele><time>2022-05-22T21:50:32Z</time><extensions><gpxtpx:TrackPointExtension><gpxtpx:hr>173</gpxtpx:hr><gpxtpx:cad>67</gpxtpx:cad></gpxtpx:TrackPointExtension></extensions></trkpt><trkpt lat="35.95329596" lon="120.20983249"><ele>-38.810001373291016</ele><time>2022-05-22T21:50:33Z</time><extensions><gpxtpx:TrackPointExtension><gpxtpx:hr>176</gpxtpx:hr><gpxtpx:cad>67</gpxtpx:cad></gpxtpx:TrackPointExtension></extensions></trkpt><trkpt lat="35.9532823" lon="120.20985282"><ele>-38.810001373291016</ele><time>2022-05-22T21:50:34Z</time><extensions><gpxtpx:TrackPointExtension><gpxtpx:hr>177</gpxtpx:hr><gpxtpx:cad>67</gpxtpx:cad></gpxtpx:TrackPointExtension></extensions></trkpt><trkpt lat="35.95326764" lon="120.20987315"><ele>-38.810001373291016</ele><time>2022-05-22T21:50:35Z</time><extensions><gpxtpx:TrackPointExtension><gpxtpx:hr>178</gpxtpx:hr><gpxtpx:cad>67</gpxtpx:cad></gpxtpx:TrackPointExtension></extensions></trkpt><trkpt lat="35.95325231" lon="120.20989448"><ele>-38.83000183105469</ele><time>2022-05-22T21:50:36Z</time><extensions><gpxtpx:TrackPointExtension><gpxtpx:hr>179</gpxtpx:hr><gpxtpx:cad>67</gpxtpx:cad></gpxtpx:TrackPointExtension></extensions></trkpt><trkpt lat="35.95323598" lon="120.20991681"><ele>-38.86000061035156</ele><time>2022-05-22T21:50:37Z</time><extensions><gpxtpx:TrackPointExtension><gpxtpx:hr>179</gpxtpx:hr><gpxtpx:cad>67</gpxtpx:cad></gpxtpx:TrackPointExtension></extensions></trkpt><trkpt lat="35.95321932" lon="120.20994014"><ele>-38.900001525878906</ele><time>2022-05-22T21:50:38Z</time><extensions><gpxtpx:TrackPointExtension><gpxtpx:hr>179</gpxtpx:hr><gpxtpx:cad>67</gpxtpx:cad></gpxtpx:TrackPointExtension></extensions></trkpt><trkpt lat="35.95320233" lon="120.20996513"><ele>-38.93000030517578</ele><time>2022-05-22T21:50:39Z</time><extensions><gpxtpx:TrackPointExtension><gpxtpx:hr>179</gpxtpx:hr><gpxtpx:cad>67</gpxtpx:cad></gpxtpx:TrackPointExtension></extensions></trkpt><trkpt lat="35.953186" lon="120.20998779"><ele>-38.970001220703125</ele><time>2022-05-22T21:50:40Z</time><extensions><gpxtpx:TrackPointExtension><gpxtpx:hr>179</gpxtpx:hr><gpxtpx:cad>89</gpxtpx:cad></gpxtpx:TrackPointExtension></extensions></trkpt><trkpt lat="35.95317001" lon="120.21001045"><ele>-39.0</ele><time>2022-05-22T21:50:41Z</time><extensions><gpxtpx:TrackPointExtension><gpxtpx:hr>179</gpxtpx:hr><gpxtpx:cad>89</gpxtpx:cad></gpxtpx:TrackPointExtension></extensions></trkpt><trkpt lat="35.95315401" lon="120.21003311"><ele>-39.02000045776367</ele><time>2022-05-22T21:50:42Z</time><extensions><gpxtpx:TrackPointExtension><gpxtpx:hr>179</gpxtpx:hr><gpxtpx:cad>90</gpxtpx:cad></gpxtpx:TrackPointExtension></extensions></trkpt><trkpt lat="35.95313835" lon="120.21005544"><ele>-39.060001373291016</ele><time>2022-05-22T21:50:43Z</time><extensions><gpxtpx:TrackPointExtension><gpxtpx:hr>179</gpxtpx:hr><gpxtpx:cad>89</gpxtpx:cad></gpxtpx:TrackPointExtension></extensions></trkpt><trkpt lat="35.95312202" lon="120.21007744"><ele>-39.060001373291016</ele><time>2022-05-22T21:50:44Z</time><extensions><gpxtpx:TrackPointExtension><gpxtpx:hr>177</gpxtpx:hr><gpxtpx:cad>89</gpxtpx:cad></gpxtpx:TrackPointExtension></extensions></trkpt><trkpt lat="35.95310602" lon="120.2100971"><ele>-39.09000015258789</ele><time>2022-05-22T21:50:45Z</time><extensions><gpxtpx:TrackPointExtension><gpxtpx:hr>176</gpxtpx:hr><gpxtpx:cad>89</gpxtpx:cad></gpxtpx:TrackPointExtension></extensions></trkpt><trkpt lat="35.95308936" lon="120.21011709"><ele>-39.09000015258789</ele><time>2022-05-22T21:50:46Z</time><extensions><gpxtpx:TrackPointExtension><gpxtpx:hr>175</gpxtpx:hr><gpxtpx:cad>89</gpxtpx:cad></gpxtpx:TrackPointExtension></extensions></trkpt><trkpt lat="35.95307237" lon="120.21013809"><ele>-39.130001068115234</ele><time>2022-05-22T21:50:47Z</time><extensions><gpxtpx:TrackPointExtension><gpxtpx:hr>174</gpxtpx:hr><gpxtpx:cad>90</gpxtpx:cad></gpxtpx:TrackPointExtension></extensions></trkpt><trkpt lat="35.95305438" lon="120.21015942"><ele>-39.130001068115234</ele><time>2022-05-22T21:50:48Z</time><extensions><gpxtpx:TrackPointExtension><gpxtpx:hr>175</gpxtpx:hr><gpxtpx:cad>90</gpxtpx:cad></gpxtpx:TrackPointExtension></extensions></trkpt><trkpt lat="35.95303572" lon="120.21017975"><ele>-39.130001068115234</ele><time>2022-05-22T21:50:49Z</time><extensions><gpxtpx:TrackPointExtension><gpxtpx:hr>175</gpxtpx:hr><gpxtpx:cad>90</gpxtpx:cad></gpxtpx:TrackPointExtension></extensions></trkpt><trkpt lat="35.95301672" lon="120.21019941"><ele>-39.130001068115234</ele><time>2022-05-22T21:50:50Z</time><extensions><gpxtpx:TrackPointExtension><gpxtpx:hr>174</gpxtpx:hr><gpxtpx:cad>90</gpxtpx:cad></gpxtpx:TrackPointExtension></extensions></trkpt><trkpt lat="35.95299772" lon="120.2102184"><ele>-39.130001068115234</ele><time>2022-05-22T21:50:51Z</time><extensions><gpxtpx:TrackPointExtension><gpxtpx:hr>174</gpxtpx:hr><gpxtpx:cad>90</gpxtpx:cad></gpxtpx:TrackPointExtension></extensions></trkpt><trkpt lat="35.95297906" lon="120.2102374"><ele>-39.130001068115234</ele><time>2022-05-22T21:50:52Z</time><extensions><gpxtpx:TrackPointExtension><gpxtpx:hr>174</gpxtpx:hr><gpxtpx:cad>90</gpxtpx:cad></gpxtpx:TrackPointExtension></extensions></trkpt><trkpt lat="35.9529604" lon="120.21025606"><ele>-39.130001068115234</ele><time>2022-05-22T21:50:53Z</time><extensions><gpxtpx:TrackPointExtension><gpxtpx:hr>174</gpxtpx:hr><gpxtpx:cad>89</gpxtpx:cad></gpxtpx:TrackPointExtension></extensions></trkpt><trkpt lat="35.95294207" lon="120.21027472"><ele>-39.11000061035156</ele><time>2022-05-22T21:50:54Z</time><extensions><gpxtpx:TrackPointExtension><gpxtpx:hr>174</gpxtpx:hr><gpxtpx:cad>89</gpxtpx:cad></gpxtpx:TrackPointExtension></extensions></trkpt><trkpt lat="35.95292307" lon="120.21029271"><ele>-39.18000030517578</ele><time>2022-05-22T21:50:55Z</time><extensions><gpxtpx:TrackPointExtension><gpxtpx:hr>174</gpxtpx:hr><gpxtpx:cad>89</gpxtpx:cad></gpxtpx:TrackPointExtension></extensions></trkpt><trkpt lat="35.95290441" lon="120.21031037"><ele>-39.150001525878906</ele><time>2022-05-22T21:50:56Z</time><extensions><gpxtpx:TrackPointExtension><gpxtpx:hr>174</gpxtpx:hr><gpxtpx:cad>90</gpxtpx:cad></gpxtpx:TrackPointExtension></extensions></trkpt><trkpt lat="35.95288575" lon="120.21032736"><ele>-39.220001220703125</ele><time>2022-05-22T21:50:57Z</time><extensions><gpxtpx:TrackPointExtension><gpxtpx:hr>174</gpxtpx:hr><gpxtpx:cad>90</gpxtpx:cad></gpxtpx:TrackPointExtension></extensions></trkpt><trkpt lat="35.95286675" lon="120.21034335"><ele>-39.20000076293945</ele><time>2022-05-22T21:50:58Z</time><extensions><gpxtpx:TrackPointExtension><gpxtpx:hr>174</gpxtpx:hr><gpxtpx:cad>90</gpxtpx:cad></gpxtpx:TrackPointExtension></extensions></trkpt><trkpt lat="35.95284775" lon="120.21035868"><ele>-39.25</ele><time>2022-05-22T21:50:59Z</time><extensions><gpxtpx:TrackPointExtension><gpxtpx:hr>174</gpxtpx:hr><gpxtpx:cad>90</gpxtpx:cad></gpxtpx:TrackPointExtension></extensions></trkpt><trkpt lat="35.95282909" lon="120.21037368"><ele>-39.25</ele><time>2022-05-22T21:51:00Z</time><extensions><gpxtpx:TrackPointExtension><gpxtpx:hr>174</gpxtpx:hr><gpxtpx:cad>89</gpxtpx:cad></gpxtpx:TrackPointExtension></extensions></trkpt><trkpt lat="35.9528101" lon="120.21038801"><ele>-39.310001373291016</ele><time>2022-05-22T21:51:02Z</time><extensions><gpxtpx:TrackPointExtension><gpxtpx:hr>174</gpxtpx:hr><gpxtpx:cad>89</gpxtpx:cad></gpxtpx:TrackPointExtension></extensions></trkpt><trkpt lat="35.9527911" lon="120.21040134"><ele>-39.310001373291016</ele><time>2022-05-22T21:51:02Z</time><extensions><gpxtpx:TrackPointExtension><gpxtpx:hr>174</gpxtpx:hr><gpxtpx:cad>88</gpxtpx:cad></gpxtpx:TrackPointExtension></extensions></trkpt><trkpt lat="35.95277144" lon="120.210415"><ele>-39.290000915527344</ele><time>2022-05-22T21:51:03Z</time><extensions><gpxtpx:TrackPointExtension><gpxtpx:hr>174</gpxtpx:hr><gpxtpx:cad>88</gpxtpx:cad></gpxtpx:TrackPointExtension></extensions></trkpt><trkpt lat="35.95275045" lon="120.21043133"><ele>-39.33000183105469</ele><time>2022-05-22T21:51:04Z</time><extensions><gpxtpx:TrackPointExtension><gpxtpx:hr>174</gpxtpx:hr><gpxtpx:cad>89</gpxtpx:cad></gpxtpx:TrackPointExtension></extensions></trkpt><trkpt lat="35.95272712" lon="120.21044899"><ele>-39.380001068115234</ele><time>2022-05-22T21:51:05Z</time><extensions><gpxtpx:TrackPointExtension><gpxtpx:hr>173</gpxtpx:hr><gpxtpx:cad>89</gpxtpx:cad></gpxtpx:TrackPointExtension></extensions></trkpt><trkpt lat="35.95270379" lon="120.21046465"><ele>-39.380001068115234</ele><time>2022-05-22T21:51:08Z</time><extensions><gpxtpx:TrackPointExtension><gpxtpx:hr>172</gpxtpx:hr><gpxtpx:cad>89</gpxtpx:cad></gpxtpx:TrackPointExtension></extensions></trkpt><trkpt lat="35.95268046" lon="120.21047931"><ele>-39.380001068115234</ele><time>2022-05-22T21:51:08Z</time><extensions><gpxtpx:TrackPointExtension><gpxtpx:hr>172</gpxtpx:hr><gpxtpx:cad>89</gpxtpx:cad></gpxtpx:TrackPointExtension></extensions></trkpt><trkpt lat="35.95265746" lon="120.2104913"><ele>-39.400001525878906</ele><time>2022-05-22T21:51:08Z</time><extensions><gpxtpx:TrackPointExtension><gpxtpx:cad>89</gpxtpx:cad></gpxtpx:TrackPointExtension></extensions></trkpt><trkpt lat="35.95263347" lon="120.21050463"><ele>-39.400001525878906</ele><time>2022-05-22T21:51:09Z</time><extensions><gpxtpx:TrackPointExtension><gpxtpx:hr>172</gpxtpx:hr><gpxtpx:cad>89</gpxtpx:cad></gpxtpx:TrackPointExtension></extensions></trkpt><trkpt lat="35.95260914" lon="120.21051829"><ele>-39.400001525878906</ele><time>2022-05-22T21:51:10Z</time><extensions><gpxtpx:TrackPointExtension><gpxtpx:hr>172</gpxtpx:hr><gpxtpx:cad>89</gpxtpx:cad></gpxtpx:TrackPointExtension></extensions></trkpt><trkpt lat="35.95258381" lon="120.21053228"><ele>-39.45000076293945</ele><time>2022-05-22T21:51:11Z</time><extensions><gpxtpx:TrackPointExtension><gpxtpx:hr>172</gpxtpx:hr><gpxtpx:cad>89</gpxtpx:cad></gpxtpx:TrackPointExtension></extensions></trkpt><trkpt lat="35.95255948" lon="120.21054494"><ele>-39.400001525878906</ele><time>2022-05-22T21:51:12Z</time><extensions><gpxtpx:TrackPointExtension><gpxtpx:hr>172</gpxtpx:hr><gpxtpx:cad>90</gpxtpx:cad></gpxtpx:TrackPointExtension></extensions></trkpt><trkpt lat="35.95253648" lon="120.2105556"><ele>-39.45000076293945</ele><time>2022-05-22T21:51:13Z</time><extensions><gpxtpx:TrackPointExtension><gpxtpx:hr>173</gpxtpx:hr><gpxtpx:cad>90</gpxtpx:cad></gpxtpx:TrackPointExtension></extensions></trkpt><trkpt lat="35.95251315" lon="120.2105646"><ele>-39.40999984741211</ele><time>2022-05-22T21:51:14Z</time><extensions><gpxtpx:TrackPointExtension><gpxtpx:hr>173</gpxtpx:hr><gpxtpx:cad>90</gpxtpx:cad></gpxtpx:TrackPointExtension></extensions></trkpt><trkpt lat="35.95248982" lon="120.21057426"><ele>-39.40999984741211</ele><time>2022-05-22T21:51:15Z</time><extensions><gpxtpx:TrackPointExtension><gpxtpx:hr>173</gpxtpx:hr><gpxtpx:cad>89</gpxtpx:cad></gpxtpx:TrackPointExtension></extensions></trkpt><trkpt lat="35.95246782" lon="120.21058359"><ele>-39.45000076293945</ele><time>2022-05-22T21:51:16Z</time><extensions><gpxtpx:TrackPointExtension><gpxtpx:hr>173</gpxtpx:hr><gpxtpx:cad>89</gpxtpx:cad></gpxtpx:TrackPointExtension></extensions></trkpt><trkpt lat="35.95244716" lon="120.21059325"><ele>-39.52000045776367</ele><time>2022-05-22T21:51:17Z</time><extensions><gpxtpx:TrackPointExtension><gpxtpx:hr>174</gpxtpx:hr><gpxtpx:cad>88</gpxtpx:cad></gpxtpx:TrackPointExtension></extensions></trkpt><trkpt lat="35.9524285" lon="120.21060391"><ele>-39.470001220703125</ele><time>2022-05-22T21:51:18Z</time><extensions><gpxtpx:TrackPointExtension><gpxtpx:hr>174</gpxtpx:hr><gpxtpx:cad>88</gpxtpx:cad></gpxtpx:TrackPointExtension></extensions></trkpt><trkpt lat="35.9524125" lon="120.21061391"><ele>-39.470001220703125</ele><time>2022-05-22T21:51:19Z</time><extensions><gpxtpx:TrackPointExtension><gpxtpx:hr>174</gpxtpx:hr><gpxtpx:cad>88</gpxtpx:cad></gpxtpx:TrackPointExtension></extensions></trkpt><trkpt lat="35.95239817" lon="120.21062257"><ele>-39.45000076293945</ele><time>2022-05-22T21:51:20Z</time><extensions><gpxtpx:TrackPointExtension><gpxtpx:hr>174</gpxtpx:hr><gpxtpx:cad>88</gpxtpx:cad></gpxtpx:TrackPointExtension></extensions></trkpt><trkpt lat="35.95238484" lon="120.21063023"><ele>-39.43000030517578</ele><time>2022-05-22T21:51:21Z</time><extensions><gpxtpx:TrackPointExtension><gpxtpx:hr>175</gpxtpx:hr><gpxtpx:cad>88</gpxtpx:cad></gpxtpx:TrackPointExtension></extensions></trkpt><trkpt lat="35.95237084" lon="120.21063556"><ele>-39.43000030517578</ele><time>2022-05-22T21:51:22Z</time><extensions><gpxtpx:TrackPointExtension><gpxtpx:hr>175</gpxtpx:hr><gpxtpx:cad>88</gpxtpx:cad></gpxtpx:TrackPointExtension></extensions></trkpt><trkpt lat="35.95235784" lon="120.21063722"><ele>-39.400001525878906</ele><time>2022-05-22T21:51:23Z</time><extensions><gpxtpx:TrackPointExtension><gpxtpx:hr>175</gpxtpx:hr><gpxtpx:cad>88</gpxtpx:cad></gpxtpx:TrackPointExtension></extensions></trkpt><trkpt lat="35.95234518" lon="120.21063456"><ele>-39.380001068115234</ele><time>2022-05-22T21:51:24Z</time><extensions><gpxtpx:TrackPointExtension><gpxtpx:hr>174</gpxtpx:hr><gpxtpx:cad>88</gpxtpx:cad></gpxtpx:TrackPointExtension></extensions></trkpt><trkpt lat="35.95233352" lon="120.21062923"><ele>-39.380001068115234</ele><time>2022-05-22T21:51:25Z</time><extensions><gpxtpx:TrackPointExtension><gpxtpx:hr>174</gpxtpx:hr><gpxtpx:cad>88</gpxtpx:cad></gpxtpx:TrackPointExtension></extensions></trkpt><trkpt lat="35.95232319" lon="120.2106209"><ele>-39.36000061035156</ele><time>2022-05-22T21:51:26Z</time><extensions><gpxtpx:TrackPointExtension><gpxtpx:hr>174</gpxtpx:hr><gpxtpx:cad>88</gpxtpx:cad></gpxtpx:TrackPointExtension></extensions></trkpt><trkpt lat="35.95231286" lon="120.21061124"><ele>-39.34000015258789</ele><time>2022-05-22T21:51:27Z</time><extensions><gpxtpx:TrackPointExtension><gpxtpx:hr>174</gpxtpx:hr><gpxtpx:cad>88</gpxtpx:cad></gpxtpx:TrackPointExtension></extensions></trkpt><trkpt lat="35.95230286" lon="120.21060024"><ele>-39.33000183105469</ele><time>2022-05-22T21:51:28Z</time><extensions><gpxtpx:TrackPointExtension><gpxtpx:hr>174</gpxtpx:hr><gpxtpx:cad>88</gpxtpx:cad></gpxtpx:TrackPointExtension></extensions></trkpt><trkpt lat="35.9522942" lon="120.21058891"><ele>-39.310001373291016</ele><time>2022-05-22T21:51:29Z</time><extensions><gpxtpx:TrackPointExtension><gpxtpx:hr>174</gpxtpx:hr><gpxtpx:cad>88</gpxtpx:cad></gpxtpx:TrackPointExtension></extensions></trkpt><trkpt lat="35.95228421" lon="120.21057758"><ele>-39.310001373291016</ele><time>2022-05-22T21:51:30Z</time><extensions><gpxtpx:TrackPointExtension><gpxtpx:hr>174</gpxtpx:hr><gpxtpx:cad>88</gpxtpx:cad></gpxtpx:TrackPointExtension></extensions></trkpt><trkpt lat="35.95227188" lon="120.21056792"><ele>-39.310001373291016</ele><time>2022-05-22T21:51:31Z</time><extensions><gpxtpx:TrackPointExtension><gpxtpx:hr>175</gpxtpx:hr><gpxtpx:cad>88</gpxtpx:cad></gpxtpx:TrackPointExtension></extensions></trkpt><trkpt lat="35.95225822" lon="120.21055726"><ele>-39.310001373291016</ele><time>2022-05-22T21:51:32Z</time><extensions><gpxtpx:TrackPointExtension><gpxtpx:hr>175</gpxtpx:hr><gpxtpx:cad>88</gpxtpx:cad></gpxtpx:TrackPointExtension></extensions></trkpt><trkpt lat="35.95224422" lon="120.21054726"><ele>-39.310001373291016</ele><time>2022-05-22T21:51:33Z</time><extensions><gpxtpx:TrackPointExtension><gpxtpx:hr>176</gpxtpx:hr><gpxtpx:cad>88</gpxtpx:cad></gpxtpx:TrackPointExtension></extensions></trkpt><trkpt lat="35.95222956" lon="120.21053693"><ele>-39.290000915527344</ele><time>2022-05-22T21:51:34Z</time><extensions><gpxtpx:TrackPointExtension><gpxtpx:hr>176</gpxtpx:hr><gpxtpx:cad>88</gpxtpx:cad></gpxtpx:TrackPointExtension></extensions></trkpt><trkpt lat="35.95221523" lon="120.2105256"><ele>-39.27000045776367</ele><time>2022-05-22T21:51:35Z</time><extensions><gpxtpx:TrackPointExtension><gpxtpx:hr>176</gpxtpx:hr><gpxtpx:cad>88</gpxtpx:cad></gpxtpx:TrackPointExtension></extensions></trkpt><trkpt lat="35.9522019" lon="120.21051427"><ele>-39.25</ele><time>2022-05-22T21:51:36Z</time><extensions><gpxtpx:TrackPointExtension><gpxtpx:hr>175</gpxtpx:hr><gpxtpx:cad>88</gpxtpx:cad></gpxtpx:TrackPointExtension></extensions></trkpt><trkpt lat="35.95218957" lon="120.21050494"><ele>-39.25</ele><time>2022-05-22T21:51:37Z</time><extensions><gpxtpx:TrackPointExtension><gpxtpx:hr>174</gpxtpx:hr><gpxtpx:cad>88</gpxtpx:cad></gpxtpx:TrackPointExtension></extensions></trkpt><trkpt lat="35.95217891" lon="120.21049661"><ele>-39.25</ele><time>2022-05-22T21:51:38Z</time><extensions><gpxtpx:TrackPointExtension><gpxtpx:hr>174</gpxtpx:hr><gpxtpx:cad>88</gpxtpx:cad></gpxtpx:TrackPointExtension></extensions></trkpt><trkpt lat="35.95216925" lon="120.21049195"><ele>-39.27000045776367</ele><time>2022-05-22T21:51:39Z</time><extensions><gpxtpx:TrackPointExtension><gpxtpx:hr>173</gpxtpx:hr><gpxtpx:cad>88</gpxtpx:cad></gpxtpx:TrackPointExtension></extensions></trkpt><trkpt lat="35.95216059" lon="120.21048996"><ele>-39.290000915527344</ele><time>2022-05-22T21:51:40Z</time><extensions><gpxtpx:TrackPointExtension><gpxtpx:hr>172</gpxtpx:hr><gpxtpx:cad>88</gpxtpx:cad></gpxtpx:TrackPointExtension></extensions></trkpt><trkpt lat="35.95215259" lon="120.21048996"><ele>-39.310001373291016</ele><time>2022-05-22T21:51:41Z</time><extensions><gpxtpx:TrackPointExtension><gpxtpx:hr>171</gpxtpx:hr><gpxtpx:cad>88</gpxtpx:cad></gpxtpx:TrackPointExtension></extensions></trkpt><trkpt lat="35.95214493" lon="120.21048963"><ele>-39.34000015258789</ele><time>2022-05-22T21:51:42Z</time><extensions><gpxtpx:TrackPointExtension><gpxtpx:hr>170</gpxtpx:hr><gpxtpx:cad>88</gpxtpx:cad></gpxtpx:TrackPointExtension></extensions></trkpt><trkpt lat="35.9521386" lon="120.2104883"><ele>-39.310001373291016</ele><time>2022-05-22T21:51:43Z</time><extensions><gpxtpx:TrackPointExtension><gpxtpx:hr>170</gpxtpx:hr><gpxtpx:cad>88</gpxtpx:cad></gpxtpx:TrackPointExtension></extensions></trkpt><trkpt lat="35.95213294" lon="120.21048597"><ele>-39.290000915527344</ele><time>2022-05-22T21:51:44Z</time><extensions><gpxtpx:TrackPointExtension><gpxtpx:hr>168</gpxtpx:hr><gpxtpx:cad>88</gpxtpx:cad></gpxtpx:TrackPointExtension></extensions></trkpt><trkpt lat="35.95212695" lon="120.21048331"><ele>-39.27000045776367</ele><time>2022-05-22T21:51:45Z</time><extensions><gpxtpx:TrackPointExtension><gpxtpx:hr>167</gpxtpx:hr><gpxtpx:cad>88</gpxtpx:cad></gpxtpx:TrackPointExtension></extensions></trkpt><trkpt lat="35.95211995" lon="120.21047998"><ele>-39.290000915527344</ele><time>2022-05-22T21:51:46Z</time><extensions><gpxtpx:TrackPointExtension><gpxtpx:hr>165</gpxtpx:hr><gpxtpx:cad>88</gpxtpx:cad></gpxtpx:TrackPointExtension></extensions></trkpt><trkpt lat="35.95211262" lon="120.21047598"><ele>-39.310001373291016</ele><time>2022-05-22T21:51:47Z</time><extensions><gpxtpx:TrackPointExtension><gpxtpx:hr>164</gpxtpx:hr><gpxtpx:cad>88</gpxtpx:cad></gpxtpx:TrackPointExtension></extensions></trkpt><trkpt lat="35.95210562" lon="120.21047098"><ele>-39.33000183105469</ele><time>2022-05-22T21:51:48Z</time><extensions><gpxtpx:TrackPointExtension><gpxtpx:hr>163</gpxtpx:hr><gpxtpx:cad>88</gpxtpx:cad></gpxtpx:TrackPointExtension></extensions></trkpt><trkpt lat="35.95209929" lon="120.21046499"><ele>-39.34000015258789</ele><time>2022-05-22T21:51:49Z</time><extensions><gpxtpx:TrackPointExtension><gpxtpx:hr>163</gpxtpx:hr><gpxtpx:cad>56</gpxtpx:cad></gpxtpx:TrackPointExtension></extensions></trkpt><trkpt lat="35.9520923" lon="120.21045833"><ele>-39.36000061035156</ele><time>2022-05-22T21:51:50Z</time><extensions><gpxtpx:TrackPointExtension><gpxtpx:hr>163</gpxtpx:hr><gpxtpx:cad>56</gpxtpx:cad></gpxtpx:TrackPointExtension></extensions></trkpt><trkpt lat="35.95208597" lon="120.21045034"><ele>-39.34000015258789</ele><time>2022-05-22T21:51:51Z</time><extensions><gpxtpx:TrackPointExtension><gpxtpx:hr>163</gpxtpx:hr><gpxtpx:cad>57</gpxtpx:cad></gpxtpx:TrackPointExtension></extensions></trkpt><trkpt lat="35.95207898" lon="120.21044334"><ele>-39.34000015258789</ele><time>2022-05-22T21:51:52Z</time><extensions><gpxtpx:TrackPointExtension><gpxtpx:hr>163</gpxtpx:hr><gpxtpx:cad>60</gpxtpx:cad></gpxtpx:TrackPointExtension></extensions></trkpt><trkpt lat="35.95207265" lon="120.21043735"><ele>-39.34000015258789</ele><time>2022-05-22T21:51:53Z</time><extensions><gpxtpx:TrackPointExtension><gpxtpx:hr>161</gpxtpx:hr><gpxtpx:cad>61</gpxtpx:cad></gpxtpx:TrackPointExtension></extensions></trkpt><trkpt lat="35.95206499" lon="120.21043436"><ele>-39.33000183105469</ele><time>2022-05-22T21:51:54Z</time><extensions><gpxtpx:TrackPointExtension><gpxtpx:hr>160</gpxtpx:hr><gpxtpx:cad>61</gpxtpx:cad></gpxtpx:TrackPointExtension></extensions></trkpt><trkpt lat="35.952059" lon="120.2104327"><ele>-39.310001373291016</ele><time>2022-05-22T21:51:55Z</time><extensions><gpxtpx:TrackPointExtension><gpxtpx:hr>159</gpxtpx:hr><gpxtpx:cad>61</gpxtpx:cad></gpxtpx:TrackPointExtension></extensions></trkpt><trkpt lat="35.952055" lon="120.21043204"><ele>-39.290000915527344</ele><time>2022-05-22T21:51:56Z</time><extensions><gpxtpx:TrackPointExtension><gpxtpx:hr>159</gpxtpx:hr><gpxtpx:cad>61</gpxtpx:cad></gpxtpx:TrackPointExtension></extensions></trkpt><trkpt lat="35.95205401" lon="120.21043105"><ele>-39.290000915527344</ele><time>2022-05-22T21:51:57Z</time><extensions><gpxtpx:TrackPointExtension><gpxtpx:hr>159</gpxtpx:hr><gpxtpx:cad>61</gpxtpx:cad></gpxtpx:TrackPointExtension></extensions></trkpt><trkpt lat="35.95205368" lon="120.21043105"><ele>-39.27000045776367</ele><time>2022-05-22T21:51:58Z</time><extensions><gpxtpx:TrackPointExtension><gpxtpx:hr>159</gpxtpx:hr><gpxtpx:cad>61</gpxtpx:cad></gpxtpx:TrackPointExtension></extensions></trkpt><trkpt lat="35.95205434" lon="120.21043006"><ele>-39.25</ele><time>2022-05-22T21:51:59Z</time><extensions><gpxtpx:TrackPointExtension><gpxtpx:hr>159</gpxtpx:hr><gpxtpx:cad>61</gpxtpx:cad></gpxtpx:TrackPointExtension></extensions></trkpt><trkpt lat="35.952055" lon="120.21042807"><ele>-39.25</ele><time>2022-05-22T21:52:00Z</time><extensions><gpxtpx:TrackPointExtension><gpxtpx:hr>159</gpxtpx:hr><gpxtpx:cad>61</gpxtpx:cad></gpxtpx:TrackPointExtension></extensions></trkpt><trkpt lat="35.95205566" lon="120.21042707"><ele>-39.25</ele><time>2022-05-22T21:52:01Z</time><extensions><gpxtpx:TrackPointExtension><gpxtpx:hr>159</gpxtpx:hr><gpxtpx:cad>61</gpxtpx:cad></gpxtpx:TrackPointExtension></extensions></trkpt><trkpt lat="35.95205632" lon="120.21042574"><ele>-39.15999984741211</ele><time>2022-05-22T21:52:02Z</time><extensions><gpxtpx:TrackPointExtension><gpxtpx:hr>159</gpxtpx:hr><gpxtpx:cad>61</gpxtpx:cad></gpxtpx:TrackPointExtension></extensions></trkpt><trkpt lat="35.95205665" lon="120.21042541"><ele>-39.130001068115234</ele><time>2022-05-22T21:52:03Z</time><extensions><gpxtpx:TrackPointExtension><gpxtpx:hr>159</gpxtpx:hr><gpxtpx:cad>61</gpxtpx:cad></gpxtpx:TrackPointExtension></extensions></trkpt><trkpt lat="35.95205698" lon="120.21042607"><ele>-39.11000061035156</ele><time>2022-05-22T21:52:04Z</time><extensions><gpxtpx:TrackPointExtension><gpxtpx:hr>160</gpxtpx:hr><gpxtpx:cad>61</gpxtpx:cad></gpxtpx:TrackPointExtension></extensions></trkpt><trkpt lat="35.95205831" lon="120.21042673"><ele>-39.09000015258789</ele><time>2022-05-22T21:52:05Z</time><extensions><gpxtpx:TrackPointExtension><gpxtpx:hr>160</gpxtpx:hr><gpxtpx:cad>61</gpxtpx:cad></gpxtpx:TrackPointExtension></extensions></trkpt><trkpt lat="35.95205964" lon="120.21042873"><ele>-39.09000015258789</ele><time>2022-05-22T21:52:06Z</time><extensions><gpxtpx:TrackPointExtension><gpxtpx:hr>160</gpxtpx:hr><gpxtpx:cad>61</gpxtpx:cad></gpxtpx:TrackPointExtension></extensions></trkpt><trkpt lat="35.95206063" lon="120.21043072"><ele>-39.11000061035156</ele><time>2022-05-22T21:52:07Z</time><extensions><gpxtpx:TrackPointExtension><gpxtpx:hr>160</gpxtpx:hr><gpxtpx:cad>61</gpxtpx:cad></gpxtpx:TrackPointExtension></extensions></trkpt><trkpt lat="35.95206129" lon="120.21043205"><ele>-39.130001068115234</ele><time>2022-05-22T21:52:08Z</time><extensions><gpxtpx:TrackPointExtension><gpxtpx:hr>160</gpxtpx:hr><gpxtpx:cad>61</gpxtpx:cad></gpxtpx:TrackPointExtension></extensions></trkpt><trkpt lat="35.95206295" lon="120.21043271"><ele>-39.18000030517578</ele><time>2022-05-22T21:52:09Z</time><extensions><gpxtpx:TrackPointExtension><gpxtpx:hr>160</gpxtpx:hr><gpxtpx:cad>61</gpxtpx:cad></gpxtpx:TrackPointExtension></extensions></trkpt><trkpt lat="35.95206395" lon="120.21043337"><ele>-39.220001220703125</ele><time>2022-05-22T21:52:10Z</time><extensions><gpxtpx:TrackPointExtension><gpxtpx:hr>160</gpxtpx:hr><gpxtpx:cad>61</gpxtpx:cad></gpxtpx:TrackPointExtension></extensions></trkpt><trkpt lat="35.95206461" lon="120.21043304"><ele>-39.25</ele><time>2022-05-22T21:52:11Z</time><extensions><gpxtpx:TrackPointExtension><gpxtpx:hr>161</gpxtpx:hr><gpxtpx:cad>61</gpxtpx:cad></gpxtpx:TrackPointExtension></extensions></trkpt><trkpt lat="35.95206527" lon="120.21043304"><ele>-39.27000045776367</ele><time>2022-05-22T21:52:12Z</time><extensions><gpxtpx:TrackPointExtension><gpxtpx:hr>161</gpxtpx:hr><gpxtpx:cad>61</gpxtpx:cad></gpxtpx:TrackPointExtension></extensions></trkpt><trkpt lat="35.9520656" lon="120.21043171"><ele>-39.27000045776367</ele><time>2022-05-22T21:52:13Z</time><extensions><gpxtpx:TrackPointExtension><gpxtpx:hr>162</gpxtpx:hr><gpxtpx:cad>61</gpxtpx:cad></gpxtpx:TrackPointExtension></extensions></trkpt><trkpt lat="35.95206527" lon="120.21043105"><ele>-39.290000915527344</ele><time>2022-05-22T21:52:14Z</time><extensions><gpxtpx:TrackPointExtension><gpxtpx:hr>162</gpxtpx:hr><gpxtpx:cad>61</gpxtpx:cad></gpxtpx:TrackPointExtension></extensions></trkpt><trkpt lat="35.95206494" lon="120.21042872"><ele>-39.290000915527344</ele><time>2022-05-22T21:52:15Z</time><extensions><gpxtpx:TrackPointExtension><gpxtpx:hr>162</gpxtpx:hr><gpxtpx:cad>61</gpxtpx:cad></gpxtpx:TrackPointExtension></extensions></trkpt><trkpt lat="35.95206494" lon="120.21042572"><ele>-39.290000915527344</ele><time>2022-05-22T21:52:16Z</time><extensions><gpxtpx:TrackPointExtension><gpxtpx:hr>161</gpxtpx:hr><gpxtpx:cad>61</gpxtpx:cad></gpxtpx:TrackPointExtension></extensions></trkpt><trkpt lat="35.95206494" lon="120.21042206"><ele>-39.310001373291016</ele><time>2022-05-22T21:52:17Z</time><extensions><gpxtpx:TrackPointExtension><gpxtpx:hr>161</gpxtpx:hr><gpxtpx:cad>61</gpxtpx:cad></gpxtpx:TrackPointExtension></extensions></trkpt><trkpt lat="35.95206428" lon="120.21041807"><ele>-39.310001373291016</ele><time>2022-05-22T21:52:18Z</time><extensions><gpxtpx:TrackPointExtension><gpxtpx:hr>161</gpxtpx:hr><gpxtpx:cad>61</gpxtpx:cad></gpxtpx:TrackPointExtension></extensions></trkpt><trkpt lat="35.95206028" lon="120.21041407"><ele>-39.310001373291016</ele><time>2022-05-22T21:52:19Z</time><extensions><gpxtpx:TrackPointExtension><gpxtpx:hr>161</gpxtpx:hr><gpxtpx:cad>61</gpxtpx:cad></gpxtpx:TrackPointExtension></extensions></trkpt><trkpt lat="35.95205895" lon="120.21041074"><ele>-39.33000183105469</ele><time>2022-05-22T21:52:20Z</time><extensions><gpxtpx:TrackPointExtension><gpxtpx:hr>161</gpxtpx:hr><gpxtpx:cad>61</gpxtpx:cad></gpxtpx:TrackPointExtension></extensions></trkpt><trkpt lat="35.95205762" lon="120.21040775"><ele>-39.33000183105469</ele><time>2022-05-22T21:52:21Z</time><extensions><gpxtpx:TrackPointExtension><gpxtpx:hr>161</gpxtpx:hr><gpxtpx:cad>61</gpxtpx:cad></gpxtpx:TrackPointExtension></extensions></trkpt><trkpt lat="35.95205596" lon="120.21040576"><ele>-39.33000183105469</ele><time>2022-05-22T21:52:22Z</time><extensions><gpxtpx:TrackPointExtension><gpxtpx:hr>160</gpxtpx:hr><gpxtpx:cad>61</gpxtpx:cad></gpxtpx:TrackPointExtension></extensions></trkpt><trkpt lat="35.9520553" lon="120.2104041"><ele>-39.310001373291016</ele><time>2022-05-22T21:52:23Z</time><extensions><gpxtpx:TrackPointExtension><gpxtpx:hr>160</gpxtpx:hr><gpxtpx:cad>61</gpxtpx:cad></gpxtpx:TrackPointExtension></extensions></trkpt><trkpt lat="35.95205596" lon="120.21040377"><ele>-39.310001373291016</ele><time>2022-05-22T21:52:24Z</time><extensions><gpxtpx:TrackPointExtension><gpxtpx:hr>159</gpxtpx:hr><gpxtpx:cad>61</gpxtpx:cad></gpxtpx:TrackPointExtension></extensions></trkpt><trkpt lat="35.95205596" lon="120.21040311"><ele>-39.290000915527344</ele><time>2022-05-22T21:52:25Z</time><extensions><gpxtpx:TrackPointExtension><gpxtpx:hr>159</gpxtpx:hr><gpxtpx:cad>61</gpxtpx:cad></gpxtpx:TrackPointExtension></extensions></trkpt><trkpt lat="35.95205729" lon="120.21040311"><ele>-39.290000915527344</ele><time>2022-05-22T21:52:26Z</time><extensions><gpxtpx:TrackPointExtension><gpxtpx:hr>159</gpxtpx:hr><gpxtpx:cad>61</gpxtpx:cad></gpxtpx:TrackPointExtension></extensions></trkpt><trkpt lat="35.95205829" lon="120.21040311"><ele>-39.290000915527344</ele><time>2022-05-22T21:52:27Z</time><extensions><gpxtpx:TrackPointExtension><gpxtpx:hr>159</gpxtpx:hr><gpxtpx:cad>61</gpxtpx:cad></gpxtpx:TrackPointExtension></extensions></trkpt><trkpt lat="35.95205928" lon="120.21040311"><ele>-39.27000045776367</ele><time>2022-05-22T21:52:28Z</time><extensions><gpxtpx:TrackPointExtension><gpxtpx:hr>159</gpxtpx:hr><gpxtpx:cad>61</gpxtpx:cad></gpxtpx:TrackPointExtension></extensions></trkpt><trkpt lat="35.95206094" lon="120.21040344"><ele>-39.27000045776367</ele><time>2022-05-22T21:52:29Z</time><extensions><gpxtpx:TrackPointExtension><gpxtpx:hr>158</gpxtpx:hr><gpxtpx:cad>61</gpxtpx:cad></gpxtpx:TrackPointExtension></extensions></trkpt><trkpt lat="35.9520626" lon="120.21040477"><ele>-39.27000045776367</ele><time>2022-05-22T21:52:30Z</time><extensions><gpxtpx:TrackPointExtension><gpxtpx:hr>158</gpxtpx:hr><gpxtpx:cad>61</gpxtpx:cad></gpxtpx:TrackPointExtension></extensions></trkpt><trkpt lat="35.95206359" lon="120.21040577"><ele>-39.27000045776367</ele><time>2022-05-22T21:52:31Z</time><extensions><gpxtpx:TrackPointExtension><gpxtpx:hr>158</gpxtpx:hr><gpxtpx:cad>61</gpxtpx:cad></gpxtpx:TrackPointExtension></extensions></trkpt><trkpt lat="35.95206425" lon="120.2104071"><ele>-39.27000045776367</ele><time>2022-05-22T21:52:32Z</time><extensions><gpxtpx:TrackPointExtension><gpxtpx:hr>157</gpxtpx:hr><gpxtpx:cad>61</gpxtpx:cad></gpxtpx:TrackPointExtension></extensions></trkpt><trkpt lat="35.95206425" lon="120.21040843"><ele>-39.25</ele><time>2022-05-22T21:52:33Z</time><extensions><gpxtpx:TrackPointExtension><gpxtpx:hr>156</gpxtpx:hr><gpxtpx:cad>61</gpxtpx:cad></gpxtpx:TrackPointExtension></extensions></trkpt><trkpt lat="35.95206491" lon="120.21041042"><ele>-39.25</ele><time>2022-05-22T21:52:34Z</time><extensions><gpxtpx:TrackPointExtension><gpxtpx:hr>155</gpxtpx:hr><gpxtpx:cad>61</gpxtpx:cad></gpxtpx:TrackPointExtension></extensions></trkpt><trkpt lat="35.95206524" lon="120.21041175"><ele>-39.25</ele><time>2022-05-22T21:52:35Z</time><extensions><gpxtpx:TrackPointExtension><gpxtpx:hr>155</gpxtpx:hr><gpxtpx:cad>61</gpxtpx:cad></gpxtpx:TrackPointExtension></extensions></trkpt><trkpt lat="35.9520659" lon="120.21041341"><ele>-39.25</ele><time>2022-05-22T21:52:36Z</time><extensions><gpxtpx:TrackPointExtension><gpxtpx:hr>155</gpxtpx:hr><gpxtpx:cad>61</gpxtpx:cad></gpxtpx:TrackPointExtension></extensions></trkpt><trkpt lat="35.9520669" lon="120.21041407"><ele>-39.25</ele><time>2022-05-22T21:52:37Z</time><extensions><gpxtpx:TrackPointExtension><gpxtpx:hr>155</gpxtpx:hr></gpxtpx:TrackPointExtension></extensions></trkpt><trkpt lat="35.95206789" lon="120.21041473"><ele>-39.25</ele><time>2022-05-22T21:52:38Z</time><extensions><gpxtpx:TrackPointExtension><gpxtpx:hr>155</gpxtpx:hr></gpxtpx:TrackPointExtension></extensions></trkpt><trkpt lat="35.95206822" lon="120.21041539"><ele>-39.25</ele><time>2022-05-22T21:52:39Z</time><extensions><gpxtpx:TrackPointExtension><gpxtpx:hr>155</gpxtpx:hr></gpxtpx:TrackPointExtension></extensions></trkpt><trkpt lat="35.95206855" lon="120.21041572"><ele>-39.25</ele><time>2022-05-22T21:52:40Z</time><extensions><gpxtpx:TrackPointExtension><gpxtpx:hr>155</gpxtpx:hr></gpxtpx:TrackPointExtension></extensions></trkpt><trkpt lat="35.95206888" lon="120.21041572"><ele>-39.25</ele><time>2022-05-22T21:52:41Z</time><extensions><gpxtpx:TrackPointExtension><gpxtpx:hr>154</gpxtpx:hr></gpxtpx:TrackPointExtension></extensions></trkpt><trkpt lat="35.95206921" lon="120.21041605"><ele>-39.25</ele><time>2022-05-22T21:52:42Z</time><extensions><gpxtpx:TrackPointExtension><gpxtpx:hr>154</gpxtpx:hr></gpxtpx:TrackPointExtension></extensions></trkpt><trkpt lat="35.95206788" lon="120.21041539"><ele>-39.2400016784668</ele><time>2022-05-22T21:52:43Z</time><extensions><gpxtpx:TrackPointExtension><gpxtpx:hr>154</gpxtpx:hr></gpxtpx:TrackPointExtension></extensions></trkpt><trkpt lat="35.95206689" lon="120.2104144"><ele>-39.220001220703125</ele><time>2022-05-22T21:52:44Z</time><extensions><gpxtpx:TrackPointExtension><gpxtpx:hr>155</gpxtpx:hr></gpxtpx:TrackPointExtension></extensions></trkpt><trkpt lat="35.95206489" lon="120.21041374"><ele>-39.220001220703125</ele><time>2022-05-22T21:52:45Z</time><extensions><gpxtpx:TrackPointExtension><gpxtpx:hr>156</gpxtpx:hr></gpxtpx:TrackPointExtension></extensions></trkpt><trkpt lat="35.95206356" lon="120.21041241"><ele>-39.20000076293945</ele><time>2022-05-22T21:52:46Z</time><extensions><gpxtpx:TrackPointExtension><gpxtpx:hr>157</gpxtpx:hr></gpxtpx:TrackPointExtension></extensions></trkpt><trkpt lat="35.95206389" lon="120.21040841"><ele>-39.20000076293945</ele><time>2022-05-22T21:52:47Z</time><extensions><gpxtpx:TrackPointExtension><gpxtpx:hr>157</gpxtpx:hr></gpxtpx:TrackPointExtension></extensions></trkpt><trkpt lat="35.95206356" lon="120.21040308"><ele>-39.20000076293945</ele><time>2022-05-22T21:52:48Z</time><extensions><gpxtpx:TrackPointExtension><gpxtpx:hr>157</gpxtpx:hr></gpxtpx:TrackPointExtension></extensions></trkpt><trkpt lat="35.95206323" lon="120.21039808"><ele>-39.18000030517578</ele><time>2022-05-22T21:52:49Z</time><extensions><gpxtpx:TrackPointExtension><gpxtpx:hr>157</gpxtpx:hr><gpxtpx:cad>42</gpxtpx:cad></gpxtpx:TrackPointExtension></extensions></trkpt><trkpt lat="35.95206356" lon="120.21039375"><ele>-39.150001525878906</ele><time>2022-05-22T21:52:50Z</time><extensions><gpxtpx:TrackPointExtension><gpxtpx:hr>157</gpxtpx:hr><gpxtpx:cad>42</gpxtpx:cad></gpxtpx:TrackPointExtension></extensions></trkpt><trkpt lat="35.95206422" lon="120.21039009"><ele>-39.150001525878906</ele><time>2022-05-22T21:52:51Z</time><extensions><gpxtpx:TrackPointExtension><gpxtpx:hr>157</gpxtpx:hr><gpxtpx:cad>42</gpxtpx:cad></gpxtpx:TrackPointExtension></extensions></trkpt><trkpt lat="35.95206521" lon="120.21038743"><ele>-39.130001068115234</ele><time>2022-05-22T21:52:52Z</time><extensions><gpxtpx:TrackPointExtension><gpxtpx:hr>157</gpxtpx:hr><gpxtpx:cad>42</gpxtpx:cad></gpxtpx:TrackPointExtension></extensions></trkpt><trkpt lat="35.95206654" lon="120.2103841"><ele>-39.130001068115234</ele><time>2022-05-22T21:52:53Z</time><extensions><gpxtpx:TrackPointExtension><gpxtpx:hr>157</gpxtpx:hr><gpxtpx:cad>42</gpxtpx:cad></gpxtpx:TrackPointExtension></extensions></trkpt><trkpt lat="35.95206687" lon="120.21038177"><ele>-39.11000061035156</ele><time>2022-05-22T21:52:54Z</time><extensions><gpxtpx:TrackPointExtension><gpxtpx:hr>157</gpxtpx:hr><gpxtpx:cad>42</gpxtpx:cad></gpxtpx:TrackPointExtension></extensions></trkpt><trkpt lat="35.95206753" lon="120.21037978"><ele>-39.11000061035156</ele><time>2022-05-22T21:52:55Z</time><extensions><gpxtpx:TrackPointExtension><gpxtpx:hr>156</gpxtpx:hr><gpxtpx:cad>42</gpxtpx:cad></gpxtpx:TrackPointExtension></extensions></trkpt><trkpt lat="35.95206819" lon="120.21037812"><ele>-39.11000061035156</ele><time>2022-05-22T21:52:56Z</time><extensions><gpxtpx:TrackPointExtension><gpxtpx:hr>156</gpxtpx:hr><gpxtpx:cad>42</gpxtpx:cad></gpxtpx:TrackPointExtension></extensions></trkpt><trkpt lat="35.95206852" lon="120.21037679"><ele>-39.11000061035156</ele><time>2022-05-22T21:52:57Z</time><extensions><gpxtpx:TrackPointExtension><gpxtpx:hr>156</gpxtpx:hr><gpxtpx:cad>42</gpxtpx:cad></gpxtpx:TrackPointExtension></extensions></trkpt><trkpt lat="35.95206885" lon="120.21037613"><ele>-39.09000015258789</ele><time>2022-05-22T21:52:58Z</time><extensions><gpxtpx:TrackPointExtension><gpxtpx:hr>156</gpxtpx:hr><gpxtpx:cad>42</gpxtpx:cad></gpxtpx:TrackPointExtension></extensions></trkpt><trkpt lat="35.95206885" lon="120.21037547"><ele>-39.09000015258789</ele><time>2022-05-22T21:52:59Z</time><extensions><gpxtpx:TrackPointExtension><gpxtpx:hr>156</gpxtpx:hr><gpxtpx:cad>42</gpxtpx:cad></gpxtpx:TrackPointExtension></extensions></trkpt><trkpt lat="35.95206918" lon="120.21037448"><ele>-39.09000015258789</ele><time>2022-05-22T21:53:00Z</time><extensions><gpxtpx:TrackPointExtension><gpxtpx:hr>156</gpxtpx:hr><gpxtpx:cad>42</gpxtpx:cad></gpxtpx:TrackPointExtension></extensions></trkpt><trkpt lat="35.95206852" lon="120.21037448"><ele>-39.09000015258789</ele><time>2022-05-22T21:53:01Z</time><extensions><gpxtpx:TrackPointExtension><gpxtpx:hr>156</gpxtpx:hr><gpxtpx:cad>42</gpxtpx:cad></gpxtpx:TrackPointExtension></extensions></trkpt><trkpt lat="35.95206486" lon="120.21037514"><ele>-39.08000183105469</ele><time>2022-05-22T21:53:02Z</time><extensions><gpxtpx:TrackPointExtension><gpxtpx:hr>156</gpxtpx:hr><gpxtpx:cad>42</gpxtpx:cad></gpxtpx:TrackPointExtension></extensions></trkpt><trkpt lat="35.9520582" lon="120.21037647"><ele>-39.08000183105469</ele><time>2022-05-22T21:53:03Z</time><extensions><gpxtpx:TrackPointExtension><gpxtpx:hr>156</gpxtpx:hr><gpxtpx:cad>42</gpxtpx:cad></gpxtpx:TrackPointExtension></extensions></trkpt><trkpt lat="35.95204754" lon="120.2103798"><ele>-39.08000183105469</ele><time>2022-05-22T21:53:04Z</time><extensions><gpxtpx:TrackPointExtension><gpxtpx:hr>156</gpxtpx:hr><gpxtpx:cad>42</gpxtpx:cad></gpxtpx:TrackPointExtension></extensions></trkpt><trkpt lat="35.95203321" lon="120.21038613"><ele>-39.08000183105469</ele><time>2022-05-22T21:53:05Z</time><extensions><gpxtpx:TrackPointExtension><gpxtpx:hr>155</gpxtpx:hr><gpxtpx:cad>42</gpxtpx:cad></gpxtpx:TrackPointExtension></extensions></trkpt><trkpt lat="35.95201655" lon="120.21039379"><ele>-39.040000915527344</ele><time>2022-05-22T21:53:06Z</time><extensions><gpxtpx:TrackPointExtension><gpxtpx:hr>155</gpxtpx:hr><gpxtpx:cad>42</gpxtpx:cad></gpxtpx:TrackPointExtension></extensions></trkpt><trkpt lat="35.95199789" lon="120.21040279"><ele>-39.060001373291016</ele><time>2022-05-22T21:53:07Z</time><extensions><gpxtpx:TrackPointExtension><gpxtpx:hr>155</gpxtpx:hr><gpxtpx:cad>42</gpxtpx:cad></gpxtpx:TrackPointExtension></extensions></trkpt><trkpt lat="35.95197856" lon="120.21041279"><ele>-39.02000045776367</ele><time>2022-05-22T21:53:08Z</time><extensions><gpxtpx:TrackPointExtension><gpxtpx:hr>155</gpxtpx:hr><gpxtpx:cad>42</gpxtpx:cad></gpxtpx:TrackPointExtension></extensions></trkpt><trkpt lat="35.95195923" lon="120.21042145"><ele>-38.970001220703125</ele><time>2022-05-22T21:53:09Z</time><extensions><gpxtpx:TrackPointExtension><gpxtpx:hr>156</gpxtpx:hr><gpxtpx:cad>42</gpxtpx:cad></gpxtpx:TrackPointExtension></extensions></trkpt><trkpt lat="35.9519389" lon="120.21043111"><ele>-38.93000030517578</ele><time>2022-05-22T21:53:10Z</time><extensions><gpxtpx:TrackPointExtension><gpxtpx:hr>157</gpxtpx:hr><gpxtpx:cad>42</gpxtpx:cad></gpxtpx:TrackPointExtension></extensions></trkpt><trkpt lat="35.95191824" lon="120.21044111"><ele>-38.900001525878906</ele><time>2022-05-22T21:53:11Z</time><extensions><gpxtpx:TrackPointExtension><gpxtpx:hr>158</gpxtpx:hr><gpxtpx:cad>42</gpxtpx:cad></gpxtpx:TrackPointExtension></extensions></trkpt><trkpt lat="35.95189691" lon="120.21045144"><ele>-38.86000061035156</ele><time>2022-05-22T21:53:12Z</time><extensions><gpxtpx:TrackPointExtension><gpxtpx:hr>158</gpxtpx:hr><gpxtpx:cad>42</gpxtpx:cad></gpxtpx:TrackPointExtension></extensions></trkpt><trkpt lat="35.95187358" lon="120.2104611"><ele>-38.84000015258789</ele><time>2022-05-22T21:53:13Z</time><extensions><gpxtpx:TrackPointExtension><gpxtpx:hr>159</gpxtpx:hr><gpxtpx:cad>89</gpxtpx:cad></gpxtpx:TrackPointExtension></extensions></trkpt><trkpt lat="35.95185025" lon="120.21047176"><ele>-38.810001373291016</ele><time>2022-05-22T21:53:14Z</time><extensions><gpxtpx:TrackPointExtension><gpxtpx:hr>160</gpxtpx:hr><gpxtpx:cad>90</gpxtpx:cad></gpxtpx:TrackPointExtension></extensions></trkpt><trkpt lat="35.95182692" lon="120.21048176"><ele>-38.790000915527344</ele><time>2022-05-22T21:53:15Z</time><extensions><gpxtpx:TrackPointExtension><gpxtpx:hr>161</gpxtpx:hr><gpxtpx:cad>89</gpxtpx:cad></gpxtpx:TrackPointExtension></extensions></trkpt><trkpt lat="35.95180259" lon="120.21049309"><ele>-38.77000045776367</ele><time>2022-05-22T21:53:16Z</time><extensions><gpxtpx:TrackPointExtension><gpxtpx:hr>163</gpxtpx:hr><gpxtpx:cad>88</gpxtpx:cad></gpxtpx:TrackPointExtension></extensions></trkpt><trkpt lat="35.95177859" lon="120.21050542"><ele>-38.77000045776367</ele><time>2022-05-22T21:53:17Z</time><extensions><gpxtpx:TrackPointExtension><gpxtpx:hr>164</gpxtpx:hr><gpxtpx:cad>87</gpxtpx:cad></gpxtpx:TrackPointExtension></extensions></trkpt><trkpt lat="35.95175659" lon="120.21051775"><ele>-38.790000915527344</ele><time>2022-05-22T21:53:18Z</time><extensions><gpxtpx:TrackPointExtension><gpxtpx:hr>164</gpxtpx:hr><gpxtpx:cad>87</gpxtpx:cad></gpxtpx:TrackPointExtension></extensions></trkpt><trkpt lat="35.9517346" lon="120.21053108"><ele>-38.810001373291016</ele><time>2022-05-22T21:53:19Z</time><extensions><gpxtpx:TrackPointExtension><gpxtpx:hr>164</gpxtpx:hr><gpxtpx:cad>88</gpxtpx:cad></gpxtpx:TrackPointExtension></extensions></trkpt><trkpt lat="35.9517126" lon="120.21054374"><ele>-38.810001373291016</ele><time>2022-05-22T21:53:20Z</time><extensions><gpxtpx:TrackPointExtension><gpxtpx:hr>164</gpxtpx:hr><gpxtpx:cad>89</gpxtpx:cad></gpxtpx:TrackPointExtension></extensions></trkpt><trkpt lat="35.95169127" lon="120.2105554"><ele>-38.84000015258789</ele><time>2022-05-22T21:53:21Z</time><extensions><gpxtpx:TrackPointExtension><gpxtpx:hr>164</gpxtpx:hr><gpxtpx:cad>89</gpxtpx:cad></gpxtpx:TrackPointExtension></extensions></trkpt><trkpt lat="35.95166994" lon="120.21056606"><ele>-38.880001068115234</ele><time>2022-05-22T21:53:22Z</time><extensions><gpxtpx:TrackPointExtension><gpxtpx:hr>164</gpxtpx:hr><gpxtpx:cad>90</gpxtpx:cad></gpxtpx:TrackPointExtension></extensions></trkpt><trkpt lat="35.95164894" lon="120.21057205"><ele>-38.95000076293945</ele><time>2022-05-22T21:53:23Z</time><extensions><gpxtpx:TrackPointExtension><gpxtpx:hr>166</gpxtpx:hr><gpxtpx:cad>89</gpxtpx:cad></gpxtpx:TrackPointExtension></extensions></trkpt><trkpt lat="35.95162928" lon="120.21057404"><ele>-38.9900016784668</ele><time>2022-05-22T21:53:24Z</time><extensions><gpxtpx:TrackPointExtension><gpxtpx:hr>167</gpxtpx:hr><gpxtpx:cad>89</gpxtpx:cad></gpxtpx:TrackPointExtension></extensions></trkpt><trkpt lat="35.95161095" lon="120.21057637"><ele>-39.09000015258789</ele><time>2022-05-22T21:53:25Z</time><extensions><gpxtpx:TrackPointExtension><gpxtpx:hr>168</gpxtpx:hr><gpxtpx:cad>89</gpxtpx:cad></gpxtpx:TrackPointExtension></extensions></trkpt><trkpt lat="35.95159229" lon="120.21057836"><ele>-39.11000061035156</ele><time>2022-05-22T21:53:26Z</time><extensions><gpxtpx:TrackPointExtension><gpxtpx:hr>168</gpxtpx:hr><gpxtpx:cad>89</gpxtpx:cad></gpxtpx:TrackPointExtension></extensions></trkpt><trkpt lat="35.95157329" lon="120.21058036"><ele>-39.220001220703125</ele><time>2022-05-22T21:53:27Z</time><extensions><gpxtpx:TrackPointExtension><gpxtpx:hr>168</gpxtpx:hr><gpxtpx:cad>88</gpxtpx:cad></gpxtpx:TrackPointExtension></extensions></trkpt><trkpt lat="35.95155296" lon="120.21058402"><ele>-39.20000076293945</ele><time>2022-05-22T21:53:28Z</time><extensions><gpxtpx:TrackPointExtension><gpxtpx:hr>168</gpxtpx:hr><gpxtpx:cad>89</gpxtpx:cad></gpxtpx:TrackPointExtension></extensions></trkpt><trkpt lat="35.95153196" lon="120.21058702"><ele>-39.290000915527344</ele><time>2022-05-22T21:53:29Z</time><extensions><gpxtpx:TrackPointExtension><gpxtpx:hr>168</gpxtpx:hr><gpxtpx:cad>89</gpxtpx:cad></gpxtpx:TrackPointExtension></extensions></trkpt><trkpt lat="35.95150997" lon="120.21059101"><ele>-39.27000045776367</ele><time>2022-05-22T21:53:30Z</time><extensions><gpxtpx:TrackPointExtension><gpxtpx:hr>168</gpxtpx:hr><gpxtpx:cad>89</gpxtpx:cad></gpxtpx:TrackPointExtension></extensions></trkpt><trkpt lat="35.95148831" lon="120.21059301"><ele>-39.36000061035156</ele><time>2022-05-22T21:53:31Z</time><extensions><gpxtpx:TrackPointExtension><gpxtpx:hr>168</gpxtpx:hr><gpxtpx:cad>89</gpxtpx:cad></gpxtpx:TrackPointExtension></extensions></trkpt><trkpt lat="35.95146465" lon="120.21059734"><ele>-39.310001373291016</ele><time>2022-05-22T21:53:32Z</time><extensions><gpxtpx:TrackPointExtension><gpxtpx:hr>168</gpxtpx:hr><gpxtpx:cad>90</gpxtpx:cad></gpxtpx:TrackPointExtension></extensions></trkpt><trkpt lat="35.95143999" lon="120.210604"><ele>-39.400001525878906</ele><time>2022-05-22T21:53:33Z</time><extensions><gpxtpx:TrackPointExtension><gpxtpx:hr>168</gpxtpx:hr><gpxtpx:cad>89</gpxtpx:cad></gpxtpx:TrackPointExtension></extensions></trkpt><trkpt lat="35.95141299" lon="120.21061166"><ele>-39.34000015258789</ele><time>2022-05-22T21:53:34Z</time><extensions><gpxtpx:TrackPointExtension><gpxtpx:hr>168</gpxtpx:hr><gpxtpx:cad>89</gpxtpx:cad></gpxtpx:TrackPointExtension></extensions></trkpt><trkpt lat="35.951386" lon="120.21061932"><ele>-39.43000030517578</ele><time>2022-05-22T21:53:35Z</time><extensions><gpxtpx:TrackPointExtension><gpxtpx:hr>168</gpxtpx:hr><gpxtpx:cad>89</gpxtpx:cad></gpxtpx:TrackPointExtension></extensions></trkpt><trkpt lat="35.95135967" lon="120.21062798"><ele>-39.43000030517578</ele><time>2022-05-22T21:53:36Z</time><extensions><gpxtpx:TrackPointExtension><gpxtpx:hr>169</gpxtpx:hr><gpxtpx:cad>89</gpxtpx:cad></gpxtpx:TrackPointExtension></extensions></trkpt><trkpt lat="35.95133467" lon="120.21063664"><ele>-39.400001525878906</ele><time>2022-05-22T21:53:37Z</time><extensions><gpxtpx:TrackPointExtension><gpxtpx:hr>170</gpxtpx:hr><gpxtpx:cad>89</gpxtpx:cad></gpxtpx:TrackPointExtension></extensions></trkpt><trkpt lat="35.95131068" lon="120.21064597"><ele>-39.310001373291016</ele><time>2022-05-22T21:53:38Z</time><extensions><gpxtpx:TrackPointExtension><gpxtpx:hr>170</gpxtpx:hr><gpxtpx:cad>89</gpxtpx:cad></gpxtpx:TrackPointExtension></extensions></trkpt><trkpt lat="35.95128668" lon="120.21065497"><ele>-39.400001525878906</ele><time>2022-05-22T21:53:39Z</time><extensions><gpxtpx:TrackPointExtension><gpxtpx:hr>170</gpxtpx:hr><gpxtpx:cad>89</gpxtpx:cad></gpxtpx:TrackPointExtension></extensions></trkpt><trkpt lat="35.95126402" lon="120.21066196"><ele>-39.310001373291016</ele><time>2022-05-22T21:53:40Z</time><extensions><gpxtpx:TrackPointExtension><gpxtpx:hr>170</gpxtpx:hr><gpxtpx:cad>89</gpxtpx:cad></gpxtpx:TrackPointExtension></extensions></trkpt><trkpt lat="35.95124169" lon="120.21066829"><ele>-39.400001525878906</ele><time>2022-05-22T21:53:41Z</time><extensions><gpxtpx:TrackPointExtension><gpxtpx:hr>170</gpxtpx:hr><gpxtpx:cad>90</gpxtpx:cad></gpxtpx:TrackPointExtension></extensions></trkpt><trkpt lat="35.95121903" lon="120.21067528"><ele>-39.36000061035156</ele><time>2022-05-22T21:53:42Z</time><extensions><gpxtpx:TrackPointExtension><gpxtpx:hr>171</gpxtpx:hr><gpxtpx:cad>90</gpxtpx:cad></gpxtpx:TrackPointExtension></extensions></trkpt><trkpt lat="35.95119703" lon="120.21068528"><ele>-39.52000045776367</ele><time>2022-05-22T21:53:43Z</time><extensions><gpxtpx:TrackPointExtension><gpxtpx:hr>171</gpxtpx:hr><gpxtpx:cad>89</gpxtpx:cad></gpxtpx:TrackPointExtension></extensions></trkpt><trkpt lat="35.95117537" lon="120.21069394"><ele>-39.52000045776367</ele><time>2022-05-22T21:53:44Z</time><extensions><gpxtpx:TrackPointExtension><gpxtpx:hr>171</gpxtpx:hr><gpxtpx:cad>89</gpxtpx:cad></gpxtpx:TrackPointExtension></extensions></trkpt><trkpt lat="35.95115371" lon="120.2107016"><ele>-39.650001525878906</ele><time>2022-05-22T21:53:45Z</time><extensions><gpxtpx:TrackPointExtension><gpxtpx:hr>171</gpxtpx:hr><gpxtpx:cad>89</gpxtpx:cad></gpxtpx:TrackPointExtension></extensions></trkpt><trkpt lat="35.95113205" lon="120.21071193"><ele>-39.630001068115234</ele><time>2022-05-22T21:53:46Z</time><extensions><gpxtpx:TrackPointExtension><gpxtpx:hr>171</gpxtpx:hr><gpxtpx:cad>89</gpxtpx:cad></gpxtpx:TrackPointExtension></extensions></trkpt><trkpt lat="35.95111039" lon="120.21072359"><ele>-39.7400016784668</ele><time>2022-05-22T21:53:47Z</time><extensions><gpxtpx:TrackPointExtension><gpxtpx:hr>171</gpxtpx:hr><gpxtpx:cad>90</gpxtpx:cad></gpxtpx:TrackPointExtension></extensions></trkpt><trkpt lat="35.95108839" lon="120.21073825"><ele>-39.70000076293945</ele><time>2022-05-22T21:53:48Z</time><extensions><gpxtpx:TrackPointExtension><gpxtpx:hr>171</gpxtpx:hr><gpxtpx:cad>91</gpxtpx:cad></gpxtpx:TrackPointExtension></extensions></trkpt><trkpt lat="35.95106739" lon="120.21075324"><ele>-39.65999984741211</ele><time>2022-05-22T21:53:49Z</time><extensions><gpxtpx:TrackPointExtension><gpxtpx:hr>171</gpxtpx:hr><gpxtpx:cad>91</gpxtpx:cad></gpxtpx:TrackPointExtension></extensions></trkpt><trkpt lat="35.95104673" lon="120.2107689"><ele>-39.630001068115234</ele><time>2022-05-22T21:53:50Z</time><extensions><gpxtpx:TrackPointExtension><gpxtpx:hr>172</gpxtpx:hr><gpxtpx:cad>90</gpxtpx:cad></gpxtpx:TrackPointExtension></extensions></trkpt><trkpt lat="35.9510264" lon="120.21078556"><ele>-39.61000061035156</ele><time>2022-05-22T21:53:51Z</time><extensions><gpxtpx:TrackPointExtension><gpxtpx:hr>173</gpxtpx:hr><gpxtpx:cad>90</gpxtpx:cad></gpxtpx:TrackPointExtension></extensions></trkpt><trkpt lat="35.95100574" lon="120.21080156"><ele>-39.61000061035156</ele><time>2022-05-22T21:53:52Z</time><extensions><gpxtpx:TrackPointExtension><gpxtpx:hr>173</gpxtpx:hr><gpxtpx:cad>89</gpxtpx:cad></gpxtpx:TrackPointExtension></extensions></trkpt><trkpt lat="35.95098341" lon="120.21081756"><ele>-39.560001373291016</ele><time>2022-05-22T21:53:53Z</time><extensions><gpxtpx:TrackPointExtension><gpxtpx:hr>173</gpxtpx:hr><gpxtpx:cad>89</gpxtpx:cad></gpxtpx:TrackPointExtension></extensions></trkpt><trkpt lat="35.95095808" lon="120.21083555"><ele>-39.560001373291016</ele><time>2022-05-22T21:53:54Z</time><extensions><gpxtpx:TrackPointExtension><gpxtpx:hr>173</gpxtpx:hr><gpxtpx:cad>89</gpxtpx:cad></gpxtpx:TrackPointExtension></extensions></trkpt><trkpt lat="35.95093342" lon="120.21085121"><ele>-39.540000915527344</ele><time>2022-05-22T21:53:55Z</time><extensions><gpxtpx:TrackPointExtension><gpxtpx:hr>173</gpxtpx:hr><gpxtpx:cad>89</gpxtpx:cad></gpxtpx:TrackPointExtension></extensions></trkpt><trkpt lat="35.95090776" lon="120.2108642"><ele>-39.540000915527344</ele><time>2022-05-22T21:53:56Z</time><extensions><gpxtpx:TrackPointExtension><gpxtpx:hr>174</gpxtpx:hr><gpxtpx:cad>89</gpxtpx:cad></gpxtpx:TrackPointExtension></extensions></trkpt><trkpt lat="35.95087876" lon="120.21087353"><ele>-39.560001373291016</ele><time>2022-05-22T21:53:57Z</time><extensions><gpxtpx:TrackPointExtension><gpxtpx:hr>175</gpxtpx:hr><gpxtpx:cad>88</gpxtpx:cad></gpxtpx:TrackPointExtension></extensions></trkpt><trkpt lat="35.95084777" lon="120.21088252"><ele>-39.58000183105469</ele><time>2022-05-22T21:53:58Z</time><extensions><gpxtpx:TrackPointExtension><gpxtpx:hr>175</gpxtpx:hr><gpxtpx:cad>89</gpxtpx:cad></gpxtpx:TrackPointExtension></extensions></trkpt><trkpt lat="35.95081778" lon="120.21089018"><ele>-39.61000061035156</ele><time>2022-05-22T21:53:59Z</time><extensions><gpxtpx:TrackPointExtension><gpxtpx:hr>175</gpxtpx:hr></gpxtpx:TrackPointExtension></extensions></trkpt><trkpt lat="35.95078878" lon="120.21089751"><ele>-39.650001525878906</ele><time>2022-05-22T21:54:00Z</time><extensions><gpxtpx:TrackPointExtension><gpxtpx:hr>176</gpxtpx:hr><gpxtpx:cad>89</gpxtpx:cad></gpxtpx:TrackPointExtension></extensions></trkpt><trkpt lat="35.95076179" lon="120.21090251"><ele>-39.77000045776367</ele><time>2022-05-22T21:54:01Z</time><extensions><gpxtpx:TrackPointExtension><gpxtpx:hr>176</gpxtpx:hr><gpxtpx:cad>89</gpxtpx:cad></gpxtpx:TrackPointExtension></extensions></trkpt><trkpt lat="35.95073479" lon="120.21090584"><ele>-39.77000045776367</ele><time>2022-05-22T21:54:02Z</time><extensions><gpxtpx:TrackPointExtension><gpxtpx:hr>176</gpxtpx:hr><gpxtpx:cad>87</gpxtpx:cad></gpxtpx:TrackPointExtension></extensions></trkpt><trkpt lat="35.95070913" lon="120.2109085"><ele>-39.93000030517578</ele><time>2022-05-22T21:54:03Z</time><extensions><gpxtpx:TrackPointExtension><gpxtpx:hr>176</gpxtpx:hr><gpxtpx:cad>88</gpxtpx:cad></gpxtpx:TrackPointExtension></extensions></trkpt><trkpt lat="35.95068247" lon="120.21091116"><ele>-40.040000915527344</ele><time>2022-05-22T21:54:04Z</time><extensions><gpxtpx:TrackPointExtension><gpxtpx:hr>176</gpxtpx:hr></gpxtpx:TrackPointExtension></extensions></trkpt><trkpt lat="35.95065581" lon="120.21091416"><ele>-40.20000076293945</ele><time>2022-05-22T21:54:05Z</time><extensions><gpxtpx:TrackPointExtension><gpxtpx:hr>177</gpxtpx:hr><gpxtpx:cad>88</gpxtpx:cad></gpxtpx:TrackPointExtension></extensions></trkpt><trkpt lat="35.95062882" lon="120.21091849"><ele>-40.27000045776367</ele><time>2022-05-22T21:54:06Z</time><extensions><gpxtpx:TrackPointExtension><gpxtpx:hr>177</gpxtpx:hr></gpxtpx:TrackPointExtension></extensions></trkpt><trkpt lat="35.95060316" lon="120.21092315"><ele>-40.45000076293945</ele><time>2022-05-22T21:54:07Z</time><extensions><gpxtpx:TrackPointExtension><gpxtpx:hr>177</gpxtpx:hr><gpxtpx:cad>88</gpxtpx:cad></gpxtpx:TrackPointExtension></extensions></trkpt><trkpt lat="35.95057983" lon="120.21092581"><ele>-40.540000915527344</ele><time>2022-05-22T21:54:08Z</time><extensions><gpxtpx:TrackPointExtension><gpxtpx:hr>177</gpxtpx:hr><gpxtpx:cad>88</gpxtpx:cad></gpxtpx:TrackPointExtension></extensions></trkpt><trkpt lat="35.95055717" lon="120.21092747"><ele>-40.630001068115234</ele><time>2022-05-22T21:54:09Z</time><extensions><gpxtpx:TrackPointExtension><gpxtpx:hr>176</gpxtpx:hr><gpxtpx:cad>87</gpxtpx:cad></gpxtpx:TrackPointExtension></extensions></trkpt><trkpt lat="35.95053451" lon="120.21092846"><ele>-40.68000030517578</ele><time>2022-05-22T21:54:10Z</time><extensions><gpxtpx:TrackPointExtension><gpxtpx:hr>176</gpxtpx:hr><gpxtpx:cad>87</gpxtpx:cad></gpxtpx:TrackPointExtension></extensions></trkpt><trkpt lat="35.95051218" lon="120.21092979"><ele>-40.720001220703125</ele><time>2022-05-22T21:54:11Z</time><extensions><gpxtpx:TrackPointExtension><gpxtpx:hr>176</gpxtpx:hr><gpxtpx:cad>87</gpxtpx:cad></gpxtpx:TrackPointExtension></extensions></trkpt><trkpt lat="35.95049018" lon="120.21093012"><ele>-40.720001220703125</ele><time>2022-05-22T21:54:12Z</time><extensions><gpxtpx:TrackPointExtension><gpxtpx:hr>176</gpxtpx:hr><gpxtpx:cad>87</gpxtpx:cad></gpxtpx:TrackPointExtension></extensions></trkpt><trkpt lat="35.95046818" lon="120.21092913"><ele>-40.70000076293945</ele><time>2022-05-22T21:54:13Z</time><extensions><gpxtpx:TrackPointExtension><gpxtpx:hr>176</gpxtpx:hr><gpxtpx:cad>88</gpxtpx:cad></gpxtpx:TrackPointExtension></extensions></trkpt><trkpt lat="35.95044552" lon="120.21092647"><ele>-40.650001525878906</ele><time>2022-05-22T21:54:14Z</time><extensions><gpxtpx:TrackPointExtension><gpxtpx:hr>177</gpxtpx:hr><gpxtpx:cad>88</gpxtpx:cad></gpxtpx:TrackPointExtension></extensions></trkpt><trkpt lat="35.95042353" lon="120.21092247"><ele>-40.61000061035156</ele><time>2022-05-22T21:54:15Z</time><extensions><gpxtpx:TrackPointExtension><gpxtpx:hr>178</gpxtpx:hr><gpxtpx:cad>87</gpxtpx:cad></gpxtpx:TrackPointExtension></extensions></trkpt><trkpt lat="35.95039987" lon="120.21091781"><ele>-40.560001373291016</ele><time>2022-05-22T21:54:16Z</time><extensions><gpxtpx:TrackPointExtension><gpxtpx:hr>179</gpxtpx:hr><gpxtpx:cad>88</gpxtpx:cad></gpxtpx:TrackPointExtension></extensions></trkpt><trkpt lat="35.95037888" lon="120.21091281"><ele>-40.5</ele><time>2022-05-22T21:54:17Z</time><extensions><gpxtpx:TrackPointExtension><gpxtpx:hr>179</gpxtpx:hr><gpxtpx:cad>88</gpxtpx:cad></gpxtpx:TrackPointExtension></extensions></trkpt><trkpt lat="35.95036022" lon="120.21090715"><ele>-40.470001220703125</ele><time>2022-05-22T21:54:18Z</time><extensions><gpxtpx:TrackPointExtension><gpxtpx:hr>178</gpxtpx:hr><gpxtpx:cad>88</gpxtpx:cad></gpxtpx:TrackPointExtension></extensions></trkpt><trkpt lat="35.95034289" lon="120.21090382"><ele>-40.5</ele><time>2022-05-22T21:54:19Z</time><extensions><gpxtpx:TrackPointExtension><gpxtpx:hr>177</gpxtpx:hr><gpxtpx:cad>88</gpxtpx:cad></gpxtpx:TrackPointExtension></extensions></trkpt><trkpt lat="35.95032523" lon="120.21090083"><ele>-40.52000045776367</ele><time>2022-05-22T21:54:20Z</time><extensions><gpxtpx:TrackPointExtension><gpxtpx:hr>175</gpxtpx:hr><gpxtpx:cad>88</gpxtpx:cad></gpxtpx:TrackPointExtension></extensions></trkpt><trkpt lat="35.95030757" lon="120.21089883"><ele>-40.58000183105469</ele><time>2022-05-22T21:54:21Z</time><extensions><gpxtpx:TrackPointExtension><gpxtpx:hr>174</gpxtpx:hr><gpxtpx:cad>88</gpxtpx:cad></gpxtpx:TrackPointExtension></extensions></trkpt><trkpt lat="35.95028991" lon="120.21089784"><ele>-40.630001068115234</ele><time>2022-05-22T21:54:22Z</time><extensions><gpxtpx:TrackPointExtension><gpxtpx:hr>174</gpxtpx:hr><gpxtpx:cad>88</gpxtpx:cad></gpxtpx:TrackPointExtension></extensions></trkpt><trkpt lat="35.95027225" lon="120.21089751"><ele>-40.630001068115234</ele><time>2022-05-22T21:54:23Z</time><extensions><gpxtpx:TrackPointExtension><gpxtpx:hr>174</gpxtpx:hr><gpxtpx:cad>88</gpxtpx:cad></gpxtpx:TrackPointExtension></extensions></trkpt><trkpt lat="35.95025659" lon="120.21089817"><ele>-40.650001525878906</ele><time>2022-05-22T21:54:24Z</time><extensions><gpxtpx:TrackPointExtension><gpxtpx:hr>174</gpxtpx:hr><gpxtpx:cad>88</gpxtpx:cad></gpxtpx:TrackPointExtension></extensions></trkpt><trkpt lat="35.95024226" lon="120.2108995"><ele>-40.68000030517578</ele><time>2022-05-22T21:54:25Z</time><extensions><gpxtpx:TrackPointExtension><gpxtpx:hr>174</gpxtpx:hr><gpxtpx:cad>88</gpxtpx:cad></gpxtpx:TrackPointExtension></extensions></trkpt><trkpt lat="35.95022826" lon="120.21090216"><ele>-40.68000030517578</ele><time>2022-05-22T21:54:26Z</time><extensions><gpxtpx:TrackPointExtension><gpxtpx:hr>174</gpxtpx:hr><gpxtpx:cad>88</gpxtpx:cad></gpxtpx:TrackPointExtension></extensions></trkpt><trkpt lat="35.9502146" lon="120.21090616"><ele>-40.70000076293945</ele><time>2022-05-22T21:54:27Z</time><extensions><gpxtpx:TrackPointExtension><gpxtpx:hr>173</gpxtpx:hr><gpxtpx:cad>88</gpxtpx:cad></gpxtpx:TrackPointExtension></extensions></trkpt><trkpt lat="35.95020161" lon="120.21091115"><ele>-40.70000076293945</ele><time>2022-05-22T21:54:28Z</time><extensions><gpxtpx:TrackPointExtension><gpxtpx:hr>172</gpxtpx:hr><gpxtpx:cad>88</gpxtpx:cad></gpxtpx:TrackPointExtension></extensions></trkpt><trkpt lat="35.95018995" lon="120.21091648"><ele>-40.720001220703125</ele><time>2022-05-22T21:54:29Z</time><extensions><gpxtpx:TrackPointExtension><gpxtpx:hr>172</gpxtpx:hr><gpxtpx:cad>88</gpxtpx:cad></gpxtpx:TrackPointExtension></extensions></trkpt><trkpt lat="35.95017895" lon="120.21092181"><ele>-40.70000076293945</ele><time>2022-05-22T21:54:30Z</time><extensions><gpxtpx:TrackPointExtension><gpxtpx:hr>171</gpxtpx:hr><gpxtpx:cad>88</gpxtpx:cad></gpxtpx:TrackPointExtension></extensions></trkpt><trkpt lat="35.95016895" lon="120.21092747"><ele>-40.68000030517578</ele><time>2022-05-22T21:54:31Z</time><extensions><gpxtpx:TrackPointExtension><gpxtpx:hr>171</gpxtpx:hr><gpxtpx:cad>88</gpxtpx:cad></gpxtpx:TrackPointExtension></extensions></trkpt><trkpt lat="35.95015829" lon="120.21093346"><ele>-40.650001525878906</ele><time>2022-05-22T21:54:32Z</time><extensions><gpxtpx:TrackPointExtension><gpxtpx:hr>171</gpxtpx:hr><gpxtpx:cad>88</gpxtpx:cad></gpxtpx:TrackPointExtension></extensions></trkpt><trkpt lat="35.9501463" lon="120.21093812"><ele>-40.650001525878906</ele><time>2022-05-22T21:54:33Z</time><extensions><gpxtpx:TrackPointExtension><gpxtpx:hr>170</gpxtpx:hr><gpxtpx:cad>88</gpxtpx:cad></gpxtpx:TrackPointExtension></extensions></trkpt><trkpt lat="35.95013264" lon="120.21094112"><ele>-40.68000030517578</ele><time>2022-05-22T21:54:34Z</time><extensions><gpxtpx:TrackPointExtension><gpxtpx:hr>169</gpxtpx:hr><gpxtpx:cad>88</gpxtpx:cad></gpxtpx:TrackPointExtension></extensions></trkpt><trkpt lat="35.95011698" lon="120.21094445"><ele>-40.68000030517578</ele><time>2022-05-22T21:54:35Z</time><extensions><gpxtpx:TrackPointExtension><gpxtpx:hr>169</gpxtpx:hr><gpxtpx:cad>88</gpxtpx:cad></gpxtpx:TrackPointExtension></extensions></trkpt><trkpt lat="35.95010098" lon="120.21094711"><ele>-40.70000076293945</ele><time>2022-05-22T21:54:36Z</time><extensions><gpxtpx:TrackPointExtension><gpxtpx:hr>169</gpxtpx:hr><gpxtpx:cad>88</gpxtpx:cad></gpxtpx:TrackPointExtension></extensions></trkpt><trkpt lat="35.95008465" lon="120.21094877"><ele>-40.70000076293945</ele><time>2022-05-22T21:54:37Z</time><extensions><gpxtpx:TrackPointExtension><gpxtpx:hr>169</gpxtpx:hr><gpxtpx:cad>88</gpxtpx:cad></gpxtpx:TrackPointExtension></extensions></trkpt><trkpt lat="35.95006832" lon="120.21095043"><ele>-40.650001525878906</ele><time>2022-05-22T21:54:38Z</time><extensions><gpxtpx:TrackPointExtension><gpxtpx:hr>168</gpxtpx:hr><gpxtpx:cad>88</gpxtpx:cad></gpxtpx:TrackPointExtension></extensions></trkpt><trkpt lat="35.95005266" lon="120.21095276"><ele>-40.630001068115234</ele><time>2022-05-22T21:54:39Z</time><extensions><gpxtpx:TrackPointExtension><gpxtpx:hr>168</gpxtpx:hr><gpxtpx:cad>88</gpxtpx:cad></gpxtpx:TrackPointExtension></extensions></trkpt><trkpt lat="35.95003766" lon="120.21095609"><ele>-40.61000061035156</ele><time>2022-05-22T21:54:40Z</time><extensions><gpxtpx:TrackPointExtension><gpxtpx:hr>167</gpxtpx:hr><gpxtpx:cad>88</gpxtpx:cad></gpxtpx:TrackPointExtension></extensions></trkpt><trkpt lat="35.95002" lon="120.21096142"><ele>-40.58000183105469</ele><time>2022-05-22T21:54:41Z</time><extensions><gpxtpx:TrackPointExtension><gpxtpx:hr>167</gpxtpx:hr><gpxtpx:cad>89</gpxtpx:cad></gpxtpx:TrackPointExtension></extensions></trkpt><trkpt lat="35.95000301" lon="120.21096741"><ele>-40.560001373291016</ele><time>2022-05-22T21:54:42Z</time><extensions><gpxtpx:TrackPointExtension><gpxtpx:hr>167</gpxtpx:hr><gpxtpx:cad>89</gpxtpx:cad></gpxtpx:TrackPointExtension></extensions></trkpt><trkpt lat="35.94998735" lon="120.21097674"><ele>-40.52000045776367</ele><time>2022-05-22T21:54:43Z</time><extensions><gpxtpx:TrackPointExtension><gpxtpx:hr>168</gpxtpx:hr><gpxtpx:cad>89</gpxtpx:cad></gpxtpx:TrackPointExtension></extensions></trkpt><trkpt lat="35.94997069" lon="120.2109834"><ele>-40.5</ele><time>2022-05-22T21:54:44Z</time><extensions><gpxtpx:TrackPointExtension><gpxtpx:hr>169</gpxtpx:hr><gpxtpx:cad>89</gpxtpx:cad></gpxtpx:TrackPointExtension></extensions></trkpt><trkpt lat="35.94995336" lon="120.21098973"><ele>-40.470001220703125</ele><time>2022-05-22T21:54:45Z</time><extensions><gpxtpx:TrackPointExtension><gpxtpx:hr>170</gpxtpx:hr><gpxtpx:cad>89</gpxtpx:cad></gpxtpx:TrackPointExtension></extensions></trkpt><trkpt lat="35.9499357" lon="120.21099572"><ele>-40.45000076293945</ele><time>2022-05-22T21:54:46Z</time><extensions><gpxtpx:TrackPointExtension><gpxtpx:hr>170</gpxtpx:hr><gpxtpx:cad>89</gpxtpx:cad></gpxtpx:TrackPointExtension></extensions></trkpt><trkpt lat="35.94991637" lon="120.21100338"><ele>-40.40999984741211</ele><time>2022-05-22T21:54:47Z</time><extensions><gpxtpx:TrackPointExtension><gpxtpx:hr>171</gpxtpx:hr><gpxtpx:cad>89</gpxtpx:cad></gpxtpx:TrackPointExtension></extensions></trkpt><trkpt lat="35.94989571" lon="120.21101004"><ele>-40.380001068115234</ele><time>2022-05-22T21:54:48Z</time><extensions><gpxtpx:TrackPointExtension><gpxtpx:hr>171</gpxtpx:hr><gpxtpx:cad>89</gpxtpx:cad></gpxtpx:TrackPointExtension></extensions></trkpt><trkpt lat="35.94987438" lon="120.21101803"><ele>-40.36000061035156</ele><time>2022-05-22T21:54:49Z</time><extensions><gpxtpx:TrackPointExtension><gpxtpx:hr>172</gpxtpx:hr><gpxtpx:cad>88</gpxtpx:cad></gpxtpx:TrackPointExtension></extensions></trkpt><trkpt lat="35.94985505" lon="120.21102603"><ele>-40.34000015258789</ele><time>2022-05-22T21:54:50Z</time><extensions><gpxtpx:TrackPointExtension><gpxtpx:hr>172</gpxtpx:hr><gpxtpx:cad>89</gpxtpx:cad></gpxtpx:TrackPointExtension></extensions></trkpt><trkpt lat="35.94983539" lon="120.21103436"><ele>-40.33000183105469</ele><time>2022-05-22T21:54:51Z</time><extensions><gpxtpx:TrackPointExtension><gpxtpx:hr>173</gpxtpx:hr><gpxtpx:cad>88</gpxtpx:cad></gpxtpx:TrackPointExtension></extensions></trkpt><trkpt lat="35.94981106" lon="120.21104502"><ele>-40.310001373291016</ele><time>2022-05-22T21:54:52Z</time><extensions><gpxtpx:TrackPointExtension><gpxtpx:hr>172</gpxtpx:hr><gpxtpx:cad>88</gpxtpx:cad></gpxtpx:TrackPointExtension></extensions></trkpt><trkpt lat="35.94978773" lon="120.21105735"><ele>-40.310001373291016</ele><time>2022-05-22T21:54:53Z</time><extensions><gpxtpx:TrackPointExtension><gpxtpx:hr>172</gpxtpx:hr><gpxtpx:cad>88</gpxtpx:cad></gpxtpx:TrackPointExtension></extensions></trkpt><trkpt lat="35.94976373" lon="120.21107101"><ele>-40.290000915527344</ele><time>2022-05-22T21:54:54Z</time><extensions><gpxtpx:TrackPointExtension><gpxtpx:hr>172</gpxtpx:hr><gpxtpx:cad>88</gpxtpx:cad></gpxtpx:TrackPointExtension></extensions></trkpt><trkpt lat="35.9497444" lon="120.21108334"><ele>-40.27000045776367</ele><time>2022-05-22T21:54:55Z</time><extensions><gpxtpx:TrackPointExtension><gpxtpx:hr>172</gpxtpx:hr><gpxtpx:cad>88</gpxtpx:cad></gpxtpx:TrackPointExtension></extensions></trkpt><trkpt lat="35.94972907" lon="120.211093"><ele>-40.25</ele><time>2022-05-22T21:54:56Z</time><extensions><gpxtpx:TrackPointExtension><gpxtpx:hr>172</gpxtpx:hr><gpxtpx:cad>88</gpxtpx:cad></gpxtpx:TrackPointExtension></extensions></trkpt><trkpt lat="35.94971607" lon="120.21109899"><ele>-40.220001220703125</ele><time>2022-05-22T21:54:57Z</time><extensions><gpxtpx:TrackPointExtension><gpxtpx:hr>172</gpxtpx:hr><gpxtpx:cad>88</gpxtpx:cad></gpxtpx:TrackPointExtension></extensions></trkpt><trkpt lat="35.94970541" lon="120.21110232"><ele>-40.220001220703125</ele><time>2022-05-22T21:54:58Z</time><extensions><gpxtpx:TrackPointExtension><gpxtpx:hr>173</gpxtpx:hr><gpxtpx:cad>88</gpxtpx:cad></gpxtpx:TrackPointExtension></extensions></trkpt><trkpt lat="35.94969508" lon="120.21110498"><ele>-40.20000076293945</ele><time>2022-05-22T21:54:59Z</time><extensions><gpxtpx:TrackPointExtension><gpxtpx:hr>174</gpxtpx:hr><gpxtpx:cad>88</gpxtpx:cad></gpxtpx:TrackPointExtension></extensions></trkpt><trkpt lat="35.94968742" lon="120.21110631"><ele>-40.290000915527344</ele><time>2022-05-22T21:55:02Z</time><extensions><gpxtpx:TrackPointExtension><gpxtpx:hr>174</gpxtpx:hr><gpxtpx:cad>88</gpxtpx:cad></gpxtpx:TrackPointExtension></extensions></trkpt><trkpt lat="35.94968042" lon="120.21110631"><ele>-40.290000915527344</ele><time>2022-05-22T21:55:02Z</time><extensions><gpxtpx:TrackPointExtension><gpxtpx:hr>173</gpxtpx:hr><gpxtpx:cad>88</gpxtpx:cad></gpxtpx:TrackPointExtension></extensions></trkpt><trkpt lat="35.94967243" lon="120.21110565"><ele>-40.290000915527344</ele><time>2022-05-22T21:55:02Z</time></trkpt><trkpt lat="35.9496641" lon="120.21110299"><ele>-40.36000061035156</ele><time>2022-05-22T21:55:03Z</time><extensions><gpxtpx:TrackPointExtension><gpxtpx:hr>173</gpxtpx:hr><gpxtpx:cad>88</gpxtpx:cad></gpxtpx:TrackPointExtension></extensions></trkpt><trkpt lat="35.94964577" lon="120.21110233"><ele>-40.470001220703125</ele><time>2022-05-22T21:55:04Z</time><extensions><gpxtpx:TrackPointExtension><gpxtpx:hr>174</gpxtpx:hr><gpxtpx:cad>88</gpxtpx:cad></gpxtpx:TrackPointExtension></extensions></trkpt><trkpt lat="35.94962677" lon="120.21109934"><ele>-40.470001220703125</ele><time>2022-05-22T21:55:08Z</time><extensions><gpxtpx:TrackPointExtension><gpxtpx:hr>173</gpxtpx:hr><gpxtpx:cad>88</gpxtpx:cad></gpxtpx:TrackPointExtension></extensions></trkpt><trkpt lat="35.94960978" lon="120.21109601"><ele>-40.470001220703125</ele><time>2022-05-22T21:55:08Z</time><extensions><gpxtpx:TrackPointExtension><gpxtpx:hr>174</gpxtpx:hr><gpxtpx:cad>88</gpxtpx:cad></gpxtpx:TrackPointExtension></extensions></trkpt><trkpt lat="35.94959345" lon="120.21109268"><ele>-40.470001220703125</ele><time>2022-05-22T21:55:08Z</time><extensions><gpxtpx:TrackPointExtension><gpxtpx:hr>173</gpxtpx:hr></gpxtpx:TrackPointExtension></extensions></trkpt><trkpt lat="35.94957445" lon="120.21108835"><ele>-40.540000915527344</ele><time>2022-05-22T21:55:08Z</time><extensions><gpxtpx:TrackPointExtension><gpxtpx:hr>173</gpxtpx:hr></gpxtpx:TrackPointExtension></extensions></trkpt><trkpt lat="35.94955446" lon="120.21108702"><ele>-40.540000915527344</ele><time>2022-05-22T21:55:09Z</time><extensions><gpxtpx:TrackPointExtension><gpxtpx:hr>173</gpxtpx:hr><gpxtpx:cad>88</gpxtpx:cad></gpxtpx:TrackPointExtension></extensions></trkpt><trkpt lat="35.9495328" lon="120.21108868"><ele>-40.59000015258789</ele><time>2022-05-22T21:55:10Z</time><extensions><gpxtpx:TrackPointExtension><gpxtpx:hr>173</gpxtpx:hr><gpxtpx:cad>88</gpxtpx:cad></gpxtpx:TrackPointExtension></extensions></trkpt><trkpt lat="35.94950814" lon="120.21109201"><ele>-40.58000183105469</ele><time>2022-05-22T21:55:11Z</time><extensions><gpxtpx:TrackPointExtension><gpxtpx:hr>174</gpxtpx:hr><gpxtpx:cad>88</gpxtpx:cad></gpxtpx:TrackPointExtension></extensions></trkpt><trkpt lat="35.94948281" lon="120.21109434"><ele>-40.58000183105469</ele><time>2022-05-22T21:55:12Z</time><extensions><gpxtpx:TrackPointExtension><gpxtpx:hr>174</gpxtpx:hr><gpxtpx:cad>88</gpxtpx:cad></gpxtpx:TrackPointExtension></extensions></trkpt><trkpt lat="35.94946115" lon="120.21109867"><ele>-40.540000915527344</ele><time>2022-05-22T21:55:13Z</time><extensions><gpxtpx:TrackPointExtension><gpxtpx:hr>174</gpxtpx:hr><gpxtpx:cad>88</gpxtpx:cad></gpxtpx:TrackPointExtension></extensions></trkpt><trkpt lat="35.94943949" lon="120.21110967"><ele>-40.560001373291016</ele><time>2022-05-22T21:55:14Z</time><extensions><gpxtpx:TrackPointExtension><gpxtpx:hr>175</gpxtpx:hr><gpxtpx:cad>88</gpxtpx:cad></gpxtpx:TrackPointExtension></extensions></trkpt><trkpt lat="35.94941716" lon="120.21111933"><ele>-40.560001373291016</ele><time>2022-05-22T21:55:15Z</time><extensions><gpxtpx:TrackPointExtension><gpxtpx:hr>175</gpxtpx:hr><gpxtpx:cad>88</gpxtpx:cad></gpxtpx:TrackPointExtension></extensions></trkpt><trkpt lat="35.94939383" lon="120.21112866"><ele>-40.560001373291016</ele><time>2022-05-22T21:55:16Z</time><extensions><gpxtpx:TrackPointExtension><gpxtpx:hr>175</gpxtpx:hr><gpxtpx:cad>88</gpxtpx:cad></gpxtpx:TrackPointExtension></extensions></trkpt><trkpt lat="35.94937083" lon="120.21113666"><ele>-40.560001373291016</ele><time>2022-05-22T21:55:17Z</time><extensions><gpxtpx:TrackPointExtension><gpxtpx:hr>175</gpxtpx:hr><gpxtpx:cad>88</gpxtpx:cad></gpxtpx:TrackPointExtension></extensions></trkpt><trkpt lat="35.94934584" lon="120.21114465"><ele>-40.58000183105469</ele><time>2022-05-22T21:55:18Z</time><extensions><gpxtpx:TrackPointExtension><gpxtpx:hr>176</gpxtpx:hr><gpxtpx:cad>88</gpxtpx:cad></gpxtpx:TrackPointExtension></extensions></trkpt><trkpt lat="35.94932184" lon="120.21115231"><ele>-40.58000183105469</ele><time>2022-05-22T21:55:19Z</time><extensions><gpxtpx:TrackPointExtension><gpxtpx:hr>176</gpxtpx:hr><gpxtpx:cad>88</gpxtpx:cad></gpxtpx:TrackPointExtension></extensions></trkpt><trkpt lat="35.94929885" lon="120.21115897"><ele>-40.540000915527344</ele><time>2022-05-22T21:55:20Z</time><extensions><gpxtpx:TrackPointExtension><gpxtpx:hr>176</gpxtpx:hr><gpxtpx:cad>88</gpxtpx:cad></gpxtpx:TrackPointExtension></extensions></trkpt><trkpt lat="35.94927519" lon="120.2111653"><ele>-40.52000045776367</ele><time>2022-05-22T21:55:21Z</time><extensions><gpxtpx:TrackPointExtension><gpxtpx:hr>176</gpxtpx:hr><gpxtpx:cad>88</gpxtpx:cad></gpxtpx:TrackPointExtension></extensions></trkpt><trkpt lat="35.9492512" lon="120.21117196"><ele>-40.5</ele><time>2022-05-22T21:55:22Z</time><extensions><gpxtpx:TrackPointExtension><gpxtpx:hr>176</gpxtpx:hr><gpxtpx:cad>88</gpxtpx:cad></gpxtpx:TrackPointExtension></extensions></trkpt><trkpt lat="35.94922854" lon="120.21117829"><ele>-40.5</ele><time>2022-05-22T21:55:23Z</time><extensions><gpxtpx:TrackPointExtension><gpxtpx:hr>176</gpxtpx:hr><gpxtpx:cad>88</gpxtpx:cad></gpxtpx:TrackPointExtension></extensions></trkpt><trkpt lat="35.94920688" lon="120.21118462"><ele>-40.470001220703125</ele><time>2022-05-22T21:55:24Z</time><extensions><gpxtpx:TrackPointExtension><gpxtpx:hr>176</gpxtpx:hr><gpxtpx:cad>88</gpxtpx:cad></gpxtpx:TrackPointExtension></extensions></trkpt><trkpt lat="35.94918222" lon="120.21119095"><ele>-40.4900016784668</ele><time>2022-05-22T21:55:25Z</time><extensions><gpxtpx:TrackPointExtension><gpxtpx:hr>177</gpxtpx:hr><gpxtpx:cad>88</gpxtpx:cad></gpxtpx:TrackPointExtension></extensions></trkpt><trkpt lat="35.94915722" lon="120.21119728"><ele>-40.4900016784668</ele><time>2022-05-22T21:55:26Z</time><extensions><gpxtpx:TrackPointExtension><gpxtpx:hr>178</gpxtpx:hr><gpxtpx:cad>88</gpxtpx:cad></gpxtpx:TrackPointExtension></extensions></trkpt><trkpt lat="35.94913423" lon="120.21120327"><ele>-40.4900016784668</ele><time>2022-05-22T21:55:27Z</time><extensions><gpxtpx:TrackPointExtension><gpxtpx:hr>178</gpxtpx:hr><gpxtpx:cad>88</gpxtpx:cad></gpxtpx:TrackPointExtension></extensions></trkpt><trkpt lat="35.94911057" lon="120.21120827"><ele>-40.45000076293945</ele><time>2022-05-22T21:55:28Z</time><extensions><gpxtpx:TrackPointExtension><gpxtpx:hr>179</gpxtpx:hr><gpxtpx:cad>62</gpxtpx:cad></gpxtpx:TrackPointExtension></extensions></trkpt><trkpt lat="35.94908557" lon="120.2112146"><ele>-40.40999984741211</ele><time>2022-05-22T21:55:29Z</time><extensions><gpxtpx:TrackPointExtension><gpxtpx:hr>179</gpxtpx:hr><gpxtpx:cad>62</gpxtpx:cad></gpxtpx:TrackPointExtension></extensions></trkpt><trkpt lat="35.94905757" lon="120.21122226"><ele>-40.380001068115234</ele><time>2022-05-22T21:55:30Z</time><extensions><gpxtpx:TrackPointExtension><gpxtpx:hr>179</gpxtpx:hr><gpxtpx:cad>62</gpxtpx:cad></gpxtpx:TrackPointExtension></extensions></trkpt><trkpt lat="35.94902891" lon="120.21123092"><ele>-40.36000061035156</ele><time>2022-05-22T21:55:31Z</time><extensions><gpxtpx:TrackPointExtension><gpxtpx:hr>178</gpxtpx:hr><gpxtpx:cad>62</gpxtpx:cad></gpxtpx:TrackPointExtension></extensions></trkpt><trkpt lat="35.94900125" lon="120.21124058"><ele>-40.34000015258789</ele><time>2022-05-22T21:55:32Z</time><extensions><gpxtpx:TrackPointExtension><gpxtpx:hr>178</gpxtpx:hr><gpxtpx:cad>62</gpxtpx:cad></gpxtpx:TrackPointExtension></extensions></trkpt><trkpt lat="35.94897425" lon="120.21125158"><ele>-40.290000915527344</ele><time>2022-05-22T21:55:33Z</time><extensions><gpxtpx:TrackPointExtension><gpxtpx:hr>178</gpxtpx:hr><gpxtpx:cad>62</gpxtpx:cad></gpxtpx:TrackPointExtension></extensions></trkpt><trkpt lat="35.94894826" lon="120.21126224"><ele>-40.25</ele><time>2022-05-22T21:55:34Z</time><extensions><gpxtpx:TrackPointExtension><gpxtpx:hr>178</gpxtpx:hr><gpxtpx:cad>62</gpxtpx:cad></gpxtpx:TrackPointExtension></extensions></trkpt><trkpt lat="35.94892326" lon="120.21127324"><ele>-40.220001220703125</ele><time>2022-05-22T21:55:35Z</time><extensions><gpxtpx:TrackPointExtension><gpxtpx:hr>177</gpxtpx:hr><gpxtpx:cad>62</gpxtpx:cad></gpxtpx:TrackPointExtension></extensions></trkpt><trkpt lat="35.9488996" lon="120.2112829"><ele>-40.220001220703125</ele><time>2022-05-22T21:55:36Z</time><extensions><gpxtpx:TrackPointExtension><gpxtpx:hr>176</gpxtpx:hr><gpxtpx:cad>62</gpxtpx:cad></gpxtpx:TrackPointExtension></extensions></trkpt><trkpt lat="35.94887594" lon="120.21129123"><ele>-40.2400016784668</ele><time>2022-05-22T21:55:37Z</time><extensions><gpxtpx:TrackPointExtension><gpxtpx:hr>176</gpxtpx:hr><gpxtpx:cad>62</gpxtpx:cad></gpxtpx:TrackPointExtension></extensions></trkpt><trkpt lat="35.94885194" lon="120.21129922"><ele>-40.2400016784668</ele><time>2022-05-22T21:55:38Z</time><extensions><gpxtpx:TrackPointExtension><gpxtpx:hr>176</gpxtpx:hr><gpxtpx:cad>62</gpxtpx:cad></gpxtpx:TrackPointExtension></extensions></trkpt><trkpt lat="35.94882728" lon="120.21130755"><ele>-40.36000061035156</ele><time>2022-05-22T21:55:39Z</time><extensions><gpxtpx:TrackPointExtension><gpxtpx:hr>176</gpxtpx:hr><gpxtpx:cad>62</gpxtpx:cad></gpxtpx:TrackPointExtension></extensions></trkpt><trkpt lat="35.94880195" lon="120.21131788"><ele>-40.36000061035156</ele><time>2022-05-22T21:55:40Z</time><extensions><gpxtpx:TrackPointExtension><gpxtpx:hr>176</gpxtpx:hr><gpxtpx:cad>88</gpxtpx:cad></gpxtpx:TrackPointExtension></extensions></trkpt><trkpt lat="35.94877562" lon="120.21133187"><ele>-40.40999984741211</ele><time>2022-05-22T21:55:41Z</time><extensions><gpxtpx:TrackPointExtension><gpxtpx:hr>175</gpxtpx:hr><gpxtpx:cad>88</gpxtpx:cad></gpxtpx:TrackPointExtension></extensions></trkpt><trkpt lat="35.94874929" lon="120.21134787"><ele>-40.380001068115234</ele><time>2022-05-22T21:55:42Z</time><extensions><gpxtpx:TrackPointExtension><gpxtpx:hr>175</gpxtpx:hr><gpxtpx:cad>88</gpxtpx:cad></gpxtpx:TrackPointExtension></extensions></trkpt><trkpt lat="35.9487233" lon="120.21136353"><ele>-40.470001220703125</ele><time>2022-05-22T21:55:43Z</time><extensions><gpxtpx:TrackPointExtension><gpxtpx:hr>175</gpxtpx:hr><gpxtpx:cad>88</gpxtpx:cad></gpxtpx:TrackPointExtension></extensions></trkpt><trkpt lat="35.9486983" lon="120.21137786"><ele>-40.45000076293945</ele><time>2022-05-22T21:55:44Z</time><extensions><gpxtpx:TrackPointExtension><gpxtpx:hr>175</gpxtpx:hr><gpxtpx:cad>88</gpxtpx:cad></gpxtpx:TrackPointExtension></extensions></trkpt><trkpt lat="35.94867297" lon="120.21138852"><ele>-40.5</ele><time>2022-05-22T21:55:45Z</time><extensions><gpxtpx:TrackPointExtension><gpxtpx:hr>175</gpxtpx:hr><gpxtpx:cad>89</gpxtpx:cad></gpxtpx:TrackPointExtension></extensions></trkpt><trkpt lat="35.94864698" lon="120.21139852"><ele>-40.470001220703125</ele><time>2022-05-22T21:55:46Z</time><extensions><gpxtpx:TrackPointExtension><gpxtpx:hr>175</gpxtpx:hr><gpxtpx:cad>88</gpxtpx:cad></gpxtpx:TrackPointExtension></extensions></trkpt><trkpt lat="35.94862165" lon="120.21140685"><ele>-40.52000045776367</ele><time>2022-05-22T21:55:47Z</time><extensions><gpxtpx:TrackPointExtension><gpxtpx:hr>175</gpxtpx:hr><gpxtpx:cad>88</gpxtpx:cad></gpxtpx:TrackPointExtension></extensions></trkpt><trkpt lat="35.94859732" lon="120.21141484"><ele>-40.52000045776367</ele><time>2022-05-22T21:55:48Z</time><extensions><gpxtpx:TrackPointExtension><gpxtpx:hr>175</gpxtpx:hr><gpxtpx:cad>89</gpxtpx:cad></gpxtpx:TrackPointExtension></extensions></trkpt><trkpt lat="35.94857233" lon="120.21142384"><ele>-40.560001373291016</ele><time>2022-05-22T21:55:49Z</time><extensions><gpxtpx:TrackPointExtension><gpxtpx:hr>175</gpxtpx:hr><gpxtpx:cad>88</gpxtpx:cad></gpxtpx:TrackPointExtension></extensions></trkpt><trkpt lat="35.94854867" lon="120.2114325"><ele>-40.540000915527344</ele><time>2022-05-22T21:55:50Z</time><extensions><gpxtpx:TrackPointExtension><gpxtpx:hr>175</gpxtpx:hr><gpxtpx:cad>89</gpxtpx:cad></gpxtpx:TrackPointExtension></extensions></trkpt><trkpt lat="35.94852501" lon="120.21144116"><ele>-40.540000915527344</ele><time>2022-05-22T21:55:51Z</time><extensions><gpxtpx:TrackPointExtension><gpxtpx:hr>175</gpxtpx:hr><gpxtpx:cad>87</gpxtpx:cad></gpxtpx:TrackPointExtension></extensions></trkpt><trkpt lat="35.94850068" lon="120.21144982"><ele>-40.540000915527344</ele><time>2022-05-22T21:55:52Z</time><extensions><gpxtpx:TrackPointExtension><gpxtpx:hr>174</gpxtpx:hr><gpxtpx:cad>87</gpxtpx:cad></gpxtpx:TrackPointExtension></extensions></trkpt><trkpt lat="35.94847602" lon="120.21145782"><ele>-40.540000915527344</ele><time>2022-05-22T21:55:53Z</time><extensions><gpxtpx:TrackPointExtension><gpxtpx:hr>174</gpxtpx:hr><gpxtpx:cad>87</gpxtpx:cad></gpxtpx:TrackPointExtension></extensions></trkpt><trkpt lat="35.94845169" lon="120.21146681"><ele>-40.540000915527344</ele><time>2022-05-22T21:55:54Z</time><extensions><gpxtpx:TrackPointExtension><gpxtpx:hr>174</gpxtpx:hr><gpxtpx:cad>88</gpxtpx:cad></gpxtpx:TrackPointExtension></extensions></trkpt><trkpt lat="35.9484287" lon="120.21147581"><ele>-40.560001373291016</ele><time>2022-05-22T21:55:55Z</time><extensions><gpxtpx:TrackPointExtension><gpxtpx:hr>174</gpxtpx:hr><gpxtpx:cad>88</gpxtpx:cad></gpxtpx:TrackPointExtension></extensions></trkpt><trkpt lat="35.9484077" lon="120.21148514"><ele>-40.560001373291016</ele><time>2022-05-22T21:55:56Z</time><extensions><gpxtpx:TrackPointExtension><gpxtpx:hr>174</gpxtpx:hr><gpxtpx:cad>89</gpxtpx:cad></gpxtpx:TrackPointExtension></extensions></trkpt><trkpt lat="35.94838737" lon="120.21149247"><ele>-40.540000915527344</ele><time>2022-05-22T21:55:57Z</time><extensions><gpxtpx:TrackPointExtension><gpxtpx:hr>174</gpxtpx:hr><gpxtpx:cad>89</gpxtpx:cad></gpxtpx:TrackPointExtension></extensions></trkpt><trkpt lat="35.94836637" lon="120.21149713"><ele>-40.5</ele><time>2022-05-22T21:55:58Z</time><extensions><gpxtpx:TrackPointExtension><gpxtpx:hr>173</gpxtpx:hr><gpxtpx:cad>88</gpxtpx:cad></gpxtpx:TrackPointExtension></extensions></trkpt><trkpt lat="35.94834538" lon="120.21150212"><ele>-40.45000076293945</ele><time>2022-05-22T21:55:59Z</time><extensions><gpxtpx:TrackPointExtension><gpxtpx:hr>173</gpxtpx:hr><gpxtpx:cad>89</gpxtpx:cad></gpxtpx:TrackPointExtension></extensions></trkpt><trkpt lat="35.94832338" lon="120.21150712"><ele>-40.380001068115234</ele><time>2022-05-22T21:56:00Z</time><extensions><gpxtpx:TrackPointExtension><gpxtpx:hr>171</gpxtpx:hr><gpxtpx:cad>88</gpxtpx:cad></gpxtpx:TrackPointExtension></extensions></trkpt><trkpt lat="35.94830172" lon="120.21151212"><ele>-40.310001373291016</ele><time>2022-05-22T21:56:01Z</time><extensions><gpxtpx:TrackPointExtension><gpxtpx:hr>171</gpxtpx:hr><gpxtpx:cad>88</gpxtpx:cad></gpxtpx:TrackPointExtension></extensions></trkpt><trkpt lat="35.94827806" lon="120.21151778"><ele>-40.310001373291016</ele><time>2022-05-22T21:56:02Z</time><extensions><gpxtpx:TrackPointExtension><gpxtpx:hr>170</gpxtpx:hr><gpxtpx:cad>88</gpxtpx:cad></gpxtpx:TrackPointExtension></extensions></trkpt><trkpt lat="35.94825373" lon="120.21152311"><ele>-40.220001220703125</ele><time>2022-05-22T21:56:03Z</time><extensions><gpxtpx:TrackPointExtension><gpxtpx:hr>170</gpxtpx:hr><gpxtpx:cad>89</gpxtpx:cad></gpxtpx:TrackPointExtension></extensions></trkpt><trkpt lat="35.9482324" lon="120.21152377"><ele>-40.18000030517578</ele><time>2022-05-22T21:56:04Z</time><extensions><gpxtpx:TrackPointExtension><gpxtpx:hr>170</gpxtpx:hr><gpxtpx:cad>89</gpxtpx:cad></gpxtpx:TrackPointExtension></extensions></trkpt><trkpt lat="35.94821307" lon="120.21152278"><ele>-40.150001525878906</ele><time>2022-05-22T21:56:05Z</time><extensions><gpxtpx:TrackPointExtension><gpxtpx:hr>170</gpxtpx:hr><gpxtpx:cad>89</gpxtpx:cad></gpxtpx:TrackPointExtension></extensions></trkpt><trkpt lat="35.94819574" lon="120.21152278"><ele>-40.220001220703125</ele><time>2022-05-22T21:56:06Z</time><extensions><gpxtpx:TrackPointExtension><gpxtpx:hr>170</gpxtpx:hr><gpxtpx:cad>89</gpxtpx:cad></gpxtpx:TrackPointExtension></extensions></trkpt><trkpt lat="35.94817875" lon="120.21152344"><ele>-40.25</ele><time>2022-05-22T21:56:07Z</time><extensions><gpxtpx:TrackPointExtension><gpxtpx:hr>170</gpxtpx:hr><gpxtpx:cad>89</gpxtpx:cad></gpxtpx:TrackPointExtension></extensions></trkpt><trkpt lat="35.94815942" lon="120.21152377"><ele>-40.290000915527344</ele><time>2022-05-22T21:56:08Z</time><extensions><gpxtpx:TrackPointExtension><gpxtpx:hr>169</gpxtpx:hr><gpxtpx:cad>89</gpxtpx:cad></gpxtpx:TrackPointExtension></extensions></trkpt><trkpt lat="35.94813943" lon="120.2115261"><ele>-40.310001373291016</ele><time>2022-05-22T21:56:09Z</time><extensions><gpxtpx:TrackPointExtension><gpxtpx:hr>169</gpxtpx:hr><gpxtpx:cad>89</gpxtpx:cad></gpxtpx:TrackPointExtension></extensions></trkpt><trkpt lat="35.9481211" lon="120.21152843"><ele>-40.34000015258789</ele><time>2022-05-22T21:56:10Z</time><extensions><gpxtpx:TrackPointExtension><gpxtpx:hr>170</gpxtpx:hr><gpxtpx:cad>89</gpxtpx:cad></gpxtpx:TrackPointExtension></extensions></trkpt><trkpt lat="35.94810444" lon="120.21153143"><ele>-40.34000015258789</ele><time>2022-05-22T21:56:11Z</time><extensions><gpxtpx:TrackPointExtension><gpxtpx:hr>170</gpxtpx:hr><gpxtpx:cad>89</gpxtpx:cad></gpxtpx:TrackPointExtension></extensions></trkpt><trkpt lat="35.94808845" lon="120.21153509"><ele>-40.36000061035156</ele><time>2022-05-22T21:56:12Z</time><extensions><gpxtpx:TrackPointExtension><gpxtpx:hr>170</gpxtpx:hr><gpxtpx:cad>89</gpxtpx:cad></gpxtpx:TrackPointExtension></extensions></trkpt><trkpt lat="35.94807312" lon="120.21153842"><ele>-40.380001068115234</ele><time>2022-05-22T21:56:13Z</time><extensions><gpxtpx:TrackPointExtension><gpxtpx:hr>170</gpxtpx:hr><gpxtpx:cad>89</gpxtpx:cad></gpxtpx:TrackPointExtension></extensions></trkpt><trkpt lat="35.94805813" lon="120.21154342"><ele>-40.380001068115234</ele><time>2022-05-22T21:56:14Z</time><extensions><gpxtpx:TrackPointExtension><gpxtpx:hr>170</gpxtpx:hr><gpxtpx:cad>89</gpxtpx:cad></gpxtpx:TrackPointExtension></extensions></trkpt><trkpt lat="35.9480418" lon="120.21155008"><ele>-40.40999984741211</ele><time>2022-05-22T21:56:15Z</time><extensions><gpxtpx:TrackPointExtension><gpxtpx:hr>170</gpxtpx:hr><gpxtpx:cad>89</gpxtpx:cad></gpxtpx:TrackPointExtension></extensions></trkpt><trkpt lat="35.94802381" lon="120.21155841"><ele>-40.45000076293945</ele><time>2022-05-22T21:56:16Z</time><extensions><gpxtpx:TrackPointExtension><gpxtpx:cad>89</gpxtpx:cad></gpxtpx:TrackPointExtension></extensions></trkpt><trkpt lat="35.94800415" lon="120.21156807"><ele>-40.470001220703125</ele><time>2022-05-22T21:56:17Z</time><extensions><gpxtpx:TrackPointExtension><gpxtpx:hr>169</gpxtpx:hr><gpxtpx:cad>89</gpxtpx:cad></gpxtpx:TrackPointExtension></extensions></trkpt><trkpt lat="35.94798315" lon="120.2115784"><ele>-40.4900016784668</ele><time>2022-05-22T21:56:18Z</time><extensions><gpxtpx:TrackPointExtension><gpxtpx:hr>168</gpxtpx:hr><gpxtpx:cad>89</gpxtpx:cad></gpxtpx:TrackPointExtension></extensions></trkpt><trkpt lat="35.94796115" lon="120.2115894"><ele>-40.5</ele><time>2022-05-22T21:56:19Z</time><extensions><gpxtpx:TrackPointExtension><gpxtpx:hr>167</gpxtpx:hr><gpxtpx:cad>89</gpxtpx:cad></gpxtpx:TrackPointExtension></extensions></trkpt><trkpt lat="35.94794049" lon="120.21159873"><ele>-40.52000045776367</ele><time>2022-05-22T21:56:20Z</time><extensions><gpxtpx:TrackPointExtension><gpxtpx:hr>167</gpxtpx:hr><gpxtpx:cad>89</gpxtpx:cad></gpxtpx:TrackPointExtension></extensions></trkpt><trkpt lat="35.94792016" lon="120.21160739"><ele>-40.540000915527344</ele><time>2022-05-22T21:56:21Z</time><extensions><gpxtpx:TrackPointExtension><gpxtpx:hr>167</gpxtpx:hr><gpxtpx:cad>89</gpxtpx:cad></gpxtpx:TrackPointExtension></extensions></trkpt><trkpt lat="35.9478995" lon="120.21161672"><ele>-40.58000183105469</ele><time>2022-05-22T21:56:22Z</time><extensions><gpxtpx:TrackPointExtension><gpxtpx:hr>167</gpxtpx:hr><gpxtpx:cad>89</gpxtpx:cad></gpxtpx:TrackPointExtension></extensions></trkpt><trkpt lat="35.94788051" lon="120.21162371"><ele>-40.61000061035156</ele><time>2022-05-22T21:56:23Z</time><extensions><gpxtpx:TrackPointExtension><gpxtpx:hr>167</gpxtpx:hr><gpxtpx:cad>89</gpxtpx:cad></gpxtpx:TrackPointExtension></extensions></trkpt><trkpt lat="35.94786285" lon="120.21162937"><ele>-40.65999984741211</ele><time>2022-05-22T21:56:24Z</time><extensions><gpxtpx:TrackPointExtension><gpxtpx:hr>167</gpxtpx:hr><gpxtpx:cad>89</gpxtpx:cad></gpxtpx:TrackPointExtension></extensions></trkpt><trkpt lat="35.94784719" lon="120.21163403"><ele>-40.68000030517578</ele><time>2022-05-22T21:56:25Z</time><extensions><gpxtpx:TrackPointExtension><gpxtpx:hr>167</gpxtpx:hr><gpxtpx:cad>89</gpxtpx:cad></gpxtpx:TrackPointExtension></extensions></trkpt><trkpt lat="35.94783553" lon="120.21163569"><ele>-40.65999984741211</ele><time>2022-05-22T21:56:26Z</time><extensions><gpxtpx:TrackPointExtension><gpxtpx:hr>167</gpxtpx:hr><gpxtpx:cad>89</gpxtpx:cad></gpxtpx:TrackPointExtension></extensions></trkpt><trkpt lat="35.9478262" lon="120.21163436"><ele>-40.650001525878906</ele><time>2022-05-22T21:56:27Z</time><extensions><gpxtpx:TrackPointExtension><gpxtpx:hr>167</gpxtpx:hr><gpxtpx:cad>89</gpxtpx:cad></gpxtpx:TrackPointExtension></extensions></trkpt><trkpt lat="35.94781554" lon="120.2116337"><ele>-40.650001525878906</ele><time>2022-05-22T21:56:28Z</time><extensions><gpxtpx:TrackPointExtension><gpxtpx:hr>167</gpxtpx:hr><gpxtpx:cad>89</gpxtpx:cad></gpxtpx:TrackPointExtension></extensions></trkpt><trkpt lat="35.94780554" lon="120.21163337"><ele>-40.630001068115234</ele><time>2022-05-22T21:56:29Z</time><extensions><gpxtpx:TrackPointExtension><gpxtpx:hr>166</gpxtpx:hr><gpxtpx:cad>89</gpxtpx:cad></gpxtpx:TrackPointExtension></extensions></trkpt><trkpt lat="35.94779555" lon="120.21163238"><ele>-40.59000015258789</ele><time>2022-05-22T21:56:30Z</time><extensions><gpxtpx:TrackPointExtension><gpxtpx:hr>166</gpxtpx:hr><gpxtpx:cad>89</gpxtpx:cad></gpxtpx:TrackPointExtension></extensions></trkpt><trkpt lat="35.94778355" lon="120.21163271"><ele>-40.560001373291016</ele><time>2022-05-22T21:56:31Z</time><extensions><gpxtpx:TrackPointExtension><gpxtpx:hr>166</gpxtpx:hr><gpxtpx:cad>89</gpxtpx:cad></gpxtpx:TrackPointExtension></extensions></trkpt><trkpt lat="35.94777056" lon="120.21163437"><ele>-40.540000915527344</ele><time>2022-05-22T21:56:32Z</time><extensions><gpxtpx:TrackPointExtension><gpxtpx:hr>166</gpxtpx:hr><gpxtpx:cad>89</gpxtpx:cad></gpxtpx:TrackPointExtension></extensions></trkpt><trkpt lat="35.94775523" lon="120.21163636"><ele>-40.52000045776367</ele><time>2022-05-22T21:56:33Z</time><extensions><gpxtpx:TrackPointExtension><gpxtpx:hr>166</gpxtpx:hr><gpxtpx:cad>89</gpxtpx:cad></gpxtpx:TrackPointExtension></extensions></trkpt><trkpt lat="35.94773824" lon="120.21163936"><ele>-40.540000915527344</ele><time>2022-05-22T21:56:34Z</time><extensions><gpxtpx:TrackPointExtension><gpxtpx:hr>166</gpxtpx:hr><gpxtpx:cad>89</gpxtpx:cad></gpxtpx:TrackPointExtension></extensions></trkpt><trkpt lat="35.94772591" lon="120.21164069"><ele>-40.540000915527344</ele><time>2022-05-22T21:56:35Z</time><extensions><gpxtpx:TrackPointExtension><gpxtpx:hr>165</gpxtpx:hr><gpxtpx:cad>89</gpxtpx:cad></gpxtpx:TrackPointExtension></extensions></trkpt><trkpt lat="35.94771191" lon="120.21164302"><ele>-40.540000915527344</ele><time>2022-05-22T21:56:36Z</time><extensions><gpxtpx:TrackPointExtension><gpxtpx:hr>165</gpxtpx:hr><gpxtpx:cad>89</gpxtpx:cad></gpxtpx:TrackPointExtension></extensions></trkpt><trkpt lat="35.94769825" lon="120.21164136"><ele>-40.560001373291016</ele><time>2022-05-22T21:56:37Z</time><extensions><gpxtpx:TrackPointExtension><gpxtpx:hr>165</gpxtpx:hr><gpxtpx:cad>89</gpxtpx:cad></gpxtpx:TrackPointExtension></extensions></trkpt><trkpt lat="35.94768359" lon="120.21163937"><ele>-40.59000015258789</ele><time>2022-05-22T21:56:38Z</time><extensions><gpxtpx:TrackPointExtension><gpxtpx:hr>165</gpxtpx:hr><gpxtpx:cad>89</gpxtpx:cad></gpxtpx:TrackPointExtension></extensions></trkpt><trkpt lat="35.94766693" lon="120.21163838"><ele>-40.61000061035156</ele><time>2022-05-22T21:56:39Z</time><extensions><gpxtpx:TrackPointExtension><gpxtpx:hr>165</gpxtpx:hr><gpxtpx:cad>89</gpxtpx:cad></gpxtpx:TrackPointExtension></extensions></trkpt><trkpt lat="35.94764927" lon="120.21163672"><ele>-40.630001068115234</ele><time>2022-05-22T21:56:40Z</time><extensions><gpxtpx:TrackPointExtension><gpxtpx:hr>165</gpxtpx:hr><gpxtpx:cad>89</gpxtpx:cad></gpxtpx:TrackPointExtension></extensions></trkpt><trkpt lat="35.94763161" lon="120.21163406"><ele>-40.650001525878906</ele><time>2022-05-22T21:56:41Z</time><extensions><gpxtpx:TrackPointExtension><gpxtpx:hr>164</gpxtpx:hr><gpxtpx:cad>89</gpxtpx:cad></gpxtpx:TrackPointExtension></extensions></trkpt><trkpt lat="35.94761595" lon="120.2116314"><ele>-40.68000030517578</ele><time>2022-05-22T21:56:42Z</time><extensions><gpxtpx:TrackPointExtension><gpxtpx:hr>164</gpxtpx:hr><gpxtpx:cad>89</gpxtpx:cad></gpxtpx:TrackPointExtension></extensions></trkpt><trkpt lat="35.94760162" lon="120.21163007"><ele>-40.70000076293945</ele><time>2022-05-22T21:56:43Z</time><extensions><gpxtpx:TrackPointExtension><gpxtpx:hr>164</gpxtpx:hr><gpxtpx:cad>89</gpxtpx:cad></gpxtpx:TrackPointExtension></extensions></trkpt><trkpt lat="35.94758662" lon="120.21163073"><ele>-40.720001220703125</ele><time>2022-05-22T21:56:44Z</time><extensions><gpxtpx:TrackPointExtension><gpxtpx:hr>164</gpxtpx:hr><gpxtpx:cad>89</gpxtpx:cad></gpxtpx:TrackPointExtension></extensions></trkpt><trkpt lat="35.94757129" lon="120.21163239"><ele>-40.7400016784668</ele><time>2022-05-22T21:56:45Z</time><extensions><gpxtpx:TrackPointExtension><gpxtpx:hr>163</gpxtpx:hr><gpxtpx:cad>89</gpxtpx:cad></gpxtpx:TrackPointExtension></extensions></trkpt><trkpt lat="35.94755696" lon="120.21163338"><ele>-40.75</ele><time>2022-05-22T21:56:46Z</time><extensions><gpxtpx:TrackPointExtension><gpxtpx:hr>162</gpxtpx:hr><gpxtpx:cad>89</gpxtpx:cad></gpxtpx:TrackPointExtension></extensions></trkpt><trkpt lat="35.9475423" lon="120.21163504"><ele>-40.77000045776367</ele><time>2022-05-22T21:56:47Z</time><extensions><gpxtpx:TrackPointExtension><gpxtpx:hr>162</gpxtpx:hr><gpxtpx:cad>89</gpxtpx:cad></gpxtpx:TrackPointExtension></extensions></trkpt><trkpt lat="35.94752797" lon="120.21163737"><ele>-40.77000045776367</ele><time>2022-05-22T21:56:48Z</time><extensions><gpxtpx:TrackPointExtension><gpxtpx:hr>162</gpxtpx:hr><gpxtpx:cad>89</gpxtpx:cad></gpxtpx:TrackPointExtension></extensions></trkpt><trkpt lat="35.94751364" lon="120.21163903"><ele>-40.7400016784668</ele><time>2022-05-22T21:56:49Z</time><extensions><gpxtpx:TrackPointExtension><gpxtpx:hr>162</gpxtpx:hr><gpxtpx:cad>89</gpxtpx:cad></gpxtpx:TrackPointExtension></extensions></trkpt><trkpt lat="35.94749831" lon="120.21164069"><ele>-40.70000076293945</ele><time>2022-05-22T21:56:50Z</time><extensions><gpxtpx:TrackPointExtension><gpxtpx:hr>162</gpxtpx:hr><gpxtpx:cad>89</gpxtpx:cad></gpxtpx:TrackPointExtension></extensions></trkpt><trkpt lat="35.94748332" lon="120.21164235"><ele>-40.65999984741211</ele><time>2022-05-22T21:56:51Z</time><extensions><gpxtpx:TrackPointExtension><gpxtpx:hr>161</gpxtpx:hr><gpxtpx:cad>61</gpxtpx:cad></gpxtpx:TrackPointExtension></extensions></trkpt><trkpt lat="35.94746866" lon="120.21164435"><ele>-40.630001068115234</ele><time>2022-05-22T21:56:52Z</time><extensions><gpxtpx:TrackPointExtension><gpxtpx:hr>161</gpxtpx:hr><gpxtpx:cad>61</gpxtpx:cad></gpxtpx:TrackPointExtension></extensions></trkpt><trkpt lat="35.94745367" lon="120.21164734"><ele>-40.61000061035156</ele><time>2022-05-22T21:56:53Z</time><extensions><gpxtpx:TrackPointExtension><gpxtpx:hr>161</gpxtpx:hr><gpxtpx:cad>61</gpxtpx:cad></gpxtpx:TrackPointExtension></extensions></trkpt><trkpt lat="35.94743967" lon="120.21165134"><ele>-40.59000015258789</ele><time>2022-05-22T21:56:54Z</time><extensions><gpxtpx:TrackPointExtension><gpxtpx:hr>160</gpxtpx:hr><gpxtpx:cad>61</gpxtpx:cad></gpxtpx:TrackPointExtension></extensions></trkpt><trkpt lat="35.94742567" lon="120.211656"><ele>-40.59000015258789</ele><time>2022-05-22T21:56:55Z</time><extensions><gpxtpx:TrackPointExtension><gpxtpx:hr>159</gpxtpx:hr><gpxtpx:cad>61</gpxtpx:cad></gpxtpx:TrackPointExtension></extensions></trkpt><trkpt lat="35.94741368" lon="120.21165966"><ele>-40.58000183105469</ele><time>2022-05-22T21:56:56Z</time><extensions><gpxtpx:TrackPointExtension><gpxtpx:hr>159</gpxtpx:hr><gpxtpx:cad>61</gpxtpx:cad></gpxtpx:TrackPointExtension></extensions></trkpt><trkpt lat="35.94740268" lon="120.21166266"><ele>-40.58000183105469</ele><time>2022-05-22T21:56:57Z</time><extensions><gpxtpx:TrackPointExtension><gpxtpx:hr>159</gpxtpx:hr><gpxtpx:cad>61</gpxtpx:cad></gpxtpx:TrackPointExtension></extensions></trkpt><trkpt lat="35.94739302" lon="120.21166566"><ele>-40.58000183105469</ele><time>2022-05-22T21:56:58Z</time><extensions><gpxtpx:TrackPointExtension><gpxtpx:hr>158</gpxtpx:hr><gpxtpx:cad>61</gpxtpx:cad></gpxtpx:TrackPointExtension></extensions></trkpt><trkpt lat="35.94738403" lon="120.21166732"><ele>-40.59000015258789</ele><time>2022-05-22T21:56:59Z</time><extensions><gpxtpx:TrackPointExtension><gpxtpx:hr>158</gpxtpx:hr><gpxtpx:cad>62</gpxtpx:cad></gpxtpx:TrackPointExtension></extensions></trkpt><trkpt lat="35.9473737" lon="120.21166732"><ele>-40.630001068115234</ele><time>2022-05-22T21:57:00Z</time><extensions><gpxtpx:TrackPointExtension><gpxtpx:hr>159</gpxtpx:hr><gpxtpx:cad>62</gpxtpx:cad></gpxtpx:TrackPointExtension></extensions></trkpt><trkpt lat="35.94736237" lon="120.21166499"><ele>-40.630001068115234</ele><time>2022-05-22T21:57:01Z</time><extensions><gpxtpx:TrackPointExtension><gpxtpx:hr>159</gpxtpx:hr><gpxtpx:cad>62</gpxtpx:cad></gpxtpx:TrackPointExtension></extensions></trkpt><trkpt lat="35.94734837" lon="120.21166233"><ele>-40.70000076293945</ele><time>2022-05-22T21:57:02Z</time><extensions><gpxtpx:TrackPointExtension><gpxtpx:hr>159</gpxtpx:hr><gpxtpx:cad>62</gpxtpx:cad></gpxtpx:TrackPointExtension></extensions></trkpt><trkpt lat="35.94733337" lon="120.21166067"><ele>-40.70000076293945</ele><time>2022-05-22T21:57:03Z</time><extensions><gpxtpx:TrackPointExtension><gpxtpx:hr>159</gpxtpx:hr><gpxtpx:cad>62</gpxtpx:cad></gpxtpx:TrackPointExtension></extensions></trkpt><trkpt lat="35.94731638" lon="120.21166067"><ele>-40.70000076293945</ele><time>2022-05-22T21:57:04Z</time><extensions><gpxtpx:TrackPointExtension><gpxtpx:hr>160</gpxtpx:hr><gpxtpx:cad>62</gpxtpx:cad></gpxtpx:TrackPointExtension></extensions></trkpt><trkpt lat="35.94729805" lon="120.21166266"><ele>-40.70000076293945</ele><time>2022-05-22T21:57:05Z</time><extensions><gpxtpx:TrackPointExtension><gpxtpx:hr>161</gpxtpx:hr><gpxtpx:cad>62</gpxtpx:cad></gpxtpx:TrackPointExtension></extensions></trkpt><trkpt lat="35.94727806" lon="120.21166732"><ele>-40.68000030517578</ele><time>2022-05-22T21:57:06Z</time><extensions><gpxtpx:TrackPointExtension><gpxtpx:hr>161</gpxtpx:hr><gpxtpx:cad>62</gpxtpx:cad></gpxtpx:TrackPointExtension></extensions></trkpt><trkpt lat="35.94725773" lon="120.21167398"><ele>-40.68000030517578</ele><time>2022-05-22T21:57:07Z</time><extensions><gpxtpx:TrackPointExtension><gpxtpx:hr>161</gpxtpx:hr><gpxtpx:cad>62</gpxtpx:cad></gpxtpx:TrackPointExtension></extensions></trkpt><trkpt lat="35.9472334" lon="120.21168097"><ele>-40.720001220703125</ele><time>2022-05-22T21:57:08Z</time><extensions><gpxtpx:TrackPointExtension><gpxtpx:hr>161</gpxtpx:hr><gpxtpx:cad>62</gpxtpx:cad></gpxtpx:TrackPointExtension></extensions></trkpt><trkpt lat="35.9472074" lon="120.21168797"><ele>-40.75</ele><time>2022-05-22T21:57:09Z</time><extensions><gpxtpx:TrackPointExtension><gpxtpx:hr>162</gpxtpx:hr><gpxtpx:cad>62</gpxtpx:cad></gpxtpx:TrackPointExtension></extensions></trkpt><trkpt lat="35.94718141" lon="120.21169263"><ele>-40.810001373291016</ele><time>2022-05-22T21:57:10Z</time><extensions><gpxtpx:TrackPointExtension><gpxtpx:hr>163</gpxtpx:hr><gpxtpx:cad>62</gpxtpx:cad></gpxtpx:TrackPointExtension></extensions></trkpt><trkpt lat="35.94715608" lon="120.21169796"><ele>-40.900001525878906</ele><time>2022-05-22T21:57:11Z</time><extensions><gpxtpx:TrackPointExtension><gpxtpx:hr>163</gpxtpx:hr><gpxtpx:cad>62</gpxtpx:cad></gpxtpx:TrackPointExtension></extensions></trkpt><trkpt lat="35.94713075" lon="120.21170429"><ele>-40.900001525878906</ele><time>2022-05-22T21:57:12Z</time><extensions><gpxtpx:TrackPointExtension><gpxtpx:hr>163</gpxtpx:hr><gpxtpx:cad>62</gpxtpx:cad></gpxtpx:TrackPointExtension></extensions></trkpt><trkpt lat="35.94710609" lon="120.21171129"><ele>-41.040000915527344</ele><time>2022-05-22T21:57:13Z</time><extensions><gpxtpx:TrackPointExtension><gpxtpx:hr>165</gpxtpx:hr><gpxtpx:cad>62</gpxtpx:cad></gpxtpx:TrackPointExtension></extensions></trkpt><trkpt lat="35.94708176" lon="120.21171695"><ele>-41.060001373291016</ele><time>2022-05-22T21:57:14Z</time><extensions><gpxtpx:TrackPointExtension><gpxtpx:hr>166</gpxtpx:hr><gpxtpx:cad>89</gpxtpx:cad></gpxtpx:TrackPointExtension></extensions></trkpt><trkpt lat="35.9470601" lon="120.21171861"><ele>-41.08000183105469</ele><time>2022-05-22T21:57:15Z</time><extensions><gpxtpx:TrackPointExtension><gpxtpx:hr>167</gpxtpx:hr><gpxtpx:cad>89</gpxtpx:cad></gpxtpx:TrackPointExtension></extensions></trkpt><trkpt lat="35.94703844" lon="120.21172094"><ele>-41.08000183105469</ele><time>2022-05-22T21:57:16Z</time><extensions><gpxtpx:TrackPointExtension><gpxtpx:hr>167</gpxtpx:hr><gpxtpx:cad>89</gpxtpx:cad></gpxtpx:TrackPointExtension></extensions></trkpt><trkpt lat="35.94701678" lon="120.21172294"><ele>-41.08000183105469</ele><time>2022-05-22T21:57:17Z</time><extensions><gpxtpx:TrackPointExtension><gpxtpx:hr>167</gpxtpx:hr><gpxtpx:cad>88</gpxtpx:cad></gpxtpx:TrackPointExtension></extensions></trkpt><trkpt lat="35.94699545" lon="120.2117266"><ele>-41.02000045776367</ele><time>2022-05-22T21:57:18Z</time><extensions><gpxtpx:TrackPointExtension><gpxtpx:hr>167</gpxtpx:hr><gpxtpx:cad>88</gpxtpx:cad></gpxtpx:TrackPointExtension></extensions></trkpt><trkpt lat="35.94697479" lon="120.21173226"><ele>-41.02000045776367</ele><time>2022-05-22T21:57:19Z</time><extensions><gpxtpx:TrackPointExtension><gpxtpx:hr>167</gpxtpx:hr><gpxtpx:cad>88</gpxtpx:cad></gpxtpx:TrackPointExtension></extensions></trkpt><trkpt lat="35.94695379" lon="120.21173692"><ele>-40.970001220703125</ele><time>2022-05-22T21:57:20Z</time><extensions><gpxtpx:TrackPointExtension><gpxtpx:hr>167</gpxtpx:hr><gpxtpx:cad>88</gpxtpx:cad></gpxtpx:TrackPointExtension></extensions></trkpt><trkpt lat="35.9469318" lon="120.21174225"><ele>-40.970001220703125</ele><time>2022-05-22T21:57:21Z</time><extensions><gpxtpx:TrackPointExtension><gpxtpx:hr>168</gpxtpx:hr><gpxtpx:cad>88</gpxtpx:cad></gpxtpx:TrackPointExtension></extensions></trkpt><trkpt lat="35.9469098" lon="120.21174924"><ele>-40.93000030517578</ele><time>2022-05-22T21:57:22Z</time><extensions><gpxtpx:TrackPointExtension><gpxtpx:hr>168</gpxtpx:hr><gpxtpx:cad>89</gpxtpx:cad></gpxtpx:TrackPointExtension></extensions></trkpt><trkpt lat="35.9468858" lon="120.2117579"><ele>-40.93000030517578</ele><time>2022-05-22T21:57:23Z</time><extensions><gpxtpx:TrackPointExtension><gpxtpx:hr>168</gpxtpx:hr><gpxtpx:cad>89</gpxtpx:cad></gpxtpx:TrackPointExtension></extensions></trkpt><trkpt lat="35.94686114" lon="120.2117669"><ele>-40.900001525878906</ele><time>2022-05-22T21:57:24Z</time><extensions><gpxtpx:TrackPointExtension><gpxtpx:hr>169</gpxtpx:hr><gpxtpx:cad>89</gpxtpx:cad></gpxtpx:TrackPointExtension></extensions></trkpt><trkpt lat="35.94683515" lon="120.2117779"><ele>-40.900001525878906</ele><time>2022-05-22T21:57:25Z</time><extensions><gpxtpx:TrackPointExtension><gpxtpx:hr>171</gpxtpx:hr><gpxtpx:cad>89</gpxtpx:cad></gpxtpx:TrackPointExtension></extensions></trkpt><trkpt lat="35.94680816" lon="120.21178956"><ele>-40.880001068115234</ele><time>2022-05-22T21:57:26Z</time><extensions><gpxtpx:TrackPointExtension><gpxtpx:hr>172</gpxtpx:hr><gpxtpx:cad>89</gpxtpx:cad></gpxtpx:TrackPointExtension></extensions></trkpt><trkpt lat="35.9467825" lon="120.21180022"><ele>-40.900001525878906</ele><time>2022-05-22T21:57:27Z</time><extensions><gpxtpx:TrackPointExtension><gpxtpx:hr>174</gpxtpx:hr><gpxtpx:cad>89</gpxtpx:cad></gpxtpx:TrackPointExtension></extensions></trkpt><trkpt lat="35.94675784" lon="120.21180955"><ele>-40.880001068115234</ele><time>2022-05-22T21:57:28Z</time><extensions><gpxtpx:TrackPointExtension><gpxtpx:hr>174</gpxtpx:hr><gpxtpx:cad>88</gpxtpx:cad></gpxtpx:TrackPointExtension></extensions></trkpt><trkpt lat="35.94673418" lon="120.21181788"><ele>-40.900001525878906</ele><time>2022-05-22T21:57:29Z</time><extensions><gpxtpx:TrackPointExtension><gpxtpx:hr>174</gpxtpx:hr><gpxtpx:cad>88</gpxtpx:cad></gpxtpx:TrackPointExtension></extensions></trkpt><trkpt lat="35.94671119" lon="120.21182587"><ele>-40.900001525878906</ele><time>2022-05-22T21:57:30Z</time><extensions><gpxtpx:TrackPointExtension><gpxtpx:hr>174</gpxtpx:hr><gpxtpx:cad>88</gpxtpx:cad></gpxtpx:TrackPointExtension></extensions></trkpt><trkpt lat="35.94668686" lon="120.21183553"><ele>-40.93000030517578</ele><time>2022-05-22T21:57:31Z</time><extensions><gpxtpx:TrackPointExtension><gpxtpx:hr>174</gpxtpx:hr><gpxtpx:cad>89</gpxtpx:cad></gpxtpx:TrackPointExtension></extensions></trkpt><trkpt lat="35.94666253" lon="120.21184586"><ele>-40.900001525878906</ele><time>2022-05-22T21:57:32Z</time><extensions><gpxtpx:TrackPointExtension><gpxtpx:hr>173</gpxtpx:hr><gpxtpx:cad>89</gpxtpx:cad></gpxtpx:TrackPointExtension></extensions></trkpt><trkpt lat="35.94663787" lon="120.21185885"><ele>-40.95000076293945</ele><time>2022-05-22T21:57:33Z</time><extensions><gpxtpx:TrackPointExtension><gpxtpx:hr>173</gpxtpx:hr><gpxtpx:cad>89</gpxtpx:cad></gpxtpx:TrackPointExtension></extensions></trkpt><trkpt lat="35.94661321" lon="120.21187184"><ele>-40.93000030517578</ele><time>2022-05-22T21:57:34Z</time><extensions><gpxtpx:TrackPointExtension><gpxtpx:hr>173</gpxtpx:hr><gpxtpx:cad>88</gpxtpx:cad></gpxtpx:TrackPointExtension></extensions></trkpt><trkpt lat="35.94658788" lon="120.2118855"><ele>-40.95000076293945</ele><time>2022-05-22T21:57:35Z</time><extensions><gpxtpx:TrackPointExtension><gpxtpx:hr>171</gpxtpx:hr><gpxtpx:cad>88</gpxtpx:cad></gpxtpx:TrackPointExtension></extensions></trkpt><trkpt lat="35.94656288" lon="120.21189849"><ele>-40.93000030517578</ele><time>2022-05-22T21:57:36Z</time><extensions><gpxtpx:TrackPointExtension><gpxtpx:hr>171</gpxtpx:hr><gpxtpx:cad>89</gpxtpx:cad></gpxtpx:TrackPointExtension></extensions></trkpt><trkpt lat="35.94653989" lon="120.21190949"><ele>-40.95000076293945</ele><time>2022-05-22T21:57:37Z</time><extensions><gpxtpx:TrackPointExtension><gpxtpx:hr>172</gpxtpx:hr><gpxtpx:cad>89</gpxtpx:cad></gpxtpx:TrackPointExtension></extensions></trkpt><trkpt lat="35.94651823" lon="120.21191815"><ele>-40.900001525878906</ele><time>2022-05-22T21:57:38Z</time><extensions><gpxtpx:TrackPointExtension><gpxtpx:hr>172</gpxtpx:hr><gpxtpx:cad>89</gpxtpx:cad></gpxtpx:TrackPointExtension></extensions></trkpt><trkpt lat="35.94649723" lon="120.21192415"><ele>-40.93000030517578</ele><time>2022-05-22T21:57:39Z</time><extensions><gpxtpx:TrackPointExtension><gpxtpx:hr>172</gpxtpx:hr><gpxtpx:cad>88</gpxtpx:cad></gpxtpx:TrackPointExtension></extensions></trkpt><trkpt lat="35.9464769" lon="120.21192948"><ele>-40.900001525878906</ele><time>2022-05-22T21:57:40Z</time><extensions><gpxtpx:TrackPointExtension><gpxtpx:hr>172</gpxtpx:hr><gpxtpx:cad>89</gpxtpx:cad></gpxtpx:TrackPointExtension></extensions></trkpt><trkpt lat="35.9464589" lon="120.21193348"><ele>-40.900001525878906</ele><time>2022-05-22T21:57:41Z</time><extensions><gpxtpx:TrackPointExtension><gpxtpx:hr>172</gpxtpx:hr><gpxtpx:cad>89</gpxtpx:cad></gpxtpx:TrackPointExtension></extensions></trkpt><trkpt lat="35.94644191" lon="120.21193581"><ele>-40.900001525878906</ele><time>2022-05-22T21:57:42Z</time><extensions><gpxtpx:TrackPointExtension><gpxtpx:hr>172</gpxtpx:hr><gpxtpx:cad>89</gpxtpx:cad></gpxtpx:TrackPointExtension></extensions></trkpt><trkpt lat="35.94642525" lon="120.2119378"><ele>-40.900001525878906</ele><time>2022-05-22T21:57:43Z</time><extensions><gpxtpx:TrackPointExtension><gpxtpx:hr>172</gpxtpx:hr><gpxtpx:cad>89</gpxtpx:cad></gpxtpx:TrackPointExtension></extensions></trkpt><trkpt lat="35.94640726" lon="120.21193979"><ele>-40.900001525878906</ele><time>2022-05-22T21:57:44Z</time><extensions><gpxtpx:TrackPointExtension><gpxtpx:hr>171</gpxtpx:hr><gpxtpx:cad>89</gpxtpx:cad></gpxtpx:TrackPointExtension></extensions></trkpt><trkpt lat="35.94638993" lon="120.21194112"><ele>-40.900001525878906</ele><time>2022-05-22T21:57:45Z</time><extensions><gpxtpx:TrackPointExtension><gpxtpx:hr>170</gpxtpx:hr><gpxtpx:cad>89</gpxtpx:cad></gpxtpx:TrackPointExtension></extensions></trkpt><trkpt lat="35.9463736" lon="120.21194411"><ele>-40.900001525878906</ele><time>2022-05-22T21:57:46Z</time><extensions><gpxtpx:TrackPointExtension><gpxtpx:hr>170</gpxtpx:hr><gpxtpx:cad>89</gpxtpx:cad></gpxtpx:TrackPointExtension></extensions></trkpt><trkpt lat="35.94635861" lon="120.21194711"><ele>-40.790000915527344</ele><time>2022-05-22T21:57:47Z</time><extensions><gpxtpx:TrackPointExtension><gpxtpx:hr>171</gpxtpx:hr><gpxtpx:cad>89</gpxtpx:cad></gpxtpx:TrackPointExtension></extensions></trkpt><trkpt lat="35.94634228" lon="120.2119521"><ele>-40.75</ele><time>2022-05-22T21:57:48Z</time><extensions><gpxtpx:TrackPointExtension><gpxtpx:hr>172</gpxtpx:hr><gpxtpx:cad>89</gpxtpx:cad></gpxtpx:TrackPointExtension></extensions></trkpt><trkpt lat="35.94632662" lon="120.2119581"><ele>-40.70000076293945</ele><time>2022-05-22T21:57:49Z</time><extensions><gpxtpx:TrackPointExtension><gpxtpx:hr>172</gpxtpx:hr><gpxtpx:cad>89</gpxtpx:cad></gpxtpx:TrackPointExtension></extensions></trkpt><trkpt lat="35.94631196" lon="120.21196376"><ele>-40.68000030517578</ele><time>2022-05-22T21:57:50Z</time><extensions><gpxtpx:TrackPointExtension><gpxtpx:hr>172</gpxtpx:hr><gpxtpx:cad>89</gpxtpx:cad></gpxtpx:TrackPointExtension></extensions></trkpt><trkpt lat="35.9462973" lon="120.21196909"><ele>-40.68000030517578</ele><time>2022-05-22T21:57:51Z</time><extensions><gpxtpx:TrackPointExtension><gpxtpx:hr>173</gpxtpx:hr><gpxtpx:cad>89</gpxtpx:cad></gpxtpx:TrackPointExtension></extensions></trkpt><trkpt lat="35.9462833" lon="120.21197442"><ele>-40.70000076293945</ele><time>2022-05-22T21:57:52Z</time><extensions><gpxtpx:TrackPointExtension><gpxtpx:hr>172</gpxtpx:hr><gpxtpx:cad>89</gpxtpx:cad></gpxtpx:TrackPointExtension></extensions></trkpt><trkpt lat="35.94626964" lon="120.21198008"><ele>-40.70000076293945</ele><time>2022-05-22T21:57:53Z</time><extensions><gpxtpx:TrackPointExtension><gpxtpx:hr>172</gpxtpx:hr><gpxtpx:cad>89</gpxtpx:cad></gpxtpx:TrackPointExtension></extensions></trkpt><trkpt lat="35.94625531" lon="120.21198441"><ele>-40.70000076293945</ele><time>2022-05-22T21:57:54Z</time><extensions><gpxtpx:TrackPointExtension><gpxtpx:hr>172</gpxtpx:hr><gpxtpx:cad>89</gpxtpx:cad></gpxtpx:TrackPointExtension></extensions></trkpt><trkpt lat="35.94623998" lon="120.21198674"><ele>-40.70000076293945</ele><time>2022-05-22T21:57:55Z</time><extensions><gpxtpx:TrackPointExtension><gpxtpx:hr>171</gpxtpx:hr><gpxtpx:cad>89</gpxtpx:cad></gpxtpx:TrackPointExtension></extensions></trkpt><trkpt lat="35.94622498" lon="120.21198907"><ele>-40.68000030517578</ele><time>2022-05-22T21:57:56Z</time><extensions><gpxtpx:TrackPointExtension><gpxtpx:hr>170</gpxtpx:hr><gpxtpx:cad>89</gpxtpx:cad></gpxtpx:TrackPointExtension></extensions></trkpt><trkpt lat="35.94621032" lon="120.2119894"><ele>-40.68000030517578</ele><time>2022-05-22T21:57:57Z</time><extensions><gpxtpx:TrackPointExtension><gpxtpx:hr>169</gpxtpx:hr><gpxtpx:cad>89</gpxtpx:cad></gpxtpx:TrackPointExtension></extensions></trkpt><trkpt lat="35.94619632" lon="120.2119894"><ele>-40.70000076293945</ele><time>2022-05-22T21:57:58Z</time><extensions><gpxtpx:TrackPointExtension><gpxtpx:hr>169</gpxtpx:hr><gpxtpx:cad>89</gpxtpx:cad></gpxtpx:TrackPointExtension></extensions></trkpt><trkpt lat="35.94618299" lon="120.21198907"><ele>-40.70000076293945</ele><time>2022-05-22T21:57:59Z</time><extensions><gpxtpx:TrackPointExtension><gpxtpx:hr>169</gpxtpx:hr><gpxtpx:cad>89</gpxtpx:cad></gpxtpx:TrackPointExtension></extensions></trkpt><trkpt lat="35.94617033" lon="120.2119894"><ele>-40.70000076293945</ele><time>2022-05-22T21:58:00Z</time><extensions><gpxtpx:TrackPointExtension><gpxtpx:hr>169</gpxtpx:hr><gpxtpx:cad>89</gpxtpx:cad></gpxtpx:TrackPointExtension></extensions></trkpt><trkpt lat="35.94615834" lon="120.21199006"><ele>-40.70000076293945</ele><time>2022-05-22T21:58:01Z</time><extensions><gpxtpx:TrackPointExtension><gpxtpx:hr>169</gpxtpx:hr><gpxtpx:cad>89</gpxtpx:cad></gpxtpx:TrackPointExtension></extensions></trkpt><trkpt lat="35.94614668" lon="120.21199172"><ele>-40.68000030517578</ele><time>2022-05-22T21:58:02Z</time><extensions><gpxtpx:TrackPointExtension><gpxtpx:hr>169</gpxtpx:hr><gpxtpx:cad>89</gpxtpx:cad></gpxtpx:TrackPointExtension></extensions></trkpt><trkpt lat="35.94613202" lon="120.21199338"><ele>-40.650001525878906</ele><time>2022-05-22T21:58:03Z</time><extensions><gpxtpx:TrackPointExtension><gpxtpx:hr>169</gpxtpx:hr><gpxtpx:cad>89</gpxtpx:cad></gpxtpx:TrackPointExtension></extensions></trkpt><trkpt lat="35.94611636" lon="120.21199671"><ele>-40.650001525878906</ele><time>2022-05-22T21:58:04Z</time><extensions><gpxtpx:TrackPointExtension><gpxtpx:hr>169</gpxtpx:hr><gpxtpx:cad>89</gpxtpx:cad></gpxtpx:TrackPointExtension></extensions></trkpt><trkpt lat="35.94609937" lon="120.21200071"><ele>-40.630001068115234</ele><time>2022-05-22T21:58:05Z</time><extensions><gpxtpx:TrackPointExtension><gpxtpx:hr>169</gpxtpx:hr><gpxtpx:cad>89</gpxtpx:cad></gpxtpx:TrackPointExtension></extensions></trkpt><trkpt lat="35.94607837" lon="120.21200604"><ele>-40.61000061035156</ele><time>2022-05-22T21:58:06Z</time><extensions><gpxtpx:TrackPointExtension><gpxtpx:hr>169</gpxtpx:hr><gpxtpx:cad>89</gpxtpx:cad></gpxtpx:TrackPointExtension></extensions></trkpt><trkpt lat="35.94605637" lon="120.21201403"><ele>-40.59000015258789</ele><time>2022-05-22T21:58:07Z</time><extensions><gpxtpx:TrackPointExtension><gpxtpx:hr>168</gpxtpx:hr><gpxtpx:cad>89</gpxtpx:cad></gpxtpx:TrackPointExtension></extensions></trkpt><trkpt lat="35.94603471" lon="120.21202236"><ele>-40.630001068115234</ele><time>2022-05-22T21:58:08Z</time><extensions><gpxtpx:TrackPointExtension><gpxtpx:hr>168</gpxtpx:hr><gpxtpx:cad>88</gpxtpx:cad></gpxtpx:TrackPointExtension></extensions></trkpt><trkpt lat="35.94601438" lon="120.21203102"><ele>-40.630001068115234</ele><time>2022-05-22T21:58:09Z</time><extensions><gpxtpx:TrackPointExtension><gpxtpx:hr>169</gpxtpx:hr><gpxtpx:cad>89</gpxtpx:cad></gpxtpx:TrackPointExtension></extensions></trkpt><trkpt lat="35.94599372" lon="120.21204101"><ele>-40.68000030517578</ele><time>2022-05-22T21:58:10Z</time><extensions><gpxtpx:TrackPointExtension><gpxtpx:hr>170</gpxtpx:hr><gpxtpx:cad>89</gpxtpx:cad></gpxtpx:TrackPointExtension></extensions></trkpt><trkpt lat="35.94597239" lon="120.21205234"><ele>-40.68000030517578</ele><time>2022-05-22T21:58:11Z</time><extensions><gpxtpx:TrackPointExtension><gpxtpx:hr>170</gpxtpx:hr><gpxtpx:cad>89</gpxtpx:cad></gpxtpx:TrackPointExtension></extensions></trkpt><trkpt lat="35.94595006" lon="120.21206467"><ele>-40.70000076293945</ele><time>2022-05-22T21:58:12Z</time><extensions><gpxtpx:TrackPointExtension><gpxtpx:hr>170</gpxtpx:hr><gpxtpx:cad>89</gpxtpx:cad></gpxtpx:TrackPointExtension></extensions></trkpt><trkpt lat="35.9459264" lon="120.21207733"><ele>-40.720001220703125</ele><time>2022-05-22T21:58:13Z</time><extensions><gpxtpx:TrackPointExtension><gpxtpx:hr>170</gpxtpx:hr><gpxtpx:cad>88</gpxtpx:cad></gpxtpx:TrackPointExtension></extensions></trkpt><trkpt lat="35.94590107" lon="120.21209066"><ele>-40.75</ele><time>2022-05-22T21:58:14Z</time><extensions><gpxtpx:TrackPointExtension><gpxtpx:hr>169</gpxtpx:hr><gpxtpx:cad>88</gpxtpx:cad></gpxtpx:TrackPointExtension></extensions></trkpt><trkpt lat="35.94587641" lon="120.21210265"><ele>-40.75</ele><time>2022-05-22T21:58:15Z</time><extensions><gpxtpx:TrackPointExtension><gpxtpx:hr>169</gpxtpx:hr><gpxtpx:cad>88</gpxtpx:cad></gpxtpx:TrackPointExtension></extensions></trkpt><trkpt lat="35.94585442" lon="120.21211165"><ele>-40.77000045776367</ele><time>2022-05-22T21:58:16Z</time><extensions><gpxtpx:TrackPointExtension><gpxtpx:hr>170</gpxtpx:hr><gpxtpx:cad>88</gpxtpx:cad></gpxtpx:TrackPointExtension></extensions></trkpt><trkpt lat="35.94583342" lon="120.21211998"><ele>-40.790000915527344</ele><time>2022-05-22T21:58:17Z</time><extensions><gpxtpx:TrackPointExtension><gpxtpx:hr>170</gpxtpx:hr><gpxtpx:cad>88</gpxtpx:cad></gpxtpx:TrackPointExtension></extensions></trkpt><trkpt lat="35.94581309" lon="120.21212764"><ele>-40.790000915527344</ele><time>2022-05-22T21:58:18Z</time><extensions><gpxtpx:TrackPointExtension><gpxtpx:hr>170</gpxtpx:hr><gpxtpx:cad>88</gpxtpx:cad></gpxtpx:TrackPointExtension></extensions></trkpt><trkpt lat="35.94579409" lon="120.21213397"><ele>-40.790000915527344</ele><time>2022-05-22T21:58:19Z</time><extensions><gpxtpx:TrackPointExtension><gpxtpx:hr>170</gpxtpx:hr><gpxtpx:cad>88</gpxtpx:cad></gpxtpx:TrackPointExtension></extensions></trkpt><trkpt lat="35.94577443" lon="120.2121413"><ele>-40.77000045776367</ele><time>2022-05-22T21:58:20Z</time><extensions><gpxtpx:TrackPointExtension><gpxtpx:hr>170</gpxtpx:hr><gpxtpx:cad>89</gpxtpx:cad></gpxtpx:TrackPointExtension></extensions></trkpt><trkpt lat="35.9457541" lon="120.2121453"><ele>-40.77000045776367</ele><time>2022-05-22T21:58:21Z</time><extensions><gpxtpx:TrackPointExtension><gpxtpx:hr>170</gpxtpx:hr><gpxtpx:cad>88</gpxtpx:cad></gpxtpx:TrackPointExtension></extensions></trkpt><trkpt lat="35.94573277" lon="120.21214863"><ele>-40.77000045776367</ele><time>2022-05-22T21:58:22Z</time><extensions><gpxtpx:TrackPointExtension><gpxtpx:hr>169</gpxtpx:hr><gpxtpx:cad>88</gpxtpx:cad></gpxtpx:TrackPointExtension></extensions></trkpt><trkpt lat="35.94570978" lon="120.21215462"><ele>-40.790000915527344</ele><time>2022-05-22T21:58:23Z</time><extensions><gpxtpx:TrackPointExtension><gpxtpx:hr>169</gpxtpx:hr><gpxtpx:cad>89</gpxtpx:cad></gpxtpx:TrackPointExtension></extensions></trkpt><trkpt lat="35.94568612" lon="120.21216228"><ele>-40.83000183105469</ele><time>2022-05-22T21:58:24Z</time><extensions><gpxtpx:TrackPointExtension><gpxtpx:hr>168</gpxtpx:hr><gpxtpx:cad>90</gpxtpx:cad></gpxtpx:TrackPointExtension></extensions></trkpt><trkpt lat="35.94566313" lon="120.21217194"><ele>-40.84000015258789</ele><time>2022-05-22T21:58:25Z</time><extensions><gpxtpx:TrackPointExtension><gpxtpx:hr>168</gpxtpx:hr><gpxtpx:cad>90</gpxtpx:cad></gpxtpx:TrackPointExtension></extensions></trkpt><trkpt lat="35.94564147" lon="120.21218227"><ele>-40.880001068115234</ele><time>2022-05-22T21:58:26Z</time><extensions><gpxtpx:TrackPointExtension><gpxtpx:hr>168</gpxtpx:hr><gpxtpx:cad>90</gpxtpx:cad></gpxtpx:TrackPointExtension></extensions></trkpt><trkpt lat="35.94562214" lon="120.21219227"><ele>-40.880001068115234</ele><time>2022-05-22T21:58:27Z</time><extensions><gpxtpx:TrackPointExtension><gpxtpx:hr>168</gpxtpx:hr><gpxtpx:cad>90</gpxtpx:cad></gpxtpx:TrackPointExtension></extensions></trkpt><trkpt lat="35.94560381" lon="120.2122036"><ele>-40.880001068115234</ele><time>2022-05-22T21:58:28Z</time><extensions><gpxtpx:TrackPointExtension><gpxtpx:hr>167</gpxtpx:hr><gpxtpx:cad>90</gpxtpx:cad></gpxtpx:TrackPointExtension></extensions></trkpt><trkpt lat="35.94558581" lon="120.2122146"><ele>-40.84000015258789</ele><time>2022-05-22T21:58:29Z</time><extensions><gpxtpx:TrackPointExtension><gpxtpx:hr>167</gpxtpx:hr><gpxtpx:cad>89</gpxtpx:cad></gpxtpx:TrackPointExtension></extensions></trkpt><trkpt lat="35.94556748" lon="120.21222293"><ele>-40.810001373291016</ele><time>2022-05-22T21:58:30Z</time><extensions><gpxtpx:TrackPointExtension><gpxtpx:hr>167</gpxtpx:hr><gpxtpx:cad>89</gpxtpx:cad></gpxtpx:TrackPointExtension></extensions></trkpt><trkpt lat="35.94554882" lon="120.21223126"><ele>-40.7400016784668</ele><time>2022-05-22T21:58:31Z</time><extensions><gpxtpx:TrackPointExtension><gpxtpx:hr>168</gpxtpx:hr><gpxtpx:cad>89</gpxtpx:cad></gpxtpx:TrackPointExtension></extensions></trkpt><trkpt lat="35.94553116" lon="120.21223792"><ele>-40.650001525878906</ele><time>2022-05-22T21:58:32Z</time><extensions><gpxtpx:TrackPointExtension><gpxtpx:hr>169</gpxtpx:hr><gpxtpx:cad>89</gpxtpx:cad></gpxtpx:TrackPointExtension></extensions></trkpt><trkpt lat="35.9455135" lon="120.21224358"><ele>-40.59000015258789</ele><time>2022-05-22T21:58:33Z</time><extensions><gpxtpx:TrackPointExtension><gpxtpx:hr>169</gpxtpx:hr><gpxtpx:cad>89</gpxtpx:cad></gpxtpx:TrackPointExtension></extensions></trkpt><trkpt lat="35.94549651" lon="120.21224691"><ele>-40.540000915527344</ele><time>2022-05-22T21:58:34Z</time><extensions><gpxtpx:TrackPointExtension><gpxtpx:hr>169</gpxtpx:hr><gpxtpx:cad>89</gpxtpx:cad></gpxtpx:TrackPointExtension></extensions></trkpt><trkpt lat="35.94548185" lon="120.2122489"><ele>-40.4900016784668</ele><time>2022-05-22T21:58:35Z</time><extensions><gpxtpx:TrackPointExtension><gpxtpx:hr>169</gpxtpx:hr><gpxtpx:cad>89</gpxtpx:cad></gpxtpx:TrackPointExtension></extensions></trkpt><trkpt lat="35.94546719" lon="120.21225156"><ele>-40.45000076293945</ele><time>2022-05-22T21:58:36Z</time><extensions><gpxtpx:TrackPointExtension><gpxtpx:hr>168</gpxtpx:hr><gpxtpx:cad>89</gpxtpx:cad></gpxtpx:TrackPointExtension></extensions></trkpt><trkpt lat="35.94545253" lon="120.21225522"><ele>-40.40999984741211</ele><time>2022-05-22T21:58:37Z</time><extensions><gpxtpx:TrackPointExtension><gpxtpx:hr>168</gpxtpx:hr><gpxtpx:cad>89</gpxtpx:cad></gpxtpx:TrackPointExtension></extensions></trkpt><trkpt lat="35.9454362" lon="120.21226288"><ele>-40.380001068115234</ele><time>2022-05-22T21:58:38Z</time><extensions><gpxtpx:TrackPointExtension><gpxtpx:hr>168</gpxtpx:hr><gpxtpx:cad>89</gpxtpx:cad></gpxtpx:TrackPointExtension></extensions></trkpt><trkpt lat="35.94541854" lon="120.21227288"><ele>-40.380001068115234</ele><time>2022-05-22T21:58:39Z</time><extensions><gpxtpx:TrackPointExtension><gpxtpx:hr>168</gpxtpx:hr><gpxtpx:cad>89</gpxtpx:cad></gpxtpx:TrackPointExtension></extensions></trkpt><trkpt lat="35.94539988" lon="120.21228621"><ele>-40.36000061035156</ele><time>2022-05-22T21:58:40Z</time><extensions><gpxtpx:TrackPointExtension><gpxtpx:hr>168</gpxtpx:hr><gpxtpx:cad>89</gpxtpx:cad></gpxtpx:TrackPointExtension></extensions></trkpt><trkpt lat="35.94538222" lon="120.21229987"><ele>-40.290000915527344</ele><time>2022-05-22T21:58:41Z</time><extensions><gpxtpx:TrackPointExtension><gpxtpx:hr>169</gpxtpx:hr><gpxtpx:cad>89</gpxtpx:cad></gpxtpx:TrackPointExtension></extensions></trkpt><trkpt lat="35.94536656" lon="120.21231153"><ele>-40.290000915527344</ele><time>2022-05-22T21:58:42Z</time><extensions><gpxtpx:TrackPointExtension><gpxtpx:hr>169</gpxtpx:hr><gpxtpx:cad>89</gpxtpx:cad></gpxtpx:TrackPointExtension></extensions></trkpt><trkpt lat="35.9453519" lon="120.21232319"><ele>-40.27000045776367</ele><time>2022-05-22T21:58:43Z</time><extensions><gpxtpx:TrackPointExtension><gpxtpx:hr>169</gpxtpx:hr><gpxtpx:cad>89</gpxtpx:cad></gpxtpx:TrackPointExtension></extensions></trkpt><trkpt lat="35.9453379" lon="120.21233452"><ele>-40.25</ele><time>2022-05-22T21:58:44Z</time><extensions><gpxtpx:TrackPointExtension><gpxtpx:hr>169</gpxtpx:hr><gpxtpx:cad>89</gpxtpx:cad></gpxtpx:TrackPointExtension></extensions></trkpt><trkpt lat="35.94532424" lon="120.21234618"><ele>-40.25</ele><time>2022-05-22T21:58:45Z</time><extensions><gpxtpx:TrackPointExtension><gpxtpx:hr>169</gpxtpx:hr><gpxtpx:cad>89</gpxtpx:cad></gpxtpx:TrackPointExtension></extensions></trkpt><trkpt lat="35.94530958" lon="120.21235817"><ele>-40.25</ele><time>2022-05-22T21:58:46Z</time><extensions><gpxtpx:TrackPointExtension><gpxtpx:hr>170</gpxtpx:hr><gpxtpx:cad>89</gpxtpx:cad></gpxtpx:TrackPointExtension></extensions></trkpt><trkpt lat="35.94529525" lon="120.21236917"><ele>-40.27000045776367</ele><time>2022-05-22T21:58:47Z</time><extensions><gpxtpx:TrackPointExtension><gpxtpx:hr>170</gpxtpx:hr><gpxtpx:cad>89</gpxtpx:cad></gpxtpx:TrackPointExtension></extensions></trkpt><trkpt lat="35.94528159" lon="120.21237783"><ele>-40.27000045776367</ele><time>2022-05-22T21:58:48Z</time><extensions><gpxtpx:TrackPointExtension><gpxtpx:hr>170</gpxtpx:hr><gpxtpx:cad>89</gpxtpx:cad></gpxtpx:TrackPointExtension></extensions></trkpt><trkpt lat="35.94526893" lon="120.21238482"><ele>-40.290000915527344</ele><time>2022-05-22T21:58:49Z</time><extensions><gpxtpx:TrackPointExtension><gpxtpx:hr>170</gpxtpx:hr><gpxtpx:cad>89</gpxtpx:cad></gpxtpx:TrackPointExtension></extensions></trkpt><trkpt lat="35.94525594" lon="120.21239148"><ele>-40.27000045776367</ele><time>2022-05-22T21:58:50Z</time><extensions><gpxtpx:TrackPointExtension><gpxtpx:hr>170</gpxtpx:hr><gpxtpx:cad>89</gpxtpx:cad></gpxtpx:TrackPointExtension></extensions></trkpt><trkpt lat="35.94524228" lon="120.21239814"><ele>-40.27000045776367</ele><time>2022-05-22T21:58:51Z</time><extensions><gpxtpx:TrackPointExtension><gpxtpx:hr>170</gpxtpx:hr><gpxtpx:cad>89</gpxtpx:cad></gpxtpx:TrackPointExtension></extensions></trkpt><trkpt lat="35.94522762" lon="120.21240447"><ele>-40.27000045776367</ele><time>2022-05-22T21:58:52Z</time><extensions><gpxtpx:TrackPointExtension><gpxtpx:hr>171</gpxtpx:hr><gpxtpx:cad>89</gpxtpx:cad></gpxtpx:TrackPointExtension></extensions></trkpt><trkpt lat="35.94521329" lon="120.21241013"><ele>-40.290000915527344</ele><time>2022-05-22T21:58:53Z</time><extensions><gpxtpx:TrackPointExtension><gpxtpx:hr>171</gpxtpx:hr><gpxtpx:cad>89</gpxtpx:cad></gpxtpx:TrackPointExtension></extensions></trkpt><trkpt lat="35.94519896" lon="120.21241546"><ele>-40.310001373291016</ele><time>2022-05-22T21:58:54Z</time><extensions><gpxtpx:TrackPointExtension><gpxtpx:hr>172</gpxtpx:hr><gpxtpx:cad>89</gpxtpx:cad></gpxtpx:TrackPointExtension></extensions></trkpt><trkpt lat="35.94518496" lon="120.21241812"><ele>-40.34000015258789</ele><time>2022-05-22T21:58:55Z</time><extensions><gpxtpx:TrackPointExtension><gpxtpx:hr>171</gpxtpx:hr><gpxtpx:cad>89</gpxtpx:cad></gpxtpx:TrackPointExtension></extensions></trkpt><trkpt lat="35.94517096" lon="120.21241978"><ele>-40.310001373291016</ele><time>2022-05-22T21:58:56Z</time><extensions><gpxtpx:TrackPointExtension><gpxtpx:hr>171</gpxtpx:hr><gpxtpx:cad>89</gpxtpx:cad></gpxtpx:TrackPointExtension></extensions></trkpt><trkpt lat="35.94515863" lon="120.21242177"><ele>-40.290000915527344</ele><time>2022-05-22T21:58:57Z</time><extensions><gpxtpx:TrackPointExtension><gpxtpx:hr>171</gpxtpx:hr><gpxtpx:cad>89</gpxtpx:cad></gpxtpx:TrackPointExtension></extensions></trkpt><trkpt lat="35.9451463" lon="120.21242343"><ele>-40.27000045776367</ele><time>2022-05-22T21:58:58Z</time><extensions><gpxtpx:TrackPointExtension><gpxtpx:hr>171</gpxtpx:hr><gpxtpx:cad>89</gpxtpx:cad></gpxtpx:TrackPointExtension></extensions></trkpt><trkpt lat="35.9451323" lon="120.21242543"><ele>-40.25</ele><time>2022-05-22T21:58:59Z</time><extensions><gpxtpx:TrackPointExtension><gpxtpx:hr>171</gpxtpx:hr><gpxtpx:cad>89</gpxtpx:cad></gpxtpx:TrackPointExtension></extensions></trkpt><trkpt lat="35.94511664" lon="120.21242976"><ele>-40.2400016784668</ele><time>2022-05-22T21:59:00Z</time><extensions><gpxtpx:TrackPointExtension><gpxtpx:hr>171</gpxtpx:hr><gpxtpx:cad>89</gpxtpx:cad></gpxtpx:TrackPointExtension></extensions></trkpt><trkpt lat="35.94510098" lon="120.21243342"><ele>-40.220001220703125</ele><time>2022-05-22T21:59:01Z</time><extensions><gpxtpx:TrackPointExtension><gpxtpx:hr>172</gpxtpx:hr><gpxtpx:cad>89</gpxtpx:cad></gpxtpx:TrackPointExtension></extensions></trkpt><trkpt lat="35.94508532" lon="120.21243742"><ele>-40.18000030517578</ele><time>2022-05-22T21:59:02Z</time><extensions><gpxtpx:TrackPointExtension><gpxtpx:hr>172</gpxtpx:hr><gpxtpx:cad>89</gpxtpx:cad></gpxtpx:TrackPointExtension></extensions></trkpt><trkpt lat="35.94506866" lon="120.21244141"><ele>-40.150001525878906</ele><time>2022-05-22T21:59:03Z</time><extensions><gpxtpx:TrackPointExtension><gpxtpx:hr>171</gpxtpx:hr><gpxtpx:cad>89</gpxtpx:cad></gpxtpx:TrackPointExtension></extensions></trkpt><trkpt lat="35.94504933" lon="120.21244807"><ele>-40.15999984741211</ele><time>2022-05-22T21:59:04Z</time><extensions><gpxtpx:TrackPointExtension><gpxtpx:hr>171</gpxtpx:hr><gpxtpx:cad>89</gpxtpx:cad></gpxtpx:TrackPointExtension></extensions></trkpt><trkpt lat="35.94502567" lon="120.21245907"><ele>-40.18000030517578</ele><time>2022-05-22T21:59:05Z</time><extensions><gpxtpx:TrackPointExtension><gpxtpx:hr>172</gpxtpx:hr><gpxtpx:cad>89</gpxtpx:cad></gpxtpx:TrackPointExtension></extensions></trkpt><trkpt lat="35.94500067" lon="120.21247173"><ele>-40.20000076293945</ele><time>2022-05-22T21:59:06Z</time><extensions><gpxtpx:TrackPointExtension><gpxtpx:hr>172</gpxtpx:hr><gpxtpx:cad>89</gpxtpx:cad></gpxtpx:TrackPointExtension></extensions></trkpt><trkpt lat="35.94497468" lon="120.21248639"><ele>-40.20000076293945</ele><time>2022-05-22T21:59:07Z</time><extensions><gpxtpx:TrackPointExtension><gpxtpx:hr>172</gpxtpx:hr><gpxtpx:cad>89</gpxtpx:cad></gpxtpx:TrackPointExtension></extensions></trkpt><trkpt lat="35.94494902" lon="120.21250005"><ele>-40.220001220703125</ele><time>2022-05-22T21:59:08Z</time><extensions><gpxtpx:TrackPointExtension><gpxtpx:hr>172</gpxtpx:hr><gpxtpx:cad>88</gpxtpx:cad></gpxtpx:TrackPointExtension></extensions></trkpt><trkpt lat="35.94492436" lon="120.21251138"><ele>-40.25</ele><time>2022-05-22T21:59:09Z</time><extensions><gpxtpx:TrackPointExtension><gpxtpx:hr>172</gpxtpx:hr><gpxtpx:cad>88</gpxtpx:cad></gpxtpx:TrackPointExtension></extensions></trkpt><trkpt lat="35.9449017" lon="120.21252337"><ele>-40.25</ele><time>2022-05-22T21:59:10Z</time><extensions><gpxtpx:TrackPointExtension><gpxtpx:hr>171</gpxtpx:hr></gpxtpx:TrackPointExtension></extensions></trkpt><trkpt lat="35.9448797" lon="120.21253337"><ele>-40.290000915527344</ele><time>2022-05-22T21:59:11Z</time><extensions><gpxtpx:TrackPointExtension><gpxtpx:hr>171</gpxtpx:hr><gpxtpx:cad>89</gpxtpx:cad></gpxtpx:TrackPointExtension></extensions></trkpt><trkpt lat="35.9448577" lon="120.21254203"><ele>-40.27000045776367</ele><time>2022-05-22T21:59:12Z</time><extensions><gpxtpx:TrackPointExtension><gpxtpx:hr>171</gpxtpx:hr><gpxtpx:cad>89</gpxtpx:cad></gpxtpx:TrackPointExtension></extensions></trkpt><trkpt lat="35.94483571" lon="120.21254936"><ele>-40.310001373291016</ele><time>2022-05-22T21:59:13Z</time><extensions><gpxtpx:TrackPointExtension><gpxtpx:hr>171</gpxtpx:hr><gpxtpx:cad>89</gpxtpx:cad></gpxtpx:TrackPointExtension></extensions></trkpt><trkpt lat="35.94481405" lon="120.21255669"><ele>-40.310001373291016</ele><time>2022-05-22T21:59:14Z</time><extensions><gpxtpx:TrackPointExtension><gpxtpx:hr>171</gpxtpx:hr><gpxtpx:cad>88</gpxtpx:cad></gpxtpx:TrackPointExtension></extensions></trkpt><trkpt lat="35.94479172" lon="120.21256635"><ele>-40.400001525878906</ele><time>2022-05-22T21:59:15Z</time><extensions><gpxtpx:TrackPointExtension><gpxtpx:hr>171</gpxtpx:hr></gpxtpx:TrackPointExtension></extensions></trkpt><trkpt lat="35.94477039" lon="120.21257901"><ele>-40.43000030517578</ele><time>2022-05-22T21:59:16Z</time><extensions><gpxtpx:TrackPointExtension><gpxtpx:hr>171</gpxtpx:hr><gpxtpx:cad>88</gpxtpx:cad></gpxtpx:TrackPointExtension></extensions></trkpt><trkpt lat="35.94474873" lon="120.21259134"><ele>-40.540000915527344</ele><time>2022-05-22T21:59:17Z</time><extensions><gpxtpx:TrackPointExtension><gpxtpx:hr>171</gpxtpx:hr><gpxtpx:cad>89</gpxtpx:cad></gpxtpx:TrackPointExtension></extensions></trkpt><trkpt lat="35.94472707" lon="120.21260167"><ele>-40.560001373291016</ele><time>2022-05-22T21:59:18Z</time><extensions><gpxtpx:TrackPointExtension><gpxtpx:hr>171</gpxtpx:hr><gpxtpx:cad>89</gpxtpx:cad></gpxtpx:TrackPointExtension></extensions></trkpt><trkpt lat="35.94470674" lon="120.21260966"><ele>-40.52000045776367</ele><time>2022-05-22T21:59:19Z</time><extensions><gpxtpx:TrackPointExtension><gpxtpx:hr>171</gpxtpx:hr><gpxtpx:cad>89</gpxtpx:cad></gpxtpx:TrackPointExtension></extensions></trkpt><trkpt lat="35.94468641" lon="120.21261632"><ele>-40.5</ele><time>2022-05-22T21:59:20Z</time><extensions><gpxtpx:TrackPointExtension><gpxtpx:hr>171</gpxtpx:hr><gpxtpx:cad>89</gpxtpx:cad></gpxtpx:TrackPointExtension></extensions></trkpt><trkpt lat="35.94466608" lon="120.21262365"><ele>-40.470001220703125</ele><time>2022-05-22T21:59:21Z</time><extensions><gpxtpx:TrackPointExtension><gpxtpx:hr>171</gpxtpx:hr><gpxtpx:cad>88</gpxtpx:cad></gpxtpx:TrackPointExtension></extensions></trkpt><trkpt lat="35.94464475" lon="120.21263198"><ele>-40.43000030517578</ele><time>2022-05-22T21:59:22Z</time><extensions><gpxtpx:TrackPointExtension><gpxtpx:hr>171</gpxtpx:hr><gpxtpx:cad>88</gpxtpx:cad></gpxtpx:TrackPointExtension></extensions></trkpt><trkpt lat="35.94462309" lon="120.21264164"><ele>-40.400001525878906</ele><time>2022-05-22T21:59:23Z</time><extensions><gpxtpx:TrackPointExtension><gpxtpx:hr>172</gpxtpx:hr><gpxtpx:cad>89</gpxtpx:cad></gpxtpx:TrackPointExtension></extensions></trkpt><trkpt lat="35.94460143" lon="120.21265463"><ele>-40.34000015258789</ele><time>2022-05-22T21:59:24Z</time><extensions><gpxtpx:TrackPointExtension><gpxtpx:hr>173</gpxtpx:hr><gpxtpx:cad>88</gpxtpx:cad></gpxtpx:TrackPointExtension></extensions></trkpt><trkpt lat="35.94457877" lon="120.21266963"><ele>-40.310001373291016</ele><time>2022-05-22T21:59:25Z</time><extensions><gpxtpx:TrackPointExtension><gpxtpx:hr>174</gpxtpx:hr><gpxtpx:cad>88</gpxtpx:cad></gpxtpx:TrackPointExtension></extensions></trkpt><trkpt lat="35.94455511" lon="120.21268596"><ele>-40.25</ele><time>2022-05-22T21:59:26Z</time><extensions><gpxtpx:TrackPointExtension><gpxtpx:hr>175</gpxtpx:hr><gpxtpx:cad>88</gpxtpx:cad></gpxtpx:TrackPointExtension></extensions></trkpt><trkpt lat="35.94453178" lon="120.21270362"><ele>-40.2400016784668</ele><time>2022-05-22T21:59:27Z</time><extensions><gpxtpx:TrackPointExtension><gpxtpx:hr>175</gpxtpx:hr><gpxtpx:cad>88</gpxtpx:cad></gpxtpx:TrackPointExtension></extensions></trkpt><trkpt lat="35.94450945" lon="120.21272128"><ele>-40.18000030517578</ele><time>2022-05-22T21:59:28Z</time><extensions><gpxtpx:TrackPointExtension><gpxtpx:hr>175</gpxtpx:hr><gpxtpx:cad>89</gpxtpx:cad></gpxtpx:TrackPointExtension></extensions></trkpt><trkpt lat="35.94448679" lon="120.21273961"><ele>-40.15999984741211</ele><time>2022-05-22T21:59:29Z</time><extensions><gpxtpx:TrackPointExtension><gpxtpx:hr>175</gpxtpx:hr><gpxtpx:cad>88</gpxtpx:cad></gpxtpx:TrackPointExtension></extensions></trkpt><trkpt lat="35.94446646" lon="120.21275527"><ele>-40.11000061035156</ele><time>2022-05-22T21:59:30Z</time><extensions><gpxtpx:TrackPointExtension><gpxtpx:hr>175</gpxtpx:hr><gpxtpx:cad>88</gpxtpx:cad></gpxtpx:TrackPointExtension></extensions></trkpt><trkpt lat="35.9444478" lon="120.21276827"><ele>-40.09000015258789</ele><time>2022-05-22T21:59:31Z</time><extensions><gpxtpx:TrackPointExtension><gpxtpx:hr>174</gpxtpx:hr><gpxtpx:cad>88</gpxtpx:cad></gpxtpx:TrackPointExtension></extensions></trkpt><trkpt lat="35.94443081" lon="120.21278026"><ele>-40.060001373291016</ele><time>2022-05-22T21:59:32Z</time><extensions><gpxtpx:TrackPointExtension><gpxtpx:hr>174</gpxtpx:hr><gpxtpx:cad>88</gpxtpx:cad></gpxtpx:TrackPointExtension></extensions></trkpt><trkpt lat="35.94441515" lon="120.21278992"><ele>-40.040000915527344</ele><time>2022-05-22T21:59:33Z</time><extensions><gpxtpx:TrackPointExtension><gpxtpx:hr>174</gpxtpx:hr><gpxtpx:cad>88</gpxtpx:cad></gpxtpx:TrackPointExtension></extensions></trkpt><trkpt lat="35.94440082" lon="120.21279725"><ele>-40.040000915527344</ele><time>2022-05-22T21:59:34Z</time><extensions><gpxtpx:TrackPointExtension><gpxtpx:hr>174</gpxtpx:hr><gpxtpx:cad>88</gpxtpx:cad></gpxtpx:TrackPointExtension></extensions></trkpt><trkpt lat="35.94438782" lon="120.21280324"><ele>-40.040000915527344</ele><time>2022-05-22T21:59:35Z</time><extensions><gpxtpx:TrackPointExtension><gpxtpx:hr>174</gpxtpx:hr><gpxtpx:cad>88</gpxtpx:cad></gpxtpx:TrackPointExtension></extensions></trkpt><trkpt lat="35.94437682" lon="120.21280857"><ele>-40.02000045776367</ele><time>2022-05-22T21:59:36Z</time><extensions><gpxtpx:TrackPointExtension><gpxtpx:hr>174</gpxtpx:hr><gpxtpx:cad>88</gpxtpx:cad></gpxtpx:TrackPointExtension></extensions></trkpt><trkpt lat="35.94436582" lon="120.21281323"><ele>-40.0</ele><time>2022-05-22T21:59:37Z</time><extensions><gpxtpx:TrackPointExtension><gpxtpx:hr>175</gpxtpx:hr><gpxtpx:cad>88</gpxtpx:cad></gpxtpx:TrackPointExtension></extensions></trkpt><trkpt lat="35.94435449" lon="120.21281922"><ele>-39.9900016784668</ele><time>2022-05-22T21:59:38Z</time><extensions><gpxtpx:TrackPointExtension><gpxtpx:hr>175</gpxtpx:hr><gpxtpx:cad>88</gpxtpx:cad></gpxtpx:TrackPointExtension></extensions></trkpt><trkpt lat="35.9443435" lon="120.21282655"><ele>-39.970001220703125</ele><time>2022-05-22T21:59:39Z</time><extensions><gpxtpx:TrackPointExtension><gpxtpx:hr>175</gpxtpx:hr><gpxtpx:cad>88</gpxtpx:cad></gpxtpx:TrackPointExtension></extensions></trkpt><trkpt lat="35.94433184" lon="120.21283421"><ele>-39.970001220703125</ele><time>2022-05-22T21:59:40Z</time><extensions><gpxtpx:TrackPointExtension><gpxtpx:hr>176</gpxtpx:hr><gpxtpx:cad>88</gpxtpx:cad></gpxtpx:TrackPointExtension></extensions></trkpt><trkpt lat="35.94432118" lon="120.21284087"><ele>-39.95000076293945</ele><time>2022-05-22T21:59:41Z</time><extensions><gpxtpx:TrackPointExtension><gpxtpx:hr>176</gpxtpx:hr><gpxtpx:cad>88</gpxtpx:cad></gpxtpx:TrackPointExtension></extensions></trkpt><trkpt lat="35.94431085" lon="120.21284687"><ele>-39.93000030517578</ele><time>2022-05-22T21:59:42Z</time><extensions><gpxtpx:TrackPointExtension><gpxtpx:hr>176</gpxtpx:hr><gpxtpx:cad>88</gpxtpx:cad></gpxtpx:TrackPointExtension></extensions></trkpt><trkpt lat="35.94430019" lon="120.21285386"><ele>-39.900001525878906</ele><time>2022-05-22T21:59:43Z</time><extensions><gpxtpx:TrackPointExtension><gpxtpx:hr>176</gpxtpx:hr><gpxtpx:cad>88</gpxtpx:cad></gpxtpx:TrackPointExtension></extensions></trkpt><trkpt lat="35.94428786" lon="120.21286119"><ele>-39.790000915527344</ele><time>2022-05-22T21:59:44Z</time><extensions><gpxtpx:TrackPointExtension><gpxtpx:hr>176</gpxtpx:hr><gpxtpx:cad>88</gpxtpx:cad></gpxtpx:TrackPointExtension></extensions></trkpt><trkpt lat="35.94427653" lon="120.21286919"><ele>-39.720001220703125</ele><time>2022-05-22T21:59:45Z</time><extensions><gpxtpx:TrackPointExtension><gpxtpx:hr>176</gpxtpx:hr><gpxtpx:cad>88</gpxtpx:cad></gpxtpx:TrackPointExtension></extensions></trkpt><trkpt lat="35.94426487" lon="120.21287552"><ele>-39.650001525878906</ele><time>2022-05-22T21:59:46Z</time><extensions><gpxtpx:TrackPointExtension><gpxtpx:hr>176</gpxtpx:hr><gpxtpx:cad>88</gpxtpx:cad></gpxtpx:TrackPointExtension></extensions></trkpt><trkpt lat="35.94425387" lon="120.21288118"><ele>-39.61000061035156</ele><time>2022-05-22T21:59:47Z</time><extensions><gpxtpx:TrackPointExtension><gpxtpx:hr>176</gpxtpx:hr><gpxtpx:cad>88</gpxtpx:cad></gpxtpx:TrackPointExtension></extensions></trkpt><trkpt lat="35.94424221" lon="120.21288717"><ele>-39.560001373291016</ele><time>2022-05-22T21:59:48Z</time><extensions><gpxtpx:TrackPointExtension><gpxtpx:hr>176</gpxtpx:hr><gpxtpx:cad>88</gpxtpx:cad></gpxtpx:TrackPointExtension></extensions></trkpt><trkpt lat="35.94423088" lon="120.2128925"><ele>-39.540000915527344</ele><time>2022-05-22T21:59:49Z</time><extensions><gpxtpx:TrackPointExtension><gpxtpx:hr>176</gpxtpx:hr><gpxtpx:cad>88</gpxtpx:cad></gpxtpx:TrackPointExtension></extensions></trkpt><trkpt lat="35.94421922" lon="120.21289849"><ele>-39.52000045776367</ele><time>2022-05-22T21:59:50Z</time><extensions><gpxtpx:TrackPointExtension><gpxtpx:hr>176</gpxtpx:hr><gpxtpx:cad>59</gpxtpx:cad></gpxtpx:TrackPointExtension></extensions></trkpt><trkpt lat="35.94420789" lon="120.21290315"><ele>-39.540000915527344</ele><time>2022-05-22T21:59:51Z</time><extensions><gpxtpx:TrackPointExtension><gpxtpx:hr>176</gpxtpx:hr><gpxtpx:cad>57</gpxtpx:cad></gpxtpx:TrackPointExtension></extensions></trkpt><trkpt lat="35.9441949" lon="120.21290748"><ele>-39.540000915527344</ele><time>2022-05-22T21:59:52Z</time><extensions><gpxtpx:TrackPointExtension><gpxtpx:hr>176</gpxtpx:hr><gpxtpx:cad>56</gpxtpx:cad></gpxtpx:TrackPointExtension></extensions></trkpt><trkpt lat="35.94418157" lon="120.21291248"><ele>-39.560001373291016</ele><time>2022-05-22T21:59:53Z</time><extensions><gpxtpx:TrackPointExtension><gpxtpx:hr>176</gpxtpx:hr><gpxtpx:cad>56</gpxtpx:cad></gpxtpx:TrackPointExtension></extensions></trkpt><trkpt lat="35.94416958" lon="120.21291914"><ele>-39.58000183105469</ele><time>2022-05-22T21:59:54Z</time><extensions><gpxtpx:TrackPointExtension><gpxtpx:hr>175</gpxtpx:hr><gpxtpx:cad>56</gpxtpx:cad></gpxtpx:TrackPointExtension></extensions></trkpt><trkpt lat="35.94415858" lon="120.21292647"><ele>-39.59000015258789</ele><time>2022-05-22T21:59:55Z</time><extensions><gpxtpx:TrackPointExtension><gpxtpx:hr>174</gpxtpx:hr><gpxtpx:cad>56</gpxtpx:cad></gpxtpx:TrackPointExtension></extensions></trkpt><trkpt lat="35.94414792" lon="120.21293513"><ele>-39.58000183105469</ele><time>2022-05-22T21:59:56Z</time><extensions><gpxtpx:TrackPointExtension><gpxtpx:hr>173</gpxtpx:hr><gpxtpx:cad>56</gpxtpx:cad></gpxtpx:TrackPointExtension></extensions></trkpt><trkpt lat="35.94413759" lon="120.21294413"><ele>-39.540000915527344</ele><time>2022-05-22T21:59:57Z</time><extensions><gpxtpx:TrackPointExtension><gpxtpx:hr>172</gpxtpx:hr><gpxtpx:cad>56</gpxtpx:cad></gpxtpx:TrackPointExtension></extensions></trkpt><trkpt lat="35.94412793" lon="120.21295446"><ele>-39.52000045776367</ele><time>2022-05-22T21:59:58Z</time><extensions><gpxtpx:TrackPointExtension><gpxtpx:hr>172</gpxtpx:hr><gpxtpx:cad>62</gpxtpx:cad></gpxtpx:TrackPointExtension></extensions></trkpt><trkpt lat="35.9441186" lon="120.21296612"><ele>-39.5</ele><time>2022-05-22T21:59:59Z</time><extensions><gpxtpx:TrackPointExtension><gpxtpx:hr>171</gpxtpx:hr><gpxtpx:cad>62</gpxtpx:cad></gpxtpx:TrackPointExtension></extensions></trkpt><trkpt lat="35.94411027" lon="120.21297811"><ele>-39.470001220703125</ele><time>2022-05-22T22:00:01Z</time><extensions><gpxtpx:TrackPointExtension><gpxtpx:hr>171</gpxtpx:hr><gpxtpx:cad>62</gpxtpx:cad></gpxtpx:TrackPointExtension></extensions></trkpt><trkpt lat="35.94410061" lon="120.21299077"><ele>-39.470001220703125</ele><time>2022-05-22T22:00:01Z</time><extensions><gpxtpx:TrackPointExtension><gpxtpx:hr>171</gpxtpx:hr><gpxtpx:cad>62</gpxtpx:cad></gpxtpx:TrackPointExtension></extensions></trkpt><trkpt lat="35.94408762" lon="120.2129991"><ele>-39.43000030517578</ele><time>2022-05-22T22:00:02Z</time><extensions><gpxtpx:TrackPointExtension><gpxtpx:hr>171</gpxtpx:hr><gpxtpx:cad>62</gpxtpx:cad></gpxtpx:TrackPointExtension></extensions></trkpt><trkpt lat="35.94407462" lon="120.21300676"><ele>-39.33000183105469</ele><time>2022-05-22T22:00:03Z</time><extensions><gpxtpx:TrackPointExtension><gpxtpx:hr>171</gpxtpx:hr><gpxtpx:cad>62</gpxtpx:cad></gpxtpx:TrackPointExtension></extensions></trkpt><trkpt lat="35.94406162" lon="120.21301375"><ele>-39.25</ele><time>2022-05-22T22:00:04Z</time><extensions><gpxtpx:TrackPointExtension><gpxtpx:hr>171</gpxtpx:hr><gpxtpx:cad>62</gpxtpx:cad></gpxtpx:TrackPointExtension></extensions></trkpt><trkpt lat="35.94404829" lon="120.21302041"><ele>-39.18000030517578</ele><time>2022-05-22T22:00:05Z</time><extensions><gpxtpx:TrackPointExtension><gpxtpx:hr>172</gpxtpx:hr><gpxtpx:cad>62</gpxtpx:cad></gpxtpx:TrackPointExtension></extensions></trkpt><trkpt lat="35.94403529" lon="120.21302741"><ele>-39.11000061035156</ele><time>2022-05-22T22:00:06Z</time><extensions><gpxtpx:TrackPointExtension><gpxtpx:hr>172</gpxtpx:hr><gpxtpx:cad>62</gpxtpx:cad></gpxtpx:TrackPointExtension></extensions></trkpt><trkpt lat="35.94402196" lon="120.21303174"><ele>-38.9900016784668</ele><time>2022-05-22T22:00:10Z</time><extensions><gpxtpx:TrackPointExtension><gpxtpx:hr>172</gpxtpx:hr><gpxtpx:cad>62</gpxtpx:cad></gpxtpx:TrackPointExtension></extensions></trkpt><trkpt lat="35.94400963" lon="120.21303607"><ele>-38.9900016784668</ele><time>2022-05-22T22:00:10Z</time><extensions><gpxtpx:TrackPointExtension><gpxtpx:hr>171</gpxtpx:hr><gpxtpx:cad>62</gpxtpx:cad></gpxtpx:TrackPointExtension></extensions></trkpt><trkpt lat="35.94399697" lon="120.2130404"><ele>-38.9900016784668</ele><time>2022-05-22T22:00:10Z</time><extensions><gpxtpx:TrackPointExtension><gpxtpx:hr>170</gpxtpx:hr><gpxtpx:cad>62</gpxtpx:cad></gpxtpx:TrackPointExtension></extensions></trkpt><trkpt lat="35.94398364" lon="120.2130454"><ele>-38.93000030517578</ele><time>2022-05-22T22:00:10Z</time></trkpt><trkpt lat="35.94397031" lon="120.21305073"><ele>-38.93000030517578</ele><time>2022-05-22T22:00:11Z</time><extensions><gpxtpx:TrackPointExtension><gpxtpx:hr>169</gpxtpx:hr><gpxtpx:cad>62</gpxtpx:cad></gpxtpx:TrackPointExtension></extensions></trkpt><trkpt lat="35.94395665" lon="120.21305672"><ele>-38.84000015258789</ele><time>2022-05-22T22:00:12Z</time><extensions><gpxtpx:TrackPointExtension><gpxtpx:hr>169</gpxtpx:hr><gpxtpx:cad>62</gpxtpx:cad></gpxtpx:TrackPointExtension></extensions></trkpt><trkpt lat="35.94394299" lon="120.21306205"><ele>-38.810001373291016</ele><time>2022-05-22T22:00:13Z</time><extensions><gpxtpx:TrackPointExtension><gpxtpx:hr>169</gpxtpx:hr><gpxtpx:cad>62</gpxtpx:cad></gpxtpx:TrackPointExtension></extensions></trkpt><trkpt lat="35.94392933" lon="120.21306671"><ele>-38.810001373291016</ele><time>2022-05-22T22:00:14Z</time><extensions><gpxtpx:TrackPointExtension><gpxtpx:hr>169</gpxtpx:hr><gpxtpx:cad>62</gpxtpx:cad></gpxtpx:TrackPointExtension></extensions></trkpt><trkpt lat="35.94391533" lon="120.21307037"><ele>-38.83000183105469</ele><time>2022-05-22T22:00:15Z</time><extensions><gpxtpx:TrackPointExtension><gpxtpx:hr>169</gpxtpx:hr><gpxtpx:cad>61</gpxtpx:cad></gpxtpx:TrackPointExtension></extensions></trkpt><trkpt lat="35.94390267" lon="120.21307337"><ele>-38.83000183105469</ele><time>2022-05-22T22:00:16Z</time><extensions><gpxtpx:TrackPointExtension><gpxtpx:hr>170</gpxtpx:hr><gpxtpx:cad>61</gpxtpx:cad></gpxtpx:TrackPointExtension></extensions></trkpt><trkpt lat="35.94388901" lon="120.2130747"><ele>-38.83000183105469</ele><time>2022-05-22T22:00:17Z</time><extensions><gpxtpx:TrackPointExtension><gpxtpx:hr>172</gpxtpx:hr><gpxtpx:cad>61</gpxtpx:cad></gpxtpx:TrackPointExtension></extensions></trkpt><trkpt lat="35.94387435" lon="120.2130747"><ele>-38.810001373291016</ele><time>2022-05-22T22:00:18Z</time><extensions><gpxtpx:TrackPointExtension><gpxtpx:hr>174</gpxtpx:hr><gpxtpx:cad>62</gpxtpx:cad></gpxtpx:TrackPointExtension></extensions></trkpt><trkpt lat="35.94385835" lon="120.21307137"><ele>-38.790000915527344</ele><time>2022-05-22T22:00:19Z</time><extensions><gpxtpx:TrackPointExtension><gpxtpx:hr>176</gpxtpx:hr><gpxtpx:cad>62</gpxtpx:cad></gpxtpx:TrackPointExtension></extensions></trkpt><trkpt lat="35.94384002" lon="120.21306471"><ele>-38.790000915527344</ele><time>2022-05-22T22:00:20Z</time><extensions><gpxtpx:TrackPointExtension><gpxtpx:hr>176</gpxtpx:hr><gpxtpx:cad>62</gpxtpx:cad></gpxtpx:TrackPointExtension></extensions></trkpt><trkpt lat="35.94382069" lon="120.21305605"><ele>-38.75</ele><time>2022-05-22T22:00:21Z</time><extensions><gpxtpx:TrackPointExtension><gpxtpx:hr>176</gpxtpx:hr><gpxtpx:cad>62</gpxtpx:cad></gpxtpx:TrackPointExtension></extensions></trkpt><trkpt lat="35.94380136" lon="120.21304672"><ele>-38.70000076293945</ele><time>2022-05-22T22:00:22Z</time><extensions><gpxtpx:TrackPointExtension><gpxtpx:hr>176</gpxtpx:hr><gpxtpx:cad>62</gpxtpx:cad></gpxtpx:TrackPointExtension></extensions></trkpt><trkpt lat="35.94378236" lon="120.21303506"><ele>-38.650001525878906</ele><time>2022-05-22T22:00:23Z</time><extensions><gpxtpx:TrackPointExtension><gpxtpx:hr>175</gpxtpx:hr><gpxtpx:cad>62</gpxtpx:cad></gpxtpx:TrackPointExtension></extensions></trkpt><trkpt lat="35.94376336" lon="120.21302173"><ele>-38.61000061035156</ele><time>2022-05-22T22:00:24Z</time><extensions><gpxtpx:TrackPointExtension><gpxtpx:hr>175</gpxtpx:hr><gpxtpx:cad>62</gpxtpx:cad></gpxtpx:TrackPointExtension></extensions></trkpt><trkpt lat="35.94374737" lon="120.2130084"><ele>-38.61000061035156</ele><time>2022-05-22T22:00:25Z</time><extensions><gpxtpx:TrackPointExtension><gpxtpx:hr>175</gpxtpx:hr><gpxtpx:cad>62</gpxtpx:cad></gpxtpx:TrackPointExtension></extensions></trkpt><trkpt lat="35.94373404" lon="120.21299341"><ele>-38.61000061035156</ele><time>2022-05-22T22:00:26Z</time><extensions><gpxtpx:TrackPointExtension><gpxtpx:hr>175</gpxtpx:hr><gpxtpx:cad>62</gpxtpx:cad></gpxtpx:TrackPointExtension></extensions></trkpt><trkpt lat="35.94372071" lon="120.21297675"><ele>-38.630001068115234</ele><time>2022-05-22T22:00:27Z</time><extensions><gpxtpx:TrackPointExtension><gpxtpx:hr>174</gpxtpx:hr><gpxtpx:cad>62</gpxtpx:cad></gpxtpx:TrackPointExtension></extensions></trkpt><trkpt lat="35.94370671" lon="120.21295875"><ele>-38.650001525878906</ele><time>2022-05-22T22:00:28Z</time><extensions><gpxtpx:TrackPointExtension><gpxtpx:hr>173</gpxtpx:hr><gpxtpx:cad>62</gpxtpx:cad></gpxtpx:TrackPointExtension></extensions></trkpt><trkpt lat="35.94369305" lon="120.21294042"><ele>-38.68000030517578</ele><time>2022-05-22T22:00:29Z</time><extensions><gpxtpx:TrackPointExtension><gpxtpx:hr>173</gpxtpx:hr><gpxtpx:cad>62</gpxtpx:cad></gpxtpx:TrackPointExtension></extensions></trkpt><trkpt lat="35.94368039" lon="120.21292143"><ele>-38.70000076293945</ele><time>2022-05-22T22:00:30Z</time><extensions><gpxtpx:TrackPointExtension><gpxtpx:hr>173</gpxtpx:hr><gpxtpx:cad>89</gpxtpx:cad></gpxtpx:TrackPointExtension></extensions></trkpt><trkpt lat="35.94366639" lon="120.21290177"><ele>-38.720001220703125</ele><time>2022-05-22T22:00:31Z</time><extensions><gpxtpx:TrackPointExtension><gpxtpx:hr>173</gpxtpx:hr><gpxtpx:cad>89</gpxtpx:cad></gpxtpx:TrackPointExtension></extensions></trkpt><trkpt lat="35.94365406" lon="120.21288244"><ele>-38.68000030517578</ele><time>2022-05-22T22:00:32Z</time><extensions><gpxtpx:TrackPointExtension><gpxtpx:hr>173</gpxtpx:hr><gpxtpx:cad>89</gpxtpx:cad></gpxtpx:TrackPointExtension></extensions></trkpt><trkpt lat="35.9436424" lon="120.21286345"><ele>-38.630001068115234</ele><time>2022-05-22T22:00:33Z</time><extensions><gpxtpx:TrackPointExtension><gpxtpx:hr>173</gpxtpx:hr><gpxtpx:cad>89</gpxtpx:cad></gpxtpx:TrackPointExtension></extensions></trkpt><trkpt lat="35.94362907" lon="120.21284312"><ele>-38.59000015258789</ele><time>2022-05-22T22:00:34Z</time><extensions><gpxtpx:TrackPointExtension><gpxtpx:hr>173</gpxtpx:hr><gpxtpx:cad>89</gpxtpx:cad></gpxtpx:TrackPointExtension></extensions></trkpt><trkpt lat="35.94361341" lon="120.21282179"><ele>-38.560001373291016</ele><time>2022-05-22T22:00:35Z</time><extensions><gpxtpx:TrackPointExtension><gpxtpx:hr>173</gpxtpx:hr><gpxtpx:cad>89</gpxtpx:cad></gpxtpx:TrackPointExtension></extensions></trkpt><trkpt lat="35.94359642" lon="120.21279979"><ele>-38.52000045776367</ele><time>2022-05-22T22:00:36Z</time><extensions><gpxtpx:TrackPointExtension><gpxtpx:hr>173</gpxtpx:hr><gpxtpx:cad>89</gpxtpx:cad></gpxtpx:TrackPointExtension></extensions></trkpt><trkpt lat="35.94357776" lon="120.21277713"><ele>-38.5</ele><time>2022-05-22T22:00:37Z</time><extensions><gpxtpx:TrackPointExtension><gpxtpx:hr>173</gpxtpx:hr><gpxtpx:cad>89</gpxtpx:cad></gpxtpx:TrackPointExtension></extensions></trkpt><trkpt lat="35.94356043" lon="120.2127538"><ele>-38.470001220703125</ele><time>2022-05-22T22:00:38Z</time><extensions><gpxtpx:TrackPointExtension><gpxtpx:hr>173</gpxtpx:hr><gpxtpx:cad>89</gpxtpx:cad></gpxtpx:TrackPointExtension></extensions></trkpt><trkpt lat="35.94354477" lon="120.21272947"><ele>-38.45000076293945</ele><time>2022-05-22T22:00:39Z</time><extensions><gpxtpx:TrackPointExtension><gpxtpx:hr>174</gpxtpx:hr><gpxtpx:cad>88</gpxtpx:cad></gpxtpx:TrackPointExtension></extensions></trkpt><trkpt lat="35.94353111" lon="120.21270614"><ele>-38.43000030517578</ele><time>2022-05-22T22:00:40Z</time><extensions><gpxtpx:TrackPointExtension><gpxtpx:hr>175</gpxtpx:hr><gpxtpx:cad>89</gpxtpx:cad></gpxtpx:TrackPointExtension></extensions></trkpt><trkpt lat="35.94351711" lon="120.21268114"><ele>-38.43000030517578</ele><time>2022-05-22T22:00:41Z</time><extensions><gpxtpx:TrackPointExtension><gpxtpx:hr>175</gpxtpx:hr><gpxtpx:cad>88</gpxtpx:cad></gpxtpx:TrackPointExtension></extensions></trkpt><trkpt lat="35.94350345" lon="120.21265648"><ele>-38.470001220703125</ele><time>2022-05-22T22:00:42Z</time><extensions><gpxtpx:TrackPointExtension><gpxtpx:hr>175</gpxtpx:hr><gpxtpx:cad>88</gpxtpx:cad></gpxtpx:TrackPointExtension></extensions></trkpt><trkpt lat="35.94349079" lon="120.21263082"><ele>-38.540000915527344</ele><time>2022-05-22T22:00:43Z</time><extensions><gpxtpx:TrackPointExtension><gpxtpx:hr>175</gpxtpx:hr><gpxtpx:cad>89</gpxtpx:cad></gpxtpx:TrackPointExtension></extensions></trkpt><trkpt lat="35.9434778" lon="120.21260349"><ele>-38.560001373291016</ele><time>2022-05-22T22:00:44Z</time><extensions><gpxtpx:TrackPointExtension><gpxtpx:hr>174</gpxtpx:hr><gpxtpx:cad>89</gpxtpx:cad></gpxtpx:TrackPointExtension></extensions></trkpt><trkpt lat="35.94346314" lon="120.21257816"><ele>-38.61000061035156</ele><time>2022-05-22T22:00:45Z</time><extensions><gpxtpx:TrackPointExtension><gpxtpx:hr>174</gpxtpx:hr><gpxtpx:cad>89</gpxtpx:cad></gpxtpx:TrackPointExtension></extensions></trkpt><trkpt lat="35.94344581" lon="120.2125535"><ele>-38.61000061035156</ele><time>2022-05-22T22:00:46Z</time><extensions><gpxtpx:TrackPointExtension><gpxtpx:hr>173</gpxtpx:hr><gpxtpx:cad>89</gpxtpx:cad></gpxtpx:TrackPointExtension></extensions></trkpt><trkpt lat="35.94342682" lon="120.21253051"><ele>-38.68000030517578</ele><time>2022-05-22T22:00:47Z</time><extensions><gpxtpx:TrackPointExtension><gpxtpx:hr>172</gpxtpx:hr><gpxtpx:cad>89</gpxtpx:cad></gpxtpx:TrackPointExtension></extensions></trkpt><trkpt lat="35.94341182" lon="120.21250452"><ele>-38.68000030517578</ele><time>2022-05-22T22:00:48Z</time><extensions><gpxtpx:TrackPointExtension><gpxtpx:hr>172</gpxtpx:hr><gpxtpx:cad>88</gpxtpx:cad></gpxtpx:TrackPointExtension></extensions></trkpt><trkpt lat="35.94339683" lon="120.21247986"><ele>-38.720001220703125</ele><time>2022-05-22T22:00:49Z</time><extensions><gpxtpx:TrackPointExtension><gpxtpx:hr>172</gpxtpx:hr><gpxtpx:cad>88</gpxtpx:cad></gpxtpx:TrackPointExtension></extensions></trkpt><trkpt lat="35.94338117" lon="120.21245853"><ele>-38.720001220703125</ele><time>2022-05-22T22:00:50Z</time><extensions><gpxtpx:TrackPointExtension><gpxtpx:hr>172</gpxtpx:hr><gpxtpx:cad>88</gpxtpx:cad></gpxtpx:TrackPointExtension></extensions></trkpt><trkpt lat="35.94336751" lon="120.2124372"><ele>-38.77000045776367</ele><time>2022-05-22T22:00:51Z</time><extensions><gpxtpx:TrackPointExtension><gpxtpx:hr>172</gpxtpx:hr><gpxtpx:cad>88</gpxtpx:cad></gpxtpx:TrackPointExtension></extensions></trkpt><trkpt lat="35.94335451" lon="120.21241487"><ele>-38.77000045776367</ele><time>2022-05-22T22:00:52Z</time><extensions><gpxtpx:TrackPointExtension><gpxtpx:hr>172</gpxtpx:hr><gpxtpx:cad>87</gpxtpx:cad></gpxtpx:TrackPointExtension></extensions></trkpt><trkpt lat="35.94333985" lon="120.21239688"><ele>-38.77000045776367</ele><time>2022-05-22T22:00:53Z</time><extensions><gpxtpx:TrackPointExtension><gpxtpx:hr>171</gpxtpx:hr><gpxtpx:cad>87</gpxtpx:cad></gpxtpx:TrackPointExtension></extensions></trkpt><trkpt lat="35.94332485" lon="120.21238088"><ele>-38.75</ele><time>2022-05-22T22:00:54Z</time><extensions><gpxtpx:TrackPointExtension><gpxtpx:hr>171</gpxtpx:hr><gpxtpx:cad>87</gpxtpx:cad></gpxtpx:TrackPointExtension></extensions></trkpt><trkpt lat="35.94330786" lon="120.21236555"><ele>-38.720001220703125</ele><time>2022-05-22T22:00:55Z</time><extensions><gpxtpx:TrackPointExtension><gpxtpx:hr>171</gpxtpx:hr><gpxtpx:cad>88</gpxtpx:cad></gpxtpx:TrackPointExtension></extensions></trkpt><trkpt lat="35.9432912" lon="120.21234955"><ele>-38.68000030517578</ele><time>2022-05-22T22:00:56Z</time><extensions><gpxtpx:TrackPointExtension><gpxtpx:hr>171</gpxtpx:hr><gpxtpx:cad>88</gpxtpx:cad></gpxtpx:TrackPointExtension></extensions></trkpt><trkpt lat="35.94327554" lon="120.21232989"><ele>-38.650001525878906</ele><time>2022-05-22T22:00:57Z</time><extensions><gpxtpx:TrackPointExtension><gpxtpx:hr>171</gpxtpx:hr><gpxtpx:cad>89</gpxtpx:cad></gpxtpx:TrackPointExtension></extensions></trkpt><trkpt lat="35.94325821" lon="120.21230956"><ele>-38.61000061035156</ele><time>2022-05-22T22:00:58Z</time><extensions><gpxtpx:TrackPointExtension><gpxtpx:hr>171</gpxtpx:hr><gpxtpx:cad>89</gpxtpx:cad></gpxtpx:TrackPointExtension></extensions></trkpt><trkpt lat="35.94324055" lon="120.21228557"><ele>-38.59000015258789</ele><time>2022-05-22T22:00:59Z</time><extensions><gpxtpx:TrackPointExtension><gpxtpx:hr>171</gpxtpx:hr><gpxtpx:cad>89</gpxtpx:cad></gpxtpx:TrackPointExtension></extensions></trkpt><trkpt lat="35.94322122" lon="120.21225824"><ele>-38.560001373291016</ele><time>2022-05-22T22:01:00Z</time><extensions><gpxtpx:TrackPointExtension><gpxtpx:cad>88</gpxtpx:cad></gpxtpx:TrackPointExtension></extensions></trkpt><trkpt lat="35.94320156" lon="120.21223024"><ele>-38.540000915527344</ele><time>2022-05-22T22:01:01Z</time><extensions><gpxtpx:TrackPointExtension><gpxtpx:hr>171</gpxtpx:hr><gpxtpx:cad>89</gpxtpx:cad></gpxtpx:TrackPointExtension></extensions></trkpt><trkpt lat="35.9431799" lon="120.21220125"><ele>-38.540000915527344</ele><time>2022-05-22T22:01:02Z</time><extensions><gpxtpx:TrackPointExtension><gpxtpx:hr>171</gpxtpx:hr><gpxtpx:cad>89</gpxtpx:cad></gpxtpx:TrackPointExtension></extensions></trkpt><trkpt lat="35.94316191" lon="120.21217059"><ele>-38.540000915527344</ele><time>2022-05-22T22:01:03Z</time><extensions><gpxtpx:TrackPointExtension><gpxtpx:hr>172</gpxtpx:hr><gpxtpx:cad>89</gpxtpx:cad></gpxtpx:TrackPointExtension></extensions></trkpt><trkpt lat="35.94314425" lon="120.21214193"><ele>-38.52000045776367</ele><time>2022-05-22T22:01:04Z</time><extensions><gpxtpx:TrackPointExtension><gpxtpx:hr>174</gpxtpx:hr><gpxtpx:cad>89</gpxtpx:cad></gpxtpx:TrackPointExtension></extensions></trkpt><trkpt lat="35.94312592" lon="120.21211393"><ele>-38.52000045776367</ele><time>2022-05-22T22:01:05Z</time><extensions><gpxtpx:TrackPointExtension><gpxtpx:hr>174</gpxtpx:hr><gpxtpx:cad>88</gpxtpx:cad></gpxtpx:TrackPointExtension></extensions></trkpt><trkpt lat="35.94310759" lon="120.21209027"><ele>-38.52000045776367</ele><time>2022-05-22T22:01:06Z</time><extensions><gpxtpx:TrackPointExtension><gpxtpx:hr>176</gpxtpx:hr><gpxtpx:cad>89</gpxtpx:cad></gpxtpx:TrackPointExtension></extensions></trkpt><trkpt lat="35.94309026" lon="120.21207028"><ele>-38.52000045776367</ele><time>2022-05-22T22:01:07Z</time><extensions><gpxtpx:TrackPointExtension><gpxtpx:hr>177</gpxtpx:hr><gpxtpx:cad>89</gpxtpx:cad></gpxtpx:TrackPointExtension></extensions></trkpt><trkpt lat="35.94307493" lon="120.21205428"><ele>-38.52000045776367</ele><time>2022-05-22T22:01:08Z</time><extensions><gpxtpx:TrackPointExtension><gpxtpx:hr>178</gpxtpx:hr><gpxtpx:cad>89</gpxtpx:cad></gpxtpx:TrackPointExtension></extensions></trkpt><trkpt lat="35.94306127" lon="120.21204195"><ele>-38.5</ele><time>2022-05-22T22:01:09Z</time><extensions><gpxtpx:TrackPointExtension><gpxtpx:hr>178</gpxtpx:hr><gpxtpx:cad>89</gpxtpx:cad></gpxtpx:TrackPointExtension></extensions></trkpt><trkpt lat="35.94304894" lon="120.21203195"><ele>-38.59000015258789</ele><time>2022-05-22T22:01:10Z</time><extensions><gpxtpx:TrackPointExtension><gpxtpx:hr>178</gpxtpx:hr><gpxtpx:cad>89</gpxtpx:cad></gpxtpx:TrackPointExtension></extensions></trkpt><trkpt lat="35.94303895" lon="120.21202129"><ele>-38.650001525878906</ele><time>2022-05-22T22:01:11Z</time><extensions><gpxtpx:TrackPointExtension><gpxtpx:hr>177</gpxtpx:hr><gpxtpx:cad>89</gpxtpx:cad></gpxtpx:TrackPointExtension></extensions></trkpt><trkpt lat="35.94303095" lon="120.21201063"><ele>-38.720001220703125</ele><time>2022-05-22T22:01:12Z</time><extensions><gpxtpx:TrackPointExtension><gpxtpx:hr>177</gpxtpx:hr><gpxtpx:cad>89</gpxtpx:cad></gpxtpx:TrackPointExtension></extensions></trkpt><trkpt lat="35.94302429" lon="120.21199997"><ele>-38.790000915527344</ele><time>2022-05-22T22:01:13Z</time><extensions><gpxtpx:TrackPointExtension><gpxtpx:hr>177</gpxtpx:hr><gpxtpx:cad>89</gpxtpx:cad></gpxtpx:TrackPointExtension></extensions></trkpt><trkpt lat="35.9430183" lon="120.21198897"><ele>-38.84000015258789</ele><time>2022-05-22T22:01:14Z</time><extensions><gpxtpx:TrackPointExtension><gpxtpx:hr>177</gpxtpx:hr><gpxtpx:cad>89</gpxtpx:cad></gpxtpx:TrackPointExtension></extensions></trkpt><trkpt lat="35.9430123" lon="120.21197831"><ele>-38.880001068115234</ele><time>2022-05-22T22:01:15Z</time><extensions><gpxtpx:TrackPointExtension><gpxtpx:hr>177</gpxtpx:hr><gpxtpx:cad>89</gpxtpx:cad></gpxtpx:TrackPointExtension></extensions></trkpt><trkpt lat="35.94300497" lon="120.21196731"><ele>-38.90999984741211</ele><time>2022-05-22T22:01:16Z</time><extensions><gpxtpx:TrackPointExtension><gpxtpx:hr>178</gpxtpx:hr><gpxtpx:cad>89</gpxtpx:cad></gpxtpx:TrackPointExtension></extensions></trkpt><trkpt lat="35.94300297" lon="120.21195165"><ele>-38.95000076293945</ele><time>2022-05-22T22:01:17Z</time><extensions><gpxtpx:TrackPointExtension><gpxtpx:hr>179</gpxtpx:hr><gpxtpx:cad>89</gpxtpx:cad></gpxtpx:TrackPointExtension></extensions></trkpt><trkpt lat="35.94300198" lon="120.21193566"><ele>-38.970001220703125</ele><time>2022-05-22T22:01:18Z</time><extensions><gpxtpx:TrackPointExtension><gpxtpx:hr>179</gpxtpx:hr><gpxtpx:cad>89</gpxtpx:cad></gpxtpx:TrackPointExtension></extensions></trkpt><trkpt lat="35.94300065" lon="120.21192"><ele>-38.9900016784668</ele><time>2022-05-22T22:01:19Z</time><extensions><gpxtpx:TrackPointExtension><gpxtpx:hr>179</gpxtpx:hr><gpxtpx:cad>89</gpxtpx:cad></gpxtpx:TrackPointExtension></extensions></trkpt><trkpt lat="35.94299932" lon="120.21190467"><ele>-39.02000045776367</ele><time>2022-05-22T22:01:20Z</time><extensions><gpxtpx:TrackPointExtension><gpxtpx:hr>180</gpxtpx:hr><gpxtpx:cad>89</gpxtpx:cad></gpxtpx:TrackPointExtension></extensions></trkpt><trkpt lat="35.94299633" lon="120.21189001"><ele>-39.040000915527344</ele><time>2022-05-22T22:01:21Z</time><extensions><gpxtpx:TrackPointExtension><gpxtpx:hr>181</gpxtpx:hr><gpxtpx:cad>89</gpxtpx:cad></gpxtpx:TrackPointExtension></extensions></trkpt><trkpt lat="35.94299233" lon="120.21187668"><ele>-39.060001373291016</ele><time>2022-05-22T22:01:22Z</time><extensions><gpxtpx:TrackPointExtension><gpxtpx:hr>181</gpxtpx:hr><gpxtpx:cad>89</gpxtpx:cad></gpxtpx:TrackPointExtension></extensions></trkpt><trkpt lat="35.94298767" lon="120.21186402"><ele>-39.08000183105469</ele><time>2022-05-22T22:01:23Z</time><extensions><gpxtpx:TrackPointExtension><gpxtpx:hr>181</gpxtpx:hr><gpxtpx:cad>61</gpxtpx:cad></gpxtpx:TrackPointExtension></extensions></trkpt><trkpt lat="35.94298067" lon="120.21184969"><ele>-39.09000015258789</ele><time>2022-05-22T22:01:24Z</time><extensions><gpxtpx:TrackPointExtension><gpxtpx:hr>182</gpxtpx:hr><gpxtpx:cad>61</gpxtpx:cad></gpxtpx:TrackPointExtension></extensions></trkpt><trkpt lat="35.94297301" lon="120.21183336"><ele>-39.11000061035156</ele><time>2022-05-22T22:01:25Z</time><extensions><gpxtpx:TrackPointExtension><gpxtpx:hr>182</gpxtpx:hr><gpxtpx:cad>61</gpxtpx:cad></gpxtpx:TrackPointExtension></extensions></trkpt><trkpt lat="35.94296335" lon="120.2118137"><ele>-39.040000915527344</ele><time>2022-05-22T22:01:26Z</time><extensions><gpxtpx:TrackPointExtension><gpxtpx:hr>182</gpxtpx:hr><gpxtpx:cad>61</gpxtpx:cad></gpxtpx:TrackPointExtension></extensions></trkpt><trkpt lat="35.94295402" lon="120.2117917"><ele>-39.0</ele><time>2022-05-22T22:01:27Z</time><extensions><gpxtpx:TrackPointExtension><gpxtpx:hr>182</gpxtpx:hr><gpxtpx:cad>61</gpxtpx:cad></gpxtpx:TrackPointExtension></extensions></trkpt><trkpt lat="35.94294469" lon="120.21176704"><ele>-38.95000076293945</ele><time>2022-05-22T22:01:28Z</time><extensions><gpxtpx:TrackPointExtension><gpxtpx:hr>181</gpxtpx:hr><gpxtpx:cad>61</gpxtpx:cad></gpxtpx:TrackPointExtension></extensions></trkpt><trkpt lat="35.94293403" lon="120.21174004"><ele>-38.970001220703125</ele><time>2022-05-22T22:01:29Z</time><extensions><gpxtpx:TrackPointExtension><gpxtpx:hr>181</gpxtpx:hr><gpxtpx:cad>61</gpxtpx:cad></gpxtpx:TrackPointExtension></extensions></trkpt><trkpt lat="35.94292103" lon="120.21171271"><ele>-38.970001220703125</ele><time>2022-05-22T22:01:30Z</time><extensions><gpxtpx:TrackPointExtension><gpxtpx:hr>182</gpxtpx:hr><gpxtpx:cad>61</gpxtpx:cad></gpxtpx:TrackPointExtension></extensions></trkpt><trkpt lat="35.9429077" lon="120.21168671"><ele>-39.02000045776367</ele><time>2022-05-22T22:01:31Z</time><extensions><gpxtpx:TrackPointExtension><gpxtpx:hr>181</gpxtpx:hr><gpxtpx:cad>61</gpxtpx:cad></gpxtpx:TrackPointExtension></extensions></trkpt><trkpt lat="35.94289437" lon="120.21166138"><ele>-39.040000915527344</ele><time>2022-05-22T22:01:32Z</time><extensions><gpxtpx:TrackPointExtension><gpxtpx:hr>181</gpxtpx:hr><gpxtpx:cad>61</gpxtpx:cad></gpxtpx:TrackPointExtension></extensions></trkpt><trkpt lat="35.94288037" lon="120.21163505"><ele>-39.09000015258789</ele><time>2022-05-22T22:01:33Z</time><extensions><gpxtpx:TrackPointExtension><gpxtpx:hr>181</gpxtpx:hr><gpxtpx:cad>61</gpxtpx:cad></gpxtpx:TrackPointExtension></extensions></trkpt><trkpt lat="35.94286371" lon="120.21160939"><ele>-39.09000015258789</ele><time>2022-05-22T22:01:34Z</time><extensions><gpxtpx:TrackPointExtension><gpxtpx:hr>181</gpxtpx:hr><gpxtpx:cad>61</gpxtpx:cad></gpxtpx:TrackPointExtension></extensions></trkpt><trkpt lat="35.94284505" lon="120.21158473"><ele>-39.130001068115234</ele><time>2022-05-22T22:01:35Z</time><extensions><gpxtpx:TrackPointExtension><gpxtpx:hr>180</gpxtpx:hr><gpxtpx:cad>88</gpxtpx:cad></gpxtpx:TrackPointExtension></extensions></trkpt><trkpt lat="35.94282605" lon="120.2115614"><ele>-39.150001525878906</ele><time>2022-05-22T22:01:36Z</time><extensions><gpxtpx:TrackPointExtension><gpxtpx:hr>180</gpxtpx:hr><gpxtpx:cad>88</gpxtpx:cad></gpxtpx:TrackPointExtension></extensions></trkpt><trkpt lat="35.94280672" lon="120.21153807"><ele>-39.20000076293945</ele><time>2022-05-22T22:01:37Z</time><extensions><gpxtpx:TrackPointExtension><gpxtpx:hr>179</gpxtpx:hr><gpxtpx:cad>88</gpxtpx:cad></gpxtpx:TrackPointExtension></extensions></trkpt><trkpt lat="35.94278973" lon="120.21151341"><ele>-39.20000076293945</ele><time>2022-05-22T22:01:38Z</time><extensions><gpxtpx:TrackPointExtension><gpxtpx:hr>179</gpxtpx:hr><gpxtpx:cad>88</gpxtpx:cad></gpxtpx:TrackPointExtension></extensions></trkpt><trkpt lat="35.94277307" lon="120.21148841"><ele>-39.2400016784668</ele><time>2022-05-22T22:01:39Z</time><extensions><gpxtpx:TrackPointExtension><gpxtpx:hr>178</gpxtpx:hr><gpxtpx:cad>87</gpxtpx:cad></gpxtpx:TrackPointExtension></extensions></trkpt><trkpt lat="35.94275774" lon="120.21146242"><ele>-39.25</ele><time>2022-05-22T22:01:40Z</time><extensions><gpxtpx:TrackPointExtension><gpxtpx:hr>177</gpxtpx:hr><gpxtpx:cad>88</gpxtpx:cad></gpxtpx:TrackPointExtension></extensions></trkpt><trkpt lat="35.94274008" lon="120.21143709"><ele>-39.290000915527344</ele><time>2022-05-22T22:01:41Z</time><extensions><gpxtpx:TrackPointExtension><gpxtpx:hr>177</gpxtpx:hr><gpxtpx:cad>88</gpxtpx:cad></gpxtpx:TrackPointExtension></extensions></trkpt><trkpt lat="35.94272242" lon="120.21141243"><ele>-39.290000915527344</ele><time>2022-05-22T22:01:42Z</time><extensions><gpxtpx:TrackPointExtension><gpxtpx:hr>176</gpxtpx:hr><gpxtpx:cad>88</gpxtpx:cad></gpxtpx:TrackPointExtension></extensions></trkpt><trkpt lat="35.94270709" lon="120.21138843"><ele>-39.34000015258789</ele><time>2022-05-22T22:01:43Z</time><extensions><gpxtpx:TrackPointExtension><gpxtpx:hr>176</gpxtpx:hr><gpxtpx:cad>88</gpxtpx:cad></gpxtpx:TrackPointExtension></extensions></trkpt><trkpt lat="35.94269309" lon="120.21136544"><ele>-39.34000015258789</ele><time>2022-05-22T22:01:44Z</time><extensions><gpxtpx:TrackPointExtension><gpxtpx:hr>176</gpxtpx:hr><gpxtpx:cad>88</gpxtpx:cad></gpxtpx:TrackPointExtension></extensions></trkpt><trkpt lat="35.94268009" lon="120.21134278"><ele>-39.380001068115234</ele><time>2022-05-22T22:01:45Z</time><extensions><gpxtpx:TrackPointExtension><gpxtpx:hr>177</gpxtpx:hr><gpxtpx:cad>88</gpxtpx:cad></gpxtpx:TrackPointExtension></extensions></trkpt><trkpt lat="35.94266643" lon="120.21132112"><ele>-39.36000061035156</ele><time>2022-05-22T22:01:46Z</time><extensions><gpxtpx:TrackPointExtension><gpxtpx:hr>177</gpxtpx:hr><gpxtpx:cad>88</gpxtpx:cad></gpxtpx:TrackPointExtension></extensions></trkpt><trkpt lat="35.94265243" lon="120.21129979"><ele>-39.400001525878906</ele><time>2022-05-22T22:01:47Z</time><extensions><gpxtpx:TrackPointExtension><gpxtpx:hr>177</gpxtpx:hr><gpxtpx:cad>88</gpxtpx:cad></gpxtpx:TrackPointExtension></extensions></trkpt><trkpt lat="35.94263644" lon="120.21127913"><ele>-39.400001525878906</ele><time>2022-05-22T22:01:48Z</time><extensions><gpxtpx:TrackPointExtension><gpxtpx:hr>176</gpxtpx:hr><gpxtpx:cad>90</gpxtpx:cad></gpxtpx:TrackPointExtension></extensions></trkpt><trkpt lat="35.94262011" lon="120.21125813"><ele>-39.43000030517578</ele><time>2022-05-22T22:01:49Z</time><extensions><gpxtpx:TrackPointExtension><gpxtpx:hr>176</gpxtpx:hr><gpxtpx:cad>89</gpxtpx:cad></gpxtpx:TrackPointExtension></extensions></trkpt><trkpt lat="35.94260545" lon="120.2112368"><ele>-39.43000030517578</ele><time>2022-05-22T22:01:50Z</time><extensions><gpxtpx:TrackPointExtension><gpxtpx:hr>177</gpxtpx:hr><gpxtpx:cad>89</gpxtpx:cad></gpxtpx:TrackPointExtension></extensions></trkpt><trkpt lat="35.94259079" lon="120.21121647"><ele>-39.470001220703125</ele><time>2022-05-22T22:01:51Z</time><extensions><gpxtpx:TrackPointExtension><gpxtpx:hr>177</gpxtpx:hr><gpxtpx:cad>89</gpxtpx:cad></gpxtpx:TrackPointExtension></extensions></trkpt><trkpt lat="35.94257579" lon="120.21119647"><ele>-39.45000076293945</ele><time>2022-05-22T22:01:52Z</time><extensions><gpxtpx:TrackPointExtension><gpxtpx:hr>177</gpxtpx:hr><gpxtpx:cad>89</gpxtpx:cad></gpxtpx:TrackPointExtension></extensions></trkpt><trkpt lat="35.9425608" lon="120.21117614"><ele>-39.5</ele><time>2022-05-22T22:01:53Z</time><extensions><gpxtpx:TrackPointExtension><gpxtpx:hr>177</gpxtpx:hr><gpxtpx:cad>89</gpxtpx:cad></gpxtpx:TrackPointExtension></extensions></trkpt><trkpt lat="35.94254547" lon="120.21115681"><ele>-39.5</ele><time>2022-05-22T22:01:54Z</time><extensions><gpxtpx:TrackPointExtension><gpxtpx:hr>176</gpxtpx:hr><gpxtpx:cad>90</gpxtpx:cad></gpxtpx:TrackPointExtension></extensions></trkpt><trkpt lat="35.94253014" lon="120.21113648"><ele>-39.540000915527344</ele><time>2022-05-22T22:01:55Z</time><extensions><gpxtpx:TrackPointExtension><gpxtpx:hr>174</gpxtpx:hr><gpxtpx:cad>90</gpxtpx:cad></gpxtpx:TrackPointExtension></extensions></trkpt><trkpt lat="35.94251315" lon="120.21111615"><ele>-39.540000915527344</ele><time>2022-05-22T22:01:56Z</time><extensions><gpxtpx:TrackPointExtension><gpxtpx:hr>173</gpxtpx:hr><gpxtpx:cad>90</gpxtpx:cad></gpxtpx:TrackPointExtension></extensions></trkpt><trkpt lat="35.94249682" lon="120.21109615"><ele>-39.61000061035156</ele><time>2022-05-22T22:01:57Z</time><extensions><gpxtpx:TrackPointExtension><gpxtpx:hr>172</gpxtpx:hr><gpxtpx:cad>90</gpxtpx:cad></gpxtpx:TrackPointExtension></extensions></trkpt><trkpt lat="35.94248082" lon="120.21107549"><ele>-39.59000015258789</ele><time>2022-05-22T22:01:58Z</time><extensions><gpxtpx:TrackPointExtension><gpxtpx:hr>172</gpxtpx:hr><gpxtpx:cad>90</gpxtpx:cad></gpxtpx:TrackPointExtension></extensions></trkpt><trkpt lat="35.94246749" lon="120.21105616"><ele>-39.630001068115234</ele><time>2022-05-22T22:01:59Z</time><extensions><gpxtpx:TrackPointExtension><gpxtpx:hr>171</gpxtpx:hr><gpxtpx:cad>90</gpxtpx:cad></gpxtpx:TrackPointExtension></extensions></trkpt><trkpt lat="35.94245516" lon="120.21103783"><ele>-39.650001525878906</ele><time>2022-05-22T22:02:00Z</time><extensions><gpxtpx:TrackPointExtension><gpxtpx:hr>171</gpxtpx:hr><gpxtpx:cad>90</gpxtpx:cad></gpxtpx:TrackPointExtension></extensions></trkpt><trkpt lat="35.94244317" lon="120.21101984"><ele>-39.650001525878906</ele><time>2022-05-22T22:02:01Z</time><extensions><gpxtpx:TrackPointExtension><gpxtpx:hr>171</gpxtpx:hr><gpxtpx:cad>90</gpxtpx:cad></gpxtpx:TrackPointExtension></extensions></trkpt><trkpt lat="35.94243017" lon="120.21100318"><ele>-39.7400016784668</ele><time>2022-05-22T22:02:02Z</time><extensions><gpxtpx:TrackPointExtension><gpxtpx:hr>171</gpxtpx:hr><gpxtpx:cad>90</gpxtpx:cad></gpxtpx:TrackPointExtension></extensions></trkpt><trkpt lat="35.94241884" lon="120.21098785"><ele>-39.77000045776367</ele><time>2022-05-22T22:02:03Z</time><extensions><gpxtpx:TrackPointExtension><gpxtpx:hr>171</gpxtpx:hr><gpxtpx:cad>90</gpxtpx:cad></gpxtpx:TrackPointExtension></extensions></trkpt><trkpt lat="35.94240885" lon="120.21097319"><ele>-39.77000045776367</ele><time>2022-05-22T22:02:04Z</time><extensions><gpxtpx:TrackPointExtension><gpxtpx:hr>172</gpxtpx:hr><gpxtpx:cad>90</gpxtpx:cad></gpxtpx:TrackPointExtension></extensions></trkpt><trkpt lat="35.94239986" lon="120.21095853"><ele>-39.790000915527344</ele><time>2022-05-22T22:02:05Z</time><extensions><gpxtpx:TrackPointExtension><gpxtpx:hr>173</gpxtpx:hr><gpxtpx:cad>90</gpxtpx:cad></gpxtpx:TrackPointExtension></extensions></trkpt><trkpt lat="35.94239186" lon="120.2109442"><ele>-39.790000915527344</ele><time>2022-05-22T22:02:06Z</time><extensions><gpxtpx:TrackPointExtension><gpxtpx:hr>173</gpxtpx:hr><gpxtpx:cad>90</gpxtpx:cad></gpxtpx:TrackPointExtension></extensions></trkpt><trkpt lat="35.94238587" lon="120.21092987"><ele>-39.75</ele><time>2022-05-22T22:02:07Z</time><extensions><gpxtpx:TrackPointExtension><gpxtpx:hr>173</gpxtpx:hr><gpxtpx:cad>90</gpxtpx:cad></gpxtpx:TrackPointExtension></extensions></trkpt><trkpt lat="35.94237921" lon="120.21091521"><ele>-39.720001220703125</ele><time>2022-05-22T22:02:08Z</time><extensions><gpxtpx:TrackPointExtension><gpxtpx:hr>174</gpxtpx:hr><gpxtpx:cad>90</gpxtpx:cad></gpxtpx:TrackPointExtension></extensions></trkpt><trkpt lat="35.94237088" lon="120.21090088"><ele>-39.68000030517578</ele><time>2022-05-22T22:02:09Z</time><extensions><gpxtpx:TrackPointExtension><gpxtpx:hr>174</gpxtpx:hr><gpxtpx:cad>90</gpxtpx:cad></gpxtpx:TrackPointExtension></extensions></trkpt><trkpt lat="35.94236055" lon="120.21088688"><ele>-39.650001525878906</ele><time>2022-05-22T22:02:10Z</time><extensions><gpxtpx:TrackPointExtension><gpxtpx:hr>174</gpxtpx:hr><gpxtpx:cad>90</gpxtpx:cad></gpxtpx:TrackPointExtension></extensions></trkpt><trkpt lat="35.94235022" lon="120.21087255"><ele>-39.650001525878906</ele><time>2022-05-22T22:02:11Z</time><extensions><gpxtpx:TrackPointExtension><gpxtpx:hr>174</gpxtpx:hr><gpxtpx:cad>90</gpxtpx:cad></gpxtpx:TrackPointExtension></extensions></trkpt><trkpt lat="35.94234156" lon="120.21085822"><ele>-39.650001525878906</ele><time>2022-05-22T22:02:12Z</time><extensions><gpxtpx:TrackPointExtension><gpxtpx:hr>174</gpxtpx:hr><gpxtpx:cad>90</gpxtpx:cad></gpxtpx:TrackPointExtension></extensions></trkpt><trkpt lat="35.94233456" lon="120.21084289"><ele>-39.650001525878906</ele><time>2022-05-22T22:02:13Z</time><extensions><gpxtpx:TrackPointExtension><gpxtpx:hr>174</gpxtpx:hr><gpxtpx:cad>90</gpxtpx:cad></gpxtpx:TrackPointExtension></extensions></trkpt><trkpt lat="35.94232923" lon="120.21082623"><ele>-39.650001525878906</ele><time>2022-05-22T22:02:14Z</time><extensions><gpxtpx:TrackPointExtension><gpxtpx:hr>174</gpxtpx:hr><gpxtpx:cad>90</gpxtpx:cad></gpxtpx:TrackPointExtension></extensions></trkpt><trkpt lat="35.94232323" lon="120.21080924"><ele>-39.650001525878906</ele><time>2022-05-22T22:02:15Z</time><extensions><gpxtpx:TrackPointExtension><gpxtpx:hr>174</gpxtpx:hr><gpxtpx:cad>90</gpxtpx:cad></gpxtpx:TrackPointExtension></extensions></trkpt><trkpt lat="35.94231657" lon="120.21079258"><ele>-39.630001068115234</ele><time>2022-05-22T22:02:16Z</time><extensions><gpxtpx:TrackPointExtension><gpxtpx:hr>175</gpxtpx:hr><gpxtpx:cad>90</gpxtpx:cad></gpxtpx:TrackPointExtension></extensions></trkpt><trkpt lat="35.94230958" lon="120.21077692"><ele>-39.630001068115234</ele><time>2022-05-22T22:02:17Z</time><extensions><gpxtpx:TrackPointExtension><gpxtpx:hr>175</gpxtpx:hr><gpxtpx:cad>90</gpxtpx:cad></gpxtpx:TrackPointExtension></extensions></trkpt><trkpt lat="35.94230225" lon="120.21076226"><ele>-39.61000061035156</ele><time>2022-05-22T22:02:18Z</time><extensions><gpxtpx:TrackPointExtension><gpxtpx:hr>175</gpxtpx:hr><gpxtpx:cad>90</gpxtpx:cad></gpxtpx:TrackPointExtension></extensions></trkpt><trkpt lat="35.94229559" lon="120.21074793"><ele>-39.59000015258789</ele><time>2022-05-22T22:02:19Z</time><extensions><gpxtpx:TrackPointExtension><gpxtpx:hr>176</gpxtpx:hr><gpxtpx:cad>63</gpxtpx:cad></gpxtpx:TrackPointExtension></extensions></trkpt><trkpt lat="35.94228893" lon="120.21073393"><ele>-39.560001373291016</ele><time>2022-05-22T22:02:20Z</time><extensions><gpxtpx:TrackPointExtension><gpxtpx:hr>177</gpxtpx:hr><gpxtpx:cad>63</gpxtpx:cad></gpxtpx:TrackPointExtension></extensions></trkpt><trkpt lat="35.94228194" lon="120.21071994"><ele>-39.52000045776367</ele><time>2022-05-22T22:02:21Z</time><extensions><gpxtpx:TrackPointExtension><gpxtpx:hr>178</gpxtpx:hr><gpxtpx:cad>62</gpxtpx:cad></gpxtpx:TrackPointExtension></extensions></trkpt><trkpt lat="35.94227428" lon="120.21070594"><ele>-39.470001220703125</ele><time>2022-05-22T22:02:22Z</time><extensions><gpxtpx:TrackPointExtension><gpxtpx:hr>178</gpxtpx:hr><gpxtpx:cad>62</gpxtpx:cad></gpxtpx:TrackPointExtension></extensions></trkpt><trkpt lat="35.94226662" lon="120.21069028"><ele>-39.400001525878906</ele><time>2022-05-22T22:02:23Z</time><extensions><gpxtpx:TrackPointExtension><gpxtpx:hr>178</gpxtpx:hr><gpxtpx:cad>62</gpxtpx:cad></gpxtpx:TrackPointExtension></extensions></trkpt><trkpt lat="35.94225896" lon="120.21067329"><ele>-39.380001068115234</ele><time>2022-05-22T22:02:24Z</time><extensions><gpxtpx:TrackPointExtension><gpxtpx:hr>177</gpxtpx:hr><gpxtpx:cad>62</gpxtpx:cad></gpxtpx:TrackPointExtension></extensions></trkpt><trkpt lat="35.94225196" lon="120.21065596"><ele>-39.380001068115234</ele><time>2022-05-22T22:02:25Z</time><extensions><gpxtpx:TrackPointExtension><gpxtpx:hr>177</gpxtpx:hr><gpxtpx:cad>62</gpxtpx:cad></gpxtpx:TrackPointExtension></extensions></trkpt><trkpt lat="35.94224497" lon="120.2106383"><ele>-39.43000030517578</ele><time>2022-05-22T22:02:26Z</time><extensions><gpxtpx:TrackPointExtension><gpxtpx:hr>177</gpxtpx:hr><gpxtpx:cad>61</gpxtpx:cad></gpxtpx:TrackPointExtension></extensions></trkpt><trkpt lat="35.94223731" lon="120.21062031"><ele>-39.470001220703125</ele><time>2022-05-22T22:02:27Z</time><extensions><gpxtpx:TrackPointExtension><gpxtpx:hr>177</gpxtpx:hr><gpxtpx:cad>62</gpxtpx:cad></gpxtpx:TrackPointExtension></extensions></trkpt><trkpt lat="35.94223031" lon="120.21060365"><ele>-39.52000045776367</ele><time>2022-05-22T22:02:28Z</time><extensions><gpxtpx:TrackPointExtension><gpxtpx:hr>177</gpxtpx:hr><gpxtpx:cad>62</gpxtpx:cad></gpxtpx:TrackPointExtension></extensions></trkpt><trkpt lat="35.94222365" lon="120.21058832"><ele>-39.58000183105469</ele><time>2022-05-22T22:02:29Z</time><extensions><gpxtpx:TrackPointExtension><gpxtpx:hr>177</gpxtpx:hr><gpxtpx:cad>62</gpxtpx:cad></gpxtpx:TrackPointExtension></extensions></trkpt><trkpt lat="35.94221666" lon="120.21057433"><ele>-39.630001068115234</ele><time>2022-05-22T22:02:30Z</time><extensions><gpxtpx:TrackPointExtension><gpxtpx:hr>177</gpxtpx:hr><gpxtpx:cad>62</gpxtpx:cad></gpxtpx:TrackPointExtension></extensions></trkpt><trkpt lat="35.94220933" lon="120.21055967"><ele>-39.68000030517578</ele><time>2022-05-22T22:02:31Z</time><extensions><gpxtpx:TrackPointExtension><gpxtpx:hr>176</gpxtpx:hr><gpxtpx:cad>62</gpxtpx:cad></gpxtpx:TrackPointExtension></extensions></trkpt><trkpt lat="35.942199" lon="120.21054568"><ele>-39.70000076293945</ele><time>2022-05-22T22:02:32Z</time><extensions><gpxtpx:TrackPointExtension><gpxtpx:hr>176</gpxtpx:hr><gpxtpx:cad>62</gpxtpx:cad></gpxtpx:TrackPointExtension></extensions></trkpt><trkpt lat="35.94218734" lon="120.21053202"><ele>-39.720001220703125</ele><time>2022-05-22T22:02:33Z</time><extensions><gpxtpx:TrackPointExtension><gpxtpx:hr>176</gpxtpx:hr><gpxtpx:cad>62</gpxtpx:cad></gpxtpx:TrackPointExtension></extensions></trkpt><trkpt lat="35.94217735" lon="120.21051769"><ele>-39.75</ele><time>2022-05-22T22:02:34Z</time><extensions><gpxtpx:TrackPointExtension><gpxtpx:hr>176</gpxtpx:hr><gpxtpx:cad>62</gpxtpx:cad></gpxtpx:TrackPointExtension></extensions></trkpt><trkpt lat="35.94216969" lon="120.21050136"><ele>-39.77000045776367</ele><time>2022-05-22T22:02:35Z</time><extensions><gpxtpx:TrackPointExtension><gpxtpx:hr>176</gpxtpx:hr><gpxtpx:cad>62</gpxtpx:cad></gpxtpx:TrackPointExtension></extensions></trkpt><trkpt lat="35.94216236" lon="120.21048236"><ele>-39.790000915527344</ele><time>2022-05-22T22:02:36Z</time><extensions><gpxtpx:TrackPointExtension><gpxtpx:hr>177</gpxtpx:hr><gpxtpx:cad>62</gpxtpx:cad></gpxtpx:TrackPointExtension></extensions></trkpt><trkpt lat="35.94215503" lon="120.21046137"><ele>-39.810001373291016</ele><time>2022-05-22T22:02:37Z</time><extensions><gpxtpx:TrackPointExtension><gpxtpx:hr>177</gpxtpx:hr><gpxtpx:cad>62</gpxtpx:cad></gpxtpx:TrackPointExtension></extensions></trkpt><trkpt lat="35.94214637" lon="120.21043704"><ele>-39.790000915527344</ele><time>2022-05-22T22:02:38Z</time><extensions><gpxtpx:TrackPointExtension><gpxtpx:hr>177</gpxtpx:hr><gpxtpx:cad>62</gpxtpx:cad></gpxtpx:TrackPointExtension></extensions></trkpt><trkpt lat="35.94213737" lon="120.21041005"><ele>-39.77000045776367</ele><time>2022-05-22T22:02:39Z</time><extensions><gpxtpx:TrackPointExtension><gpxtpx:hr>177</gpxtpx:hr><gpxtpx:cad>62</gpxtpx:cad></gpxtpx:TrackPointExtension></extensions></trkpt><trkpt lat="35.94212904" lon="120.21038272"><ele>-39.75</ele><time>2022-05-22T22:02:40Z</time><extensions><gpxtpx:TrackPointExtension><gpxtpx:hr>176</gpxtpx:hr><gpxtpx:cad>62</gpxtpx:cad></gpxtpx:TrackPointExtension></extensions></trkpt><trkpt lat="35.94211905" lon="120.21035672"><ele>-39.7400016784668</ele><time>2022-05-22T22:02:41Z</time><extensions><gpxtpx:TrackPointExtension><gpxtpx:hr>176</gpxtpx:hr><gpxtpx:cad>62</gpxtpx:cad></gpxtpx:TrackPointExtension></extensions></trkpt><trkpt lat="35.94210772" lon="120.21033339"><ele>-39.720001220703125</ele><time>2022-05-22T22:02:42Z</time><extensions><gpxtpx:TrackPointExtension><gpxtpx:hr>176</gpxtpx:hr><gpxtpx:cad>62</gpxtpx:cad></gpxtpx:TrackPointExtension></extensions></trkpt><trkpt lat="35.94209606" lon="120.2103104"><ele>-39.720001220703125</ele><time>2022-05-22T22:02:43Z</time><extensions><gpxtpx:TrackPointExtension><gpxtpx:hr>175</gpxtpx:hr><gpxtpx:cad>62</gpxtpx:cad></gpxtpx:TrackPointExtension></extensions></trkpt><trkpt lat="35.9420854" lon="120.21028807"><ele>-39.70000076293945</ele><time>2022-05-22T22:02:44Z</time><extensions><gpxtpx:TrackPointExtension><gpxtpx:hr>174</gpxtpx:hr><gpxtpx:cad>62</gpxtpx:cad></gpxtpx:TrackPointExtension></extensions></trkpt><trkpt lat="35.94207407" lon="120.21026674"><ele>-39.75</ele><time>2022-05-22T22:02:45Z</time><extensions><gpxtpx:TrackPointExtension><gpxtpx:hr>173</gpxtpx:hr><gpxtpx:cad>62</gpxtpx:cad></gpxtpx:TrackPointExtension></extensions></trkpt><trkpt lat="35.94206241" lon="120.21024675"><ele>-39.75</ele><time>2022-05-22T22:02:46Z</time><extensions><gpxtpx:TrackPointExtension><gpxtpx:hr>171</gpxtpx:hr><gpxtpx:cad>89</gpxtpx:cad></gpxtpx:TrackPointExtension></extensions></trkpt><trkpt lat="35.94205108" lon="120.21022709"><ele>-39.77000045776367</ele><time>2022-05-22T22:02:47Z</time><extensions><gpxtpx:TrackPointExtension><gpxtpx:hr>170</gpxtpx:hr><gpxtpx:cad>90</gpxtpx:cad></gpxtpx:TrackPointExtension></extensions></trkpt><trkpt lat="35.94203842" lon="120.21020609"><ele>-39.790000915527344</ele><time>2022-05-22T22:02:48Z</time><extensions><gpxtpx:TrackPointExtension><gpxtpx:hr>169</gpxtpx:hr><gpxtpx:cad>90</gpxtpx:cad></gpxtpx:TrackPointExtension></extensions></trkpt><trkpt lat="35.94202543" lon="120.21018343"><ele>-39.790000915527344</ele><time>2022-05-22T22:02:49Z</time><extensions><gpxtpx:TrackPointExtension><gpxtpx:hr>169</gpxtpx:hr><gpxtpx:cad>89</gpxtpx:cad></gpxtpx:TrackPointExtension></extensions></trkpt><trkpt lat="35.94201443" lon="120.21015844"><ele>-39.790000915527344</ele><time>2022-05-22T22:02:50Z</time><extensions><gpxtpx:TrackPointExtension><gpxtpx:hr>168</gpxtpx:hr><gpxtpx:cad>89</gpxtpx:cad></gpxtpx:TrackPointExtension></extensions></trkpt><trkpt lat="35.9420041" lon="120.21013178"><ele>-39.810001373291016</ele><time>2022-05-22T22:02:51Z</time><extensions><gpxtpx:TrackPointExtension><gpxtpx:hr>168</gpxtpx:hr><gpxtpx:cad>89</gpxtpx:cad></gpxtpx:TrackPointExtension></extensions></trkpt><trkpt lat="35.94199244" lon="120.21010478"><ele>-39.810001373291016</ele><time>2022-05-22T22:02:52Z</time><extensions><gpxtpx:TrackPointExtension><gpxtpx:hr>168</gpxtpx:hr><gpxtpx:cad>90</gpxtpx:cad></gpxtpx:TrackPointExtension></extensions></trkpt><trkpt lat="35.94197878" lon="120.21008112"><ele>-39.810001373291016</ele><time>2022-05-22T22:02:53Z</time><extensions><gpxtpx:TrackPointExtension><gpxtpx:hr>169</gpxtpx:hr><gpxtpx:cad>90</gpxtpx:cad></gpxtpx:TrackPointExtension></extensions></trkpt><trkpt lat="35.94196445" lon="120.21005713"><ele>-39.810001373291016</ele><time>2022-05-22T22:02:54Z</time><extensions><gpxtpx:TrackPointExtension><gpxtpx:hr>168</gpxtpx:hr><gpxtpx:cad>90</gpxtpx:cad></gpxtpx:TrackPointExtension></extensions></trkpt><trkpt lat="35.94194912" lon="120.2100338"><ele>-39.84000015258789</ele><time>2022-05-22T22:02:55Z</time><extensions><gpxtpx:TrackPointExtension><gpxtpx:hr>168</gpxtpx:hr><gpxtpx:cad>90</gpxtpx:cad></gpxtpx:TrackPointExtension></extensions></trkpt><trkpt lat="35.94193279" lon="120.21000947"><ele>-39.90999984741211</ele><time>2022-05-22T22:02:56Z</time><extensions><gpxtpx:TrackPointExtension><gpxtpx:hr>168</gpxtpx:hr><gpxtpx:cad>90</gpxtpx:cad></gpxtpx:TrackPointExtension></extensions></trkpt><trkpt lat="35.94191546" lon="120.20998414"><ele>-39.90999984741211</ele><time>2022-05-22T22:02:57Z</time><extensions><gpxtpx:TrackPointExtension><gpxtpx:hr>167</gpxtpx:hr><gpxtpx:cad>90</gpxtpx:cad></gpxtpx:TrackPointExtension></extensions></trkpt><trkpt lat="35.94189747" lon="120.20995714"><ele>-39.970001220703125</ele><time>2022-05-22T22:02:58Z</time><extensions><gpxtpx:TrackPointExtension><gpxtpx:hr>167</gpxtpx:hr><gpxtpx:cad>89</gpxtpx:cad></gpxtpx:TrackPointExtension></extensions></trkpt><trkpt lat="35.94188114" lon="120.20992881"><ele>-40.0</ele><time>2022-05-22T22:02:59Z</time><extensions><gpxtpx:TrackPointExtension><gpxtpx:hr>167</gpxtpx:hr><gpxtpx:cad>89</gpxtpx:cad></gpxtpx:TrackPointExtension></extensions></trkpt><trkpt lat="35.94186681" lon="120.20989848"><ele>-40.040000915527344</ele><time>2022-05-22T22:03:00Z</time><extensions><gpxtpx:TrackPointExtension><gpxtpx:hr>167</gpxtpx:hr><gpxtpx:cad>89</gpxtpx:cad></gpxtpx:TrackPointExtension></extensions></trkpt><trkpt lat="35.94185448" lon="120.20986782"><ele>-40.11000061035156</ele><time>2022-05-22T22:03:01Z</time><extensions><gpxtpx:TrackPointExtension><gpxtpx:hr>167</gpxtpx:hr><gpxtpx:cad>89</gpxtpx:cad></gpxtpx:TrackPointExtension></extensions></trkpt><trkpt lat="35.94184282" lon="120.20983816"><ele>-40.130001068115234</ele><time>2022-05-22T22:03:02Z</time><extensions><gpxtpx:TrackPointExtension><gpxtpx:hr>168</gpxtpx:hr><gpxtpx:cad>89</gpxtpx:cad></gpxtpx:TrackPointExtension></extensions></trkpt><trkpt lat="35.94183049" lon="120.20980883"><ele>-40.18000030517578</ele><time>2022-05-22T22:03:03Z</time><extensions><gpxtpx:TrackPointExtension><gpxtpx:hr>168</gpxtpx:hr><gpxtpx:cad>88</gpxtpx:cad></gpxtpx:TrackPointExtension></extensions></trkpt><trkpt lat="35.9418175" lon="120.20978083"><ele>-40.20000076293945</ele><time>2022-05-22T22:03:04Z</time><extensions><gpxtpx:TrackPointExtension><gpxtpx:hr>168</gpxtpx:hr><gpxtpx:cad>88</gpxtpx:cad></gpxtpx:TrackPointExtension></extensions></trkpt><trkpt lat="35.94180317" lon="120.20975483"><ele>-40.220001220703125</ele><time>2022-05-22T22:03:05Z</time><extensions><gpxtpx:TrackPointExtension><gpxtpx:hr>168</gpxtpx:hr><gpxtpx:cad>88</gpxtpx:cad></gpxtpx:TrackPointExtension></extensions></trkpt><trkpt lat="35.94178751" lon="120.2097305"><ele>-40.25</ele><time>2022-05-22T22:03:06Z</time><extensions><gpxtpx:TrackPointExtension><gpxtpx:hr>168</gpxtpx:hr><gpxtpx:cad>88</gpxtpx:cad></gpxtpx:TrackPointExtension></extensions></trkpt><trkpt lat="35.94177151" lon="120.20970751"><ele>-40.25</ele><time>2022-05-22T22:03:07Z</time><extensions><gpxtpx:TrackPointExtension><gpxtpx:hr>169</gpxtpx:hr><gpxtpx:cad>88</gpxtpx:cad></gpxtpx:TrackPointExtension></extensions></trkpt><trkpt lat="35.94175751" lon="120.20968551"><ele>-40.27000045776367</ele><time>2022-05-22T22:03:08Z</time><extensions><gpxtpx:TrackPointExtension><gpxtpx:hr>170</gpxtpx:hr><gpxtpx:cad>88</gpxtpx:cad></gpxtpx:TrackPointExtension></extensions></trkpt><trkpt lat="35.94174552" lon="120.20966618"><ele>-40.290000915527344</ele><time>2022-05-22T22:03:09Z</time><extensions><gpxtpx:TrackPointExtension><gpxtpx:hr>170</gpxtpx:hr><gpxtpx:cad>88</gpxtpx:cad></gpxtpx:TrackPointExtension></extensions></trkpt><trkpt lat="35.94173519" lon="120.20964885"><ele>-40.310001373291016</ele><time>2022-05-22T22:03:10Z</time><extensions><gpxtpx:TrackPointExtension><gpxtpx:hr>170</gpxtpx:hr><gpxtpx:cad>88</gpxtpx:cad></gpxtpx:TrackPointExtension></extensions></trkpt><trkpt lat="35.9417272" lon="120.20963152"><ele>-40.34000015258789</ele><time>2022-05-22T22:03:11Z</time><extensions><gpxtpx:TrackPointExtension><gpxtpx:hr>169</gpxtpx:hr><gpxtpx:cad>88</gpxtpx:cad></gpxtpx:TrackPointExtension></extensions></trkpt><trkpt lat="35.94172054" lon="120.20961286"><ele>-40.400001525878906</ele><time>2022-05-22T22:03:12Z</time><extensions><gpxtpx:TrackPointExtension><gpxtpx:hr>169</gpxtpx:hr><gpxtpx:cad>88</gpxtpx:cad></gpxtpx:TrackPointExtension></extensions></trkpt><trkpt lat="35.94171488" lon="120.2095942"><ele>-40.470001220703125</ele><time>2022-05-22T22:03:13Z</time><extensions><gpxtpx:TrackPointExtension><gpxtpx:hr>169</gpxtpx:hr><gpxtpx:cad>88</gpxtpx:cad></gpxtpx:TrackPointExtension></extensions></trkpt><trkpt lat="35.94171022" lon="120.20957487"><ele>-40.540000915527344</ele><time>2022-05-22T22:03:14Z</time><extensions><gpxtpx:TrackPointExtension><gpxtpx:hr>169</gpxtpx:hr><gpxtpx:cad>88</gpxtpx:cad></gpxtpx:TrackPointExtension></extensions></trkpt><trkpt lat="35.94170722" lon="120.20955588"><ele>-40.61000061035156</ele><time>2022-05-22T22:03:15Z</time><extensions><gpxtpx:TrackPointExtension><gpxtpx:hr>170</gpxtpx:hr><gpxtpx:cad>88</gpxtpx:cad></gpxtpx:TrackPointExtension></extensions></trkpt><trkpt lat="35.94170456" lon="120.20953588"><ele>-40.68000030517578</ele><time>2022-05-22T22:03:16Z</time><extensions><gpxtpx:TrackPointExtension><gpxtpx:hr>170</gpxtpx:hr><gpxtpx:cad>88</gpxtpx:cad></gpxtpx:TrackPointExtension></extensions></trkpt><trkpt lat="35.9417039" lon="120.20951655"><ele>-40.720001220703125</ele><time>2022-05-22T22:03:17Z</time><extensions><gpxtpx:TrackPointExtension><gpxtpx:hr>170</gpxtpx:hr><gpxtpx:cad>88</gpxtpx:cad></gpxtpx:TrackPointExtension></extensions></trkpt><trkpt lat="35.9417039" lon="120.20949822"><ele>-40.790000915527344</ele><time>2022-05-22T22:03:18Z</time><extensions><gpxtpx:TrackPointExtension><gpxtpx:hr>169</gpxtpx:hr><gpxtpx:cad>88</gpxtpx:cad></gpxtpx:TrackPointExtension></extensions></trkpt><trkpt lat="35.94170423" lon="120.20948023"><ele>-40.84000015258789</ele><time>2022-05-22T22:03:19Z</time><extensions><gpxtpx:TrackPointExtension><gpxtpx:hr>169</gpxtpx:hr><gpxtpx:cad>88</gpxtpx:cad></gpxtpx:TrackPointExtension></extensions></trkpt><trkpt lat="35.94170489" lon="120.20946257"><ele>-40.900001525878906</ele><time>2022-05-22T22:03:20Z</time><extensions><gpxtpx:TrackPointExtension><gpxtpx:hr>169</gpxtpx:hr><gpxtpx:cad>88</gpxtpx:cad></gpxtpx:TrackPointExtension></extensions></trkpt><trkpt lat="35.94170788" lon="120.20944657"><ele>-40.95000076293945</ele><time>2022-05-22T22:03:21Z</time><extensions><gpxtpx:TrackPointExtension><gpxtpx:hr>169</gpxtpx:hr><gpxtpx:cad>88</gpxtpx:cad></gpxtpx:TrackPointExtension></extensions></trkpt><trkpt lat="35.94171254" lon="120.20943158"><ele>-41.0</ele><time>2022-05-22T22:03:22Z</time><extensions><gpxtpx:TrackPointExtension><gpxtpx:hr>168</gpxtpx:hr><gpxtpx:cad>61</gpxtpx:cad></gpxtpx:TrackPointExtension></extensions></trkpt><trkpt lat="35.94171954" lon="120.20941725"><ele>-41.0</ele><time>2022-05-22T22:03:23Z</time><extensions><gpxtpx:TrackPointExtension><gpxtpx:hr>168</gpxtpx:hr><gpxtpx:cad>60</gpxtpx:cad></gpxtpx:TrackPointExtension></extensions></trkpt><trkpt lat="35.9417302" lon="120.20940292"><ele>-41.09000015258789</ele><time>2022-05-22T22:03:24Z</time><extensions><gpxtpx:TrackPointExtension><gpxtpx:hr>168</gpxtpx:hr><gpxtpx:cad>60</gpxtpx:cad></gpxtpx:TrackPointExtension></extensions></trkpt><trkpt lat="35.9417412" lon="120.20938792"><ele>-41.130001068115234</ele><time>2022-05-22T22:03:25Z</time><extensions><gpxtpx:TrackPointExtension><gpxtpx:hr>168</gpxtpx:hr><gpxtpx:cad>60</gpxtpx:cad></gpxtpx:TrackPointExtension></extensions></trkpt><trkpt lat="35.94175253" lon="120.20937392"><ele>-41.15999984741211</ele><time>2022-05-22T22:03:26Z</time><extensions><gpxtpx:TrackPointExtension><gpxtpx:hr>168</gpxtpx:hr></gpxtpx:TrackPointExtension></extensions></trkpt><trkpt lat="35.94176386" lon="120.20936026"><ele>-41.20000076293945</ele><time>2022-05-22T22:03:27Z</time><extensions><gpxtpx:TrackPointExtension><gpxtpx:hr>168</gpxtpx:hr><gpxtpx:cad>60</gpxtpx:cad></gpxtpx:TrackPointExtension></extensions></trkpt><trkpt lat="35.94177319" lon="120.20934893"><ele>-41.220001220703125</ele><time>2022-05-22T22:03:28Z</time><extensions><gpxtpx:TrackPointExtension><gpxtpx:hr>168</gpxtpx:hr><gpxtpx:cad>60</gpxtpx:cad></gpxtpx:TrackPointExtension></extensions></trkpt><trkpt lat="35.94178052" lon="120.20933993"><ele>-41.2400016784668</ele><time>2022-05-22T22:03:29Z</time><extensions><gpxtpx:TrackPointExtension><gpxtpx:hr>168</gpxtpx:hr><gpxtpx:cad>60</gpxtpx:cad></gpxtpx:TrackPointExtension></extensions></trkpt><trkpt lat="35.94178551" lon="120.20933294"><ele>-41.2400016784668</ele><time>2022-05-22T22:03:30Z</time><extensions><gpxtpx:TrackPointExtension><gpxtpx:hr>168</gpxtpx:hr><gpxtpx:cad>60</gpxtpx:cad></gpxtpx:TrackPointExtension></extensions></trkpt><trkpt lat="35.94178917" lon="120.20932728"><ele>-41.25</ele><time>2022-05-22T22:03:31Z</time><extensions><gpxtpx:TrackPointExtension><gpxtpx:hr>168</gpxtpx:hr><gpxtpx:cad>60</gpxtpx:cad></gpxtpx:TrackPointExtension></extensions></trkpt><trkpt lat="35.9417935" lon="120.20932429"><ele>-41.220001220703125</ele><time>2022-05-22T22:03:32Z</time><extensions><gpxtpx:TrackPointExtension><gpxtpx:hr>168</gpxtpx:hr><gpxtpx:cad>60</gpxtpx:cad></gpxtpx:TrackPointExtension></extensions></trkpt><trkpt lat="35.9417955" lon="120.20932129"><ele>-41.20000076293945</ele><time>2022-05-22T22:03:33Z</time><extensions><gpxtpx:TrackPointExtension><gpxtpx:hr>168</gpxtpx:hr><gpxtpx:cad>60</gpxtpx:cad></gpxtpx:TrackPointExtension></extensions></trkpt><trkpt lat="35.94179716" lon="120.20931996"><ele>-41.150001525878906</ele><time>2022-05-22T22:03:34Z</time><extensions><gpxtpx:TrackPointExtension><gpxtpx:hr>168</gpxtpx:hr></gpxtpx:TrackPointExtension></extensions></trkpt><trkpt lat="35.94179816" lon="120.20931897"><ele>-41.130001068115234</ele><time>2022-05-22T22:03:35Z</time><extensions><gpxtpx:TrackPointExtension><gpxtpx:hr>167</gpxtpx:hr></gpxtpx:TrackPointExtension></extensions></trkpt><trkpt lat="35.94179915" lon="120.20931831"><ele>-41.11000061035156</ele><time>2022-05-22T22:03:36Z</time><extensions><gpxtpx:TrackPointExtension><gpxtpx:hr>166</gpxtpx:hr></gpxtpx:TrackPointExtension></extensions></trkpt><trkpt lat="35.94180014" lon="120.20931798"><ele>-41.09000015258789</ele><time>2022-05-22T22:03:37Z</time><extensions><gpxtpx:TrackPointExtension><gpxtpx:hr>165</gpxtpx:hr></gpxtpx:TrackPointExtension></extensions></trkpt><trkpt lat="35.9418008" lon="120.20931831"><ele>-41.08000183105469</ele><time>2022-05-22T22:03:38Z</time><extensions><gpxtpx:TrackPointExtension><gpxtpx:hr>165</gpxtpx:hr></gpxtpx:TrackPointExtension></extensions></trkpt><trkpt lat="35.94180179" lon="120.20931798"><ele>-41.060001373291016</ele><time>2022-05-22T22:03:39Z</time><extensions><gpxtpx:TrackPointExtension><gpxtpx:hr>164</gpxtpx:hr></gpxtpx:TrackPointExtension></extensions></trkpt><trkpt lat="35.94180245" lon="120.20931864"><ele>-41.060001373291016</ele><time>2022-05-22T22:03:40Z</time><extensions><gpxtpx:TrackPointExtension><gpxtpx:hr>163</gpxtpx:hr></gpxtpx:TrackPointExtension></extensions></trkpt><trkpt lat="35.94180345" lon="120.2093193"><ele>-41.060001373291016</ele><time>2022-05-22T22:03:41Z</time><extensions><gpxtpx:TrackPointExtension><gpxtpx:hr>163</gpxtpx:hr></gpxtpx:TrackPointExtension></extensions></trkpt><trkpt lat="35.94180411" lon="120.20931963"><ele>-41.09000015258789</ele><time>2022-05-22T22:03:42Z</time><extensions><gpxtpx:TrackPointExtension><gpxtpx:hr>163</gpxtpx:hr></gpxtpx:TrackPointExtension></extensions></trkpt><trkpt lat="35.94180444" lon="120.20932062"><ele>-41.11000061035156</ele><time>2022-05-22T22:03:43Z</time><extensions><gpxtpx:TrackPointExtension><gpxtpx:hr>162</gpxtpx:hr></gpxtpx:TrackPointExtension></extensions></trkpt><trkpt lat="35.94180477" lon="120.20932095"><ele>-41.130001068115234</ele><time>2022-05-22T22:03:44Z</time><extensions><gpxtpx:TrackPointExtension><gpxtpx:hr>161</gpxtpx:hr></gpxtpx:TrackPointExtension></extensions></trkpt><trkpt lat="35.94180444" lon="120.20932194"><ele>-41.150001525878906</ele><time>2022-05-22T22:03:45Z</time><extensions><gpxtpx:TrackPointExtension><gpxtpx:hr>159</gpxtpx:hr></gpxtpx:TrackPointExtension></extensions></trkpt><trkpt lat="35.94180378" lon="120.20932194"><ele>-41.150001525878906</ele><time>2022-05-22T22:03:46Z</time><extensions><gpxtpx:TrackPointExtension><gpxtpx:hr>156</gpxtpx:hr></gpxtpx:TrackPointExtension></extensions></trkpt><trkpt lat="35.94180278" lon="120.20932128"><ele>-41.15999984741211</ele><time>2022-05-22T22:03:47Z</time><extensions><gpxtpx:TrackPointExtension><gpxtpx:hr>154</gpxtpx:hr></gpxtpx:TrackPointExtension></extensions></trkpt><trkpt lat="35.94180212" lon="120.20932062"><ele>-41.15999984741211</ele><time>2022-05-22T22:03:48Z</time><extensions><gpxtpx:TrackPointExtension><gpxtpx:hr>151</gpxtpx:hr></gpxtpx:TrackPointExtension></extensions></trkpt><trkpt lat="35.94180113" lon="120.20931996"><ele>-41.15999984741211</ele><time>2022-05-22T22:03:49Z</time><extensions><gpxtpx:TrackPointExtension><gpxtpx:hr>139</gpxtpx:hr></gpxtpx:TrackPointExtension></extensions></trkpt><trkpt lat="35.9418008" lon="120.20931963"><ele>-41.15999984741211</ele><time>2022-05-22T22:03:50Z</time><extensions><gpxtpx:TrackPointExtension><gpxtpx:hr>132</gpxtpx:hr></gpxtpx:TrackPointExtension></extensions></trkpt><trkpt lat="35.9418008" lon="120.2093193"><ele>-41.18000030517578</ele><time>2022-05-22T22:03:51Z</time><extensions><gpxtpx:TrackPointExtension><gpxtpx:hr>129</gpxtpx:hr></gpxtpx:TrackPointExtension></extensions></trkpt><trkpt lat="35.9418008" lon="120.20931864"><ele>-41.20000076293945</ele><time>2022-05-22T22:03:52Z</time><extensions><gpxtpx:TrackPointExtension><gpxtpx:hr>127</gpxtpx:hr></gpxtpx:TrackPointExtension></extensions></trkpt><trkpt lat="35.9418008" lon="120.20931698"><ele>-41.220001220703125</ele><time>2022-05-22T22:03:53Z</time><extensions><gpxtpx:TrackPointExtension><gpxtpx:hr>125</gpxtpx:hr></gpxtpx:TrackPointExtension></extensions></trkpt><trkpt lat="35.94180113" lon="120.20931632"><ele>-41.25</ele><time>2022-05-22T22:03:54Z</time><extensions><gpxtpx:TrackPointExtension><gpxtpx:hr>125</gpxtpx:hr></gpxtpx:TrackPointExtension></extensions></trkpt><trkpt lat="35.94180113" lon="120.20931566"><ele>-41.25</ele><time>2022-05-22T22:03:55Z</time><extensions><gpxtpx:TrackPointExtension><gpxtpx:hr>124</gpxtpx:hr></gpxtpx:TrackPointExtension></extensions></trkpt><trkpt lat="35.9418008" lon="120.20931533"><ele>-41.27000045776367</ele><time>2022-05-22T22:03:56Z</time><extensions><gpxtpx:TrackPointExtension><gpxtpx:hr>124</gpxtpx:hr></gpxtpx:TrackPointExtension></extensions></trkpt><trkpt lat="35.94180014" lon="120.209315"><ele>-41.290000915527344</ele><time>2022-05-22T22:03:57Z</time><extensions><gpxtpx:TrackPointExtension><gpxtpx:hr>124</gpxtpx:hr></gpxtpx:TrackPointExtension></extensions></trkpt><trkpt lat="35.94180047" lon="120.20931467"><ele>-41.290000915527344</ele><time>2022-05-22T22:03:58Z</time><extensions><gpxtpx:TrackPointExtension><gpxtpx:hr>123</gpxtpx:hr></gpxtpx:TrackPointExtension></extensions></trkpt><trkpt lat="35.94180047" lon="120.20931434"><ele>-41.290000915527344</ele><time>2022-05-22T22:03:59Z</time><extensions><gpxtpx:TrackPointExtension><gpxtpx:hr>122</gpxtpx:hr></gpxtpx:TrackPointExtension></extensions></trkpt><trkpt lat="35.94180413" lon="120.20931101"><ele>-41.310001373291016</ele><time>2022-05-22T22:04:00Z</time><extensions><gpxtpx:TrackPointExtension><gpxtpx:hr>122</gpxtpx:hr></gpxtpx:TrackPointExtension></extensions></trkpt><trkpt lat="35.94180347" lon="120.20931134"><ele>-41.310001373291016</ele><time>2022-05-22T22:04:01Z</time><extensions><gpxtpx:TrackPointExtension><gpxtpx:hr>121</gpxtpx:hr></gpxtpx:TrackPointExtension></extensions></trkpt><trkpt lat="35.94180347" lon="120.20931101"><ele>-41.310001373291016</ele><time>2022-05-22T22:04:02Z</time><extensions><gpxtpx:TrackPointExtension><gpxtpx:hr>120</gpxtpx:hr></gpxtpx:TrackPointExtension></extensions></trkpt><trkpt lat="35.9418048" lon="120.20930935"><ele>-41.310001373291016</ele><time>2022-05-22T22:04:03Z</time><extensions><gpxtpx:TrackPointExtension><gpxtpx:hr>120</gpxtpx:hr></gpxtpx:TrackPointExtension></extensions></trkpt><trkpt lat="35.9418058" lon="120.20930702"><ele>-41.310001373291016</ele><time>2022-05-22T22:04:04Z</time><extensions><gpxtpx:TrackPointExtension><gpxtpx:hr>120</gpxtpx:hr></gpxtpx:TrackPointExtension></extensions></trkpt><trkpt lat="35.94180679" lon="120.20930436"><ele>-41.33000183105469</ele><time>2022-05-22T22:04:05Z</time><extensions><gpxtpx:TrackPointExtension><gpxtpx:hr>120</gpxtpx:hr></gpxtpx:TrackPointExtension></extensions></trkpt><trkpt lat="35.94180745" lon="120.20930237"><ele>-41.310001373291016</ele><time>2022-05-22T22:04:06Z</time><extensions><gpxtpx:TrackPointExtension><gpxtpx:hr>120</gpxtpx:hr></gpxtpx:TrackPointExtension></extensions></trkpt><trkpt lat="35.94180878" lon="120.20930071"><ele>-41.290000915527344</ele><time>2022-05-22T22:04:07Z</time><extensions><gpxtpx:TrackPointExtension><gpxtpx:hr>121</gpxtpx:hr></gpxtpx:TrackPointExtension></extensions></trkpt><trkpt lat="35.94180977" lon="120.20930005"><ele>-41.290000915527344</ele><time>2022-05-22T22:04:08Z</time><extensions><gpxtpx:TrackPointExtension><gpxtpx:hr>121</gpxtpx:hr></gpxtpx:TrackPointExtension></extensions></trkpt><trkpt lat="35.94181043" lon="120.20929972"><ele>-41.27000045776367</ele><time>2022-05-22T22:04:09Z</time><extensions><gpxtpx:TrackPointExtension><gpxtpx:hr>121</gpxtpx:hr></gpxtpx:TrackPointExtension></extensions></trkpt><trkpt lat="35.94181109" lon="120.20929939"><ele>-41.25</ele><time>2022-05-22T22:04:10Z</time><extensions><gpxtpx:TrackPointExtension><gpxtpx:hr>121</gpxtpx:hr></gpxtpx:TrackPointExtension></extensions></trkpt><trkpt lat="35.94181209" lon="120.20929939"><ele>-41.220001220703125</ele><time>2022-05-22T22:04:11Z</time><extensions><gpxtpx:TrackPointExtension><gpxtpx:hr>121</gpxtpx:hr></gpxtpx:TrackPointExtension></extensions></trkpt><trkpt lat="35.94181209" lon="120.20929873"><ele>-41.20000076293945</ele><time>2022-05-22T22:04:12Z</time><extensions><gpxtpx:TrackPointExtension><gpxtpx:hr>120</gpxtpx:hr></gpxtpx:TrackPointExtension></extensions></trkpt><trkpt lat="35.94181209" lon="120.20929807"><ele>-41.18000030517578</ele><time>2022-05-22T22:04:13Z</time><extensions><gpxtpx:TrackPointExtension><gpxtpx:hr>119</gpxtpx:hr></gpxtpx:TrackPointExtension></extensions></trkpt><trkpt lat="35.94181209" lon="120.20929741"><ele>-41.15999984741211</ele><time>2022-05-22T22:04:14Z</time><extensions><gpxtpx:TrackPointExtension><gpxtpx:hr>117</gpxtpx:hr></gpxtpx:TrackPointExtension></extensions></trkpt><trkpt lat="35.94181209" lon="120.20929675"><ele>-41.15999984741211</ele><time>2022-05-22T22:04:15Z</time><extensions><gpxtpx:TrackPointExtension><gpxtpx:hr>115</gpxtpx:hr></gpxtpx:TrackPointExtension></extensions></trkpt><trkpt lat="35.94181209" lon="120.20929642"><ele>-41.15999984741211</ele><time>2022-05-22T22:04:16Z</time><extensions><gpxtpx:TrackPointExtension><gpxtpx:hr>115</gpxtpx:hr></gpxtpx:TrackPointExtension></extensions></trkpt><trkpt lat="35.94181209" lon="120.20929609"><ele>-41.15999984741211</ele><time>2022-05-22T22:04:17Z</time><extensions><gpxtpx:TrackPointExtension><gpxtpx:hr>114</gpxtpx:hr></gpxtpx:TrackPointExtension></extensions></trkpt><trkpt lat="35.94181209" lon="120.20929609"><ele>-41.15999984741211</ele><time>2022-05-22T22:04:18Z</time><extensions><gpxtpx:TrackPointExtension><gpxtpx:hr>113</gpxtpx:hr></gpxtpx:TrackPointExtension></extensions></trkpt><trkpt lat="35.94181209" lon="120.20929576"><ele>-41.15999984741211</ele><time>2022-05-22T22:04:19Z</time><extensions><gpxtpx:TrackPointExtension><gpxtpx:hr>112</gpxtpx:hr></gpxtpx:TrackPointExtension></extensions></trkpt><trkpt lat="35.94181209" lon="120.20929576"><ele>-41.15999984741211</ele><time>2022-05-22T22:04:20Z</time><extensions><gpxtpx:TrackPointExtension><gpxtpx:hr>112</gpxtpx:hr></gpxtpx:TrackPointExtension></extensions></trkpt><trkpt lat="35.94181143" lon="120.20929576"><ele>-41.15999984741211</ele><time>2022-05-22T22:04:21Z</time><extensions><gpxtpx:TrackPointExtension><gpxtpx:hr>111</gpxtpx:hr></gpxtpx:TrackPointExtension></extensions></trkpt><trkpt lat="35.94181077" lon="120.20929343"><ele>-41.15999984741211</ele><time>2022-05-22T22:04:22Z</time><extensions><gpxtpx:TrackPointExtension><gpxtpx:hr>110</gpxtpx:hr></gpxtpx:TrackPointExtension></extensions></trkpt><trkpt lat="35.94180878" lon="120.20928977"><ele>-41.15999984741211</ele><time>2022-05-22T22:04:23Z</time><extensions><gpxtpx:TrackPointExtension><gpxtpx:hr>109</gpxtpx:hr></gpxtpx:TrackPointExtension></extensions></trkpt><trkpt lat="35.94180579" lon="120.20928678"><ele>-41.15999984741211</ele><time>2022-05-22T22:04:24Z</time><extensions><gpxtpx:TrackPointExtension><gpxtpx:hr>107</gpxtpx:hr></gpxtpx:TrackPointExtension></extensions></trkpt><trkpt lat="35.94180346" lon="120.20928312"><ele>-41.15999984741211</ele><time>2022-05-22T22:04:25Z</time><extensions><gpxtpx:TrackPointExtension><gpxtpx:hr>106</gpxtpx:hr></gpxtpx:TrackPointExtension></extensions></trkpt><trkpt lat="35.94180213" lon="120.20928179"><ele>-41.15999984741211</ele><time>2022-05-22T22:04:26Z</time><extensions><gpxtpx:TrackPointExtension><gpxtpx:hr>106</gpxtpx:hr></gpxtpx:TrackPointExtension></extensions></trkpt><trkpt lat="35.94180114" lon="120.20927946"><ele>-41.15999984741211</ele><time>2022-05-22T22:04:27Z</time><extensions><gpxtpx:TrackPointExtension><gpxtpx:hr>106</gpxtpx:hr></gpxtpx:TrackPointExtension></extensions></trkpt><trkpt lat="35.94180048" lon="120.20927813"><ele>-41.15999984741211</ele><time>2022-05-22T22:04:28Z</time><extensions><gpxtpx:TrackPointExtension><gpxtpx:hr>106</gpxtpx:hr></gpxtpx:TrackPointExtension></extensions></trkpt><trkpt lat="35.94179982" lon="120.2092768"><ele>-41.15999984741211</ele><time>2022-05-22T22:04:29Z</time><extensions><gpxtpx:TrackPointExtension><gpxtpx:hr>106</gpxtpx:hr></gpxtpx:TrackPointExtension></extensions></trkpt><trkpt lat="35.94179949" lon="120.20927581"><ele>-41.15999984741211</ele><time>2022-05-22T22:04:30Z</time><extensions><gpxtpx:TrackPointExtension><gpxtpx:hr>105</gpxtpx:hr></gpxtpx:TrackPointExtension></extensions></trkpt><trkpt lat="35.94179949" lon="120.20927482"><ele>-41.15999984741211</ele><time>2022-05-22T22:04:31Z</time><extensions><gpxtpx:TrackPointExtension><gpxtpx:hr>105</gpxtpx:hr></gpxtpx:TrackPointExtension></extensions></trkpt><trkpt lat="35.94179916" lon="120.20927383"><ele>-41.15999984741211</ele><time>2022-05-22T22:04:32Z</time><extensions><gpxtpx:TrackPointExtension><gpxtpx:hr>104</gpxtpx:hr></gpxtpx:TrackPointExtension></extensions></trkpt><trkpt lat="35.94179916" lon="120.2092735"><ele>-41.15999984741211</ele><time>2022-05-22T22:04:33Z</time><extensions><gpxtpx:TrackPointExtension><gpxtpx:hr>103</gpxtpx:hr></gpxtpx:TrackPointExtension></extensions></trkpt><trkpt lat="35.94179916" lon="120.2092735"><ele>-41.15999984741211</ele><time>2022-05-22T22:04:34Z</time><extensions><gpxtpx:TrackPointExtension><gpxtpx:hr>103</gpxtpx:hr></gpxtpx:TrackPointExtension></extensions></trkpt><trkpt lat="35.94179949" lon="120.20927383"><ele>-41.15999984741211</ele><time>2022-05-22T22:04:35Z</time><extensions><gpxtpx:TrackPointExtension><gpxtpx:hr>103</gpxtpx:hr></gpxtpx:TrackPointExtension></extensions></trkpt><trkpt lat="35.94179982" lon="120.20927416"><ele>-41.15999984741211</ele><time>2022-05-22T22:04:36Z</time><extensions><gpxtpx:TrackPointExtension><gpxtpx:hr>103</gpxtpx:hr></gpxtpx:TrackPointExtension></extensions></trkpt><trkpt lat="35.94180082" lon="120.2092735"><ele>-41.15999984741211</ele><time>2022-05-22T22:04:37Z</time><extensions><gpxtpx:TrackPointExtension><gpxtpx:hr>103</gpxtpx:hr></gpxtpx:TrackPointExtension></extensions></trkpt><trkpt lat="35.94180115" lon="120.2092725"><ele>-41.15999984741211</ele><time>2022-05-22T22:04:38Z</time><extensions><gpxtpx:TrackPointExtension><gpxtpx:hr>102</gpxtpx:hr></gpxtpx:TrackPointExtension></extensions></trkpt><trkpt lat="35.94180214" lon="120.20927151"><ele>-41.15999984741211</ele><time>2022-05-22T22:04:39Z</time><extensions><gpxtpx:TrackPointExtension><gpxtpx:hr>102</gpxtpx:hr></gpxtpx:TrackPointExtension></extensions></trkpt><trkpt lat="35.94180314" lon="120.20927118"><ele>-41.15999984741211</ele><time>2022-05-22T22:04:40Z</time><extensions><gpxtpx:TrackPointExtension><gpxtpx:hr>102</gpxtpx:hr></gpxtpx:TrackPointExtension></extensions></trkpt><trkpt lat="35.94180447" lon="120.20926985"><ele>-41.18000030517578</ele><time>2022-05-22T22:04:41Z</time><extensions><gpxtpx:TrackPointExtension><gpxtpx:hr>102</gpxtpx:hr></gpxtpx:TrackPointExtension></extensions></trkpt><trkpt lat="35.94180546" lon="120.20926919"><ele>-41.20000076293945</ele><time>2022-05-22T22:04:42Z</time><extensions><gpxtpx:TrackPointExtension><gpxtpx:hr>102</gpxtpx:hr></gpxtpx:TrackPointExtension></extensions></trkpt><trkpt lat="35.9418048" lon="120.20926719"><ele>-41.18000030517578</ele><time>2022-05-22T22:04:43Z</time><extensions><gpxtpx:TrackPointExtension><gpxtpx:hr>102</gpxtpx:hr></gpxtpx:TrackPointExtension></extensions></trkpt><trkpt lat="35.94180447" lon="120.2092652"><ele>-41.18000030517578</ele><time>2022-05-22T22:04:44Z</time><extensions><gpxtpx:TrackPointExtension><gpxtpx:hr>102</gpxtpx:hr></gpxtpx:TrackPointExtension></extensions></trkpt><trkpt lat="35.94180381" lon="120.20926321"><ele>-41.20000076293945</ele><time>2022-05-22T22:04:45Z</time><extensions><gpxtpx:TrackPointExtension><gpxtpx:hr>101</gpxtpx:hr></gpxtpx:TrackPointExtension></extensions></trkpt><trkpt lat="35.94180315" lon="120.20926121"><ele>-41.20000076293945</ele><time>2022-05-22T22:04:46Z</time><extensions><gpxtpx:TrackPointExtension><gpxtpx:hr>101</gpxtpx:hr></gpxtpx:TrackPointExtension></extensions></trkpt><trkpt lat="35.94180282" lon="120.20925988"><ele>-41.220001220703125</ele><time>2022-05-22T22:04:47Z</time><extensions><gpxtpx:TrackPointExtension><gpxtpx:hr>101</gpxtpx:hr></gpxtpx:TrackPointExtension></extensions></trkpt><trkpt lat="35.94180282" lon="120.20925922"><ele>-41.220001220703125</ele><time>2022-05-22T22:04:48Z</time><extensions><gpxtpx:TrackPointExtension><gpxtpx:hr>101</gpxtpx:hr></gpxtpx:TrackPointExtension></extensions></trkpt><trkpt lat="35.94180249" lon="120.20925856"><ele>-41.220001220703125</ele><time>2022-05-22T22:04:49Z</time><extensions><gpxtpx:TrackPointExtension><gpxtpx:hr>101</gpxtpx:hr></gpxtpx:TrackPointExtension></extensions></trkpt><trkpt lat="35.94180249" lon="120.20925823"><ele>-41.20000076293945</ele><time>2022-05-22T22:04:50Z</time><extensions><gpxtpx:TrackPointExtension><gpxtpx:hr>102</gpxtpx:hr></gpxtpx:TrackPointExtension></extensions></trkpt><trkpt lat="35.94180249" lon="120.20925856"><ele>-41.20000076293945</ele><time>2022-05-22T22:04:51Z</time><extensions><gpxtpx:TrackPointExtension><gpxtpx:hr>103</gpxtpx:hr></gpxtpx:TrackPointExtension></extensions></trkpt><trkpt lat="35.94180249" lon="120.20925856"><ele>-41.20000076293945</ele><time>2022-05-22T22:04:52Z</time><extensions><gpxtpx:TrackPointExtension><gpxtpx:hr>104</gpxtpx:hr></gpxtpx:TrackPointExtension></extensions></trkpt><trkpt lat="35.94180249" lon="120.20925889"><ele>-41.18000030517578</ele><time>2022-05-22T22:04:53Z</time><extensions><gpxtpx:TrackPointExtension><gpxtpx:hr>104</gpxtpx:hr></gpxtpx:TrackPointExtension></extensions></trkpt><trkpt lat="35.94180183" lon="120.20925889"><ele>-41.18000030517578</ele><time>2022-05-22T22:04:54Z</time><extensions><gpxtpx:TrackPointExtension><gpxtpx:hr>104</gpxtpx:hr></gpxtpx:TrackPointExtension></extensions></trkpt><trkpt lat="35.9418015" lon="120.20925955"><ele>-41.18000030517578</ele><time>2022-05-22T22:04:55Z</time><extensions><gpxtpx:TrackPointExtension><gpxtpx:hr>104</gpxtpx:hr></gpxtpx:TrackPointExtension></extensions></trkpt><trkpt lat="35.94180117" lon="120.20926054"><ele>-41.18000030517578</ele><time>2022-05-22T22:04:56Z</time><extensions><gpxtpx:TrackPointExtension><gpxtpx:hr>104</gpxtpx:hr></gpxtpx:TrackPointExtension></extensions></trkpt><trkpt lat="35.94180117" lon="120.2092612"><ele>-41.18000030517578</ele><time>2022-05-22T22:04:57Z</time><extensions><gpxtpx:TrackPointExtension><gpxtpx:hr>105</gpxtpx:hr></gpxtpx:TrackPointExtension></extensions></trkpt><trkpt lat="35.94180084" lon="120.20926153"><ele>-41.18000030517578</ele><time>2022-05-22T22:04:58Z</time><extensions><gpxtpx:TrackPointExtension><gpxtpx:hr>104</gpxtpx:hr></gpxtpx:TrackPointExtension></extensions></trkpt><trkpt lat="35.94180084" lon="120.20926186"><ele>-41.18000030517578</ele><time>2022-05-22T22:04:59Z</time><extensions><gpxtpx:TrackPointExtension><gpxtpx:hr>104</gpxtpx:hr></gpxtpx:TrackPointExtension></extensions></trkpt><trkpt lat="35.94180084" lon="120.20926186"><ele>-41.18000030517578</ele><time>2022-05-22T22:05:00Z</time><extensions><gpxtpx:TrackPointExtension><gpxtpx:hr>103</gpxtpx:hr></gpxtpx:TrackPointExtension></extensions></trkpt><trkpt lat="35.94180117" lon="120.20926153"><ele>-41.18000030517578</ele><time>2022-05-22T22:05:01Z</time><extensions><gpxtpx:TrackPointExtension><gpxtpx:hr>103</gpxtpx:hr></gpxtpx:TrackPointExtension></extensions></trkpt><trkpt lat="35.9418015" lon="120.20926186"><ele>-41.18000030517578</ele><time>2022-05-22T22:05:02Z</time><extensions><gpxtpx:TrackPointExtension><gpxtpx:hr>103</gpxtpx:hr></gpxtpx:TrackPointExtension></extensions></trkpt><trkpt lat="35.94180183" lon="120.20926252"><ele>-41.18000030517578</ele><time>2022-05-22T22:05:03Z</time><extensions><gpxtpx:TrackPointExtension><gpxtpx:hr>103</gpxtpx:hr></gpxtpx:TrackPointExtension></extensions></trkpt><trkpt lat="35.94180216" lon="120.20926351"><ele>-41.20000076293945</ele><time>2022-05-22T22:05:04Z</time><extensions><gpxtpx:TrackPointExtension><gpxtpx:hr>102</gpxtpx:hr></gpxtpx:TrackPointExtension></extensions></trkpt><trkpt lat="35.9418015" lon="120.20926417"><ele>-41.20000076293945</ele><time>2022-05-22T22:05:05Z</time><extensions><gpxtpx:TrackPointExtension><gpxtpx:hr>102</gpxtpx:hr></gpxtpx:TrackPointExtension></extensions></trkpt><trkpt lat="35.94180117" lon="120.20926483"><ele>-41.220001220703125</ele><time>2022-05-22T22:05:06Z</time><extensions><gpxtpx:TrackPointExtension><gpxtpx:hr>102</gpxtpx:hr></gpxtpx:TrackPointExtension></extensions></trkpt><trkpt lat="35.94180117" lon="120.20926516"><ele>-41.20000076293945</ele><time>2022-05-22T22:05:07Z</time><extensions><gpxtpx:TrackPointExtension><gpxtpx:hr>101</gpxtpx:hr></gpxtpx:TrackPointExtension></extensions></trkpt><trkpt lat="35.94180084" lon="120.20926582"><ele>-41.20000076293945</ele><time>2022-05-22T22:05:08Z</time><extensions><gpxtpx:TrackPointExtension><gpxtpx:hr>101</gpxtpx:hr></gpxtpx:TrackPointExtension></extensions></trkpt><trkpt lat="35.94180084" lon="120.20926615"><ele>-41.20000076293945</ele><time>2022-05-22T22:05:09Z</time><extensions><gpxtpx:TrackPointExtension><gpxtpx:hr>101</gpxtpx:hr></gpxtpx:TrackPointExtension></extensions></trkpt><trkpt lat="35.94180084" lon="120.20926648"><ele>-41.18000030517578</ele><time>2022-05-22T22:05:10Z</time><extensions><gpxtpx:TrackPointExtension><gpxtpx:hr>101</gpxtpx:hr></gpxtpx:TrackPointExtension></extensions></trkpt><trkpt lat="35.94180084" lon="120.20926681"><ele>-41.18000030517578</ele><time>2022-05-22T22:05:11Z</time><extensions><gpxtpx:TrackPointExtension><gpxtpx:hr>101</gpxtpx:hr></gpxtpx:TrackPointExtension></extensions></trkpt><trkpt lat="35.94180084" lon="120.20926747"><ele>-41.18000030517578</ele><time>2022-05-22T22:05:12Z</time></trkpt><trkpt lat="35.94180084" lon="120.20926747"><ele>-41.18000030517578</ele><time>2022-05-22T22:05:13Z</time><extensions><gpxtpx:TrackPointExtension><gpxtpx:hr>101</gpxtpx:hr></gpxtpx:TrackPointExtension></extensions></trkpt><trkpt lat="35.94180084" lon="120.20926747"><ele>-41.20000076293945</ele><time>2022-05-22T22:05:14Z</time><extensions><gpxtpx:TrackPointExtension><gpxtpx:hr>101</gpxtpx:hr></gpxtpx:TrackPointExtension></extensions></trkpt><trkpt lat="35.94180084" lon="120.20926747"><ele>-41.20000076293945</ele><time>2022-05-22T22:05:15Z</time><extensions><gpxtpx:TrackPointExtension><gpxtpx:hr>101</gpxtpx:hr></gpxtpx:TrackPointExtension></extensions></trkpt><trkpt lat="35.94180018" lon="120.20926747"><ele>-41.20000076293945</ele><time>2022-05-22T22:05:16Z</time><extensions><gpxtpx:TrackPointExtension><gpxtpx:hr>101</gpxtpx:hr></gpxtpx:TrackPointExtension></extensions></trkpt><trkpt lat="35.94180018" lon="120.20926747"><ele>-41.20000076293945</ele><time>2022-05-22T22:05:17Z</time><extensions><gpxtpx:TrackPointExtension><gpxtpx:hr>99</gpxtpx:hr></gpxtpx:TrackPointExtension></extensions></trkpt><trkpt lat="35.94179985" lon="120.20926747"><ele>-41.20000076293945</ele><time>2022-05-22T22:05:18Z</time><extensions><gpxtpx:TrackPointExtension><gpxtpx:hr>98</gpxtpx:hr></gpxtpx:TrackPointExtension></extensions></trkpt><trkpt lat="35.94179952" lon="120.20926747"><ele>-41.18000030517578</ele><time>2022-05-22T22:05:19Z</time><extensions><gpxtpx:TrackPointExtension><gpxtpx:hr>97</gpxtpx:hr></gpxtpx:TrackPointExtension></extensions></trkpt><trkpt lat="35.94179952" lon="120.20926747"><ele>-41.18000030517578</ele><time>2022-05-22T22:05:20Z</time></trkpt><trkpt lat="35.94179919" lon="120.20926747"><ele>-41.18000030517578</ele><time>2022-05-22T22:05:21Z</time><extensions><gpxtpx:TrackPointExtension><gpxtpx:hr>96</gpxtpx:hr></gpxtpx:TrackPointExtension></extensions></trkpt><trkpt lat="35.94179919" lon="120.2092678"><ele>-41.18000030517578</ele><time>2022-05-22T22:05:22Z</time><extensions><gpxtpx:TrackPointExtension><gpxtpx:hr>95</gpxtpx:hr></gpxtpx:TrackPointExtension></extensions></trkpt><trkpt lat="35.94179919" lon="120.20926813"><ele>-41.18000030517578</ele><time>2022-05-22T22:05:23Z</time><extensions><gpxtpx:TrackPointExtension><gpxtpx:hr>93</gpxtpx:hr></gpxtpx:TrackPointExtension></extensions></trkpt><trkpt lat="35.94179919" lon="120.2092678"><ele>-41.18000030517578</ele><time>2022-05-22T22:05:24Z</time><extensions><gpxtpx:TrackPointExtension><gpxtpx:hr>93</gpxtpx:hr></gpxtpx:TrackPointExtension></extensions></trkpt><trkpt lat="35.94179919" lon="120.20926813"><ele>-41.18000030517578</ele><time>2022-05-22T22:05:25Z</time><extensions><gpxtpx:TrackPointExtension><gpxtpx:hr>92</gpxtpx:hr></gpxtpx:TrackPointExtension></extensions></trkpt><trkpt lat="35.94179853" lon="120.20926747"><ele>-41.18000030517578</ele><time>2022-05-22T22:05:26Z</time><extensions><gpxtpx:TrackPointExtension><gpxtpx:hr>92</gpxtpx:hr></gpxtpx:TrackPointExtension></extensions></trkpt><trkpt lat="35.94179787" lon="120.20926681"><ele>-41.18000030517578</ele><time>2022-05-22T22:05:27Z</time><extensions><gpxtpx:TrackPointExtension><gpxtpx:hr>91</gpxtpx:hr></gpxtpx:TrackPointExtension></extensions></trkpt><trkpt lat="35.94179754" lon="120.20926648"><ele>-41.18000030517578</ele><time>2022-05-22T22:05:28Z</time><extensions><gpxtpx:TrackPointExtension><gpxtpx:hr>91</gpxtpx:hr></gpxtpx:TrackPointExtension></extensions></trkpt><trkpt lat="35.94179754" lon="120.20926615"><ele>-41.15999984741211</ele><time>2022-05-22T22:05:29Z</time><extensions><gpxtpx:TrackPointExtension><gpxtpx:hr>92</gpxtpx:hr></gpxtpx:TrackPointExtension></extensions></trkpt><trkpt lat="35.94179721" lon="120.20926648"><ele>-41.15999984741211</ele><time>2022-05-22T22:05:30Z</time><extensions><gpxtpx:TrackPointExtension><gpxtpx:hr>92</gpxtpx:hr></gpxtpx:TrackPointExtension></extensions></trkpt><trkpt lat="35.94179688" lon="120.20926681"><ele>-41.15999984741211</ele><time>2022-05-22T22:05:31Z</time><extensions><gpxtpx:TrackPointExtension><gpxtpx:hr>93</gpxtpx:hr></gpxtpx:TrackPointExtension></extensions></trkpt><trkpt lat="35.94179655" lon="120.20926681"><ele>-41.15999984741211</ele><time>2022-05-22T22:05:32Z</time><extensions><gpxtpx:TrackPointExtension><gpxtpx:hr>94</gpxtpx:hr></gpxtpx:TrackPointExtension></extensions></trkpt><trkpt lat="35.94179655" lon="120.20926747"><ele>-41.15999984741211</ele><time>2022-05-22T22:05:33Z</time><extensions><gpxtpx:TrackPointExtension><gpxtpx:hr>94</gpxtpx:hr></gpxtpx:TrackPointExtension></extensions></trkpt><trkpt lat="35.94179954" lon="120.2092698"><ele>-41.15999984741211</ele><time>2022-05-22T22:05:34Z</time><extensions><gpxtpx:TrackPointExtension><gpxtpx:hr>95</gpxtpx:hr></gpxtpx:TrackPointExtension></extensions></trkpt><trkpt lat="35.94180487" lon="120.2092738"><ele>-41.15999984741211</ele><time>2022-05-22T22:05:35Z</time><extensions><gpxtpx:TrackPointExtension><gpxtpx:hr>95</gpxtpx:hr></gpxtpx:TrackPointExtension></extensions></trkpt><trkpt lat="35.94181153" lon="120.20927879"><ele>-41.18000030517578</ele><time>2022-05-22T22:05:36Z</time><extensions><gpxtpx:TrackPointExtension><gpxtpx:hr>95</gpxtpx:hr></gpxtpx:TrackPointExtension></extensions></trkpt><trkpt lat="35.94182019" lon="120.20928445"><ele>-41.20000076293945</ele><time>2022-05-22T22:05:37Z</time><extensions><gpxtpx:TrackPointExtension><gpxtpx:hr>95</gpxtpx:hr></gpxtpx:TrackPointExtension></extensions></trkpt><trkpt lat="35.94183018" lon="120.20928978"><ele>-41.20000076293945</ele><time>2022-05-22T22:05:38Z</time><extensions><gpxtpx:TrackPointExtension><gpxtpx:hr>95</gpxtpx:hr><gpxtpx:cad>56</gpxtpx:cad></gpxtpx:TrackPointExtension></extensions></trkpt><trkpt lat="35.94184118" lon="120.20929544"><ele>-41.20000076293945</ele><time>2022-05-22T22:05:39Z</time><extensions><gpxtpx:TrackPointExtension><gpxtpx:hr>95</gpxtpx:hr><gpxtpx:cad>58</gpxtpx:cad></gpxtpx:TrackPointExtension></extensions></trkpt><trkpt lat="35.94185284" lon="120.20930044"><ele>-41.20000076293945</ele><time>2022-05-22T22:05:40Z</time><extensions><gpxtpx:TrackPointExtension><gpxtpx:hr>95</gpxtpx:hr><gpxtpx:cad>58</gpxtpx:cad></gpxtpx:TrackPointExtension></extensions></trkpt><trkpt lat="35.94186517" lon="120.2093041"><ele>-41.18000030517578</ele><time>2022-05-22T22:05:41Z</time><extensions><gpxtpx:TrackPointExtension><gpxtpx:hr>96</gpxtpx:hr><gpxtpx:cad>59</gpxtpx:cad></gpxtpx:TrackPointExtension></extensions></trkpt><trkpt lat="35.9418775" lon="120.20930776"><ele>-41.18000030517578</ele><time>2022-05-22T22:05:42Z</time><extensions><gpxtpx:TrackPointExtension><gpxtpx:hr>96</gpxtpx:hr><gpxtpx:cad>59</gpxtpx:cad></gpxtpx:TrackPointExtension></extensions></trkpt><trkpt lat="35.94188949" lon="120.20931109"><ele>-41.18000030517578</ele><time>2022-05-22T22:05:43Z</time><extensions><gpxtpx:TrackPointExtension><gpxtpx:hr>96</gpxtpx:hr><gpxtpx:cad>60</gpxtpx:cad></gpxtpx:TrackPointExtension></extensions></trkpt><trkpt lat="35.94190115" lon="120.20931309"><ele>-41.18000030517578</ele><time>2022-05-22T22:05:44Z</time><extensions><gpxtpx:TrackPointExtension><gpxtpx:hr>96</gpxtpx:hr><gpxtpx:cad>60</gpxtpx:cad></gpxtpx:TrackPointExtension></extensions></trkpt><trkpt lat="35.94191348" lon="120.20931375"><ele>-41.18000030517578</ele><time>2022-05-22T22:05:45Z</time><extensions><gpxtpx:TrackPointExtension><gpxtpx:hr>96</gpxtpx:hr><gpxtpx:cad>60</gpxtpx:cad></gpxtpx:TrackPointExtension></extensions></trkpt><trkpt lat="35.94192614" lon="120.20931474"><ele>-41.18000030517578</ele><time>2022-05-22T22:05:46Z</time><extensions><gpxtpx:TrackPointExtension><gpxtpx:hr>97</gpxtpx:hr><gpxtpx:cad>60</gpxtpx:cad></gpxtpx:TrackPointExtension></extensions></trkpt><trkpt lat="35.9419388" lon="120.20931573"><ele>-41.18000030517578</ele><time>2022-05-22T22:05:47Z</time><extensions><gpxtpx:TrackPointExtension><gpxtpx:hr>98</gpxtpx:hr><gpxtpx:cad>60</gpxtpx:cad></gpxtpx:TrackPointExtension></extensions></trkpt><trkpt lat="35.94195213" lon="120.20931606"><ele>-41.18000030517578</ele><time>2022-05-22T22:05:48Z</time><extensions><gpxtpx:TrackPointExtension><gpxtpx:hr>98</gpxtpx:hr><gpxtpx:cad>60</gpxtpx:cad></gpxtpx:TrackPointExtension></extensions></trkpt><trkpt lat="35.94196479" lon="120.20931573"><ele>-41.18000030517578</ele><time>2022-05-22T22:05:49Z</time><extensions><gpxtpx:TrackPointExtension><gpxtpx:hr>98</gpxtpx:hr><gpxtpx:cad>60</gpxtpx:cad></gpxtpx:TrackPointExtension></extensions></trkpt><trkpt lat="35.94197645" lon="120.20931474"><ele>-41.18000030517578</ele><time>2022-05-22T22:05:50Z</time><extensions><gpxtpx:TrackPointExtension><gpxtpx:hr>98</gpxtpx:hr><gpxtpx:cad>60</gpxtpx:cad></gpxtpx:TrackPointExtension></extensions></trkpt><trkpt lat="35.94198811" lon="120.20931275"><ele>-41.18000030517578</ele><time>2022-05-22T22:05:51Z</time><extensions><gpxtpx:TrackPointExtension><gpxtpx:hr>98</gpxtpx:hr><gpxtpx:cad>60</gpxtpx:cad></gpxtpx:TrackPointExtension></extensions></trkpt><trkpt lat="35.94199977" lon="120.20931042"><ele>-41.15999984741211</ele><time>2022-05-22T22:05:52Z</time><extensions><gpxtpx:TrackPointExtension><gpxtpx:hr>99</gpxtpx:hr><gpxtpx:cad>60</gpxtpx:cad></gpxtpx:TrackPointExtension></extensions></trkpt><trkpt lat="35.94201177" lon="120.20930776"><ele>-41.15999984741211</ele><time>2022-05-22T22:05:53Z</time><extensions><gpxtpx:TrackPointExtension><gpxtpx:hr>99</gpxtpx:hr><gpxtpx:cad>60</gpxtpx:cad></gpxtpx:TrackPointExtension></extensions></trkpt><trkpt lat="35.94202376" lon="120.20930476"><ele>-41.15999984741211</ele><time>2022-05-22T22:05:54Z</time><extensions><gpxtpx:TrackPointExtension><gpxtpx:hr>100</gpxtpx:hr><gpxtpx:cad>60</gpxtpx:cad></gpxtpx:TrackPointExtension></extensions></trkpt><trkpt lat="35.94203709" lon="120.2092991"><ele>-41.15999984741211</ele><time>2022-05-22T22:05:55Z</time><extensions><gpxtpx:TrackPointExtension><gpxtpx:hr>101</gpxtpx:hr><gpxtpx:cad>60</gpxtpx:cad></gpxtpx:TrackPointExtension></extensions></trkpt><trkpt lat="35.94205175" lon="120.20929177"><ele>-41.15999984741211</ele><time>2022-05-22T22:05:56Z</time><extensions><gpxtpx:TrackPointExtension><gpxtpx:hr>101</gpxtpx:hr><gpxtpx:cad>60</gpxtpx:cad></gpxtpx:TrackPointExtension></extensions></trkpt><trkpt lat="35.94206974" lon="120.20928377"><ele>-41.15999984741211</ele><time>2022-05-22T22:05:57Z</time><extensions><gpxtpx:TrackPointExtension><gpxtpx:hr>102</gpxtpx:hr><gpxtpx:cad>60</gpxtpx:cad></gpxtpx:TrackPointExtension></extensions></trkpt><trkpt lat="35.9420904" lon="120.20927678"><ele>-41.15999984741211</ele><time>2022-05-22T22:05:58Z</time><extensions><gpxtpx:TrackPointExtension><gpxtpx:hr>102</gpxtpx:hr><gpxtpx:cad>60</gpxtpx:cad></gpxtpx:TrackPointExtension></extensions></trkpt><trkpt lat="35.94211173" lon="120.20927045"><ele>-41.15999984741211</ele><time>2022-05-22T22:05:59Z</time><extensions><gpxtpx:TrackPointExtension><gpxtpx:hr>103</gpxtpx:hr><gpxtpx:cad>60</gpxtpx:cad></gpxtpx:TrackPointExtension></extensions></trkpt><trkpt lat="35.94213373" lon="120.20926512"><ele>-41.150001525878906</ele><time>2022-05-22T22:06:00Z</time><extensions><gpxtpx:TrackPointExtension><gpxtpx:hr>103</gpxtpx:hr><gpxtpx:cad>60</gpxtpx:cad></gpxtpx:TrackPointExtension></extensions></trkpt><trkpt lat="35.94215573" lon="120.20926012"><ele>-41.130001068115234</ele><time>2022-05-22T22:06:01Z</time><extensions><gpxtpx:TrackPointExtension><gpxtpx:hr>103</gpxtpx:hr><gpxtpx:cad>60</gpxtpx:cad></gpxtpx:TrackPointExtension></extensions></trkpt><trkpt lat="35.94217739" lon="120.20925313"><ele>-41.09000015258789</ele><time>2022-05-22T22:06:02Z</time><extensions><gpxtpx:TrackPointExtension><gpxtpx:hr>104</gpxtpx:hr><gpxtpx:cad>60</gpxtpx:cad></gpxtpx:TrackPointExtension></extensions></trkpt><trkpt lat="35.94219972" lon="120.20924413"><ele>-41.060001373291016</ele><time>2022-05-22T22:06:03Z</time><extensions><gpxtpx:TrackPointExtension><gpxtpx:hr>105</gpxtpx:hr><gpxtpx:cad>60</gpxtpx:cad></gpxtpx:TrackPointExtension></extensions></trkpt><trkpt lat="35.94222205" lon="120.20923447"><ele>-41.040000915527344</ele><time>2022-05-22T22:06:04Z</time><extensions><gpxtpx:TrackPointExtension><gpxtpx:hr>105</gpxtpx:hr><gpxtpx:cad>60</gpxtpx:cad></gpxtpx:TrackPointExtension></extensions></trkpt><trkpt lat="35.94224371" lon="120.20922381"><ele>-41.02000045776367</ele><time>2022-05-22T22:06:05Z</time><extensions><gpxtpx:TrackPointExtension><gpxtpx:hr>107</gpxtpx:hr><gpxtpx:cad>60</gpxtpx:cad></gpxtpx:TrackPointExtension></extensions></trkpt><trkpt lat="35.94226571" lon="120.20921281"><ele>-41.0</ele><time>2022-05-22T22:06:06Z</time><extensions><gpxtpx:TrackPointExtension><gpxtpx:hr>110</gpxtpx:hr><gpxtpx:cad>89</gpxtpx:cad></gpxtpx:TrackPointExtension></extensions></trkpt><trkpt lat="35.94228737" lon="120.20920215"><ele>-41.02000045776367</ele><time>2022-05-22T22:06:07Z</time><extensions><gpxtpx:TrackPointExtension><gpxtpx:hr>112</gpxtpx:hr><gpxtpx:cad>90</gpxtpx:cad></gpxtpx:TrackPointExtension></extensions></trkpt><trkpt lat="35.9423097" lon="120.20919249"><ele>-41.040000915527344</ele><time>2022-05-22T22:06:08Z</time><extensions><gpxtpx:TrackPointExtension><gpxtpx:hr>112</gpxtpx:hr><gpxtpx:cad>90</gpxtpx:cad></gpxtpx:TrackPointExtension></extensions></trkpt><trkpt lat="35.94233236" lon="120.20918316"><ele>-41.060001373291016</ele><time>2022-05-22T22:06:09Z</time><extensions><gpxtpx:TrackPointExtension><gpxtpx:hr>113</gpxtpx:hr><gpxtpx:cad>90</gpxtpx:cad></gpxtpx:TrackPointExtension></extensions></trkpt><trkpt lat="35.94235302" lon="120.2091745"><ele>-41.09000015258789</ele><time>2022-05-22T22:06:10Z</time><extensions><gpxtpx:TrackPointExtension><gpxtpx:hr>114</gpxtpx:hr><gpxtpx:cad>90</gpxtpx:cad></gpxtpx:TrackPointExtension></extensions></trkpt><trkpt lat="35.94237401" lon="120.20916117"><ele>-41.09000015258789</ele><time>2022-05-22T22:06:11Z</time><extensions><gpxtpx:TrackPointExtension><gpxtpx:hr>114</gpxtpx:hr><gpxtpx:cad>90</gpxtpx:cad></gpxtpx:TrackPointExtension></extensions></trkpt><trkpt lat="35.94239467" lon="120.20914684"><ele>-41.11000061035156</ele><time>2022-05-22T22:06:12Z</time><extensions><gpxtpx:TrackPointExtension><gpxtpx:hr>115</gpxtpx:hr><gpxtpx:cad>90</gpxtpx:cad></gpxtpx:TrackPointExtension></extensions></trkpt><trkpt lat="35.94241533" lon="120.20912985"><ele>-41.11000061035156</ele><time>2022-05-22T22:06:13Z</time><extensions><gpxtpx:TrackPointExtension><gpxtpx:hr>117</gpxtpx:hr><gpxtpx:cad>90</gpxtpx:cad></gpxtpx:TrackPointExtension></extensions></trkpt><trkpt lat="35.94243666" lon="120.20911419"><ele>-41.130001068115234</ele><time>2022-05-22T22:06:14Z</time><extensions><gpxtpx:TrackPointExtension><gpxtpx:hr>118</gpxtpx:hr><gpxtpx:cad>90</gpxtpx:cad></gpxtpx:TrackPointExtension></extensions></trkpt><trkpt lat="35.94245732" lon="120.20909886"><ele>-41.150001525878906</ele><time>2022-05-22T22:06:15Z</time><extensions><gpxtpx:TrackPointExtension><gpxtpx:hr>120</gpxtpx:hr><gpxtpx:cad>90</gpxtpx:cad></gpxtpx:TrackPointExtension></extensions></trkpt><trkpt lat="35.94247865" lon="120.20908453"><ele>-41.18000030517578</ele><time>2022-05-22T22:06:16Z</time><extensions><gpxtpx:TrackPointExtension><gpxtpx:hr>122</gpxtpx:hr><gpxtpx:cad>90</gpxtpx:cad></gpxtpx:TrackPointExtension></extensions></trkpt><trkpt lat="35.94249998" lon="120.20907187"><ele>-41.18000030517578</ele><time>2022-05-22T22:06:17Z</time><extensions><gpxtpx:TrackPointExtension><gpxtpx:hr>125</gpxtpx:hr><gpxtpx:cad>90</gpxtpx:cad></gpxtpx:TrackPointExtension></extensions></trkpt><trkpt lat="35.94252131" lon="120.20905988"><ele>-41.220001220703125</ele><time>2022-05-22T22:06:18Z</time><extensions><gpxtpx:TrackPointExtension><gpxtpx:hr>126</gpxtpx:hr><gpxtpx:cad>91</gpxtpx:cad></gpxtpx:TrackPointExtension></extensions></trkpt><trkpt lat="35.94254364" lon="120.20904888"><ele>-41.2400016784668</ele><time>2022-05-22T22:06:19Z</time><extensions><gpxtpx:TrackPointExtension><gpxtpx:hr>128</gpxtpx:hr><gpxtpx:cad>91</gpxtpx:cad></gpxtpx:TrackPointExtension></extensions></trkpt><trkpt lat="35.94256597" lon="120.20903788"><ele>-41.27000045776367</ele><time>2022-05-22T22:06:20Z</time><extensions><gpxtpx:TrackPointExtension><gpxtpx:hr>128</gpxtpx:hr><gpxtpx:cad>91</gpxtpx:cad></gpxtpx:TrackPointExtension></extensions></trkpt><trkpt lat="35.94258863" lon="120.20902888"><ele>-41.290000915527344</ele><time>2022-05-22T22:06:21Z</time><extensions><gpxtpx:TrackPointExtension><gpxtpx:hr>129</gpxtpx:hr><gpxtpx:cad>90</gpxtpx:cad></gpxtpx:TrackPointExtension></extensions></trkpt><trkpt lat="35.94261229" lon="120.20902155"><ele>-41.310001373291016</ele><time>2022-05-22T22:06:22Z</time><extensions><gpxtpx:TrackPointExtension><gpxtpx:hr>129</gpxtpx:hr><gpxtpx:cad>89</gpxtpx:cad></gpxtpx:TrackPointExtension></extensions></trkpt><trkpt lat="35.94263562" lon="120.20901489"><ele>-41.33000183105469</ele><time>2022-05-22T22:06:23Z</time><extensions><gpxtpx:TrackPointExtension><gpxtpx:hr>130</gpxtpx:hr><gpxtpx:cad>89</gpxtpx:cad></gpxtpx:TrackPointExtension></extensions></trkpt><trkpt lat="35.94265895" lon="120.20900956"><ele>-41.36000061035156</ele><time>2022-05-22T22:06:24Z</time><extensions><gpxtpx:TrackPointExtension><gpxtpx:hr>130</gpxtpx:hr><gpxtpx:cad>89</gpxtpx:cad></gpxtpx:TrackPointExtension></extensions></trkpt><trkpt lat="35.94268328" lon="120.20900556"><ele>-41.380001068115234</ele><time>2022-05-22T22:06:25Z</time><extensions><gpxtpx:TrackPointExtension><gpxtpx:hr>129</gpxtpx:hr><gpxtpx:cad>90</gpxtpx:cad></gpxtpx:TrackPointExtension></extensions></trkpt><trkpt lat="35.94270761" lon="120.2090029"><ele>-41.380001068115234</ele><time>2022-05-22T22:06:26Z</time><extensions><gpxtpx:TrackPointExtension><gpxtpx:hr>128</gpxtpx:hr><gpxtpx:cad>90</gpxtpx:cad></gpxtpx:TrackPointExtension></extensions></trkpt><trkpt lat="35.94273161" lon="120.20899957"><ele>-41.400001525878906</ele><time>2022-05-22T22:06:27Z</time><extensions><gpxtpx:TrackPointExtension><gpxtpx:hr>127</gpxtpx:hr><gpxtpx:cad>90</gpxtpx:cad></gpxtpx:TrackPointExtension></extensions></trkpt><trkpt lat="35.9427556" lon="120.20899824"><ele>-41.43000030517578</ele><time>2022-05-22T22:06:28Z</time><extensions><gpxtpx:TrackPointExtension><gpxtpx:hr>127</gpxtpx:hr><gpxtpx:cad>90</gpxtpx:cad></gpxtpx:TrackPointExtension></extensions></trkpt><trkpt lat="35.9427796" lon="120.20899524"><ele>-41.400001525878906</ele><time>2022-05-22T22:06:29Z</time><extensions><gpxtpx:TrackPointExtension><gpxtpx:hr>126</gpxtpx:hr><gpxtpx:cad>90</gpxtpx:cad></gpxtpx:TrackPointExtension></extensions></trkpt><trkpt lat="35.94280326" lon="120.20899258"><ele>-41.36000061035156</ele><time>2022-05-22T22:06:30Z</time><extensions><gpxtpx:TrackPointExtension><gpxtpx:hr>127</gpxtpx:hr><gpxtpx:cad>90</gpxtpx:cad></gpxtpx:TrackPointExtension></extensions></trkpt><trkpt lat="35.94282625" lon="120.20898992"><ele>-41.33000183105469</ele><time>2022-05-22T22:06:31Z</time><extensions><gpxtpx:TrackPointExtension><gpxtpx:hr>127</gpxtpx:hr><gpxtpx:cad>91</gpxtpx:cad></gpxtpx:TrackPointExtension></extensions></trkpt><trkpt lat="35.94284958" lon="120.20898693"><ele>-41.290000915527344</ele><time>2022-05-22T22:06:32Z</time><extensions><gpxtpx:TrackPointExtension><gpxtpx:hr>127</gpxtpx:hr><gpxtpx:cad>91</gpxtpx:cad></gpxtpx:TrackPointExtension></extensions></trkpt><trkpt lat="35.94287291" lon="120.20898493"><ele>-41.27000045776367</ele><time>2022-05-22T22:06:33Z</time><extensions><gpxtpx:TrackPointExtension><gpxtpx:hr>127</gpxtpx:hr><gpxtpx:cad>91</gpxtpx:cad></gpxtpx:TrackPointExtension></extensions></trkpt><trkpt lat="35.94289557" lon="120.2089836"><ele>-41.27000045776367</ele><time>2022-05-22T22:06:34Z</time><extensions><gpxtpx:TrackPointExtension><gpxtpx:hr>127</gpxtpx:hr><gpxtpx:cad>91</gpxtpx:cad></gpxtpx:TrackPointExtension></extensions></trkpt><trkpt lat="35.94291823" lon="120.20898127"><ele>-41.27000045776367</ele><time>2022-05-22T22:06:35Z</time><extensions><gpxtpx:TrackPointExtension><gpxtpx:hr>128</gpxtpx:hr><gpxtpx:cad>90</gpxtpx:cad></gpxtpx:TrackPointExtension></extensions></trkpt><trkpt lat="35.94294189" lon="120.20897994"><ele>-41.27000045776367</ele><time>2022-05-22T22:06:36Z</time><extensions><gpxtpx:TrackPointExtension><gpxtpx:hr>128</gpxtpx:hr><gpxtpx:cad>90</gpxtpx:cad></gpxtpx:TrackPointExtension></extensions></trkpt><trkpt lat="35.94296589" lon="120.20897861"><ele>-41.290000915527344</ele><time>2022-05-22T22:06:37Z</time><extensions><gpxtpx:TrackPointExtension><gpxtpx:hr>129</gpxtpx:hr><gpxtpx:cad>90</gpxtpx:cad></gpxtpx:TrackPointExtension></extensions></trkpt><trkpt lat="35.94299022" lon="120.20897662"><ele>-41.290000915527344</ele><time>2022-05-22T22:06:38Z</time><extensions><gpxtpx:TrackPointExtension><gpxtpx:hr>130</gpxtpx:hr><gpxtpx:cad>90</gpxtpx:cad></gpxtpx:TrackPointExtension></extensions></trkpt><trkpt lat="35.94301488" lon="120.20897596"><ele>-41.310001373291016</ele><time>2022-05-22T22:06:39Z</time><extensions><gpxtpx:TrackPointExtension><gpxtpx:hr>130</gpxtpx:hr><gpxtpx:cad>91</gpxtpx:cad></gpxtpx:TrackPointExtension></extensions></trkpt><trkpt lat="35.94303888" lon="120.2089753"><ele>-41.33000183105469</ele><time>2022-05-22T22:06:40Z</time><extensions><gpxtpx:TrackPointExtension><gpxtpx:hr>130</gpxtpx:hr><gpxtpx:cad>90</gpxtpx:cad></gpxtpx:TrackPointExtension></extensions></trkpt><trkpt lat="35.94306254" lon="120.2089743"><ele>-41.34000015258789</ele><time>2022-05-22T22:06:41Z</time><extensions><gpxtpx:TrackPointExtension><gpxtpx:hr>130</gpxtpx:hr><gpxtpx:cad>90</gpxtpx:cad></gpxtpx:TrackPointExtension></extensions></trkpt><trkpt lat="35.9430852" lon="120.20897197"><ele>-41.34000015258789</ele><time>2022-05-22T22:06:42Z</time><extensions><gpxtpx:TrackPointExtension><gpxtpx:hr>130</gpxtpx:hr><gpxtpx:cad>89</gpxtpx:cad></gpxtpx:TrackPointExtension></extensions></trkpt><trkpt lat="35.94310819" lon="120.20896897"><ele>-41.36000061035156</ele><time>2022-05-22T22:06:43Z</time><extensions><gpxtpx:TrackPointExtension><gpxtpx:hr>130</gpxtpx:hr><gpxtpx:cad>89</gpxtpx:cad></gpxtpx:TrackPointExtension></extensions></trkpt><trkpt lat="35.94313085" lon="120.20896397"><ele>-41.34000015258789</ele><time>2022-05-22T22:06:44Z</time><extensions><gpxtpx:TrackPointExtension><gpxtpx:hr>130</gpxtpx:hr><gpxtpx:cad>90</gpxtpx:cad></gpxtpx:TrackPointExtension></extensions></trkpt><trkpt lat="35.94315285" lon="120.20896031"><ele>-41.36000061035156</ele><time>2022-05-22T22:06:45Z</time><extensions><gpxtpx:TrackPointExtension><gpxtpx:hr>130</gpxtpx:hr><gpxtpx:cad>90</gpxtpx:cad></gpxtpx:TrackPointExtension></extensions></trkpt><trkpt lat="35.94317518" lon="120.20895665"><ele>-41.380001068115234</ele><time>2022-05-22T22:06:46Z</time><extensions><gpxtpx:TrackPointExtension><gpxtpx:hr>131</gpxtpx:hr><gpxtpx:cad>90</gpxtpx:cad></gpxtpx:TrackPointExtension></extensions></trkpt><trkpt lat="35.94319751" lon="120.20895299"><ele>-41.400001525878906</ele><time>2022-05-22T22:06:47Z</time><extensions><gpxtpx:TrackPointExtension><gpxtpx:hr>131</gpxtpx:hr><gpxtpx:cad>90</gpxtpx:cad></gpxtpx:TrackPointExtension></extensions></trkpt><trkpt lat="35.94321984" lon="120.20894966"><ele>-41.400001525878906</ele><time>2022-05-22T22:06:48Z</time><extensions><gpxtpx:TrackPointExtension><gpxtpx:hr>131</gpxtpx:hr><gpxtpx:cad>89</gpxtpx:cad></gpxtpx:TrackPointExtension></extensions></trkpt><trkpt lat="35.94324017" lon="120.20894733"><ele>-41.400001525878906</ele><time>2022-05-22T22:06:49Z</time><extensions><gpxtpx:TrackPointExtension><gpxtpx:hr>130</gpxtpx:hr><gpxtpx:cad>89</gpxtpx:cad></gpxtpx:TrackPointExtension></extensions></trkpt><trkpt lat="35.94325917" lon="120.208944"><ele>-41.400001525878906</ele><time>2022-05-22T22:06:50Z</time><extensions><gpxtpx:TrackPointExtension><gpxtpx:hr>130</gpxtpx:hr><gpxtpx:cad>89</gpxtpx:cad></gpxtpx:TrackPointExtension></extensions></trkpt><trkpt lat="35.94327683" lon="120.208939"><ele>-41.40999984741211</ele><time>2022-05-22T22:06:51Z</time><extensions><gpxtpx:TrackPointExtension><gpxtpx:hr>130</gpxtpx:hr><gpxtpx:cad>89</gpxtpx:cad></gpxtpx:TrackPointExtension></extensions></trkpt><trkpt lat="35.94329449" lon="120.208934"><ele>-41.40999984741211</ele><time>2022-05-22T22:06:52Z</time><extensions><gpxtpx:TrackPointExtension><gpxtpx:hr>130</gpxtpx:hr><gpxtpx:cad>89</gpxtpx:cad></gpxtpx:TrackPointExtension></extensions></trkpt><trkpt lat="35.94331148" lon="120.20892867"><ele>-41.40999984741211</ele><time>2022-05-22T22:06:53Z</time><extensions><gpxtpx:TrackPointExtension><gpxtpx:hr>130</gpxtpx:hr><gpxtpx:cad>89</gpxtpx:cad></gpxtpx:TrackPointExtension></extensions></trkpt><trkpt lat="35.94332747" lon="120.20892134"><ele>-41.40999984741211</ele><time>2022-05-22T22:06:54Z</time><extensions><gpxtpx:TrackPointExtension><gpxtpx:hr>129</gpxtpx:hr><gpxtpx:cad>89</gpxtpx:cad></gpxtpx:TrackPointExtension></extensions></trkpt><trkpt lat="35.94334413" lon="120.20891301"><ele>-41.40999984741211</ele><time>2022-05-22T22:06:55Z</time><extensions><gpxtpx:TrackPointExtension><gpxtpx:hr>128</gpxtpx:hr><gpxtpx:cad>89</gpxtpx:cad></gpxtpx:TrackPointExtension></extensions></trkpt><trkpt lat="35.94336146" lon="120.20890402"><ele>-41.40999984741211</ele><time>2022-05-22T22:06:56Z</time><extensions><gpxtpx:TrackPointExtension><gpxtpx:hr>128</gpxtpx:hr><gpxtpx:cad>89</gpxtpx:cad></gpxtpx:TrackPointExtension></extensions></trkpt><trkpt lat="35.94337845" lon="120.20889602"><ele>-41.40999984741211</ele><time>2022-05-22T22:06:57Z</time><extensions><gpxtpx:TrackPointExtension><gpxtpx:hr>128</gpxtpx:hr><gpxtpx:cad>89</gpxtpx:cad></gpxtpx:TrackPointExtension></extensions></trkpt><trkpt lat="35.94339478" lon="120.20888769"><ele>-41.40999984741211</ele><time>2022-05-22T22:06:58Z</time><extensions><gpxtpx:TrackPointExtension><gpxtpx:hr>129</gpxtpx:hr><gpxtpx:cad>89</gpxtpx:cad></gpxtpx:TrackPointExtension></extensions></trkpt><trkpt lat="35.94341044" lon="120.20887769"><ele>-41.40999984741211</ele><time>2022-05-22T22:06:59Z</time><extensions><gpxtpx:TrackPointExtension><gpxtpx:hr>129</gpxtpx:hr><gpxtpx:cad>89</gpxtpx:cad></gpxtpx:TrackPointExtension></extensions></trkpt><trkpt lat="35.9434251" lon="120.20886769"><ele>-41.40999984741211</ele><time>2022-05-22T22:07:00Z</time><extensions><gpxtpx:TrackPointExtension><gpxtpx:hr>129</gpxtpx:hr><gpxtpx:cad>89</gpxtpx:cad></gpxtpx:TrackPointExtension></extensions></trkpt><trkpt lat="35.94344043" lon="120.20885803"><ele>-41.40999984741211</ele><time>2022-05-22T22:07:01Z</time><extensions><gpxtpx:TrackPointExtension><gpxtpx:hr>130</gpxtpx:hr><gpxtpx:cad>89</gpxtpx:cad></gpxtpx:TrackPointExtension></extensions></trkpt><trkpt lat="35.94345676" lon="120.2088467"><ele>-41.36000061035156</ele><time>2022-05-22T22:07:02Z</time><extensions><gpxtpx:TrackPointExtension><gpxtpx:hr>130</gpxtpx:hr><gpxtpx:cad>89</gpxtpx:cad></gpxtpx:TrackPointExtension></extensions></trkpt><trkpt lat="35.94347476" lon="120.20883737"><ele>-41.310001373291016</ele><time>2022-05-22T22:07:03Z</time><extensions><gpxtpx:TrackPointExtension><gpxtpx:hr>130</gpxtpx:hr><gpxtpx:cad>89</gpxtpx:cad></gpxtpx:TrackPointExtension></extensions></trkpt><trkpt lat="35.94349475" lon="120.20882871"><ele>-41.290000915527344</ele><time>2022-05-22T22:07:04Z</time><extensions><gpxtpx:TrackPointExtension><gpxtpx:hr>131</gpxtpx:hr><gpxtpx:cad>88</gpxtpx:cad></gpxtpx:TrackPointExtension></extensions></trkpt><trkpt lat="35.94351441" lon="120.20882005"><ele>-41.2400016784668</ele><time>2022-05-22T22:07:05Z</time><extensions><gpxtpx:TrackPointExtension><gpxtpx:hr>131</gpxtpx:hr><gpxtpx:cad>89</gpxtpx:cad></gpxtpx:TrackPointExtension></extensions></trkpt><trkpt lat="35.94353507" lon="120.20881205"><ele>-41.25</ele><time>2022-05-22T22:07:06Z</time><extensions><gpxtpx:TrackPointExtension><gpxtpx:hr>131</gpxtpx:hr><gpxtpx:cad>90</gpxtpx:cad></gpxtpx:TrackPointExtension></extensions></trkpt><trkpt lat="35.9435554" lon="120.20880339"><ele>-41.220001220703125</ele><time>2022-05-22T22:07:07Z</time><extensions><gpxtpx:TrackPointExtension><gpxtpx:hr>131</gpxtpx:hr><gpxtpx:cad>90</gpxtpx:cad></gpxtpx:TrackPointExtension></extensions></trkpt><trkpt lat="35.94357606" lon="120.20879673"><ele>-41.25</ele><time>2022-05-22T22:07:08Z</time><extensions><gpxtpx:TrackPointExtension><gpxtpx:hr>131</gpxtpx:hr><gpxtpx:cad>90</gpxtpx:cad></gpxtpx:TrackPointExtension></extensions></trkpt><trkpt lat="35.94359772" lon="120.2087904"><ele>-41.25</ele><time>2022-05-22T22:07:09Z</time><extensions><gpxtpx:TrackPointExtension><gpxtpx:hr>131</gpxtpx:hr><gpxtpx:cad>90</gpxtpx:cad></gpxtpx:TrackPointExtension></extensions></trkpt><trkpt lat="35.94361905" lon="120.20878441"><ele>-41.27000045776367</ele><time>2022-05-22T22:07:10Z</time><extensions><gpxtpx:TrackPointExtension><gpxtpx:hr>132</gpxtpx:hr><gpxtpx:cad>90</gpxtpx:cad></gpxtpx:TrackPointExtension></extensions></trkpt><trkpt lat="35.94364138" lon="120.20877908"><ele>-41.290000915527344</ele><time>2022-05-22T22:07:11Z</time><extensions><gpxtpx:TrackPointExtension><gpxtpx:hr>132</gpxtpx:hr><gpxtpx:cad>90</gpxtpx:cad></gpxtpx:TrackPointExtension></extensions></trkpt><trkpt lat="35.94366338" lon="120.20877309"><ele>-41.310001373291016</ele><time>2022-05-22T22:07:12Z</time><extensions><gpxtpx:TrackPointExtension><gpxtpx:hr>132</gpxtpx:hr><gpxtpx:cad>90</gpxtpx:cad></gpxtpx:TrackPointExtension></extensions></trkpt><trkpt lat="35.94368571" lon="120.20876676"><ele>-41.33000183105469</ele><time>2022-05-22T22:07:13Z</time><extensions><gpxtpx:TrackPointExtension><gpxtpx:hr>132</gpxtpx:hr><gpxtpx:cad>90</gpxtpx:cad></gpxtpx:TrackPointExtension></extensions></trkpt><trkpt lat="35.94370737" lon="120.20876243"><ele>-41.380001068115234</ele><time>2022-05-22T22:07:14Z</time><extensions><gpxtpx:TrackPointExtension><gpxtpx:hr>132</gpxtpx:hr><gpxtpx:cad>90</gpxtpx:cad></gpxtpx:TrackPointExtension></extensions></trkpt><trkpt lat="35.9437297" lon="120.2087621"><ele>-41.380001068115234</ele><time>2022-05-22T22:07:15Z</time><extensions><gpxtpx:TrackPointExtension><gpxtpx:hr>131</gpxtpx:hr><gpxtpx:cad>90</gpxtpx:cad></gpxtpx:TrackPointExtension></extensions></trkpt><trkpt lat="35.94375103" lon="120.20876343"><ele>-41.43000030517578</ele><time>2022-05-22T22:07:16Z</time><extensions><gpxtpx:TrackPointExtension><gpxtpx:hr>131</gpxtpx:hr><gpxtpx:cad>90</gpxtpx:cad></gpxtpx:TrackPointExtension></extensions></trkpt><trkpt lat="35.94377202" lon="120.20876676"><ele>-41.45000076293945</ele><time>2022-05-22T22:07:17Z</time><extensions><gpxtpx:TrackPointExtension><gpxtpx:hr>132</gpxtpx:hr><gpxtpx:cad>90</gpxtpx:cad></gpxtpx:TrackPointExtension></extensions></trkpt><trkpt lat="35.94379302" lon="120.20877342"><ele>-41.470001220703125</ele><time>2022-05-22T22:07:18Z</time><extensions><gpxtpx:TrackPointExtension><gpxtpx:hr>133</gpxtpx:hr><gpxtpx:cad>90</gpxtpx:cad></gpxtpx:TrackPointExtension></extensions></trkpt><trkpt lat="35.94381401" lon="120.20878208"><ele>-41.470001220703125</ele><time>2022-05-22T22:07:19Z</time><extensions><gpxtpx:TrackPointExtension><gpxtpx:hr>133</gpxtpx:hr><gpxtpx:cad>89</gpxtpx:cad></gpxtpx:TrackPointExtension></extensions></trkpt><trkpt lat="35.94383634" lon="120.20879108"><ele>-41.470001220703125</ele><time>2022-05-22T22:07:20Z</time><extensions><gpxtpx:TrackPointExtension><gpxtpx:hr>132</gpxtpx:hr><gpxtpx:cad>89</gpxtpx:cad></gpxtpx:TrackPointExtension></extensions></trkpt><trkpt lat="35.94385933" lon="120.20880007"><ele>-41.5</ele><time>2022-05-22T22:07:21Z</time><extensions><gpxtpx:TrackPointExtension><gpxtpx:hr>132</gpxtpx:hr><gpxtpx:cad>89</gpxtpx:cad></gpxtpx:TrackPointExtension></extensions></trkpt><trkpt lat="35.94388299" lon="120.20880907"><ele>-41.5</ele><time>2022-05-22T22:07:22Z</time><extensions><gpxtpx:TrackPointExtension><gpxtpx:hr>130</gpxtpx:hr><gpxtpx:cad>90</gpxtpx:cad></gpxtpx:TrackPointExtension></extensions></trkpt><trkpt lat="35.94390598" lon="120.2088174"><ele>-41.52000045776367</ele><time>2022-05-22T22:07:23Z</time><extensions><gpxtpx:TrackPointExtension><gpxtpx:hr>129</gpxtpx:hr><gpxtpx:cad>90</gpxtpx:cad></gpxtpx:TrackPointExtension></extensions></trkpt><trkpt lat="35.94393098" lon="120.2088254"><ele>-41.52000045776367</ele><time>2022-05-22T22:07:24Z</time><extensions><gpxtpx:TrackPointExtension><gpxtpx:hr>129</gpxtpx:hr><gpxtpx:cad>90</gpxtpx:cad></gpxtpx:TrackPointExtension></extensions></trkpt><trkpt lat="35.94395631" lon="120.20883373"><ele>-41.540000915527344</ele><time>2022-05-22T22:07:25Z</time><extensions><gpxtpx:TrackPointExtension><gpxtpx:hr>129</gpxtpx:hr><gpxtpx:cad>90</gpxtpx:cad></gpxtpx:TrackPointExtension></extensions></trkpt><trkpt lat="35.94398097" lon="120.20884206"><ele>-41.560001373291016</ele><time>2022-05-22T22:07:26Z</time><extensions><gpxtpx:TrackPointExtension><gpxtpx:hr>129</gpxtpx:hr><gpxtpx:cad>90</gpxtpx:cad></gpxtpx:TrackPointExtension></extensions></trkpt><trkpt lat="35.94400596" lon="120.20884939"><ele>-41.59000015258789</ele><time>2022-05-22T22:07:27Z</time><extensions><gpxtpx:TrackPointExtension><gpxtpx:hr>129</gpxtpx:hr><gpxtpx:cad>90</gpxtpx:cad></gpxtpx:TrackPointExtension></extensions></trkpt><trkpt lat="35.94403029" lon="120.20885638"><ele>-41.59000015258789</ele><time>2022-05-22T22:07:28Z</time><extensions><gpxtpx:TrackPointExtension><gpxtpx:hr>128</gpxtpx:hr><gpxtpx:cad>89</gpxtpx:cad></gpxtpx:TrackPointExtension></extensions></trkpt><trkpt lat="35.94405295" lon="120.20886404"><ele>-41.61000061035156</ele><time>2022-05-22T22:07:29Z</time><extensions><gpxtpx:TrackPointExtension><gpxtpx:hr>128</gpxtpx:hr><gpxtpx:cad>89</gpxtpx:cad></gpxtpx:TrackPointExtension></extensions></trkpt><trkpt lat="35.94407594" lon="120.20887203"><ele>-41.59000015258789</ele><time>2022-05-22T22:07:30Z</time><extensions><gpxtpx:TrackPointExtension><gpxtpx:hr>129</gpxtpx:hr><gpxtpx:cad>89</gpxtpx:cad></gpxtpx:TrackPointExtension></extensions></trkpt><trkpt lat="35.94409827" lon="120.20887936"><ele>-41.58000183105469</ele><time>2022-05-22T22:07:31Z</time><extensions><gpxtpx:TrackPointExtension><gpxtpx:hr>129</gpxtpx:hr><gpxtpx:cad>89</gpxtpx:cad></gpxtpx:TrackPointExtension></extensions></trkpt><trkpt lat="35.94412126" lon="120.20888569"><ele>-41.560001373291016</ele><time>2022-05-22T22:07:32Z</time><extensions><gpxtpx:TrackPointExtension><gpxtpx:hr>128</gpxtpx:hr><gpxtpx:cad>89</gpxtpx:cad></gpxtpx:TrackPointExtension></extensions></trkpt><trkpt lat="35.94414426" lon="120.20889335"><ele>-41.59000015258789</ele><time>2022-05-22T22:07:33Z</time><extensions><gpxtpx:TrackPointExtension><gpxtpx:hr>128</gpxtpx:hr><gpxtpx:cad>89</gpxtpx:cad></gpxtpx:TrackPointExtension></extensions></trkpt><trkpt lat="35.94416759" lon="120.20890068"><ele>-41.59000015258789</ele><time>2022-05-22T22:07:34Z</time><extensions><gpxtpx:TrackPointExtension><gpxtpx:hr>127</gpxtpx:hr><gpxtpx:cad>89</gpxtpx:cad></gpxtpx:TrackPointExtension></extensions></trkpt><trkpt lat="35.94419125" lon="120.20890667"><ele>-41.61000061035156</ele><time>2022-05-22T22:07:35Z</time><extensions><gpxtpx:TrackPointExtension><gpxtpx:hr>127</gpxtpx:hr><gpxtpx:cad>89</gpxtpx:cad></gpxtpx:TrackPointExtension></extensions></trkpt><trkpt lat="35.94421591" lon="120.208912"><ele>-41.630001068115234</ele><time>2022-05-22T22:07:36Z</time><extensions><gpxtpx:TrackPointExtension><gpxtpx:hr>128</gpxtpx:hr><gpxtpx:cad>90</gpxtpx:cad></gpxtpx:TrackPointExtension></extensions></trkpt><trkpt lat="35.94424024" lon="120.208917"><ele>-41.65999984741211</ele><time>2022-05-22T22:07:37Z</time><extensions><gpxtpx:TrackPointExtension><gpxtpx:hr>128</gpxtpx:hr><gpxtpx:cad>90</gpxtpx:cad></gpxtpx:TrackPointExtension></extensions></trkpt><trkpt lat="35.94426457" lon="120.20892033"><ele>-41.65999984741211</ele><time>2022-05-22T22:07:38Z</time><extensions><gpxtpx:TrackPointExtension><gpxtpx:hr>128</gpxtpx:hr><gpxtpx:cad>89</gpxtpx:cad></gpxtpx:TrackPointExtension></extensions></trkpt><trkpt lat="35.94428923" lon="120.20892399"><ele>-41.68000030517578</ele><time>2022-05-22T22:07:39Z</time><extensions><gpxtpx:TrackPointExtension><gpxtpx:hr>128</gpxtpx:hr><gpxtpx:cad>89</gpxtpx:cad></gpxtpx:TrackPointExtension></extensions></trkpt><trkpt lat="35.94431456" lon="120.20892599"><ele>-41.68000030517578</ele><time>2022-05-22T22:07:40Z</time><extensions><gpxtpx:TrackPointExtension><gpxtpx:hr>128</gpxtpx:hr><gpxtpx:cad>89</gpxtpx:cad></gpxtpx:TrackPointExtension></extensions></trkpt><trkpt lat="35.94433989" lon="120.20892765"><ele>-41.630001068115234</ele><time>2022-05-22T22:07:41Z</time><extensions><gpxtpx:TrackPointExtension><gpxtpx:hr>128</gpxtpx:hr><gpxtpx:cad>90</gpxtpx:cad></gpxtpx:TrackPointExtension></extensions></trkpt><trkpt lat="35.94436522" lon="120.20892765"><ele>-41.560001373291016</ele><time>2022-05-22T22:07:42Z</time><extensions><gpxtpx:TrackPointExtension><gpxtpx:hr>128</gpxtpx:hr><gpxtpx:cad>90</gpxtpx:cad></gpxtpx:TrackPointExtension></extensions></trkpt><trkpt lat="35.94438955" lon="120.20892699"><ele>-41.5</ele><time>2022-05-22T22:07:43Z</time><extensions><gpxtpx:TrackPointExtension><gpxtpx:hr>128</gpxtpx:hr><gpxtpx:cad>90</gpxtpx:cad></gpxtpx:TrackPointExtension></extensions></trkpt><trkpt lat="35.94441421" lon="120.20892466"><ele>-41.43000030517578</ele><time>2022-05-22T22:07:44Z</time><extensions><gpxtpx:TrackPointExtension><gpxtpx:hr>128</gpxtpx:hr><gpxtpx:cad>90</gpxtpx:cad></gpxtpx:TrackPointExtension></extensions></trkpt><trkpt lat="35.94443887" lon="120.208922"><ele>-41.400001525878906</ele><time>2022-05-22T22:07:45Z</time><extensions><gpxtpx:TrackPointExtension><gpxtpx:hr>129</gpxtpx:hr><gpxtpx:cad>90</gpxtpx:cad></gpxtpx:TrackPointExtension></extensions></trkpt><trkpt lat="35.9444622" lon="120.20891834"><ele>-41.36000061035156</ele><time>2022-05-22T22:07:46Z</time><extensions><gpxtpx:TrackPointExtension><gpxtpx:hr>130</gpxtpx:hr><gpxtpx:cad>90</gpxtpx:cad></gpxtpx:TrackPointExtension></extensions></trkpt><trkpt lat="35.94448353" lon="120.20891435"><ele>-41.34000015258789</ele><time>2022-05-22T22:07:47Z</time><extensions><gpxtpx:TrackPointExtension><gpxtpx:hr>131</gpxtpx:hr><gpxtpx:cad>90</gpxtpx:cad></gpxtpx:TrackPointExtension></extensions></trkpt><trkpt lat="35.94450186" lon="120.20890969"><ele>-41.33000183105469</ele><time>2022-05-22T22:07:48Z</time><extensions><gpxtpx:TrackPointExtension><gpxtpx:hr>131</gpxtpx:hr><gpxtpx:cad>90</gpxtpx:cad></gpxtpx:TrackPointExtension></extensions></trkpt><trkpt lat="35.94451719" lon="120.20890703"><ele>-41.36000061035156</ele><time>2022-05-22T22:07:49Z</time><extensions><gpxtpx:TrackPointExtension><gpxtpx:hr>131</gpxtpx:hr><gpxtpx:cad>90</gpxtpx:cad></gpxtpx:TrackPointExtension></extensions></trkpt><trkpt lat="35.94453119" lon="120.20890504"><ele>-41.400001525878906</ele><time>2022-05-22T22:07:50Z</time><extensions><gpxtpx:TrackPointExtension><gpxtpx:hr>131</gpxtpx:hr><gpxtpx:cad>90</gpxtpx:cad></gpxtpx:TrackPointExtension></extensions></trkpt><trkpt lat="35.94454452" lon="120.20890138"><ele>-41.400001525878906</ele><time>2022-05-22T22:07:51Z</time><extensions><gpxtpx:TrackPointExtension><gpxtpx:hr>130</gpxtpx:hr><gpxtpx:cad>90</gpxtpx:cad></gpxtpx:TrackPointExtension></extensions></trkpt><trkpt lat="35.94455785" lon="120.20889739"><ele>-41.400001525878906</ele><time>2022-05-22T22:07:52Z</time><extensions><gpxtpx:TrackPointExtension><gpxtpx:hr>131</gpxtpx:hr></gpxtpx:TrackPointExtension></extensions></trkpt><trkpt lat="35.94457151" lon="120.20889473"><ele>-41.470001220703125</ele><time>2022-05-22T22:07:53Z</time><extensions><gpxtpx:TrackPointExtension><gpxtpx:hr>130</gpxtpx:hr><gpxtpx:cad>90</gpxtpx:cad></gpxtpx:TrackPointExtension></extensions></trkpt><trkpt lat="35.94458517" lon="120.2088934"><ele>-41.4900016784668</ele><time>2022-05-22T22:07:54Z</time><extensions><gpxtpx:TrackPointExtension><gpxtpx:hr>129</gpxtpx:hr><gpxtpx:cad>90</gpxtpx:cad></gpxtpx:TrackPointExtension></extensions></trkpt><trkpt lat="35.9445995" lon="120.20889274"><ele>-41.52000045776367</ele><time>2022-05-22T22:07:55Z</time><extensions><gpxtpx:TrackPointExtension><gpxtpx:hr>130</gpxtpx:hr></gpxtpx:TrackPointExtension></extensions></trkpt><trkpt lat="35.9446125" lon="120.20889141"><ele>-41.560001373291016</ele><time>2022-05-22T22:07:56Z</time><extensions><gpxtpx:TrackPointExtension><gpxtpx:hr>130</gpxtpx:hr><gpxtpx:cad>90</gpxtpx:cad></gpxtpx:TrackPointExtension></extensions></trkpt><trkpt lat="35.94462583" lon="120.20889075"><ele>-41.59000015258789</ele><time>2022-05-22T22:07:57Z</time><extensions><gpxtpx:TrackPointExtension><gpxtpx:hr>130</gpxtpx:hr><gpxtpx:cad>90</gpxtpx:cad></gpxtpx:TrackPointExtension></extensions></trkpt><trkpt lat="35.94463916" lon="120.20889141"><ele>-41.630001068115234</ele><time>2022-05-22T22:07:59Z</time><extensions><gpxtpx:TrackPointExtension><gpxtpx:hr>130</gpxtpx:hr><gpxtpx:cad>90</gpxtpx:cad></gpxtpx:TrackPointExtension></extensions></trkpt><trkpt lat="35.94465249" lon="120.20889174"><ele>-41.630001068115234</ele><time>2022-05-22T22:07:59Z</time><extensions><gpxtpx:TrackPointExtension><gpxtpx:hr>130</gpxtpx:hr></gpxtpx:TrackPointExtension></extensions></trkpt><trkpt lat="35.94466682" lon="120.20889141"><ele>-41.65999984741211</ele><time>2022-05-22T22:08:00Z</time><extensions><gpxtpx:TrackPointExtension><gpxtpx:hr>130</gpxtpx:hr><gpxtpx:cad>90</gpxtpx:cad></gpxtpx:TrackPointExtension></extensions></trkpt><trkpt lat="35.94468248" lon="120.20888975"><ele>-41.65999984741211</ele><time>2022-05-22T22:08:01Z</time><extensions><gpxtpx:TrackPointExtension><gpxtpx:hr>130</gpxtpx:hr><gpxtpx:cad>90</gpxtpx:cad></gpxtpx:TrackPointExtension></extensions></trkpt><trkpt lat="35.94469914" lon="120.20888676"><ele>-41.720001220703125</ele><time>2022-05-22T22:08:02Z</time><extensions><gpxtpx:TrackPointExtension><gpxtpx:hr>130</gpxtpx:hr><gpxtpx:cad>90</gpxtpx:cad></gpxtpx:TrackPointExtension></extensions></trkpt><trkpt lat="35.9447168" lon="120.20888176"><ele>-41.720001220703125</ele><time>2022-05-22T22:08:05Z</time><extensions><gpxtpx:TrackPointExtension><gpxtpx:hr>130</gpxtpx:hr><gpxtpx:cad>90</gpxtpx:cad></gpxtpx:TrackPointExtension></extensions></trkpt><trkpt lat="35.9447358" lon="120.20887543"><ele>-41.720001220703125</ele><time>2022-05-22T22:08:05Z</time><extensions><gpxtpx:TrackPointExtension><gpxtpx:hr>130</gpxtpx:hr><gpxtpx:cad>90</gpxtpx:cad></gpxtpx:TrackPointExtension></extensions></trkpt><trkpt lat="35.94475579" lon="120.20886577"><ele>-41.720001220703125</ele><time>2022-05-22T22:08:05Z</time><extensions><gpxtpx:TrackPointExtension><gpxtpx:hr>130</gpxtpx:hr></gpxtpx:TrackPointExtension></extensions></trkpt><trkpt lat="35.94477612" lon="120.20885711"><ele>-41.720001220703125</ele><time>2022-05-22T22:08:06Z</time><extensions><gpxtpx:TrackPointExtension><gpxtpx:hr>129</gpxtpx:hr><gpxtpx:cad>90</gpxtpx:cad></gpxtpx:TrackPointExtension></extensions></trkpt><trkpt lat="35.94479778" lon="120.20885078"><ele>-41.70000076293945</ele><time>2022-05-22T22:08:07Z</time><extensions><gpxtpx:TrackPointExtension><gpxtpx:hr>129</gpxtpx:hr><gpxtpx:cad>90</gpxtpx:cad></gpxtpx:TrackPointExtension></extensions></trkpt><trkpt lat="35.94481978" lon="120.20884379"><ele>-41.720001220703125</ele><time>2022-05-22T22:08:08Z</time><extensions><gpxtpx:TrackPointExtension><gpxtpx:hr>130</gpxtpx:hr><gpxtpx:cad>90</gpxtpx:cad></gpxtpx:TrackPointExtension></extensions></trkpt><trkpt lat="35.94484277" lon="120.20883846"><ele>-41.720001220703125</ele><time>2022-05-22T22:08:09Z</time><extensions><gpxtpx:TrackPointExtension><gpxtpx:hr>130</gpxtpx:hr><gpxtpx:cad>90</gpxtpx:cad></gpxtpx:TrackPointExtension></extensions></trkpt><trkpt lat="35.94486576" lon="120.20883313"><ele>-41.7400016784668</ele><time>2022-05-22T22:08:10Z</time><extensions><gpxtpx:TrackPointExtension><gpxtpx:hr>130</gpxtpx:hr><gpxtpx:cad>90</gpxtpx:cad></gpxtpx:TrackPointExtension></extensions></trkpt><trkpt lat="35.94488809" lon="120.20882914"><ele>-41.75</ele><time>2022-05-22T22:08:11Z</time><extensions><gpxtpx:TrackPointExtension><gpxtpx:hr>130</gpxtpx:hr><gpxtpx:cad>90</gpxtpx:cad></gpxtpx:TrackPointExtension></extensions></trkpt><trkpt lat="35.94490975" lon="120.20882414"><ele>-41.790000915527344</ele><time>2022-05-22T22:08:12Z</time><extensions><gpxtpx:TrackPointExtension><gpxtpx:hr>130</gpxtpx:hr><gpxtpx:cad>91</gpxtpx:cad></gpxtpx:TrackPointExtension></extensions></trkpt><trkpt lat="35.94493208" lon="120.20881881"><ele>-41.790000915527344</ele><time>2022-05-22T22:08:13Z</time><extensions><gpxtpx:TrackPointExtension><gpxtpx:hr>130</gpxtpx:hr><gpxtpx:cad>91</gpxtpx:cad></gpxtpx:TrackPointExtension></extensions></trkpt><trkpt lat="35.94495441" lon="120.20881415"><ele>-41.83000183105469</ele><time>2022-05-22T22:08:14Z</time><extensions><gpxtpx:TrackPointExtension><gpxtpx:hr>130</gpxtpx:hr><gpxtpx:cad>91</gpxtpx:cad></gpxtpx:TrackPointExtension></extensions></trkpt><trkpt lat="35.94497707" lon="120.20881149"><ele>-41.810001373291016</ele><time>2022-05-22T22:08:15Z</time><extensions><gpxtpx:TrackPointExtension><gpxtpx:hr>130</gpxtpx:hr><gpxtpx:cad>91</gpxtpx:cad></gpxtpx:TrackPointExtension></extensions></trkpt><trkpt lat="35.94500006" lon="120.2088095"><ele>-41.84000015258789</ele><time>2022-05-22T22:08:16Z</time><extensions><gpxtpx:TrackPointExtension><gpxtpx:hr>131</gpxtpx:hr><gpxtpx:cad>90</gpxtpx:cad></gpxtpx:TrackPointExtension></extensions></trkpt><trkpt lat="35.94502305" lon="120.20880684"><ele>-41.83000183105469</ele><time>2022-05-22T22:08:17Z</time><extensions><gpxtpx:TrackPointExtension><gpxtpx:hr>131</gpxtpx:hr><gpxtpx:cad>90</gpxtpx:cad></gpxtpx:TrackPointExtension></extensions></trkpt><trkpt lat="35.94504538" lon="120.20880384"><ele>-41.86000061035156</ele><time>2022-05-22T22:08:18Z</time><extensions><gpxtpx:TrackPointExtension><gpxtpx:hr>131</gpxtpx:hr><gpxtpx:cad>90</gpxtpx:cad></gpxtpx:TrackPointExtension></extensions></trkpt><trkpt lat="35.94506738" lon="120.20880018"><ele>-41.84000015258789</ele><time>2022-05-22T22:08:19Z</time><extensions><gpxtpx:TrackPointExtension><gpxtpx:hr>131</gpxtpx:hr><gpxtpx:cad>90</gpxtpx:cad></gpxtpx:TrackPointExtension></extensions></trkpt><trkpt lat="35.94509071" lon="120.20879819"><ele>-41.86000061035156</ele><time>2022-05-22T22:08:20Z</time><extensions><gpxtpx:TrackPointExtension><gpxtpx:hr>130</gpxtpx:hr><gpxtpx:cad>90</gpxtpx:cad></gpxtpx:TrackPointExtension></extensions></trkpt><trkpt lat="35.94511337" lon="120.20879686"><ele>-41.83000183105469</ele><time>2022-05-22T22:08:21Z</time><extensions><gpxtpx:TrackPointExtension><gpxtpx:hr>130</gpxtpx:hr><gpxtpx:cad>90</gpxtpx:cad></gpxtpx:TrackPointExtension></extensions></trkpt><trkpt lat="35.94513603" lon="120.2087962"><ele>-41.790000915527344</ele><time>2022-05-22T22:08:22Z</time><extensions><gpxtpx:TrackPointExtension><gpxtpx:hr>130</gpxtpx:hr><gpxtpx:cad>90</gpxtpx:cad></gpxtpx:TrackPointExtension></extensions></trkpt><trkpt lat="35.94515869" lon="120.20879387"><ele>-41.77000045776367</ele><time>2022-05-22T22:08:23Z</time><extensions><gpxtpx:TrackPointExtension><gpxtpx:hr>130</gpxtpx:hr><gpxtpx:cad>90</gpxtpx:cad></gpxtpx:TrackPointExtension></extensions></trkpt><trkpt lat="35.94518135" lon="120.20879088"><ele>-41.70000076293945</ele><time>2022-05-22T22:08:24Z</time><extensions><gpxtpx:TrackPointExtension><gpxtpx:hr>130</gpxtpx:hr><gpxtpx:cad>90</gpxtpx:cad></gpxtpx:TrackPointExtension></extensions></trkpt><trkpt lat="35.94520501" lon="120.20878855"><ele>-41.61000061035156</ele><time>2022-05-22T22:08:25Z</time><extensions><gpxtpx:TrackPointExtension><gpxtpx:hr>130</gpxtpx:hr><gpxtpx:cad>90</gpxtpx:cad></gpxtpx:TrackPointExtension></extensions></trkpt><trkpt lat="35.94522834" lon="120.20878722"><ele>-41.540000915527344</ele><time>2022-05-22T22:08:26Z</time><extensions><gpxtpx:TrackPointExtension><gpxtpx:hr>130</gpxtpx:hr><gpxtpx:cad>90</gpxtpx:cad></gpxtpx:TrackPointExtension></extensions></trkpt><trkpt lat="35.94525167" lon="120.20878523"><ele>-41.470001220703125</ele><time>2022-05-22T22:08:27Z</time><extensions><gpxtpx:TrackPointExtension><gpxtpx:hr>129</gpxtpx:hr><gpxtpx:cad>90</gpxtpx:cad></gpxtpx:TrackPointExtension></extensions></trkpt><trkpt lat="35.945275" lon="120.20878057"><ele>-41.45000076293945</ele><time>2022-05-22T22:08:28Z</time><extensions><gpxtpx:TrackPointExtension><gpxtpx:hr>128</gpxtpx:hr><gpxtpx:cad>91</gpxtpx:cad></gpxtpx:TrackPointExtension></extensions></trkpt><trkpt lat="35.945299" lon="120.20877524"><ele>-41.400001525878906</ele><time>2022-05-22T22:08:29Z</time><extensions><gpxtpx:TrackPointExtension><gpxtpx:hr>128</gpxtpx:hr><gpxtpx:cad>92</gpxtpx:cad></gpxtpx:TrackPointExtension></extensions></trkpt><trkpt lat="35.94532366" lon="120.20877091"><ele>-41.43000030517578</ele><time>2022-05-22T22:08:30Z</time><extensions><gpxtpx:TrackPointExtension><gpxtpx:hr>128</gpxtpx:hr><gpxtpx:cad>92</gpxtpx:cad></gpxtpx:TrackPointExtension></extensions></trkpt><trkpt lat="35.94534866" lon="120.20876925"><ele>-41.470001220703125</ele><time>2022-05-22T22:08:31Z</time><extensions><gpxtpx:TrackPointExtension><gpxtpx:hr>128</gpxtpx:hr><gpxtpx:cad>92</gpxtpx:cad></gpxtpx:TrackPointExtension></extensions></trkpt><trkpt lat="35.94537232" lon="120.20876991"><ele>-41.5</ele><time>2022-05-22T22:08:32Z</time><extensions><gpxtpx:TrackPointExtension><gpxtpx:hr>128</gpxtpx:hr><gpxtpx:cad>91</gpxtpx:cad></gpxtpx:TrackPointExtension></extensions></trkpt><trkpt lat="35.94539565" lon="120.20876958"><ele>-41.61000061035156</ele><time>2022-05-22T22:08:33Z</time><extensions><gpxtpx:TrackPointExtension><gpxtpx:hr>129</gpxtpx:hr><gpxtpx:cad>91</gpxtpx:cad></gpxtpx:TrackPointExtension></extensions></trkpt><trkpt lat="35.94541898" lon="120.20876958"><ele>-41.61000061035156</ele><time>2022-05-22T22:08:34Z</time><extensions><gpxtpx:TrackPointExtension><gpxtpx:hr>128</gpxtpx:hr><gpxtpx:cad>90</gpxtpx:cad></gpxtpx:TrackPointExtension></extensions></trkpt><trkpt lat="35.94544164" lon="120.20876859"><ele>-41.70000076293945</ele><time>2022-05-22T22:08:35Z</time><extensions><gpxtpx:TrackPointExtension><gpxtpx:hr>128</gpxtpx:hr><gpxtpx:cad>90</gpxtpx:cad></gpxtpx:TrackPointExtension></extensions></trkpt><trkpt lat="35.94546563" lon="120.2087676"><ele>-41.68000030517578</ele><time>2022-05-22T22:08:36Z</time><extensions><gpxtpx:TrackPointExtension><gpxtpx:hr>128</gpxtpx:hr><gpxtpx:cad>91</gpxtpx:cad></gpxtpx:TrackPointExtension></extensions></trkpt><trkpt lat="35.94549063" lon="120.2087666"><ele>-41.650001525878906</ele><time>2022-05-22T22:08:37Z</time><extensions><gpxtpx:TrackPointExtension><gpxtpx:hr>128</gpxtpx:hr><gpxtpx:cad>91</gpxtpx:cad></gpxtpx:TrackPointExtension></extensions></trkpt><trkpt lat="35.94551496" lon="120.20876527"><ele>-41.630001068115234</ele><time>2022-05-22T22:08:38Z</time><extensions><gpxtpx:TrackPointExtension><gpxtpx:hr>128</gpxtpx:hr><gpxtpx:cad>92</gpxtpx:cad></gpxtpx:TrackPointExtension></extensions></trkpt><trkpt lat="35.94553895" lon="120.20876394"><ele>-41.58000183105469</ele><time>2022-05-22T22:08:39Z</time><extensions><gpxtpx:TrackPointExtension><gpxtpx:hr>128</gpxtpx:hr><gpxtpx:cad>92</gpxtpx:cad></gpxtpx:TrackPointExtension></extensions></trkpt><trkpt lat="35.94556161" lon="120.20876195"><ele>-41.5</ele><time>2022-05-22T22:08:40Z</time><extensions><gpxtpx:TrackPointExtension><gpxtpx:hr>128</gpxtpx:hr><gpxtpx:cad>92</gpxtpx:cad></gpxtpx:TrackPointExtension></extensions></trkpt><trkpt lat="35.94558394" lon="120.20876029"><ele>-41.45000076293945</ele><time>2022-05-22T22:08:41Z</time><extensions><gpxtpx:TrackPointExtension><gpxtpx:hr>128</gpxtpx:hr><gpxtpx:cad>90</gpxtpx:cad></gpxtpx:TrackPointExtension></extensions></trkpt><trkpt lat="35.94560693" lon="120.20875896"><ele>-41.400001525878906</ele><time>2022-05-22T22:08:42Z</time><extensions><gpxtpx:TrackPointExtension><gpxtpx:hr>128</gpxtpx:hr><gpxtpx:cad>90</gpxtpx:cad></gpxtpx:TrackPointExtension></extensions></trkpt><trkpt lat="35.94562993" lon="120.20875797"><ele>-41.34000015258789</ele><time>2022-05-22T22:08:43Z</time><extensions><gpxtpx:TrackPointExtension><gpxtpx:hr>128</gpxtpx:hr><gpxtpx:cad>90</gpxtpx:cad></gpxtpx:TrackPointExtension></extensions></trkpt><trkpt lat="35.94565159" lon="120.20875664"><ele>-41.310001373291016</ele><time>2022-05-22T22:08:44Z</time><extensions><gpxtpx:TrackPointExtension><gpxtpx:hr>128</gpxtpx:hr><gpxtpx:cad>90</gpxtpx:cad></gpxtpx:TrackPointExtension></extensions></trkpt><trkpt lat="35.94567392" lon="120.20875531"><ele>-41.290000915527344</ele><time>2022-05-22T22:08:45Z</time><extensions><gpxtpx:TrackPointExtension><gpxtpx:hr>128</gpxtpx:hr><gpxtpx:cad>90</gpxtpx:cad></gpxtpx:TrackPointExtension></extensions></trkpt><trkpt lat="35.94569758" lon="120.20875232"><ele>-41.290000915527344</ele><time>2022-05-22T22:08:46Z</time><extensions><gpxtpx:TrackPointExtension><gpxtpx:hr>128</gpxtpx:hr><gpxtpx:cad>91</gpxtpx:cad></gpxtpx:TrackPointExtension></extensions></trkpt><trkpt lat="35.94572124" lon="120.20874932"><ele>-41.27000045776367</ele><time>2022-05-22T22:08:47Z</time><extensions><gpxtpx:TrackPointExtension><gpxtpx:hr>128</gpxtpx:hr><gpxtpx:cad>91</gpxtpx:cad></gpxtpx:TrackPointExtension></extensions></trkpt><trkpt lat="35.9457449" lon="120.20874566"><ele>-41.290000915527344</ele><time>2022-05-22T22:08:48Z</time><extensions><gpxtpx:TrackPointExtension><gpxtpx:hr>128</gpxtpx:hr><gpxtpx:cad>91</gpxtpx:cad></gpxtpx:TrackPointExtension></extensions></trkpt><trkpt lat="35.94576823" lon="120.20874066"><ele>-41.27000045776367</ele><time>2022-05-22T22:08:49Z</time><extensions><gpxtpx:TrackPointExtension><gpxtpx:hr>128</gpxtpx:hr><gpxtpx:cad>91</gpxtpx:cad></gpxtpx:TrackPointExtension></extensions></trkpt><trkpt lat="35.94579156" lon="120.20873533"><ele>-41.27000045776367</ele><time>2022-05-22T22:08:50Z</time><extensions><gpxtpx:TrackPointExtension><gpxtpx:hr>128</gpxtpx:hr><gpxtpx:cad>91</gpxtpx:cad></gpxtpx:TrackPointExtension></extensions></trkpt><trkpt lat="35.94581489" lon="120.20873"><ele>-41.27000045776367</ele><time>2022-05-22T22:08:51Z</time><extensions><gpxtpx:TrackPointExtension><gpxtpx:hr>128</gpxtpx:hr><gpxtpx:cad>91</gpxtpx:cad></gpxtpx:TrackPointExtension></extensions></trkpt><trkpt lat="35.94583822" lon="120.208725"><ele>-41.290000915527344</ele><time>2022-05-22T22:08:52Z</time><extensions><gpxtpx:TrackPointExtension><gpxtpx:hr>128</gpxtpx:hr><gpxtpx:cad>90</gpxtpx:cad></gpxtpx:TrackPointExtension></extensions></trkpt><trkpt lat="35.94586221" lon="120.20872034"><ele>-41.25</ele><time>2022-05-22T22:08:53Z</time><extensions><gpxtpx:TrackPointExtension><gpxtpx:hr>129</gpxtpx:hr><gpxtpx:cad>90</gpxtpx:cad></gpxtpx:TrackPointExtension></extensions></trkpt><trkpt lat="35.94588621" lon="120.20871534"><ele>-41.310001373291016</ele><time>2022-05-22T22:08:54Z</time><extensions><gpxtpx:TrackPointExtension><gpxtpx:hr>129</gpxtpx:hr><gpxtpx:cad>90</gpxtpx:cad></gpxtpx:TrackPointExtension></extensions></trkpt><trkpt lat="35.94591087" lon="120.20870968"><ele>-41.27000045776367</ele><time>2022-05-22T22:08:55Z</time><extensions><gpxtpx:TrackPointExtension><gpxtpx:hr>130</gpxtpx:hr><gpxtpx:cad>90</gpxtpx:cad></gpxtpx:TrackPointExtension></extensions></trkpt><trkpt lat="35.94593487" lon="120.20870468"><ele>-41.33000183105469</ele><time>2022-05-22T22:08:56Z</time><extensions><gpxtpx:TrackPointExtension><gpxtpx:hr>130</gpxtpx:hr><gpxtpx:cad>90</gpxtpx:cad></gpxtpx:TrackPointExtension></extensions></trkpt><trkpt lat="35.94595887" lon="120.20870069"><ele>-41.27000045776367</ele><time>2022-05-22T22:08:57Z</time><extensions><gpxtpx:TrackPointExtension><gpxtpx:hr>130</gpxtpx:hr><gpxtpx:cad>90</gpxtpx:cad></gpxtpx:TrackPointExtension></extensions></trkpt><trkpt lat="35.94598253" lon="120.20869669"><ele>-41.2400016784668</ele><time>2022-05-22T22:08:58Z</time><extensions><gpxtpx:TrackPointExtension><gpxtpx:hr>131</gpxtpx:hr><gpxtpx:cad>90</gpxtpx:cad></gpxtpx:TrackPointExtension></extensions></trkpt><trkpt lat="35.94600652" lon="120.20869136"><ele>-41.20000076293945</ele><time>2022-05-22T22:08:59Z</time><extensions><gpxtpx:TrackPointExtension><gpxtpx:hr>132</gpxtpx:hr><gpxtpx:cad>91</gpxtpx:cad></gpxtpx:TrackPointExtension></extensions></trkpt><trkpt lat="35.94603018" lon="120.20868636"><ele>-41.18000030517578</ele><time>2022-05-22T22:09:00Z</time><extensions><gpxtpx:TrackPointExtension><gpxtpx:hr>132</gpxtpx:hr><gpxtpx:cad>90</gpxtpx:cad></gpxtpx:TrackPointExtension></extensions></trkpt><trkpt lat="35.94605384" lon="120.20868236"><ele>-41.130001068115234</ele><time>2022-05-22T22:09:01Z</time><extensions><gpxtpx:TrackPointExtension><gpxtpx:hr>132</gpxtpx:hr><gpxtpx:cad>89</gpxtpx:cad></gpxtpx:TrackPointExtension></extensions></trkpt><trkpt lat="35.94607717" lon="120.20867937"><ele>-41.130001068115234</ele><time>2022-05-22T22:09:02Z</time><extensions><gpxtpx:TrackPointExtension><gpxtpx:hr>132</gpxtpx:hr><gpxtpx:cad>89</gpxtpx:cad></gpxtpx:TrackPointExtension></extensions></trkpt><trkpt lat="35.94610016" lon="120.20867704"><ele>-41.08000183105469</ele><time>2022-05-22T22:09:03Z</time><extensions><gpxtpx:TrackPointExtension><gpxtpx:hr>132</gpxtpx:hr><gpxtpx:cad>89</gpxtpx:cad></gpxtpx:TrackPointExtension></extensions></trkpt><trkpt lat="35.94612249" lon="120.20867704"><ele>-41.040000915527344</ele><time>2022-05-22T22:09:04Z</time><extensions><gpxtpx:TrackPointExtension><gpxtpx:hr>133</gpxtpx:hr><gpxtpx:cad>89</gpxtpx:cad></gpxtpx:TrackPointExtension></extensions></trkpt><trkpt lat="35.94614449" lon="120.20867804"><ele>-41.02000045776367</ele><time>2022-05-22T22:09:05Z</time><extensions><gpxtpx:TrackPointExtension><gpxtpx:hr>133</gpxtpx:hr><gpxtpx:cad>89</gpxtpx:cad></gpxtpx:TrackPointExtension></extensions></trkpt><trkpt lat="35.94616682" lon="120.2086797"><ele>-41.0</ele><time>2022-05-22T22:09:06Z</time><extensions><gpxtpx:TrackPointExtension><gpxtpx:hr>134</gpxtpx:hr><gpxtpx:cad>89</gpxtpx:cad></gpxtpx:TrackPointExtension></extensions></trkpt><trkpt lat="35.94619015" lon="120.20868003"><ele>-40.9900016784668</ele><time>2022-05-22T22:09:07Z</time><extensions><gpxtpx:TrackPointExtension><gpxtpx:hr>134</gpxtpx:hr><gpxtpx:cad>89</gpxtpx:cad></gpxtpx:TrackPointExtension></extensions></trkpt><trkpt lat="35.94621448" lon="120.20868136"><ele>-41.0</ele><time>2022-05-22T22:09:08Z</time><extensions><gpxtpx:TrackPointExtension><gpxtpx:hr>134</gpxtpx:hr><gpxtpx:cad>89</gpxtpx:cad></gpxtpx:TrackPointExtension></extensions></trkpt><trkpt lat="35.94624014" lon="120.20868202"><ele>-41.0</ele><time>2022-05-22T22:09:09Z</time><extensions><gpxtpx:TrackPointExtension><gpxtpx:hr>134</gpxtpx:hr><gpxtpx:cad>89</gpxtpx:cad></gpxtpx:TrackPointExtension></extensions></trkpt><trkpt lat="35.94626613" lon="120.20868268"><ele>-41.02000045776367</ele><time>2022-05-22T22:09:10Z</time><extensions><gpxtpx:TrackPointExtension><gpxtpx:hr>135</gpxtpx:hr><gpxtpx:cad>89</gpxtpx:cad></gpxtpx:TrackPointExtension></extensions></trkpt><trkpt lat="35.94629246" lon="120.20868202"><ele>-41.040000915527344</ele><time>2022-05-22T22:09:11Z</time><extensions><gpxtpx:TrackPointExtension><gpxtpx:hr>135</gpxtpx:hr><gpxtpx:cad>89</gpxtpx:cad></gpxtpx:TrackPointExtension></extensions></trkpt><trkpt lat="35.94631879" lon="120.20868169"><ele>-41.09000015258789</ele><time>2022-05-22T22:09:12Z</time><extensions><gpxtpx:TrackPointExtension><gpxtpx:hr>135</gpxtpx:hr><gpxtpx:cad>88</gpxtpx:cad></gpxtpx:TrackPointExtension></extensions></trkpt><trkpt lat="35.94634545" lon="120.20868003"><ele>-41.09000015258789</ele><time>2022-05-22T22:09:13Z</time><extensions><gpxtpx:TrackPointExtension><gpxtpx:hr>136</gpxtpx:hr><gpxtpx:cad>88</gpxtpx:cad></gpxtpx:TrackPointExtension></extensions></trkpt><trkpt lat="35.94637178" lon="120.20867703"><ele>-41.150001525878906</ele><time>2022-05-22T22:09:14Z</time><extensions><gpxtpx:TrackPointExtension><gpxtpx:hr>136</gpxtpx:hr><gpxtpx:cad>88</gpxtpx:cad></gpxtpx:TrackPointExtension></extensions></trkpt><trkpt lat="35.94639778" lon="120.20867337"><ele>-41.150001525878906</ele><time>2022-05-22T22:09:15Z</time><extensions><gpxtpx:TrackPointExtension><gpxtpx:hr>137</gpxtpx:hr><gpxtpx:cad>88</gpxtpx:cad></gpxtpx:TrackPointExtension></extensions></trkpt><trkpt lat="35.94642344" lon="120.20867004"><ele>-41.220001220703125</ele><time>2022-05-22T22:09:16Z</time><extensions><gpxtpx:TrackPointExtension><gpxtpx:hr>137</gpxtpx:hr><gpxtpx:cad>89</gpxtpx:cad></gpxtpx:TrackPointExtension></extensions></trkpt><trkpt lat="35.94644844" lon="120.20866705"><ele>-41.20000076293945</ele><time>2022-05-22T22:09:17Z</time><extensions><gpxtpx:TrackPointExtension><gpxtpx:hr>137</gpxtpx:hr><gpxtpx:cad>89</gpxtpx:cad></gpxtpx:TrackPointExtension></extensions></trkpt><trkpt lat="35.94647277" lon="120.20866405"><ele>-41.27000045776367</ele><time>2022-05-22T22:09:18Z</time><extensions><gpxtpx:TrackPointExtension><gpxtpx:hr>137</gpxtpx:hr><gpxtpx:cad>89</gpxtpx:cad></gpxtpx:TrackPointExtension></extensions></trkpt><trkpt lat="35.94649677" lon="120.20866139"><ele>-41.220001220703125</ele><time>2022-05-22T22:09:19Z</time><extensions><gpxtpx:TrackPointExtension><gpxtpx:hr>138</gpxtpx:hr><gpxtpx:cad>89</gpxtpx:cad></gpxtpx:TrackPointExtension></extensions></trkpt><trkpt lat="35.94652076" lon="120.20865739"><ele>-41.290000915527344</ele><time>2022-05-22T22:09:20Z</time><extensions><gpxtpx:TrackPointExtension><gpxtpx:hr>138</gpxtpx:hr><gpxtpx:cad>89</gpxtpx:cad></gpxtpx:TrackPointExtension></extensions></trkpt><trkpt lat="35.94654542" lon="120.20865439"><ele>-41.25</ele><time>2022-05-22T22:09:21Z</time><extensions><gpxtpx:TrackPointExtension><gpxtpx:hr>139</gpxtpx:hr><gpxtpx:cad>89</gpxtpx:cad></gpxtpx:TrackPointExtension></extensions></trkpt><trkpt lat="35.94657042" lon="120.2086504"><ele>-41.290000915527344</ele><time>2022-05-22T22:09:22Z</time><extensions><gpxtpx:TrackPointExtension><gpxtpx:hr>140</gpxtpx:hr><gpxtpx:cad>89</gpxtpx:cad></gpxtpx:TrackPointExtension></extensions></trkpt><trkpt lat="35.94659575" lon="120.2086464"><ele>-41.27000045776367</ele><time>2022-05-22T22:09:23Z</time><extensions><gpxtpx:TrackPointExtension><gpxtpx:hr>139</gpxtpx:hr><gpxtpx:cad>89</gpxtpx:cad></gpxtpx:TrackPointExtension></extensions></trkpt><trkpt lat="35.94662141" lon="120.20864207"><ele>-41.380001068115234</ele><time>2022-05-22T22:09:24Z</time><extensions><gpxtpx:TrackPointExtension><gpxtpx:hr>139</gpxtpx:hr><gpxtpx:cad>89</gpxtpx:cad></gpxtpx:TrackPointExtension></extensions></trkpt><trkpt lat="35.9466474" lon="120.20863774"><ele>-41.34000015258789</ele><time>2022-05-22T22:09:25Z</time><extensions><gpxtpx:TrackPointExtension><gpxtpx:hr>139</gpxtpx:hr><gpxtpx:cad>89</gpxtpx:cad></gpxtpx:TrackPointExtension></extensions></trkpt><trkpt lat="35.94667373" lon="120.20863575"><ele>-41.400001525878906</ele><time>2022-05-22T22:09:26Z</time><extensions><gpxtpx:TrackPointExtension><gpxtpx:hr>140</gpxtpx:hr><gpxtpx:cad>89</gpxtpx:cad></gpxtpx:TrackPointExtension></extensions></trkpt><trkpt lat="35.94669972" lon="120.20863409"><ele>-41.380001068115234</ele><time>2022-05-22T22:09:27Z</time><extensions><gpxtpx:TrackPointExtension><gpxtpx:hr>139</gpxtpx:hr><gpxtpx:cad>89</gpxtpx:cad></gpxtpx:TrackPointExtension></extensions></trkpt><trkpt lat="35.94672538" lon="120.2086331"><ele>-41.43000030517578</ele><time>2022-05-22T22:09:28Z</time><extensions><gpxtpx:TrackPointExtension><gpxtpx:hr>139</gpxtpx:hr><gpxtpx:cad>89</gpxtpx:cad></gpxtpx:TrackPointExtension></extensions></trkpt><trkpt lat="35.94675071" lon="120.20863277"><ele>-41.40999984741211</ele><time>2022-05-22T22:09:29Z</time><extensions><gpxtpx:TrackPointExtension><gpxtpx:hr>139</gpxtpx:hr><gpxtpx:cad>89</gpxtpx:cad></gpxtpx:TrackPointExtension></extensions></trkpt><trkpt lat="35.94677604" lon="120.20863111"><ele>-41.470001220703125</ele><time>2022-05-22T22:09:30Z</time><extensions><gpxtpx:TrackPointExtension><gpxtpx:hr>139</gpxtpx:hr><gpxtpx:cad>89</gpxtpx:cad></gpxtpx:TrackPointExtension></extensions></trkpt><trkpt lat="35.94680104" lon="120.20862912"><ele>-41.45000076293945</ele><time>2022-05-22T22:09:31Z</time><extensions><gpxtpx:TrackPointExtension><gpxtpx:hr>139</gpxtpx:hr><gpxtpx:cad>89</gpxtpx:cad></gpxtpx:TrackPointExtension></extensions></trkpt><trkpt lat="35.94682637" lon="120.20862813"><ele>-41.5</ele><time>2022-05-22T22:09:32Z</time><extensions><gpxtpx:TrackPointExtension><gpxtpx:hr>140</gpxtpx:hr><gpxtpx:cad>89</gpxtpx:cad></gpxtpx:TrackPointExtension></extensions></trkpt><trkpt lat="35.94685137" lon="120.2086268"><ele>-41.43000030517578</ele><time>2022-05-22T22:09:33Z</time><extensions><gpxtpx:TrackPointExtension><gpxtpx:hr>140</gpxtpx:hr><gpxtpx:cad>89</gpxtpx:cad></gpxtpx:TrackPointExtension></extensions></trkpt><trkpt lat="35.9468757" lon="120.20862779"><ele>-41.4900016784668</ele><time>2022-05-22T22:09:34Z</time><extensions><gpxtpx:TrackPointExtension><gpxtpx:hr>140</gpxtpx:hr><gpxtpx:cad>89</gpxtpx:cad></gpxtpx:TrackPointExtension></extensions></trkpt><trkpt lat="35.9469007" lon="120.20862779"><ele>-41.43000030517578</ele><time>2022-05-22T22:09:35Z</time><extensions><gpxtpx:TrackPointExtension><gpxtpx:hr>141</gpxtpx:hr><gpxtpx:cad>88</gpxtpx:cad></gpxtpx:TrackPointExtension></extensions></trkpt><trkpt lat="35.94692536" lon="120.20862779"><ele>-41.470001220703125</ele><time>2022-05-22T22:09:36Z</time><extensions><gpxtpx:TrackPointExtension><gpxtpx:hr>141</gpxtpx:hr><gpxtpx:cad>89</gpxtpx:cad></gpxtpx:TrackPointExtension></extensions></trkpt><trkpt lat="35.94694869" lon="120.20862413"><ele>-41.43000030517578</ele><time>2022-05-22T22:09:37Z</time><extensions><gpxtpx:TrackPointExtension><gpxtpx:hr>141</gpxtpx:hr><gpxtpx:cad>89</gpxtpx:cad></gpxtpx:TrackPointExtension></extensions></trkpt><trkpt lat="35.94697035" lon="120.20861313"><ele>-41.470001220703125</ele><time>2022-05-22T22:09:38Z</time><extensions><gpxtpx:TrackPointExtension><gpxtpx:hr>142</gpxtpx:hr><gpxtpx:cad>89</gpxtpx:cad></gpxtpx:TrackPointExtension></extensions></trkpt><trkpt lat="35.94698901" lon="120.2085978"><ele>-41.40999984741211</ele><time>2022-05-22T22:09:39Z</time><extensions><gpxtpx:TrackPointExtension><gpxtpx:hr>142</gpxtpx:hr><gpxtpx:cad>89</gpxtpx:cad></gpxtpx:TrackPointExtension></extensions></trkpt><trkpt lat="35.94700467" lon="120.20857481"><ele>-41.45000076293945</ele><time>2022-05-22T22:09:40Z</time><extensions><gpxtpx:TrackPointExtension><gpxtpx:hr>142</gpxtpx:hr><gpxtpx:cad>89</gpxtpx:cad></gpxtpx:TrackPointExtension></extensions></trkpt><trkpt lat="35.947016" lon="120.20854681"><ele>-41.43000030517578</ele><time>2022-05-22T22:09:41Z</time><extensions><gpxtpx:TrackPointExtension><gpxtpx:hr>143</gpxtpx:hr><gpxtpx:cad>89</gpxtpx:cad></gpxtpx:TrackPointExtension></extensions></trkpt><trkpt lat="35.947023" lon="120.20851482"><ele>-41.470001220703125</ele><time>2022-05-22T22:09:42Z</time><extensions><gpxtpx:TrackPointExtension><gpxtpx:cad>89</gpxtpx:cad></gpxtpx:TrackPointExtension></extensions></trkpt><trkpt lat="35.94702633" lon="120.20848249"><ele>-41.45000076293945</ele><time>2022-05-22T22:09:43Z</time><extensions><gpxtpx:TrackPointExtension><gpxtpx:hr>145</gpxtpx:hr><gpxtpx:cad>89</gpxtpx:cad></gpxtpx:TrackPointExtension></extensions></trkpt><trkpt lat="35.94702666" lon="120.20844916"><ele>-41.470001220703125</ele><time>2022-05-22T22:09:44Z</time><extensions><gpxtpx:TrackPointExtension><gpxtpx:hr>146</gpxtpx:hr><gpxtpx:cad>89</gpxtpx:cad></gpxtpx:TrackPointExtension></extensions></trkpt><trkpt lat="35.94702533" lon="120.2084155"><ele>-41.43000030517578</ele><time>2022-05-22T22:09:45Z</time><extensions><gpxtpx:TrackPointExtension><gpxtpx:hr>149</gpxtpx:hr><gpxtpx:cad>89</gpxtpx:cad></gpxtpx:TrackPointExtension></extensions></trkpt><trkpt lat="35.947023" lon="120.20838084"><ele>-41.45000076293945</ele><time>2022-05-22T22:09:46Z</time><extensions><gpxtpx:TrackPointExtension><gpxtpx:hr>150</gpxtpx:hr><gpxtpx:cad>90</gpxtpx:cad></gpxtpx:TrackPointExtension></extensions></trkpt><trkpt lat="35.94701967" lon="120.20834651"><ele>-41.45000076293945</ele><time>2022-05-22T22:09:47Z</time><extensions><gpxtpx:TrackPointExtension><gpxtpx:hr>150</gpxtpx:hr><gpxtpx:cad>89</gpxtpx:cad></gpxtpx:TrackPointExtension></extensions></trkpt><trkpt lat="35.94701634" lon="120.20831218"><ele>-41.40999984741211</ele><time>2022-05-22T22:09:48Z</time><extensions><gpxtpx:TrackPointExtension><gpxtpx:hr>151</gpxtpx:hr><gpxtpx:cad>89</gpxtpx:cad></gpxtpx:TrackPointExtension></extensions></trkpt><trkpt lat="35.94701301" lon="120.20827785"><ele>-41.40999984741211</ele><time>2022-05-22T22:09:49Z</time><extensions><gpxtpx:TrackPointExtension><gpxtpx:hr>151</gpxtpx:hr><gpxtpx:cad>89</gpxtpx:cad></gpxtpx:TrackPointExtension></extensions></trkpt><trkpt lat="35.94700902" lon="120.20824285"><ele>-41.400001525878906</ele><time>2022-05-22T22:09:50Z</time><extensions><gpxtpx:TrackPointExtension><gpxtpx:hr>151</gpxtpx:hr><gpxtpx:cad>89</gpxtpx:cad></gpxtpx:TrackPointExtension></extensions></trkpt><trkpt lat="35.94700536" lon="120.20820786"><ele>-41.36000061035156</ele><time>2022-05-22T22:09:51Z</time><extensions><gpxtpx:TrackPointExtension><gpxtpx:hr>152</gpxtpx:hr><gpxtpx:cad>89</gpxtpx:cad></gpxtpx:TrackPointExtension></extensions></trkpt><trkpt lat="35.94700137" lon="120.20817353"><ele>-41.400001525878906</ele><time>2022-05-22T22:09:52Z</time><extensions><gpxtpx:TrackPointExtension><gpxtpx:hr>153</gpxtpx:hr><gpxtpx:cad>89</gpxtpx:cad></gpxtpx:TrackPointExtension></extensions></trkpt><trkpt lat="35.94699738" lon="120.20813887"><ele>-41.400001525878906</ele><time>2022-05-22T22:09:53Z</time><extensions><gpxtpx:TrackPointExtension><gpxtpx:hr>153</gpxtpx:hr><gpxtpx:cad>89</gpxtpx:cad></gpxtpx:TrackPointExtension></extensions></trkpt><trkpt lat="35.94699439" lon="120.20810488"><ele>-41.43000030517578</ele><time>2022-05-22T22:09:54Z</time><extensions><gpxtpx:TrackPointExtension><gpxtpx:hr>153</gpxtpx:hr><gpxtpx:cad>89</gpxtpx:cad></gpxtpx:TrackPointExtension></extensions></trkpt><trkpt lat="35.94699273" lon="120.20807089"><ele>-41.40999984741211</ele><time>2022-05-22T22:09:55Z</time><extensions><gpxtpx:TrackPointExtension><gpxtpx:hr>153</gpxtpx:hr><gpxtpx:cad>89</gpxtpx:cad></gpxtpx:TrackPointExtension></extensions></trkpt><trkpt lat="35.9469914" lon="120.20803723"><ele>-41.400001525878906</ele><time>2022-05-22T22:09:56Z</time><extensions><gpxtpx:TrackPointExtension><gpxtpx:hr>153</gpxtpx:hr><gpxtpx:cad>90</gpxtpx:cad></gpxtpx:TrackPointExtension></extensions></trkpt><trkpt lat="35.94699041" lon="120.2080039"><ele>-41.34000015258789</ele><time>2022-05-22T22:09:57Z</time><extensions><gpxtpx:TrackPointExtension><gpxtpx:hr>154</gpxtpx:hr><gpxtpx:cad>90</gpxtpx:cad></gpxtpx:TrackPointExtension></extensions></trkpt><trkpt lat="35.94698942" lon="120.2079709"><ele>-41.25</ele><time>2022-05-22T22:09:58Z</time><extensions><gpxtpx:TrackPointExtension><gpxtpx:hr>154</gpxtpx:hr><gpxtpx:cad>90</gpxtpx:cad></gpxtpx:TrackPointExtension></extensions></trkpt><trkpt lat="35.94698909" lon="120.2079379"><ele>-41.18000030517578</ele><time>2022-05-22T22:09:59Z</time><extensions><gpxtpx:TrackPointExtension><gpxtpx:hr>153</gpxtpx:hr><gpxtpx:cad>90</gpxtpx:cad></gpxtpx:TrackPointExtension></extensions></trkpt><trkpt lat="35.94698909" lon="120.2079049"><ele>-41.130001068115234</ele><time>2022-05-22T22:10:00Z</time><extensions><gpxtpx:TrackPointExtension><gpxtpx:hr>153</gpxtpx:hr><gpxtpx:cad>90</gpxtpx:cad></gpxtpx:TrackPointExtension></extensions></trkpt><trkpt lat="35.94698809" lon="120.20787257"><ele>-41.130001068115234</ele><time>2022-05-22T22:10:01Z</time><extensions><gpxtpx:TrackPointExtension><gpxtpx:hr>153</gpxtpx:hr><gpxtpx:cad>90</gpxtpx:cad></gpxtpx:TrackPointExtension></extensions></trkpt><trkpt lat="35.9469871" lon="120.20783991"><ele>-41.0</ele><time>2022-05-22T22:10:02Z</time><extensions><gpxtpx:TrackPointExtension><gpxtpx:hr>153</gpxtpx:hr><gpxtpx:cad>90</gpxtpx:cad></gpxtpx:TrackPointExtension></extensions></trkpt><trkpt lat="35.94698544" lon="120.20780658"><ele>-40.970001220703125</ele><time>2022-05-22T22:10:03Z</time><extensions><gpxtpx:TrackPointExtension><gpxtpx:hr>152</gpxtpx:hr><gpxtpx:cad>89</gpxtpx:cad></gpxtpx:TrackPointExtension></extensions></trkpt><trkpt lat="35.94698445" lon="120.20777425"><ele>-40.93000030517578</ele><time>2022-05-22T22:10:04Z</time><extensions><gpxtpx:TrackPointExtension><gpxtpx:hr>152</gpxtpx:hr><gpxtpx:cad>89</gpxtpx:cad></gpxtpx:TrackPointExtension></extensions></trkpt><trkpt lat="35.94698312" lon="120.20774326"><ele>-40.90999984741211</ele><time>2022-05-22T22:10:05Z</time><extensions><gpxtpx:TrackPointExtension><gpxtpx:hr>152</gpxtpx:hr><gpxtpx:cad>89</gpxtpx:cad></gpxtpx:TrackPointExtension></extensions></trkpt><trkpt lat="35.94698179" lon="120.20771526"><ele>-40.90999984741211</ele><time>2022-05-22T22:10:06Z</time><extensions><gpxtpx:TrackPointExtension><gpxtpx:hr>152</gpxtpx:hr><gpxtpx:cad>89</gpxtpx:cad></gpxtpx:TrackPointExtension></extensions></trkpt><trkpt lat="35.94698113" lon="120.20768993"><ele>-40.90999984741211</ele><time>2022-05-22T22:10:07Z</time><extensions><gpxtpx:TrackPointExtension><gpxtpx:hr>154</gpxtpx:hr><gpxtpx:cad>89</gpxtpx:cad></gpxtpx:TrackPointExtension></extensions></trkpt><trkpt lat="35.94698013" lon="120.2076676"><ele>-40.9900016784668</ele><time>2022-05-22T22:10:08Z</time><extensions><gpxtpx:TrackPointExtension><gpxtpx:hr>155</gpxtpx:hr><gpxtpx:cad>89</gpxtpx:cad></gpxtpx:TrackPointExtension></extensions></trkpt><trkpt lat="35.9469788" lon="120.20764694"><ele>-41.040000915527344</ele><time>2022-05-22T22:10:09Z</time><extensions><gpxtpx:TrackPointExtension><gpxtpx:hr>156</gpxtpx:hr><gpxtpx:cad>89</gpxtpx:cad></gpxtpx:TrackPointExtension></extensions></trkpt><trkpt lat="35.94697747" lon="120.20762828"><ele>-41.11000061035156</ele><time>2022-05-22T22:10:10Z</time><extensions><gpxtpx:TrackPointExtension><gpxtpx:hr>156</gpxtpx:hr><gpxtpx:cad>89</gpxtpx:cad></gpxtpx:TrackPointExtension></extensions></trkpt><trkpt lat="35.94697648" lon="120.20761062"><ele>-41.18000030517578</ele><time>2022-05-22T22:10:11Z</time><extensions><gpxtpx:TrackPointExtension><gpxtpx:hr>156</gpxtpx:hr><gpxtpx:cad>89</gpxtpx:cad></gpxtpx:TrackPointExtension></extensions></trkpt><trkpt lat="35.94697515" lon="120.20759396"><ele>-41.220001220703125</ele><time>2022-05-22T22:10:12Z</time><extensions><gpxtpx:TrackPointExtension><gpxtpx:hr>157</gpxtpx:hr><gpxtpx:cad>89</gpxtpx:cad></gpxtpx:TrackPointExtension></extensions></trkpt><trkpt lat="35.94697449" lon="120.2075773"><ele>-41.2400016784668</ele><time>2022-05-22T22:10:13Z</time><extensions><gpxtpx:TrackPointExtension><gpxtpx:hr>157</gpxtpx:hr><gpxtpx:cad>89</gpxtpx:cad></gpxtpx:TrackPointExtension></extensions></trkpt><trkpt lat="35.94697416" lon="120.20755997"><ele>-41.25</ele><time>2022-05-22T22:10:14Z</time><extensions><gpxtpx:TrackPointExtension><gpxtpx:hr>156</gpxtpx:hr><gpxtpx:cad>89</gpxtpx:cad></gpxtpx:TrackPointExtension></extensions></trkpt><trkpt lat="35.94697317" lon="120.20754198"><ele>-41.27000045776367</ele><time>2022-05-22T22:10:15Z</time><extensions><gpxtpx:TrackPointExtension><gpxtpx:hr>156</gpxtpx:hr><gpxtpx:cad>89</gpxtpx:cad></gpxtpx:TrackPointExtension></extensions></trkpt><trkpt lat="35.94697218" lon="120.20752432"><ele>-41.27000045776367</ele><time>2022-05-22T22:10:16Z</time><extensions><gpxtpx:TrackPointExtension><gpxtpx:hr>155</gpxtpx:hr><gpxtpx:cad>89</gpxtpx:cad></gpxtpx:TrackPointExtension></extensions></trkpt><trkpt lat="35.94697018" lon="120.20750632"><ele>-41.27000045776367</ele><time>2022-05-22T22:10:17Z</time><extensions><gpxtpx:TrackPointExtension><gpxtpx:hr>155</gpxtpx:hr><gpxtpx:cad>41</gpxtpx:cad></gpxtpx:TrackPointExtension></extensions></trkpt><trkpt lat="35.94696818" lon="120.20748833"><ele>-41.290000915527344</ele><time>2022-05-22T22:10:18Z</time><extensions><gpxtpx:TrackPointExtension><gpxtpx:hr>155</gpxtpx:hr><gpxtpx:cad>41</gpxtpx:cad></gpxtpx:TrackPointExtension></extensions></trkpt><trkpt lat="35.94696585" lon="120.20747067"><ele>-41.27000045776367</ele><time>2022-05-22T22:10:19Z</time><extensions><gpxtpx:TrackPointExtension><gpxtpx:hr>155</gpxtpx:hr><gpxtpx:cad>41</gpxtpx:cad></gpxtpx:TrackPointExtension></extensions></trkpt><trkpt lat="35.94696352" lon="120.20745334"><ele>-41.27000045776367</ele><time>2022-05-22T22:10:20Z</time><extensions><gpxtpx:TrackPointExtension><gpxtpx:hr>154</gpxtpx:hr><gpxtpx:cad>41</gpxtpx:cad></gpxtpx:TrackPointExtension></extensions></trkpt><trkpt lat="35.94696086" lon="120.20743601"><ele>-41.27000045776367</ele><time>2022-05-22T22:10:21Z</time><extensions><gpxtpx:TrackPointExtension><gpxtpx:hr>153</gpxtpx:hr><gpxtpx:cad>41</gpxtpx:cad></gpxtpx:TrackPointExtension></extensions></trkpt><trkpt lat="35.94695853" lon="120.20741802"><ele>-41.27000045776367</ele><time>2022-05-22T22:10:22Z</time><extensions><gpxtpx:TrackPointExtension><gpxtpx:hr>153</gpxtpx:hr><gpxtpx:cad>41</gpxtpx:cad></gpxtpx:TrackPointExtension></extensions></trkpt><trkpt lat="35.94695653" lon="120.20739936"><ele>-41.27000045776367</ele><time>2022-05-22T22:10:23Z</time><extensions><gpxtpx:TrackPointExtension><gpxtpx:hr>153</gpxtpx:hr><gpxtpx:cad>41</gpxtpx:cad></gpxtpx:TrackPointExtension></extensions></trkpt><trkpt lat="35.94695487" lon="120.20738037"><ele>-41.27000045776367</ele><time>2022-05-22T22:10:24Z</time><extensions><gpxtpx:TrackPointExtension><gpxtpx:hr>153</gpxtpx:hr><gpxtpx:cad>41</gpxtpx:cad></gpxtpx:TrackPointExtension></extensions></trkpt><trkpt lat="35.94695421" lon="120.20736238"><ele>-41.27000045776367</ele><time>2022-05-22T22:10:25Z</time><extensions><gpxtpx:TrackPointExtension><gpxtpx:hr>153</gpxtpx:hr><gpxtpx:cad>45</gpxtpx:cad></gpxtpx:TrackPointExtension></extensions></trkpt><trkpt lat="35.94695487" lon="120.20734572"><ele>-41.25</ele><time>2022-05-22T22:10:26Z</time><extensions><gpxtpx:TrackPointExtension><gpxtpx:hr>154</gpxtpx:hr><gpxtpx:cad>45</gpxtpx:cad></gpxtpx:TrackPointExtension></extensions></trkpt><trkpt lat="35.94695421" lon="120.20732906"><ele>-41.25</ele><time>2022-05-22T22:10:27Z</time><extensions><gpxtpx:TrackPointExtension><gpxtpx:hr>154</gpxtpx:hr><gpxtpx:cad>45</gpxtpx:cad></gpxtpx:TrackPointExtension></extensions></trkpt><trkpt lat="35.94695388" lon="120.2073124"><ele>-41.25</ele><time>2022-05-22T22:10:28Z</time><extensions><gpxtpx:TrackPointExtension><gpxtpx:hr>157</gpxtpx:hr><gpxtpx:cad>45</gpxtpx:cad></gpxtpx:TrackPointExtension></extensions></trkpt><trkpt lat="35.94695355" lon="120.20729407"><ele>-41.220001220703125</ele><time>2022-05-22T22:10:29Z</time><extensions><gpxtpx:TrackPointExtension><gpxtpx:hr>159</gpxtpx:hr><gpxtpx:cad>45</gpxtpx:cad></gpxtpx:TrackPointExtension></extensions></trkpt><trkpt lat="35.94695454" lon="120.20727307"><ele>-41.220001220703125</ele><time>2022-05-22T22:10:30Z</time><extensions><gpxtpx:TrackPointExtension><gpxtpx:hr>160</gpxtpx:hr><gpxtpx:cad>45</gpxtpx:cad></gpxtpx:TrackPointExtension></extensions></trkpt><trkpt lat="35.9469572" lon="120.20725074"><ele>-41.220001220703125</ele><time>2022-05-22T22:10:31Z</time><extensions><gpxtpx:TrackPointExtension><gpxtpx:hr>160</gpxtpx:hr><gpxtpx:cad>45</gpxtpx:cad></gpxtpx:TrackPointExtension></extensions></trkpt><trkpt lat="35.94696286" lon="120.20722841"><ele>-41.2400016784668</ele><time>2022-05-22T22:10:32Z</time><extensions><gpxtpx:TrackPointExtension><gpxtpx:hr>160</gpxtpx:hr><gpxtpx:cad>45</gpxtpx:cad></gpxtpx:TrackPointExtension></extensions></trkpt><trkpt lat="35.94697052" lon="120.20720608"><ele>-41.310001373291016</ele><time>2022-05-22T22:10:33Z</time><extensions><gpxtpx:TrackPointExtension><gpxtpx:hr>161</gpxtpx:hr><gpxtpx:cad>45</gpxtpx:cad></gpxtpx:TrackPointExtension></extensions></trkpt><trkpt lat="35.94697885" lon="120.20718275"><ele>-41.34000015258789</ele><time>2022-05-22T22:10:34Z</time><extensions><gpxtpx:TrackPointExtension><gpxtpx:hr>162</gpxtpx:hr><gpxtpx:cad>45</gpxtpx:cad></gpxtpx:TrackPointExtension></extensions></trkpt><trkpt lat="35.94698784" lon="120.20715842"><ele>-41.380001068115234</ele><time>2022-05-22T22:10:35Z</time><extensions><gpxtpx:TrackPointExtension><gpxtpx:hr>163</gpxtpx:hr><gpxtpx:cad>45</gpxtpx:cad></gpxtpx:TrackPointExtension></extensions></trkpt><trkpt lat="35.94699717" lon="120.20713376"><ele>-41.400001525878906</ele><time>2022-05-22T22:10:36Z</time><extensions><gpxtpx:TrackPointExtension><gpxtpx:hr>164</gpxtpx:hr><gpxtpx:cad>45</gpxtpx:cad></gpxtpx:TrackPointExtension></extensions></trkpt><trkpt lat="35.9470065" lon="120.20710877"><ele>-41.43000030517578</ele><time>2022-05-22T22:10:37Z</time><extensions><gpxtpx:TrackPointExtension><gpxtpx:hr>165</gpxtpx:hr><gpxtpx:cad>45</gpxtpx:cad></gpxtpx:TrackPointExtension></extensions></trkpt><trkpt lat="35.94701683" lon="120.20708344"><ele>-41.45000076293945</ele><time>2022-05-22T22:10:38Z</time><extensions><gpxtpx:TrackPointExtension><gpxtpx:hr>164</gpxtpx:hr><gpxtpx:cad>45</gpxtpx:cad></gpxtpx:TrackPointExtension></extensions></trkpt><trkpt lat="35.94702749" lon="120.20705778"><ele>-41.470001220703125</ele><time>2022-05-22T22:10:39Z</time><extensions><gpxtpx:TrackPointExtension><gpxtpx:hr>164</gpxtpx:hr><gpxtpx:cad>90</gpxtpx:cad></gpxtpx:TrackPointExtension></extensions></trkpt><trkpt lat="35.94703815" lon="120.20703112"><ele>-41.43000030517578</ele><time>2022-05-22T22:10:40Z</time><extensions><gpxtpx:TrackPointExtension><gpxtpx:hr>166</gpxtpx:hr><gpxtpx:cad>90</gpxtpx:cad></gpxtpx:TrackPointExtension></extensions></trkpt><trkpt lat="35.94704915" lon="120.20700446"><ele>-41.45000076293945</ele><time>2022-05-22T22:10:41Z</time><extensions><gpxtpx:TrackPointExtension><gpxtpx:hr>166</gpxtpx:hr><gpxtpx:cad>90</gpxtpx:cad></gpxtpx:TrackPointExtension></extensions></trkpt><trkpt lat="35.94706015" lon="120.20697947"><ele>-41.43000030517578</ele><time>2022-05-22T22:10:42Z</time><extensions><gpxtpx:TrackPointExtension><gpxtpx:hr>165</gpxtpx:hr><gpxtpx:cad>90</gpxtpx:cad></gpxtpx:TrackPointExtension></extensions></trkpt><trkpt lat="35.94707148" lon="120.20695514"><ele>-41.45000076293945</ele><time>2022-05-22T22:10:43Z</time><extensions><gpxtpx:TrackPointExtension><gpxtpx:hr>165</gpxtpx:hr><gpxtpx:cad>90</gpxtpx:cad></gpxtpx:TrackPointExtension></extensions></trkpt><trkpt lat="35.94708347" lon="120.20693048"><ele>-41.400001525878906</ele><time>2022-05-22T22:10:44Z</time><extensions><gpxtpx:TrackPointExtension><gpxtpx:hr>164</gpxtpx:hr><gpxtpx:cad>90</gpxtpx:cad></gpxtpx:TrackPointExtension></extensions></trkpt><trkpt lat="35.9470948" lon="120.20690582"><ele>-41.470001220703125</ele><time>2022-05-22T22:10:45Z</time><extensions><gpxtpx:TrackPointExtension><gpxtpx:hr>164</gpxtpx:hr><gpxtpx:cad>90</gpxtpx:cad></gpxtpx:TrackPointExtension></extensions></trkpt><trkpt lat="35.94710613" lon="120.20688082"><ele>-41.380001068115234</ele><time>2022-05-22T22:10:46Z</time><extensions><gpxtpx:TrackPointExtension><gpxtpx:hr>163</gpxtpx:hr><gpxtpx:cad>90</gpxtpx:cad></gpxtpx:TrackPointExtension></extensions></trkpt><trkpt lat="35.94711679" lon="120.20685483"><ele>-41.45000076293945</ele><time>2022-05-22T22:10:47Z</time><extensions><gpxtpx:TrackPointExtension><gpxtpx:hr>163</gpxtpx:hr><gpxtpx:cad>90</gpxtpx:cad></gpxtpx:TrackPointExtension></extensions></trkpt><trkpt lat="35.94712745" lon="120.2068275"><ele>-41.45000076293945</ele><time>2022-05-22T22:10:48Z</time><extensions><gpxtpx:TrackPointExtension><gpxtpx:hr>163</gpxtpx:hr><gpxtpx:cad>90</gpxtpx:cad></gpxtpx:TrackPointExtension></extensions></trkpt><trkpt lat="35.94713845" lon="120.2067995"><ele>-41.5</ele><time>2022-05-22T22:10:49Z</time><extensions><gpxtpx:TrackPointExtension><gpxtpx:hr>164</gpxtpx:hr><gpxtpx:cad>90</gpxtpx:cad></gpxtpx:TrackPointExtension></extensions></trkpt><trkpt lat="35.94714911" lon="120.2067695"><ele>-41.5</ele><time>2022-05-22T22:10:50Z</time><extensions><gpxtpx:TrackPointExtension><gpxtpx:hr>164</gpxtpx:hr><gpxtpx:cad>90</gpxtpx:cad></gpxtpx:TrackPointExtension></extensions></trkpt><trkpt lat="35.94715911" lon="120.20673951"><ele>-41.540000915527344</ele><time>2022-05-22T22:10:51Z</time><extensions><gpxtpx:TrackPointExtension><gpxtpx:hr>164</gpxtpx:hr><gpxtpx:cad>89</gpxtpx:cad></gpxtpx:TrackPointExtension></extensions></trkpt><trkpt lat="35.94717011" lon="120.20671185"><ele>-41.52000045776367</ele><time>2022-05-22T22:10:52Z</time><extensions><gpxtpx:TrackPointExtension><gpxtpx:hr>164</gpxtpx:hr><gpxtpx:cad>89</gpxtpx:cad></gpxtpx:TrackPointExtension></extensions></trkpt><trkpt lat="35.94718144" lon="120.20668552"><ele>-41.560001373291016</ele><time>2022-05-22T22:10:53Z</time><extensions><gpxtpx:TrackPointExtension><gpxtpx:hr>163</gpxtpx:hr><gpxtpx:cad>89</gpxtpx:cad></gpxtpx:TrackPointExtension></extensions></trkpt><trkpt lat="35.9471921" lon="120.20665852"><ele>-41.43000030517578</ele><time>2022-05-22T22:10:54Z</time><extensions><gpxtpx:TrackPointExtension><gpxtpx:hr>163</gpxtpx:hr><gpxtpx:cad>90</gpxtpx:cad></gpxtpx:TrackPointExtension></extensions></trkpt><trkpt lat="35.94720276" lon="120.20663152"><ele>-41.4900016784668</ele><time>2022-05-22T22:10:55Z</time><extensions><gpxtpx:TrackPointExtension><gpxtpx:hr>163</gpxtpx:hr><gpxtpx:cad>89</gpxtpx:cad></gpxtpx:TrackPointExtension></extensions></trkpt><trkpt lat="35.94721309" lon="120.20660352"><ele>-41.400001525878906</ele><time>2022-05-22T22:10:56Z</time><extensions><gpxtpx:TrackPointExtension><gpxtpx:hr>164</gpxtpx:hr><gpxtpx:cad>89</gpxtpx:cad></gpxtpx:TrackPointExtension></extensions></trkpt><trkpt lat="35.94722409" lon="120.20657552"><ele>-41.45000076293945</ele><time>2022-05-22T22:10:57Z</time><extensions><gpxtpx:TrackPointExtension><gpxtpx:hr>164</gpxtpx:hr><gpxtpx:cad>89</gpxtpx:cad></gpxtpx:TrackPointExtension></extensions></trkpt><trkpt lat="35.94723608" lon="120.20654752"><ele>-41.36000061035156</ele><time>2022-05-22T22:10:58Z</time><extensions><gpxtpx:TrackPointExtension><gpxtpx:hr>164</gpxtpx:hr><gpxtpx:cad>88</gpxtpx:cad></gpxtpx:TrackPointExtension></extensions></trkpt><trkpt lat="35.94724874" lon="120.20651986"><ele>-41.43000030517578</ele><time>2022-05-22T22:10:59Z</time><extensions><gpxtpx:TrackPointExtension><gpxtpx:hr>164</gpxtpx:hr><gpxtpx:cad>88</gpxtpx:cad></gpxtpx:TrackPointExtension></extensions></trkpt><trkpt lat="35.94726107" lon="120.20649186"><ele>-41.36000061035156</ele><time>2022-05-22T22:11:00Z</time><extensions><gpxtpx:TrackPointExtension><gpxtpx:hr>163</gpxtpx:hr><gpxtpx:cad>88</gpxtpx:cad></gpxtpx:TrackPointExtension></extensions></trkpt><trkpt lat="35.94727307" lon="120.20646453"><ele>-41.36000061035156</ele><time>2022-05-22T22:11:01Z</time><extensions><gpxtpx:TrackPointExtension><gpxtpx:hr>162</gpxtpx:hr><gpxtpx:cad>88</gpxtpx:cad></gpxtpx:TrackPointExtension></extensions></trkpt><trkpt lat="35.94728506" lon="120.20643687"><ele>-41.400001525878906</ele><time>2022-05-22T22:11:02Z</time><extensions><gpxtpx:TrackPointExtension><gpxtpx:hr>162</gpxtpx:hr><gpxtpx:cad>89</gpxtpx:cad></gpxtpx:TrackPointExtension></extensions></trkpt><trkpt lat="35.94729672" lon="120.20640887"><ele>-41.52000045776367</ele><time>2022-05-22T22:11:03Z</time><extensions><gpxtpx:TrackPointExtension><gpxtpx:hr>162</gpxtpx:hr><gpxtpx:cad>89</gpxtpx:cad></gpxtpx:TrackPointExtension></extensions></trkpt><trkpt lat="35.94730871" lon="120.20638021"><ele>-41.43000030517578</ele><time>2022-05-22T22:11:04Z</time><extensions><gpxtpx:TrackPointExtension><gpxtpx:hr>162</gpxtpx:hr><gpxtpx:cad>90</gpxtpx:cad></gpxtpx:TrackPointExtension></extensions></trkpt><trkpt lat="35.94731971" lon="120.20635155"><ele>-41.52000045776367</ele><time>2022-05-22T22:11:05Z</time><extensions><gpxtpx:TrackPointExtension><gpxtpx:hr>162</gpxtpx:hr><gpxtpx:cad>90</gpxtpx:cad></gpxtpx:TrackPointExtension></extensions></trkpt><trkpt lat="35.94733104" lon="120.20632222"><ele>-41.400001525878906</ele><time>2022-05-22T22:11:06Z</time><extensions><gpxtpx:TrackPointExtension><gpxtpx:hr>164</gpxtpx:hr><gpxtpx:cad>90</gpxtpx:cad></gpxtpx:TrackPointExtension></extensions></trkpt><trkpt lat="35.94734137" lon="120.20629323"><ele>-41.470001220703125</ele><time>2022-05-22T22:11:07Z</time><extensions><gpxtpx:TrackPointExtension><gpxtpx:hr>164</gpxtpx:hr><gpxtpx:cad>89</gpxtpx:cad></gpxtpx:TrackPointExtension></extensions></trkpt><trkpt lat="35.94735203" lon="120.20626324"><ele>-41.380001068115234</ele><time>2022-05-22T22:11:08Z</time><extensions><gpxtpx:TrackPointExtension><gpxtpx:hr>164</gpxtpx:hr><gpxtpx:cad>89</gpxtpx:cad></gpxtpx:TrackPointExtension></extensions></trkpt><trkpt lat="35.94736269" lon="120.20623424"><ele>-41.380001068115234</ele><time>2022-05-22T22:11:09Z</time><extensions><gpxtpx:TrackPointExtension><gpxtpx:hr>165</gpxtpx:hr><gpxtpx:cad>89</gpxtpx:cad></gpxtpx:TrackPointExtension></extensions></trkpt><trkpt lat="35.94737302" lon="120.20620425"><ele>-41.34000015258789</ele><time>2022-05-22T22:11:10Z</time><extensions><gpxtpx:TrackPointExtension><gpxtpx:hr>165</gpxtpx:hr><gpxtpx:cad>90</gpxtpx:cad></gpxtpx:TrackPointExtension></extensions></trkpt><trkpt lat="35.94738468" lon="120.20617559"><ele>-41.290000915527344</ele><time>2022-05-22T22:11:11Z</time><extensions><gpxtpx:TrackPointExtension><gpxtpx:hr>165</gpxtpx:hr><gpxtpx:cad>90</gpxtpx:cad></gpxtpx:TrackPointExtension></extensions></trkpt><trkpt lat="35.94739601" lon="120.20614859"><ele>-41.220001220703125</ele><time>2022-05-22T22:11:12Z</time><extensions><gpxtpx:TrackPointExtension><gpxtpx:hr>165</gpxtpx:hr><gpxtpx:cad>90</gpxtpx:cad></gpxtpx:TrackPointExtension></extensions></trkpt><trkpt lat="35.94740567" lon="120.2061256"><ele>-41.18000030517578</ele><time>2022-05-22T22:11:13Z</time><extensions><gpxtpx:TrackPointExtension><gpxtpx:hr>165</gpxtpx:hr><gpxtpx:cad>90</gpxtpx:cad></gpxtpx:TrackPointExtension></extensions></trkpt><trkpt lat="35.947413" lon="120.20610527"><ele>-41.150001525878906</ele><time>2022-05-22T22:11:14Z</time><extensions><gpxtpx:TrackPointExtension><gpxtpx:hr>165</gpxtpx:hr><gpxtpx:cad>90</gpxtpx:cad></gpxtpx:TrackPointExtension></extensions></trkpt><trkpt lat="35.94741933" lon="120.20608661"><ele>-41.18000030517578</ele><time>2022-05-22T22:11:15Z</time><extensions><gpxtpx:TrackPointExtension><gpxtpx:hr>165</gpxtpx:hr><gpxtpx:cad>90</gpxtpx:cad></gpxtpx:TrackPointExtension></extensions></trkpt><trkpt lat="35.94742599" lon="120.20606895"><ele>-41.25</ele><time>2022-05-22T22:11:16Z</time><extensions><gpxtpx:TrackPointExtension><gpxtpx:hr>165</gpxtpx:hr><gpxtpx:cad>90</gpxtpx:cad></gpxtpx:TrackPointExtension></extensions></trkpt><trkpt lat="35.94743265" lon="120.20605229"><ele>-41.310001373291016</ele><time>2022-05-22T22:11:17Z</time><extensions><gpxtpx:TrackPointExtension><gpxtpx:hr>165</gpxtpx:hr><gpxtpx:cad>90</gpxtpx:cad></gpxtpx:TrackPointExtension></extensions></trkpt><trkpt lat="35.94743864" lon="120.20603563"><ele>-41.36000061035156</ele><time>2022-05-22T22:11:18Z</time><extensions><gpxtpx:TrackPointExtension><gpxtpx:hr>165</gpxtpx:hr><gpxtpx:cad>90</gpxtpx:cad></gpxtpx:TrackPointExtension></extensions></trkpt><trkpt lat="35.9474453" lon="120.20601963"><ele>-41.36000061035156</ele><time>2022-05-22T22:11:19Z</time><extensions><gpxtpx:TrackPointExtension><gpxtpx:hr>165</gpxtpx:hr><gpxtpx:cad>90</gpxtpx:cad></gpxtpx:TrackPointExtension></extensions></trkpt><trkpt lat="35.94745229" lon="120.20600397"><ele>-41.400001525878906</ele><time>2022-05-22T22:11:20Z</time><extensions><gpxtpx:TrackPointExtension><gpxtpx:hr>165</gpxtpx:hr><gpxtpx:cad>90</gpxtpx:cad></gpxtpx:TrackPointExtension></extensions></trkpt><trkpt lat="35.94745895" lon="120.20598831"><ele>-41.43000030517578</ele><time>2022-05-22T22:11:21Z</time><extensions><gpxtpx:TrackPointExtension><gpxtpx:hr>164</gpxtpx:hr><gpxtpx:cad>90</gpxtpx:cad></gpxtpx:TrackPointExtension></extensions></trkpt><trkpt lat="35.94746661" lon="120.20597331"><ele>-41.43000030517578</ele><time>2022-05-22T22:11:22Z</time><extensions><gpxtpx:TrackPointExtension><gpxtpx:hr>164</gpxtpx:hr><gpxtpx:cad>90</gpxtpx:cad></gpxtpx:TrackPointExtension></extensions></trkpt><trkpt lat="35.94747461" lon="120.20595865"><ele>-41.45000076293945</ele><time>2022-05-22T22:11:23Z</time><extensions><gpxtpx:TrackPointExtension><gpxtpx:hr>164</gpxtpx:hr><gpxtpx:cad>90</gpxtpx:cad></gpxtpx:TrackPointExtension></extensions></trkpt><trkpt lat="35.94748227" lon="120.20594432"><ele>-41.45000076293945</ele><time>2022-05-22T22:11:24Z</time><extensions><gpxtpx:TrackPointExtension><gpxtpx:hr>163</gpxtpx:hr><gpxtpx:cad>90</gpxtpx:cad></gpxtpx:TrackPointExtension></extensions></trkpt><trkpt lat="35.94748993" lon="120.20592932"><ele>-41.470001220703125</ele><time>2022-05-22T22:11:25Z</time><extensions><gpxtpx:TrackPointExtension><gpxtpx:hr>163</gpxtpx:hr><gpxtpx:cad>90</gpxtpx:cad></gpxtpx:TrackPointExtension></extensions></trkpt><trkpt lat="35.94749726" lon="120.20591299"><ele>-41.470001220703125</ele><time>2022-05-22T22:11:26Z</time><extensions><gpxtpx:TrackPointExtension><gpxtpx:hr>163</gpxtpx:hr><gpxtpx:cad>90</gpxtpx:cad></gpxtpx:TrackPointExtension></extensions></trkpt><trkpt lat="35.94750459" lon="120.20589633"><ele>-41.470001220703125</ele><time>2022-05-22T22:11:27Z</time><extensions><gpxtpx:TrackPointExtension><gpxtpx:hr>163</gpxtpx:hr><gpxtpx:cad>90</gpxtpx:cad></gpxtpx:TrackPointExtension></extensions></trkpt><trkpt lat="35.94751092" lon="120.20588"><ele>-41.470001220703125</ele><time>2022-05-22T22:11:28Z</time><extensions><gpxtpx:TrackPointExtension><gpxtpx:hr>162</gpxtpx:hr><gpxtpx:cad>90</gpxtpx:cad></gpxtpx:TrackPointExtension></extensions></trkpt><trkpt lat="35.94751758" lon="120.20586367"><ele>-41.400001525878906</ele><time>2022-05-22T22:11:29Z</time><extensions><gpxtpx:TrackPointExtension><gpxtpx:hr>162</gpxtpx:hr><gpxtpx:cad>65</gpxtpx:cad></gpxtpx:TrackPointExtension></extensions></trkpt><trkpt lat="35.94752458" lon="120.20584767"><ele>-41.34000015258789</ele><time>2022-05-22T22:11:30Z</time><extensions><gpxtpx:TrackPointExtension><gpxtpx:hr>162</gpxtpx:hr><gpxtpx:cad>66</gpxtpx:cad></gpxtpx:TrackPointExtension></extensions></trkpt><trkpt lat="35.94753224" lon="120.20583201"><ele>-41.27000045776367</ele><time>2022-05-22T22:11:31Z</time><extensions><gpxtpx:TrackPointExtension><gpxtpx:hr>161</gpxtpx:hr><gpxtpx:cad>66</gpxtpx:cad></gpxtpx:TrackPointExtension></extensions></trkpt><trkpt lat="35.9475389" lon="120.20581568"><ele>-41.290000915527344</ele><time>2022-05-22T22:11:32Z</time><extensions><gpxtpx:TrackPointExtension><gpxtpx:hr>161</gpxtpx:hr><gpxtpx:cad>66</gpxtpx:cad></gpxtpx:TrackPointExtension></extensions></trkpt><trkpt lat="35.94754623" lon="120.20579669"><ele>-41.33000183105469</ele><time>2022-05-22T22:11:33Z</time><extensions><gpxtpx:TrackPointExtension><gpxtpx:hr>161</gpxtpx:hr><gpxtpx:cad>66</gpxtpx:cad></gpxtpx:TrackPointExtension></extensions></trkpt><trkpt lat="35.94755322" lon="120.20577503"><ele>-41.36000061035156</ele><time>2022-05-22T22:11:34Z</time><extensions><gpxtpx:TrackPointExtension><gpxtpx:hr>162</gpxtpx:hr><gpxtpx:cad>66</gpxtpx:cad></gpxtpx:TrackPointExtension></extensions></trkpt><trkpt lat="35.94756122" lon="120.2057527"><ele>-41.380001068115234</ele><time>2022-05-22T22:11:35Z</time><extensions><gpxtpx:TrackPointExtension><gpxtpx:hr>161</gpxtpx:hr><gpxtpx:cad>66</gpxtpx:cad></gpxtpx:TrackPointExtension></extensions></trkpt><trkpt lat="35.94756988" lon="120.20572904"><ele>-41.40999984741211</ele><time>2022-05-22T22:11:36Z</time><extensions><gpxtpx:TrackPointExtension><gpxtpx:hr>162</gpxtpx:hr><gpxtpx:cad>66</gpxtpx:cad></gpxtpx:TrackPointExtension></extensions></trkpt><trkpt lat="35.94757854" lon="120.20570404"><ele>-41.43000030517578</ele><time>2022-05-22T22:11:37Z</time><extensions><gpxtpx:TrackPointExtension><gpxtpx:hr>162</gpxtpx:hr><gpxtpx:cad>66</gpxtpx:cad></gpxtpx:TrackPointExtension></extensions></trkpt><trkpt lat="35.94758787" lon="120.20567838"><ele>-41.470001220703125</ele><time>2022-05-22T22:11:38Z</time><extensions><gpxtpx:TrackPointExtension><gpxtpx:hr>165</gpxtpx:hr><gpxtpx:cad>66</gpxtpx:cad></gpxtpx:TrackPointExtension></extensions></trkpt><trkpt lat="35.94759753" lon="120.20565272"><ele>-41.470001220703125</ele><time>2022-05-22T22:11:39Z</time><extensions><gpxtpx:TrackPointExtension><gpxtpx:hr>168</gpxtpx:hr><gpxtpx:cad>66</gpxtpx:cad></gpxtpx:TrackPointExtension></extensions></trkpt><trkpt lat="35.94760853" lon="120.20562773"><ele>-41.470001220703125</ele><time>2022-05-22T22:11:40Z</time><extensions><gpxtpx:TrackPointExtension><gpxtpx:hr>170</gpxtpx:hr><gpxtpx:cad>66</gpxtpx:cad></gpxtpx:TrackPointExtension></extensions></trkpt><trkpt lat="35.94761852" lon="120.2056044"><ele>-41.5</ele><time>2022-05-22T22:11:41Z</time><extensions><gpxtpx:TrackPointExtension><gpxtpx:hr>171</gpxtpx:hr><gpxtpx:cad>66</gpxtpx:cad></gpxtpx:TrackPointExtension></extensions></trkpt><trkpt lat="35.94762918" lon="120.20558241"><ele>-41.5</ele><time>2022-05-22T22:11:42Z</time><extensions><gpxtpx:TrackPointExtension><gpxtpx:hr>170</gpxtpx:hr><gpxtpx:cad>66</gpxtpx:cad></gpxtpx:TrackPointExtension></extensions></trkpt><trkpt lat="35.94763951" lon="120.20555975"><ele>-41.540000915527344</ele><time>2022-05-22T22:11:43Z</time><extensions><gpxtpx:TrackPointExtension><gpxtpx:hr>170</gpxtpx:hr><gpxtpx:cad>90</gpxtpx:cad></gpxtpx:TrackPointExtension></extensions></trkpt><trkpt lat="35.9476495" lon="120.20553642"><ele>-41.52000045776367</ele><time>2022-05-22T22:11:44Z</time><extensions><gpxtpx:TrackPointExtension><gpxtpx:hr>170</gpxtpx:hr><gpxtpx:cad>89</gpxtpx:cad></gpxtpx:TrackPointExtension></extensions></trkpt><trkpt lat="35.9476585" lon="120.20551309"><ele>-41.540000915527344</ele><time>2022-05-22T22:11:45Z</time><extensions><gpxtpx:TrackPointExtension><gpxtpx:hr>171</gpxtpx:hr><gpxtpx:cad>90</gpxtpx:cad></gpxtpx:TrackPointExtension></extensions></trkpt><trkpt lat="35.94766749" lon="120.20548843"><ele>-41.52000045776367</ele><time>2022-05-22T22:11:46Z</time><extensions><gpxtpx:TrackPointExtension><gpxtpx:hr>173</gpxtpx:hr><gpxtpx:cad>89</gpxtpx:cad></gpxtpx:TrackPointExtension></extensions></trkpt><trkpt lat="35.94767682" lon="120.20546277"><ele>-41.540000915527344</ele><time>2022-05-22T22:11:47Z</time><extensions><gpxtpx:TrackPointExtension><gpxtpx:hr>174</gpxtpx:hr><gpxtpx:cad>90</gpxtpx:cad></gpxtpx:TrackPointExtension></extensions></trkpt><trkpt lat="35.94768682" lon="120.20543778"><ele>-41.52000045776367</ele><time>2022-05-22T22:11:48Z</time><extensions><gpxtpx:TrackPointExtension><gpxtpx:hr>174</gpxtpx:hr><gpxtpx:cad>89</gpxtpx:cad></gpxtpx:TrackPointExtension></extensions></trkpt><trkpt lat="35.94769748" lon="120.20541312"><ele>-41.540000915527344</ele><time>2022-05-22T22:11:49Z</time><extensions><gpxtpx:TrackPointExtension><gpxtpx:hr>174</gpxtpx:hr><gpxtpx:cad>89</gpxtpx:cad></gpxtpx:TrackPointExtension></extensions></trkpt><trkpt lat="35.94770848" lon="120.20538546"><ele>-41.52000045776367</ele><time>2022-05-22T22:11:50Z</time><extensions><gpxtpx:TrackPointExtension><gpxtpx:hr>173</gpxtpx:hr><gpxtpx:cad>90</gpxtpx:cad></gpxtpx:TrackPointExtension></extensions></trkpt><trkpt lat="35.94771914" lon="120.20535746"><ele>-41.560001373291016</ele><time>2022-05-22T22:11:51Z</time><extensions><gpxtpx:TrackPointExtension><gpxtpx:hr>172</gpxtpx:hr><gpxtpx:cad>90</gpxtpx:cad></gpxtpx:TrackPointExtension></extensions></trkpt><trkpt lat="35.94772847" lon="120.2053288"><ele>-41.540000915527344</ele><time>2022-05-22T22:11:52Z</time><extensions><gpxtpx:TrackPointExtension><gpxtpx:hr>172</gpxtpx:hr><gpxtpx:cad>90</gpxtpx:cad></gpxtpx:TrackPointExtension></extensions></trkpt><trkpt lat="35.9477378" lon="120.2053008"><ele>-41.59000015258789</ele><time>2022-05-22T22:11:53Z</time><extensions><gpxtpx:TrackPointExtension><gpxtpx:hr>173</gpxtpx:hr><gpxtpx:cad>90</gpxtpx:cad></gpxtpx:TrackPointExtension></extensions></trkpt><trkpt lat="35.94774746" lon="120.20527314"><ele>-41.560001373291016</ele><time>2022-05-22T22:11:54Z</time><extensions><gpxtpx:TrackPointExtension><gpxtpx:hr>173</gpxtpx:hr><gpxtpx:cad>90</gpxtpx:cad></gpxtpx:TrackPointExtension></extensions></trkpt><trkpt lat="35.94775779" lon="120.20524648"><ele>-41.61000061035156</ele><time>2022-05-22T22:11:55Z</time><extensions><gpxtpx:TrackPointExtension><gpxtpx:hr>173</gpxtpx:hr><gpxtpx:cad>89</gpxtpx:cad></gpxtpx:TrackPointExtension></extensions></trkpt><trkpt lat="35.94776879" lon="120.20522115"><ele>-41.58000183105469</ele><time>2022-05-22T22:11:56Z</time><extensions><gpxtpx:TrackPointExtension><gpxtpx:hr>173</gpxtpx:hr><gpxtpx:cad>89</gpxtpx:cad></gpxtpx:TrackPointExtension></extensions></trkpt><trkpt lat="35.94777912" lon="120.20519582"><ele>-41.630001068115234</ele><time>2022-05-22T22:11:57Z</time><extensions><gpxtpx:TrackPointExtension><gpxtpx:hr>173</gpxtpx:hr><gpxtpx:cad>88</gpxtpx:cad></gpxtpx:TrackPointExtension></extensions></trkpt><trkpt lat="35.94779012" lon="120.20517049"><ele>-41.59000015258789</ele><time>2022-05-22T22:11:58Z</time><extensions><gpxtpx:TrackPointExtension><gpxtpx:hr>173</gpxtpx:hr><gpxtpx:cad>89</gpxtpx:cad></gpxtpx:TrackPointExtension></extensions></trkpt><trkpt lat="35.94780112" lon="120.20514516"><ele>-41.630001068115234</ele><time>2022-05-22T22:11:59Z</time><extensions><gpxtpx:TrackPointExtension><gpxtpx:hr>173</gpxtpx:hr><gpxtpx:cad>89</gpxtpx:cad></gpxtpx:TrackPointExtension></extensions></trkpt><trkpt lat="35.94781212" lon="120.20512016"><ele>-41.59000015258789</ele><time>2022-05-22T22:12:00Z</time><extensions><gpxtpx:TrackPointExtension><gpxtpx:hr>173</gpxtpx:hr><gpxtpx:cad>90</gpxtpx:cad></gpxtpx:TrackPointExtension></extensions></trkpt><trkpt lat="35.94782312" lon="120.2050945"><ele>-41.59000015258789</ele><time>2022-05-22T22:12:01Z</time><extensions><gpxtpx:TrackPointExtension><gpxtpx:hr>173</gpxtpx:hr><gpxtpx:cad>91</gpxtpx:cad></gpxtpx:TrackPointExtension></extensions></trkpt><trkpt lat="35.94783445" lon="120.20506884"><ele>-41.540000915527344</ele><time>2022-05-22T22:12:02Z</time><extensions><gpxtpx:TrackPointExtension><gpxtpx:hr>174</gpxtpx:hr><gpxtpx:cad>91</gpxtpx:cad></gpxtpx:TrackPointExtension></extensions></trkpt><trkpt lat="35.94784511" lon="120.20504351"><ele>-41.470001220703125</ele><time>2022-05-22T22:12:03Z</time><extensions><gpxtpx:TrackPointExtension><gpxtpx:hr>175</gpxtpx:hr><gpxtpx:cad>91</gpxtpx:cad></gpxtpx:TrackPointExtension></extensions></trkpt><trkpt lat="35.94785577" lon="120.20501851"><ele>-41.43000030517578</ele><time>2022-05-22T22:12:04Z</time><extensions><gpxtpx:TrackPointExtension><gpxtpx:hr>175</gpxtpx:hr><gpxtpx:cad>91</gpxtpx:cad></gpxtpx:TrackPointExtension></extensions></trkpt><trkpt lat="35.94786576" lon="120.20499218"><ele>-41.400001525878906</ele><time>2022-05-22T22:12:05Z</time><extensions><gpxtpx:TrackPointExtension><gpxtpx:hr>174</gpxtpx:hr><gpxtpx:cad>91</gpxtpx:cad></gpxtpx:TrackPointExtension></extensions></trkpt><trkpt lat="35.94787409" lon="120.20496552"><ele>-41.400001525878906</ele><time>2022-05-22T22:12:06Z</time><extensions><gpxtpx:TrackPointExtension><gpxtpx:hr>174</gpxtpx:hr><gpxtpx:cad>91</gpxtpx:cad></gpxtpx:TrackPointExtension></extensions></trkpt><trkpt lat="35.94788175" lon="120.20493819"><ele>-41.40999984741211</ele><time>2022-05-22T22:12:07Z</time><extensions><gpxtpx:TrackPointExtension><gpxtpx:hr>173</gpxtpx:hr><gpxtpx:cad>90</gpxtpx:cad></gpxtpx:TrackPointExtension></extensions></trkpt><trkpt lat="35.94788808" lon="120.20491053"><ele>-41.45000076293945</ele><time>2022-05-22T22:12:08Z</time><extensions><gpxtpx:TrackPointExtension><gpxtpx:hr>172</gpxtpx:hr></gpxtpx:TrackPointExtension></extensions></trkpt><trkpt lat="35.94789274" lon="120.20488187"><ele>-41.45000076293945</ele><time>2022-05-22T22:12:09Z</time><extensions><gpxtpx:TrackPointExtension><gpxtpx:hr>172</gpxtpx:hr><gpxtpx:cad>90</gpxtpx:cad></gpxtpx:TrackPointExtension></extensions></trkpt><trkpt lat="35.94789573" lon="120.20485288"><ele>-41.52000045776367</ele><time>2022-05-22T22:12:10Z</time><extensions><gpxtpx:TrackPointExtension><gpxtpx:hr>172</gpxtpx:hr><gpxtpx:cad>88</gpxtpx:cad></gpxtpx:TrackPointExtension></extensions></trkpt><trkpt lat="35.94789639" lon="120.20482322"><ele>-41.52000045776367</ele><time>2022-05-22T22:12:11Z</time><extensions><gpxtpx:TrackPointExtension><gpxtpx:hr>172</gpxtpx:hr><gpxtpx:cad>88</gpxtpx:cad></gpxtpx:TrackPointExtension></extensions></trkpt><trkpt lat="35.94789606" lon="120.20479322"><ele>-41.5</ele><time>2022-05-22T22:12:12Z</time><extensions><gpxtpx:TrackPointExtension><gpxtpx:hr>172</gpxtpx:hr><gpxtpx:cad>88</gpxtpx:cad></gpxtpx:TrackPointExtension></extensions></trkpt><trkpt lat="35.94789639" lon="120.20476323"><ele>-41.4900016784668</ele><time>2022-05-22T22:12:13Z</time><extensions><gpxtpx:TrackPointExtension><gpxtpx:hr>172</gpxtpx:hr></gpxtpx:TrackPointExtension></extensions></trkpt><trkpt lat="35.94789839" lon="120.20473457"><ele>-41.470001220703125</ele><time>2022-05-22T22:12:14Z</time><extensions><gpxtpx:TrackPointExtension><gpxtpx:hr>172</gpxtpx:hr><gpxtpx:cad>89</gpxtpx:cad></gpxtpx:TrackPointExtension></extensions></trkpt><trkpt lat="35.94790072" lon="120.20470624"><ele>-41.45000076293945</ele><time>2022-05-22T22:12:15Z</time><extensions><gpxtpx:TrackPointExtension><gpxtpx:hr>172</gpxtpx:hr></gpxtpx:TrackPointExtension></extensions></trkpt><trkpt lat="35.94790305" lon="120.20467725"><ele>-41.45000076293945</ele><time>2022-05-22T22:12:16Z</time><extensions><gpxtpx:TrackPointExtension><gpxtpx:hr>172</gpxtpx:hr><gpxtpx:cad>89</gpxtpx:cad></gpxtpx:TrackPointExtension></extensions></trkpt><trkpt lat="35.94790538" lon="120.20464692"><ele>-41.380001068115234</ele><time>2022-05-22T22:12:17Z</time><extensions><gpxtpx:TrackPointExtension><gpxtpx:hr>172</gpxtpx:hr><gpxtpx:cad>88</gpxtpx:cad></gpxtpx:TrackPointExtension></extensions></trkpt><trkpt lat="35.94790704" lon="120.20461593"><ele>-41.33000183105469</ele><time>2022-05-22T22:12:18Z</time><extensions><gpxtpx:TrackPointExtension><gpxtpx:hr>172</gpxtpx:hr><gpxtpx:cad>88</gpxtpx:cad></gpxtpx:TrackPointExtension></extensions></trkpt><trkpt lat="35.9479077" lon="120.20458527"><ele>-41.25</ele><time>2022-05-22T22:12:19Z</time><extensions><gpxtpx:TrackPointExtension><gpxtpx:hr>172</gpxtpx:hr><gpxtpx:cad>88</gpxtpx:cad></gpxtpx:TrackPointExtension></extensions></trkpt><trkpt lat="35.94790704" lon="120.20455361"><ele>-41.20000076293945</ele><time>2022-05-22T22:12:20Z</time><extensions><gpxtpx:TrackPointExtension><gpxtpx:hr>172</gpxtpx:hr><gpxtpx:cad>90</gpxtpx:cad></gpxtpx:TrackPointExtension></extensions></trkpt><trkpt lat="35.94790571" lon="120.20452128"><ele>-41.18000030517578</ele><time>2022-05-22T22:12:21Z</time><extensions><gpxtpx:TrackPointExtension><gpxtpx:hr>172</gpxtpx:hr><gpxtpx:cad>89</gpxtpx:cad></gpxtpx:TrackPointExtension></extensions></trkpt><trkpt lat="35.94790272" lon="120.20448928"><ele>-41.15999984741211</ele><time>2022-05-22T22:12:22Z</time><extensions><gpxtpx:TrackPointExtension><gpxtpx:hr>171</gpxtpx:hr><gpxtpx:cad>89</gpxtpx:cad></gpxtpx:TrackPointExtension></extensions></trkpt><trkpt lat="35.94790006" lon="120.20445795"><ele>-41.15999984741211</ele><time>2022-05-22T22:12:23Z</time><extensions><gpxtpx:TrackPointExtension><gpxtpx:hr>171</gpxtpx:hr><gpxtpx:cad>89</gpxtpx:cad></gpxtpx:TrackPointExtension></extensions></trkpt><trkpt lat="35.9478964" lon="120.20442695"><ele>-41.15999984741211</ele><time>2022-05-22T22:12:24Z</time><extensions><gpxtpx:TrackPointExtension><gpxtpx:hr>171</gpxtpx:hr><gpxtpx:cad>89</gpxtpx:cad></gpxtpx:TrackPointExtension></extensions></trkpt><trkpt lat="35.94789407" lon="120.20440096"><ele>-41.15999984741211</ele><time>2022-05-22T22:12:25Z</time><extensions><gpxtpx:TrackPointExtension><gpxtpx:hr>170</gpxtpx:hr><gpxtpx:cad>89</gpxtpx:cad></gpxtpx:TrackPointExtension></extensions></trkpt><trkpt lat="35.94789241" lon="120.2043793"><ele>-41.18000030517578</ele><time>2022-05-22T22:12:26Z</time><extensions><gpxtpx:TrackPointExtension><gpxtpx:hr>170</gpxtpx:hr><gpxtpx:cad>89</gpxtpx:cad></gpxtpx:TrackPointExtension></extensions></trkpt><trkpt lat="35.94789008" lon="120.20436064"><ele>-41.20000076293945</ele><time>2022-05-22T22:12:27Z</time><extensions><gpxtpx:TrackPointExtension><gpxtpx:hr>170</gpxtpx:hr><gpxtpx:cad>89</gpxtpx:cad></gpxtpx:TrackPointExtension></extensions></trkpt><trkpt lat="35.94788808" lon="120.20434365"><ele>-41.220001220703125</ele><time>2022-05-22T22:12:28Z</time><extensions><gpxtpx:TrackPointExtension><gpxtpx:hr>169</gpxtpx:hr><gpxtpx:cad>89</gpxtpx:cad></gpxtpx:TrackPointExtension></extensions></trkpt><trkpt lat="35.94788575" lon="120.20432666"><ele>-41.25</ele><time>2022-05-22T22:12:29Z</time><extensions><gpxtpx:TrackPointExtension><gpxtpx:hr>168</gpxtpx:hr><gpxtpx:cad>89</gpxtpx:cad></gpxtpx:TrackPointExtension></extensions></trkpt><trkpt lat="35.94788342" lon="120.20431"><ele>-41.25</ele><time>2022-05-22T22:12:30Z</time><extensions><gpxtpx:TrackPointExtension><gpxtpx:hr>167</gpxtpx:hr><gpxtpx:cad>89</gpxtpx:cad></gpxtpx:TrackPointExtension></extensions></trkpt><trkpt lat="35.94788176" lon="120.20429267"><ele>-41.27000045776367</ele><time>2022-05-22T22:12:31Z</time><extensions><gpxtpx:TrackPointExtension><gpxtpx:hr>167</gpxtpx:hr><gpxtpx:cad>89</gpxtpx:cad></gpxtpx:TrackPointExtension></extensions></trkpt><trkpt lat="35.94788043" lon="120.20427501"><ele>-41.290000915527344</ele><time>2022-05-22T22:12:32Z</time><extensions><gpxtpx:TrackPointExtension><gpxtpx:hr>168</gpxtpx:hr><gpxtpx:cad>89</gpxtpx:cad></gpxtpx:TrackPointExtension></extensions></trkpt><trkpt lat="35.94788143" lon="120.20425702"><ele>-41.27000045776367</ele><time>2022-05-22T22:12:33Z</time><extensions><gpxtpx:TrackPointExtension><gpxtpx:hr>168</gpxtpx:hr><gpxtpx:cad>89</gpxtpx:cad></gpxtpx:TrackPointExtension></extensions></trkpt><trkpt lat="35.94788509" lon="120.20424069"><ele>-41.25</ele><time>2022-05-22T22:12:34Z</time><extensions><gpxtpx:TrackPointExtension><gpxtpx:hr>167</gpxtpx:hr><gpxtpx:cad>89</gpxtpx:cad></gpxtpx:TrackPointExtension></extensions></trkpt><trkpt lat="35.94789209" lon="120.20422903"><ele>-41.220001220703125</ele><time>2022-05-22T22:12:35Z</time><extensions><gpxtpx:TrackPointExtension><gpxtpx:hr>166</gpxtpx:hr><gpxtpx:cad>89</gpxtpx:cad></gpxtpx:TrackPointExtension></extensions></trkpt><trkpt lat="35.94790142" lon="120.20422037"><ele>-41.20000076293945</ele><time>2022-05-22T22:12:36Z</time><extensions><gpxtpx:TrackPointExtension><gpxtpx:hr>166</gpxtpx:hr><gpxtpx:cad>89</gpxtpx:cad></gpxtpx:TrackPointExtension></extensions></trkpt><trkpt lat="35.94791208" lon="120.20421438"><ele>-41.220001220703125</ele><time>2022-05-22T22:12:37Z</time><extensions><gpxtpx:TrackPointExtension><gpxtpx:hr>166</gpxtpx:hr><gpxtpx:cad>89</gpxtpx:cad></gpxtpx:TrackPointExtension></extensions></trkpt><trkpt lat="35.94792441" lon="120.20421139"><ele>-41.25</ele><time>2022-05-22T22:12:38Z</time><extensions><gpxtpx:TrackPointExtension><gpxtpx:hr>166</gpxtpx:hr><gpxtpx:cad>89</gpxtpx:cad></gpxtpx:TrackPointExtension></extensions></trkpt><trkpt lat="35.94793674" lon="120.20421205"><ele>-41.310001373291016</ele><time>2022-05-22T22:12:39Z</time><extensions><gpxtpx:TrackPointExtension><gpxtpx:hr>165</gpxtpx:hr><gpxtpx:cad>89</gpxtpx:cad></gpxtpx:TrackPointExtension></extensions></trkpt><trkpt lat="35.94794974" lon="120.20421605"><ele>-41.36000061035156</ele><time>2022-05-22T22:12:40Z</time><extensions><gpxtpx:TrackPointExtension><gpxtpx:hr>165</gpxtpx:hr><gpxtpx:cad>89</gpxtpx:cad></gpxtpx:TrackPointExtension></extensions></trkpt><trkpt lat="35.9479614" lon="120.20422071"><ele>-41.43000030517578</ele><time>2022-05-22T22:12:41Z</time><extensions><gpxtpx:TrackPointExtension><gpxtpx:hr>164</gpxtpx:hr><gpxtpx:cad>89</gpxtpx:cad></gpxtpx:TrackPointExtension></extensions></trkpt><trkpt lat="35.94797273" lon="120.2042257"><ele>-41.4900016784668</ele><time>2022-05-22T22:12:42Z</time><extensions><gpxtpx:TrackPointExtension><gpxtpx:hr>165</gpxtpx:hr><gpxtpx:cad>89</gpxtpx:cad></gpxtpx:TrackPointExtension></extensions></trkpt><trkpt lat="35.94798473" lon="120.20422936"><ele>-41.540000915527344</ele><time>2022-05-22T22:12:43Z</time><extensions><gpxtpx:TrackPointExtension><gpxtpx:hr>165</gpxtpx:hr><gpxtpx:cad>89</gpxtpx:cad></gpxtpx:TrackPointExtension></extensions></trkpt><trkpt lat="35.94799739" lon="120.20423469"><ele>-41.59000015258789</ele><time>2022-05-22T22:12:44Z</time><extensions><gpxtpx:TrackPointExtension><gpxtpx:hr>165</gpxtpx:hr><gpxtpx:cad>89</gpxtpx:cad></gpxtpx:TrackPointExtension></extensions></trkpt><trkpt lat="35.94801039" lon="120.20424035"><ele>-41.630001068115234</ele><time>2022-05-22T22:12:45Z</time><extensions><gpxtpx:TrackPointExtension><gpxtpx:hr>165</gpxtpx:hr><gpxtpx:cad>89</gpxtpx:cad></gpxtpx:TrackPointExtension></extensions></trkpt><trkpt lat="35.94802305" lon="120.20424634"><ele>-41.65999984741211</ele><time>2022-05-22T22:12:46Z</time><extensions><gpxtpx:TrackPointExtension><gpxtpx:hr>165</gpxtpx:hr><gpxtpx:cad>89</gpxtpx:cad></gpxtpx:TrackPointExtension></extensions></trkpt><trkpt lat="35.94803504" lon="120.20425267"><ele>-41.68000030517578</ele><time>2022-05-22T22:12:47Z</time><extensions><gpxtpx:TrackPointExtension><gpxtpx:hr>163</gpxtpx:hr><gpxtpx:cad>89</gpxtpx:cad></gpxtpx:TrackPointExtension></extensions></trkpt><trkpt lat="35.9480467" lon="120.20425833"><ele>-41.70000076293945</ele><time>2022-05-22T22:12:48Z</time><extensions><gpxtpx:TrackPointExtension><gpxtpx:hr>163</gpxtpx:hr><gpxtpx:cad>89</gpxtpx:cad></gpxtpx:TrackPointExtension></extensions></trkpt><trkpt lat="35.94806003" lon="120.20426499"><ele>-41.70000076293945</ele><time>2022-05-22T22:12:49Z</time><extensions><gpxtpx:TrackPointExtension><gpxtpx:hr>162</gpxtpx:hr><gpxtpx:cad>89</gpxtpx:cad></gpxtpx:TrackPointExtension></extensions></trkpt><trkpt lat="35.94807403" lon="120.20427165"><ele>-41.720001220703125</ele><time>2022-05-22T22:12:50Z</time><extensions><gpxtpx:TrackPointExtension><gpxtpx:hr>162</gpxtpx:hr><gpxtpx:cad>62</gpxtpx:cad></gpxtpx:TrackPointExtension></extensions></trkpt><trkpt lat="35.94808836" lon="120.20427898"><ele>-41.720001220703125</ele><time>2022-05-22T22:12:51Z</time><extensions><gpxtpx:TrackPointExtension><gpxtpx:hr>162</gpxtpx:hr><gpxtpx:cad>64</gpxtpx:cad></gpxtpx:TrackPointExtension></extensions></trkpt><trkpt lat="35.94810336" lon="120.20428664"><ele>-41.720001220703125</ele><time>2022-05-22T22:12:52Z</time><extensions><gpxtpx:TrackPointExtension><gpxtpx:hr>161</gpxtpx:hr><gpxtpx:cad>64</gpxtpx:cad></gpxtpx:TrackPointExtension></extensions></trkpt><trkpt lat="35.94811869" lon="120.20429497"><ele>-41.70000076293945</ele><time>2022-05-22T22:12:53Z</time><extensions><gpxtpx:TrackPointExtension><gpxtpx:hr>160</gpxtpx:hr><gpxtpx:cad>64</gpxtpx:cad></gpxtpx:TrackPointExtension></extensions></trkpt><trkpt lat="35.94813635" lon="120.20430497"><ele>-41.68000030517578</ele><time>2022-05-22T22:12:54Z</time><extensions><gpxtpx:TrackPointExtension><gpxtpx:hr>161</gpxtpx:hr><gpxtpx:cad>64</gpxtpx:cad></gpxtpx:TrackPointExtension></extensions></trkpt><trkpt lat="35.94815401" lon="120.20431596"><ele>-41.68000030517578</ele><time>2022-05-22T22:12:55Z</time><extensions><gpxtpx:TrackPointExtension><gpxtpx:hr>161</gpxtpx:hr><gpxtpx:cad>64</gpxtpx:cad></gpxtpx:TrackPointExtension></extensions></trkpt><trkpt lat="35.94817167" lon="120.20432896"><ele>-41.70000076293945</ele><time>2022-05-22T22:12:56Z</time><extensions><gpxtpx:TrackPointExtension><gpxtpx:hr>161</gpxtpx:hr><gpxtpx:cad>64</gpxtpx:cad></gpxtpx:TrackPointExtension></extensions></trkpt><trkpt lat="35.948188" lon="120.20434362"><ele>-41.70000076293945</ele><time>2022-05-22T22:12:57Z</time><extensions><gpxtpx:TrackPointExtension><gpxtpx:hr>161</gpxtpx:hr><gpxtpx:cad>64</gpxtpx:cad></gpxtpx:TrackPointExtension></extensions></trkpt><trkpt lat="35.94820499" lon="120.20435928"><ele>-41.720001220703125</ele><time>2022-05-22T22:12:58Z</time><extensions><gpxtpx:TrackPointExtension><gpxtpx:hr>162</gpxtpx:hr><gpxtpx:cad>64</gpxtpx:cad></gpxtpx:TrackPointExtension></extensions></trkpt><trkpt lat="35.94822198" lon="120.20437494"><ele>-41.720001220703125</ele><time>2022-05-22T22:12:59Z</time><extensions><gpxtpx:TrackPointExtension><gpxtpx:hr>162</gpxtpx:hr><gpxtpx:cad>64</gpxtpx:cad></gpxtpx:TrackPointExtension></extensions></trkpt><trkpt lat="35.94824031" lon="120.20439127"><ele>-41.7400016784668</ele><time>2022-05-22T22:13:00Z</time><extensions><gpxtpx:TrackPointExtension><gpxtpx:hr>162</gpxtpx:hr><gpxtpx:cad>64</gpxtpx:cad></gpxtpx:TrackPointExtension></extensions></trkpt><trkpt lat="35.94825797" lon="120.2044086"><ele>-41.70000076293945</ele><time>2022-05-22T22:13:01Z</time><extensions><gpxtpx:TrackPointExtension><gpxtpx:hr>162</gpxtpx:hr><gpxtpx:cad>64</gpxtpx:cad></gpxtpx:TrackPointExtension></extensions></trkpt><trkpt lat="35.9482763" lon="120.20442726"><ele>-41.70000076293945</ele><time>2022-05-22T22:13:02Z</time><extensions><gpxtpx:TrackPointExtension><gpxtpx:hr>162</gpxtpx:hr><gpxtpx:cad>64</gpxtpx:cad></gpxtpx:TrackPointExtension></extensions></trkpt><trkpt lat="35.94829396" lon="120.20444626"><ele>-41.650001525878906</ele><time>2022-05-22T22:13:03Z</time><extensions><gpxtpx:TrackPointExtension><gpxtpx:hr>162</gpxtpx:hr><gpxtpx:cad>89</gpxtpx:cad></gpxtpx:TrackPointExtension></extensions></trkpt><trkpt lat="35.94831196" lon="120.20446559"><ele>-41.650001525878906</ele><time>2022-05-22T22:13:04Z</time><extensions><gpxtpx:TrackPointExtension><gpxtpx:hr>163</gpxtpx:hr><gpxtpx:cad>89</gpxtpx:cad></gpxtpx:TrackPointExtension></extensions></trkpt><trkpt lat="35.94832895" lon="120.20448592"><ele>-41.65999984741211</ele><time>2022-05-22T22:13:05Z</time><extensions><gpxtpx:TrackPointExtension><gpxtpx:hr>163</gpxtpx:hr><gpxtpx:cad>89</gpxtpx:cad></gpxtpx:TrackPointExtension></extensions></trkpt><trkpt lat="35.94834728" lon="120.20450591"><ele>-41.65999984741211</ele><time>2022-05-22T22:13:06Z</time><extensions><gpxtpx:TrackPointExtension><gpxtpx:hr>163</gpxtpx:hr><gpxtpx:cad>89</gpxtpx:cad></gpxtpx:TrackPointExtension></extensions></trkpt><trkpt lat="35.94836528" lon="120.20452591"><ele>-41.65999984741211</ele><time>2022-05-22T22:13:07Z</time><extensions><gpxtpx:TrackPointExtension><gpxtpx:hr>164</gpxtpx:hr><gpxtpx:cad>90</gpxtpx:cad></gpxtpx:TrackPointExtension></extensions></trkpt><trkpt lat="35.94838294" lon="120.2045449"><ele>-41.65999984741211</ele><time>2022-05-22T22:13:08Z</time><extensions><gpxtpx:TrackPointExtension><gpxtpx:hr>165</gpxtpx:hr><gpxtpx:cad>89</gpxtpx:cad></gpxtpx:TrackPointExtension></extensions></trkpt><trkpt lat="35.94840027" lon="120.20456356"><ele>-41.65999984741211</ele><time>2022-05-22T22:13:09Z</time><extensions><gpxtpx:TrackPointExtension><gpxtpx:hr>166</gpxtpx:hr><gpxtpx:cad>89</gpxtpx:cad></gpxtpx:TrackPointExtension></extensions></trkpt><trkpt lat="35.94841726" lon="120.20458222"><ele>-41.65999984741211</ele><time>2022-05-22T22:13:10Z</time><extensions><gpxtpx:TrackPointExtension><gpxtpx:hr>166</gpxtpx:hr><gpxtpx:cad>88</gpxtpx:cad></gpxtpx:TrackPointExtension></extensions></trkpt><trkpt lat="35.94843526" lon="120.20460121"><ele>-41.650001525878906</ele><time>2022-05-22T22:13:11Z</time><extensions><gpxtpx:TrackPointExtension><gpxtpx:hr>166</gpxtpx:hr><gpxtpx:cad>89</gpxtpx:cad></gpxtpx:TrackPointExtension></extensions></trkpt><trkpt lat="35.94845692" lon="120.20462021"><ele>-41.650001525878906</ele><time>2022-05-22T22:13:12Z</time><extensions><gpxtpx:TrackPointExtension><gpxtpx:hr>165</gpxtpx:hr><gpxtpx:cad>88</gpxtpx:cad></gpxtpx:TrackPointExtension></extensions></trkpt><trkpt lat="35.94847825" lon="120.2046392"><ele>-41.650001525878906</ele><time>2022-05-22T22:13:13Z</time><extensions><gpxtpx:TrackPointExtension><gpxtpx:hr>165</gpxtpx:hr><gpxtpx:cad>89</gpxtpx:cad></gpxtpx:TrackPointExtension></extensions></trkpt><trkpt lat="35.94849924" lon="120.20465819"><ele>-41.650001525878906</ele><time>2022-05-22T22:13:14Z</time><extensions><gpxtpx:TrackPointExtension><gpxtpx:hr>165</gpxtpx:hr><gpxtpx:cad>89</gpxtpx:cad></gpxtpx:TrackPointExtension></extensions></trkpt><trkpt lat="35.94852057" lon="120.20467719"><ele>-41.650001525878906</ele><time>2022-05-22T22:13:15Z</time><extensions><gpxtpx:TrackPointExtension><gpxtpx:hr>164</gpxtpx:hr><gpxtpx:cad>90</gpxtpx:cad></gpxtpx:TrackPointExtension></extensions></trkpt><trkpt lat="35.94853957" lon="120.20469685"><ele>-41.65999984741211</ele><time>2022-05-22T22:13:16Z</time><extensions><gpxtpx:TrackPointExtension><gpxtpx:hr>163</gpxtpx:hr><gpxtpx:cad>90</gpxtpx:cad></gpxtpx:TrackPointExtension></extensions></trkpt><trkpt lat="35.9485579" lon="120.20471618"><ele>-41.65999984741211</ele><time>2022-05-22T22:13:17Z</time><extensions><gpxtpx:TrackPointExtension><gpxtpx:hr>163</gpxtpx:hr><gpxtpx:cad>89</gpxtpx:cad></gpxtpx:TrackPointExtension></extensions></trkpt><trkpt lat="35.94857489" lon="120.20473551"><ele>-41.65999984741211</ele><time>2022-05-22T22:13:18Z</time><extensions><gpxtpx:TrackPointExtension><gpxtpx:hr>163</gpxtpx:hr><gpxtpx:cad>89</gpxtpx:cad></gpxtpx:TrackPointExtension></extensions></trkpt><trkpt lat="35.94859022" lon="120.20475517"><ele>-41.630001068115234</ele><time>2022-05-22T22:13:19Z</time><extensions><gpxtpx:TrackPointExtension><gpxtpx:hr>164</gpxtpx:hr><gpxtpx:cad>88</gpxtpx:cad></gpxtpx:TrackPointExtension></extensions></trkpt><trkpt lat="35.94860422" lon="120.20477416"><ele>-41.630001068115234</ele><time>2022-05-22T22:13:20Z</time><extensions><gpxtpx:TrackPointExtension><gpxtpx:hr>165</gpxtpx:hr><gpxtpx:cad>88</gpxtpx:cad></gpxtpx:TrackPointExtension></extensions></trkpt><trkpt lat="35.94861822" lon="120.20479315"><ele>-41.61000061035156</ele><time>2022-05-22T22:13:21Z</time><extensions><gpxtpx:TrackPointExtension><gpxtpx:hr>166</gpxtpx:hr><gpxtpx:cad>88</gpxtpx:cad></gpxtpx:TrackPointExtension></extensions></trkpt><trkpt lat="35.94863321" lon="120.20481315"><ele>-41.61000061035156</ele><time>2022-05-22T22:13:22Z</time><extensions><gpxtpx:TrackPointExtension><gpxtpx:hr>166</gpxtpx:hr><gpxtpx:cad>88</gpxtpx:cad></gpxtpx:TrackPointExtension></extensions></trkpt><trkpt lat="35.94865087" lon="120.20483348"><ele>-41.59000015258789</ele><time>2022-05-22T22:13:23Z</time><extensions><gpxtpx:TrackPointExtension><gpxtpx:hr>166</gpxtpx:hr><gpxtpx:cad>88</gpxtpx:cad></gpxtpx:TrackPointExtension></extensions></trkpt><trkpt lat="35.94866887" lon="120.20485314"><ele>-41.59000015258789</ele><time>2022-05-22T22:13:24Z</time><extensions><gpxtpx:TrackPointExtension><gpxtpx:hr>166</gpxtpx:hr><gpxtpx:cad>89</gpxtpx:cad></gpxtpx:TrackPointExtension></extensions></trkpt><trkpt lat="35.9486892" lon="120.2048728"><ele>-41.58000183105469</ele><time>2022-05-22T22:13:25Z</time><extensions><gpxtpx:TrackPointExtension><gpxtpx:hr>166</gpxtpx:hr><gpxtpx:cad>89</gpxtpx:cad></gpxtpx:TrackPointExtension></extensions></trkpt><trkpt lat="35.94871053" lon="120.2048928"><ele>-41.58000183105469</ele><time>2022-05-22T22:13:26Z</time><extensions><gpxtpx:TrackPointExtension><gpxtpx:hr>167</gpxtpx:hr><gpxtpx:cad>89</gpxtpx:cad></gpxtpx:TrackPointExtension></extensions></trkpt><trkpt lat="35.94873186" lon="120.2049128"><ele>-41.560001373291016</ele><time>2022-05-22T22:13:27Z</time><extensions><gpxtpx:TrackPointExtension><gpxtpx:hr>167</gpxtpx:hr><gpxtpx:cad>89</gpxtpx:cad></gpxtpx:TrackPointExtension></extensions></trkpt><trkpt lat="35.94875219" lon="120.20493313"><ele>-41.560001373291016</ele><time>2022-05-22T22:13:28Z</time><extensions><gpxtpx:TrackPointExtension><gpxtpx:hr>167</gpxtpx:hr><gpxtpx:cad>88</gpxtpx:cad></gpxtpx:TrackPointExtension></extensions></trkpt><trkpt lat="35.94877352" lon="120.20495346"><ele>-41.540000915527344</ele><time>2022-05-22T22:13:29Z</time><extensions><gpxtpx:TrackPointExtension><gpxtpx:hr>167</gpxtpx:hr><gpxtpx:cad>88</gpxtpx:cad></gpxtpx:TrackPointExtension></extensions></trkpt><trkpt lat="35.94879451" lon="120.20497379"><ele>-41.540000915527344</ele><time>2022-05-22T22:13:30Z</time><extensions><gpxtpx:TrackPointExtension><gpxtpx:hr>167</gpxtpx:hr><gpxtpx:cad>88</gpxtpx:cad></gpxtpx:TrackPointExtension></extensions></trkpt><trkpt lat="35.9488145" lon="120.20499345"><ele>-41.52000045776367</ele><time>2022-05-22T22:13:31Z</time><extensions><gpxtpx:TrackPointExtension><gpxtpx:hr>167</gpxtpx:hr><gpxtpx:cad>88</gpxtpx:cad></gpxtpx:TrackPointExtension></extensions></trkpt><trkpt lat="35.9488345" lon="120.20501311"><ele>-41.470001220703125</ele><time>2022-05-22T22:13:32Z</time><extensions><gpxtpx:TrackPointExtension><gpxtpx:hr>167</gpxtpx:hr><gpxtpx:cad>89</gpxtpx:cad></gpxtpx:TrackPointExtension></extensions></trkpt><trkpt lat="35.94885349" lon="120.20503311"><ele>-41.40999984741211</ele><time>2022-05-22T22:13:33Z</time><extensions><gpxtpx:TrackPointExtension><gpxtpx:hr>167</gpxtpx:hr><gpxtpx:cad>89</gpxtpx:cad></gpxtpx:TrackPointExtension></extensions></trkpt><trkpt lat="35.94887149" lon="120.20505344"><ele>-41.380001068115234</ele><time>2022-05-22T22:13:34Z</time><extensions><gpxtpx:TrackPointExtension><gpxtpx:hr>167</gpxtpx:hr><gpxtpx:cad>89</gpxtpx:cad></gpxtpx:TrackPointExtension></extensions></trkpt><trkpt lat="35.94888815" lon="120.2050731"><ele>-41.380001068115234</ele><time>2022-05-22T22:13:35Z</time><extensions><gpxtpx:TrackPointExtension><gpxtpx:hr>167</gpxtpx:hr><gpxtpx:cad>89</gpxtpx:cad></gpxtpx:TrackPointExtension></extensions></trkpt><trkpt lat="35.94890648" lon="120.20509243"><ele>-41.290000915527344</ele><time>2022-05-22T22:13:36Z</time><extensions><gpxtpx:TrackPointExtension><gpxtpx:hr>167</gpxtpx:hr><gpxtpx:cad>89</gpxtpx:cad></gpxtpx:TrackPointExtension></extensions></trkpt><trkpt lat="35.94892514" lon="120.20511143"><ele>-41.290000915527344</ele><time>2022-05-22T22:13:37Z</time><extensions><gpxtpx:TrackPointExtension><gpxtpx:hr>167</gpxtpx:hr><gpxtpx:cad>88</gpxtpx:cad></gpxtpx:TrackPointExtension></extensions></trkpt><trkpt lat="35.9489438" lon="120.20513076"><ele>-41.220001220703125</ele><time>2022-05-22T22:13:38Z</time><extensions><gpxtpx:TrackPointExtension><gpxtpx:hr>167</gpxtpx:hr><gpxtpx:cad>89</gpxtpx:cad></gpxtpx:TrackPointExtension></extensions></trkpt><trkpt lat="35.94896079" lon="120.20515076"><ele>-41.18000030517578</ele><time>2022-05-22T22:13:39Z</time><extensions><gpxtpx:TrackPointExtension><gpxtpx:hr>167</gpxtpx:hr><gpxtpx:cad>88</gpxtpx:cad></gpxtpx:TrackPointExtension></extensions></trkpt><trkpt lat="35.94897712" lon="120.20517009"><ele>-41.150001525878906</ele><time>2022-05-22T22:13:40Z</time><extensions><gpxtpx:TrackPointExtension><gpxtpx:hr>168</gpxtpx:hr><gpxtpx:cad>90</gpxtpx:cad></gpxtpx:TrackPointExtension></extensions></trkpt><trkpt lat="35.94899145" lon="120.20518942"><ele>-41.130001068115234</ele><time>2022-05-22T22:13:41Z</time><extensions><gpxtpx:TrackPointExtension><gpxtpx:hr>169</gpxtpx:hr><gpxtpx:cad>88</gpxtpx:cad></gpxtpx:TrackPointExtension></extensions></trkpt><trkpt lat="35.94900511" lon="120.20520875"><ele>-41.11000061035156</ele><time>2022-05-22T22:13:42Z</time><extensions><gpxtpx:TrackPointExtension><gpxtpx:hr>170</gpxtpx:hr><gpxtpx:cad>88</gpxtpx:cad></gpxtpx:TrackPointExtension></extensions></trkpt><trkpt lat="35.94901844" lon="120.20522775"><ele>-41.09000015258789</ele><time>2022-05-22T22:13:43Z</time><extensions><gpxtpx:TrackPointExtension><gpxtpx:hr>169</gpxtpx:hr><gpxtpx:cad>88</gpxtpx:cad></gpxtpx:TrackPointExtension></extensions></trkpt><trkpt lat="35.9490351" lon="120.20524541"><ele>-41.060001373291016</ele><time>2022-05-22T22:13:44Z</time><extensions><gpxtpx:TrackPointExtension><gpxtpx:hr>168</gpxtpx:hr><gpxtpx:cad>88</gpxtpx:cad></gpxtpx:TrackPointExtension></extensions></trkpt><trkpt lat="35.94905209" lon="120.2052624"><ele>-41.060001373291016</ele><time>2022-05-22T22:13:45Z</time><extensions><gpxtpx:TrackPointExtension><gpxtpx:hr>168</gpxtpx:hr><gpxtpx:cad>88</gpxtpx:cad></gpxtpx:TrackPointExtension></extensions></trkpt><trkpt lat="35.94906742" lon="120.20527639"><ele>-41.08000183105469</ele><time>2022-05-22T22:13:46Z</time><extensions><gpxtpx:TrackPointExtension><gpxtpx:hr>168</gpxtpx:hr><gpxtpx:cad>88</gpxtpx:cad></gpxtpx:TrackPointExtension></extensions></trkpt><trkpt lat="35.94908275" lon="120.20528805"><ele>-41.11000061035156</ele><time>2022-05-22T22:13:47Z</time><extensions><gpxtpx:TrackPointExtension><gpxtpx:hr>168</gpxtpx:hr><gpxtpx:cad>88</gpxtpx:cad></gpxtpx:TrackPointExtension></extensions></trkpt><trkpt lat="35.94909675" lon="120.20529871"><ele>-41.150001525878906</ele><time>2022-05-22T22:13:48Z</time><extensions><gpxtpx:TrackPointExtension><gpxtpx:hr>168</gpxtpx:hr><gpxtpx:cad>88</gpxtpx:cad></gpxtpx:TrackPointExtension></extensions></trkpt><trkpt lat="35.94910941" lon="120.20530937"><ele>-41.18000030517578</ele><time>2022-05-22T22:13:49Z</time><extensions><gpxtpx:TrackPointExtension><gpxtpx:hr>168</gpxtpx:hr><gpxtpx:cad>88</gpxtpx:cad></gpxtpx:TrackPointExtension></extensions></trkpt><trkpt lat="35.94912107" lon="120.2053207"><ele>-41.220001220703125</ele><time>2022-05-22T22:13:50Z</time><extensions><gpxtpx:TrackPointExtension><gpxtpx:hr>168</gpxtpx:hr><gpxtpx:cad>88</gpxtpx:cad></gpxtpx:TrackPointExtension></extensions></trkpt><trkpt lat="35.9491324" lon="120.20533236"><ele>-41.25</ele><time>2022-05-22T22:13:51Z</time><extensions><gpxtpx:TrackPointExtension><gpxtpx:hr>169</gpxtpx:hr><gpxtpx:cad>88</gpxtpx:cad></gpxtpx:TrackPointExtension></extensions></trkpt><trkpt lat="35.94914206" lon="120.20534369"><ele>-41.27000045776367</ele><time>2022-05-22T22:13:52Z</time><extensions><gpxtpx:TrackPointExtension><gpxtpx:hr>171</gpxtpx:hr><gpxtpx:cad>88</gpxtpx:cad></gpxtpx:TrackPointExtension></extensions></trkpt><trkpt lat="35.94915272" lon="120.20535402"><ele>-41.290000915527344</ele><time>2022-05-22T22:13:53Z</time><extensions><gpxtpx:TrackPointExtension><gpxtpx:hr>172</gpxtpx:hr><gpxtpx:cad>88</gpxtpx:cad></gpxtpx:TrackPointExtension></extensions></trkpt><trkpt lat="35.94916338" lon="120.20536368"><ele>-41.33000183105469</ele><time>2022-05-22T22:13:54Z</time><extensions><gpxtpx:TrackPointExtension><gpxtpx:hr>173</gpxtpx:hr><gpxtpx:cad>88</gpxtpx:cad></gpxtpx:TrackPointExtension></extensions></trkpt><trkpt lat="35.94917438" lon="120.20537334"><ele>-41.34000015258789</ele><time>2022-05-22T22:13:55Z</time><extensions><gpxtpx:TrackPointExtension><gpxtpx:hr>173</gpxtpx:hr><gpxtpx:cad>88</gpxtpx:cad></gpxtpx:TrackPointExtension></extensions></trkpt><trkpt lat="35.94918638" lon="120.20538367"><ele>-41.36000061035156</ele><time>2022-05-22T22:13:56Z</time><extensions><gpxtpx:TrackPointExtension><gpxtpx:hr>173</gpxtpx:hr><gpxtpx:cad>88</gpxtpx:cad></gpxtpx:TrackPointExtension></extensions></trkpt><trkpt lat="35.94919871" lon="120.20539367"><ele>-41.36000061035156</ele><time>2022-05-22T22:13:57Z</time><extensions><gpxtpx:TrackPointExtension><gpxtpx:hr>172</gpxtpx:hr><gpxtpx:cad>88</gpxtpx:cad></gpxtpx:TrackPointExtension></extensions></trkpt><trkpt lat="35.94921004" lon="120.20540267"><ele>-41.380001068115234</ele><time>2022-05-22T22:13:58Z</time><extensions><gpxtpx:TrackPointExtension><gpxtpx:hr>172</gpxtpx:hr><gpxtpx:cad>88</gpxtpx:cad></gpxtpx:TrackPointExtension></extensions></trkpt><trkpt lat="35.9492217" lon="120.20541233"><ele>-41.36000061035156</ele><time>2022-05-22T22:13:59Z</time><extensions><gpxtpx:TrackPointExtension><gpxtpx:hr>172</gpxtpx:hr><gpxtpx:cad>88</gpxtpx:cad></gpxtpx:TrackPointExtension></extensions></trkpt><trkpt lat="35.94923369" lon="120.20542266"><ele>-41.36000061035156</ele><time>2022-05-22T22:14:00Z</time><extensions><gpxtpx:TrackPointExtension><gpxtpx:hr>173</gpxtpx:hr><gpxtpx:cad>88</gpxtpx:cad></gpxtpx:TrackPointExtension></extensions></trkpt><trkpt lat="35.94924669" lon="120.20543432"><ele>-41.34000015258789</ele><time>2022-05-22T22:14:01Z</time><extensions><gpxtpx:TrackPointExtension><gpxtpx:hr>173</gpxtpx:hr><gpxtpx:cad>88</gpxtpx:cad></gpxtpx:TrackPointExtension></extensions></trkpt><trkpt lat="35.94926069" lon="120.20544832"><ele>-41.310001373291016</ele><time>2022-05-22T22:14:02Z</time><extensions><gpxtpx:TrackPointExtension><gpxtpx:hr>173</gpxtpx:hr><gpxtpx:cad>88</gpxtpx:cad></gpxtpx:TrackPointExtension></extensions></trkpt><trkpt lat="35.94927369" lon="120.20546365"><ele>-41.290000915527344</ele><time>2022-05-22T22:14:03Z</time><extensions><gpxtpx:TrackPointExtension><gpxtpx:cad>88</gpxtpx:cad></gpxtpx:TrackPointExtension></extensions></trkpt><trkpt lat="35.94928635" lon="120.20547831"><ele>-41.27000045776367</ele><time>2022-05-22T22:14:04Z</time><extensions><gpxtpx:TrackPointExtension><gpxtpx:hr>173</gpxtpx:hr><gpxtpx:cad>88</gpxtpx:cad></gpxtpx:TrackPointExtension></extensions></trkpt><trkpt lat="35.94929901" lon="120.20549297"><ele>-41.290000915527344</ele><time>2022-05-22T22:14:05Z</time><extensions><gpxtpx:TrackPointExtension><gpxtpx:hr>173</gpxtpx:hr><gpxtpx:cad>88</gpxtpx:cad></gpxtpx:TrackPointExtension></extensions></trkpt><trkpt lat="35.949311" lon="120.20550863"><ele>-41.290000915527344</ele><time>2022-05-22T22:14:06Z</time><extensions><gpxtpx:TrackPointExtension><gpxtpx:hr>173</gpxtpx:hr><gpxtpx:cad>53</gpxtpx:cad></gpxtpx:TrackPointExtension></extensions></trkpt><trkpt lat="35.94932166" lon="120.20552263"><ele>-41.290000915527344</ele><time>2022-05-22T22:14:07Z</time><extensions><gpxtpx:TrackPointExtension><gpxtpx:hr>174</gpxtpx:hr><gpxtpx:cad>53</gpxtpx:cad></gpxtpx:TrackPointExtension></extensions></trkpt><trkpt lat="35.94933332" lon="120.20553662"><ele>-41.290000915527344</ele><time>2022-05-22T22:14:08Z</time><extensions><gpxtpx:TrackPointExtension><gpxtpx:cad>55</gpxtpx:cad></gpxtpx:TrackPointExtension></extensions></trkpt><trkpt lat="35.94934498" lon="120.20555028"><ele>-41.25</ele><time>2022-05-22T22:14:09Z</time><extensions><gpxtpx:TrackPointExtension><gpxtpx:hr>174</gpxtpx:hr><gpxtpx:cad>56</gpxtpx:cad></gpxtpx:TrackPointExtension></extensions></trkpt><trkpt lat="35.94935397" lon="120.20556361"><ele>-41.220001220703125</ele><time>2022-05-22T22:14:10Z</time><extensions><gpxtpx:TrackPointExtension><gpxtpx:hr>174</gpxtpx:hr><gpxtpx:cad>59</gpxtpx:cad></gpxtpx:TrackPointExtension></extensions></trkpt><trkpt lat="35.94936296" lon="120.20557761"><ele>-41.20000076293945</ele><time>2022-05-22T22:14:11Z</time><extensions><gpxtpx:TrackPointExtension><gpxtpx:hr>174</gpxtpx:hr><gpxtpx:cad>61</gpxtpx:cad></gpxtpx:TrackPointExtension></extensions></trkpt><trkpt lat="35.94937262" lon="120.20559327"><ele>-41.15999984741211</ele><time>2022-05-22T22:14:12Z</time><extensions><gpxtpx:TrackPointExtension><gpxtpx:hr>174</gpxtpx:hr><gpxtpx:cad>61</gpxtpx:cad></gpxtpx:TrackPointExtension></extensions></trkpt><trkpt lat="35.94938295" lon="120.2056076"><ele>-41.130001068115234</ele><time>2022-05-22T22:14:13Z</time><extensions><gpxtpx:TrackPointExtension><gpxtpx:hr>173</gpxtpx:hr><gpxtpx:cad>60</gpxtpx:cad></gpxtpx:TrackPointExtension></extensions></trkpt><trkpt lat="35.94939294" lon="120.20562093"><ele>-41.11000061035156</ele><time>2022-05-22T22:14:14Z</time><extensions><gpxtpx:TrackPointExtension><gpxtpx:hr>171</gpxtpx:hr><gpxtpx:cad>60</gpxtpx:cad></gpxtpx:TrackPointExtension></extensions></trkpt><trkpt lat="35.9494036" lon="120.20563459"><ele>-41.11000061035156</ele><time>2022-05-22T22:14:15Z</time><extensions><gpxtpx:TrackPointExtension><gpxtpx:hr>171</gpxtpx:hr><gpxtpx:cad>60</gpxtpx:cad></gpxtpx:TrackPointExtension></extensions></trkpt><trkpt lat="35.94941359" lon="120.20564792"><ele>-41.11000061035156</ele><time>2022-05-22T22:14:16Z</time><extensions><gpxtpx:TrackPointExtension><gpxtpx:hr>171</gpxtpx:hr><gpxtpx:cad>60</gpxtpx:cad></gpxtpx:TrackPointExtension></extensions></trkpt><trkpt lat="35.94942225" lon="120.20566058"><ele>-41.130001068115234</ele><time>2022-05-22T22:14:17Z</time><extensions><gpxtpx:TrackPointExtension><gpxtpx:hr>171</gpxtpx:hr><gpxtpx:cad>60</gpxtpx:cad></gpxtpx:TrackPointExtension></extensions></trkpt><trkpt lat="35.94942991" lon="120.20567258"><ele>-41.150001525878906</ele><time>2022-05-22T22:14:18Z</time><extensions><gpxtpx:TrackPointExtension><gpxtpx:hr>171</gpxtpx:hr><gpxtpx:cad>60</gpxtpx:cad></gpxtpx:TrackPointExtension></extensions></trkpt><trkpt lat="35.94943857" lon="120.20568424"><ele>-41.150001525878906</ele><time>2022-05-22T22:14:19Z</time><extensions><gpxtpx:TrackPointExtension><gpxtpx:hr>171</gpxtpx:hr><gpxtpx:cad>60</gpxtpx:cad></gpxtpx:TrackPointExtension></extensions></trkpt><trkpt lat="35.94944923" lon="120.2056959"><ele>-41.18000030517578</ele><time>2022-05-22T22:14:20Z</time><extensions><gpxtpx:TrackPointExtension><gpxtpx:hr>170</gpxtpx:hr><gpxtpx:cad>60</gpxtpx:cad></gpxtpx:TrackPointExtension></extensions></trkpt><trkpt lat="35.94945923" lon="120.20570656"><ele>-41.20000076293945</ele><time>2022-05-22T22:14:21Z</time><extensions><gpxtpx:TrackPointExtension><gpxtpx:hr>170</gpxtpx:hr><gpxtpx:cad>60</gpxtpx:cad></gpxtpx:TrackPointExtension></extensions></trkpt><trkpt lat="35.94946822" lon="120.20571689"><ele>-41.20000076293945</ele><time>2022-05-22T22:14:22Z</time><extensions><gpxtpx:TrackPointExtension><gpxtpx:hr>170</gpxtpx:hr><gpxtpx:cad>60</gpxtpx:cad></gpxtpx:TrackPointExtension></extensions></trkpt><trkpt lat="35.94947588" lon="120.20572622"><ele>-41.220001220703125</ele><time>2022-05-22T22:14:23Z</time><extensions><gpxtpx:TrackPointExtension><gpxtpx:hr>170</gpxtpx:hr><gpxtpx:cad>60</gpxtpx:cad></gpxtpx:TrackPointExtension></extensions></trkpt><trkpt lat="35.94948287" lon="120.20573522"><ele>-41.2400016784668</ele><time>2022-05-22T22:14:24Z</time><extensions><gpxtpx:TrackPointExtension><gpxtpx:hr>170</gpxtpx:hr><gpxtpx:cad>60</gpxtpx:cad></gpxtpx:TrackPointExtension></extensions></trkpt><trkpt lat="35.9494892" lon="120.20574321"><ele>-41.2400016784668</ele><time>2022-05-22T22:14:25Z</time><extensions><gpxtpx:TrackPointExtension><gpxtpx:hr>169</gpxtpx:hr><gpxtpx:cad>62</gpxtpx:cad></gpxtpx:TrackPointExtension></extensions></trkpt><trkpt lat="35.94949553" lon="120.20575087"><ele>-41.2400016784668</ele><time>2022-05-22T22:14:26Z</time><extensions><gpxtpx:TrackPointExtension><gpxtpx:hr>169</gpxtpx:hr><gpxtpx:cad>62</gpxtpx:cad></gpxtpx:TrackPointExtension></extensions></trkpt><trkpt lat="35.94950152" lon="120.20575887"><ele>-41.220001220703125</ele><time>2022-05-22T22:14:27Z</time><extensions><gpxtpx:TrackPointExtension><gpxtpx:hr>169</gpxtpx:hr><gpxtpx:cad>62</gpxtpx:cad></gpxtpx:TrackPointExtension></extensions></trkpt><trkpt lat="35.94950885" lon="120.20576553"><ele>-41.20000076293945</ele><time>2022-05-22T22:14:28Z</time><extensions><gpxtpx:TrackPointExtension><gpxtpx:hr>169</gpxtpx:hr><gpxtpx:cad>62</gpxtpx:cad></gpxtpx:TrackPointExtension></extensions></trkpt><trkpt lat="35.94951751" lon="120.20577252"><ele>-41.18000030517578</ele><time>2022-05-22T22:14:29Z</time><extensions><gpxtpx:TrackPointExtension><gpxtpx:hr>169</gpxtpx:hr><gpxtpx:cad>62</gpxtpx:cad></gpxtpx:TrackPointExtension></extensions></trkpt><trkpt lat="35.94952651" lon="120.20577985"><ele>-41.150001525878906</ele><time>2022-05-22T22:14:30Z</time><extensions><gpxtpx:TrackPointExtension><gpxtpx:hr>170</gpxtpx:hr><gpxtpx:cad>62</gpxtpx:cad></gpxtpx:TrackPointExtension></extensions></trkpt><trkpt lat="35.9495365" lon="120.20578918"><ele>-41.130001068115234</ele><time>2022-05-22T22:14:31Z</time><extensions><gpxtpx:TrackPointExtension><gpxtpx:hr>169</gpxtpx:hr><gpxtpx:cad>62</gpxtpx:cad></gpxtpx:TrackPointExtension></extensions></trkpt><trkpt lat="35.94954816" lon="120.20579884"><ele>-41.130001068115234</ele><time>2022-05-22T22:14:32Z</time><extensions><gpxtpx:TrackPointExtension><gpxtpx:hr>169</gpxtpx:hr><gpxtpx:cad>62</gpxtpx:cad></gpxtpx:TrackPointExtension></extensions></trkpt><trkpt lat="35.94956016" lon="120.20580784"><ele>-41.150001525878906</ele><time>2022-05-22T22:14:33Z</time><extensions><gpxtpx:TrackPointExtension><gpxtpx:hr>169</gpxtpx:hr><gpxtpx:cad>62</gpxtpx:cad></gpxtpx:TrackPointExtension></extensions></trkpt><trkpt lat="35.94957282" lon="120.20581717"><ele>-41.18000030517578</ele><time>2022-05-22T22:14:34Z</time><extensions><gpxtpx:TrackPointExtension><gpxtpx:hr>168</gpxtpx:hr><gpxtpx:cad>62</gpxtpx:cad></gpxtpx:TrackPointExtension></extensions></trkpt><trkpt lat="35.94958515" lon="120.2058275"><ele>-41.20000076293945</ele><time>2022-05-22T22:14:35Z</time><extensions><gpxtpx:TrackPointExtension><gpxtpx:hr>168</gpxtpx:hr><gpxtpx:cad>62</gpxtpx:cad></gpxtpx:TrackPointExtension></extensions></trkpt><trkpt lat="35.94959781" lon="120.2058385"><ele>-41.220001220703125</ele><time>2022-05-22T22:14:36Z</time><extensions><gpxtpx:TrackPointExtension><gpxtpx:hr>167</gpxtpx:hr><gpxtpx:cad>62</gpxtpx:cad></gpxtpx:TrackPointExtension></extensions></trkpt><trkpt lat="35.94961047" lon="120.20585116"><ele>-41.25</ele><time>2022-05-22T22:14:37Z</time><extensions><gpxtpx:TrackPointExtension><gpxtpx:hr>167</gpxtpx:hr><gpxtpx:cad>62</gpxtpx:cad></gpxtpx:TrackPointExtension></extensions></trkpt><trkpt lat="35.9496228" lon="120.20586416"><ele>-41.25</ele><time>2022-05-22T22:14:38Z</time><extensions><gpxtpx:TrackPointExtension><gpxtpx:hr>167</gpxtpx:hr><gpxtpx:cad>62</gpxtpx:cad></gpxtpx:TrackPointExtension></extensions></trkpt><trkpt lat="35.94963579" lon="120.20587815"><ele>-41.27000045776367</ele><time>2022-05-22T22:14:39Z</time><extensions><gpxtpx:TrackPointExtension><gpxtpx:hr>167</gpxtpx:hr><gpxtpx:cad>62</gpxtpx:cad></gpxtpx:TrackPointExtension></extensions></trkpt><trkpt lat="35.94964845" lon="120.20589215"><ele>-41.290000915527344</ele><time>2022-05-22T22:14:40Z</time><extensions><gpxtpx:TrackPointExtension><gpxtpx:hr>169</gpxtpx:hr><gpxtpx:cad>62</gpxtpx:cad></gpxtpx:TrackPointExtension></extensions></trkpt><trkpt lat="35.94966111" lon="120.20590681"><ele>-41.27000045776367</ele><time>2022-05-22T22:14:41Z</time><extensions><gpxtpx:TrackPointExtension><gpxtpx:hr>170</gpxtpx:hr><gpxtpx:cad>62</gpxtpx:cad></gpxtpx:TrackPointExtension></extensions></trkpt><trkpt lat="35.94967444" lon="120.20592147"><ele>-41.25</ele><time>2022-05-22T22:14:42Z</time><extensions><gpxtpx:TrackPointExtension><gpxtpx:hr>171</gpxtpx:hr><gpxtpx:cad>62</gpxtpx:cad></gpxtpx:TrackPointExtension></extensions></trkpt><trkpt lat="35.94968677" lon="120.2059358"><ele>-41.2400016784668</ele><time>2022-05-22T22:14:43Z</time><extensions><gpxtpx:TrackPointExtension><gpxtpx:hr>171</gpxtpx:hr><gpxtpx:cad>62</gpxtpx:cad></gpxtpx:TrackPointExtension></extensions></trkpt><trkpt lat="35.94969776" lon="120.20594846"><ele>-41.220001220703125</ele><time>2022-05-22T22:14:44Z</time><extensions><gpxtpx:TrackPointExtension><gpxtpx:hr>171</gpxtpx:hr><gpxtpx:cad>62</gpxtpx:cad></gpxtpx:TrackPointExtension></extensions></trkpt><trkpt lat="35.94970709" lon="120.20595779"><ele>-41.220001220703125</ele><time>2022-05-22T22:14:45Z</time><extensions><gpxtpx:TrackPointExtension><gpxtpx:hr>171</gpxtpx:hr><gpxtpx:cad>62</gpxtpx:cad></gpxtpx:TrackPointExtension></extensions></trkpt><trkpt lat="35.94971509" lon="120.20596212"><ele>-41.20000076293945</ele><time>2022-05-22T22:14:46Z</time><extensions><gpxtpx:TrackPointExtension><gpxtpx:hr>170</gpxtpx:hr><gpxtpx:cad>62</gpxtpx:cad></gpxtpx:TrackPointExtension></extensions></trkpt><trkpt lat="35.94972609" lon="120.20596345"><ele>-41.18000030517578</ele><time>2022-05-22T22:14:47Z</time><extensions><gpxtpx:TrackPointExtension><gpxtpx:hr>170</gpxtpx:hr><gpxtpx:cad>62</gpxtpx:cad></gpxtpx:TrackPointExtension></extensions></trkpt><trkpt lat="35.94973942" lon="120.20596179"><ele>-41.18000030517578</ele><time>2022-05-22T22:14:48Z</time><extensions><gpxtpx:TrackPointExtension><gpxtpx:hr>169</gpxtpx:hr><gpxtpx:cad>62</gpxtpx:cad></gpxtpx:TrackPointExtension></extensions></trkpt><trkpt lat="35.94975508" lon="120.20595679"><ele>-41.18000030517578</ele><time>2022-05-22T22:14:49Z</time><extensions><gpxtpx:TrackPointExtension><gpxtpx:hr>169</gpxtpx:hr><gpxtpx:cad>62</gpxtpx:cad></gpxtpx:TrackPointExtension></extensions></trkpt><trkpt lat="35.94977307" lon="120.20595046"><ele>-41.20000076293945</ele><time>2022-05-22T22:14:50Z</time><extensions><gpxtpx:TrackPointExtension><gpxtpx:hr>168</gpxtpx:hr><gpxtpx:cad>62</gpxtpx:cad></gpxtpx:TrackPointExtension></extensions></trkpt><trkpt lat="35.94979273" lon="120.20594313"><ele>-41.20000076293945</ele><time>2022-05-22T22:14:51Z</time><extensions><gpxtpx:TrackPointExtension><gpxtpx:hr>168</gpxtpx:hr><gpxtpx:cad>62</gpxtpx:cad></gpxtpx:TrackPointExtension></extensions></trkpt><trkpt lat="35.94981439" lon="120.20593413"><ele>-41.220001220703125</ele><time>2022-05-22T22:14:52Z</time><extensions><gpxtpx:TrackPointExtension><gpxtpx:hr>168</gpxtpx:hr><gpxtpx:cad>62</gpxtpx:cad></gpxtpx:TrackPointExtension></extensions></trkpt><trkpt lat="35.94983572" lon="120.2059228"><ele>-41.220001220703125</ele><time>2022-05-22T22:14:53Z</time><extensions><gpxtpx:TrackPointExtension><gpxtpx:hr>168</gpxtpx:hr><gpxtpx:cad>62</gpxtpx:cad></gpxtpx:TrackPointExtension></extensions></trkpt><trkpt lat="35.94985805" lon="120.20591147"><ele>-41.18000030517578</ele><time>2022-05-22T22:14:54Z</time><extensions><gpxtpx:TrackPointExtension><gpxtpx:hr>168</gpxtpx:hr><gpxtpx:cad>62</gpxtpx:cad></gpxtpx:TrackPointExtension></extensions></trkpt><trkpt lat="35.94988005" lon="120.20590014"><ele>-41.20000076293945</ele><time>2022-05-22T22:14:55Z</time><extensions><gpxtpx:TrackPointExtension><gpxtpx:hr>167</gpxtpx:hr><gpxtpx:cad>62</gpxtpx:cad></gpxtpx:TrackPointExtension></extensions></trkpt><trkpt lat="35.94990205" lon="120.20588748"><ele>-41.15999984741211</ele><time>2022-05-22T22:14:56Z</time><extensions><gpxtpx:TrackPointExtension><gpxtpx:hr>167</gpxtpx:hr><gpxtpx:cad>62</gpxtpx:cad></gpxtpx:TrackPointExtension></extensions></trkpt><trkpt lat="35.94992371" lon="120.20587448"><ele>-41.18000030517578</ele><time>2022-05-22T22:14:57Z</time><extensions><gpxtpx:TrackPointExtension><gpxtpx:hr>167</gpxtpx:hr><gpxtpx:cad>89</gpxtpx:cad></gpxtpx:TrackPointExtension></extensions></trkpt><trkpt lat="35.94994604" lon="120.20586149"><ele>-41.150001525878906</ele><time>2022-05-22T22:14:58Z</time><extensions><gpxtpx:TrackPointExtension><gpxtpx:hr>167</gpxtpx:hr><gpxtpx:cad>89</gpxtpx:cad></gpxtpx:TrackPointExtension></extensions></trkpt><trkpt lat="35.94996937" lon="120.20584783"><ele>-41.15999984741211</ele><time>2022-05-22T22:14:59Z</time><extensions><gpxtpx:TrackPointExtension><gpxtpx:hr>166</gpxtpx:hr><gpxtpx:cad>89</gpxtpx:cad></gpxtpx:TrackPointExtension></extensions></trkpt><trkpt lat="35.94999203" lon="120.2058345"><ele>-41.11000061035156</ele><time>2022-05-22T22:15:01Z</time><extensions><gpxtpx:TrackPointExtension><gpxtpx:hr>166</gpxtpx:hr><gpxtpx:cad>89</gpxtpx:cad></gpxtpx:TrackPointExtension></extensions></trkpt><trkpt lat="35.95001502" lon="120.20582151"><ele>-41.11000061035156</ele><time>2022-05-22T22:15:01Z</time><extensions><gpxtpx:TrackPointExtension><gpxtpx:cad>89</gpxtpx:cad></gpxtpx:TrackPointExtension></extensions></trkpt><trkpt lat="35.95003835" lon="120.20581118"><ele>-41.11000061035156</ele><time>2022-05-22T22:15:02Z</time><extensions><gpxtpx:TrackPointExtension><gpxtpx:hr>166</gpxtpx:hr><gpxtpx:cad>89</gpxtpx:cad></gpxtpx:TrackPointExtension></extensions></trkpt><trkpt lat="35.95006301" lon="120.20579985"><ele>-41.02000045776367</ele><time>2022-05-22T22:15:03Z</time><extensions><gpxtpx:TrackPointExtension><gpxtpx:cad>88</gpxtpx:cad></gpxtpx:TrackPointExtension></extensions></trkpt><trkpt lat="35.95008834" lon="120.20578952"><ele>-40.970001220703125</ele><time>2022-05-22T22:15:04Z</time><extensions><gpxtpx:TrackPointExtension><gpxtpx:hr>166</gpxtpx:hr><gpxtpx:cad>89</gpxtpx:cad></gpxtpx:TrackPointExtension></extensions></trkpt><trkpt lat="35.95011334" lon="120.20577986"><ele>-40.900001525878906</ele><time>2022-05-22T22:15:07Z</time><extensions><gpxtpx:TrackPointExtension><gpxtpx:hr>164</gpxtpx:hr><gpxtpx:cad>88</gpxtpx:cad></gpxtpx:TrackPointExtension></extensions></trkpt><trkpt lat="35.950139" lon="120.20577186"><ele>-40.900001525878906</ele><time>2022-05-22T22:15:07Z</time><extensions><gpxtpx:TrackPointExtension><gpxtpx:hr>164</gpxtpx:hr><gpxtpx:cad>88</gpxtpx:cad></gpxtpx:TrackPointExtension></extensions></trkpt><trkpt lat="35.950165" lon="120.2057652"><ele>-40.83000183105469</ele><time>2022-05-22T22:15:07Z</time><extensions><gpxtpx:TrackPointExtension><gpxtpx:cad>89</gpxtpx:cad></gpxtpx:TrackPointExtension></extensions></trkpt><trkpt lat="35.95019066" lon="120.20575687"><ele>-40.83000183105469</ele><time>2022-05-22T22:15:09Z</time><extensions><gpxtpx:TrackPointExtension><gpxtpx:hr>163</gpxtpx:hr><gpxtpx:cad>88</gpxtpx:cad></gpxtpx:TrackPointExtension></extensions></trkpt><trkpt lat="35.95021632" lon="120.20574754"><ele>-40.83000183105469</ele><time>2022-05-22T22:15:09Z</time><extensions><gpxtpx:TrackPointExtension><gpxtpx:cad>89</gpxtpx:cad></gpxtpx:TrackPointExtension></extensions></trkpt><trkpt lat="35.95024198" lon="120.20573854"><ele>-40.70000076293945</ele><time>2022-05-22T22:15:10Z</time><extensions><gpxtpx:TrackPointExtension><gpxtpx:hr>163</gpxtpx:hr><gpxtpx:cad>88</gpxtpx:cad></gpxtpx:TrackPointExtension></extensions></trkpt><trkpt lat="35.95026831" lon="120.20572921"><ele>-40.650001525878906</ele><time>2022-05-22T22:15:11Z</time><extensions><gpxtpx:TrackPointExtension><gpxtpx:hr>163</gpxtpx:hr><gpxtpx:cad>89</gpxtpx:cad></gpxtpx:TrackPointExtension></extensions></trkpt><trkpt lat="35.95029397" lon="120.20571888"><ele>-40.650001525878906</ele><time>2022-05-22T22:15:12Z</time><extensions><gpxtpx:TrackPointExtension><gpxtpx:hr>164</gpxtpx:hr><gpxtpx:cad>89</gpxtpx:cad></gpxtpx:TrackPointExtension></extensions></trkpt><trkpt lat="35.9503183" lon="120.20570888"><ele>-40.630001068115234</ele><time>2022-05-22T22:15:13Z</time><extensions><gpxtpx:TrackPointExtension><gpxtpx:hr>164</gpxtpx:hr><gpxtpx:cad>89</gpxtpx:cad></gpxtpx:TrackPointExtension></extensions></trkpt><trkpt lat="35.95034263" lon="120.20569988"><ele>-40.630001068115234</ele><time>2022-05-22T22:15:14Z</time><extensions><gpxtpx:TrackPointExtension><gpxtpx:hr>163</gpxtpx:hr><gpxtpx:cad>89</gpxtpx:cad></gpxtpx:TrackPointExtension></extensions></trkpt><trkpt lat="35.95036629" lon="120.20569122"><ele>-40.630001068115234</ele><time>2022-05-22T22:15:15Z</time><extensions><gpxtpx:TrackPointExtension><gpxtpx:hr>163</gpxtpx:hr><gpxtpx:cad>89</gpxtpx:cad></gpxtpx:TrackPointExtension></extensions></trkpt><trkpt lat="35.95039029" lon="120.20568322"><ele>-40.61000061035156</ele><time>2022-05-22T22:15:16Z</time><extensions><gpxtpx:TrackPointExtension><gpxtpx:hr>163</gpxtpx:hr><gpxtpx:cad>89</gpxtpx:cad></gpxtpx:TrackPointExtension></extensions></trkpt><trkpt lat="35.95041528" lon="120.20567556"><ele>-40.630001068115234</ele><time>2022-05-22T22:15:17Z</time><extensions><gpxtpx:TrackPointExtension><gpxtpx:hr>163</gpxtpx:hr><gpxtpx:cad>89</gpxtpx:cad></gpxtpx:TrackPointExtension></extensions></trkpt><trkpt lat="35.95044094" lon="120.2056689"><ele>-40.630001068115234</ele><time>2022-05-22T22:15:18Z</time><extensions><gpxtpx:TrackPointExtension><gpxtpx:hr>163</gpxtpx:hr><gpxtpx:cad>89</gpxtpx:cad></gpxtpx:TrackPointExtension></extensions></trkpt><trkpt lat="35.95046627" lon="120.20566257"><ele>-40.630001068115234</ele><time>2022-05-22T22:15:19Z</time><extensions><gpxtpx:TrackPointExtension><gpxtpx:hr>164</gpxtpx:hr><gpxtpx:cad>89</gpxtpx:cad></gpxtpx:TrackPointExtension></extensions></trkpt><trkpt lat="35.95049093" lon="120.20565524"><ele>-40.630001068115234</ele><time>2022-05-22T22:15:20Z</time><extensions><gpxtpx:TrackPointExtension><gpxtpx:hr>165</gpxtpx:hr><gpxtpx:cad>89</gpxtpx:cad></gpxtpx:TrackPointExtension></extensions></trkpt><trkpt lat="35.95051426" lon="120.20564525"><ele>-40.61000061035156</ele><time>2022-05-22T22:15:21Z</time><extensions><gpxtpx:TrackPointExtension><gpxtpx:hr>165</gpxtpx:hr><gpxtpx:cad>90</gpxtpx:cad></gpxtpx:TrackPointExtension></extensions></trkpt><trkpt lat="35.95053525" lon="120.20563259"><ele>-40.58000183105469</ele><time>2022-05-22T22:15:22Z</time><extensions><gpxtpx:TrackPointExtension><gpxtpx:hr>164</gpxtpx:hr><gpxtpx:cad>89</gpxtpx:cad></gpxtpx:TrackPointExtension></extensions></trkpt><trkpt lat="35.95055591" lon="120.20562093"><ele>-40.540000915527344</ele><time>2022-05-22T22:15:23Z</time><extensions><gpxtpx:TrackPointExtension><gpxtpx:hr>164</gpxtpx:hr><gpxtpx:cad>89</gpxtpx:cad></gpxtpx:TrackPointExtension></extensions></trkpt><trkpt lat="35.95057691" lon="120.20561094"><ele>-40.560001373291016</ele><time>2022-05-22T22:15:24Z</time><extensions><gpxtpx:TrackPointExtension><gpxtpx:hr>164</gpxtpx:hr><gpxtpx:cad>88</gpxtpx:cad></gpxtpx:TrackPointExtension></extensions></trkpt><trkpt lat="35.9505969" lon="120.20559894"><ele>-40.59000015258789</ele><time>2022-05-22T22:15:25Z</time><extensions><gpxtpx:TrackPointExtension><gpxtpx:hr>163</gpxtpx:hr><gpxtpx:cad>88</gpxtpx:cad></gpxtpx:TrackPointExtension></extensions></trkpt><trkpt lat="35.95061323" lon="120.20558295"><ele>-40.61000061035156</ele><time>2022-05-22T22:15:26Z</time><extensions><gpxtpx:TrackPointExtension><gpxtpx:hr>163</gpxtpx:hr><gpxtpx:cad>89</gpxtpx:cad></gpxtpx:TrackPointExtension></extensions></trkpt><trkpt lat="35.95062656" lon="120.20556295"><ele>-40.630001068115234</ele><time>2022-05-22T22:15:27Z</time><extensions><gpxtpx:TrackPointExtension><gpxtpx:hr>164</gpxtpx:hr><gpxtpx:cad>87</gpxtpx:cad></gpxtpx:TrackPointExtension></extensions></trkpt><trkpt lat="35.95063689" lon="120.20553996"><ele>-40.630001068115234</ele><time>2022-05-22T22:15:28Z</time><extensions><gpxtpx:TrackPointExtension><gpxtpx:hr>164</gpxtpx:hr><gpxtpx:cad>87</gpxtpx:cad></gpxtpx:TrackPointExtension></extensions></trkpt><trkpt lat="35.95064522" lon="120.20551863"><ele>-40.630001068115234</ele><time>2022-05-22T22:15:29Z</time><extensions><gpxtpx:TrackPointExtension><gpxtpx:hr>165</gpxtpx:hr><gpxtpx:cad>87</gpxtpx:cad></gpxtpx:TrackPointExtension></extensions></trkpt><trkpt lat="35.95065055" lon="120.2054983"><ele>-40.650001525878906</ele><time>2022-05-22T22:15:30Z</time><extensions><gpxtpx:TrackPointExtension><gpxtpx:hr>166</gpxtpx:hr><gpxtpx:cad>87</gpxtpx:cad></gpxtpx:TrackPointExtension></extensions></trkpt><trkpt lat="35.95065321" lon="120.20547864"><ele>-40.68000030517578</ele><time>2022-05-22T22:15:31Z</time><extensions><gpxtpx:TrackPointExtension><gpxtpx:hr>166</gpxtpx:hr><gpxtpx:cad>87</gpxtpx:cad></gpxtpx:TrackPointExtension></extensions></trkpt><trkpt lat="35.95065487" lon="120.20545931"><ele>-40.70000076293945</ele><time>2022-05-22T22:15:32Z</time><extensions><gpxtpx:TrackPointExtension><gpxtpx:hr>167</gpxtpx:hr><gpxtpx:cad>87</gpxtpx:cad></gpxtpx:TrackPointExtension></extensions></trkpt><trkpt lat="35.95065653" lon="120.20543998"><ele>-40.720001220703125</ele><time>2022-05-22T22:15:33Z</time><extensions><gpxtpx:TrackPointExtension><gpxtpx:hr>167</gpxtpx:hr><gpxtpx:cad>87</gpxtpx:cad></gpxtpx:TrackPointExtension></extensions></trkpt><trkpt lat="35.95065753" lon="120.20542065"><ele>-40.7400016784668</ele><time>2022-05-22T22:15:34Z</time><extensions><gpxtpx:TrackPointExtension><gpxtpx:hr>167</gpxtpx:hr><gpxtpx:cad>87</gpxtpx:cad></gpxtpx:TrackPointExtension></extensions></trkpt><trkpt lat="35.95065952" lon="120.20540132"><ele>-40.720001220703125</ele><time>2022-05-22T22:15:35Z</time><extensions><gpxtpx:TrackPointExtension><gpxtpx:hr>167</gpxtpx:hr><gpxtpx:cad>87</gpxtpx:cad></gpxtpx:TrackPointExtension></extensions></trkpt><trkpt lat="35.95066085" lon="120.20538066"><ele>-40.720001220703125</ele><time>2022-05-22T22:15:36Z</time><extensions><gpxtpx:TrackPointExtension><gpxtpx:hr>167</gpxtpx:hr><gpxtpx:cad>87</gpxtpx:cad></gpxtpx:TrackPointExtension></extensions></trkpt><trkpt lat="35.95066151" lon="120.20535966"><ele>-40.720001220703125</ele><time>2022-05-22T22:15:37Z</time><extensions><gpxtpx:TrackPointExtension><gpxtpx:hr>167</gpxtpx:hr><gpxtpx:cad>87</gpxtpx:cad></gpxtpx:TrackPointExtension></extensions></trkpt><trkpt lat="35.95066151" lon="120.20533966"><ele>-40.70000076293945</ele><time>2022-05-22T22:15:38Z</time><extensions><gpxtpx:TrackPointExtension><gpxtpx:hr>167</gpxtpx:hr><gpxtpx:cad>87</gpxtpx:cad></gpxtpx:TrackPointExtension></extensions></trkpt><trkpt lat="35.95066217" lon="120.20532067"><ele>-40.68000030517578</ele><time>2022-05-22T22:15:39Z</time><extensions><gpxtpx:TrackPointExtension><gpxtpx:hr>166</gpxtpx:hr><gpxtpx:cad>87</gpxtpx:cad></gpxtpx:TrackPointExtension></extensions></trkpt><trkpt lat="35.9506625" lon="120.20530234"><ele>-40.65999984741211</ele><time>2022-05-22T22:15:40Z</time><extensions><gpxtpx:TrackPointExtension><gpxtpx:hr>165</gpxtpx:hr><gpxtpx:cad>87</gpxtpx:cad></gpxtpx:TrackPointExtension></extensions></trkpt><trkpt lat="35.95066117" lon="120.20528535"><ele>-40.65999984741211</ele><time>2022-05-22T22:15:41Z</time><extensions><gpxtpx:TrackPointExtension><gpxtpx:hr>165</gpxtpx:hr><gpxtpx:cad>87</gpxtpx:cad></gpxtpx:TrackPointExtension></extensions></trkpt><trkpt lat="35.95065818" lon="120.20526836"><ele>-40.59000015258789</ele><time>2022-05-22T22:15:42Z</time><extensions><gpxtpx:TrackPointExtension><gpxtpx:hr>165</gpxtpx:hr><gpxtpx:cad>62</gpxtpx:cad></gpxtpx:TrackPointExtension></extensions></trkpt><trkpt lat="35.95065418" lon="120.20525037"><ele>-40.540000915527344</ele><time>2022-05-22T22:15:43Z</time><extensions><gpxtpx:TrackPointExtension><gpxtpx:hr>164</gpxtpx:hr><gpxtpx:cad>62</gpxtpx:cad></gpxtpx:TrackPointExtension></extensions></trkpt><trkpt lat="35.95065085" lon="120.20523104"><ele>-40.43000030517578</ele><time>2022-05-22T22:15:44Z</time><extensions><gpxtpx:TrackPointExtension><gpxtpx:hr>164</gpxtpx:hr><gpxtpx:cad>62</gpxtpx:cad></gpxtpx:TrackPointExtension></extensions></trkpt><trkpt lat="35.95064719" lon="120.20521238"><ele>-40.34000015258789</ele><time>2022-05-22T22:15:45Z</time><extensions><gpxtpx:TrackPointExtension><gpxtpx:hr>164</gpxtpx:hr><gpxtpx:cad>63</gpxtpx:cad></gpxtpx:TrackPointExtension></extensions></trkpt><trkpt lat="35.9506442" lon="120.20519338"><ele>-40.27000045776367</ele><time>2022-05-22T22:15:46Z</time><extensions><gpxtpx:TrackPointExtension><gpxtpx:hr>164</gpxtpx:hr><gpxtpx:cad>63</gpxtpx:cad></gpxtpx:TrackPointExtension></extensions></trkpt><trkpt lat="35.95064121" lon="120.20517505"><ele>-40.290000915527344</ele><time>2022-05-22T22:15:47Z</time><extensions><gpxtpx:TrackPointExtension><gpxtpx:hr>164</gpxtpx:hr><gpxtpx:cad>63</gpxtpx:cad></gpxtpx:TrackPointExtension></extensions></trkpt><trkpt lat="35.95063755" lon="120.20515806"><ele>-40.310001373291016</ele><time>2022-05-22T22:15:48Z</time><extensions><gpxtpx:TrackPointExtension><gpxtpx:hr>165</gpxtpx:hr><gpxtpx:cad>63</gpxtpx:cad></gpxtpx:TrackPointExtension></extensions></trkpt><trkpt lat="35.95063222" lon="120.2051424"><ele>-40.36000061035156</ele><time>2022-05-22T22:15:49Z</time><extensions><gpxtpx:TrackPointExtension><gpxtpx:hr>166</gpxtpx:hr><gpxtpx:cad>63</gpxtpx:cad></gpxtpx:TrackPointExtension></extensions></trkpt><trkpt lat="35.95062822" lon="120.20512807"><ele>-40.400001525878906</ele><time>2022-05-22T22:15:50Z</time><extensions><gpxtpx:TrackPointExtension><gpxtpx:hr>166</gpxtpx:hr><gpxtpx:cad>63</gpxtpx:cad></gpxtpx:TrackPointExtension></extensions></trkpt><trkpt lat="35.95062489" lon="120.20511441"><ele>-40.45000076293945</ele><time>2022-05-22T22:15:51Z</time><extensions><gpxtpx:TrackPointExtension><gpxtpx:hr>166</gpxtpx:hr><gpxtpx:cad>63</gpxtpx:cad></gpxtpx:TrackPointExtension></extensions></trkpt><trkpt lat="35.95062156" lon="120.20509942"><ele>-40.4900016784668</ele><time>2022-05-22T22:15:52Z</time><extensions><gpxtpx:TrackPointExtension><gpxtpx:hr>165</gpxtpx:hr><gpxtpx:cad>63</gpxtpx:cad></gpxtpx:TrackPointExtension></extensions></trkpt><trkpt lat="35.95061823" lon="120.20508276"><ele>-40.4900016784668</ele><time>2022-05-22T22:15:53Z</time><extensions><gpxtpx:TrackPointExtension><gpxtpx:hr>165</gpxtpx:hr><gpxtpx:cad>63</gpxtpx:cad></gpxtpx:TrackPointExtension></extensions></trkpt><trkpt lat="35.95061524" lon="120.2050661"><ele>-40.4900016784668</ele><time>2022-05-22T22:15:54Z</time><extensions><gpxtpx:TrackPointExtension><gpxtpx:hr>165</gpxtpx:hr><gpxtpx:cad>63</gpxtpx:cad></gpxtpx:TrackPointExtension></extensions></trkpt><trkpt lat="35.95061191" lon="120.20504877"><ele>-40.4900016784668</ele><time>2022-05-22T22:15:55Z</time><extensions><gpxtpx:TrackPointExtension><gpxtpx:hr>164</gpxtpx:hr><gpxtpx:cad>63</gpxtpx:cad></gpxtpx:TrackPointExtension></extensions></trkpt><trkpt lat="35.95060792" lon="120.20503244"><ele>-40.5</ele><time>2022-05-22T22:15:56Z</time><extensions><gpxtpx:TrackPointExtension><gpxtpx:hr>163</gpxtpx:hr><gpxtpx:cad>63</gpxtpx:cad></gpxtpx:TrackPointExtension></extensions></trkpt><trkpt lat="35.95060426" lon="120.20501678"><ele>-40.52000045776367</ele><time>2022-05-22T22:15:57Z</time><extensions><gpxtpx:TrackPointExtension><gpxtpx:hr>163</gpxtpx:hr><gpxtpx:cad>61</gpxtpx:cad></gpxtpx:TrackPointExtension></extensions></trkpt><trkpt lat="35.9506006" lon="120.20500112"><ele>-40.540000915527344</ele><time>2022-05-22T22:15:58Z</time><extensions><gpxtpx:TrackPointExtension><gpxtpx:hr>164</gpxtpx:hr><gpxtpx:cad>61</gpxtpx:cad></gpxtpx:TrackPointExtension></extensions></trkpt><trkpt lat="35.95059661" lon="120.20498512"><ele>-40.52000045776367</ele><time>2022-05-22T22:15:59Z</time><extensions><gpxtpx:TrackPointExtension><gpxtpx:hr>164</gpxtpx:hr><gpxtpx:cad>60</gpxtpx:cad></gpxtpx:TrackPointExtension></extensions></trkpt><trkpt lat="35.95059228" lon="120.20497046"><ele>-40.5</ele><time>2022-05-22T22:16:00Z</time><extensions><gpxtpx:TrackPointExtension><gpxtpx:hr>165</gpxtpx:hr><gpxtpx:cad>61</gpxtpx:cad></gpxtpx:TrackPointExtension></extensions></trkpt><trkpt lat="35.95058829" lon="120.20495546"><ele>-40.5</ele><time>2022-05-22T22:16:01Z</time><extensions><gpxtpx:TrackPointExtension><gpxtpx:hr>166</gpxtpx:hr><gpxtpx:cad>61</gpxtpx:cad></gpxtpx:TrackPointExtension></extensions></trkpt><trkpt lat="35.95058563" lon="120.20494013"><ele>-40.470001220703125</ele><time>2022-05-22T22:16:02Z</time><extensions><gpxtpx:TrackPointExtension><gpxtpx:hr>166</gpxtpx:hr><gpxtpx:cad>61</gpxtpx:cad></gpxtpx:TrackPointExtension></extensions></trkpt><trkpt lat="35.9505843" lon="120.20492547"><ele>-40.470001220703125</ele><time>2022-05-22T22:16:03Z</time><extensions><gpxtpx:TrackPointExtension><gpxtpx:hr>166</gpxtpx:hr><gpxtpx:cad>61</gpxtpx:cad></gpxtpx:TrackPointExtension></extensions></trkpt><trkpt lat="35.9505833" lon="120.20491314"><ele>-40.470001220703125</ele><time>2022-05-22T22:16:04Z</time><extensions><gpxtpx:TrackPointExtension><gpxtpx:hr>166</gpxtpx:hr><gpxtpx:cad>60</gpxtpx:cad></gpxtpx:TrackPointExtension></extensions></trkpt><trkpt lat="35.95058264" lon="120.20490414"><ele>-40.470001220703125</ele><time>2022-05-22T22:16:05Z</time><extensions><gpxtpx:TrackPointExtension><gpxtpx:hr>166</gpxtpx:hr><gpxtpx:cad>60</gpxtpx:cad></gpxtpx:TrackPointExtension></extensions></trkpt><trkpt lat="35.95058297" lon="120.20489881"><ele>-40.470001220703125</ele><time>2022-05-22T22:16:06Z</time><extensions><gpxtpx:TrackPointExtension><gpxtpx:hr>166</gpxtpx:hr><gpxtpx:cad>60</gpxtpx:cad></gpxtpx:TrackPointExtension></extensions></trkpt><trkpt lat="35.95058363" lon="120.20489615"><ele>-40.470001220703125</ele><time>2022-05-22T22:16:07Z</time><extensions><gpxtpx:TrackPointExtension><gpxtpx:hr>166</gpxtpx:hr><gpxtpx:cad>60</gpxtpx:cad></gpxtpx:TrackPointExtension></extensions></trkpt><trkpt lat="35.95058463" lon="120.20489482"><ele>-40.45000076293945</ele><time>2022-05-22T22:16:08Z</time><extensions><gpxtpx:TrackPointExtension><gpxtpx:hr>166</gpxtpx:hr><gpxtpx:cad>60</gpxtpx:cad></gpxtpx:TrackPointExtension></extensions></trkpt><trkpt lat="35.95058529" lon="120.20489249"><ele>-40.43000030517578</ele><time>2022-05-22T22:16:09Z</time><extensions><gpxtpx:TrackPointExtension><gpxtpx:hr>166</gpxtpx:hr><gpxtpx:cad>60</gpxtpx:cad></gpxtpx:TrackPointExtension></extensions></trkpt><trkpt lat="35.95058463" lon="120.20489116"><ele>-40.40999984741211</ele><time>2022-05-22T22:16:10Z</time><extensions><gpxtpx:TrackPointExtension><gpxtpx:hr>166</gpxtpx:hr><gpxtpx:cad>60</gpxtpx:cad></gpxtpx:TrackPointExtension></extensions></trkpt><trkpt lat="35.9505843" lon="120.20488983"><ele>-40.400001525878906</ele><time>2022-05-22T22:16:11Z</time><extensions><gpxtpx:TrackPointExtension><gpxtpx:hr>166</gpxtpx:hr><gpxtpx:cad>60</gpxtpx:cad></gpxtpx:TrackPointExtension></extensions></trkpt><trkpt lat="35.95058297" lon="120.20488884"><ele>-40.400001525878906</ele><time>2022-05-22T22:16:12Z</time><extensions><gpxtpx:TrackPointExtension><gpxtpx:hr>166</gpxtpx:hr><gpxtpx:cad>60</gpxtpx:cad></gpxtpx:TrackPointExtension></extensions></trkpt><trkpt lat="35.95058097" lon="120.20488818"><ele>-40.380001068115234</ele><time>2022-05-22T22:16:13Z</time><extensions><gpxtpx:TrackPointExtension><gpxtpx:hr>166</gpxtpx:hr><gpxtpx:cad>60</gpxtpx:cad></gpxtpx:TrackPointExtension></extensions></trkpt><trkpt lat="35.95057864" lon="120.20488884"><ele>-40.380001068115234</ele><time>2022-05-22T22:16:14Z</time><extensions><gpxtpx:TrackPointExtension><gpxtpx:hr>166</gpxtpx:hr><gpxtpx:cad>60</gpxtpx:cad></gpxtpx:TrackPointExtension></extensions></trkpt><trkpt lat="35.95057731" lon="120.20488983"><ele>-40.43000030517578</ele><time>2022-05-22T22:16:15Z</time><extensions><gpxtpx:TrackPointExtension><gpxtpx:hr>166</gpxtpx:hr></gpxtpx:TrackPointExtension></extensions></trkpt><trkpt lat="35.95057598" lon="120.20489049"><ele>-40.43000030517578</ele><time>2022-05-22T22:16:16Z</time><extensions><gpxtpx:TrackPointExtension><gpxtpx:hr>166</gpxtpx:hr></gpxtpx:TrackPointExtension></extensions></trkpt><trkpt lat="35.95057465" lon="120.20489115"><ele>-40.45000076293945</ele><time>2022-05-22T22:16:17Z</time><extensions><gpxtpx:TrackPointExtension><gpxtpx:hr>166</gpxtpx:hr></gpxtpx:TrackPointExtension></extensions></trkpt><trkpt lat="35.95057432" lon="120.20489248"><ele>-40.45000076293945</ele><time>2022-05-22T22:16:18Z</time><extensions><gpxtpx:TrackPointExtension><gpxtpx:hr>166</gpxtpx:hr></gpxtpx:TrackPointExtension></extensions></trkpt><trkpt lat="35.95057465" lon="120.20489547"><ele>-40.470001220703125</ele><time>2022-05-22T22:16:19Z</time><extensions><gpxtpx:TrackPointExtension><gpxtpx:hr>166</gpxtpx:hr></gpxtpx:TrackPointExtension></extensions></trkpt><trkpt lat="35.95057631" lon="120.2048998"><ele>-40.470001220703125</ele><time>2022-05-22T22:16:20Z</time><extensions><gpxtpx:TrackPointExtension><gpxtpx:hr>166</gpxtpx:hr></gpxtpx:TrackPointExtension></extensions></trkpt><trkpt lat="35.95057997" lon="120.20490413"><ele>-40.470001220703125</ele><time>2022-05-22T22:16:21Z</time><extensions><gpxtpx:TrackPointExtension><gpxtpx:hr>165</gpxtpx:hr></gpxtpx:TrackPointExtension></extensions></trkpt><trkpt lat="35.95058363" lon="120.20490713"><ele>-40.470001220703125</ele><time>2022-05-22T22:16:22Z</time><extensions><gpxtpx:TrackPointExtension><gpxtpx:hr>164</gpxtpx:hr></gpxtpx:TrackPointExtension></extensions></trkpt><trkpt lat="35.95058696" lon="120.20490779"><ele>-40.4900016784668</ele><time>2022-05-22T22:16:23Z</time><extensions><gpxtpx:TrackPointExtension><gpxtpx:hr>162</gpxtpx:hr></gpxtpx:TrackPointExtension></extensions></trkpt><trkpt lat="35.95059029" lon="120.20490679"><ele>-40.4900016784668</ele><time>2022-05-22T22:16:24Z</time><extensions><gpxtpx:TrackPointExtension><gpxtpx:hr>161</gpxtpx:hr></gpxtpx:TrackPointExtension></extensions></trkpt><trkpt lat="35.95059328" lon="120.20490679"><ele>-40.4900016784668</ele><time>2022-05-22T22:16:25Z</time><extensions><gpxtpx:TrackPointExtension><gpxtpx:hr>161</gpxtpx:hr></gpxtpx:TrackPointExtension></extensions></trkpt><trkpt lat="35.95059661" lon="120.20490812"><ele>-40.5</ele><time>2022-05-22T22:16:26Z</time><extensions><gpxtpx:TrackPointExtension><gpxtpx:hr>161</gpxtpx:hr></gpxtpx:TrackPointExtension></extensions></trkpt><trkpt lat="35.95059861" lon="120.20490812"><ele>-40.52000045776367</ele><time>2022-05-22T22:16:27Z</time><extensions><gpxtpx:TrackPointExtension><gpxtpx:hr>159</gpxtpx:hr></gpxtpx:TrackPointExtension></extensions></trkpt><trkpt lat="35.95060027" lon="120.20490779"><ele>-40.52000045776367</ele><time>2022-05-22T22:16:28Z</time><extensions><gpxtpx:TrackPointExtension><gpxtpx:hr>158</gpxtpx:hr></gpxtpx:TrackPointExtension></extensions></trkpt><trkpt lat="35.9506016" lon="120.20490746"><ele>-40.540000915527344</ele><time>2022-05-22T22:16:29Z</time><extensions><gpxtpx:TrackPointExtension><gpxtpx:hr>158</gpxtpx:hr></gpxtpx:TrackPointExtension></extensions></trkpt><trkpt lat="35.95060459" lon="120.20490746"><ele>-40.540000915527344</ele><time>2022-05-22T22:16:30Z</time><extensions><gpxtpx:TrackPointExtension><gpxtpx:hr>158</gpxtpx:hr></gpxtpx:TrackPointExtension></extensions></trkpt><trkpt lat="35.95060592" lon="120.20490646"><ele>-40.540000915527344</ele><time>2022-05-22T22:16:31Z</time><extensions><gpxtpx:TrackPointExtension><gpxtpx:hr>158</gpxtpx:hr></gpxtpx:TrackPointExtension></extensions></trkpt><trkpt lat="35.95060559" lon="120.20490547"><ele>-40.540000915527344</ele><time>2022-05-22T22:16:32Z</time><extensions><gpxtpx:TrackPointExtension><gpxtpx:hr>157</gpxtpx:hr></gpxtpx:TrackPointExtension></extensions></trkpt><trkpt lat="35.9506046" lon="120.20490448"><ele>-40.540000915527344</ele><time>2022-05-22T22:16:33Z</time><extensions><gpxtpx:TrackPointExtension><gpxtpx:hr>157</gpxtpx:hr></gpxtpx:TrackPointExtension></extensions></trkpt><trkpt lat="35.95060493" lon="120.20490315"><ele>-40.560001373291016</ele><time>2022-05-22T22:16:34Z</time><extensions><gpxtpx:TrackPointExtension><gpxtpx:hr>156</gpxtpx:hr></gpxtpx:TrackPointExtension></extensions></trkpt><trkpt lat="35.95060427" lon="120.20490049"><ele>-40.52000045776367</ele><time>2022-05-22T22:16:35Z</time><extensions><gpxtpx:TrackPointExtension><gpxtpx:hr>155</gpxtpx:hr></gpxtpx:TrackPointExtension></extensions></trkpt><trkpt lat="35.95060194" lon="120.2048965"><ele>-40.4900016784668</ele><time>2022-05-22T22:16:36Z</time><extensions><gpxtpx:TrackPointExtension><gpxtpx:hr>152</gpxtpx:hr></gpxtpx:TrackPointExtension></extensions></trkpt><trkpt lat="35.95059895" lon="120.2048935"><ele>-40.4900016784668</ele><time>2022-05-22T22:16:37Z</time><extensions><gpxtpx:TrackPointExtension><gpxtpx:hr>150</gpxtpx:hr></gpxtpx:TrackPointExtension></extensions></trkpt><trkpt lat="35.95059795" lon="120.20489184"><ele>-40.45000076293945</ele><time>2022-05-22T22:16:38Z</time><extensions><gpxtpx:TrackPointExtension><gpxtpx:hr>149</gpxtpx:hr></gpxtpx:TrackPointExtension></extensions></trkpt><trkpt lat="35.95059795" lon="120.20489051"><ele>-40.45000076293945</ele><time>2022-05-22T22:16:39Z</time><extensions><gpxtpx:TrackPointExtension><gpxtpx:hr>149</gpxtpx:hr></gpxtpx:TrackPointExtension></extensions></trkpt><trkpt lat="35.95059861" lon="120.20489051"><ele>-40.45000076293945</ele><time>2022-05-22T22:16:40Z</time><extensions><gpxtpx:TrackPointExtension><gpxtpx:hr>149</gpxtpx:hr></gpxtpx:TrackPointExtension></extensions></trkpt><trkpt lat="35.9505996" lon="120.20489051"><ele>-40.43000030517578</ele><time>2022-05-22T22:16:41Z</time><extensions><gpxtpx:TrackPointExtension><gpxtpx:hr>149</gpxtpx:hr></gpxtpx:TrackPointExtension></extensions></trkpt><trkpt lat="35.95060126" lon="120.20489051"><ele>-40.43000030517578</ele><time>2022-05-22T22:16:42Z</time><extensions><gpxtpx:TrackPointExtension><gpxtpx:hr>150</gpxtpx:hr></gpxtpx:TrackPointExtension></extensions></trkpt><trkpt lat="35.95060192" lon="120.20488918"><ele>-40.43000030517578</ele><time>2022-05-22T22:16:43Z</time><extensions><gpxtpx:TrackPointExtension><gpxtpx:hr>150</gpxtpx:hr></gpxtpx:TrackPointExtension></extensions></trkpt><trkpt lat="35.95060192" lon="120.20488885"><ele>-40.43000030517578</ele><time>2022-05-22T22:16:44Z</time><extensions><gpxtpx:TrackPointExtension><gpxtpx:hr>150</gpxtpx:hr></gpxtpx:TrackPointExtension></extensions></trkpt><trkpt lat="35.95060126" lon="120.20488819"><ele>-40.43000030517578</ele><time>2022-05-22T22:16:45Z</time><extensions><gpxtpx:TrackPointExtension><gpxtpx:hr>150</gpxtpx:hr></gpxtpx:TrackPointExtension></extensions></trkpt><trkpt lat="35.9506006" lon="120.20488753"><ele>-40.43000030517578</ele><time>2022-05-22T22:16:46Z</time><extensions><gpxtpx:TrackPointExtension><gpxtpx:hr>150</gpxtpx:hr></gpxtpx:TrackPointExtension></extensions></trkpt><trkpt lat="35.95060027" lon="120.20488687"><ele>-40.400001525878906</ele><time>2022-05-22T22:16:47Z</time><extensions><gpxtpx:TrackPointExtension><gpxtpx:hr>150</gpxtpx:hr></gpxtpx:TrackPointExtension></extensions></trkpt><trkpt lat="35.95060027" lon="120.20488687"><ele>-40.400001525878906</ele><time>2022-05-22T22:16:48Z</time><extensions><gpxtpx:TrackPointExtension><gpxtpx:hr>149</gpxtpx:hr></gpxtpx:TrackPointExtension></extensions></trkpt><trkpt lat="35.95060227" lon="120.2048872"><ele>-40.380001068115234</ele><time>2022-05-22T22:16:49Z</time><extensions><gpxtpx:TrackPointExtension><gpxtpx:hr>149</gpxtpx:hr></gpxtpx:TrackPointExtension></extensions></trkpt><trkpt lat="35.95060826" lon="120.20488554"><ele>-40.380001068115234</ele><time>2022-05-22T22:16:50Z</time><extensions><gpxtpx:TrackPointExtension><gpxtpx:hr>149</gpxtpx:hr></gpxtpx:TrackPointExtension></extensions></trkpt><trkpt lat="35.95061626" lon="120.20488288"><ele>-40.380001068115234</ele><time>2022-05-22T22:16:51Z</time><extensions><gpxtpx:TrackPointExtension><gpxtpx:hr>148</gpxtpx:hr></gpxtpx:TrackPointExtension></extensions></trkpt><trkpt lat="35.95062692" lon="120.20487722"><ele>-40.34000015258789</ele><time>2022-05-22T22:16:52Z</time><extensions><gpxtpx:TrackPointExtension><gpxtpx:hr>148</gpxtpx:hr></gpxtpx:TrackPointExtension></extensions></trkpt><trkpt lat="35.95063991" lon="120.20487089"><ele>-40.34000015258789</ele><time>2022-05-22T22:16:53Z</time><extensions><gpxtpx:TrackPointExtension><gpxtpx:hr>147</gpxtpx:hr></gpxtpx:TrackPointExtension></extensions></trkpt><trkpt lat="35.95065424" lon="120.20486523"><ele>-40.36000061035156</ele><time>2022-05-22T22:16:54Z</time><extensions><gpxtpx:TrackPointExtension><gpxtpx:hr>147</gpxtpx:hr></gpxtpx:TrackPointExtension></extensions></trkpt><trkpt lat="35.9506669" lon="120.2048589"><ele>-40.380001068115234</ele><time>2022-05-22T22:16:55Z</time><extensions><gpxtpx:TrackPointExtension><gpxtpx:hr>147</gpxtpx:hr><gpxtpx:cad>61</gpxtpx:cad></gpxtpx:TrackPointExtension></extensions></trkpt><trkpt lat="35.95068223" lon="120.20485124"><ele>-40.380001068115234</ele><time>2022-05-22T22:16:56Z</time><extensions><gpxtpx:TrackPointExtension><gpxtpx:hr>147</gpxtpx:hr><gpxtpx:cad>61</gpxtpx:cad></gpxtpx:TrackPointExtension></extensions></trkpt><trkpt lat="35.95069956" lon="120.20484224"><ele>-40.40999984741211</ele><time>2022-05-22T22:16:57Z</time><extensions><gpxtpx:TrackPointExtension><gpxtpx:hr>147</gpxtpx:hr><gpxtpx:cad>61</gpxtpx:cad></gpxtpx:TrackPointExtension></extensions></trkpt><trkpt lat="35.95071755" lon="120.20483324"><ele>-40.380001068115234</ele><time>2022-05-22T22:16:58Z</time><extensions><gpxtpx:TrackPointExtension><gpxtpx:hr>146</gpxtpx:hr><gpxtpx:cad>61</gpxtpx:cad></gpxtpx:TrackPointExtension></extensions></trkpt><trkpt lat="35.95073655" lon="120.20482291"><ele>-40.36000061035156</ele><time>2022-05-22T22:16:59Z</time><extensions><gpxtpx:TrackPointExtension><gpxtpx:hr>146</gpxtpx:hr><gpxtpx:cad>61</gpxtpx:cad></gpxtpx:TrackPointExtension></extensions></trkpt><trkpt lat="35.95075454" lon="120.20481058"><ele>-40.310001373291016</ele><time>2022-05-22T22:17:00Z</time><extensions><gpxtpx:TrackPointExtension><gpxtpx:hr>146</gpxtpx:hr><gpxtpx:cad>61</gpxtpx:cad></gpxtpx:TrackPointExtension></extensions></trkpt><trkpt lat="35.9507712" lon="120.20479525"><ele>-40.290000915527344</ele><time>2022-05-22T22:17:01Z</time><extensions><gpxtpx:TrackPointExtension><gpxtpx:hr>147</gpxtpx:hr><gpxtpx:cad>61</gpxtpx:cad></gpxtpx:TrackPointExtension></extensions></trkpt><trkpt lat="35.95078586" lon="120.20477826"><ele>-40.27000045776367</ele><time>2022-05-22T22:17:02Z</time><extensions><gpxtpx:TrackPointExtension><gpxtpx:hr>147</gpxtpx:hr><gpxtpx:cad>61</gpxtpx:cad></gpxtpx:TrackPointExtension></extensions></trkpt><trkpt lat="35.95080052" lon="120.20476093"><ele>-40.25</ele><time>2022-05-22T22:17:03Z</time><extensions><gpxtpx:TrackPointExtension><gpxtpx:hr>147</gpxtpx:hr><gpxtpx:cad>61</gpxtpx:cad></gpxtpx:TrackPointExtension></extensions></trkpt><trkpt lat="35.95081518" lon="120.20474227"><ele>-40.2400016784668</ele><time>2022-05-22T22:17:04Z</time><extensions><gpxtpx:TrackPointExtension><gpxtpx:hr>148</gpxtpx:hr><gpxtpx:cad>61</gpxtpx:cad></gpxtpx:TrackPointExtension></extensions></trkpt><trkpt lat="35.95083084" lon="120.20472428"><ele>-40.290000915527344</ele><time>2022-05-22T22:17:05Z</time><extensions><gpxtpx:TrackPointExtension><gpxtpx:hr>148</gpxtpx:hr><gpxtpx:cad>61</gpxtpx:cad></gpxtpx:TrackPointExtension></extensions></trkpt><trkpt lat="35.9508485" lon="120.20470762"><ele>-40.310001373291016</ele><time>2022-05-22T22:17:06Z</time><extensions><gpxtpx:TrackPointExtension><gpxtpx:hr>149</gpxtpx:hr><gpxtpx:cad>88</gpxtpx:cad></gpxtpx:TrackPointExtension></extensions></trkpt><trkpt lat="35.9508675" lon="120.20469329"><ele>-40.380001068115234</ele><time>2022-05-22T22:17:07Z</time><extensions><gpxtpx:TrackPointExtension><gpxtpx:hr>150</gpxtpx:hr><gpxtpx:cad>88</gpxtpx:cad></gpxtpx:TrackPointExtension></extensions></trkpt><trkpt lat="35.95088916" lon="120.20467829"><ele>-40.43000030517578</ele><time>2022-05-22T22:17:08Z</time><extensions><gpxtpx:TrackPointExtension><gpxtpx:hr>151</gpxtpx:hr><gpxtpx:cad>88</gpxtpx:cad></gpxtpx:TrackPointExtension></extensions></trkpt><trkpt lat="35.95091182" lon="120.20466396"><ele>-40.470001220703125</ele><time>2022-05-22T22:17:09Z</time><extensions><gpxtpx:TrackPointExtension><gpxtpx:hr>151</gpxtpx:hr><gpxtpx:cad>88</gpxtpx:cad></gpxtpx:TrackPointExtension></extensions></trkpt><trkpt lat="35.95093481" lon="120.2046513"><ele>-40.5</ele><time>2022-05-22T22:17:10Z</time><extensions><gpxtpx:TrackPointExtension><gpxtpx:hr>152</gpxtpx:hr><gpxtpx:cad>88</gpxtpx:cad></gpxtpx:TrackPointExtension></extensions></trkpt><trkpt lat="35.95095881" lon="120.20463964"><ele>-40.52000045776367</ele><time>2022-05-22T22:17:11Z</time><extensions><gpxtpx:TrackPointExtension><gpxtpx:hr>153</gpxtpx:hr><gpxtpx:cad>88</gpxtpx:cad></gpxtpx:TrackPointExtension></extensions></trkpt><trkpt lat="35.95098247" lon="120.20462831"><ele>-40.58000183105469</ele><time>2022-05-22T22:17:12Z</time><extensions><gpxtpx:TrackPointExtension><gpxtpx:hr>154</gpxtpx:hr><gpxtpx:cad>88</gpxtpx:cad></gpxtpx:TrackPointExtension></extensions></trkpt><trkpt lat="35.95100613" lon="120.20461931"><ele>-40.58000183105469</ele><time>2022-05-22T22:17:13Z</time><extensions><gpxtpx:TrackPointExtension><gpxtpx:hr>154</gpxtpx:hr><gpxtpx:cad>89</gpxtpx:cad></gpxtpx:TrackPointExtension></extensions></trkpt><trkpt lat="35.95102979" lon="120.20461032"><ele>-40.630001068115234</ele><time>2022-05-22T22:17:14Z</time><extensions><gpxtpx:TrackPointExtension><gpxtpx:hr>154</gpxtpx:hr><gpxtpx:cad>89</gpxtpx:cad></gpxtpx:TrackPointExtension></extensions></trkpt><trkpt lat="35.95105345" lon="120.20460099"><ele>-40.61000061035156</ele><time>2022-05-22T22:17:15Z</time><extensions><gpxtpx:TrackPointExtension><gpxtpx:hr>154</gpxtpx:hr><gpxtpx:cad>89</gpxtpx:cad></gpxtpx:TrackPointExtension></extensions></trkpt><trkpt lat="35.95107611" lon="120.20459166"><ele>-40.650001525878906</ele><time>2022-05-22T22:17:16Z</time><extensions><gpxtpx:TrackPointExtension><gpxtpx:hr>155</gpxtpx:hr><gpxtpx:cad>89</gpxtpx:cad></gpxtpx:TrackPointExtension></extensions></trkpt><trkpt lat="35.95109877" lon="120.204583"><ele>-40.630001068115234</ele><time>2022-05-22T22:17:17Z</time><extensions><gpxtpx:TrackPointExtension><gpxtpx:hr>157</gpxtpx:hr><gpxtpx:cad>89</gpxtpx:cad></gpxtpx:TrackPointExtension></extensions></trkpt><trkpt lat="35.95112143" lon="120.20457601"><ele>-40.68000030517578</ele><time>2022-05-22T22:17:18Z</time><extensions><gpxtpx:TrackPointExtension><gpxtpx:hr>158</gpxtpx:hr><gpxtpx:cad>88</gpxtpx:cad></gpxtpx:TrackPointExtension></extensions></trkpt><trkpt lat="35.95114609" lon="120.20456935"><ele>-40.650001525878906</ele><time>2022-05-22T22:17:19Z</time><extensions><gpxtpx:TrackPointExtension><gpxtpx:hr>158</gpxtpx:hr><gpxtpx:cad>88</gpxtpx:cad></gpxtpx:TrackPointExtension></extensions></trkpt><trkpt lat="35.95117042" lon="120.20456269"><ele>-40.68000030517578</ele><time>2022-05-22T22:17:20Z</time><extensions><gpxtpx:TrackPointExtension><gpxtpx:hr>158</gpxtpx:hr><gpxtpx:cad>88</gpxtpx:cad></gpxtpx:TrackPointExtension></extensions></trkpt><trkpt lat="35.95119408" lon="120.2045557"><ele>-40.720001220703125</ele><time>2022-05-22T22:17:21Z</time><extensions><gpxtpx:TrackPointExtension><gpxtpx:hr>159</gpxtpx:hr><gpxtpx:cad>88</gpxtpx:cad></gpxtpx:TrackPointExtension></extensions></trkpt><trkpt lat="35.95121741" lon="120.20454871"><ele>-40.75</ele><time>2022-05-22T22:17:22Z</time><extensions><gpxtpx:TrackPointExtension><gpxtpx:hr>160</gpxtpx:hr><gpxtpx:cad>89</gpxtpx:cad></gpxtpx:TrackPointExtension></extensions></trkpt><trkpt lat="35.9512404" lon="120.20454005"><ele>-40.77000045776367</ele><time>2022-05-22T22:17:23Z</time><extensions><gpxtpx:TrackPointExtension><gpxtpx:hr>161</gpxtpx:hr><gpxtpx:cad>88</gpxtpx:cad></gpxtpx:TrackPointExtension></extensions></trkpt><trkpt lat="35.95126339" lon="120.20453139"><ele>-40.790000915527344</ele><time>2022-05-22T22:17:24Z</time><extensions><gpxtpx:TrackPointExtension><gpxtpx:hr>161</gpxtpx:hr><gpxtpx:cad>88</gpxtpx:cad></gpxtpx:TrackPointExtension></extensions></trkpt><trkpt lat="35.95128572" lon="120.20452306"><ele>-40.83000183105469</ele><time>2022-05-22T22:17:25Z</time><extensions><gpxtpx:TrackPointExtension><gpxtpx:hr>161</gpxtpx:hr><gpxtpx:cad>88</gpxtpx:cad></gpxtpx:TrackPointExtension></extensions></trkpt><trkpt lat="35.95130838" lon="120.20451407"><ele>-40.86000061035156</ele><time>2022-05-22T22:17:26Z</time><extensions><gpxtpx:TrackPointExtension><gpxtpx:hr>161</gpxtpx:hr><gpxtpx:cad>88</gpxtpx:cad></gpxtpx:TrackPointExtension></extensions></trkpt><trkpt lat="35.95133071" lon="120.20450441"><ele>-40.880001068115234</ele><time>2022-05-22T22:17:27Z</time><extensions><gpxtpx:TrackPointExtension><gpxtpx:hr>161</gpxtpx:hr><gpxtpx:cad>89</gpxtpx:cad></gpxtpx:TrackPointExtension></extensions></trkpt><trkpt lat="35.95135337" lon="120.20449508"><ele>-40.900001525878906</ele><time>2022-05-22T22:17:28Z</time><extensions><gpxtpx:TrackPointExtension><gpxtpx:hr>161</gpxtpx:hr><gpxtpx:cad>88</gpxtpx:cad></gpxtpx:TrackPointExtension></extensions></trkpt><trkpt lat="35.95137603" lon="120.20448609"><ele>-40.900001525878906</ele><time>2022-05-22T22:17:29Z</time><extensions><gpxtpx:TrackPointExtension><gpxtpx:hr>161</gpxtpx:hr><gpxtpx:cad>88</gpxtpx:cad></gpxtpx:TrackPointExtension></extensions></trkpt><trkpt lat="35.95139969" lon="120.20447576"><ele>-40.900001525878906</ele><time>2022-05-22T22:17:30Z</time><extensions><gpxtpx:TrackPointExtension><gpxtpx:hr>160</gpxtpx:hr><gpxtpx:cad>87</gpxtpx:cad></gpxtpx:TrackPointExtension></extensions></trkpt><trkpt lat="35.95142369" lon="120.2044661"><ele>-40.900001525878906</ele><time>2022-05-22T22:17:31Z</time><extensions><gpxtpx:TrackPointExtension><gpxtpx:hr>159</gpxtpx:hr><gpxtpx:cad>85</gpxtpx:cad></gpxtpx:TrackPointExtension></extensions></trkpt><trkpt lat="35.95144768" lon="120.20445644"><ele>-40.95000076293945</ele><time>2022-05-22T22:17:32Z</time><extensions><gpxtpx:TrackPointExtension><gpxtpx:hr>159</gpxtpx:hr><gpxtpx:cad>87</gpxtpx:cad></gpxtpx:TrackPointExtension></extensions></trkpt><trkpt lat="35.95147234" lon="120.20444778"><ele>-40.9900016784668</ele><time>2022-05-22T22:17:33Z</time><extensions><gpxtpx:TrackPointExtension><gpxtpx:hr>159</gpxtpx:hr><gpxtpx:cad>88</gpxtpx:cad></gpxtpx:TrackPointExtension></extensions></trkpt><trkpt lat="35.95149767" lon="120.20443945"><ele>-41.040000915527344</ele><time>2022-05-22T22:17:34Z</time><extensions><gpxtpx:TrackPointExtension><gpxtpx:hr>159</gpxtpx:hr><gpxtpx:cad>88</gpxtpx:cad></gpxtpx:TrackPointExtension></extensions></trkpt><trkpt lat="35.95152366" lon="120.20443212"><ele>-41.09000015258789</ele><time>2022-05-22T22:17:35Z</time><extensions><gpxtpx:TrackPointExtension><gpxtpx:hr>159</gpxtpx:hr><gpxtpx:cad>89</gpxtpx:cad></gpxtpx:TrackPointExtension></extensions></trkpt><trkpt lat="35.95154966" lon="120.20442446"><ele>-41.130001068115234</ele><time>2022-05-22T22:17:36Z</time><extensions><gpxtpx:TrackPointExtension><gpxtpx:hr>159</gpxtpx:hr><gpxtpx:cad>90</gpxtpx:cad></gpxtpx:TrackPointExtension></extensions></trkpt><trkpt lat="35.95157632" lon="120.20441813"><ele>-41.150001525878906</ele><time>2022-05-22T22:17:37Z</time><extensions><gpxtpx:TrackPointExtension><gpxtpx:hr>160</gpxtpx:hr><gpxtpx:cad>89</gpxtpx:cad></gpxtpx:TrackPointExtension></extensions></trkpt><trkpt lat="35.95160265" lon="120.2044108"><ele>-41.18000030517578</ele><time>2022-05-22T22:17:38Z</time><extensions><gpxtpx:TrackPointExtension><gpxtpx:hr>160</gpxtpx:hr><gpxtpx:cad>89</gpxtpx:cad></gpxtpx:TrackPointExtension></extensions></trkpt><trkpt lat="35.95162898" lon="120.20440547"><ele>-41.220001220703125</ele><time>2022-05-22T22:17:39Z</time><extensions><gpxtpx:TrackPointExtension><gpxtpx:hr>161</gpxtpx:hr><gpxtpx:cad>89</gpxtpx:cad></gpxtpx:TrackPointExtension></extensions></trkpt><trkpt lat="35.95165497" lon="120.20439881"><ele>-41.25</ele><time>2022-05-22T22:17:40Z</time><extensions><gpxtpx:TrackPointExtension><gpxtpx:hr>163</gpxtpx:hr><gpxtpx:cad>89</gpxtpx:cad></gpxtpx:TrackPointExtension></extensions></trkpt><trkpt lat="35.95168096" lon="120.20439282"><ele>-41.290000915527344</ele><time>2022-05-22T22:17:41Z</time><extensions><gpxtpx:TrackPointExtension><gpxtpx:hr>164</gpxtpx:hr><gpxtpx:cad>89</gpxtpx:cad></gpxtpx:TrackPointExtension></extensions></trkpt><trkpt lat="35.95170629" lon="120.20438683"><ele>-41.310001373291016</ele><time>2022-05-22T22:17:42Z</time><extensions><gpxtpx:TrackPointExtension><gpxtpx:hr>165</gpxtpx:hr><gpxtpx:cad>89</gpxtpx:cad></gpxtpx:TrackPointExtension></extensions></trkpt><trkpt lat="35.95173062" lon="120.20438183"><ele>-41.33000183105469</ele><time>2022-05-22T22:17:43Z</time><extensions><gpxtpx:TrackPointExtension><gpxtpx:hr>165</gpxtpx:hr><gpxtpx:cad>89</gpxtpx:cad></gpxtpx:TrackPointExtension></extensions></trkpt><trkpt lat="35.95175495" lon="120.2043765"><ele>-41.34000015258789</ele><time>2022-05-22T22:17:44Z</time><extensions><gpxtpx:TrackPointExtension><gpxtpx:hr>166</gpxtpx:hr><gpxtpx:cad>89</gpxtpx:cad></gpxtpx:TrackPointExtension></extensions></trkpt><trkpt lat="35.95177794" lon="120.20437184"><ele>-41.33000183105469</ele><time>2022-05-22T22:17:45Z</time><extensions><gpxtpx:TrackPointExtension><gpxtpx:hr>166</gpxtpx:hr><gpxtpx:cad>90</gpxtpx:cad></gpxtpx:TrackPointExtension></extensions></trkpt><trkpt lat="35.9517996" lon="120.20436718"><ele>-41.310001373291016</ele><time>2022-05-22T22:17:46Z</time><extensions><gpxtpx:TrackPointExtension><gpxtpx:hr>166</gpxtpx:hr><gpxtpx:cad>90</gpxtpx:cad></gpxtpx:TrackPointExtension></extensions></trkpt><trkpt lat="35.9518206" lon="120.20436185"><ele>-41.27000045776367</ele><time>2022-05-22T22:17:47Z</time><extensions><gpxtpx:TrackPointExtension><gpxtpx:hr>165</gpxtpx:hr><gpxtpx:cad>90</gpxtpx:cad></gpxtpx:TrackPointExtension></extensions></trkpt><trkpt lat="35.95184159" lon="120.20435586"><ele>-41.25</ele><time>2022-05-22T22:17:48Z</time><extensions><gpxtpx:TrackPointExtension><gpxtpx:hr>165</gpxtpx:hr><gpxtpx:cad>90</gpxtpx:cad></gpxtpx:TrackPointExtension></extensions></trkpt><trkpt lat="35.95186325" lon="120.2043502"><ele>-41.18000030517578</ele><time>2022-05-22T22:17:49Z</time><extensions><gpxtpx:TrackPointExtension><gpxtpx:hr>165</gpxtpx:hr><gpxtpx:cad>90</gpxtpx:cad></gpxtpx:TrackPointExtension></extensions></trkpt><trkpt lat="35.95188558" lon="120.20434487"><ele>-41.150001525878906</ele><time>2022-05-22T22:17:50Z</time><extensions><gpxtpx:TrackPointExtension><gpxtpx:hr>165</gpxtpx:hr><gpxtpx:cad>90</gpxtpx:cad></gpxtpx:TrackPointExtension></extensions></trkpt><trkpt lat="35.95190824" lon="120.20434254"><ele>-41.08000183105469</ele><time>2022-05-22T22:17:51Z</time><extensions><gpxtpx:TrackPointExtension><gpxtpx:hr>165</gpxtpx:hr><gpxtpx:cad>90</gpxtpx:cad></gpxtpx:TrackPointExtension></extensions></trkpt><trkpt lat="35.95193157" lon="120.20433921"><ele>-41.040000915527344</ele><time>2022-05-22T22:17:52Z</time><extensions><gpxtpx:TrackPointExtension><gpxtpx:hr>165</gpxtpx:hr><gpxtpx:cad>90</gpxtpx:cad></gpxtpx:TrackPointExtension></extensions></trkpt><trkpt lat="35.95195557" lon="120.20433688"><ele>-41.0</ele><time>2022-05-22T22:17:53Z</time><extensions><gpxtpx:TrackPointExtension><gpxtpx:hr>166</gpxtpx:hr><gpxtpx:cad>90</gpxtpx:cad></gpxtpx:TrackPointExtension></extensions></trkpt><trkpt lat="35.95197723" lon="120.20433422"><ele>-40.9900016784668</ele><time>2022-05-22T22:17:54Z</time><extensions><gpxtpx:TrackPointExtension><gpxtpx:hr>166</gpxtpx:hr><gpxtpx:cad>89</gpxtpx:cad></gpxtpx:TrackPointExtension></extensions></trkpt><trkpt lat="35.95199656" lon="120.20433322"><ele>-40.9900016784668</ele><time>2022-05-22T22:17:55Z</time><extensions><gpxtpx:TrackPointExtension><gpxtpx:hr>168</gpxtpx:hr><gpxtpx:cad>89</gpxtpx:cad></gpxtpx:TrackPointExtension></extensions></trkpt><trkpt lat="35.95201489" lon="120.20433189"><ele>-41.0</ele><time>2022-05-22T22:17:56Z</time><extensions><gpxtpx:TrackPointExtension><gpxtpx:hr>169</gpxtpx:hr><gpxtpx:cad>89</gpxtpx:cad></gpxtpx:TrackPointExtension></extensions></trkpt><trkpt lat="35.95203288" lon="120.2043309"><ele>-41.060001373291016</ele><time>2022-05-22T22:17:57Z</time><extensions><gpxtpx:TrackPointExtension><gpxtpx:hr>169</gpxtpx:hr><gpxtpx:cad>89</gpxtpx:cad></gpxtpx:TrackPointExtension></extensions></trkpt><trkpt lat="35.95204921" lon="120.20433024"><ele>-41.130001068115234</ele><time>2022-05-22T22:17:58Z</time><extensions><gpxtpx:TrackPointExtension><gpxtpx:hr>169</gpxtpx:hr><gpxtpx:cad>89</gpxtpx:cad></gpxtpx:TrackPointExtension></extensions></trkpt><trkpt lat="35.95206454" lon="120.20432891"><ele>-41.130001068115234</ele><time>2022-05-22T22:17:59Z</time><extensions><gpxtpx:TrackPointExtension><gpxtpx:hr>169</gpxtpx:hr><gpxtpx:cad>89</gpxtpx:cad></gpxtpx:TrackPointExtension></extensions></trkpt><trkpt lat="35.95208053" lon="120.20432792"><ele>-41.15999984741211</ele><time>2022-05-22T22:18:00Z</time><extensions><gpxtpx:TrackPointExtension><gpxtpx:hr>170</gpxtpx:hr><gpxtpx:cad>89</gpxtpx:cad></gpxtpx:TrackPointExtension></extensions></trkpt><trkpt lat="35.95209719" lon="120.20432726"><ele>-41.2400016784668</ele><time>2022-05-22T22:18:01Z</time><extensions><gpxtpx:TrackPointExtension><gpxtpx:hr>171</gpxtpx:hr><gpxtpx:cad>89</gpxtpx:cad></gpxtpx:TrackPointExtension></extensions></trkpt><trkpt lat="35.95211385" lon="120.2043266"><ele>-41.2400016784668</ele><time>2022-05-22T22:18:02Z</time><extensions><gpxtpx:TrackPointExtension><gpxtpx:hr>171</gpxtpx:hr><gpxtpx:cad>89</gpxtpx:cad></gpxtpx:TrackPointExtension></extensions></trkpt><trkpt lat="35.95213051" lon="120.20432759"><ele>-41.290000915527344</ele><time>2022-05-22T22:18:03Z</time><extensions><gpxtpx:TrackPointExtension><gpxtpx:hr>171</gpxtpx:hr><gpxtpx:cad>89</gpxtpx:cad></gpxtpx:TrackPointExtension></extensions></trkpt><trkpt lat="35.95214384" lon="120.20432593"><ele>-41.34000015258789</ele><time>2022-05-22T22:18:04Z</time><extensions><gpxtpx:TrackPointExtension><gpxtpx:hr>170</gpxtpx:hr><gpxtpx:cad>89</gpxtpx:cad></gpxtpx:TrackPointExtension></extensions></trkpt><trkpt lat="35.95215683" lon="120.20432427"><ele>-41.380001068115234</ele><time>2022-05-22T22:18:05Z</time><extensions><gpxtpx:TrackPointExtension><gpxtpx:hr>170</gpxtpx:hr><gpxtpx:cad>89</gpxtpx:cad></gpxtpx:TrackPointExtension></extensions></trkpt><trkpt lat="35.95217149" lon="120.20432261"><ele>-41.380001068115234</ele><time>2022-05-22T22:18:06Z</time><extensions><gpxtpx:TrackPointExtension><gpxtpx:hr>170</gpxtpx:hr><gpxtpx:cad>89</gpxtpx:cad></gpxtpx:TrackPointExtension></extensions></trkpt><trkpt lat="35.95218648" lon="120.20432095"><ele>-41.400001525878906</ele><time>2022-05-22T22:18:07Z</time><extensions><gpxtpx:TrackPointExtension><gpxtpx:hr>170</gpxtpx:hr><gpxtpx:cad>89</gpxtpx:cad></gpxtpx:TrackPointExtension></extensions></trkpt><trkpt lat="35.95220147" lon="120.20431962"><ele>-41.380001068115234</ele><time>2022-05-22T22:18:08Z</time><extensions><gpxtpx:TrackPointExtension><gpxtpx:hr>170</gpxtpx:hr><gpxtpx:cad>89</gpxtpx:cad></gpxtpx:TrackPointExtension></extensions></trkpt><trkpt lat="35.95221713" lon="120.20432128"><ele>-41.380001068115234</ele><time>2022-05-22T22:18:09Z</time><extensions><gpxtpx:TrackPointExtension><gpxtpx:hr>170</gpxtpx:hr><gpxtpx:cad>89</gpxtpx:cad></gpxtpx:TrackPointExtension></extensions></trkpt><trkpt lat="35.95223379" lon="120.20432161"><ele>-41.380001068115234</ele><time>2022-05-22T22:18:10Z</time><extensions><gpxtpx:TrackPointExtension><gpxtpx:hr>171</gpxtpx:hr><gpxtpx:cad>89</gpxtpx:cad></gpxtpx:TrackPointExtension></extensions></trkpt><trkpt lat="35.95225212" lon="120.20432294"><ele>-41.36000061035156</ele><time>2022-05-22T22:18:11Z</time><extensions><gpxtpx:TrackPointExtension><gpxtpx:hr>173</gpxtpx:hr><gpxtpx:cad>89</gpxtpx:cad></gpxtpx:TrackPointExtension></extensions></trkpt><trkpt lat="35.95227211" lon="120.2043266"><ele>-41.36000061035156</ele><time>2022-05-22T22:18:12Z</time><extensions><gpxtpx:TrackPointExtension><gpxtpx:hr>174</gpxtpx:hr><gpxtpx:cad>89</gpxtpx:cad></gpxtpx:TrackPointExtension></extensions></trkpt><trkpt lat="35.95229244" lon="120.20432793"><ele>-41.36000061035156</ele><time>2022-05-22T22:18:13Z</time><extensions><gpxtpx:TrackPointExtension><gpxtpx:hr>174</gpxtpx:hr><gpxtpx:cad>89</gpxtpx:cad></gpxtpx:TrackPointExtension></extensions></trkpt><trkpt lat="35.95231243" lon="120.20432627"><ele>-41.36000061035156</ele><time>2022-05-22T22:18:14Z</time><extensions><gpxtpx:TrackPointExtension><gpxtpx:hr>172</gpxtpx:hr><gpxtpx:cad>89</gpxtpx:cad></gpxtpx:TrackPointExtension></extensions></trkpt><trkpt lat="35.95233476" lon="120.20432993"><ele>-41.43000030517578</ele><time>2022-05-22T22:18:15Z</time><extensions><gpxtpx:TrackPointExtension><gpxtpx:hr>172</gpxtpx:hr><gpxtpx:cad>88</gpxtpx:cad></gpxtpx:TrackPointExtension></extensions></trkpt><trkpt lat="35.95235842" lon="120.20433393"><ele>-41.470001220703125</ele><time>2022-05-22T22:18:16Z</time><extensions><gpxtpx:TrackPointExtension><gpxtpx:hr>174</gpxtpx:hr><gpxtpx:cad>88</gpxtpx:cad></gpxtpx:TrackPointExtension></extensions></trkpt><trkpt lat="35.95238275" lon="120.20433726"><ele>-41.5</ele><time>2022-05-22T22:18:17Z</time><extensions><gpxtpx:TrackPointExtension><gpxtpx:hr>175</gpxtpx:hr><gpxtpx:cad>89</gpxtpx:cad></gpxtpx:TrackPointExtension></extensions></trkpt><trkpt lat="35.95240608" lon="120.20433792"><ele>-41.5</ele><time>2022-05-22T22:18:18Z</time><extensions><gpxtpx:TrackPointExtension><gpxtpx:hr>174</gpxtpx:hr><gpxtpx:cad>89</gpxtpx:cad></gpxtpx:TrackPointExtension></extensions></trkpt><trkpt lat="35.95242808" lon="120.20433593"><ele>-41.540000915527344</ele><time>2022-05-22T22:18:19Z</time><extensions><gpxtpx:TrackPointExtension><gpxtpx:hr>174</gpxtpx:hr><gpxtpx:cad>89</gpxtpx:cad></gpxtpx:TrackPointExtension></extensions></trkpt><trkpt lat="35.95244874" lon="120.20433394"><ele>-41.540000915527344</ele><time>2022-05-22T22:18:20Z</time><extensions><gpxtpx:TrackPointExtension><gpxtpx:hr>174</gpxtpx:hr><gpxtpx:cad>89</gpxtpx:cad></gpxtpx:TrackPointExtension></extensions></trkpt><trkpt lat="35.95246907" lon="120.20433394"><ele>-41.560001373291016</ele><time>2022-05-22T22:18:21Z</time><extensions><gpxtpx:TrackPointExtension><gpxtpx:hr>174</gpxtpx:hr><gpxtpx:cad>89</gpxtpx:cad></gpxtpx:TrackPointExtension></extensions></trkpt><trkpt lat="35.9524894" lon="120.20433394"><ele>-41.52000045776367</ele><time>2022-05-22T22:18:22Z</time><extensions><gpxtpx:TrackPointExtension><gpxtpx:hr>175</gpxtpx:hr><gpxtpx:cad>89</gpxtpx:cad></gpxtpx:TrackPointExtension></extensions></trkpt><trkpt lat="35.95250873" lon="120.20433128"><ele>-41.540000915527344</ele><time>2022-05-22T22:18:23Z</time><extensions><gpxtpx:TrackPointExtension><gpxtpx:hr>175</gpxtpx:hr><gpxtpx:cad>89</gpxtpx:cad></gpxtpx:TrackPointExtension></extensions></trkpt><trkpt lat="35.95252872" lon="120.20432728"><ele>-41.5</ele><time>2022-05-22T22:18:24Z</time><extensions><gpxtpx:TrackPointExtension><gpxtpx:hr>176</gpxtpx:hr><gpxtpx:cad>89</gpxtpx:cad></gpxtpx:TrackPointExtension></extensions></trkpt><trkpt lat="35.95255138" lon="120.20432395"><ele>-41.540000915527344</ele><time>2022-05-22T22:18:25Z</time><extensions><gpxtpx:TrackPointExtension><gpxtpx:hr>176</gpxtpx:hr><gpxtpx:cad>89</gpxtpx:cad></gpxtpx:TrackPointExtension></extensions></trkpt><trkpt lat="35.95257371" lon="120.20431929"><ele>-41.5</ele><time>2022-05-22T22:18:26Z</time><extensions><gpxtpx:TrackPointExtension><gpxtpx:hr>176</gpxtpx:hr><gpxtpx:cad>90</gpxtpx:cad></gpxtpx:TrackPointExtension></extensions></trkpt><trkpt lat="35.9525957" lon="120.2043133"><ele>-41.540000915527344</ele><time>2022-05-22T22:18:27Z</time><extensions><gpxtpx:TrackPointExtension><gpxtpx:hr>177</gpxtpx:hr><gpxtpx:cad>90</gpxtpx:cad></gpxtpx:TrackPointExtension></extensions></trkpt><trkpt lat="35.95261736" lon="120.20430697"><ele>-41.5</ele><time>2022-05-22T22:18:28Z</time><extensions><gpxtpx:TrackPointExtension><gpxtpx:hr>177</gpxtpx:hr><gpxtpx:cad>89</gpxtpx:cad></gpxtpx:TrackPointExtension></extensions></trkpt><trkpt lat="35.95263936" lon="120.20429897"><ele>-41.540000915527344</ele><time>2022-05-22T22:18:29Z</time><extensions><gpxtpx:TrackPointExtension><gpxtpx:hr>177</gpxtpx:hr><gpxtpx:cad>89</gpxtpx:cad></gpxtpx:TrackPointExtension></extensions></trkpt><trkpt lat="35.95266136" lon="120.20429131"><ele>-41.4900016784668</ele><time>2022-05-22T22:18:30Z</time><extensions><gpxtpx:TrackPointExtension><gpxtpx:hr>177</gpxtpx:hr><gpxtpx:cad>89</gpxtpx:cad></gpxtpx:TrackPointExtension></extensions></trkpt><trkpt lat="35.95268402" lon="120.20428565"><ele>-41.540000915527344</ele><time>2022-05-22T22:18:31Z</time><extensions><gpxtpx:TrackPointExtension><gpxtpx:hr>177</gpxtpx:hr><gpxtpx:cad>89</gpxtpx:cad></gpxtpx:TrackPointExtension></extensions></trkpt><trkpt lat="35.95270668" lon="120.20428099"><ele>-41.4900016784668</ele><time>2022-05-22T22:18:32Z</time><extensions><gpxtpx:TrackPointExtension><gpxtpx:hr>178</gpxtpx:hr><gpxtpx:cad>90</gpxtpx:cad></gpxtpx:TrackPointExtension></extensions></trkpt><trkpt lat="35.95272901" lon="120.20427766"><ele>-41.540000915527344</ele><time>2022-05-22T22:18:33Z</time><extensions><gpxtpx:TrackPointExtension><gpxtpx:hr>178</gpxtpx:hr><gpxtpx:cad>90</gpxtpx:cad></gpxtpx:TrackPointExtension></extensions></trkpt><trkpt lat="35.95274967" lon="120.20427533"><ele>-41.5</ele><time>2022-05-22T22:18:34Z</time><extensions><gpxtpx:TrackPointExtension><gpxtpx:hr>178</gpxtpx:hr><gpxtpx:cad>90</gpxtpx:cad></gpxtpx:TrackPointExtension></extensions></trkpt><trkpt lat="35.95277167" lon="120.20427267"><ele>-41.540000915527344</ele><time>2022-05-22T22:18:35Z</time><extensions><gpxtpx:TrackPointExtension><gpxtpx:hr>178</gpxtpx:hr><gpxtpx:cad>90</gpxtpx:cad></gpxtpx:TrackPointExtension></extensions></trkpt><trkpt lat="35.95279333" lon="120.20427001"><ele>-41.52000045776367</ele><time>2022-05-22T22:18:36Z</time><extensions><gpxtpx:TrackPointExtension><gpxtpx:hr>178</gpxtpx:hr><gpxtpx:cad>90</gpxtpx:cad></gpxtpx:TrackPointExtension></extensions></trkpt><trkpt lat="35.95281732" lon="120.20426635"><ele>-41.540000915527344</ele><time>2022-05-22T22:18:37Z</time><extensions><gpxtpx:TrackPointExtension><gpxtpx:hr>177</gpxtpx:hr><gpxtpx:cad>90</gpxtpx:cad></gpxtpx:TrackPointExtension></extensions></trkpt><trkpt lat="35.95284132" lon="120.20426235"><ele>-41.52000045776367</ele><time>2022-05-22T22:18:38Z</time><extensions><gpxtpx:TrackPointExtension><gpxtpx:hr>177</gpxtpx:hr><gpxtpx:cad>90</gpxtpx:cad></gpxtpx:TrackPointExtension></extensions></trkpt><trkpt lat="35.95286698" lon="120.20425702"><ele>-41.5</ele><time>2022-05-22T22:18:39Z</time><extensions><gpxtpx:TrackPointExtension><gpxtpx:hr>177</gpxtpx:hr><gpxtpx:cad>90</gpxtpx:cad></gpxtpx:TrackPointExtension></extensions></trkpt><trkpt lat="35.95289131" lon="120.20425202"><ele>-41.5</ele><time>2022-05-22T22:18:40Z</time><extensions><gpxtpx:TrackPointExtension><gpxtpx:hr>177</gpxtpx:hr><gpxtpx:cad>90</gpxtpx:cad></gpxtpx:TrackPointExtension></extensions></trkpt><trkpt lat="35.95291731" lon="120.20424802"><ele>-41.470001220703125</ele><time>2022-05-22T22:18:41Z</time><extensions><gpxtpx:TrackPointExtension><gpxtpx:hr>177</gpxtpx:hr><gpxtpx:cad>89</gpxtpx:cad></gpxtpx:TrackPointExtension></extensions></trkpt><trkpt lat="35.95294264" lon="120.20424569"><ele>-41.40999984741211</ele><time>2022-05-22T22:18:42Z</time><extensions><gpxtpx:TrackPointExtension><gpxtpx:hr>177</gpxtpx:hr><gpxtpx:cad>89</gpxtpx:cad></gpxtpx:TrackPointExtension></extensions></trkpt><trkpt lat="35.95296764" lon="120.20424169"><ele>-41.36000061035156</ele><time>2022-05-22T22:18:43Z</time><extensions><gpxtpx:TrackPointExtension><gpxtpx:hr>177</gpxtpx:hr><gpxtpx:cad>89</gpxtpx:cad></gpxtpx:TrackPointExtension></extensions></trkpt><trkpt lat="35.95298863" lon="120.20423936"><ele>-41.310001373291016</ele><time>2022-05-22T22:18:44Z</time><extensions><gpxtpx:TrackPointExtension><gpxtpx:hr>177</gpxtpx:hr><gpxtpx:cad>89</gpxtpx:cad></gpxtpx:TrackPointExtension></extensions></trkpt><trkpt lat="35.95300696" lon="120.2042367"><ele>-41.290000915527344</ele><time>2022-05-22T22:18:45Z</time><extensions><gpxtpx:TrackPointExtension><gpxtpx:hr>177</gpxtpx:hr><gpxtpx:cad>89</gpxtpx:cad></gpxtpx:TrackPointExtension></extensions></trkpt><trkpt lat="35.95302395" lon="120.20423471"><ele>-41.27000045776367</ele><time>2022-05-22T22:18:46Z</time><extensions><gpxtpx:TrackPointExtension><gpxtpx:hr>177</gpxtpx:hr><gpxtpx:cad>89</gpxtpx:cad></gpxtpx:TrackPointExtension></extensions></trkpt><trkpt lat="35.95304161" lon="120.20423238"><ele>-41.25</ele><time>2022-05-22T22:18:47Z</time><extensions><gpxtpx:TrackPointExtension><gpxtpx:hr>177</gpxtpx:hr><gpxtpx:cad>89</gpxtpx:cad></gpxtpx:TrackPointExtension></extensions></trkpt><trkpt lat="35.9530586" lon="120.20423005"><ele>-41.2400016784668</ele><time>2022-05-22T22:18:48Z</time><extensions><gpxtpx:TrackPointExtension><gpxtpx:hr>177</gpxtpx:hr><gpxtpx:cad>89</gpxtpx:cad></gpxtpx:TrackPointExtension></extensions></trkpt><trkpt lat="35.95307293" lon="120.20422872"><ele>-41.220001220703125</ele><time>2022-05-22T22:18:49Z</time><extensions><gpxtpx:TrackPointExtension><gpxtpx:cad>89</gpxtpx:cad></gpxtpx:TrackPointExtension></extensions></trkpt><trkpt lat="35.95308593" lon="120.20422673"><ele>-41.18000030517578</ele><time>2022-05-22T22:18:50Z</time><extensions><gpxtpx:TrackPointExtension><gpxtpx:hr>177</gpxtpx:hr><gpxtpx:cad>89</gpxtpx:cad></gpxtpx:TrackPointExtension></extensions></trkpt><trkpt lat="35.95309759" lon="120.20422473"><ele>-41.150001525878906</ele><time>2022-05-22T22:18:51Z</time><extensions><gpxtpx:TrackPointExtension><gpxtpx:hr>177</gpxtpx:hr><gpxtpx:cad>89</gpxtpx:cad></gpxtpx:TrackPointExtension></extensions></trkpt><trkpt lat="35.95310825" lon="120.20422407"><ele>-41.130001068115234</ele><time>2022-05-22T22:18:52Z</time><extensions><gpxtpx:TrackPointExtension><gpxtpx:hr>177</gpxtpx:hr><gpxtpx:cad>89</gpxtpx:cad></gpxtpx:TrackPointExtension></extensions></trkpt><trkpt lat="35.95312124" lon="120.20422407"><ele>-41.11000061035156</ele><time>2022-05-22T22:18:53Z</time><extensions><gpxtpx:TrackPointExtension><gpxtpx:hr>177</gpxtpx:hr><gpxtpx:cad>89</gpxtpx:cad></gpxtpx:TrackPointExtension></extensions></trkpt><trkpt lat="35.9531349" lon="120.20422407"><ele>-41.09000015258789</ele><time>2022-05-22T22:18:54Z</time><extensions><gpxtpx:TrackPointExtension><gpxtpx:hr>177</gpxtpx:hr><gpxtpx:cad>89</gpxtpx:cad></gpxtpx:TrackPointExtension></extensions></trkpt><trkpt lat="35.95314956" lon="120.20422374"><ele>-41.09000015258789</ele><time>2022-05-22T22:18:55Z</time><extensions><gpxtpx:TrackPointExtension><gpxtpx:cad>89</gpxtpx:cad></gpxtpx:TrackPointExtension></extensions></trkpt><trkpt lat="35.95316522" lon="120.20422208"><ele>-41.060001373291016</ele><time>2022-05-22T22:18:56Z</time><extensions><gpxtpx:TrackPointExtension><gpxtpx:hr>177</gpxtpx:hr><gpxtpx:cad>89</gpxtpx:cad></gpxtpx:TrackPointExtension></extensions></trkpt><trkpt lat="35.95318122" lon="120.20422008"><ele>-41.040000915527344</ele><time>2022-05-22T22:18:57Z</time><extensions><gpxtpx:TrackPointExtension><gpxtpx:hr>177</gpxtpx:hr><gpxtpx:cad>89</gpxtpx:cad></gpxtpx:TrackPointExtension></extensions></trkpt><trkpt lat="35.95319821" lon="120.20421642"><ele>-41.040000915527344</ele><time>2022-05-22T22:18:58Z</time><extensions><gpxtpx:TrackPointExtension><gpxtpx:hr>177</gpxtpx:hr><gpxtpx:cad>89</gpxtpx:cad></gpxtpx:TrackPointExtension></extensions></trkpt><trkpt lat="35.95321554" lon="120.20421309"><ele>-41.040000915527344</ele><time>2022-05-22T22:18:59Z</time><extensions><gpxtpx:TrackPointExtension><gpxtpx:hr>177</gpxtpx:hr><gpxtpx:cad>89</gpxtpx:cad></gpxtpx:TrackPointExtension></extensions></trkpt><trkpt lat="35.9532352" lon="120.20420943"><ele>-41.02000045776367</ele><time>2022-05-22T22:19:00Z</time><extensions><gpxtpx:TrackPointExtension><gpxtpx:hr>177</gpxtpx:hr><gpxtpx:cad>89</gpxtpx:cad></gpxtpx:TrackPointExtension></extensions></trkpt><trkpt lat="35.95325686" lon="120.20420344"><ele>-41.040000915527344</ele><time>2022-05-22T22:19:01Z</time><extensions><gpxtpx:TrackPointExtension><gpxtpx:hr>177</gpxtpx:hr><gpxtpx:cad>89</gpxtpx:cad></gpxtpx:TrackPointExtension></extensions></trkpt><trkpt lat="35.95327852" lon="120.20419645"><ele>-41.060001373291016</ele><time>2022-05-22T22:19:02Z</time><extensions><gpxtpx:TrackPointExtension><gpxtpx:hr>177</gpxtpx:hr><gpxtpx:cad>89</gpxtpx:cad></gpxtpx:TrackPointExtension></extensions></trkpt><trkpt lat="35.95329985" lon="120.20419145"><ele>-41.08000183105469</ele><time>2022-05-22T22:19:03Z</time><extensions><gpxtpx:TrackPointExtension><gpxtpx:hr>177</gpxtpx:hr><gpxtpx:cad>89</gpxtpx:cad></gpxtpx:TrackPointExtension></extensions></trkpt><trkpt lat="35.95332384" lon="120.20418579"><ele>-41.08000183105469</ele><time>2022-05-22T22:19:04Z</time><extensions><gpxtpx:TrackPointExtension><gpxtpx:cad>88</gpxtpx:cad></gpxtpx:TrackPointExtension></extensions></trkpt><trkpt lat="35.9533475" lon="120.2041798"><ele>-41.08000183105469</ele><time>2022-05-22T22:19:05Z</time><extensions><gpxtpx:TrackPointExtension><gpxtpx:hr>177</gpxtpx:hr><gpxtpx:cad>89</gpxtpx:cad></gpxtpx:TrackPointExtension></extensions></trkpt><trkpt lat="35.95337116" lon="120.2041748"><ele>-41.060001373291016</ele><time>2022-05-22T22:19:06Z</time><extensions><gpxtpx:TrackPointExtension><gpxtpx:hr>177</gpxtpx:hr><gpxtpx:cad>89</gpxtpx:cad></gpxtpx:TrackPointExtension></extensions></trkpt><trkpt lat="35.95339382" lon="120.20416814"><ele>-41.040000915527344</ele><time>2022-05-22T22:19:07Z</time><extensions><gpxtpx:TrackPointExtension><gpxtpx:hr>176</gpxtpx:hr><gpxtpx:cad>89</gpxtpx:cad></gpxtpx:TrackPointExtension></extensions></trkpt><trkpt lat="35.95341681" lon="120.20415981"><ele>-41.040000915527344</ele><time>2022-05-22T22:19:08Z</time><extensions><gpxtpx:TrackPointExtension><gpxtpx:hr>175</gpxtpx:hr><gpxtpx:cad>89</gpxtpx:cad></gpxtpx:TrackPointExtension></extensions></trkpt><trkpt lat="35.95343947" lon="120.20415148"><ele>-41.02000045776367</ele><time>2022-05-22T22:19:09Z</time><extensions><gpxtpx:TrackPointExtension><gpxtpx:hr>175</gpxtpx:hr><gpxtpx:cad>89</gpxtpx:cad></gpxtpx:TrackPointExtension></extensions></trkpt><trkpt lat="35.95346247" lon="120.20414315"><ele>-41.0</ele><time>2022-05-22T22:19:10Z</time><extensions><gpxtpx:TrackPointExtension><gpxtpx:hr>175</gpxtpx:hr><gpxtpx:cad>89</gpxtpx:cad></gpxtpx:TrackPointExtension></extensions></trkpt><trkpt lat="35.95348546" lon="120.20413349"><ele>-40.9900016784668</ele><time>2022-05-22T22:19:11Z</time><extensions><gpxtpx:TrackPointExtension><gpxtpx:hr>174</gpxtpx:hr><gpxtpx:cad>90</gpxtpx:cad></gpxtpx:TrackPointExtension></extensions></trkpt><trkpt lat="35.95350812" lon="120.20412516"><ele>-40.9900016784668</ele><time>2022-05-22T22:19:12Z</time><extensions><gpxtpx:TrackPointExtension><gpxtpx:cad>90</gpxtpx:cad></gpxtpx:TrackPointExtension></extensions></trkpt><trkpt lat="35.95353045" lon="120.2041165"><ele>-40.93000030517578</ele><time>2022-05-22T22:19:13Z</time><extensions><gpxtpx:TrackPointExtension><gpxtpx:hr>173</gpxtpx:hr><gpxtpx:cad>90</gpxtpx:cad></gpxtpx:TrackPointExtension></extensions></trkpt><trkpt lat="35.95355278" lon="120.20410817"><ele>-40.900001525878906</ele><time>2022-05-22T22:19:14Z</time><extensions><gpxtpx:TrackPointExtension><gpxtpx:hr>173</gpxtpx:hr><gpxtpx:cad>90</gpxtpx:cad></gpxtpx:TrackPointExtension></extensions></trkpt><trkpt lat="35.95357577" lon="120.20409884"><ele>-40.810001373291016</ele><time>2022-05-22T22:19:15Z</time><extensions><gpxtpx:TrackPointExtension><gpxtpx:hr>173</gpxtpx:hr><gpxtpx:cad>90</gpxtpx:cad></gpxtpx:TrackPointExtension></extensions></trkpt><trkpt lat="35.95359976" lon="120.20409118"><ele>-40.75</ele><time>2022-05-22T22:19:16Z</time><extensions><gpxtpx:TrackPointExtension><gpxtpx:hr>173</gpxtpx:hr><gpxtpx:cad>90</gpxtpx:cad></gpxtpx:TrackPointExtension></extensions></trkpt><trkpt lat="35.95362476" lon="120.20408352"><ele>-40.68000030517578</ele><time>2022-05-22T22:19:17Z</time><extensions><gpxtpx:TrackPointExtension><gpxtpx:hr>174</gpxtpx:hr><gpxtpx:cad>90</gpxtpx:cad></gpxtpx:TrackPointExtension></extensions></trkpt><trkpt lat="35.95365075" lon="120.20407686"><ele>-40.59000015258789</ele><time>2022-05-22T22:19:18Z</time><extensions><gpxtpx:TrackPointExtension><gpxtpx:hr>174</gpxtpx:hr><gpxtpx:cad>89</gpxtpx:cad></gpxtpx:TrackPointExtension></extensions></trkpt><trkpt lat="35.95367708" lon="120.20406987"><ele>-40.470001220703125</ele><time>2022-05-22T22:19:19Z</time><extensions><gpxtpx:TrackPointExtension><gpxtpx:hr>174</gpxtpx:hr><gpxtpx:cad>89</gpxtpx:cad></gpxtpx:TrackPointExtension></extensions></trkpt><trkpt lat="35.95370241" lon="120.20406487"><ele>-40.380001068115234</ele><time>2022-05-22T22:19:20Z</time><extensions><gpxtpx:TrackPointExtension><gpxtpx:hr>174</gpxtpx:hr><gpxtpx:cad>90</gpxtpx:cad></gpxtpx:TrackPointExtension></extensions></trkpt><trkpt lat="35.95372574" lon="120.20406021"><ele>-40.290000915527344</ele><time>2022-05-22T22:19:21Z</time><extensions><gpxtpx:TrackPointExtension><gpxtpx:hr>174</gpxtpx:hr><gpxtpx:cad>91</gpxtpx:cad></gpxtpx:TrackPointExtension></extensions></trkpt><trkpt lat="35.95374873" lon="120.20405555"><ele>-40.20000076293945</ele><time>2022-05-22T22:19:22Z</time><extensions><gpxtpx:TrackPointExtension><gpxtpx:hr>174</gpxtpx:hr><gpxtpx:cad>91</gpxtpx:cad></gpxtpx:TrackPointExtension></extensions></trkpt><trkpt lat="35.95377139" lon="120.20405422"><ele>-40.150001525878906</ele><time>2022-05-22T22:19:23Z</time><extensions><gpxtpx:TrackPointExtension><gpxtpx:hr>173</gpxtpx:hr><gpxtpx:cad>92</gpxtpx:cad></gpxtpx:TrackPointExtension></extensions></trkpt><trkpt lat="35.95379339" lon="120.20405422"><ele>-40.18000030517578</ele><time>2022-05-22T22:19:24Z</time><extensions><gpxtpx:TrackPointExtension><gpxtpx:hr>173</gpxtpx:hr><gpxtpx:cad>91</gpxtpx:cad></gpxtpx:TrackPointExtension></extensions></trkpt><trkpt lat="35.95381505" lon="120.20405488"><ele>-40.20000076293945</ele><time>2022-05-22T22:19:25Z</time><extensions><gpxtpx:TrackPointExtension><gpxtpx:hr>173</gpxtpx:hr><gpxtpx:cad>91</gpxtpx:cad></gpxtpx:TrackPointExtension></extensions></trkpt><trkpt lat="35.95383671" lon="120.20405621"><ele>-40.220001220703125</ele><time>2022-05-22T22:19:26Z</time><extensions><gpxtpx:TrackPointExtension><gpxtpx:hr>173</gpxtpx:hr><gpxtpx:cad>90</gpxtpx:cad></gpxtpx:TrackPointExtension></extensions></trkpt><trkpt lat="35.95385704" lon="120.20405555"><ele>-40.2400016784668</ele><time>2022-05-22T22:19:27Z</time><extensions><gpxtpx:TrackPointExtension><gpxtpx:hr>173</gpxtpx:hr><gpxtpx:cad>90</gpxtpx:cad></gpxtpx:TrackPointExtension></extensions></trkpt><trkpt lat="35.95388137" lon="120.20405422"><ele>-40.25</ele><time>2022-05-22T22:19:28Z</time><extensions><gpxtpx:TrackPointExtension><gpxtpx:hr>173</gpxtpx:hr><gpxtpx:cad>90</gpxtpx:cad></gpxtpx:TrackPointExtension></extensions></trkpt><trkpt lat="35.95390737" lon="120.20405256"><ele>-40.25</ele><time>2022-05-22T22:19:29Z</time><extensions><gpxtpx:TrackPointExtension><gpxtpx:hr>173</gpxtpx:hr><gpxtpx:cad>89</gpxtpx:cad></gpxtpx:TrackPointExtension></extensions></trkpt><trkpt lat="35.95393303" lon="120.20405156"><ele>-40.220001220703125</ele><time>2022-05-22T22:19:30Z</time><extensions><gpxtpx:TrackPointExtension><gpxtpx:hr>174</gpxtpx:hr><gpxtpx:cad>89</gpxtpx:cad></gpxtpx:TrackPointExtension></extensions></trkpt><trkpt lat="35.95395769" lon="120.2040499"><ele>-40.20000076293945</ele><time>2022-05-22T22:19:31Z</time><extensions><gpxtpx:TrackPointExtension><gpxtpx:hr>174</gpxtpx:hr><gpxtpx:cad>90</gpxtpx:cad></gpxtpx:TrackPointExtension></extensions></trkpt><trkpt lat="35.95398435" lon="120.20404524"><ele>-40.150001525878906</ele><time>2022-05-22T22:19:32Z</time><extensions><gpxtpx:TrackPointExtension><gpxtpx:hr>174</gpxtpx:hr><gpxtpx:cad>90</gpxtpx:cad></gpxtpx:TrackPointExtension></extensions></trkpt><trkpt lat="35.95401168" lon="120.20403891"><ele>-40.130001068115234</ele><time>2022-05-22T22:19:33Z</time><extensions><gpxtpx:TrackPointExtension><gpxtpx:hr>174</gpxtpx:hr><gpxtpx:cad>91</gpxtpx:cad></gpxtpx:TrackPointExtension></extensions></trkpt><trkpt lat="35.95404034" lon="120.20403358"><ele>-40.09000015258789</ele><time>2022-05-22T22:19:34Z</time><extensions><gpxtpx:TrackPointExtension><gpxtpx:hr>174</gpxtpx:hr><gpxtpx:cad>91</gpxtpx:cad></gpxtpx:TrackPointExtension></extensions></trkpt><trkpt lat="35.954071" lon="120.20403125"><ele>-40.060001373291016</ele><time>2022-05-22T22:19:35Z</time><extensions><gpxtpx:TrackPointExtension><gpxtpx:hr>173</gpxtpx:hr><gpxtpx:cad>91</gpxtpx:cad></gpxtpx:TrackPointExtension></extensions></trkpt><trkpt lat="35.95410266" lon="120.20402792"><ele>-40.02000045776367</ele><time>2022-05-22T22:19:36Z</time><extensions><gpxtpx:TrackPointExtension><gpxtpx:hr>172</gpxtpx:hr><gpxtpx:cad>91</gpxtpx:cad></gpxtpx:TrackPointExtension></extensions></trkpt><trkpt lat="35.95413332" lon="120.20402459"><ele>-39.970001220703125</ele><time>2022-05-22T22:19:37Z</time><extensions><gpxtpx:TrackPointExtension><gpxtpx:hr>172</gpxtpx:hr><gpxtpx:cad>91</gpxtpx:cad></gpxtpx:TrackPointExtension></extensions></trkpt><trkpt lat="35.95416198" lon="120.20402059"><ele>-39.83000183105469</ele><time>2022-05-22T22:19:38Z</time><extensions><gpxtpx:TrackPointExtension><gpxtpx:hr>172</gpxtpx:hr><gpxtpx:cad>91</gpxtpx:cad></gpxtpx:TrackPointExtension></extensions></trkpt><trkpt lat="35.95418831" lon="120.20401493"><ele>-39.720001220703125</ele><time>2022-05-22T22:19:39Z</time><extensions><gpxtpx:TrackPointExtension><gpxtpx:hr>172</gpxtpx:hr><gpxtpx:cad>91</gpxtpx:cad></gpxtpx:TrackPointExtension></extensions></trkpt><trkpt lat="35.95421297" lon="120.20400827"><ele>-39.630001068115234</ele><time>2022-05-22T22:19:40Z</time><extensions><gpxtpx:TrackPointExtension><gpxtpx:hr>171</gpxtpx:hr><gpxtpx:cad>90</gpxtpx:cad></gpxtpx:TrackPointExtension></extensions></trkpt><trkpt lat="35.95423697" lon="120.20400094"><ele>-39.540000915527344</ele><time>2022-05-22T22:19:41Z</time><extensions><gpxtpx:TrackPointExtension><gpxtpx:hr>170</gpxtpx:hr><gpxtpx:cad>91</gpxtpx:cad></gpxtpx:TrackPointExtension></extensions></trkpt><trkpt lat="35.9542593" lon="120.20399328"><ele>-39.4900016784668</ele><time>2022-05-22T22:19:42Z</time><extensions><gpxtpx:TrackPointExtension><gpxtpx:hr>169</gpxtpx:hr><gpxtpx:cad>91</gpxtpx:cad></gpxtpx:TrackPointExtension></extensions></trkpt><trkpt lat="35.95428163" lon="120.20398562"><ele>-39.4900016784668</ele><time>2022-05-22T22:19:43Z</time><extensions><gpxtpx:TrackPointExtension><gpxtpx:hr>168</gpxtpx:hr><gpxtpx:cad>91</gpxtpx:cad></gpxtpx:TrackPointExtension></extensions></trkpt><trkpt lat="35.95430663" lon="120.20398162"><ele>-39.400001525878906</ele><time>2022-05-22T22:19:44Z</time><extensions><gpxtpx:TrackPointExtension><gpxtpx:hr>168</gpxtpx:hr><gpxtpx:cad>91</gpxtpx:cad></gpxtpx:TrackPointExtension></extensions></trkpt><trkpt lat="35.95433262" lon="120.20398096"><ele>-39.380001068115234</ele><time>2022-05-22T22:19:45Z</time><extensions><gpxtpx:TrackPointExtension><gpxtpx:hr>168</gpxtpx:hr><gpxtpx:cad>91</gpxtpx:cad></gpxtpx:TrackPointExtension></extensions></trkpt><trkpt lat="35.95435961" lon="120.20398162"><ele>-39.36000061035156</ele><time>2022-05-22T22:19:46Z</time><extensions><gpxtpx:TrackPointExtension><gpxtpx:hr>168</gpxtpx:hr><gpxtpx:cad>91</gpxtpx:cad></gpxtpx:TrackPointExtension></extensions></trkpt><trkpt lat="35.95438461" lon="120.20398295"><ele>-39.290000915527344</ele><time>2022-05-22T22:19:47Z</time><extensions><gpxtpx:TrackPointExtension><gpxtpx:hr>168</gpxtpx:hr><gpxtpx:cad>91</gpxtpx:cad></gpxtpx:TrackPointExtension></extensions></trkpt><trkpt lat="35.95440827" lon="120.20398394"><ele>-39.25</ele><time>2022-05-22T22:19:48Z</time><extensions><gpxtpx:TrackPointExtension><gpxtpx:hr>168</gpxtpx:hr><gpxtpx:cad>89</gpxtpx:cad></gpxtpx:TrackPointExtension></extensions></trkpt><trkpt lat="35.9544306" lon="120.20398627"><ele>-39.18000030517578</ele><time>2022-05-22T22:19:49Z</time><extensions><gpxtpx:TrackPointExtension><gpxtpx:hr>168</gpxtpx:hr><gpxtpx:cad>87</gpxtpx:cad></gpxtpx:TrackPointExtension></extensions></trkpt><trkpt lat="35.95445259" lon="120.20398893"><ele>-39.150001525878906</ele><time>2022-05-22T22:19:50Z</time><extensions><gpxtpx:TrackPointExtension><gpxtpx:hr>168</gpxtpx:hr><gpxtpx:cad>87</gpxtpx:cad></gpxtpx:TrackPointExtension></extensions></trkpt><trkpt lat="35.95447425" lon="120.20399226"><ele>-39.09000015258789</ele><time>2022-05-22T22:19:51Z</time><extensions><gpxtpx:TrackPointExtension><gpxtpx:hr>168</gpxtpx:hr><gpxtpx:cad>88</gpxtpx:cad></gpxtpx:TrackPointExtension></extensions></trkpt><trkpt lat="35.95449625" lon="120.20399392"><ele>-39.02000045776367</ele><time>2022-05-22T22:19:52Z</time><extensions><gpxtpx:TrackPointExtension><gpxtpx:hr>168</gpxtpx:hr><gpxtpx:cad>89</gpxtpx:cad></gpxtpx:TrackPointExtension></extensions></trkpt><trkpt lat="35.95451791" lon="120.20399525"><ele>-38.90999984741211</ele><time>2022-05-22T22:19:53Z</time><extensions><gpxtpx:TrackPointExtension><gpxtpx:hr>168</gpxtpx:hr><gpxtpx:cad>89</gpxtpx:cad></gpxtpx:TrackPointExtension></extensions></trkpt><trkpt lat="35.95454057" lon="120.20399725"><ele>-38.84000015258789</ele><time>2022-05-22T22:19:54Z</time><extensions><gpxtpx:TrackPointExtension><gpxtpx:hr>168</gpxtpx:hr><gpxtpx:cad>89</gpxtpx:cad></gpxtpx:TrackPointExtension></extensions></trkpt><trkpt lat="35.9545629" lon="120.20399725"><ele>-38.75</ele><time>2022-05-22T22:19:55Z</time><extensions><gpxtpx:TrackPointExtension><gpxtpx:hr>168</gpxtpx:hr><gpxtpx:cad>89</gpxtpx:cad></gpxtpx:TrackPointExtension></extensions></trkpt><trkpt lat="35.95458356" lon="120.20399525"><ele>-38.68000030517578</ele><time>2022-05-22T22:19:56Z</time><extensions><gpxtpx:TrackPointExtension><gpxtpx:hr>168</gpxtpx:hr><gpxtpx:cad>89</gpxtpx:cad></gpxtpx:TrackPointExtension></extensions></trkpt><trkpt lat="35.95460289" lon="120.20399426"><ele>-38.61000061035156</ele><time>2022-05-22T22:19:57Z</time><extensions><gpxtpx:TrackPointExtension><gpxtpx:hr>167</gpxtpx:hr><gpxtpx:cad>89</gpxtpx:cad></gpxtpx:TrackPointExtension></extensions></trkpt><trkpt lat="35.95462122" lon="120.20399426"><ele>-38.540000915527344</ele><time>2022-05-22T22:19:58Z</time><extensions><gpxtpx:TrackPointExtension><gpxtpx:hr>167</gpxtpx:hr><gpxtpx:cad>89</gpxtpx:cad></gpxtpx:TrackPointExtension></extensions></trkpt><trkpt lat="35.95463788" lon="120.20399327"><ele>-38.5</ele><time>2022-05-22T22:19:59Z</time><extensions><gpxtpx:TrackPointExtension><gpxtpx:hr>166</gpxtpx:hr><gpxtpx:cad>89</gpxtpx:cad></gpxtpx:TrackPointExtension></extensions></trkpt><trkpt lat="35.95465421" lon="120.20398994"><ele>-38.45000076293945</ele><time>2022-05-22T22:20:00Z</time><extensions><gpxtpx:TrackPointExtension><gpxtpx:hr>165</gpxtpx:hr><gpxtpx:cad>89</gpxtpx:cad></gpxtpx:TrackPointExtension></extensions></trkpt><trkpt lat="35.95467054" lon="120.20398761"><ele>-38.45000076293945</ele><time>2022-05-22T22:20:01Z</time><extensions><gpxtpx:TrackPointExtension><gpxtpx:hr>165</gpxtpx:hr><gpxtpx:cad>89</gpxtpx:cad></gpxtpx:TrackPointExtension></extensions></trkpt><trkpt lat="35.95468753" lon="120.20398662"><ele>-38.36000061035156</ele><time>2022-05-22T22:20:02Z</time><extensions><gpxtpx:TrackPointExtension><gpxtpx:hr>165</gpxtpx:hr><gpxtpx:cad>89</gpxtpx:cad></gpxtpx:TrackPointExtension></extensions></trkpt><trkpt lat="35.95470486" lon="120.20398596"><ele>-38.310001373291016</ele><time>2022-05-22T22:20:03Z</time><extensions><gpxtpx:TrackPointExtension><gpxtpx:hr>165</gpxtpx:hr><gpxtpx:cad>89</gpxtpx:cad></gpxtpx:TrackPointExtension></extensions></trkpt><trkpt lat="35.95472219" lon="120.2039843"><ele>-38.2400016784668</ele><time>2022-05-22T22:20:04Z</time><extensions><gpxtpx:TrackPointExtension><gpxtpx:hr>165</gpxtpx:hr><gpxtpx:cad>89</gpxtpx:cad></gpxtpx:TrackPointExtension></extensions></trkpt><trkpt lat="35.95473752" lon="120.20398131"><ele>-38.15999984741211</ele><time>2022-05-22T22:20:05Z</time><extensions><gpxtpx:TrackPointExtension><gpxtpx:hr>166</gpxtpx:hr><gpxtpx:cad>89</gpxtpx:cad></gpxtpx:TrackPointExtension></extensions></trkpt><trkpt lat="35.95475051" lon="120.20397898"><ele>-38.11000061035156</ele><time>2022-05-22T22:20:06Z</time><extensions><gpxtpx:TrackPointExtension><gpxtpx:hr>166</gpxtpx:hr><gpxtpx:cad>89</gpxtpx:cad></gpxtpx:TrackPointExtension></extensions></trkpt><trkpt lat="35.95476117" lon="120.20397599"><ele>-38.040000915527344</ele><time>2022-05-22T22:20:07Z</time><extensions><gpxtpx:TrackPointExtension><gpxtpx:hr>166</gpxtpx:hr><gpxtpx:cad>89</gpxtpx:cad></gpxtpx:TrackPointExtension></extensions></trkpt><trkpt lat="35.95477217" lon="120.20397099"><ele>-38.0</ele><time>2022-05-22T22:20:08Z</time><extensions><gpxtpx:TrackPointExtension><gpxtpx:hr>167</gpxtpx:hr><gpxtpx:cad>89</gpxtpx:cad></gpxtpx:TrackPointExtension></extensions></trkpt><trkpt lat="35.95478183" lon="120.20396566"><ele>-37.900001525878906</ele><time>2022-05-22T22:20:09Z</time><extensions><gpxtpx:TrackPointExtension><gpxtpx:hr>168</gpxtpx:hr><gpxtpx:cad>89</gpxtpx:cad></gpxtpx:TrackPointExtension></extensions></trkpt><trkpt lat="35.95479249" lon="120.20395967"><ele>-37.77000045776367</ele><time>2022-05-22T22:20:10Z</time><extensions><gpxtpx:TrackPointExtension><gpxtpx:hr>169</gpxtpx:hr><gpxtpx:cad>89</gpxtpx:cad></gpxtpx:TrackPointExtension></extensions></trkpt><trkpt lat="35.95480448" lon="120.20395467"><ele>-37.650001525878906</ele><time>2022-05-22T22:20:11Z</time><extensions><gpxtpx:TrackPointExtension><gpxtpx:hr>169</gpxtpx:hr><gpxtpx:cad>89</gpxtpx:cad></gpxtpx:TrackPointExtension></extensions></trkpt><trkpt lat="35.95481781" lon="120.20395268"><ele>-37.560001373291016</ele><time>2022-05-22T22:20:12Z</time><extensions><gpxtpx:TrackPointExtension><gpxtpx:hr>170</gpxtpx:hr><gpxtpx:cad>89</gpxtpx:cad></gpxtpx:TrackPointExtension></extensions></trkpt><trkpt lat="35.95483081" lon="120.20395301"><ele>-37.52000045776367</ele><time>2022-05-22T22:20:13Z</time><extensions><gpxtpx:TrackPointExtension><gpxtpx:hr>170</gpxtpx:hr><gpxtpx:cad>89</gpxtpx:cad></gpxtpx:TrackPointExtension></extensions></trkpt><trkpt lat="35.95484547" lon="120.203955"><ele>-37.5</ele><time>2022-05-22T22:20:14Z</time><extensions><gpxtpx:TrackPointExtension><gpxtpx:hr>170</gpxtpx:hr><gpxtpx:cad>89</gpxtpx:cad></gpxtpx:TrackPointExtension></extensions></trkpt><trkpt lat="35.9548608" lon="120.20395833"><ele>-37.4900016784668</ele><time>2022-05-22T22:20:15Z</time><extensions><gpxtpx:TrackPointExtension><gpxtpx:hr>170</gpxtpx:hr><gpxtpx:cad>89</gpxtpx:cad></gpxtpx:TrackPointExtension></extensions></trkpt><trkpt lat="35.9548748" lon="120.20396233"><ele>-37.45000076293945</ele><time>2022-05-22T22:20:16Z</time><extensions><gpxtpx:TrackPointExtension><gpxtpx:hr>170</gpxtpx:hr><gpxtpx:cad>62</gpxtpx:cad></gpxtpx:TrackPointExtension></extensions></trkpt><trkpt lat="35.9548888" lon="120.20396799"><ele>-37.43000030517578</ele><time>2022-05-22T22:20:17Z</time><extensions><gpxtpx:TrackPointExtension><gpxtpx:hr>169</gpxtpx:hr><gpxtpx:cad>63</gpxtpx:cad></gpxtpx:TrackPointExtension></extensions></trkpt><trkpt lat="35.95490246" lon="120.20397332"><ele>-37.380001068115234</ele><time>2022-05-22T22:20:18Z</time><extensions><gpxtpx:TrackPointExtension><gpxtpx:hr>168</gpxtpx:hr><gpxtpx:cad>63</gpxtpx:cad></gpxtpx:TrackPointExtension></extensions></trkpt><trkpt lat="35.95491646" lon="120.20397965"><ele>-37.33000183105469</ele><time>2022-05-22T22:20:19Z</time><extensions><gpxtpx:TrackPointExtension><gpxtpx:hr>168</gpxtpx:hr><gpxtpx:cad>62</gpxtpx:cad></gpxtpx:TrackPointExtension></extensions></trkpt><trkpt lat="35.95493012" lon="120.20398664"><ele>-37.27000045776367</ele><time>2022-05-22T22:20:20Z</time><extensions><gpxtpx:TrackPointExtension><gpxtpx:hr>169</gpxtpx:hr><gpxtpx:cad>62</gpxtpx:cad></gpxtpx:TrackPointExtension></extensions></trkpt><trkpt lat="35.95494345" lon="120.2039943"><ele>-37.20000076293945</ele><time>2022-05-22T22:20:21Z</time><extensions><gpxtpx:TrackPointExtension><gpxtpx:hr>171</gpxtpx:hr><gpxtpx:cad>62</gpxtpx:cad></gpxtpx:TrackPointExtension></extensions></trkpt><trkpt lat="35.95495511" lon="120.20400363"><ele>-37.130001068115234</ele><time>2022-05-22T22:20:22Z</time><extensions><gpxtpx:TrackPointExtension><gpxtpx:hr>172</gpxtpx:hr><gpxtpx:cad>62</gpxtpx:cad></gpxtpx:TrackPointExtension></extensions></trkpt><trkpt lat="35.95496611" lon="120.20401496"><ele>-37.060001373291016</ele><time>2022-05-22T22:20:23Z</time><extensions><gpxtpx:TrackPointExtension><gpxtpx:hr>171</gpxtpx:hr><gpxtpx:cad>62</gpxtpx:cad></gpxtpx:TrackPointExtension></extensions></trkpt><trkpt lat="35.95497777" lon="120.20402895"><ele>-36.95000076293945</ele><time>2022-05-22T22:20:24Z</time><extensions><gpxtpx:TrackPointExtension><gpxtpx:hr>171</gpxtpx:hr><gpxtpx:cad>62</gpxtpx:cad></gpxtpx:TrackPointExtension></extensions></trkpt><trkpt lat="35.95498976" lon="120.20404661"><ele>-36.880001068115234</ele><time>2022-05-22T22:20:25Z</time><extensions><gpxtpx:TrackPointExtension><gpxtpx:hr>171</gpxtpx:hr><gpxtpx:cad>62</gpxtpx:cad></gpxtpx:TrackPointExtension></extensions></trkpt><trkpt lat="35.95500076" lon="120.2040676"><ele>-36.810001373291016</ele><time>2022-05-22T22:20:26Z</time><extensions><gpxtpx:TrackPointExtension><gpxtpx:hr>171</gpxtpx:hr><gpxtpx:cad>62</gpxtpx:cad></gpxtpx:TrackPointExtension></extensions></trkpt><trkpt lat="35.95501109" lon="120.20408893"><ele>-36.70000076293945</ele><time>2022-05-22T22:20:27Z</time><extensions><gpxtpx:TrackPointExtension><gpxtpx:hr>172</gpxtpx:hr><gpxtpx:cad>62</gpxtpx:cad></gpxtpx:TrackPointExtension></extensions></trkpt><trkpt lat="35.95502042" lon="120.20411059"><ele>-36.61000061035156</ele><time>2022-05-22T22:20:28Z</time><extensions><gpxtpx:TrackPointExtension><gpxtpx:hr>172</gpxtpx:hr><gpxtpx:cad>62</gpxtpx:cad></gpxtpx:TrackPointExtension></extensions></trkpt><trkpt lat="35.95502908" lon="120.20413292"><ele>-36.52000045776367</ele><time>2022-05-22T22:20:29Z</time><extensions><gpxtpx:TrackPointExtension><gpxtpx:hr>172</gpxtpx:hr><gpxtpx:cad>62</gpxtpx:cad></gpxtpx:TrackPointExtension></extensions></trkpt><trkpt lat="35.95503674" lon="120.20415758"><ele>-36.45000076293945</ele><time>2022-05-22T22:20:30Z</time><extensions><gpxtpx:TrackPointExtension><gpxtpx:hr>173</gpxtpx:hr><gpxtpx:cad>62</gpxtpx:cad></gpxtpx:TrackPointExtension></extensions></trkpt><trkpt lat="35.95504273" lon="120.20418324"><ele>-36.380001068115234</ele><time>2022-05-22T22:20:31Z</time><extensions><gpxtpx:TrackPointExtension><gpxtpx:hr>173</gpxtpx:hr><gpxtpx:cad>62</gpxtpx:cad></gpxtpx:TrackPointExtension></extensions></trkpt><trkpt lat="35.95504872" lon="120.2042099"><ele>-36.310001373291016</ele><time>2022-05-22T22:20:32Z</time><extensions><gpxtpx:TrackPointExtension><gpxtpx:hr>173</gpxtpx:hr><gpxtpx:cad>62</gpxtpx:cad></gpxtpx:TrackPointExtension></extensions></trkpt><trkpt lat="35.95505305" lon="120.20423656"><ele>-36.27000045776367</ele><time>2022-05-22T22:20:33Z</time><extensions><gpxtpx:TrackPointExtension><gpxtpx:hr>173</gpxtpx:hr><gpxtpx:cad>62</gpxtpx:cad></gpxtpx:TrackPointExtension></extensions></trkpt><trkpt lat="35.95505771" lon="120.20426256"><ele>-36.2400016784668</ele><time>2022-05-22T22:20:34Z</time><extensions><gpxtpx:TrackPointExtension><gpxtpx:hr>172</gpxtpx:hr><gpxtpx:cad>62</gpxtpx:cad></gpxtpx:TrackPointExtension></extensions></trkpt><trkpt lat="35.95506237" lon="120.20428822"><ele>-36.20000076293945</ele><time>2022-05-22T22:20:35Z</time><extensions><gpxtpx:TrackPointExtension><gpxtpx:hr>172</gpxtpx:hr><gpxtpx:cad>62</gpxtpx:cad></gpxtpx:TrackPointExtension></extensions></trkpt><trkpt lat="35.95506703" lon="120.20431388"><ele>-36.18000030517578</ele><time>2022-05-22T22:20:36Z</time><extensions><gpxtpx:TrackPointExtension><gpxtpx:hr>172</gpxtpx:hr><gpxtpx:cad>62</gpxtpx:cad></gpxtpx:TrackPointExtension></extensions></trkpt><trkpt lat="35.95507302" lon="120.20434021"><ele>-36.130001068115234</ele><time>2022-05-22T22:20:37Z</time><extensions><gpxtpx:TrackPointExtension><gpxtpx:hr>172</gpxtpx:hr><gpxtpx:cad>62</gpxtpx:cad></gpxtpx:TrackPointExtension></extensions></trkpt><trkpt lat="35.95507835" lon="120.20436787"><ele>-36.11000061035156</ele><time>2022-05-22T22:20:38Z</time><extensions><gpxtpx:TrackPointExtension><gpxtpx:hr>173</gpxtpx:hr><gpxtpx:cad>62</gpxtpx:cad></gpxtpx:TrackPointExtension></extensions></trkpt><trkpt lat="35.95508335" lon="120.2043962"><ele>-36.060001373291016</ele><time>2022-05-22T22:20:39Z</time><extensions><gpxtpx:TrackPointExtension><gpxtpx:hr>174</gpxtpx:hr><gpxtpx:cad>62</gpxtpx:cad></gpxtpx:TrackPointExtension></extensions></trkpt><trkpt lat="35.95508901" lon="120.20442386"><ele>-36.040000915527344</ele><time>2022-05-22T22:20:40Z</time><extensions><gpxtpx:TrackPointExtension><gpxtpx:hr>175</gpxtpx:hr><gpxtpx:cad>62</gpxtpx:cad></gpxtpx:TrackPointExtension></extensions></trkpt><trkpt lat="35.95509367" lon="120.20445019"><ele>-36.0</ele><time>2022-05-22T22:20:41Z</time><extensions><gpxtpx:TrackPointExtension><gpxtpx:hr>175</gpxtpx:hr><gpxtpx:cad>88</gpxtpx:cad></gpxtpx:TrackPointExtension></extensions></trkpt><trkpt lat="35.95509933" lon="120.20447685"><ele>-35.970001220703125</ele><time>2022-05-22T22:20:42Z</time><extensions><gpxtpx:TrackPointExtension><gpxtpx:hr>174</gpxtpx:hr><gpxtpx:cad>88</gpxtpx:cad></gpxtpx:TrackPointExtension></extensions></trkpt><trkpt lat="35.95510733" lon="120.20450385"><ele>-35.84000015258789</ele><time>2022-05-22T22:20:43Z</time><extensions><gpxtpx:TrackPointExtension><gpxtpx:hr>173</gpxtpx:hr><gpxtpx:cad>88</gpxtpx:cad></gpxtpx:TrackPointExtension></extensions></trkpt><trkpt lat="35.95511666" lon="120.20453085"><ele>-35.720001220703125</ele><time>2022-05-22T22:20:44Z</time><extensions><gpxtpx:TrackPointExtension><gpxtpx:hr>173</gpxtpx:hr><gpxtpx:cad>89</gpxtpx:cad></gpxtpx:TrackPointExtension></extensions></trkpt><trkpt lat="35.95512699" lon="120.20455751"><ele>-35.630001068115234</ele><time>2022-05-22T22:20:45Z</time><extensions><gpxtpx:TrackPointExtension><gpxtpx:hr>174</gpxtpx:hr><gpxtpx:cad>89</gpxtpx:cad></gpxtpx:TrackPointExtension></extensions></trkpt><trkpt lat="35.95513932" lon="120.20458484"><ele>-35.470001220703125</ele><time>2022-05-22T22:20:46Z</time><extensions><gpxtpx:TrackPointExtension><gpxtpx:hr>173</gpxtpx:hr><gpxtpx:cad>89</gpxtpx:cad></gpxtpx:TrackPointExtension></extensions></trkpt><trkpt lat="35.95515098" lon="120.2046125"><ele>-35.40999984741211</ele><time>2022-05-22T22:20:47Z</time><extensions><gpxtpx:TrackPointExtension><gpxtpx:hr>173</gpxtpx:hr><gpxtpx:cad>88</gpxtpx:cad></gpxtpx:TrackPointExtension></extensions></trkpt><trkpt lat="35.95516231" lon="120.20464116"><ele>-35.220001220703125</ele><time>2022-05-22T22:20:48Z</time><extensions><gpxtpx:TrackPointExtension><gpxtpx:hr>173</gpxtpx:hr><gpxtpx:cad>89</gpxtpx:cad></gpxtpx:TrackPointExtension></extensions></trkpt><trkpt lat="35.95517097" lon="120.20466949"><ele>-35.18000030517578</ele><time>2022-05-22T22:20:49Z</time><extensions><gpxtpx:TrackPointExtension><gpxtpx:hr>173</gpxtpx:hr><gpxtpx:cad>88</gpxtpx:cad></gpxtpx:TrackPointExtension></extensions></trkpt><trkpt lat="35.9551783" lon="120.20469848"><ele>-35.040000915527344</ele><time>2022-05-22T22:20:50Z</time><extensions><gpxtpx:TrackPointExtension><gpxtpx:hr>172</gpxtpx:hr><gpxtpx:cad>89</gpxtpx:cad></gpxtpx:TrackPointExtension></extensions></trkpt><trkpt lat="35.9551833" lon="120.20472747"><ele>-35.0</ele><time>2022-05-22T22:20:51Z</time><extensions><gpxtpx:TrackPointExtension><gpxtpx:hr>172</gpxtpx:hr><gpxtpx:cad>88</gpxtpx:cad></gpxtpx:TrackPointExtension></extensions></trkpt><trkpt lat="35.95518629" lon="120.20475547"><ele>-34.84000015258789</ele><time>2022-05-22T22:20:52Z</time><extensions><gpxtpx:TrackPointExtension><gpxtpx:hr>172</gpxtpx:hr><gpxtpx:cad>89</gpxtpx:cad></gpxtpx:TrackPointExtension></extensions></trkpt><trkpt lat="35.95518762" lon="120.20478313"><ele>-34.77000045776367</ele><time>2022-05-22T22:20:53Z</time><extensions><gpxtpx:TrackPointExtension><gpxtpx:hr>172</gpxtpx:hr><gpxtpx:cad>87</gpxtpx:cad></gpxtpx:TrackPointExtension></extensions></trkpt><trkpt lat="35.95519061" lon="120.20481079"><ele>-34.630001068115234</ele><time>2022-05-22T22:20:54Z</time><extensions><gpxtpx:TrackPointExtension><gpxtpx:hr>172</gpxtpx:hr><gpxtpx:cad>88</gpxtpx:cad></gpxtpx:TrackPointExtension></extensions></trkpt><trkpt lat="35.95519494" lon="120.20483912"><ele>-34.630001068115234</ele><time>2022-05-22T22:20:55Z</time><extensions><gpxtpx:TrackPointExtension><gpxtpx:hr>172</gpxtpx:hr><gpxtpx:cad>88</gpxtpx:cad></gpxtpx:TrackPointExtension></extensions></trkpt><trkpt lat="35.9551996" lon="120.20486811"><ele>-34.45000076293945</ele><time>2022-05-22T22:20:56Z</time><extensions><gpxtpx:TrackPointExtension><gpxtpx:hr>172</gpxtpx:hr><gpxtpx:cad>89</gpxtpx:cad></gpxtpx:TrackPointExtension></extensions></trkpt><trkpt lat="35.95520293" lon="120.20489777"><ele>-34.400001525878906</ele><time>2022-05-22T22:20:57Z</time><extensions><gpxtpx:TrackPointExtension><gpxtpx:hr>172</gpxtpx:hr><gpxtpx:cad>88</gpxtpx:cad></gpxtpx:TrackPointExtension></extensions></trkpt><trkpt lat="35.95520592" lon="120.20492776"><ele>-34.290000915527344</ele><time>2022-05-22T22:20:58Z</time><extensions><gpxtpx:TrackPointExtension><gpxtpx:hr>172</gpxtpx:hr><gpxtpx:cad>88</gpxtpx:cad></gpxtpx:TrackPointExtension></extensions></trkpt><trkpt lat="35.95520992" lon="120.20495709"><ele>-34.220001220703125</ele><time>2022-05-22T22:20:59Z</time><extensions><gpxtpx:TrackPointExtension><gpxtpx:hr>172</gpxtpx:hr><gpxtpx:cad>88</gpxtpx:cad></gpxtpx:TrackPointExtension></extensions></trkpt><trkpt lat="35.95521458" lon="120.20498409"><ele>-34.130001068115234</ele><time>2022-05-22T22:21:00Z</time><extensions><gpxtpx:TrackPointExtension><gpxtpx:hr>172</gpxtpx:hr><gpxtpx:cad>87</gpxtpx:cad></gpxtpx:TrackPointExtension></extensions></trkpt><trkpt lat="35.95521858" lon="120.20500708"><ele>-34.130001068115234</ele><time>2022-05-22T22:21:01Z</time><extensions><gpxtpx:TrackPointExtension><gpxtpx:hr>172</gpxtpx:hr><gpxtpx:cad>87</gpxtpx:cad></gpxtpx:TrackPointExtension></extensions></trkpt><trkpt lat="35.95522191" lon="120.20502808"><ele>-33.93000030517578</ele><time>2022-05-22T22:21:02Z</time><extensions><gpxtpx:TrackPointExtension><gpxtpx:hr>172</gpxtpx:hr><gpxtpx:cad>87</gpxtpx:cad></gpxtpx:TrackPointExtension></extensions></trkpt><trkpt lat="35.95522357" lon="120.20504741"><ele>-33.86000061035156</ele><time>2022-05-22T22:21:03Z</time><extensions><gpxtpx:TrackPointExtension><gpxtpx:hr>171</gpxtpx:hr><gpxtpx:cad>87</gpxtpx:cad></gpxtpx:TrackPointExtension></extensions></trkpt><trkpt lat="35.95522258" lon="120.20506541"><ele>-33.790000915527344</ele><time>2022-05-22T22:21:04Z</time><extensions><gpxtpx:TrackPointExtension><gpxtpx:hr>170</gpxtpx:hr><gpxtpx:cad>87</gpxtpx:cad></gpxtpx:TrackPointExtension></extensions></trkpt><trkpt lat="35.95522125" lon="120.2050824"><ele>-33.720001220703125</ele><time>2022-05-22T22:21:05Z</time><extensions><gpxtpx:TrackPointExtension><gpxtpx:hr>170</gpxtpx:hr><gpxtpx:cad>87</gpxtpx:cad></gpxtpx:TrackPointExtension></extensions></trkpt><trkpt lat="35.95522258" lon="120.20510073"><ele>-33.630001068115234</ele><time>2022-05-22T22:21:06Z</time><extensions><gpxtpx:TrackPointExtension><gpxtpx:hr>170</gpxtpx:hr><gpxtpx:cad>87</gpxtpx:cad></gpxtpx:TrackPointExtension></extensions></trkpt><trkpt lat="35.95522524" lon="120.20511872"><ele>-33.540000915527344</ele><time>2022-05-22T22:21:07Z</time><extensions><gpxtpx:TrackPointExtension><gpxtpx:hr>169</gpxtpx:hr><gpxtpx:cad>87</gpxtpx:cad></gpxtpx:TrackPointExtension></extensions></trkpt><trkpt lat="35.95522957" lon="120.20513571"><ele>-33.45000076293945</ele><time>2022-05-22T22:21:08Z</time><extensions><gpxtpx:TrackPointExtension><gpxtpx:hr>169</gpxtpx:hr><gpxtpx:cad>87</gpxtpx:cad></gpxtpx:TrackPointExtension></extensions></trkpt><trkpt lat="35.95523356" lon="120.2051537"><ele>-33.400001525878906</ele><time>2022-05-22T22:21:09Z</time><extensions><gpxtpx:TrackPointExtension><gpxtpx:hr>169</gpxtpx:hr><gpxtpx:cad>87</gpxtpx:cad></gpxtpx:TrackPointExtension></extensions></trkpt><trkpt lat="35.95523856" lon="120.20517136"><ele>-33.34000015258789</ele><time>2022-05-22T22:21:10Z</time><extensions><gpxtpx:TrackPointExtension><gpxtpx:hr>169</gpxtpx:hr><gpxtpx:cad>87</gpxtpx:cad></gpxtpx:TrackPointExtension></extensions></trkpt><trkpt lat="35.95524422" lon="120.20518835"><ele>-33.27000045776367</ele><time>2022-05-22T22:21:11Z</time><extensions><gpxtpx:TrackPointExtension><gpxtpx:hr>169</gpxtpx:hr><gpxtpx:cad>87</gpxtpx:cad></gpxtpx:TrackPointExtension></extensions></trkpt><trkpt lat="35.95524788" lon="120.20520435"><ele>-33.20000076293945</ele><time>2022-05-22T22:21:12Z</time><extensions><gpxtpx:TrackPointExtension><gpxtpx:hr>169</gpxtpx:hr><gpxtpx:cad>87</gpxtpx:cad></gpxtpx:TrackPointExtension></extensions></trkpt><trkpt lat="35.95525087" lon="120.20522001"><ele>-33.150001525878906</ele><time>2022-05-22T22:21:13Z</time><extensions><gpxtpx:TrackPointExtension><gpxtpx:hr>170</gpxtpx:hr><gpxtpx:cad>87</gpxtpx:cad></gpxtpx:TrackPointExtension></extensions></trkpt><trkpt lat="35.95525553" lon="120.20523601"><ele>-33.11000061035156</ele><time>2022-05-22T22:21:14Z</time><extensions><gpxtpx:TrackPointExtension><gpxtpx:hr>171</gpxtpx:hr><gpxtpx:cad>87</gpxtpx:cad></gpxtpx:TrackPointExtension></extensions></trkpt><trkpt lat="35.95526186" lon="120.20525234"><ele>-33.11000061035156</ele><time>2022-05-22T22:21:15Z</time><extensions><gpxtpx:TrackPointExtension><gpxtpx:hr>171</gpxtpx:hr><gpxtpx:cad>87</gpxtpx:cad></gpxtpx:TrackPointExtension></extensions></trkpt><trkpt lat="35.95526785" lon="120.20526867"><ele>-33.130001068115234</ele><time>2022-05-22T22:21:16Z</time><extensions><gpxtpx:TrackPointExtension><gpxtpx:hr>171</gpxtpx:hr><gpxtpx:cad>87</gpxtpx:cad></gpxtpx:TrackPointExtension></extensions></trkpt><trkpt lat="35.95527485" lon="120.20528733"><ele>-33.15999984741211</ele><time>2022-05-22T22:21:17Z</time><extensions><gpxtpx:TrackPointExtension><gpxtpx:hr>171</gpxtpx:hr><gpxtpx:cad>87</gpxtpx:cad></gpxtpx:TrackPointExtension></extensions></trkpt><trkpt lat="35.95528318" lon="120.20530866"><ele>-33.18000030517578</ele><time>2022-05-22T22:21:18Z</time><extensions><gpxtpx:TrackPointExtension><gpxtpx:hr>170</gpxtpx:hr><gpxtpx:cad>87</gpxtpx:cad></gpxtpx:TrackPointExtension></extensions></trkpt><trkpt lat="35.95529151" lon="120.20533199"><ele>-33.20000076293945</ele><time>2022-05-22T22:21:19Z</time><extensions><gpxtpx:TrackPointExtension><gpxtpx:hr>170</gpxtpx:hr><gpxtpx:cad>87</gpxtpx:cad></gpxtpx:TrackPointExtension></extensions></trkpt><trkpt lat="35.95529817" lon="120.20535598"><ele>-33.220001220703125</ele><time>2022-05-22T22:21:20Z</time><extensions><gpxtpx:TrackPointExtension><gpxtpx:hr>170</gpxtpx:hr><gpxtpx:cad>87</gpxtpx:cad></gpxtpx:TrackPointExtension></extensions></trkpt><trkpt lat="35.9553015" lon="120.20538064"><ele>-33.20000076293945</ele><time>2022-05-22T22:21:21Z</time><extensions><gpxtpx:TrackPointExtension><gpxtpx:hr>170</gpxtpx:hr><gpxtpx:cad>87</gpxtpx:cad></gpxtpx:TrackPointExtension></extensions></trkpt><trkpt lat="35.95530483" lon="120.20540463"><ele>-33.130001068115234</ele><time>2022-05-22T22:21:22Z</time><extensions><gpxtpx:TrackPointExtension><gpxtpx:hr>170</gpxtpx:hr><gpxtpx:cad>87</gpxtpx:cad></gpxtpx:TrackPointExtension></extensions></trkpt><trkpt lat="35.95530483" lon="120.20542896"><ele>-33.060001373291016</ele><time>2022-05-22T22:21:23Z</time><extensions><gpxtpx:TrackPointExtension><gpxtpx:hr>169</gpxtpx:hr><gpxtpx:cad>88</gpxtpx:cad></gpxtpx:TrackPointExtension></extensions></trkpt><trkpt lat="35.9553045" lon="120.20545496"><ele>-32.9900016784668</ele><time>2022-05-22T22:21:24Z</time><extensions><gpxtpx:TrackPointExtension><gpxtpx:hr>169</gpxtpx:hr><gpxtpx:cad>88</gpxtpx:cad></gpxtpx:TrackPointExtension></extensions></trkpt><trkpt lat="35.95530351" lon="120.20548029"><ele>-32.95000076293945</ele><time>2022-05-22T22:21:25Z</time><extensions><gpxtpx:TrackPointExtension><gpxtpx:hr>169</gpxtpx:hr><gpxtpx:cad>88</gpxtpx:cad></gpxtpx:TrackPointExtension></extensions></trkpt><trkpt lat="35.95530417" lon="120.20550595"><ele>-32.95000076293945</ele><time>2022-05-22T22:21:26Z</time><extensions><gpxtpx:TrackPointExtension><gpxtpx:hr>169</gpxtpx:hr><gpxtpx:cad>89</gpxtpx:cad></gpxtpx:TrackPointExtension></extensions></trkpt><trkpt lat="35.95530516" lon="120.20553228"><ele>-32.970001220703125</ele><time>2022-05-22T22:21:27Z</time><extensions><gpxtpx:TrackPointExtension><gpxtpx:hr>169</gpxtpx:hr><gpxtpx:cad>89</gpxtpx:cad></gpxtpx:TrackPointExtension></extensions></trkpt><trkpt lat="35.95530849" lon="120.20555961"><ele>-33.0</ele><time>2022-05-22T22:21:28Z</time><extensions><gpxtpx:TrackPointExtension><gpxtpx:hr>170</gpxtpx:hr><gpxtpx:cad>88</gpxtpx:cad></gpxtpx:TrackPointExtension></extensions></trkpt><trkpt lat="35.95531182" lon="120.20558794"><ele>-33.0</ele><time>2022-05-22T22:21:29Z</time><extensions><gpxtpx:TrackPointExtension><gpxtpx:hr>169</gpxtpx:hr><gpxtpx:cad>88</gpxtpx:cad></gpxtpx:TrackPointExtension></extensions></trkpt><trkpt lat="35.95531415" lon="120.20561727"><ele>-33.02000045776367</ele><time>2022-05-22T22:21:30Z</time><extensions><gpxtpx:TrackPointExtension><gpxtpx:hr>170</gpxtpx:hr><gpxtpx:cad>87</gpxtpx:cad></gpxtpx:TrackPointExtension></extensions></trkpt><trkpt lat="35.95531814" lon="120.2056466"><ele>-32.9900016784668</ele><time>2022-05-22T22:21:31Z</time><extensions><gpxtpx:TrackPointExtension><gpxtpx:hr>170</gpxtpx:hr><gpxtpx:cad>86</gpxtpx:cad></gpxtpx:TrackPointExtension></extensions></trkpt><trkpt lat="35.95532447" lon="120.20567659"><ele>-32.9900016784668</ele><time>2022-05-22T22:21:32Z</time><extensions><gpxtpx:TrackPointExtension><gpxtpx:hr>170</gpxtpx:hr><gpxtpx:cad>85</gpxtpx:cad></gpxtpx:TrackPointExtension></extensions></trkpt><trkpt lat="35.95533113" lon="120.20570525"><ele>-33.0</ele><time>2022-05-22T22:21:33Z</time><extensions><gpxtpx:TrackPointExtension><gpxtpx:hr>171</gpxtpx:hr><gpxtpx:cad>85</gpxtpx:cad></gpxtpx:TrackPointExtension></extensions></trkpt><trkpt lat="35.95533812" lon="120.20573325"><ele>-33.0</ele><time>2022-05-22T22:21:34Z</time><extensions><gpxtpx:TrackPointExtension><gpxtpx:hr>172</gpxtpx:hr><gpxtpx:cad>83</gpxtpx:cad></gpxtpx:TrackPointExtension></extensions></trkpt><trkpt lat="35.95534378" lon="120.20576025"><ele>-32.970001220703125</ele><time>2022-05-22T22:21:35Z</time><extensions><gpxtpx:TrackPointExtension><gpxtpx:hr>172</gpxtpx:hr><gpxtpx:cad>86</gpxtpx:cad></gpxtpx:TrackPointExtension></extensions></trkpt><trkpt lat="35.95534811" lon="120.20578625"><ele>-32.95000076293945</ele><time>2022-05-22T22:21:36Z</time><extensions><gpxtpx:TrackPointExtension><gpxtpx:hr>172</gpxtpx:hr><gpxtpx:cad>86</gpxtpx:cad></gpxtpx:TrackPointExtension></extensions></trkpt><trkpt lat="35.95535244" lon="120.20581158"><ele>-32.93000030517578</ele><time>2022-05-22T22:21:37Z</time><extensions><gpxtpx:TrackPointExtension><gpxtpx:hr>171</gpxtpx:hr><gpxtpx:cad>86</gpxtpx:cad></gpxtpx:TrackPointExtension></extensions></trkpt><trkpt lat="35.95535677" lon="120.20583791"><ele>-32.900001525878906</ele><time>2022-05-22T22:21:38Z</time><extensions><gpxtpx:TrackPointExtension><gpxtpx:hr>170</gpxtpx:hr><gpxtpx:cad>88</gpxtpx:cad></gpxtpx:TrackPointExtension></extensions></trkpt><trkpt lat="35.95536276" lon="120.2058639"><ele>-32.95000076293945</ele><time>2022-05-22T22:21:39Z</time><extensions><gpxtpx:TrackPointExtension><gpxtpx:hr>169</gpxtpx:hr><gpxtpx:cad>88</gpxtpx:cad></gpxtpx:TrackPointExtension></extensions></trkpt><trkpt lat="35.95536642" lon="120.20588956"><ele>-32.970001220703125</ele><time>2022-05-22T22:21:40Z</time><extensions><gpxtpx:TrackPointExtension><gpxtpx:hr>169</gpxtpx:hr></gpxtpx:TrackPointExtension></extensions></trkpt><trkpt lat="35.95536875" lon="120.20591556"><ele>-33.02000045776367</ele><time>2022-05-22T22:21:41Z</time><extensions><gpxtpx:TrackPointExtension><gpxtpx:hr>169</gpxtpx:hr><gpxtpx:cad>88</gpxtpx:cad></gpxtpx:TrackPointExtension></extensions></trkpt><trkpt lat="35.95537075" lon="120.20594255"><ele>-33.08000183105469</ele><time>2022-05-22T22:21:42Z</time><extensions><gpxtpx:TrackPointExtension><gpxtpx:hr>168</gpxtpx:hr></gpxtpx:TrackPointExtension></extensions></trkpt><trkpt lat="35.95537341" lon="120.20596988"><ele>-33.220001220703125</ele><time>2022-05-22T22:21:43Z</time><extensions><gpxtpx:TrackPointExtension><gpxtpx:hr>167</gpxtpx:hr><gpxtpx:cad>87</gpxtpx:cad></gpxtpx:TrackPointExtension></extensions></trkpt><trkpt lat="35.95537607" lon="120.20599621"><ele>-33.290000915527344</ele><time>2022-05-22T22:21:44Z</time><extensions><gpxtpx:TrackPointExtension><gpxtpx:hr>167</gpxtpx:hr><gpxtpx:cad>88</gpxtpx:cad></gpxtpx:TrackPointExtension></extensions></trkpt><trkpt lat="35.95538006" lon="120.20602354"><ele>-33.43000030517578</ele><time>2022-05-22T22:21:45Z</time><extensions><gpxtpx:TrackPointExtension><gpxtpx:hr>167</gpxtpx:hr><gpxtpx:cad>89</gpxtpx:cad></gpxtpx:TrackPointExtension></extensions></trkpt><trkpt lat="35.95538772" lon="120.20604987"><ele>-33.5</ele><time>2022-05-22T22:21:46Z</time><extensions><gpxtpx:TrackPointExtension><gpxtpx:hr>167</gpxtpx:hr><gpxtpx:cad>88</gpxtpx:cad></gpxtpx:TrackPointExtension></extensions></trkpt><trkpt lat="35.95539638" lon="120.20607653"><ele>-33.630001068115234</ele><time>2022-05-22T22:21:47Z</time><extensions><gpxtpx:TrackPointExtension><gpxtpx:hr>167</gpxtpx:hr><gpxtpx:cad>88</gpxtpx:cad></gpxtpx:TrackPointExtension></extensions></trkpt><trkpt lat="35.95540504" lon="120.20610253"><ele>-33.70000076293945</ele><time>2022-05-22T22:21:48Z</time><extensions><gpxtpx:TrackPointExtension><gpxtpx:hr>167</gpxtpx:hr><gpxtpx:cad>88</gpxtpx:cad></gpxtpx:TrackPointExtension></extensions></trkpt><trkpt lat="35.95541437" lon="120.20612819"><ele>-33.810001373291016</ele><time>2022-05-22T22:21:49Z</time><extensions><gpxtpx:TrackPointExtension><gpxtpx:hr>166</gpxtpx:hr><gpxtpx:cad>88</gpxtpx:cad></gpxtpx:TrackPointExtension></extensions></trkpt><trkpt lat="35.95542237" lon="120.20615419"><ele>-33.90999984741211</ele><time>2022-05-22T22:21:50Z</time><extensions><gpxtpx:TrackPointExtension><gpxtpx:hr>166</gpxtpx:hr><gpxtpx:cad>88</gpxtpx:cad></gpxtpx:TrackPointExtension></extensions></trkpt><trkpt lat="35.9554297" lon="120.20617985"><ele>-34.040000915527344</ele><time>2022-05-22T22:21:51Z</time><extensions><gpxtpx:TrackPointExtension><gpxtpx:hr>167</gpxtpx:hr><gpxtpx:cad>89</gpxtpx:cad></gpxtpx:TrackPointExtension></extensions></trkpt><trkpt lat="35.95543869" lon="120.20620618"><ele>-34.130001068115234</ele><time>2022-05-22T22:21:52Z</time><extensions><gpxtpx:TrackPointExtension><gpxtpx:hr>167</gpxtpx:hr><gpxtpx:cad>89</gpxtpx:cad></gpxtpx:TrackPointExtension></extensions></trkpt><trkpt lat="35.95544635" lon="120.20623284"><ele>-34.2400016784668</ele><time>2022-05-22T22:21:53Z</time><extensions><gpxtpx:TrackPointExtension><gpxtpx:hr>167</gpxtpx:hr><gpxtpx:cad>89</gpxtpx:cad></gpxtpx:TrackPointExtension></extensions></trkpt><trkpt lat="35.95545401" lon="120.20625884"><ele>-34.34000015258789</ele><time>2022-05-22T22:21:54Z</time><extensions><gpxtpx:TrackPointExtension><gpxtpx:hr>167</gpxtpx:hr><gpxtpx:cad>88</gpxtpx:cad></gpxtpx:TrackPointExtension></extensions></trkpt><trkpt lat="35.95545934" lon="120.20628417"><ele>-34.40999984741211</ele><time>2022-05-22T22:21:55Z</time><extensions><gpxtpx:TrackPointExtension><gpxtpx:hr>167</gpxtpx:hr><gpxtpx:cad>89</gpxtpx:cad></gpxtpx:TrackPointExtension></extensions></trkpt><trkpt lat="35.95546334" lon="120.20630816"><ele>-34.5</ele><time>2022-05-22T22:21:56Z</time><extensions><gpxtpx:TrackPointExtension><gpxtpx:hr>168</gpxtpx:hr><gpxtpx:cad>89</gpxtpx:cad></gpxtpx:TrackPointExtension></extensions></trkpt><trkpt lat="35.95546733" lon="120.20633282"><ele>-34.61000061035156</ele><time>2022-05-22T22:21:57Z</time><extensions><gpxtpx:TrackPointExtension><gpxtpx:hr>168</gpxtpx:hr><gpxtpx:cad>89</gpxtpx:cad></gpxtpx:TrackPointExtension></extensions></trkpt><trkpt lat="35.95547032" lon="120.20635781"><ele>-34.68000030517578</ele><time>2022-05-22T22:21:58Z</time><extensions><gpxtpx:TrackPointExtension><gpxtpx:hr>168</gpxtpx:hr><gpxtpx:cad>89</gpxtpx:cad></gpxtpx:TrackPointExtension></extensions></trkpt><trkpt lat="35.95547465" lon="120.20638647"><ele>-34.790000915527344</ele><time>2022-05-22T22:21:59Z</time><extensions><gpxtpx:TrackPointExtension><gpxtpx:hr>168</gpxtpx:hr><gpxtpx:cad>89</gpxtpx:cad></gpxtpx:TrackPointExtension></extensions></trkpt><trkpt lat="35.95547798" lon="120.20641513"><ele>-34.83000183105469</ele><time>2022-05-22T22:22:00Z</time><extensions><gpxtpx:TrackPointExtension><gpxtpx:hr>169</gpxtpx:hr><gpxtpx:cad>89</gpxtpx:cad></gpxtpx:TrackPointExtension></extensions></trkpt><trkpt lat="35.95548197" lon="120.20644579"><ele>-34.900001525878906</ele><time>2022-05-22T22:22:01Z</time><extensions><gpxtpx:TrackPointExtension><gpxtpx:hr>168</gpxtpx:hr><gpxtpx:cad>88</gpxtpx:cad></gpxtpx:TrackPointExtension></extensions></trkpt><trkpt lat="35.95548697" lon="120.20647512"><ele>-34.970001220703125</ele><time>2022-05-22T22:22:02Z</time><extensions><gpxtpx:TrackPointExtension><gpxtpx:hr>167</gpxtpx:hr><gpxtpx:cad>88</gpxtpx:cad></gpxtpx:TrackPointExtension></extensions></trkpt><trkpt lat="35.9554893" lon="120.20650411"><ele>-35.060001373291016</ele><time>2022-05-22T22:22:03Z</time><extensions><gpxtpx:TrackPointExtension><gpxtpx:hr>166</gpxtpx:hr><gpxtpx:cad>89</gpxtpx:cad></gpxtpx:TrackPointExtension></extensions></trkpt><trkpt lat="35.95549029" lon="120.20653211"><ele>-35.09000015258789</ele><time>2022-05-22T22:22:04Z</time><extensions><gpxtpx:TrackPointExtension><gpxtpx:hr>166</gpxtpx:hr><gpxtpx:cad>88</gpxtpx:cad></gpxtpx:TrackPointExtension></extensions></trkpt><trkpt lat="35.95549062" lon="120.20655977"><ele>-35.18000030517578</ele><time>2022-05-22T22:22:05Z</time><extensions><gpxtpx:TrackPointExtension><gpxtpx:hr>166</gpxtpx:hr><gpxtpx:cad>88</gpxtpx:cad></gpxtpx:TrackPointExtension></extensions></trkpt><trkpt lat="35.95549328" lon="120.20658843"><ele>-35.220001220703125</ele><time>2022-05-22T22:22:06Z</time><extensions><gpxtpx:TrackPointExtension><gpxtpx:hr>165</gpxtpx:hr><gpxtpx:cad>89</gpxtpx:cad></gpxtpx:TrackPointExtension></extensions></trkpt><trkpt lat="35.95549661" lon="120.20661709"><ele>-35.290000915527344</ele><time>2022-05-22T22:22:07Z</time><extensions><gpxtpx:TrackPointExtension><gpxtpx:hr>165</gpxtpx:hr><gpxtpx:cad>89</gpxtpx:cad></gpxtpx:TrackPointExtension></extensions></trkpt><trkpt lat="35.95549994" lon="120.20664509"><ele>-35.33000183105469</ele><time>2022-05-22T22:22:08Z</time><extensions><gpxtpx:TrackPointExtension><gpxtpx:hr>164</gpxtpx:hr><gpxtpx:cad>90</gpxtpx:cad></gpxtpx:TrackPointExtension></extensions></trkpt><trkpt lat="35.95550593" lon="120.20667175"><ele>-35.380001068115234</ele><time>2022-05-22T22:22:09Z</time><extensions><gpxtpx:TrackPointExtension><gpxtpx:hr>163</gpxtpx:hr><gpxtpx:cad>90</gpxtpx:cad></gpxtpx:TrackPointExtension></extensions></trkpt><trkpt lat="35.95551159" lon="120.20669574"><ele>-35.400001525878906</ele><time>2022-05-22T22:22:10Z</time><extensions><gpxtpx:TrackPointExtension><gpxtpx:hr>162</gpxtpx:hr><gpxtpx:cad>89</gpxtpx:cad></gpxtpx:TrackPointExtension></extensions></trkpt><trkpt lat="35.95551558" lon="120.20671974"><ele>-35.45000076293945</ele><time>2022-05-22T22:22:11Z</time><extensions><gpxtpx:TrackPointExtension><gpxtpx:hr>161</gpxtpx:hr><gpxtpx:cad>88</gpxtpx:cad></gpxtpx:TrackPointExtension></extensions></trkpt><trkpt lat="35.95551857" lon="120.20674307"><ele>-35.45000076293945</ele><time>2022-05-22T22:22:12Z</time><extensions><gpxtpx:TrackPointExtension><gpxtpx:hr>161</gpxtpx:hr><gpxtpx:cad>88</gpxtpx:cad></gpxtpx:TrackPointExtension></extensions></trkpt><trkpt lat="35.95552057" lon="120.20676606"><ele>-35.4900016784668</ele><time>2022-05-22T22:22:13Z</time><extensions><gpxtpx:TrackPointExtension><gpxtpx:hr>162</gpxtpx:hr><gpxtpx:cad>88</gpxtpx:cad></gpxtpx:TrackPointExtension></extensions></trkpt><trkpt lat="35.9555239" lon="120.20679039"><ele>-35.4900016784668</ele><time>2022-05-22T22:22:14Z</time><extensions><gpxtpx:TrackPointExtension><gpxtpx:hr>162</gpxtpx:hr><gpxtpx:cad>88</gpxtpx:cad></gpxtpx:TrackPointExtension></extensions></trkpt><trkpt lat="35.9555279" lon="120.20681739"><ele>-35.52000045776367</ele><time>2022-05-22T22:22:15Z</time><extensions><gpxtpx:TrackPointExtension><gpxtpx:hr>163</gpxtpx:hr><gpxtpx:cad>89</gpxtpx:cad></gpxtpx:TrackPointExtension></extensions></trkpt><trkpt lat="35.95553189" lon="120.20684638"><ele>-35.5</ele><time>2022-05-22T22:22:16Z</time><extensions><gpxtpx:TrackPointExtension><gpxtpx:hr>164</gpxtpx:hr><gpxtpx:cad>89</gpxtpx:cad></gpxtpx:TrackPointExtension></extensions></trkpt><trkpt lat="35.95553555" lon="120.20687404"><ele>-35.540000915527344</ele><time>2022-05-22T22:22:17Z</time><extensions><gpxtpx:TrackPointExtension><gpxtpx:hr>165</gpxtpx:hr><gpxtpx:cad>89</gpxtpx:cad></gpxtpx:TrackPointExtension></extensions></trkpt><trkpt lat="35.95553921" lon="120.2069007"><ele>-35.560001373291016</ele><time>2022-05-22T22:22:18Z</time><extensions><gpxtpx:TrackPointExtension><gpxtpx:hr>165</gpxtpx:hr><gpxtpx:cad>89</gpxtpx:cad></gpxtpx:TrackPointExtension></extensions></trkpt><trkpt lat="35.9555422" lon="120.20692669"><ele>-35.61000061035156</ele><time>2022-05-22T22:22:19Z</time><extensions><gpxtpx:TrackPointExtension><gpxtpx:hr>165</gpxtpx:hr><gpxtpx:cad>89</gpxtpx:cad></gpxtpx:TrackPointExtension></extensions></trkpt><trkpt lat="35.95554386" lon="120.20695202"><ele>-35.630001068115234</ele><time>2022-05-22T22:22:20Z</time><extensions><gpxtpx:TrackPointExtension><gpxtpx:hr>165</gpxtpx:hr><gpxtpx:cad>89</gpxtpx:cad></gpxtpx:TrackPointExtension></extensions></trkpt><trkpt lat="35.95554353" lon="120.20697701"><ele>-35.650001525878906</ele><time>2022-05-22T22:22:21Z</time><extensions><gpxtpx:TrackPointExtension><gpxtpx:hr>165</gpxtpx:hr><gpxtpx:cad>89</gpxtpx:cad></gpxtpx:TrackPointExtension></extensions></trkpt><trkpt lat="35.95554287" lon="120.20700134"><ele>-35.68000030517578</ele><time>2022-05-22T22:22:22Z</time><extensions><gpxtpx:TrackPointExtension><gpxtpx:hr>165</gpxtpx:hr><gpxtpx:cad>89</gpxtpx:cad></gpxtpx:TrackPointExtension></extensions></trkpt><trkpt lat="35.95554254" lon="120.20702433"><ele>-35.70000076293945</ele><time>2022-05-22T22:22:23Z</time><extensions><gpxtpx:TrackPointExtension><gpxtpx:hr>165</gpxtpx:hr><gpxtpx:cad>89</gpxtpx:cad></gpxtpx:TrackPointExtension></extensions></trkpt><trkpt lat="35.95554155" lon="120.20704766"><ele>-35.70000076293945</ele><time>2022-05-22T22:22:24Z</time><extensions><gpxtpx:TrackPointExtension><gpxtpx:hr>165</gpxtpx:hr><gpxtpx:cad>89</gpxtpx:cad></gpxtpx:TrackPointExtension></extensions></trkpt><trkpt lat="35.95554155" lon="120.20706999"><ele>-35.720001220703125</ele><time>2022-05-22T22:22:25Z</time><extensions><gpxtpx:TrackPointExtension><gpxtpx:hr>166</gpxtpx:hr><gpxtpx:cad>89</gpxtpx:cad></gpxtpx:TrackPointExtension></extensions></trkpt><trkpt lat="35.95554221" lon="120.20709132"><ele>-35.720001220703125</ele><time>2022-05-22T22:22:26Z</time><extensions><gpxtpx:TrackPointExtension><gpxtpx:hr>167</gpxtpx:hr><gpxtpx:cad>89</gpxtpx:cad></gpxtpx:TrackPointExtension></extensions></trkpt><trkpt lat="35.95554421" lon="120.20711198"><ele>-35.720001220703125</ele><time>2022-05-22T22:22:27Z</time><extensions><gpxtpx:TrackPointExtension><gpxtpx:hr>167</gpxtpx:hr><gpxtpx:cad>89</gpxtpx:cad></gpxtpx:TrackPointExtension></extensions></trkpt><trkpt lat="35.95554654" lon="120.20713164"><ele>-35.70000076293945</ele><time>2022-05-22T22:22:28Z</time><extensions><gpxtpx:TrackPointExtension><gpxtpx:hr>167</gpxtpx:hr><gpxtpx:cad>89</gpxtpx:cad></gpxtpx:TrackPointExtension></extensions></trkpt><trkpt lat="35.95554987" lon="120.20714997"><ele>-35.650001525878906</ele><time>2022-05-22T22:22:29Z</time><extensions><gpxtpx:TrackPointExtension><gpxtpx:hr>168</gpxtpx:hr><gpxtpx:cad>89</gpxtpx:cad></gpxtpx:TrackPointExtension></extensions></trkpt><trkpt lat="35.9555522" lon="120.20716696"><ele>-35.61000061035156</ele><time>2022-05-22T22:22:30Z</time><extensions><gpxtpx:TrackPointExtension><gpxtpx:hr>169</gpxtpx:hr><gpxtpx:cad>89</gpxtpx:cad></gpxtpx:TrackPointExtension></extensions></trkpt><trkpt lat="35.95555286" lon="120.20718395"><ele>-35.59000015258789</ele><time>2022-05-22T22:22:31Z</time><extensions><gpxtpx:TrackPointExtension><gpxtpx:hr>169</gpxtpx:hr><gpxtpx:cad>89</gpxtpx:cad></gpxtpx:TrackPointExtension></extensions></trkpt><trkpt lat="35.95555419" lon="120.20720128"><ele>-35.560001373291016</ele><time>2022-05-22T22:22:32Z</time><extensions><gpxtpx:TrackPointExtension><gpxtpx:hr>169</gpxtpx:hr><gpxtpx:cad>89</gpxtpx:cad></gpxtpx:TrackPointExtension></extensions></trkpt><trkpt lat="35.95555419" lon="120.20721894"><ele>-35.52000045776367</ele><time>2022-05-22T22:22:34Z</time><extensions><gpxtpx:TrackPointExtension><gpxtpx:hr>169</gpxtpx:hr><gpxtpx:cad>89</gpxtpx:cad></gpxtpx:TrackPointExtension></extensions></trkpt><trkpt lat="35.9555512" lon="120.20723627"><ele>-35.52000045776367</ele><time>2022-05-22T22:22:34Z</time><extensions><gpxtpx:TrackPointExtension><gpxtpx:hr>169</gpxtpx:hr></gpxtpx:TrackPointExtension></extensions></trkpt><trkpt lat="35.95554721" lon="120.20725393"><ele>-35.5</ele><time>2022-05-22T22:22:35Z</time><extensions><gpxtpx:TrackPointExtension><gpxtpx:hr>169</gpxtpx:hr><gpxtpx:cad>89</gpxtpx:cad></gpxtpx:TrackPointExtension></extensions></trkpt><trkpt lat="35.95554321" lon="120.20727126"><ele>-35.45000076293945</ele><time>2022-05-22T22:22:36Z</time><extensions><gpxtpx:TrackPointExtension><gpxtpx:hr>169</gpxtpx:hr><gpxtpx:cad>89</gpxtpx:cad></gpxtpx:TrackPointExtension></extensions></trkpt><trkpt lat="35.95553955" lon="120.20728792"><ele>-35.400001525878906</ele><time>2022-05-22T22:22:37Z</time><extensions><gpxtpx:TrackPointExtension><gpxtpx:hr>169</gpxtpx:hr><gpxtpx:cad>89</gpxtpx:cad></gpxtpx:TrackPointExtension></extensions></trkpt><trkpt lat="35.95553622" lon="120.20730458"><ele>-35.380001068115234</ele><time>2022-05-22T22:22:38Z</time><extensions><gpxtpx:TrackPointExtension><gpxtpx:hr>169</gpxtpx:hr><gpxtpx:cad>89</gpxtpx:cad></gpxtpx:TrackPointExtension></extensions></trkpt><trkpt lat="35.95553389" lon="120.20732124"><ele>-35.380001068115234</ele><time>2022-05-22T22:22:39Z</time><extensions><gpxtpx:TrackPointExtension><gpxtpx:hr>168</gpxtpx:hr><gpxtpx:cad>62</gpxtpx:cad></gpxtpx:TrackPointExtension></extensions></trkpt><trkpt lat="35.95553256" lon="120.20733857"><ele>-35.34000015258789</ele><time>2022-05-22T22:22:40Z</time><extensions><gpxtpx:TrackPointExtension><gpxtpx:hr>165</gpxtpx:hr><gpxtpx:cad>62</gpxtpx:cad></gpxtpx:TrackPointExtension></extensions></trkpt><trkpt lat="35.95553157" lon="120.20735557"><ele>-35.310001373291016</ele><time>2022-05-22T22:22:41Z</time><extensions><gpxtpx:TrackPointExtension><gpxtpx:hr>163</gpxtpx:hr><gpxtpx:cad>62</gpxtpx:cad></gpxtpx:TrackPointExtension></extensions></trkpt><trkpt lat="35.95553124" lon="120.2073729"><ele>-35.310001373291016</ele><time>2022-05-22T22:22:42Z</time><extensions><gpxtpx:TrackPointExtension><gpxtpx:hr>161</gpxtpx:hr><gpxtpx:cad>62</gpxtpx:cad></gpxtpx:TrackPointExtension></extensions></trkpt><trkpt lat="35.95552958" lon="120.20739156"><ele>-35.290000915527344</ele><time>2022-05-22T22:22:43Z</time><extensions><gpxtpx:TrackPointExtension><gpxtpx:hr>159</gpxtpx:hr><gpxtpx:cad>62</gpxtpx:cad></gpxtpx:TrackPointExtension></extensions></trkpt><trkpt lat="35.95552759" lon="120.20741189"><ele>-35.25</ele><time>2022-05-22T22:22:44Z</time><extensions><gpxtpx:TrackPointExtension><gpxtpx:hr>156</gpxtpx:hr><gpxtpx:cad>62</gpxtpx:cad></gpxtpx:TrackPointExtension></extensions></trkpt><trkpt lat="35.95552559" lon="120.20743388"><ele>-35.220001220703125</ele><time>2022-05-22T22:22:45Z</time><extensions><gpxtpx:TrackPointExtension><gpxtpx:hr>154</gpxtpx:hr><gpxtpx:cad>62</gpxtpx:cad></gpxtpx:TrackPointExtension></extensions></trkpt><trkpt lat="35.95552326" lon="120.20745788"><ele>-35.18000030517578</ele><time>2022-05-22T22:22:46Z</time><extensions><gpxtpx:TrackPointExtension><gpxtpx:hr>153</gpxtpx:hr><gpxtpx:cad>62</gpxtpx:cad></gpxtpx:TrackPointExtension></extensions></trkpt><trkpt lat="35.9555216" lon="120.20748588"><ele>-35.150001525878906</ele><time>2022-05-22T22:22:47Z</time><extensions><gpxtpx:TrackPointExtension><gpxtpx:hr>152</gpxtpx:hr><gpxtpx:cad>62</gpxtpx:cad></gpxtpx:TrackPointExtension></extensions></trkpt><trkpt lat="35.9555216" lon="120.20751521"><ele>-35.130001068115234</ele><time>2022-05-22T22:22:48Z</time><extensions><gpxtpx:TrackPointExtension><gpxtpx:hr>152</gpxtpx:hr><gpxtpx:cad>62</gpxtpx:cad></gpxtpx:TrackPointExtension></extensions></trkpt><trkpt lat="35.95552027" lon="120.20754587"><ele>-35.130001068115234</ele><time>2022-05-22T22:22:49Z</time><extensions><gpxtpx:TrackPointExtension><gpxtpx:hr>152</gpxtpx:hr><gpxtpx:cad>62</gpxtpx:cad></gpxtpx:TrackPointExtension></extensions></trkpt><trkpt lat="35.95552126" lon="120.20757753"><ele>-35.15999984741211</ele><time>2022-05-22T22:22:50Z</time><extensions><gpxtpx:TrackPointExtension><gpxtpx:hr>152</gpxtpx:hr><gpxtpx:cad>62</gpxtpx:cad></gpxtpx:TrackPointExtension></extensions></trkpt><trkpt lat="35.95552192" lon="120.20761019"><ele>-35.290000915527344</ele><time>2022-05-22T22:22:51Z</time><extensions><gpxtpx:TrackPointExtension><gpxtpx:hr>152</gpxtpx:hr><gpxtpx:cad>62</gpxtpx:cad></gpxtpx:TrackPointExtension></extensions></trkpt><trkpt lat="35.95552291" lon="120.20764285"><ele>-35.310001373291016</ele><time>2022-05-22T22:22:52Z</time><extensions><gpxtpx:TrackPointExtension><gpxtpx:hr>153</gpxtpx:hr><gpxtpx:cad>62</gpxtpx:cad></gpxtpx:TrackPointExtension></extensions></trkpt><trkpt lat="35.95552258" lon="120.20767584"><ele>-35.40999984741211</ele><time>2022-05-22T22:22:53Z</time><extensions><gpxtpx:TrackPointExtension><gpxtpx:hr>153</gpxtpx:hr><gpxtpx:cad>62</gpxtpx:cad></gpxtpx:TrackPointExtension></extensions></trkpt><trkpt lat="35.95552225" lon="120.2077085"><ele>-35.400001525878906</ele><time>2022-05-22T22:22:54Z</time><extensions><gpxtpx:TrackPointExtension><gpxtpx:hr>155</gpxtpx:hr><gpxtpx:cad>62</gpxtpx:cad></gpxtpx:TrackPointExtension></extensions></trkpt><trkpt lat="35.95552358" lon="120.2077395"><ele>-35.470001220703125</ele><time>2022-05-22T22:22:55Z</time><extensions><gpxtpx:TrackPointExtension><gpxtpx:hr>156</gpxtpx:hr><gpxtpx:cad>62</gpxtpx:cad></gpxtpx:TrackPointExtension></extensions></trkpt><trkpt lat="35.95552558" lon="120.20776716"><ele>-35.45000076293945</ele><time>2022-05-22T22:22:56Z</time><extensions><gpxtpx:TrackPointExtension><gpxtpx:hr>157</gpxtpx:hr><gpxtpx:cad>62</gpxtpx:cad></gpxtpx:TrackPointExtension></extensions></trkpt><trkpt lat="35.95552891" lon="120.20779049"><ele>-35.43000030517578</ele><time>2022-05-22T22:22:57Z</time><extensions><gpxtpx:TrackPointExtension><gpxtpx:hr>158</gpxtpx:hr><gpxtpx:cad>62</gpxtpx:cad></gpxtpx:TrackPointExtension></extensions></trkpt><trkpt lat="35.95553257" lon="120.20781015"><ele>-35.400001525878906</ele><time>2022-05-22T22:22:58Z</time><extensions><gpxtpx:TrackPointExtension><gpxtpx:hr>160</gpxtpx:hr><gpxtpx:cad>62</gpxtpx:cad></gpxtpx:TrackPointExtension></extensions></trkpt><trkpt lat="35.95553657" lon="120.20782714"><ele>-35.400001525878906</ele><time>2022-05-22T22:22:59Z</time><extensions><gpxtpx:TrackPointExtension><gpxtpx:hr>161</gpxtpx:hr><gpxtpx:cad>62</gpxtpx:cad></gpxtpx:TrackPointExtension></extensions></trkpt><trkpt lat="35.95554157" lon="120.2078408"><ele>-35.380001068115234</ele><time>2022-05-22T22:23:00Z</time><extensions><gpxtpx:TrackPointExtension><gpxtpx:hr>161</gpxtpx:hr><gpxtpx:cad>62</gpxtpx:cad></gpxtpx:TrackPointExtension></extensions></trkpt><trkpt lat="35.95554656" lon="120.2078508"><ele>-35.36000061035156</ele><time>2022-05-22T22:23:01Z</time><extensions><gpxtpx:TrackPointExtension><gpxtpx:hr>161</gpxtpx:hr><gpxtpx:cad>62</gpxtpx:cad></gpxtpx:TrackPointExtension></extensions></trkpt><trkpt lat="35.95555189" lon="120.20785779"><ele>-35.36000061035156</ele><time>2022-05-22T22:23:02Z</time><extensions><gpxtpx:TrackPointExtension><gpxtpx:hr>161</gpxtpx:hr><gpxtpx:cad>62</gpxtpx:cad></gpxtpx:TrackPointExtension></extensions></trkpt><trkpt lat="35.95556055" lon="120.20785779"><ele>-35.310001373291016</ele><time>2022-05-22T22:23:03Z</time><extensions><gpxtpx:TrackPointExtension><gpxtpx:hr>161</gpxtpx:hr><gpxtpx:cad>62</gpxtpx:cad></gpxtpx:TrackPointExtension></extensions></trkpt><trkpt lat="35.95556955" lon="120.2078568"><ele>-35.290000915527344</ele><time>2022-05-22T22:23:04Z</time><extensions><gpxtpx:TrackPointExtension><gpxtpx:hr>161</gpxtpx:hr><gpxtpx:cad>62</gpxtpx:cad></gpxtpx:TrackPointExtension></extensions></trkpt><trkpt lat="35.95558021" lon="120.20785414"><ele>-35.27000045776367</ele><time>2022-05-22T22:23:05Z</time><extensions><gpxtpx:TrackPointExtension><gpxtpx:hr>161</gpxtpx:hr><gpxtpx:cad>62</gpxtpx:cad></gpxtpx:TrackPointExtension></extensions></trkpt><trkpt lat="35.95558987" lon="120.20784848"><ele>-35.290000915527344</ele><time>2022-05-22T22:23:06Z</time><extensions><gpxtpx:TrackPointExtension><gpxtpx:hr>161</gpxtpx:hr><gpxtpx:cad>62</gpxtpx:cad></gpxtpx:TrackPointExtension></extensions></trkpt><trkpt lat="35.95559953" lon="120.20783982"><ele>-35.33000183105469</ele><time>2022-05-22T22:23:07Z</time><extensions><gpxtpx:TrackPointExtension><gpxtpx:hr>161</gpxtpx:hr><gpxtpx:cad>62</gpxtpx:cad></gpxtpx:TrackPointExtension></extensions></trkpt><trkpt lat="35.95561086" lon="120.20783182"><ele>-35.36000061035156</ele><time>2022-05-22T22:23:08Z</time><extensions><gpxtpx:TrackPointExtension><gpxtpx:hr>161</gpxtpx:hr><gpxtpx:cad>62</gpxtpx:cad></gpxtpx:TrackPointExtension></extensions></trkpt><trkpt lat="35.95562152" lon="120.20782249"><ele>-35.380001068115234</ele><time>2022-05-22T22:23:09Z</time><extensions><gpxtpx:TrackPointExtension><gpxtpx:hr>162</gpxtpx:hr><gpxtpx:cad>62</gpxtpx:cad></gpxtpx:TrackPointExtension></extensions></trkpt><trkpt lat="35.95563118" lon="120.2078135"><ele>-35.380001068115234</ele><time>2022-05-22T22:23:10Z</time><extensions><gpxtpx:TrackPointExtension><gpxtpx:hr>163</gpxtpx:hr><gpxtpx:cad>62</gpxtpx:cad></gpxtpx:TrackPointExtension></extensions></trkpt><trkpt lat="35.95564051" lon="120.20780417"><ele>-35.380001068115234</ele><time>2022-05-22T22:23:11Z</time><extensions><gpxtpx:TrackPointExtension><gpxtpx:hr>163</gpxtpx:hr><gpxtpx:cad>62</gpxtpx:cad></gpxtpx:TrackPointExtension></extensions></trkpt><trkpt lat="35.9556495" lon="120.20779484"><ele>-35.36000061035156</ele><time>2022-05-22T22:23:12Z</time><extensions><gpxtpx:TrackPointExtension><gpxtpx:hr>163</gpxtpx:hr><gpxtpx:cad>62</gpxtpx:cad></gpxtpx:TrackPointExtension></extensions></trkpt><trkpt lat="35.9556595" lon="120.20778518"><ele>-35.380001068115234</ele><time>2022-05-22T22:23:13Z</time><extensions><gpxtpx:TrackPointExtension><gpxtpx:hr>162</gpxtpx:hr><gpxtpx:cad>62</gpxtpx:cad></gpxtpx:TrackPointExtension></extensions></trkpt><trkpt lat="35.95566916" lon="120.20777552"><ele>-35.380001068115234</ele><time>2022-05-22T22:23:14Z</time><extensions><gpxtpx:TrackPointExtension><gpxtpx:hr>162</gpxtpx:hr><gpxtpx:cad>62</gpxtpx:cad></gpxtpx:TrackPointExtension></extensions></trkpt><trkpt lat="35.95567815" lon="120.20776452"><ele>-35.400001525878906</ele><time>2022-05-22T22:23:15Z</time><extensions><gpxtpx:TrackPointExtension><gpxtpx:hr>162</gpxtpx:hr><gpxtpx:cad>62</gpxtpx:cad></gpxtpx:TrackPointExtension></extensions></trkpt><trkpt lat="35.95568648" lon="120.20775286"><ele>-35.43000030517578</ele><time>2022-05-22T22:23:16Z</time><extensions><gpxtpx:TrackPointExtension><gpxtpx:hr>162</gpxtpx:hr><gpxtpx:cad>62</gpxtpx:cad></gpxtpx:TrackPointExtension></extensions></trkpt><trkpt lat="35.95569348" lon="120.20773987"><ele>-35.45000076293945</ele><time>2022-05-22T22:23:17Z</time><extensions><gpxtpx:TrackPointExtension><gpxtpx:hr>161</gpxtpx:hr><gpxtpx:cad>62</gpxtpx:cad></gpxtpx:TrackPointExtension></extensions></trkpt><trkpt lat="35.95570147" lon="120.20772621"><ele>-35.470001220703125</ele><time>2022-05-22T22:23:18Z</time><extensions><gpxtpx:TrackPointExtension><gpxtpx:hr>160</gpxtpx:hr><gpxtpx:cad>63</gpxtpx:cad></gpxtpx:TrackPointExtension></extensions></trkpt><trkpt lat="35.95571047" lon="120.20771388"><ele>-35.470001220703125</ele><time>2022-05-22T22:23:19Z</time><extensions><gpxtpx:TrackPointExtension><gpxtpx:hr>160</gpxtpx:hr><gpxtpx:cad>67</gpxtpx:cad></gpxtpx:TrackPointExtension></extensions></trkpt><trkpt lat="35.95571946" lon="120.20770255"><ele>-35.45000076293945</ele><time>2022-05-22T22:23:20Z</time><extensions><gpxtpx:TrackPointExtension><gpxtpx:hr>160</gpxtpx:hr><gpxtpx:cad>64</gpxtpx:cad></gpxtpx:TrackPointExtension></extensions></trkpt><trkpt lat="35.95573012" lon="120.20769122"><ele>-35.43000030517578</ele><time>2022-05-22T22:23:21Z</time><extensions><gpxtpx:TrackPointExtension><gpxtpx:hr>161</gpxtpx:hr><gpxtpx:cad>64</gpxtpx:cad></gpxtpx:TrackPointExtension></extensions></trkpt><trkpt lat="35.95574078" lon="120.20768122"><ele>-35.40999984741211</ele><time>2022-05-22T22:23:22Z</time><extensions><gpxtpx:TrackPointExtension><gpxtpx:cad>62</gpxtpx:cad></gpxtpx:TrackPointExtension></extensions></trkpt><trkpt lat="35.95575244" lon="120.20767156"><ele>-35.380001068115234</ele><time>2022-05-22T22:23:23Z</time><extensions><gpxtpx:TrackPointExtension><gpxtpx:hr>161</gpxtpx:hr><gpxtpx:cad>62</gpxtpx:cad></gpxtpx:TrackPointExtension></extensions></trkpt><trkpt lat="35.95576477" lon="120.2076619"><ele>-35.33000183105469</ele><time>2022-05-22T22:23:24Z</time><extensions><gpxtpx:TrackPointExtension><gpxtpx:hr>162</gpxtpx:hr><gpxtpx:cad>62</gpxtpx:cad></gpxtpx:TrackPointExtension></extensions></trkpt><trkpt lat="35.95577743" lon="120.20765324"><ele>-35.27000045776367</ele><time>2022-05-22T22:23:25Z</time><extensions><gpxtpx:TrackPointExtension><gpxtpx:hr>163</gpxtpx:hr><gpxtpx:cad>62</gpxtpx:cad></gpxtpx:TrackPointExtension></extensions></trkpt><trkpt lat="35.95579009" lon="120.20764625"><ele>-35.20000076293945</ele><time>2022-05-22T22:23:26Z</time><extensions><gpxtpx:TrackPointExtension><gpxtpx:hr>163</gpxtpx:hr><gpxtpx:cad>62</gpxtpx:cad></gpxtpx:TrackPointExtension></extensions></trkpt><trkpt lat="35.95580342" lon="120.20764059"><ele>-35.130001068115234</ele><time>2022-05-22T22:23:27Z</time><extensions><gpxtpx:TrackPointExtension><gpxtpx:hr>164</gpxtpx:hr><gpxtpx:cad>62</gpxtpx:cad></gpxtpx:TrackPointExtension></extensions></trkpt><trkpt lat="35.95581775" lon="120.20763559"><ele>-35.130001068115234</ele><time>2022-05-22T22:23:28Z</time><extensions><gpxtpx:TrackPointExtension><gpxtpx:hr>164</gpxtpx:hr><gpxtpx:cad>61</gpxtpx:cad></gpxtpx:TrackPointExtension></extensions></trkpt><trkpt lat="35.95583141" lon="120.2076326"><ele>-34.93000030517578</ele><time>2022-05-22T22:23:29Z</time><extensions><gpxtpx:TrackPointExtension><gpxtpx:hr>164</gpxtpx:hr><gpxtpx:cad>61</gpxtpx:cad></gpxtpx:TrackPointExtension></extensions></trkpt><trkpt lat="35.95584474" lon="120.20763027"><ele>-34.83000183105469</ele><time>2022-05-22T22:23:30Z</time><extensions><gpxtpx:TrackPointExtension><gpxtpx:hr>163</gpxtpx:hr><gpxtpx:cad>61</gpxtpx:cad></gpxtpx:TrackPointExtension></extensions></trkpt><trkpt lat="35.95585774" lon="120.20762828"><ele>-34.68000030517578</ele><time>2022-05-22T22:23:31Z</time><extensions><gpxtpx:TrackPointExtension><gpxtpx:hr>162</gpxtpx:hr><gpxtpx:cad>61</gpxtpx:cad></gpxtpx:TrackPointExtension></extensions></trkpt><trkpt lat="35.9558704" lon="120.20762629"><ele>-34.68000030517578</ele><time>2022-05-22T22:23:32Z</time><extensions><gpxtpx:TrackPointExtension><gpxtpx:hr>161</gpxtpx:hr><gpxtpx:cad>61</gpxtpx:cad></gpxtpx:TrackPointExtension></extensions></trkpt><trkpt lat="35.95588273" lon="120.20762429"><ele>-34.40999984741211</ele><time>2022-05-22T22:23:33Z</time><extensions><gpxtpx:TrackPointExtension><gpxtpx:cad>61</gpxtpx:cad></gpxtpx:TrackPointExtension></extensions></trkpt><trkpt lat="35.95589606" lon="120.2076213"><ele>-34.25</ele><time>2022-05-22T22:23:34Z</time><extensions><gpxtpx:TrackPointExtension><gpxtpx:hr>161</gpxtpx:hr><gpxtpx:cad>61</gpxtpx:cad></gpxtpx:TrackPointExtension></extensions></trkpt><trkpt lat="35.95590972" lon="120.2076183"><ele>-34.130001068115234</ele><time>2022-05-22T22:23:35Z</time><extensions><gpxtpx:TrackPointExtension><gpxtpx:hr>161</gpxtpx:hr><gpxtpx:cad>61</gpxtpx:cad></gpxtpx:TrackPointExtension></extensions></trkpt><trkpt lat="35.95592472" lon="120.20761531"><ele>-33.970001220703125</ele><time>2022-05-22T22:23:36Z</time><extensions><gpxtpx:TrackPointExtension><gpxtpx:hr>161</gpxtpx:hr><gpxtpx:cad>59</gpxtpx:cad></gpxtpx:TrackPointExtension></extensions></trkpt><trkpt lat="35.95593938" lon="120.20761198"><ele>-33.86000061035156</ele><time>2022-05-22T22:23:37Z</time><extensions><gpxtpx:TrackPointExtension><gpxtpx:hr>161</gpxtpx:hr><gpxtpx:cad>59</gpxtpx:cad></gpxtpx:TrackPointExtension></extensions></trkpt><trkpt lat="35.95595437" lon="120.20760865"><ele>-33.7400016784668</ele><time>2022-05-22T22:23:38Z</time><extensions><gpxtpx:TrackPointExtension><gpxtpx:hr>162</gpxtpx:hr><gpxtpx:cad>59</gpxtpx:cad></gpxtpx:TrackPointExtension></extensions></trkpt><trkpt lat="35.95596903" lon="120.20760432"><ele>-33.630001068115234</ele><time>2022-05-22T22:23:39Z</time><extensions><gpxtpx:TrackPointExtension><gpxtpx:hr>162</gpxtpx:hr><gpxtpx:cad>61</gpxtpx:cad></gpxtpx:TrackPointExtension></extensions></trkpt><trkpt lat="35.95598369" lon="120.20759833"><ele>-33.540000915527344</ele><time>2022-05-22T22:23:40Z</time><extensions><gpxtpx:TrackPointExtension><gpxtpx:hr>162</gpxtpx:hr><gpxtpx:cad>62</gpxtpx:cad></gpxtpx:TrackPointExtension></extensions></trkpt><trkpt lat="35.95599702" lon="120.20759033"><ele>-33.470001220703125</ele><time>2022-05-22T22:23:41Z</time><extensions><gpxtpx:TrackPointExtension><gpxtpx:hr>163</gpxtpx:hr><gpxtpx:cad>62</gpxtpx:cad></gpxtpx:TrackPointExtension></extensions></trkpt><trkpt lat="35.95601101" lon="120.207581"><ele>-33.400001525878906</ele><time>2022-05-22T22:23:42Z</time><extensions><gpxtpx:TrackPointExtension><gpxtpx:hr>164</gpxtpx:hr><gpxtpx:cad>62</gpxtpx:cad></gpxtpx:TrackPointExtension></extensions></trkpt><trkpt lat="35.95602534" lon="120.207572"><ele>-33.34000015258789</ele><time>2022-05-22T22:23:43Z</time><extensions><gpxtpx:TrackPointExtension><gpxtpx:hr>164</gpxtpx:hr><gpxtpx:cad>62</gpxtpx:cad></gpxtpx:TrackPointExtension></extensions></trkpt><trkpt lat="35.95604067" lon="120.20756401"><ele>-33.290000915527344</ele><time>2022-05-22T22:23:44Z</time><extensions><gpxtpx:TrackPointExtension><gpxtpx:hr>164</gpxtpx:hr><gpxtpx:cad>62</gpxtpx:cad></gpxtpx:TrackPointExtension></extensions></trkpt><trkpt lat="35.956055" lon="120.20755668"><ele>-33.25</ele><time>2022-05-22T22:23:45Z</time><extensions><gpxtpx:TrackPointExtension><gpxtpx:hr>165</gpxtpx:hr><gpxtpx:cad>63</gpxtpx:cad></gpxtpx:TrackPointExtension></extensions></trkpt><trkpt lat="35.956069" lon="120.20755202"><ele>-33.220001220703125</ele><time>2022-05-22T22:23:46Z</time><extensions><gpxtpx:TrackPointExtension><gpxtpx:hr>166</gpxtpx:hr><gpxtpx:cad>63</gpxtpx:cad></gpxtpx:TrackPointExtension></extensions></trkpt><trkpt lat="35.95608333" lon="120.20754936"><ele>-33.20000076293945</ele><time>2022-05-22T22:23:47Z</time><extensions><gpxtpx:TrackPointExtension><gpxtpx:hr>166</gpxtpx:hr><gpxtpx:cad>63</gpxtpx:cad></gpxtpx:TrackPointExtension></extensions></trkpt><trkpt lat="35.95609899" lon="120.20754903"><ele>-33.15999984741211</ele><time>2022-05-22T22:23:48Z</time><extensions><gpxtpx:TrackPointExtension><gpxtpx:hr>165</gpxtpx:hr><gpxtpx:cad>63</gpxtpx:cad></gpxtpx:TrackPointExtension></extensions></trkpt><trkpt lat="35.95611665" lon="120.20754936"><ele>-33.150001525878906</ele><time>2022-05-22T22:23:49Z</time><extensions><gpxtpx:TrackPointExtension><gpxtpx:hr>166</gpxtpx:hr><gpxtpx:cad>63</gpxtpx:cad></gpxtpx:TrackPointExtension></extensions></trkpt><trkpt lat="35.95613698" lon="120.20754703"><ele>-33.09000015258789</ele><time>2022-05-22T22:23:50Z</time><extensions><gpxtpx:TrackPointExtension><gpxtpx:hr>167</gpxtpx:hr><gpxtpx:cad>63</gpxtpx:cad></gpxtpx:TrackPointExtension></extensions></trkpt><trkpt lat="35.95615697" lon="120.20754203"><ele>-33.040000915527344</ele><time>2022-05-22T22:23:51Z</time><extensions><gpxtpx:TrackPointExtension><gpxtpx:hr>167</gpxtpx:hr><gpxtpx:cad>63</gpxtpx:cad></gpxtpx:TrackPointExtension></extensions></trkpt><trkpt lat="35.95617863" lon="120.20753837"><ele>-32.95000076293945</ele><time>2022-05-22T22:23:52Z</time><extensions><gpxtpx:TrackPointExtension><gpxtpx:hr>167</gpxtpx:hr><gpxtpx:cad>63</gpxtpx:cad></gpxtpx:TrackPointExtension></extensions></trkpt><trkpt lat="35.95620196" lon="120.20753638"><ele>-32.900001525878906</ele><time>2022-05-22T22:23:53Z</time><extensions><gpxtpx:TrackPointExtension><gpxtpx:hr>166</gpxtpx:hr><gpxtpx:cad>63</gpxtpx:cad></gpxtpx:TrackPointExtension></extensions></trkpt><trkpt lat="35.95622562" lon="120.20753338"><ele>-32.84000015258789</ele><time>2022-05-22T22:23:54Z</time><extensions><gpxtpx:TrackPointExtension><gpxtpx:hr>166</gpxtpx:hr><gpxtpx:cad>63</gpxtpx:cad></gpxtpx:TrackPointExtension></extensions></trkpt><trkpt lat="35.95624995" lon="120.20752972"><ele>-32.77000045776367</ele><time>2022-05-22T22:23:55Z</time><extensions><gpxtpx:TrackPointExtension><gpxtpx:hr>164</gpxtpx:hr><gpxtpx:cad>63</gpxtpx:cad></gpxtpx:TrackPointExtension></extensions></trkpt><trkpt lat="35.95627395" lon="120.20752439"><ele>-32.720001220703125</ele><time>2022-05-22T22:23:56Z</time><extensions><gpxtpx:TrackPointExtension><gpxtpx:hr>162</gpxtpx:hr><gpxtpx:cad>63</gpxtpx:cad></gpxtpx:TrackPointExtension></extensions></trkpt><trkpt lat="35.95629828" lon="120.20751873"><ele>-32.70000076293945</ele><time>2022-05-22T22:23:57Z</time><extensions><gpxtpx:TrackPointExtension><gpxtpx:hr>161</gpxtpx:hr><gpxtpx:cad>63</gpxtpx:cad></gpxtpx:TrackPointExtension></extensions></trkpt><trkpt lat="35.95632161" lon="120.20751274"><ele>-32.720001220703125</ele><time>2022-05-22T22:23:58Z</time><extensions><gpxtpx:TrackPointExtension><gpxtpx:hr>161</gpxtpx:hr><gpxtpx:cad>63</gpxtpx:cad></gpxtpx:TrackPointExtension></extensions></trkpt><trkpt lat="35.95634627" lon="120.20750841"><ele>-32.720001220703125</ele><time>2022-05-22T22:23:59Z</time><extensions><gpxtpx:TrackPointExtension><gpxtpx:hr>160</gpxtpx:hr><gpxtpx:cad>88</gpxtpx:cad></gpxtpx:TrackPointExtension></extensions></trkpt><trkpt lat="35.95636993" lon="120.20750575"><ele>-32.720001220703125</ele><time>2022-05-22T22:24:00Z</time><extensions><gpxtpx:TrackPointExtension><gpxtpx:hr>160</gpxtpx:hr><gpxtpx:cad>88</gpxtpx:cad></gpxtpx:TrackPointExtension></extensions></trkpt><trkpt lat="35.95639159" lon="120.20750409"><ele>-32.70000076293945</ele><time>2022-05-22T22:24:01Z</time><extensions><gpxtpx:TrackPointExtension><gpxtpx:hr>159</gpxtpx:hr><gpxtpx:cad>89</gpxtpx:cad></gpxtpx:TrackPointExtension></extensions></trkpt><trkpt lat="35.95641292" lon="120.20750376"><ele>-32.68000030517578</ele><time>2022-05-22T22:24:02Z</time><extensions><gpxtpx:TrackPointExtension><gpxtpx:hr>159</gpxtpx:hr><gpxtpx:cad>89</gpxtpx:cad></gpxtpx:TrackPointExtension></extensions></trkpt><trkpt lat="35.95643258" lon="120.20750609"><ele>-32.630001068115234</ele><time>2022-05-22T22:24:03Z</time><extensions><gpxtpx:TrackPointExtension><gpxtpx:hr>159</gpxtpx:hr><gpxtpx:cad>87</gpxtpx:cad></gpxtpx:TrackPointExtension></extensions></trkpt><trkpt lat="35.95645191" lon="120.20750742"><ele>-32.630001068115234</ele><time>2022-05-22T22:24:04Z</time><extensions><gpxtpx:TrackPointExtension><gpxtpx:hr>159</gpxtpx:hr><gpxtpx:cad>88</gpxtpx:cad></gpxtpx:TrackPointExtension></extensions></trkpt><trkpt lat="35.95646924" lon="120.20751075"><ele>-32.540000915527344</ele><time>2022-05-22T22:24:05Z</time><extensions><gpxtpx:TrackPointExtension><gpxtpx:hr>159</gpxtpx:hr><gpxtpx:cad>88</gpxtpx:cad></gpxtpx:TrackPointExtension></extensions></trkpt><trkpt lat="35.95648424" lon="120.20751708"><ele>-32.540000915527344</ele><time>2022-05-22T22:24:06Z</time><extensions><gpxtpx:TrackPointExtension><gpxtpx:hr>159</gpxtpx:hr><gpxtpx:cad>87</gpxtpx:cad></gpxtpx:TrackPointExtension></extensions></trkpt><trkpt lat="35.95649623" lon="120.20752808"><ele>-32.5</ele><time>2022-05-22T22:24:07Z</time><extensions><gpxtpx:TrackPointExtension><gpxtpx:hr>159</gpxtpx:hr><gpxtpx:cad>87</gpxtpx:cad></gpxtpx:TrackPointExtension></extensions></trkpt><trkpt lat="35.95650923" lon="120.20754374"><ele>-32.470001220703125</ele><time>2022-05-22T22:24:08Z</time><extensions><gpxtpx:TrackPointExtension><gpxtpx:hr>158</gpxtpx:hr><gpxtpx:cad>87</gpxtpx:cad></gpxtpx:TrackPointExtension></extensions></trkpt><trkpt lat="35.95652089" lon="120.20756373"><ele>-32.400001525878906</ele><time>2022-05-22T22:24:09Z</time><extensions><gpxtpx:TrackPointExtension><gpxtpx:hr>158</gpxtpx:hr><gpxtpx:cad>87</gpxtpx:cad></gpxtpx:TrackPointExtension></extensions></trkpt><trkpt lat="35.95653022" lon="120.20758773"><ele>-32.380001068115234</ele><time>2022-05-22T22:24:10Z</time><extensions><gpxtpx:TrackPointExtension><gpxtpx:hr>158</gpxtpx:hr><gpxtpx:cad>88</gpxtpx:cad></gpxtpx:TrackPointExtension></extensions></trkpt><trkpt lat="35.95653888" lon="120.20761372"><ele>-32.34000015258789</ele><time>2022-05-22T22:24:11Z</time><extensions><gpxtpx:TrackPointExtension><gpxtpx:hr>158</gpxtpx:hr><gpxtpx:cad>88</gpxtpx:cad></gpxtpx:TrackPointExtension></extensions></trkpt><trkpt lat="35.95654621" lon="120.20764038"><ele>-32.310001373291016</ele><time>2022-05-22T22:24:12Z</time><extensions><gpxtpx:TrackPointExtension><gpxtpx:hr>158</gpxtpx:hr><gpxtpx:cad>89</gpxtpx:cad></gpxtpx:TrackPointExtension></extensions></trkpt><trkpt lat="35.95655287" lon="120.20766904"><ele>-32.290000915527344</ele><time>2022-05-22T22:24:13Z</time><extensions><gpxtpx:TrackPointExtension><gpxtpx:hr>158</gpxtpx:hr><gpxtpx:cad>89</gpxtpx:cad></gpxtpx:TrackPointExtension></extensions></trkpt><trkpt lat="35.95656087" lon="120.2076977"><ele>-32.25</ele><time>2022-05-22T22:24:14Z</time><extensions><gpxtpx:TrackPointExtension><gpxtpx:hr>158</gpxtpx:hr><gpxtpx:cad>89</gpxtpx:cad></gpxtpx:TrackPointExtension></extensions></trkpt><trkpt lat="35.95656986" lon="120.20772636"><ele>-32.2400016784668</ele><time>2022-05-22T22:24:15Z</time><extensions><gpxtpx:TrackPointExtension><gpxtpx:hr>158</gpxtpx:hr><gpxtpx:cad>89</gpxtpx:cad></gpxtpx:TrackPointExtension></extensions></trkpt><trkpt lat="35.95657919" lon="120.20775602"><ele>-32.2400016784668</ele><time>2022-05-22T22:24:16Z</time><extensions><gpxtpx:TrackPointExtension><gpxtpx:hr>159</gpxtpx:hr><gpxtpx:cad>88</gpxtpx:cad></gpxtpx:TrackPointExtension></extensions></trkpt><trkpt lat="35.95658819" lon="120.20778535"><ele>-32.2400016784668</ele><time>2022-05-22T22:24:17Z</time><extensions><gpxtpx:TrackPointExtension><gpxtpx:hr>159</gpxtpx:hr><gpxtpx:cad>88</gpxtpx:cad></gpxtpx:TrackPointExtension></extensions></trkpt><trkpt lat="35.95659718" lon="120.20781368"><ele>-32.2400016784668</ele><time>2022-05-22T22:24:18Z</time><extensions><gpxtpx:TrackPointExtension><gpxtpx:hr>159</gpxtpx:hr><gpxtpx:cad>88</gpxtpx:cad></gpxtpx:TrackPointExtension></extensions></trkpt><trkpt lat="35.95660518" lon="120.20784168"><ele>-32.27000045776367</ele><time>2022-05-22T22:24:19Z</time><extensions><gpxtpx:TrackPointExtension><gpxtpx:hr>159</gpxtpx:hr><gpxtpx:cad>89</gpxtpx:cad></gpxtpx:TrackPointExtension></extensions></trkpt><trkpt lat="35.95661417" lon="120.20786767"><ele>-32.290000915527344</ele><time>2022-05-22T22:24:20Z</time><extensions><gpxtpx:TrackPointExtension><gpxtpx:hr>159</gpxtpx:hr><gpxtpx:cad>88</gpxtpx:cad></gpxtpx:TrackPointExtension></extensions></trkpt><trkpt lat="35.95662183" lon="120.207893"><ele>-32.310001373291016</ele><time>2022-05-22T22:24:21Z</time><extensions><gpxtpx:TrackPointExtension><gpxtpx:hr>158</gpxtpx:hr><gpxtpx:cad>89</gpxtpx:cad></gpxtpx:TrackPointExtension></extensions></trkpt><trkpt lat="35.95662882" lon="120.20791733"><ele>-32.310001373291016</ele><time>2022-05-22T22:24:22Z</time><extensions><gpxtpx:TrackPointExtension><gpxtpx:hr>158</gpxtpx:hr><gpxtpx:cad>89</gpxtpx:cad></gpxtpx:TrackPointExtension></extensions></trkpt><trkpt lat="35.95663515" lon="120.20794133"><ele>-32.310001373291016</ele><time>2022-05-22T22:24:23Z</time><extensions><gpxtpx:TrackPointExtension><gpxtpx:hr>157</gpxtpx:hr><gpxtpx:cad>90</gpxtpx:cad></gpxtpx:TrackPointExtension></extensions></trkpt><trkpt lat="35.95664081" lon="120.20796566"><ele>-32.310001373291016</ele><time>2022-05-22T22:24:24Z</time><extensions><gpxtpx:TrackPointExtension><gpxtpx:hr>158</gpxtpx:hr><gpxtpx:cad>90</gpxtpx:cad></gpxtpx:TrackPointExtension></extensions></trkpt><trkpt lat="35.95664647" lon="120.20798932"><ele>-32.310001373291016</ele><time>2022-05-22T22:24:25Z</time><extensions><gpxtpx:TrackPointExtension><gpxtpx:hr>158</gpxtpx:hr><gpxtpx:cad>90</gpxtpx:cad></gpxtpx:TrackPointExtension></extensions></trkpt><trkpt lat="35.95665246" lon="120.20801331"><ele>-32.27000045776367</ele><time>2022-05-22T22:24:26Z</time><extensions><gpxtpx:TrackPointExtension><gpxtpx:hr>158</gpxtpx:hr><gpxtpx:cad>91</gpxtpx:cad></gpxtpx:TrackPointExtension></extensions></trkpt><trkpt lat="35.95665846" lon="120.20803797"><ele>-32.290000915527344</ele><time>2022-05-22T22:24:27Z</time><extensions><gpxtpx:TrackPointExtension><gpxtpx:hr>158</gpxtpx:hr><gpxtpx:cad>90</gpxtpx:cad></gpxtpx:TrackPointExtension></extensions></trkpt><trkpt lat="35.95666479" lon="120.2080633"><ele>-32.290000915527344</ele><time>2022-05-22T22:24:28Z</time><extensions><gpxtpx:TrackPointExtension><gpxtpx:hr>157</gpxtpx:hr><gpxtpx:cad>90</gpxtpx:cad></gpxtpx:TrackPointExtension></extensions></trkpt><trkpt lat="35.95667012" lon="120.2080903"><ele>-32.34000015258789</ele><time>2022-05-22T22:24:29Z</time><extensions><gpxtpx:TrackPointExtension><gpxtpx:hr>157</gpxtpx:hr><gpxtpx:cad>90</gpxtpx:cad></gpxtpx:TrackPointExtension></extensions></trkpt><trkpt lat="35.95667611" lon="120.20811696"><ele>-32.380001068115234</ele><time>2022-05-22T22:24:30Z</time><extensions><gpxtpx:TrackPointExtension><gpxtpx:hr>156</gpxtpx:hr><gpxtpx:cad>90</gpxtpx:cad></gpxtpx:TrackPointExtension></extensions></trkpt><trkpt lat="35.95668111" lon="120.20814396"><ele>-32.400001525878906</ele><time>2022-05-22T22:24:31Z</time><extensions><gpxtpx:TrackPointExtension><gpxtpx:hr>156</gpxtpx:hr><gpxtpx:cad>90</gpxtpx:cad></gpxtpx:TrackPointExtension></extensions></trkpt><trkpt lat="35.95668544" lon="120.20816995"><ele>-32.45000076293945</ele><time>2022-05-22T22:24:32Z</time><extensions><gpxtpx:TrackPointExtension><gpxtpx:hr>156</gpxtpx:hr><gpxtpx:cad>90</gpxtpx:cad></gpxtpx:TrackPointExtension></extensions></trkpt><trkpt lat="35.9566901" lon="120.20819628"><ele>-32.5</ele><time>2022-05-22T22:24:33Z</time><extensions><gpxtpx:TrackPointExtension><gpxtpx:hr>156</gpxtpx:hr><gpxtpx:cad>90</gpxtpx:cad></gpxtpx:TrackPointExtension></extensions></trkpt><trkpt lat="35.95669409" lon="120.20822328"><ele>-32.540000915527344</ele><time>2022-05-22T22:24:34Z</time><extensions><gpxtpx:TrackPointExtension><gpxtpx:hr>156</gpxtpx:hr><gpxtpx:cad>90</gpxtpx:cad></gpxtpx:TrackPointExtension></extensions></trkpt><trkpt lat="35.95669809" lon="120.20825128"><ele>-32.560001373291016</ele><time>2022-05-22T22:24:35Z</time><extensions><gpxtpx:TrackPointExtension><gpxtpx:hr>156</gpxtpx:hr><gpxtpx:cad>89</gpxtpx:cad></gpxtpx:TrackPointExtension></extensions></trkpt><trkpt lat="35.95670142" lon="120.20827928"><ele>-32.59000015258789</ele><time>2022-05-22T22:24:36Z</time><extensions><gpxtpx:TrackPointExtension><gpxtpx:hr>155</gpxtpx:hr><gpxtpx:cad>89</gpxtpx:cad></gpxtpx:TrackPointExtension></extensions></trkpt><trkpt lat="35.95670408" lon="120.20830827"><ele>-32.61000061035156</ele><time>2022-05-22T22:24:37Z</time><extensions><gpxtpx:TrackPointExtension><gpxtpx:hr>155</gpxtpx:hr><gpxtpx:cad>89</gpxtpx:cad></gpxtpx:TrackPointExtension></extensions></trkpt><trkpt lat="35.95670807" lon="120.20833726"><ele>-32.630001068115234</ele><time>2022-05-22T22:24:38Z</time><extensions><gpxtpx:TrackPointExtension><gpxtpx:hr>155</gpxtpx:hr><gpxtpx:cad>89</gpxtpx:cad></gpxtpx:TrackPointExtension></extensions></trkpt><trkpt lat="35.95671173" lon="120.20836659"><ele>-32.650001525878906</ele><time>2022-05-22T22:24:39Z</time><extensions><gpxtpx:TrackPointExtension><gpxtpx:hr>155</gpxtpx:hr><gpxtpx:cad>89</gpxtpx:cad></gpxtpx:TrackPointExtension></extensions></trkpt><trkpt lat="35.95671472" lon="120.20839692"><ele>-32.65999984741211</ele><time>2022-05-22T22:24:40Z</time><extensions><gpxtpx:TrackPointExtension><gpxtpx:hr>155</gpxtpx:hr><gpxtpx:cad>89</gpxtpx:cad></gpxtpx:TrackPointExtension></extensions></trkpt><trkpt lat="35.95671738" lon="120.20842758"><ele>-32.68000030517578</ele><time>2022-05-22T22:24:41Z</time><extensions><gpxtpx:TrackPointExtension><gpxtpx:hr>155</gpxtpx:hr><gpxtpx:cad>89</gpxtpx:cad></gpxtpx:TrackPointExtension></extensions></trkpt><trkpt lat="35.95671871" lon="120.20845757"><ele>-32.720001220703125</ele><time>2022-05-22T22:24:42Z</time><extensions><gpxtpx:TrackPointExtension><gpxtpx:hr>156</gpxtpx:hr><gpxtpx:cad>89</gpxtpx:cad></gpxtpx:TrackPointExtension></extensions></trkpt><trkpt lat="35.95671937" lon="120.2084879"><ele>-32.790000915527344</ele><time>2022-05-22T22:24:43Z</time><extensions><gpxtpx:TrackPointExtension><gpxtpx:hr>156</gpxtpx:hr><gpxtpx:cad>89</gpxtpx:cad></gpxtpx:TrackPointExtension></extensions></trkpt><trkpt lat="35.95672103" lon="120.20851723"><ele>-32.83000183105469</ele><time>2022-05-22T22:24:44Z</time><extensions><gpxtpx:TrackPointExtension><gpxtpx:hr>156</gpxtpx:hr><gpxtpx:cad>89</gpxtpx:cad></gpxtpx:TrackPointExtension></extensions></trkpt><trkpt lat="35.95672436" lon="120.20854589"><ele>-32.86000061035156</ele><time>2022-05-22T22:24:45Z</time><extensions><gpxtpx:TrackPointExtension><gpxtpx:hr>156</gpxtpx:hr><gpxtpx:cad>89</gpxtpx:cad></gpxtpx:TrackPointExtension></extensions></trkpt><trkpt lat="35.95672869" lon="120.20857522"><ele>-32.90999984741211</ele><time>2022-05-22T22:24:46Z</time><extensions><gpxtpx:TrackPointExtension><gpxtpx:hr>156</gpxtpx:hr><gpxtpx:cad>89</gpxtpx:cad></gpxtpx:TrackPointExtension></extensions></trkpt><trkpt lat="35.95673268" lon="120.20860421"><ele>-32.95000076293945</ele><time>2022-05-22T22:24:47Z</time><extensions><gpxtpx:TrackPointExtension><gpxtpx:hr>156</gpxtpx:hr><gpxtpx:cad>89</gpxtpx:cad></gpxtpx:TrackPointExtension></extensions></trkpt><trkpt lat="35.95673567" lon="120.20863354"><ele>-32.95000076293945</ele><time>2022-05-22T22:24:48Z</time><extensions><gpxtpx:TrackPointExtension><gpxtpx:hr>156</gpxtpx:hr><gpxtpx:cad>90</gpxtpx:cad></gpxtpx:TrackPointExtension></extensions></trkpt><trkpt lat="35.95673967" lon="120.2086622"><ele>-32.9900016784668</ele><time>2022-05-22T22:24:49Z</time><extensions><gpxtpx:TrackPointExtension><gpxtpx:hr>156</gpxtpx:hr><gpxtpx:cad>89</gpxtpx:cad></gpxtpx:TrackPointExtension></extensions></trkpt><trkpt lat="35.956743" lon="120.20868953"><ele>-33.0</ele><time>2022-05-22T22:24:50Z</time><extensions><gpxtpx:TrackPointExtension><gpxtpx:hr>156</gpxtpx:hr><gpxtpx:cad>89</gpxtpx:cad></gpxtpx:TrackPointExtension></extensions></trkpt><trkpt lat="35.95674167" lon="120.20871319"><ele>-33.02000045776367</ele><time>2022-05-22T22:24:51Z</time><extensions><gpxtpx:TrackPointExtension><gpxtpx:hr>157</gpxtpx:hr><gpxtpx:cad>89</gpxtpx:cad></gpxtpx:TrackPointExtension></extensions></trkpt><trkpt lat="35.95673701" lon="120.20873418"><ele>-33.02000045776367</ele><time>2022-05-22T22:24:52Z</time><extensions><gpxtpx:TrackPointExtension><gpxtpx:hr>158</gpxtpx:hr><gpxtpx:cad>89</gpxtpx:cad></gpxtpx:TrackPointExtension></extensions></trkpt><trkpt lat="35.95673301" lon="120.20875351"><ele>-33.040000915527344</ele><time>2022-05-22T22:24:53Z</time><extensions><gpxtpx:TrackPointExtension><gpxtpx:hr>157</gpxtpx:hr><gpxtpx:cad>89</gpxtpx:cad></gpxtpx:TrackPointExtension></extensions></trkpt><trkpt lat="35.95672968" lon="120.20877184"><ele>-33.0</ele><time>2022-05-22T22:24:54Z</time><extensions><gpxtpx:TrackPointExtension><gpxtpx:hr>157</gpxtpx:hr><gpxtpx:cad>89</gpxtpx:cad></gpxtpx:TrackPointExtension></extensions></trkpt><trkpt lat="35.95672702" lon="120.20878917"><ele>-32.9900016784668</ele><time>2022-05-22T22:24:55Z</time><extensions><gpxtpx:TrackPointExtension><gpxtpx:hr>157</gpxtpx:hr><gpxtpx:cad>89</gpxtpx:cad></gpxtpx:TrackPointExtension></extensions></trkpt><trkpt lat="35.95672436" lon="120.20880716"><ele>-32.970001220703125</ele><time>2022-05-22T22:24:56Z</time><extensions><gpxtpx:TrackPointExtension><gpxtpx:hr>157</gpxtpx:hr><gpxtpx:cad>89</gpxtpx:cad></gpxtpx:TrackPointExtension></extensions></trkpt><trkpt lat="35.95672337" lon="120.20882449"><ele>-32.95000076293945</ele><time>2022-05-22T22:24:57Z</time><extensions><gpxtpx:TrackPointExtension><gpxtpx:hr>156</gpxtpx:hr><gpxtpx:cad>89</gpxtpx:cad></gpxtpx:TrackPointExtension></extensions></trkpt><trkpt lat="35.95672271" lon="120.20884215"><ele>-32.95000076293945</ele><time>2022-05-22T22:24:58Z</time><extensions><gpxtpx:TrackPointExtension><gpxtpx:hr>155</gpxtpx:hr><gpxtpx:cad>89</gpxtpx:cad></gpxtpx:TrackPointExtension></extensions></trkpt><trkpt lat="35.95672205" lon="120.20885948"><ele>-32.95000076293945</ele><time>2022-05-22T22:24:59Z</time><extensions><gpxtpx:TrackPointExtension><gpxtpx:hr>155</gpxtpx:hr><gpxtpx:cad>89</gpxtpx:cad></gpxtpx:TrackPointExtension></extensions></trkpt><trkpt lat="35.95672238" lon="120.20887681"><ele>-32.93000030517578</ele><time>2022-05-22T22:25:02Z</time><extensions><gpxtpx:TrackPointExtension><gpxtpx:hr>156</gpxtpx:hr><gpxtpx:cad>89</gpxtpx:cad></gpxtpx:TrackPointExtension></extensions></trkpt><trkpt lat="35.95672371" lon="120.2088938"><ele>-32.93000030517578</ele><time>2022-05-22T22:25:02Z</time><extensions><gpxtpx:TrackPointExtension><gpxtpx:hr>155</gpxtpx:hr><gpxtpx:cad>89</gpxtpx:cad></gpxtpx:TrackPointExtension></extensions></trkpt><trkpt lat="35.95672571" lon="120.20891013"><ele>-32.95000076293945</ele><time>2022-05-22T22:25:02Z</time><extensions><gpxtpx:TrackPointExtension><gpxtpx:cad>89</gpxtpx:cad></gpxtpx:TrackPointExtension></extensions></trkpt><trkpt lat="35.95672704" lon="120.20892646"><ele>-32.95000076293945</ele><time>2022-05-22T22:25:03Z</time><extensions><gpxtpx:TrackPointExtension><gpxtpx:hr>155</gpxtpx:hr><gpxtpx:cad>89</gpxtpx:cad></gpxtpx:TrackPointExtension></extensions></trkpt><trkpt lat="35.9567277" lon="120.20894212"><ele>-32.95000076293945</ele><time>2022-05-22T22:25:04Z</time><extensions><gpxtpx:TrackPointExtension><gpxtpx:hr>155</gpxtpx:hr><gpxtpx:cad>89</gpxtpx:cad></gpxtpx:TrackPointExtension></extensions></trkpt><trkpt lat="35.95672836" lon="120.20895745"><ele>-32.93000030517578</ele><time>2022-05-22T22:25:07Z</time><extensions><gpxtpx:TrackPointExtension><gpxtpx:hr>155</gpxtpx:hr><gpxtpx:cad>89</gpxtpx:cad></gpxtpx:TrackPointExtension></extensions></trkpt><trkpt lat="35.95672869" lon="120.20897178"><ele>-32.93000030517578</ele><time>2022-05-22T22:25:07Z</time><extensions><gpxtpx:TrackPointExtension><gpxtpx:hr>155</gpxtpx:hr><gpxtpx:cad>89</gpxtpx:cad></gpxtpx:TrackPointExtension></extensions></trkpt><trkpt lat="35.95673068" lon="120.20898611"><ele>-32.93000030517578</ele><time>2022-05-22T22:25:07Z</time><extensions><gpxtpx:TrackPointExtension><gpxtpx:cad>57</gpxtpx:cad></gpxtpx:TrackPointExtension></extensions></trkpt><trkpt lat="35.95673068" lon="120.20900111"><ele>-32.93000030517578</ele><time>2022-05-22T22:25:08Z</time><extensions><gpxtpx:TrackPointExtension><gpxtpx:hr>155</gpxtpx:hr><gpxtpx:cad>58</gpxtpx:cad></gpxtpx:TrackPointExtension></extensions></trkpt><trkpt lat="35.95673068" lon="120.20901711"><ele>-32.93000030517578</ele><time>2022-05-22T22:25:09Z</time><extensions><gpxtpx:TrackPointExtension><gpxtpx:hr>154</gpxtpx:hr><gpxtpx:cad>58</gpxtpx:cad></gpxtpx:TrackPointExtension></extensions></trkpt><trkpt lat="35.95673134" lon="120.20903777"><ele>-32.900001525878906</ele><time>2022-05-22T22:25:10Z</time><extensions><gpxtpx:TrackPointExtension><gpxtpx:hr>153</gpxtpx:hr><gpxtpx:cad>58</gpxtpx:cad></gpxtpx:TrackPointExtension></extensions></trkpt><trkpt lat="35.956734" lon="120.20906143"><ele>-32.900001525878906</ele><time>2022-05-22T22:25:11Z</time><extensions><gpxtpx:TrackPointExtension><gpxtpx:hr>153</gpxtpx:hr><gpxtpx:cad>58</gpxtpx:cad></gpxtpx:TrackPointExtension></extensions></trkpt><trkpt lat="35.95673733" lon="120.20908842"><ele>-32.900001525878906</ele><time>2022-05-22T22:25:12Z</time><extensions><gpxtpx:TrackPointExtension><gpxtpx:hr>153</gpxtpx:hr><gpxtpx:cad>58</gpxtpx:cad></gpxtpx:TrackPointExtension></extensions></trkpt><trkpt lat="35.95674166" lon="120.20911742"><ele>-32.93000030517578</ele><time>2022-05-22T22:25:13Z</time><extensions><gpxtpx:TrackPointExtension><gpxtpx:hr>153</gpxtpx:hr><gpxtpx:cad>58</gpxtpx:cad></gpxtpx:TrackPointExtension></extensions></trkpt><trkpt lat="35.95674699" lon="120.20914775"><ele>-32.93000030517578</ele><time>2022-05-22T22:25:14Z</time><extensions><gpxtpx:TrackPointExtension><gpxtpx:hr>153</gpxtpx:hr><gpxtpx:cad>58</gpxtpx:cad></gpxtpx:TrackPointExtension></extensions></trkpt><trkpt lat="35.95675265" lon="120.20917808"><ele>-33.0</ele><time>2022-05-22T22:25:15Z</time><extensions><gpxtpx:TrackPointExtension><gpxtpx:hr>154</gpxtpx:hr><gpxtpx:cad>58</gpxtpx:cad></gpxtpx:TrackPointExtension></extensions></trkpt><trkpt lat="35.95675765" lon="120.20920841"><ele>-33.0</ele><time>2022-05-22T22:25:16Z</time><extensions><gpxtpx:TrackPointExtension><gpxtpx:hr>154</gpxtpx:hr><gpxtpx:cad>58</gpxtpx:cad></gpxtpx:TrackPointExtension></extensions></trkpt><trkpt lat="35.95676198" lon="120.2092384"><ele>-33.11000061035156</ele><time>2022-05-22T22:25:17Z</time><extensions><gpxtpx:TrackPointExtension><gpxtpx:hr>155</gpxtpx:hr><gpxtpx:cad>58</gpxtpx:cad></gpxtpx:TrackPointExtension></extensions></trkpt><trkpt lat="35.95676598" lon="120.20926739"><ele>-33.09000015258789</ele><time>2022-05-22T22:25:18Z</time><extensions><gpxtpx:TrackPointExtension><gpxtpx:hr>155</gpxtpx:hr><gpxtpx:cad>58</gpxtpx:cad></gpxtpx:TrackPointExtension></extensions></trkpt><trkpt lat="35.95677031" lon="120.20929605"><ele>-33.18000030517578</ele><time>2022-05-22T22:25:19Z</time><extensions><gpxtpx:TrackPointExtension><gpxtpx:hr>156</gpxtpx:hr><gpxtpx:cad>58</gpxtpx:cad></gpxtpx:TrackPointExtension></extensions></trkpt><trkpt lat="35.95677497" lon="120.20932471"><ele>-33.18000030517578</ele><time>2022-05-22T22:25:20Z</time><extensions><gpxtpx:TrackPointExtension><gpxtpx:hr>156</gpxtpx:hr><gpxtpx:cad>58</gpxtpx:cad></gpxtpx:TrackPointExtension></extensions></trkpt><trkpt lat="35.95677963" lon="120.20935337"><ele>-33.25</ele><time>2022-05-22T22:25:21Z</time><extensions><gpxtpx:TrackPointExtension><gpxtpx:hr>156</gpxtpx:hr></gpxtpx:TrackPointExtension></extensions></trkpt><trkpt lat="35.95678463" lon="120.20938237"><ele>-33.27000045776367</ele><time>2022-05-22T22:25:22Z</time><extensions><gpxtpx:TrackPointExtension><gpxtpx:hr>156</gpxtpx:hr><gpxtpx:cad>88</gpxtpx:cad></gpxtpx:TrackPointExtension></extensions></trkpt><trkpt lat="35.95678996" lon="120.2094117"><ele>-33.33000183105469</ele><time>2022-05-22T22:25:23Z</time><extensions><gpxtpx:TrackPointExtension><gpxtpx:hr>157</gpxtpx:hr><gpxtpx:cad>88</gpxtpx:cad></gpxtpx:TrackPointExtension></extensions></trkpt><trkpt lat="35.95679529" lon="120.20944003"><ele>-33.34000015258789</ele><time>2022-05-22T22:25:24Z</time><extensions><gpxtpx:TrackPointExtension><gpxtpx:hr>157</gpxtpx:hr><gpxtpx:cad>88</gpxtpx:cad></gpxtpx:TrackPointExtension></extensions></trkpt><trkpt lat="35.95680095" lon="120.20946902"><ele>-33.36000061035156</ele><time>2022-05-22T22:25:25Z</time><extensions><gpxtpx:TrackPointExtension><gpxtpx:hr>157</gpxtpx:hr><gpxtpx:cad>88</gpxtpx:cad></gpxtpx:TrackPointExtension></extensions></trkpt><trkpt lat="35.95680595" lon="120.20949801"><ele>-33.36000061035156</ele><time>2022-05-22T22:25:26Z</time><extensions><gpxtpx:TrackPointExtension><gpxtpx:hr>157</gpxtpx:hr></gpxtpx:TrackPointExtension></extensions></trkpt><trkpt lat="35.95681061" lon="120.20952501"><ele>-33.380001068115234</ele><time>2022-05-22T22:25:27Z</time><extensions><gpxtpx:TrackPointExtension><gpxtpx:hr>157</gpxtpx:hr><gpxtpx:cad>89</gpxtpx:cad></gpxtpx:TrackPointExtension></extensions></trkpt><trkpt lat="35.9568166" lon="120.20955167"><ele>-33.380001068115234</ele><time>2022-05-22T22:25:28Z</time><extensions><gpxtpx:TrackPointExtension><gpxtpx:hr>157</gpxtpx:hr><gpxtpx:cad>88</gpxtpx:cad></gpxtpx:TrackPointExtension></extensions></trkpt><trkpt lat="35.95682359" lon="120.209579"><ele>-33.36000061035156</ele><time>2022-05-22T22:25:29Z</time><extensions><gpxtpx:TrackPointExtension><gpxtpx:hr>157</gpxtpx:hr><gpxtpx:cad>88</gpxtpx:cad></gpxtpx:TrackPointExtension></extensions></trkpt><trkpt lat="35.95682892" lon="120.20960499"><ele>-33.34000015258789</ele><time>2022-05-22T22:25:30Z</time><extensions><gpxtpx:TrackPointExtension><gpxtpx:hr>157</gpxtpx:hr></gpxtpx:TrackPointExtension></extensions></trkpt><trkpt lat="35.95683292" lon="120.20962898"><ele>-33.33000183105469</ele><time>2022-05-22T22:25:31Z</time><extensions><gpxtpx:TrackPointExtension><gpxtpx:hr>156</gpxtpx:hr><gpxtpx:cad>88</gpxtpx:cad></gpxtpx:TrackPointExtension></extensions></trkpt><trkpt lat="35.95683591" lon="120.20965031"><ele>-33.33000183105469</ele><time>2022-05-22T22:25:32Z</time><extensions><gpxtpx:TrackPointExtension><gpxtpx:hr>156</gpxtpx:hr><gpxtpx:cad>88</gpxtpx:cad></gpxtpx:TrackPointExtension></extensions></trkpt><trkpt lat="35.95683824" lon="120.20966864"><ele>-33.290000915527344</ele><time>2022-05-22T22:25:33Z</time><extensions><gpxtpx:TrackPointExtension><gpxtpx:hr>158</gpxtpx:hr><gpxtpx:cad>88</gpxtpx:cad></gpxtpx:TrackPointExtension></extensions></trkpt><trkpt lat="35.95683957" lon="120.2096863"><ele>-33.290000915527344</ele><time>2022-05-22T22:25:34Z</time><extensions><gpxtpx:TrackPointExtension><gpxtpx:hr>158</gpxtpx:hr><gpxtpx:cad>88</gpxtpx:cad></gpxtpx:TrackPointExtension></extensions></trkpt><trkpt lat="35.95684123" lon="120.20970229"><ele>-33.290000915527344</ele><time>2022-05-22T22:25:35Z</time><extensions><gpxtpx:TrackPointExtension><gpxtpx:hr>158</gpxtpx:hr><gpxtpx:cad>88</gpxtpx:cad></gpxtpx:TrackPointExtension></extensions></trkpt><trkpt lat="35.95684222" lon="120.20971795"><ele>-33.310001373291016</ele><time>2022-05-22T22:25:36Z</time><extensions><gpxtpx:TrackPointExtension><gpxtpx:hr>158</gpxtpx:hr><gpxtpx:cad>88</gpxtpx:cad></gpxtpx:TrackPointExtension></extensions></trkpt><trkpt lat="35.95684288" lon="120.20973328"><ele>-33.310001373291016</ele><time>2022-05-22T22:25:37Z</time><extensions><gpxtpx:TrackPointExtension><gpxtpx:hr>158</gpxtpx:hr><gpxtpx:cad>88</gpxtpx:cad></gpxtpx:TrackPointExtension></extensions></trkpt><trkpt lat="35.95684321" lon="120.20974828"><ele>-33.310001373291016</ele><time>2022-05-22T22:25:38Z</time><extensions><gpxtpx:TrackPointExtension><gpxtpx:hr>158</gpxtpx:hr><gpxtpx:cad>88</gpxtpx:cad></gpxtpx:TrackPointExtension></extensions></trkpt><trkpt lat="35.95684288" lon="120.20976294"><ele>-33.310001373291016</ele><time>2022-05-22T22:25:39Z</time><extensions><gpxtpx:TrackPointExtension><gpxtpx:hr>158</gpxtpx:hr><gpxtpx:cad>88</gpxtpx:cad></gpxtpx:TrackPointExtension></extensions></trkpt><trkpt lat="35.95684189" lon="120.20977627"><ele>-33.33000183105469</ele><time>2022-05-22T22:25:40Z</time><extensions><gpxtpx:TrackPointExtension><gpxtpx:hr>158</gpxtpx:hr><gpxtpx:cad>88</gpxtpx:cad></gpxtpx:TrackPointExtension></extensions></trkpt><trkpt lat="35.95684056" lon="120.20978793"><ele>-33.36000061035156</ele><time>2022-05-22T22:25:41Z</time><extensions><gpxtpx:TrackPointExtension><gpxtpx:hr>158</gpxtpx:hr><gpxtpx:cad>88</gpxtpx:cad></gpxtpx:TrackPointExtension></extensions></trkpt><trkpt lat="35.9568389" lon="120.20979893"><ele>-33.380001068115234</ele><time>2022-05-22T22:25:42Z</time><extensions><gpxtpx:TrackPointExtension><gpxtpx:hr>158</gpxtpx:hr><gpxtpx:cad>88</gpxtpx:cad></gpxtpx:TrackPointExtension></extensions></trkpt><trkpt lat="35.9568369" lon="120.20981059"><ele>-33.45000076293945</ele><time>2022-05-22T22:25:43Z</time><extensions><gpxtpx:TrackPointExtension><gpxtpx:hr>158</gpxtpx:hr><gpxtpx:cad>88</gpxtpx:cad></gpxtpx:TrackPointExtension></extensions></trkpt><trkpt lat="35.9568349" lon="120.20982425"><ele>-33.5</ele><time>2022-05-22T22:25:44Z</time><extensions><gpxtpx:TrackPointExtension><gpxtpx:hr>157</gpxtpx:hr><gpxtpx:cad>88</gpxtpx:cad></gpxtpx:TrackPointExtension></extensions></trkpt><trkpt lat="35.95683357" lon="120.20983858"><ele>-33.560001373291016</ele><time>2022-05-22T22:25:45Z</time><extensions><gpxtpx:TrackPointExtension><gpxtpx:hr>156</gpxtpx:hr><gpxtpx:cad>88</gpxtpx:cad></gpxtpx:TrackPointExtension></extensions></trkpt></trkseg></trk></gpx>