<?xml version="1.0" encoding="UTF-8" standalone="no"?><gpx xmlns="http://www.topografix.com/GPX/1/1" xmlns:gpxtpx="http://www.garmin.com/xmlschemas/TrackPointExtension/v1" xmlns:gpxx="http://www.garmin.com/xmlschemas/GpxExtensions/v3" xmlns:ns1="http://www.cluetrust.com/XML/GPXDATA/1/0" xmlns:xsi="http://www.w3.org/2001/XMLSchema-instance" creator="Amazfit GTS 3" version="1.3" xsi:schemaLocation="http://www.topografix.com/GPX/1/1 http://www.topografix.com/GPX/1/1/gpx.xsd http://www.garmin.com/xmlschemas/GpxExtensions/v3 http://www.garmin.com/xmlschemas/GpxExtensionsv3.xsd http://www.garmin.com/xmlschemas/TrackPointExtension/v1 http://www.garmin.com/xmlschemas/TrackPointExtensionv1.xsd"><metadata><name>Huami Amazfit Sports Watch</name><time>2022-06-03T12:52:51Z</time></metadata><trk><name>Sport</name><number>2889</number><type>run</type><trkseg><trkpt lat="35.95717833" lon="120.20986833"><ele>-15.180000305175781</ele><time>2022-06-03T12:52:55Z</time><extensions><gpxtpx:TrackPointExtension><gpxtpx:hr>97</gpxtpx:hr></gpxtpx:TrackPointExtension></extensions></trkpt><trkpt lat="35.95717899" lon="120.20986833"><ele>-15.180000305175781</ele><time>2022-06-03T12:52:56Z</time><extensions><gpxtpx:TrackPointExtension><gpxtpx:hr>97</gpxtpx:hr></gpxtpx:TrackPointExtension></extensions></trkpt><trkpt lat="35.95717633" lon="120.20987299"><ele>-15.390000343322754</ele><time>2022-06-03T12:52:57Z</time><extensions><gpxtpx:TrackPointExtension><gpxtpx:hr>97</gpxtpx:hr></gpxtpx:TrackPointExtension></extensions></trkpt><trkpt lat="35.95717167" lon="120.20988032"><ele>-15.470000267028809</ele><time>2022-06-03T12:52:58Z</time><extensions><gpxtpx:TrackPointExtension><gpxtpx:hr>97</gpxtpx:hr></gpxtpx:TrackPointExtension></extensions></trkpt><trkpt lat="35.95716934" lon="120.20988498"><ele>-15.529999732971191</ele><time>2022-06-03T12:52:59Z</time><extensions><gpxtpx:TrackPointExtension><gpxtpx:hr>97</gpxtpx:hr></gpxtpx:TrackPointExtension></extensions></trkpt><trkpt lat="35.95716635" lon="120.20988798"><ele>-15.59000015258789</ele><time>2022-06-03T12:53:00Z</time><extensions><gpxtpx:TrackPointExtension><gpxtpx:hr>98</gpxtpx:hr></gpxtpx:TrackPointExtension></extensions></trkpt><trkpt lat="35.95716469" lon="120.20988632"><ele>-15.600000381469727</ele><time>2022-06-03T12:53:01Z</time><extensions><gpxtpx:TrackPointExtension><gpxtpx:hr>98</gpxtpx:hr></gpxtpx:TrackPointExtension></extensions></trkpt><trkpt lat="35.95716535" lon="120.20988466"><ele>-15.630000114440918</ele><time>2022-06-03T12:53:02Z</time><extensions><gpxtpx:TrackPointExtension><gpxtpx:hr>99</gpxtpx:hr></gpxtpx:TrackPointExtension></extensions></trkpt><trkpt lat="35.95716801" lon="120.20988433"><ele>-15.609999656677246</ele><time>2022-06-03T12:53:03Z</time><extensions><gpxtpx:TrackPointExtension><gpxtpx:hr>99</gpxtpx:hr></gpxtpx:TrackPointExtension></extensions></trkpt><trkpt lat="35.95717167" lon="120.209884"><ele>-15.600000381469727</ele><time>2022-06-03T12:53:04Z</time><extensions><gpxtpx:TrackPointExtension><gpxtpx:hr>99</gpxtpx:hr></gpxtpx:TrackPointExtension></extensions></trkpt><trkpt lat="35.95717833" lon="120.209884"><ele>-15.600000381469727</ele><time>2022-06-03T12:53:05Z</time><extensions><gpxtpx:TrackPointExtension><gpxtpx:hr>98</gpxtpx:hr></gpxtpx:TrackPointExtension></extensions></trkpt><trkpt lat="35.95718699" lon="120.20988334"><ele>-15.600000381469727</ele><time>2022-06-03T12:53:06Z</time><extensions><gpxtpx:TrackPointExtension><gpxtpx:hr>97</gpxtpx:hr></gpxtpx:TrackPointExtension></extensions></trkpt><trkpt lat="35.95719565" lon="120.20988134"><ele>-15.569999694824219</ele><time>2022-06-03T12:53:07Z</time><extensions><gpxtpx:TrackPointExtension><gpxtpx:hr>97</gpxtpx:hr><gpxtpx:cad>49</gpxtpx:cad></gpxtpx:TrackPointExtension></extensions></trkpt><trkpt lat="35.95720398" lon="120.20987768"><ele>-15.550000190734863</ele><time>2022-06-03T12:53:08Z</time><extensions><gpxtpx:TrackPointExtension><gpxtpx:hr>96</gpxtpx:hr><gpxtpx:cad>49</gpxtpx:cad></gpxtpx:TrackPointExtension></extensions></trkpt><trkpt lat="35.95721298" lon="120.20987335"><ele>-15.520000457763672</ele><time>2022-06-03T12:53:09Z</time><extensions><gpxtpx:TrackPointExtension><gpxtpx:hr>95</gpxtpx:hr><gpxtpx:cad>49</gpxtpx:cad></gpxtpx:TrackPointExtension></extensions></trkpt><trkpt lat="35.95722197" lon="120.20986902"><ele>-15.510000228881836</ele><time>2022-06-03T12:53:10Z</time><extensions><gpxtpx:TrackPointExtension><gpxtpx:hr>95</gpxtpx:hr><gpxtpx:cad>49</gpxtpx:cad></gpxtpx:TrackPointExtension></extensions></trkpt><trkpt lat="35.9572293" lon="120.20986336"><ele>-15.5</ele><time>2022-06-03T12:53:11Z</time><extensions><gpxtpx:TrackPointExtension><gpxtpx:hr>95</gpxtpx:hr><gpxtpx:cad>49</gpxtpx:cad></gpxtpx:TrackPointExtension></extensions></trkpt><trkpt lat="35.95723696" lon="120.2098577"><ele>-15.5</ele><time>2022-06-03T12:53:12Z</time><extensions><gpxtpx:TrackPointExtension><gpxtpx:hr>95</gpxtpx:hr><gpxtpx:cad>49</gpxtpx:cad></gpxtpx:TrackPointExtension></extensions></trkpt><trkpt lat="35.95724429" lon="120.2098537"><ele>-15.430000305175781</ele><time>2022-06-03T12:53:13Z</time><extensions><gpxtpx:TrackPointExtension><gpxtpx:hr>95</gpxtpx:hr><gpxtpx:cad>49</gpxtpx:cad></gpxtpx:TrackPointExtension></extensions></trkpt><trkpt lat="35.95725095" lon="120.20984971"><ele>-15.399999618530273</ele><time>2022-06-03T12:53:14Z</time><extensions><gpxtpx:TrackPointExtension><gpxtpx:hr>95</gpxtpx:hr><gpxtpx:cad>49</gpxtpx:cad></gpxtpx:TrackPointExtension></extensions></trkpt><trkpt lat="35.95725595" lon="120.20984538"><ele>-15.380000114440918</ele><time>2022-06-03T12:53:15Z</time><extensions><gpxtpx:TrackPointExtension><gpxtpx:hr>95</gpxtpx:hr><gpxtpx:cad>49</gpxtpx:cad></gpxtpx:TrackPointExtension></extensions></trkpt><trkpt lat="35.95726095" lon="120.20983972"><ele>-15.350000381469727</ele><time>2022-06-03T12:53:16Z</time><extensions><gpxtpx:TrackPointExtension><gpxtpx:hr>96</gpxtpx:hr><gpxtpx:cad>49</gpxtpx:cad></gpxtpx:TrackPointExtension></extensions></trkpt><trkpt lat="35.95726594" lon="120.20983373"><ele>-15.34000015258789</ele><time>2022-06-03T12:53:17Z</time><extensions><gpxtpx:TrackPointExtension><gpxtpx:hr>97</gpxtpx:hr><gpxtpx:cad>49</gpxtpx:cad></gpxtpx:TrackPointExtension></extensions></trkpt><trkpt lat="35.95727227" lon="120.2098274"><ele>-15.319999694824219</ele><time>2022-06-03T12:53:18Z</time><extensions><gpxtpx:TrackPointExtension><gpxtpx:hr>97</gpxtpx:hr><gpxtpx:cad>49</gpxtpx:cad></gpxtpx:TrackPointExtension></extensions></trkpt><trkpt lat="35.9572816" lon="120.20982007"><ele>-15.300000190734863</ele><time>2022-06-03T12:53:19Z</time><extensions><gpxtpx:TrackPointExtension><gpxtpx:hr>97</gpxtpx:hr><gpxtpx:cad>49</gpxtpx:cad></gpxtpx:TrackPointExtension></extensions></trkpt><trkpt lat="35.95729359" lon="120.20981174"><ele>-15.229999542236328</ele><time>2022-06-03T12:53:20Z</time><extensions><gpxtpx:TrackPointExtension><gpxtpx:hr>97</gpxtpx:hr><gpxtpx:cad>49</gpxtpx:cad></gpxtpx:TrackPointExtension></extensions></trkpt><trkpt lat="35.95730692" lon="120.20980408"><ele>-15.220000267028809</ele><time>2022-06-03T12:53:21Z</time><extensions><gpxtpx:TrackPointExtension><gpxtpx:hr>97</gpxtpx:hr><gpxtpx:cad>49</gpxtpx:cad></gpxtpx:TrackPointExtension></extensions></trkpt><trkpt lat="35.95732325" lon="120.20979608"><ele>-15.220000267028809</ele><time>2022-06-03T12:53:22Z</time><extensions><gpxtpx:TrackPointExtension><gpxtpx:hr>98</gpxtpx:hr><gpxtpx:cad>49</gpxtpx:cad></gpxtpx:TrackPointExtension></extensions></trkpt><trkpt lat="35.95734024" lon="120.20978742"><ele>-15.170000076293945</ele><time>2022-06-03T12:53:23Z</time><extensions><gpxtpx:TrackPointExtension><gpxtpx:hr>97</gpxtpx:hr><gpxtpx:cad>49</gpxtpx:cad></gpxtpx:TrackPointExtension></extensions></trkpt><trkpt lat="35.95735857" lon="120.20977909"><ele>-15.100000381469727</ele><time>2022-06-03T12:53:24Z</time><extensions><gpxtpx:TrackPointExtension><gpxtpx:hr>97</gpxtpx:hr><gpxtpx:cad>49</gpxtpx:cad></gpxtpx:TrackPointExtension></extensions></trkpt><trkpt lat="35.9573769" lon="120.20977176"><ele>-15.050000190734863</ele><time>2022-06-03T12:53:25Z</time><extensions><gpxtpx:TrackPointExtension><gpxtpx:hr>97</gpxtpx:hr><gpxtpx:cad>49</gpxtpx:cad></gpxtpx:TrackPointExtension></extensions></trkpt><trkpt lat="35.95739423" lon="120.20976443"><ele>-14.930000305175781</ele><time>2022-06-03T12:53:26Z</time><extensions><gpxtpx:TrackPointExtension><gpxtpx:hr>97</gpxtpx:hr><gpxtpx:cad>49</gpxtpx:cad></gpxtpx:TrackPointExtension></extensions></trkpt><trkpt lat="35.95741122" lon="120.20975943"><ele>-14.819999694824219</ele><time>2022-06-03T12:53:27Z</time><extensions><gpxtpx:TrackPointExtension><gpxtpx:hr>96</gpxtpx:hr><gpxtpx:cad>49</gpxtpx:cad></gpxtpx:TrackPointExtension></extensions></trkpt><trkpt lat="35.95742888" lon="120.2097571"><ele>-14.720000267028809</ele><time>2022-06-03T12:53:28Z</time><extensions><gpxtpx:TrackPointExtension><gpxtpx:hr>95</gpxtpx:hr><gpxtpx:cad>49</gpxtpx:cad></gpxtpx:TrackPointExtension></extensions></trkpt><trkpt lat="35.95744721" lon="120.20975411"><ele>-14.59000015258789</ele><time>2022-06-03T12:53:29Z</time><extensions><gpxtpx:TrackPointExtension><gpxtpx:hr>95</gpxtpx:hr><gpxtpx:cad>49</gpxtpx:cad></gpxtpx:TrackPointExtension></extensions></trkpt><trkpt lat="35.95746487" lon="120.20975045"><ele>-14.470000267028809</ele><time>2022-06-03T12:53:30Z</time><extensions><gpxtpx:TrackPointExtension><gpxtpx:hr>96</gpxtpx:hr><gpxtpx:cad>49</gpxtpx:cad></gpxtpx:TrackPointExtension></extensions></trkpt><trkpt lat="35.95748287" lon="120.20974479"><ele>-14.359999656677246</ele><time>2022-06-03T12:53:31Z</time><extensions><gpxtpx:TrackPointExtension><gpxtpx:hr>97</gpxtpx:hr><gpxtpx:cad>49</gpxtpx:cad></gpxtpx:TrackPointExtension></extensions></trkpt><trkpt lat="35.95750153" lon="120.20973979"><ele>-14.279999732971191</ele><time>2022-06-03T12:53:32Z</time><extensions><gpxtpx:TrackPointExtension><gpxtpx:hr>100</gpxtpx:hr><gpxtpx:cad>89</gpxtpx:cad></gpxtpx:TrackPointExtension></extensions></trkpt><trkpt lat="35.95751819" lon="120.20973513"><ele>-14.210000038146973</ele><time>2022-06-03T12:53:33Z</time><extensions><gpxtpx:TrackPointExtension><gpxtpx:hr>106</gpxtpx:hr><gpxtpx:cad>89</gpxtpx:cad></gpxtpx:TrackPointExtension></extensions></trkpt><trkpt lat="35.95753518" lon="120.20972947"><ele>-14.140000343322754</ele><time>2022-06-03T12:53:34Z</time><extensions><gpxtpx:TrackPointExtension><gpxtpx:hr>113</gpxtpx:hr><gpxtpx:cad>89</gpxtpx:cad></gpxtpx:TrackPointExtension></extensions></trkpt><trkpt lat="35.95755151" lon="120.20972381"><ele>-14.0600004196167</ele><time>2022-06-03T12:53:35Z</time><extensions><gpxtpx:TrackPointExtension><gpxtpx:hr>115</gpxtpx:hr><gpxtpx:cad>89</gpxtpx:cad></gpxtpx:TrackPointExtension></extensions></trkpt><trkpt lat="35.95756884" lon="120.20971815"><ele>-14.0600004196167</ele><time>2022-06-03T12:53:36Z</time><extensions><gpxtpx:TrackPointExtension><gpxtpx:hr>118</gpxtpx:hr><gpxtpx:cad>89</gpxtpx:cad></gpxtpx:TrackPointExtension></extensions></trkpt><trkpt lat="35.95758717" lon="120.20971216"><ele>-13.890000343322754</ele><time>2022-06-03T12:53:37Z</time><extensions><gpxtpx:TrackPointExtension><gpxtpx:hr>122</gpxtpx:hr><gpxtpx:cad>89</gpxtpx:cad></gpxtpx:TrackPointExtension></extensions></trkpt><trkpt lat="35.95761116" lon="120.20970216"><ele>-13.84000015258789</ele><time>2022-06-03T12:53:38Z</time><extensions><gpxtpx:TrackPointExtension><gpxtpx:hr>122</gpxtpx:hr><gpxtpx:cad>89</gpxtpx:cad></gpxtpx:TrackPointExtension></extensions></trkpt><trkpt lat="35.95763482" lon="120.20969317"><ele>-13.8100004196167</ele><time>2022-06-03T12:53:39Z</time><extensions><gpxtpx:TrackPointExtension><gpxtpx:hr>122</gpxtpx:hr><gpxtpx:cad>88</gpxtpx:cad></gpxtpx:TrackPointExtension></extensions></trkpt><trkpt lat="35.95765548" lon="120.20968684"><ele>-13.779999732971191</ele><time>2022-06-03T12:53:40Z</time><extensions><gpxtpx:TrackPointExtension><gpxtpx:hr>122</gpxtpx:hr><gpxtpx:cad>88</gpxtpx:cad></gpxtpx:TrackPointExtension></extensions></trkpt><trkpt lat="35.95767414" lon="120.20968118"><ele>-13.770000457763672</ele><time>2022-06-03T12:53:41Z</time><extensions><gpxtpx:TrackPointExtension><gpxtpx:hr>122</gpxtpx:hr><gpxtpx:cad>88</gpxtpx:cad></gpxtpx:TrackPointExtension></extensions></trkpt><trkpt lat="35.9576928" lon="120.20967718"><ele>-13.779999732971191</ele><time>2022-06-03T12:53:42Z</time><extensions><gpxtpx:TrackPointExtension><gpxtpx:hr>123</gpxtpx:hr><gpxtpx:cad>88</gpxtpx:cad></gpxtpx:TrackPointExtension></extensions></trkpt><trkpt lat="35.95771146" lon="120.20967585"><ele>-13.770000457763672</ele><time>2022-06-03T12:53:43Z</time><extensions><gpxtpx:TrackPointExtension><gpxtpx:cad>88</gpxtpx:cad></gpxtpx:TrackPointExtension></extensions></trkpt><trkpt lat="35.95773012" lon="120.20968051"><ele>-13.800000190734863</ele><time>2022-06-03T12:53:44Z</time><extensions><gpxtpx:TrackPointExtension><gpxtpx:hr>123</gpxtpx:hr><gpxtpx:cad>88</gpxtpx:cad></gpxtpx:TrackPointExtension></extensions></trkpt><trkpt lat="35.95774845" lon="120.2096905"><ele>-13.75</ele><time>2022-06-03T12:53:45Z</time><extensions><gpxtpx:TrackPointExtension><gpxtpx:hr>123</gpxtpx:hr><gpxtpx:cad>86</gpxtpx:cad></gpxtpx:TrackPointExtension></extensions></trkpt><trkpt lat="35.95776511" lon="120.20970616"><ele>-13.760000228881836</ele><time>2022-06-03T12:53:46Z</time><extensions><gpxtpx:TrackPointExtension><gpxtpx:hr>124</gpxtpx:hr><gpxtpx:cad>86</gpxtpx:cad></gpxtpx:TrackPointExtension></extensions></trkpt><trkpt lat="35.95777911" lon="120.20972649"><ele>-13.720000267028809</ele><time>2022-06-03T12:53:47Z</time><extensions><gpxtpx:TrackPointExtension><gpxtpx:hr>126</gpxtpx:hr><gpxtpx:cad>85</gpxtpx:cad></gpxtpx:TrackPointExtension></extensions></trkpt><trkpt lat="35.95779177" lon="120.20974849"><ele>-13.6899995803833</ele><time>2022-06-03T12:53:48Z</time><extensions><gpxtpx:TrackPointExtension><gpxtpx:hr>126</gpxtpx:hr><gpxtpx:cad>86</gpxtpx:cad></gpxtpx:TrackPointExtension></extensions></trkpt><trkpt lat="35.95780277" lon="120.20977082"><ele>-13.6899995803833</ele><time>2022-06-03T12:53:49Z</time><extensions><gpxtpx:TrackPointExtension><gpxtpx:hr>126</gpxtpx:hr><gpxtpx:cad>87</gpxtpx:cad></gpxtpx:TrackPointExtension></extensions></trkpt><trkpt lat="35.9578121" lon="120.20979415"><ele>-13.600000381469727</ele><time>2022-06-03T12:53:50Z</time><extensions><gpxtpx:TrackPointExtension><gpxtpx:hr>126</gpxtpx:hr><gpxtpx:cad>88</gpxtpx:cad></gpxtpx:TrackPointExtension></extensions></trkpt><trkpt lat="35.95781943" lon="120.20981781"><ele>-13.600000381469727</ele><time>2022-06-03T12:53:51Z</time><extensions><gpxtpx:TrackPointExtension><gpxtpx:hr>126</gpxtpx:hr><gpxtpx:cad>88</gpxtpx:cad></gpxtpx:TrackPointExtension></extensions></trkpt><trkpt lat="35.95782609" lon="120.20984147"><ele>-13.600000381469727</ele><time>2022-06-03T12:53:52Z</time><extensions><gpxtpx:TrackPointExtension><gpxtpx:hr>126</gpxtpx:hr><gpxtpx:cad>87</gpxtpx:cad></gpxtpx:TrackPointExtension></extensions></trkpt><trkpt lat="35.95783475" lon="120.20986446"><ele>-13.600000381469727</ele><time>2022-06-03T12:53:53Z</time><extensions><gpxtpx:TrackPointExtension><gpxtpx:cad>87</gpxtpx:cad></gpxtpx:TrackPointExtension></extensions></trkpt><trkpt lat="35.95784341" lon="120.20988712"><ele>-13.600000381469727</ele><time>2022-06-03T12:53:54Z</time><extensions><gpxtpx:TrackPointExtension><gpxtpx:hr>127</gpxtpx:hr><gpxtpx:cad>87</gpxtpx:cad></gpxtpx:TrackPointExtension></extensions></trkpt><trkpt lat="35.95785141" lon="120.20991245"><ele>-13.720000267028809</ele><time>2022-06-03T12:53:55Z</time><extensions><gpxtpx:TrackPointExtension><gpxtpx:hr>127</gpxtpx:hr><gpxtpx:cad>87</gpxtpx:cad></gpxtpx:TrackPointExtension></extensions></trkpt><trkpt lat="35.95785907" lon="120.20993911"><ele>-13.760000228881836</ele><time>2022-06-03T12:53:56Z</time><extensions><gpxtpx:TrackPointExtension><gpxtpx:hr>127</gpxtpx:hr><gpxtpx:cad>86</gpxtpx:cad></gpxtpx:TrackPointExtension></extensions></trkpt><trkpt lat="35.95786573" lon="120.20996444"><ele>-13.760000228881836</ele><time>2022-06-03T12:53:57Z</time><extensions><gpxtpx:TrackPointExtension><gpxtpx:hr>127</gpxtpx:hr><gpxtpx:cad>86</gpxtpx:cad></gpxtpx:TrackPointExtension></extensions></trkpt><trkpt lat="35.95787406" lon="120.2099891"><ele>-13.819999694824219</ele><time>2022-06-03T12:53:58Z</time><extensions><gpxtpx:TrackPointExtension><gpxtpx:hr>127</gpxtpx:hr><gpxtpx:cad>87</gpxtpx:cad></gpxtpx:TrackPointExtension></extensions></trkpt><trkpt lat="35.95788239" lon="120.21001443"><ele>-13.84000015258789</ele><time>2022-06-03T12:53:59Z</time><extensions><gpxtpx:TrackPointExtension><gpxtpx:hr>127</gpxtpx:hr><gpxtpx:cad>87</gpxtpx:cad></gpxtpx:TrackPointExtension></extensions></trkpt><trkpt lat="35.95789072" lon="120.21003909"><ele>-13.84000015258789</ele><time>2022-06-03T12:54:00Z</time><extensions><gpxtpx:TrackPointExtension><gpxtpx:hr>127</gpxtpx:hr><gpxtpx:cad>86</gpxtpx:cad></gpxtpx:TrackPointExtension></extensions></trkpt><trkpt lat="35.95789972" lon="120.21006309"><ele>-13.84000015258789</ele><time>2022-06-03T12:54:01Z</time><extensions><gpxtpx:TrackPointExtension><gpxtpx:hr>128</gpxtpx:hr><gpxtpx:cad>87</gpxtpx:cad></gpxtpx:TrackPointExtension></extensions></trkpt><trkpt lat="35.95790772" lon="120.21008542"><ele>-13.84000015258789</ele><time>2022-06-03T12:54:02Z</time><extensions><gpxtpx:TrackPointExtension><gpxtpx:hr>127</gpxtpx:hr><gpxtpx:cad>87</gpxtpx:cad></gpxtpx:TrackPointExtension></extensions></trkpt><trkpt lat="35.95791538" lon="120.21010708"><ele>-13.880000114440918</ele><time>2022-06-03T12:54:03Z</time><extensions><gpxtpx:TrackPointExtension><gpxtpx:hr>128</gpxtpx:hr><gpxtpx:cad>87</gpxtpx:cad></gpxtpx:TrackPointExtension></extensions></trkpt><trkpt lat="35.95792104" lon="120.21013141"><ele>-13.920000076293945</ele><time>2022-06-03T12:54:04Z</time><extensions><gpxtpx:TrackPointExtension><gpxtpx:hr>129</gpxtpx:hr><gpxtpx:cad>87</gpxtpx:cad></gpxtpx:TrackPointExtension></extensions></trkpt><trkpt lat="35.95792703" lon="120.21015774"><ele>-13.930000305175781</ele><time>2022-06-03T12:54:05Z</time><extensions><gpxtpx:TrackPointExtension><gpxtpx:hr>131</gpxtpx:hr><gpxtpx:cad>86</gpxtpx:cad></gpxtpx:TrackPointExtension></extensions></trkpt><trkpt lat="35.95793403" lon="120.21018474"><ele>-13.930000305175781</ele><time>2022-06-03T12:54:06Z</time><extensions><gpxtpx:TrackPointExtension><gpxtpx:hr>132</gpxtpx:hr><gpxtpx:cad>86</gpxtpx:cad></gpxtpx:TrackPointExtension></extensions></trkpt><trkpt lat="35.95793969" lon="120.21021107"><ele>-14.050000190734863</ele><time>2022-06-03T12:54:07Z</time><extensions><gpxtpx:TrackPointExtension><gpxtpx:hr>133</gpxtpx:hr><gpxtpx:cad>86</gpxtpx:cad></gpxtpx:TrackPointExtension></extensions></trkpt><trkpt lat="35.95794769" lon="120.2102354"><ele>-14.069999694824219</ele><time>2022-06-03T12:54:08Z</time><extensions><gpxtpx:TrackPointExtension><gpxtpx:hr>134</gpxtpx:hr><gpxtpx:cad>86</gpxtpx:cad></gpxtpx:TrackPointExtension></extensions></trkpt><trkpt lat="35.95795535" lon="120.2102604"><ele>-14.09000015258789</ele><time>2022-06-03T12:54:09Z</time><extensions><gpxtpx:TrackPointExtension><gpxtpx:hr>134</gpxtpx:hr><gpxtpx:cad>87</gpxtpx:cad></gpxtpx:TrackPointExtension></extensions></trkpt><trkpt lat="35.95796268" lon="120.21028406"><ele>-14.100000381469727</ele><time>2022-06-03T12:54:10Z</time><extensions><gpxtpx:TrackPointExtension><gpxtpx:hr>135</gpxtpx:hr><gpxtpx:cad>87</gpxtpx:cad></gpxtpx:TrackPointExtension></extensions></trkpt><trkpt lat="35.95796934" lon="120.21030839"><ele>-14.109999656677246</ele><time>2022-06-03T12:54:11Z</time><extensions><gpxtpx:TrackPointExtension><gpxtpx:hr>135</gpxtpx:hr><gpxtpx:cad>87</gpxtpx:cad></gpxtpx:TrackPointExtension></extensions></trkpt><trkpt lat="35.957975" lon="120.21033305"><ele>-14.130000114440918</ele><time>2022-06-03T12:54:12Z</time><extensions><gpxtpx:TrackPointExtension><gpxtpx:hr>135</gpxtpx:hr><gpxtpx:cad>87</gpxtpx:cad></gpxtpx:TrackPointExtension></extensions></trkpt><trkpt lat="35.95797633" lon="120.21035971"><ele>-14.180000305175781</ele><time>2022-06-03T12:54:13Z</time><extensions><gpxtpx:TrackPointExtension><gpxtpx:hr>135</gpxtpx:hr><gpxtpx:cad>87</gpxtpx:cad></gpxtpx:TrackPointExtension></extensions></trkpt><trkpt lat="35.95797633" lon="120.21038604"><ele>-14.229999542236328</ele><time>2022-06-03T12:54:14Z</time><extensions><gpxtpx:TrackPointExtension><gpxtpx:hr>136</gpxtpx:hr><gpxtpx:cad>87</gpxtpx:cad></gpxtpx:TrackPointExtension></extensions></trkpt><trkpt lat="35.95797234" lon="120.21041304"><ele>-14.319999694824219</ele><time>2022-06-03T12:54:15Z</time><extensions><gpxtpx:TrackPointExtension><gpxtpx:hr>137</gpxtpx:hr><gpxtpx:cad>87</gpxtpx:cad></gpxtpx:TrackPointExtension></extensions></trkpt><trkpt lat="35.95796868" lon="120.21043703"><ele>-14.350000381469727</ele><time>2022-06-03T12:54:16Z</time><extensions><gpxtpx:TrackPointExtension><gpxtpx:hr>138</gpxtpx:hr><gpxtpx:cad>87</gpxtpx:cad></gpxtpx:TrackPointExtension></extensions></trkpt><trkpt lat="35.95796569" lon="120.21045936"><ele>-14.390000343322754</ele><time>2022-06-03T12:54:17Z</time><extensions><gpxtpx:TrackPointExtension><gpxtpx:hr>139</gpxtpx:hr><gpxtpx:cad>87</gpxtpx:cad></gpxtpx:TrackPointExtension></extensions></trkpt><trkpt lat="35.95796369" lon="120.21047969"><ele>-14.430000305175781</ele><time>2022-06-03T12:54:18Z</time><extensions><gpxtpx:TrackPointExtension><gpxtpx:hr>139</gpxtpx:hr><gpxtpx:cad>87</gpxtpx:cad></gpxtpx:TrackPointExtension></extensions></trkpt><trkpt lat="35.95796236" lon="120.21050002"><ele>-14.4399995803833</ele><time>2022-06-03T12:54:19Z</time><extensions><gpxtpx:TrackPointExtension><gpxtpx:hr>140</gpxtpx:hr><gpxtpx:cad>86</gpxtpx:cad></gpxtpx:TrackPointExtension></extensions></trkpt><trkpt lat="35.9579577" lon="120.21052068"><ele>-14.470000267028809</ele><time>2022-06-03T12:54:20Z</time><extensions><gpxtpx:TrackPointExtension><gpxtpx:hr>142</gpxtpx:hr><gpxtpx:cad>85</gpxtpx:cad></gpxtpx:TrackPointExtension></extensions></trkpt><trkpt lat="35.95795337" lon="120.21054234"><ele>-14.5</ele><time>2022-06-03T12:54:21Z</time><extensions><gpxtpx:TrackPointExtension><gpxtpx:hr>146</gpxtpx:hr><gpxtpx:cad>85</gpxtpx:cad></gpxtpx:TrackPointExtension></extensions></trkpt><trkpt lat="35.95794837" lon="120.21056334"><ele>-14.529999732971191</ele><time>2022-06-03T12:54:22Z</time><extensions><gpxtpx:TrackPointExtension><gpxtpx:hr>149</gpxtpx:hr><gpxtpx:cad>85</gpxtpx:cad></gpxtpx:TrackPointExtension></extensions></trkpt><trkpt lat="35.95794204" lon="120.210585"><ele>-14.5600004196167</ele><time>2022-06-03T12:54:23Z</time><extensions><gpxtpx:TrackPointExtension><gpxtpx:hr>150</gpxtpx:hr><gpxtpx:cad>84</gpxtpx:cad></gpxtpx:TrackPointExtension></extensions></trkpt><trkpt lat="35.95793305" lon="120.21060799"><ele>-14.649999618530273</ele><time>2022-06-03T12:54:24Z</time><extensions><gpxtpx:TrackPointExtension><gpxtpx:hr>150</gpxtpx:hr><gpxtpx:cad>83</gpxtpx:cad></gpxtpx:TrackPointExtension></extensions></trkpt><trkpt lat="35.95792205" lon="120.21062932"><ele>-14.75</ele><time>2022-06-03T12:54:25Z</time><extensions><gpxtpx:TrackPointExtension><gpxtpx:hr>151</gpxtpx:hr><gpxtpx:cad>83</gpxtpx:cad></gpxtpx:TrackPointExtension></extensions></trkpt><trkpt lat="35.95790872" lon="120.21064698"><ele>-14.819999694824219</ele><time>2022-06-03T12:54:26Z</time><extensions><gpxtpx:TrackPointExtension><gpxtpx:hr>152</gpxtpx:hr><gpxtpx:cad>82</gpxtpx:cad></gpxtpx:TrackPointExtension></extensions></trkpt><trkpt lat="35.95789472" lon="120.21066298"><ele>-14.890000343322754</ele><time>2022-06-03T12:54:27Z</time><extensions><gpxtpx:TrackPointExtension><gpxtpx:hr>152</gpxtpx:hr></gpxtpx:TrackPointExtension></extensions></trkpt><trkpt lat="35.95788039" lon="120.21067997"><ele>-14.979999542236328</ele><time>2022-06-03T12:54:28Z</time><extensions><gpxtpx:TrackPointExtension><gpxtpx:hr>152</gpxtpx:hr><gpxtpx:cad>83</gpxtpx:cad></gpxtpx:TrackPointExtension></extensions></trkpt><trkpt lat="35.95786606" lon="120.21069597"><ele>-15.149999618530273</ele><time>2022-06-03T12:54:29Z</time><extensions><gpxtpx:TrackPointExtension><gpxtpx:hr>152</gpxtpx:hr><gpxtpx:cad>85</gpxtpx:cad></gpxtpx:TrackPointExtension></extensions></trkpt><trkpt lat="35.9578484" lon="120.21070796"><ele>-15.319999694824219</ele><time>2022-06-03T12:54:30Z</time><extensions><gpxtpx:TrackPointExtension><gpxtpx:hr>152</gpxtpx:hr><gpxtpx:cad>86</gpxtpx:cad></gpxtpx:TrackPointExtension></extensions></trkpt><trkpt lat="35.95782907" lon="120.21071896"><ele>-15.470000267028809</ele><time>2022-06-03T12:54:31Z</time><extensions><gpxtpx:TrackPointExtension><gpxtpx:hr>152</gpxtpx:hr><gpxtpx:cad>87</gpxtpx:cad></gpxtpx:TrackPointExtension></extensions></trkpt><trkpt lat="35.95780841" lon="120.21073062"><ele>-15.600000381469727</ele><time>2022-06-03T12:54:32Z</time><extensions><gpxtpx:TrackPointExtension><gpxtpx:hr>152</gpxtpx:hr></gpxtpx:TrackPointExtension></extensions></trkpt><trkpt lat="35.95778875" lon="120.21074195"><ele>-15.720000267028809</ele><time>2022-06-03T12:54:33Z</time><extensions><gpxtpx:TrackPointExtension><gpxtpx:hr>153</gpxtpx:hr><gpxtpx:cad>88</gpxtpx:cad></gpxtpx:TrackPointExtension></extensions></trkpt><trkpt lat="35.95777109" lon="120.21075228"><ele>-15.850000381469727</ele><time>2022-06-03T12:54:34Z</time><extensions><gpxtpx:TrackPointExtension><gpxtpx:hr>154</gpxtpx:hr><gpxtpx:cad>89</gpxtpx:cad></gpxtpx:TrackPointExtension></extensions></trkpt><trkpt lat="35.95775343" lon="120.21075961"><ele>-15.970000267028809</ele><time>2022-06-03T12:54:35Z</time><extensions><gpxtpx:TrackPointExtension><gpxtpx:hr>154</gpxtpx:hr><gpxtpx:cad>88</gpxtpx:cad></gpxtpx:TrackPointExtension></extensions></trkpt><trkpt lat="35.95773644" lon="120.21076627"><ele>-16.139999389648438</ele><time>2022-06-03T12:54:36Z</time><extensions><gpxtpx:TrackPointExtension><gpxtpx:hr>154</gpxtpx:hr><gpxtpx:cad>89</gpxtpx:cad></gpxtpx:TrackPointExtension></extensions></trkpt><trkpt lat="35.95771945" lon="120.2107716"><ele>-16.299999237060547</ele><time>2022-06-03T12:54:37Z</time><extensions><gpxtpx:TrackPointExtension><gpxtpx:hr>154</gpxtpx:hr><gpxtpx:cad>88</gpxtpx:cad></gpxtpx:TrackPointExtension></extensions></trkpt><trkpt lat="35.95770212" lon="120.21077693"><ele>-16.450000762939453</ele><time>2022-06-03T12:54:38Z</time><extensions><gpxtpx:TrackPointExtension><gpxtpx:hr>154</gpxtpx:hr><gpxtpx:cad>87</gpxtpx:cad></gpxtpx:TrackPointExtension></extensions></trkpt><trkpt lat="35.95768413" lon="120.21078359"><ele>-16.56999969482422</ele><time>2022-06-03T12:54:39Z</time><extensions><gpxtpx:TrackPointExtension><gpxtpx:hr>154</gpxtpx:hr><gpxtpx:cad>87</gpxtpx:cad></gpxtpx:TrackPointExtension></extensions></trkpt><trkpt lat="35.9576668" lon="120.21078859"><ele>-16.700000762939453</ele><time>2022-06-03T12:54:40Z</time><extensions><gpxtpx:TrackPointExtension><gpxtpx:hr>154</gpxtpx:hr><gpxtpx:cad>87</gpxtpx:cad></gpxtpx:TrackPointExtension></extensions></trkpt><trkpt lat="35.95764981" lon="120.21079225"><ele>-16.780000686645508</ele><time>2022-06-03T12:54:41Z</time><extensions><gpxtpx:TrackPointExtension><gpxtpx:hr>154</gpxtpx:hr><gpxtpx:cad>88</gpxtpx:cad></gpxtpx:TrackPointExtension></extensions></trkpt><trkpt lat="35.95763348" lon="120.21079358"><ele>-16.860000610351562</ele><time>2022-06-03T12:54:42Z</time><extensions><gpxtpx:TrackPointExtension><gpxtpx:hr>154</gpxtpx:hr><gpxtpx:cad>87</gpxtpx:cad></gpxtpx:TrackPointExtension></extensions></trkpt><trkpt lat="35.95761748" lon="120.21079458"><ele>-16.920000076293945</ele><time>2022-06-03T12:54:43Z</time><extensions><gpxtpx:TrackPointExtension><gpxtpx:hr>156</gpxtpx:hr><gpxtpx:cad>87</gpxtpx:cad></gpxtpx:TrackPointExtension></extensions></trkpt><trkpt lat="35.95760115" lon="120.21079557"><ele>-16.93000030517578</ele><time>2022-06-03T12:54:44Z</time><extensions><gpxtpx:TrackPointExtension><gpxtpx:hr>158</gpxtpx:hr><gpxtpx:cad>87</gpxtpx:cad></gpxtpx:TrackPointExtension></extensions></trkpt><trkpt lat="35.95758482" lon="120.21079756"><ele>-16.940000534057617</ele><time>2022-06-03T12:54:45Z</time><extensions><gpxtpx:TrackPointExtension><gpxtpx:hr>158</gpxtpx:hr><gpxtpx:cad>87</gpxtpx:cad></gpxtpx:TrackPointExtension></extensions></trkpt><trkpt lat="35.95756716" lon="120.21079822"><ele>-16.950000762939453</ele><time>2022-06-03T12:54:46Z</time><extensions><gpxtpx:TrackPointExtension><gpxtpx:hr>158</gpxtpx:hr><gpxtpx:cad>87</gpxtpx:cad></gpxtpx:TrackPointExtension></extensions></trkpt><trkpt lat="35.9575495" lon="120.21079988"><ele>-16.959999084472656</ele><time>2022-06-03T12:54:47Z</time><extensions><gpxtpx:TrackPointExtension><gpxtpx:hr>159</gpxtpx:hr><gpxtpx:cad>86</gpxtpx:cad></gpxtpx:TrackPointExtension></extensions></trkpt><trkpt lat="35.95753017" lon="120.21080287"><ele>-16.940000534057617</ele><time>2022-06-03T12:54:48Z</time><extensions><gpxtpx:TrackPointExtension><gpxtpx:hr>161</gpxtpx:hr><gpxtpx:cad>87</gpxtpx:cad></gpxtpx:TrackPointExtension></extensions></trkpt><trkpt lat="35.95751084" lon="120.21080853"><ele>-16.93000030517578</ele><time>2022-06-03T12:54:49Z</time><extensions><gpxtpx:TrackPointExtension><gpxtpx:hr>162</gpxtpx:hr><gpxtpx:cad>86</gpxtpx:cad></gpxtpx:TrackPointExtension></extensions></trkpt><trkpt lat="35.95749251" lon="120.21081353"><ele>-16.920000076293945</ele><time>2022-06-03T12:54:50Z</time><extensions><gpxtpx:TrackPointExtension><gpxtpx:hr>163</gpxtpx:hr><gpxtpx:cad>87</gpxtpx:cad></gpxtpx:TrackPointExtension></extensions></trkpt><trkpt lat="35.95747285" lon="120.21081853"><ele>-17.040000915527344</ele><time>2022-06-03T12:54:51Z</time><extensions><gpxtpx:TrackPointExtension><gpxtpx:hr>163</gpxtpx:hr><gpxtpx:cad>86</gpxtpx:cad></gpxtpx:TrackPointExtension></extensions></trkpt><trkpt lat="35.95745319" lon="120.21082086"><ele>-17.040000915527344</ele><time>2022-06-03T12:54:52Z</time><extensions><gpxtpx:TrackPointExtension><gpxtpx:hr>163</gpxtpx:hr><gpxtpx:cad>86</gpxtpx:cad></gpxtpx:TrackPointExtension></extensions></trkpt><trkpt lat="35.95743286" lon="120.21082552"><ele>-17.049999237060547</ele><time>2022-06-03T12:54:53Z</time><extensions><gpxtpx:TrackPointExtension><gpxtpx:hr>164</gpxtpx:hr><gpxtpx:cad>86</gpxtpx:cad></gpxtpx:TrackPointExtension></extensions></trkpt><trkpt lat="35.9574132" lon="120.21083118"><ele>-17.059999465942383</ele><time>2022-06-03T12:54:54Z</time><extensions><gpxtpx:TrackPointExtension><gpxtpx:hr>163</gpxtpx:hr><gpxtpx:cad>85</gpxtpx:cad></gpxtpx:TrackPointExtension></extensions></trkpt><trkpt lat="35.95739687" lon="120.21083551"><ele>-17.059999465942383</ele><time>2022-06-03T12:54:55Z</time><extensions><gpxtpx:TrackPointExtension><gpxtpx:hr>163</gpxtpx:hr><gpxtpx:cad>84</gpxtpx:cad></gpxtpx:TrackPointExtension></extensions></trkpt><trkpt lat="35.95738188" lon="120.21084084"><ele>-17.06999969482422</ele><time>2022-06-03T12:54:56Z</time><extensions><gpxtpx:TrackPointExtension><gpxtpx:hr>163</gpxtpx:hr><gpxtpx:cad>82</gpxtpx:cad></gpxtpx:TrackPointExtension></extensions></trkpt><trkpt lat="35.95736489" lon="120.21084783"><ele>-17.040000915527344</ele><time>2022-06-03T12:54:57Z</time><extensions><gpxtpx:TrackPointExtension><gpxtpx:hr>164</gpxtpx:hr><gpxtpx:cad>82</gpxtpx:cad></gpxtpx:TrackPointExtension></extensions></trkpt><trkpt lat="35.95734723" lon="120.21085516"><ele>-17.09000015258789</ele><time>2022-06-03T12:54:58Z</time><extensions><gpxtpx:TrackPointExtension><gpxtpx:hr>163</gpxtpx:hr><gpxtpx:cad>82</gpxtpx:cad></gpxtpx:TrackPointExtension></extensions></trkpt><trkpt lat="35.9573289" lon="120.21086216"><ele>-17.110000610351562</ele><time>2022-06-03T12:54:59Z</time><extensions><gpxtpx:TrackPointExtension><gpxtpx:hr>162</gpxtpx:hr><gpxtpx:cad>84</gpxtpx:cad></gpxtpx:TrackPointExtension></extensions></trkpt><trkpt lat="35.95731157" lon="120.21086782"><ele>-17.1299991607666</ele><time>2022-06-03T12:55:00Z</time><extensions><gpxtpx:TrackPointExtension><gpxtpx:hr>162</gpxtpx:hr><gpxtpx:cad>86</gpxtpx:cad></gpxtpx:TrackPointExtension></extensions></trkpt><trkpt lat="35.95729458" lon="120.21087148"><ele>-17.149999618530273</ele><time>2022-06-03T12:55:01Z</time><extensions><gpxtpx:TrackPointExtension><gpxtpx:hr>162</gpxtpx:hr><gpxtpx:cad>86</gpxtpx:cad></gpxtpx:TrackPointExtension></extensions></trkpt><trkpt lat="35.95727925" lon="120.21087648"><ele>-17.149999618530273</ele><time>2022-06-03T12:55:02Z</time><extensions><gpxtpx:TrackPointExtension><gpxtpx:hr>162</gpxtpx:hr><gpxtpx:cad>86</gpxtpx:cad></gpxtpx:TrackPointExtension></extensions></trkpt><trkpt lat="35.95726459" lon="120.21088114"><ele>-17.520000457763672</ele><time>2022-06-03T12:55:03Z</time><extensions><gpxtpx:TrackPointExtension><gpxtpx:hr>162</gpxtpx:hr><gpxtpx:cad>86</gpxtpx:cad></gpxtpx:TrackPointExtension></extensions></trkpt><trkpt lat="35.95724893" lon="120.2108858"><ele>-17.649999618530273</ele><time>2022-06-03T12:55:04Z</time><extensions><gpxtpx:TrackPointExtension><gpxtpx:hr>162</gpxtpx:hr><gpxtpx:cad>87</gpxtpx:cad></gpxtpx:TrackPointExtension></extensions></trkpt><trkpt lat="35.9572326" lon="120.21089013"><ele>-17.790000915527344</ele><time>2022-06-03T12:55:05Z</time><extensions><gpxtpx:TrackPointExtension><gpxtpx:hr>161</gpxtpx:hr><gpxtpx:cad>87</gpxtpx:cad></gpxtpx:TrackPointExtension></extensions></trkpt><trkpt lat="35.9572136" lon="120.21089446"><ele>-17.8799991607666</ele><time>2022-06-03T12:55:06Z</time><extensions><gpxtpx:TrackPointExtension><gpxtpx:hr>161</gpxtpx:hr><gpxtpx:cad>87</gpxtpx:cad></gpxtpx:TrackPointExtension></extensions></trkpt><trkpt lat="35.9571956" lon="120.21090045"><ele>-17.8799991607666</ele><time>2022-06-03T12:55:07Z</time><extensions><gpxtpx:TrackPointExtension><gpxtpx:hr>161</gpxtpx:hr><gpxtpx:cad>87</gpxtpx:cad></gpxtpx:TrackPointExtension></extensions></trkpt><trkpt lat="35.95717727" lon="120.21090745"><ele>-17.969999313354492</ele><time>2022-06-03T12:55:08Z</time><extensions><gpxtpx:TrackPointExtension><gpxtpx:hr>160</gpxtpx:hr><gpxtpx:cad>86</gpxtpx:cad></gpxtpx:TrackPointExtension></extensions></trkpt><trkpt lat="35.95716161" lon="120.21091245"><ele>-18.010000228881836</ele><time>2022-06-03T12:55:09Z</time><extensions><gpxtpx:TrackPointExtension><gpxtpx:hr>160</gpxtpx:hr><gpxtpx:cad>86</gpxtpx:cad></gpxtpx:TrackPointExtension></extensions></trkpt><trkpt lat="35.95714662" lon="120.21091744"><ele>-18.040000915527344</ele><time>2022-06-03T12:55:10Z</time><extensions><gpxtpx:TrackPointExtension><gpxtpx:hr>161</gpxtpx:hr><gpxtpx:cad>86</gpxtpx:cad></gpxtpx:TrackPointExtension></extensions></trkpt><trkpt lat="35.95713229" lon="120.21092244"><ele>-18.139999389648438</ele><time>2022-06-03T12:55:11Z</time><extensions><gpxtpx:TrackPointExtension><gpxtpx:hr>161</gpxtpx:hr><gpxtpx:cad>86</gpxtpx:cad></gpxtpx:TrackPointExtension></extensions></trkpt><trkpt lat="35.95711596" lon="120.21092977"><ele>-18.229999542236328</ele><time>2022-06-03T12:55:12Z</time><extensions><gpxtpx:TrackPointExtension><gpxtpx:hr>161</gpxtpx:hr><gpxtpx:cad>87</gpxtpx:cad></gpxtpx:TrackPointExtension></extensions></trkpt><trkpt lat="35.95709996" lon="120.2109361"><ele>-18.299999237060547</ele><time>2022-06-03T12:55:13Z</time><extensions><gpxtpx:TrackPointExtension><gpxtpx:hr>161</gpxtpx:hr><gpxtpx:cad>87</gpxtpx:cad></gpxtpx:TrackPointExtension></extensions></trkpt><trkpt lat="35.95708297" lon="120.21094276"><ele>-18.3799991607666</ele><time>2022-06-03T12:55:14Z</time><extensions><gpxtpx:TrackPointExtension><gpxtpx:hr>161</gpxtpx:hr><gpxtpx:cad>86</gpxtpx:cad></gpxtpx:TrackPointExtension></extensions></trkpt><trkpt lat="35.95706531" lon="120.21094942"><ele>-18.440000534057617</ele><time>2022-06-03T12:55:15Z</time><extensions><gpxtpx:TrackPointExtension><gpxtpx:hr>161</gpxtpx:hr><gpxtpx:cad>86</gpxtpx:cad></gpxtpx:TrackPointExtension></extensions></trkpt><trkpt lat="35.95704698" lon="120.21095541"><ele>-18.469999313354492</ele><time>2022-06-03T12:55:16Z</time><extensions><gpxtpx:TrackPointExtension><gpxtpx:hr>161</gpxtpx:hr><gpxtpx:cad>86</gpxtpx:cad></gpxtpx:TrackPointExtension></extensions></trkpt><trkpt lat="35.95702832" lon="120.21096374"><ele>-18.520000457763672</ele><time>2022-06-03T12:55:17Z</time><extensions><gpxtpx:TrackPointExtension><gpxtpx:hr>161</gpxtpx:hr><gpxtpx:cad>86</gpxtpx:cad></gpxtpx:TrackPointExtension></extensions></trkpt><trkpt lat="35.95700899" lon="120.2109724"><ele>-18.530000686645508</ele><time>2022-06-03T12:55:18Z</time><extensions><gpxtpx:TrackPointExtension><gpxtpx:hr>161</gpxtpx:hr><gpxtpx:cad>86</gpxtpx:cad></gpxtpx:TrackPointExtension></extensions></trkpt><trkpt lat="35.95699066" lon="120.21098006"><ele>-18.540000915527344</ele><time>2022-06-03T12:55:19Z</time><extensions><gpxtpx:TrackPointExtension><gpxtpx:hr>161</gpxtpx:hr><gpxtpx:cad>86</gpxtpx:cad></gpxtpx:TrackPointExtension></extensions></trkpt><trkpt lat="35.956972" lon="120.21098772"><ele>-18.540000915527344</ele><time>2022-06-03T12:55:20Z</time><extensions><gpxtpx:TrackPointExtension><gpxtpx:hr>161</gpxtpx:hr><gpxtpx:cad>86</gpxtpx:cad></gpxtpx:TrackPointExtension></extensions></trkpt><trkpt lat="35.95695267" lon="120.21099538"><ele>-18.610000610351562</ele><time>2022-06-03T12:55:21Z</time><extensions><gpxtpx:TrackPointExtension><gpxtpx:hr>161</gpxtpx:hr><gpxtpx:cad>86</gpxtpx:cad></gpxtpx:TrackPointExtension></extensions></trkpt><trkpt lat="35.95693134" lon="120.21100204"><ele>-18.690000534057617</ele><time>2022-06-03T12:55:22Z</time><extensions><gpxtpx:TrackPointExtension><gpxtpx:hr>161</gpxtpx:hr><gpxtpx:cad>86</gpxtpx:cad></gpxtpx:TrackPointExtension></extensions></trkpt><trkpt lat="35.95691068" lon="120.2110067"><ele>-18.729999542236328</ele><time>2022-06-03T12:55:23Z</time><extensions><gpxtpx:TrackPointExtension><gpxtpx:hr>161</gpxtpx:hr><gpxtpx:cad>86</gpxtpx:cad></gpxtpx:TrackPointExtension></extensions></trkpt><trkpt lat="35.95688902" lon="120.21101103"><ele>-18.770000457763672</ele><time>2022-06-03T12:55:24Z</time><extensions><gpxtpx:TrackPointExtension><gpxtpx:hr>161</gpxtpx:hr><gpxtpx:cad>86</gpxtpx:cad></gpxtpx:TrackPointExtension></extensions></trkpt><trkpt lat="35.95686669" lon="120.21101436"><ele>-18.790000915527344</ele><time>2022-06-03T12:55:25Z</time><extensions><gpxtpx:TrackPointExtension><gpxtpx:hr>161</gpxtpx:hr><gpxtpx:cad>86</gpxtpx:cad></gpxtpx:TrackPointExtension></extensions></trkpt><trkpt lat="35.95684636" lon="120.21101635"><ele>-18.790000915527344</ele><time>2022-06-03T12:55:26Z</time><extensions><gpxtpx:TrackPointExtension><gpxtpx:hr>161</gpxtpx:hr><gpxtpx:cad>86</gpxtpx:cad></gpxtpx:TrackPointExtension></extensions></trkpt><trkpt lat="35.9568257" lon="120.21101768"><ele>-18.790000915527344</ele><time>2022-06-03T12:55:27Z</time><extensions><gpxtpx:TrackPointExtension><gpxtpx:hr>161</gpxtpx:hr><gpxtpx:cad>86</gpxtpx:cad></gpxtpx:TrackPointExtension></extensions></trkpt><trkpt lat="35.95680404" lon="120.21101735"><ele>-18.790000915527344</ele><time>2022-06-03T12:55:28Z</time><extensions><gpxtpx:TrackPointExtension><gpxtpx:hr>161</gpxtpx:hr><gpxtpx:cad>87</gpxtpx:cad></gpxtpx:TrackPointExtension></extensions></trkpt><trkpt lat="35.95678371" lon="120.21101569"><ele>-18.780000686645508</ele><time>2022-06-03T12:55:29Z</time><extensions><gpxtpx:TrackPointExtension><gpxtpx:hr>162</gpxtpx:hr><gpxtpx:cad>87</gpxtpx:cad></gpxtpx:TrackPointExtension></extensions></trkpt><trkpt lat="35.95676272" lon="120.2110137"><ele>-18.850000381469727</ele><time>2022-06-03T12:55:30Z</time><extensions><gpxtpx:TrackPointExtension><gpxtpx:hr>162</gpxtpx:hr><gpxtpx:cad>86</gpxtpx:cad></gpxtpx:TrackPointExtension></extensions></trkpt><trkpt lat="35.95674206" lon="120.2110117"><ele>-18.920000076293945</ele><time>2022-06-03T12:55:31Z</time><extensions><gpxtpx:TrackPointExtension><gpxtpx:hr>162</gpxtpx:hr><gpxtpx:cad>87</gpxtpx:cad></gpxtpx:TrackPointExtension></extensions></trkpt><trkpt lat="35.95672173" lon="120.21101004"><ele>-18.969999313354492</ele><time>2022-06-03T12:55:32Z</time><extensions><gpxtpx:TrackPointExtension><gpxtpx:hr>162</gpxtpx:hr><gpxtpx:cad>87</gpxtpx:cad></gpxtpx:TrackPointExtension></extensions></trkpt><trkpt lat="35.95670074" lon="120.21100938"><ele>-19.030000686645508</ele><time>2022-06-03T12:55:33Z</time><extensions><gpxtpx:TrackPointExtension><gpxtpx:hr>162</gpxtpx:hr><gpxtpx:cad>87</gpxtpx:cad></gpxtpx:TrackPointExtension></extensions></trkpt><trkpt lat="35.95668074" lon="120.21100705"><ele>-19.059999465942383</ele><time>2022-06-03T12:55:34Z</time><extensions><gpxtpx:TrackPointExtension><gpxtpx:hr>164</gpxtpx:hr><gpxtpx:cad>87</gpxtpx:cad></gpxtpx:TrackPointExtension></extensions></trkpt><trkpt lat="35.95666075" lon="120.21100506"><ele>-19.100000381469727</ele><time>2022-06-03T12:55:35Z</time><extensions><gpxtpx:TrackPointExtension><gpxtpx:hr>165</gpxtpx:hr><gpxtpx:cad>87</gpxtpx:cad></gpxtpx:TrackPointExtension></extensions></trkpt><trkpt lat="35.95664109" lon="120.21100407"><ele>-19.100000381469727</ele><time>2022-06-03T12:55:36Z</time><extensions><gpxtpx:TrackPointExtension><gpxtpx:hr>166</gpxtpx:hr><gpxtpx:cad>87</gpxtpx:cad></gpxtpx:TrackPointExtension></extensions></trkpt><trkpt lat="35.95662443" lon="120.21100241"><ele>-19.100000381469727</ele><time>2022-06-03T12:55:37Z</time><extensions><gpxtpx:TrackPointExtension><gpxtpx:hr>166</gpxtpx:hr><gpxtpx:cad>87</gpxtpx:cad></gpxtpx:TrackPointExtension></extensions></trkpt><trkpt lat="35.9566081" lon="120.21100041"><ele>-19.100000381469727</ele><time>2022-06-03T12:55:38Z</time><extensions><gpxtpx:TrackPointExtension><gpxtpx:hr>166</gpxtpx:hr><gpxtpx:cad>88</gpxtpx:cad></gpxtpx:TrackPointExtension></extensions></trkpt><trkpt lat="35.95659277" lon="120.21099808"><ele>-19.100000381469727</ele><time>2022-06-03T12:55:39Z</time><extensions><gpxtpx:TrackPointExtension><gpxtpx:hr>166</gpxtpx:hr><gpxtpx:cad>88</gpxtpx:cad></gpxtpx:TrackPointExtension></extensions></trkpt><trkpt lat="35.95657877" lon="120.21099508"><ele>-19.139999389648438</ele><time>2022-06-03T12:55:40Z</time><extensions><gpxtpx:TrackPointExtension><gpxtpx:hr>167</gpxtpx:hr><gpxtpx:cad>88</gpxtpx:cad></gpxtpx:TrackPointExtension></extensions></trkpt><trkpt lat="35.95656544" lon="120.21099342"><ele>-19.229999542236328</ele><time>2022-06-03T12:55:41Z</time><extensions><gpxtpx:TrackPointExtension><gpxtpx:hr>168</gpxtpx:hr><gpxtpx:cad>87</gpxtpx:cad></gpxtpx:TrackPointExtension></extensions></trkpt><trkpt lat="35.95655445" lon="120.21099176"><ele>-19.31999969482422</ele><time>2022-06-03T12:55:42Z</time><extensions><gpxtpx:TrackPointExtension><gpxtpx:hr>170</gpxtpx:hr><gpxtpx:cad>87</gpxtpx:cad></gpxtpx:TrackPointExtension></extensions></trkpt><trkpt lat="35.95654312" lon="120.21099043"><ele>-19.420000076293945</ele><time>2022-06-03T12:55:43Z</time><extensions><gpxtpx:TrackPointExtension><gpxtpx:hr>172</gpxtpx:hr><gpxtpx:cad>87</gpxtpx:cad></gpxtpx:TrackPointExtension></extensions></trkpt><trkpt lat="35.95653112" lon="120.21098844"><ele>-19.479999542236328</ele><time>2022-06-03T12:55:44Z</time><extensions><gpxtpx:TrackPointExtension><gpxtpx:hr>172</gpxtpx:hr><gpxtpx:cad>87</gpxtpx:cad></gpxtpx:TrackPointExtension></extensions></trkpt><trkpt lat="35.95651546" lon="120.21098778"><ele>-19.479999542236328</ele><time>2022-06-03T12:55:45Z</time><extensions><gpxtpx:TrackPointExtension><gpxtpx:hr>172</gpxtpx:hr><gpxtpx:cad>87</gpxtpx:cad></gpxtpx:TrackPointExtension></extensions></trkpt><trkpt lat="35.95649946" lon="120.21098877"><ele>-19.670000076293945</ele><time>2022-06-03T12:55:46Z</time><extensions><gpxtpx:TrackPointExtension><gpxtpx:hr>172</gpxtpx:hr><gpxtpx:cad>87</gpxtpx:cad></gpxtpx:TrackPointExtension></extensions></trkpt><trkpt lat="35.95648147" lon="120.21099143"><ele>-19.709999084472656</ele><time>2022-06-03T12:55:47Z</time><extensions><gpxtpx:TrackPointExtension><gpxtpx:hr>172</gpxtpx:hr><gpxtpx:cad>86</gpxtpx:cad></gpxtpx:TrackPointExtension></extensions></trkpt><trkpt lat="35.95646181" lon="120.21099442"><ele>-19.760000228881836</ele><time>2022-06-03T12:55:48Z</time><extensions><gpxtpx:TrackPointExtension><gpxtpx:hr>172</gpxtpx:hr><gpxtpx:cad>86</gpxtpx:cad></gpxtpx:TrackPointExtension></extensions></trkpt><trkpt lat="35.95644215" lon="120.21099742"><ele>-19.790000915527344</ele><time>2022-06-03T12:55:49Z</time><extensions><gpxtpx:TrackPointExtension><gpxtpx:hr>172</gpxtpx:hr><gpxtpx:cad>87</gpxtpx:cad></gpxtpx:TrackPointExtension></extensions></trkpt><trkpt lat="35.95642149" lon="120.21099908"><ele>-19.84000015258789</ele><time>2022-06-03T12:55:50Z</time><extensions><gpxtpx:TrackPointExtension><gpxtpx:hr>173</gpxtpx:hr><gpxtpx:cad>87</gpxtpx:cad></gpxtpx:TrackPointExtension></extensions></trkpt><trkpt lat="35.9564015" lon="120.21100041"><ele>-19.889999389648438</ele><time>2022-06-03T12:55:51Z</time><extensions><gpxtpx:TrackPointExtension><gpxtpx:hr>173</gpxtpx:hr><gpxtpx:cad>86</gpxtpx:cad></gpxtpx:TrackPointExtension></extensions></trkpt><trkpt lat="35.95638217" lon="120.21100107"><ele>-20.020000457763672</ele><time>2022-06-03T12:55:52Z</time><extensions><gpxtpx:TrackPointExtension><gpxtpx:hr>173</gpxtpx:hr><gpxtpx:cad>86</gpxtpx:cad></gpxtpx:TrackPointExtension></extensions></trkpt><trkpt lat="35.95636351" lon="120.2110044"><ele>-20.149999618530273</ele><time>2022-06-03T12:55:53Z</time><extensions><gpxtpx:TrackPointExtension><gpxtpx:hr>172</gpxtpx:hr><gpxtpx:cad>86</gpxtpx:cad></gpxtpx:TrackPointExtension></extensions></trkpt><trkpt lat="35.95634418" lon="120.2110084"><ele>-20.290000915527344</ele><time>2022-06-03T12:55:54Z</time><extensions><gpxtpx:TrackPointExtension><gpxtpx:hr>172</gpxtpx:hr><gpxtpx:cad>86</gpxtpx:cad></gpxtpx:TrackPointExtension></extensions></trkpt><trkpt lat="35.95632419" lon="120.21101206"><ele>-20.3799991607666</ele><time>2022-06-03T12:55:55Z</time><extensions><gpxtpx:TrackPointExtension><gpxtpx:hr>172</gpxtpx:hr><gpxtpx:cad>86</gpxtpx:cad></gpxtpx:TrackPointExtension></extensions></trkpt><trkpt lat="35.95630319" lon="120.21101506"><ele>-20.450000762939453</ele><time>2022-06-03T12:55:56Z</time><extensions><gpxtpx:TrackPointExtension><gpxtpx:hr>172</gpxtpx:hr><gpxtpx:cad>86</gpxtpx:cad></gpxtpx:TrackPointExtension></extensions></trkpt><trkpt lat="35.95628353" lon="120.21101672"><ele>-20.540000915527344</ele><time>2022-06-03T12:55:57Z</time><extensions><gpxtpx:TrackPointExtension><gpxtpx:hr>171</gpxtpx:hr><gpxtpx:cad>86</gpxtpx:cad></gpxtpx:TrackPointExtension></extensions></trkpt><trkpt lat="35.9562642" lon="120.21102005"><ele>-20.610000610351562</ele><time>2022-06-03T12:55:58Z</time><extensions><gpxtpx:TrackPointExtension><gpxtpx:hr>171</gpxtpx:hr><gpxtpx:cad>86</gpxtpx:cad></gpxtpx:TrackPointExtension></extensions></trkpt><trkpt lat="35.95624654" lon="120.21102238"><ele>-20.670000076293945</ele><time>2022-06-03T12:55:59Z</time><extensions><gpxtpx:TrackPointExtension><gpxtpx:hr>172</gpxtpx:hr><gpxtpx:cad>85</gpxtpx:cad></gpxtpx:TrackPointExtension></extensions></trkpt><trkpt lat="35.95622955" lon="120.21102738"><ele>-20.770000457763672</ele><time>2022-06-03T12:56:00Z</time><extensions><gpxtpx:TrackPointExtension><gpxtpx:hr>172</gpxtpx:hr><gpxtpx:cad>86</gpxtpx:cad></gpxtpx:TrackPointExtension></extensions></trkpt><trkpt lat="35.95621222" lon="120.21103704"><ele>-20.899999618530273</ele><time>2022-06-03T12:56:01Z</time><extensions><gpxtpx:TrackPointExtension><gpxtpx:hr>173</gpxtpx:hr><gpxtpx:cad>86</gpxtpx:cad></gpxtpx:TrackPointExtension></extensions></trkpt><trkpt lat="35.95619489" lon="120.21104937"><ele>-20.959999084472656</ele><time>2022-06-03T12:56:02Z</time><extensions><gpxtpx:TrackPointExtension><gpxtpx:hr>173</gpxtpx:hr><gpxtpx:cad>86</gpxtpx:cad></gpxtpx:TrackPointExtension></extensions></trkpt><trkpt lat="35.95617923" lon="120.21106236"><ele>-21.020000457763672</ele><time>2022-06-03T12:56:03Z</time><extensions><gpxtpx:TrackPointExtension><gpxtpx:hr>173</gpxtpx:hr><gpxtpx:cad>86</gpxtpx:cad></gpxtpx:TrackPointExtension></extensions></trkpt><trkpt lat="35.95616323" lon="120.21107435"><ele>-21.059999465942383</ele><time>2022-06-03T12:56:04Z</time><extensions><gpxtpx:TrackPointExtension><gpxtpx:hr>173</gpxtpx:hr><gpxtpx:cad>87</gpxtpx:cad></gpxtpx:TrackPointExtension></extensions></trkpt><trkpt lat="35.95614624" lon="120.21108435"><ele>-21.06999969482422</ele><time>2022-06-03T12:56:05Z</time><extensions><gpxtpx:TrackPointExtension><gpxtpx:hr>173</gpxtpx:hr><gpxtpx:cad>87</gpxtpx:cad></gpxtpx:TrackPointExtension></extensions></trkpt><trkpt lat="35.95612791" lon="120.21109301"><ele>-21.06999969482422</ele><time>2022-06-03T12:56:06Z</time><extensions><gpxtpx:TrackPointExtension><gpxtpx:hr>173</gpxtpx:hr><gpxtpx:cad>87</gpxtpx:cad></gpxtpx:TrackPointExtension></extensions></trkpt><trkpt lat="35.95610725" lon="120.21110067"><ele>-21.110000610351562</ele><time>2022-06-03T12:56:07Z</time><extensions><gpxtpx:TrackPointExtension><gpxtpx:hr>172</gpxtpx:hr><gpxtpx:cad>87</gpxtpx:cad></gpxtpx:TrackPointExtension></extensions></trkpt><trkpt lat="35.95608759" lon="120.21110633"><ele>-21.190000534057617</ele><time>2022-06-03T12:56:08Z</time><extensions><gpxtpx:TrackPointExtension><gpxtpx:hr>172</gpxtpx:hr><gpxtpx:cad>87</gpxtpx:cad></gpxtpx:TrackPointExtension></extensions></trkpt><trkpt lat="35.95606659" lon="120.21110899"><ele>-21.260000228881836</ele><time>2022-06-03T12:56:09Z</time><extensions><gpxtpx:TrackPointExtension><gpxtpx:hr>172</gpxtpx:hr><gpxtpx:cad>87</gpxtpx:cad></gpxtpx:TrackPointExtension></extensions></trkpt><trkpt lat="35.95604459" lon="120.21111065"><ele>-21.43000030517578</ele><time>2022-06-03T12:56:10Z</time><extensions><gpxtpx:TrackPointExtension><gpxtpx:hr>170</gpxtpx:hr><gpxtpx:cad>87</gpxtpx:cad></gpxtpx:TrackPointExtension></extensions></trkpt><trkpt lat="35.95602293" lon="120.21111398"><ele>-21.479999542236328</ele><time>2022-06-03T12:56:11Z</time><extensions><gpxtpx:TrackPointExtension><gpxtpx:hr>169</gpxtpx:hr><gpxtpx:cad>87</gpxtpx:cad></gpxtpx:TrackPointExtension></extensions></trkpt><trkpt lat="35.95600294" lon="120.21111798"><ele>-21.610000610351562</ele><time>2022-06-03T12:56:12Z</time><extensions><gpxtpx:TrackPointExtension><gpxtpx:hr>169</gpxtpx:hr><gpxtpx:cad>88</gpxtpx:cad></gpxtpx:TrackPointExtension></extensions></trkpt><trkpt lat="35.95598061" lon="120.21112231"><ele>-21.649999618530273</ele><time>2022-06-03T12:56:13Z</time><extensions><gpxtpx:TrackPointExtension><gpxtpx:hr>169</gpxtpx:hr><gpxtpx:cad>88</gpxtpx:cad></gpxtpx:TrackPointExtension></extensions></trkpt><trkpt lat="35.95596061" lon="120.21112631"><ele>-21.700000762939453</ele><time>2022-06-03T12:56:14Z</time><extensions><gpxtpx:TrackPointExtension><gpxtpx:hr>169</gpxtpx:hr><gpxtpx:cad>88</gpxtpx:cad></gpxtpx:TrackPointExtension></extensions></trkpt><trkpt lat="35.95594295" lon="120.2111273"><ele>-21.75</ele><time>2022-06-03T12:56:15Z</time><extensions><gpxtpx:TrackPointExtension><gpxtpx:hr>169</gpxtpx:hr><gpxtpx:cad>88</gpxtpx:cad></gpxtpx:TrackPointExtension></extensions></trkpt><trkpt lat="35.95592729" lon="120.21112464"><ele>-21.799999237060547</ele><time>2022-06-03T12:56:16Z</time><extensions><gpxtpx:TrackPointExtension><gpxtpx:hr>169</gpxtpx:hr><gpxtpx:cad>88</gpxtpx:cad></gpxtpx:TrackPointExtension></extensions></trkpt><trkpt lat="35.95591196" lon="120.21112031"><ele>-21.860000610351562</ele><time>2022-06-03T12:56:17Z</time><extensions><gpxtpx:TrackPointExtension><gpxtpx:hr>169</gpxtpx:hr><gpxtpx:cad>88</gpxtpx:cad></gpxtpx:TrackPointExtension></extensions></trkpt><trkpt lat="35.95589663" lon="120.21111498"><ele>-21.920000076293945</ele><time>2022-06-03T12:56:18Z</time><extensions><gpxtpx:TrackPointExtension><gpxtpx:hr>169</gpxtpx:hr><gpxtpx:cad>88</gpxtpx:cad></gpxtpx:TrackPointExtension></extensions></trkpt><trkpt lat="35.95588163" lon="120.21110832"><ele>-21.969999313354492</ele><time>2022-06-03T12:56:19Z</time><extensions><gpxtpx:TrackPointExtension><gpxtpx:hr>169</gpxtpx:hr><gpxtpx:cad>88</gpxtpx:cad></gpxtpx:TrackPointExtension></extensions></trkpt><trkpt lat="35.95586697" lon="120.21110199"><ele>-22.040000915527344</ele><time>2022-06-03T12:56:20Z</time><extensions><gpxtpx:TrackPointExtension><gpxtpx:hr>169</gpxtpx:hr><gpxtpx:cad>88</gpxtpx:cad></gpxtpx:TrackPointExtension></extensions></trkpt><trkpt lat="35.95585164" lon="120.21109633"><ele>-22.1200008392334</ele><time>2022-06-03T12:56:21Z</time><extensions><gpxtpx:TrackPointExtension><gpxtpx:hr>169</gpxtpx:hr><gpxtpx:cad>88</gpxtpx:cad></gpxtpx:TrackPointExtension></extensions></trkpt><trkpt lat="35.95583731" lon="120.21108967"><ele>-22.200000762939453</ele><time>2022-06-03T12:56:22Z</time><extensions><gpxtpx:TrackPointExtension><gpxtpx:hr>169</gpxtpx:hr><gpxtpx:cad>88</gpxtpx:cad></gpxtpx:TrackPointExtension></extensions></trkpt><trkpt lat="35.95582398" lon="120.21108201"><ele>-22.270000457763672</ele><time>2022-06-03T12:56:23Z</time><extensions><gpxtpx:TrackPointExtension><gpxtpx:hr>169</gpxtpx:hr><gpxtpx:cad>88</gpxtpx:cad></gpxtpx:TrackPointExtension></extensions></trkpt><trkpt lat="35.95581432" lon="120.21106901"><ele>-22.31999969482422</ele><time>2022-06-03T12:56:24Z</time><extensions><gpxtpx:TrackPointExtension><gpxtpx:hr>169</gpxtpx:hr><gpxtpx:cad>88</gpxtpx:cad></gpxtpx:TrackPointExtension></extensions></trkpt><trkpt lat="35.95580533" lon="120.21105568"><ele>-22.3700008392334</ele><time>2022-06-03T12:56:25Z</time><extensions><gpxtpx:TrackPointExtension><gpxtpx:hr>169</gpxtpx:hr><gpxtpx:cad>88</gpxtpx:cad></gpxtpx:TrackPointExtension></extensions></trkpt><trkpt lat="35.95579767" lon="120.21104135"><ele>-22.420000076293945</ele><time>2022-06-03T12:56:26Z</time><extensions><gpxtpx:TrackPointExtension><gpxtpx:hr>169</gpxtpx:hr><gpxtpx:cad>88</gpxtpx:cad></gpxtpx:TrackPointExtension></extensions></trkpt><trkpt lat="35.95579034" lon="120.21102702"><ele>-22.450000762939453</ele><time>2022-06-03T12:56:27Z</time><extensions><gpxtpx:TrackPointExtension><gpxtpx:hr>169</gpxtpx:hr><gpxtpx:cad>88</gpxtpx:cad></gpxtpx:TrackPointExtension></extensions></trkpt><trkpt lat="35.95578234" lon="120.21101269"><ele>-22.469999313354492</ele><time>2022-06-03T12:56:28Z</time><extensions><gpxtpx:TrackPointExtension><gpxtpx:hr>169</gpxtpx:hr><gpxtpx:cad>88</gpxtpx:cad></gpxtpx:TrackPointExtension></extensions></trkpt><trkpt lat="35.95577635" lon="120.21099736"><ele>-22.510000228881836</ele><time>2022-06-03T12:56:29Z</time><extensions><gpxtpx:TrackPointExtension><gpxtpx:hr>169</gpxtpx:hr><gpxtpx:cad>88</gpxtpx:cad></gpxtpx:TrackPointExtension></extensions></trkpt><trkpt lat="35.95577036" lon="120.21098103"><ele>-22.510000228881836</ele><time>2022-06-03T12:56:30Z</time><extensions><gpxtpx:TrackPointExtension><gpxtpx:hr>168</gpxtpx:hr><gpxtpx:cad>88</gpxtpx:cad></gpxtpx:TrackPointExtension></extensions></trkpt><trkpt lat="35.95576536" lon="120.21096404"><ele>-22.520000457763672</ele><time>2022-06-03T12:56:31Z</time><extensions><gpxtpx:TrackPointExtension><gpxtpx:hr>168</gpxtpx:hr><gpxtpx:cad>88</gpxtpx:cad></gpxtpx:TrackPointExtension></extensions></trkpt><trkpt lat="35.9557597" lon="120.21094571"><ele>-22.520000457763672</ele><time>2022-06-03T12:56:32Z</time><extensions><gpxtpx:TrackPointExtension><gpxtpx:hr>168</gpxtpx:hr><gpxtpx:cad>60</gpxtpx:cad></gpxtpx:TrackPointExtension></extensions></trkpt><trkpt lat="35.95575404" lon="120.21092605"><ele>-22.530000686645508</ele><time>2022-06-03T12:56:33Z</time><extensions><gpxtpx:TrackPointExtension><gpxtpx:hr>167</gpxtpx:hr><gpxtpx:cad>61</gpxtpx:cad></gpxtpx:TrackPointExtension></extensions></trkpt><trkpt lat="35.95574771" lon="120.21090605"><ele>-22.530000686645508</ele><time>2022-06-03T12:56:34Z</time><extensions><gpxtpx:TrackPointExtension><gpxtpx:hr>166</gpxtpx:hr><gpxtpx:cad>61</gpxtpx:cad></gpxtpx:TrackPointExtension></extensions></trkpt><trkpt lat="35.95574138" lon="120.21088572"><ele>-22.530000686645508</ele><time>2022-06-03T12:56:35Z</time><extensions><gpxtpx:TrackPointExtension><gpxtpx:hr>165</gpxtpx:hr><gpxtpx:cad>60</gpxtpx:cad></gpxtpx:TrackPointExtension></extensions></trkpt><trkpt lat="35.95573605" lon="120.21086639"><ele>-22.530000686645508</ele><time>2022-06-03T12:56:36Z</time><extensions><gpxtpx:TrackPointExtension><gpxtpx:hr>165</gpxtpx:hr><gpxtpx:cad>59</gpxtpx:cad></gpxtpx:TrackPointExtension></extensions></trkpt><trkpt lat="35.95573239" lon="120.2108484"><ele>-22.540000915527344</ele><time>2022-06-03T12:56:37Z</time><extensions><gpxtpx:TrackPointExtension><gpxtpx:hr>164</gpxtpx:hr><gpxtpx:cad>59</gpxtpx:cad></gpxtpx:TrackPointExtension></extensions></trkpt><trkpt lat="35.9557294" lon="120.21083174"><ele>-22.540000915527344</ele><time>2022-06-03T12:56:38Z</time><extensions><gpxtpx:TrackPointExtension><gpxtpx:hr>162</gpxtpx:hr><gpxtpx:cad>57</gpxtpx:cad></gpxtpx:TrackPointExtension></extensions></trkpt><trkpt lat="35.95572741" lon="120.21081675"><ele>-22.549999237060547</ele><time>2022-06-03T12:56:39Z</time><extensions><gpxtpx:TrackPointExtension><gpxtpx:hr>161</gpxtpx:hr><gpxtpx:cad>58</gpxtpx:cad></gpxtpx:TrackPointExtension></extensions></trkpt><trkpt lat="35.95572508" lon="120.21080375"><ele>-22.559999465942383</ele><time>2022-06-03T12:56:40Z</time><extensions><gpxtpx:TrackPointExtension><gpxtpx:hr>160</gpxtpx:hr><gpxtpx:cad>58</gpxtpx:cad></gpxtpx:TrackPointExtension></extensions></trkpt><trkpt lat="35.95572242" lon="120.21079142"><ele>-22.56999969482422</ele><time>2022-06-03T12:56:41Z</time><extensions><gpxtpx:TrackPointExtension><gpxtpx:hr>158</gpxtpx:hr><gpxtpx:cad>58</gpxtpx:cad></gpxtpx:TrackPointExtension></extensions></trkpt><trkpt lat="35.95572076" lon="120.21078209"><ele>-22.59000015258789</ele><time>2022-06-03T12:56:42Z</time><extensions><gpxtpx:TrackPointExtension><gpxtpx:hr>159</gpxtpx:hr><gpxtpx:cad>58</gpxtpx:cad></gpxtpx:TrackPointExtension></extensions></trkpt><trkpt lat="35.95571543" lon="120.21077343"><ele>-22.59000015258789</ele><time>2022-06-03T12:56:43Z</time><extensions><gpxtpx:TrackPointExtension><gpxtpx:hr>160</gpxtpx:hr><gpxtpx:cad>58</gpxtpx:cad></gpxtpx:TrackPointExtension></extensions></trkpt><trkpt lat="35.95570443" lon="120.21076677"><ele>-22.600000381469727</ele><time>2022-06-03T12:56:44Z</time><extensions><gpxtpx:TrackPointExtension><gpxtpx:hr>159</gpxtpx:hr><gpxtpx:cad>58</gpxtpx:cad></gpxtpx:TrackPointExtension></extensions></trkpt><trkpt lat="35.95568944" lon="120.21076078"><ele>-22.600000381469727</ele><time>2022-06-03T12:56:45Z</time><extensions><gpxtpx:TrackPointExtension><gpxtpx:hr>159</gpxtpx:hr><gpxtpx:cad>58</gpxtpx:cad></gpxtpx:TrackPointExtension></extensions></trkpt><trkpt lat="35.95567111" lon="120.21075712"><ele>-22.600000381469727</ele><time>2022-06-03T12:56:46Z</time><extensions><gpxtpx:TrackPointExtension><gpxtpx:hr>158</gpxtpx:hr><gpxtpx:cad>58</gpxtpx:cad></gpxtpx:TrackPointExtension></extensions></trkpt><trkpt lat="35.95565111" lon="120.21075513"><ele>-22.610000610351562</ele><time>2022-06-03T12:56:47Z</time><extensions><gpxtpx:TrackPointExtension><gpxtpx:hr>158</gpxtpx:hr><gpxtpx:cad>58</gpxtpx:cad></gpxtpx:TrackPointExtension></extensions></trkpt><trkpt lat="35.95562945" lon="120.2107528"><ele>-22.540000915527344</ele><time>2022-06-03T12:56:48Z</time><extensions><gpxtpx:TrackPointExtension><gpxtpx:hr>162</gpxtpx:hr><gpxtpx:cad>58</gpxtpx:cad></gpxtpx:TrackPointExtension></extensions></trkpt><trkpt lat="35.95560845" lon="120.21075081"><ele>-22.510000228881836</ele><time>2022-06-03T12:56:49Z</time><extensions><gpxtpx:TrackPointExtension><gpxtpx:hr>164</gpxtpx:hr><gpxtpx:cad>58</gpxtpx:cad></gpxtpx:TrackPointExtension></extensions></trkpt><trkpt lat="35.95558779" lon="120.21074648"><ele>-22.459999084472656</ele><time>2022-06-03T12:56:50Z</time><extensions><gpxtpx:TrackPointExtension><gpxtpx:hr>165</gpxtpx:hr><gpxtpx:cad>58</gpxtpx:cad></gpxtpx:TrackPointExtension></extensions></trkpt><trkpt lat="35.95556879" lon="120.21073982"><ele>-22.440000534057617</ele><time>2022-06-03T12:56:51Z</time><extensions><gpxtpx:TrackPointExtension><gpxtpx:hr>165</gpxtpx:hr><gpxtpx:cad>58</gpxtpx:cad></gpxtpx:TrackPointExtension></extensions></trkpt><trkpt lat="35.95555513" lon="120.21073049"><ele>-22.399999618530273</ele><time>2022-06-03T12:56:52Z</time><extensions><gpxtpx:TrackPointExtension><gpxtpx:hr>166</gpxtpx:hr><gpxtpx:cad>58</gpxtpx:cad></gpxtpx:TrackPointExtension></extensions></trkpt><trkpt lat="35.95554514" lon="120.21071816"><ele>-22.3799991607666</ele><time>2022-06-03T12:56:53Z</time><extensions><gpxtpx:TrackPointExtension><gpxtpx:hr>167</gpxtpx:hr><gpxtpx:cad>58</gpxtpx:cad></gpxtpx:TrackPointExtension></extensions></trkpt><trkpt lat="35.95553981" lon="120.2107005"><ele>-22.3700008392334</ele><time>2022-06-03T12:56:54Z</time><extensions><gpxtpx:TrackPointExtension><gpxtpx:hr>166</gpxtpx:hr><gpxtpx:cad>58</gpxtpx:cad></gpxtpx:TrackPointExtension></extensions></trkpt><trkpt lat="35.95553848" lon="120.21067917"><ele>-22.3799991607666</ele><time>2022-06-03T12:56:55Z</time><extensions><gpxtpx:TrackPointExtension><gpxtpx:hr>166</gpxtpx:hr><gpxtpx:cad>85</gpxtpx:cad></gpxtpx:TrackPointExtension></extensions></trkpt><trkpt lat="35.95553782" lon="120.21065618"><ele>-22.389999389648438</ele><time>2022-06-03T12:56:56Z</time><extensions><gpxtpx:TrackPointExtension><gpxtpx:hr>167</gpxtpx:hr><gpxtpx:cad>86</gpxtpx:cad></gpxtpx:TrackPointExtension></extensions></trkpt><trkpt lat="35.95553815" lon="120.21063352"><ele>-22.420000076293945</ele><time>2022-06-03T12:56:57Z</time><extensions><gpxtpx:TrackPointExtension><gpxtpx:hr>168</gpxtpx:hr><gpxtpx:cad>86</gpxtpx:cad></gpxtpx:TrackPointExtension></extensions></trkpt><trkpt lat="35.95553881" lon="120.21061019"><ele>-22.440000534057617</ele><time>2022-06-03T12:56:58Z</time><extensions><gpxtpx:TrackPointExtension><gpxtpx:hr>168</gpxtpx:hr><gpxtpx:cad>87</gpxtpx:cad></gpxtpx:TrackPointExtension></extensions></trkpt><trkpt lat="35.9555398" lon="120.21058819"><ele>-22.450000762939453</ele><time>2022-06-03T12:56:59Z</time><extensions><gpxtpx:TrackPointExtension><gpxtpx:hr>168</gpxtpx:hr><gpxtpx:cad>86</gpxtpx:cad></gpxtpx:TrackPointExtension></extensions></trkpt><trkpt lat="35.95554046" lon="120.21056619"><ele>-22.459999084472656</ele><time>2022-06-03T12:57:00Z</time><extensions><gpxtpx:TrackPointExtension><gpxtpx:hr>168</gpxtpx:hr><gpxtpx:cad>87</gpxtpx:cad></gpxtpx:TrackPointExtension></extensions></trkpt><trkpt lat="35.95554079" lon="120.21054419"><ele>-22.440000534057617</ele><time>2022-06-03T12:57:01Z</time><extensions><gpxtpx:TrackPointExtension><gpxtpx:hr>169</gpxtpx:hr><gpxtpx:cad>87</gpxtpx:cad></gpxtpx:TrackPointExtension></extensions></trkpt><trkpt lat="35.95554046" lon="120.21052186"><ele>-22.3700008392334</ele><time>2022-06-03T12:57:02Z</time><extensions><gpxtpx:TrackPointExtension><gpxtpx:hr>169</gpxtpx:hr><gpxtpx:cad>87</gpxtpx:cad></gpxtpx:TrackPointExtension></extensions></trkpt><trkpt lat="35.95554079" lon="120.21049986"><ele>-22.299999237060547</ele><time>2022-06-03T12:57:03Z</time><extensions><gpxtpx:TrackPointExtension><gpxtpx:hr>169</gpxtpx:hr><gpxtpx:cad>88</gpxtpx:cad></gpxtpx:TrackPointExtension></extensions></trkpt><trkpt lat="35.95554013" lon="120.21047687"><ele>-22.270000457763672</ele><time>2022-06-03T12:57:04Z</time><extensions><gpxtpx:TrackPointExtension><gpxtpx:hr>169</gpxtpx:hr><gpxtpx:cad>87</gpxtpx:cad></gpxtpx:TrackPointExtension></extensions></trkpt><trkpt lat="35.95553747" lon="120.21045354"><ele>-22.280000686645508</ele><time>2022-06-03T12:57:05Z</time><extensions><gpxtpx:TrackPointExtension><gpxtpx:hr>169</gpxtpx:hr><gpxtpx:cad>88</gpxtpx:cad></gpxtpx:TrackPointExtension></extensions></trkpt><trkpt lat="35.95553381" lon="120.21042888"><ele>-22.290000915527344</ele><time>2022-06-03T12:57:06Z</time><extensions><gpxtpx:TrackPointExtension><gpxtpx:hr>169</gpxtpx:hr><gpxtpx:cad>87</gpxtpx:cad></gpxtpx:TrackPointExtension></extensions></trkpt><trkpt lat="35.95553115" lon="120.21040288"><ele>-22.34000015258789</ele><time>2022-06-03T12:57:07Z</time><extensions><gpxtpx:TrackPointExtension><gpxtpx:hr>170</gpxtpx:hr><gpxtpx:cad>87</gpxtpx:cad></gpxtpx:TrackPointExtension></extensions></trkpt><trkpt lat="35.95552882" lon="120.21037622"><ele>-22.34000015258789</ele><time>2022-06-03T12:57:08Z</time><extensions><gpxtpx:TrackPointExtension><gpxtpx:hr>171</gpxtpx:hr><gpxtpx:cad>86</gpxtpx:cad></gpxtpx:TrackPointExtension></extensions></trkpt><trkpt lat="35.95552649" lon="120.21035156"><ele>-22.350000381469727</ele><time>2022-06-03T12:57:09Z</time><extensions><gpxtpx:TrackPointExtension><gpxtpx:hr>171</gpxtpx:hr><gpxtpx:cad>86</gpxtpx:cad></gpxtpx:TrackPointExtension></extensions></trkpt><trkpt lat="35.95552449" lon="120.2103279"><ele>-22.34000015258789</ele><time>2022-06-03T12:57:10Z</time><extensions><gpxtpx:TrackPointExtension><gpxtpx:hr>171</gpxtpx:hr><gpxtpx:cad>86</gpxtpx:cad></gpxtpx:TrackPointExtension></extensions></trkpt><trkpt lat="35.9555225" lon="120.21030491"><ele>-22.31999969482422</ele><time>2022-06-03T12:57:11Z</time><extensions><gpxtpx:TrackPointExtension><gpxtpx:hr>171</gpxtpx:hr><gpxtpx:cad>87</gpxtpx:cad></gpxtpx:TrackPointExtension></extensions></trkpt><trkpt lat="35.95552217" lon="120.21028425"><ele>-22.25</ele><time>2022-06-03T12:57:12Z</time><extensions><gpxtpx:TrackPointExtension><gpxtpx:hr>170</gpxtpx:hr><gpxtpx:cad>88</gpxtpx:cad></gpxtpx:TrackPointExtension></extensions></trkpt><trkpt lat="35.95552316" lon="120.21026359"><ele>-22.170000076293945</ele><time>2022-06-03T12:57:13Z</time><extensions><gpxtpx:TrackPointExtension><gpxtpx:hr>170</gpxtpx:hr><gpxtpx:cad>88</gpxtpx:cad></gpxtpx:TrackPointExtension></extensions></trkpt><trkpt lat="35.95552449" lon="120.21024326"><ele>-22.110000610351562</ele><time>2022-06-03T12:57:14Z</time><extensions><gpxtpx:TrackPointExtension><gpxtpx:hr>170</gpxtpx:hr><gpxtpx:cad>88</gpxtpx:cad></gpxtpx:TrackPointExtension></extensions></trkpt><trkpt lat="35.95552615" lon="120.2102216"><ele>-22.040000915527344</ele><time>2022-06-03T12:57:15Z</time><extensions><gpxtpx:TrackPointExtension><gpxtpx:hr>170</gpxtpx:hr><gpxtpx:cad>88</gpxtpx:cad></gpxtpx:TrackPointExtension></extensions></trkpt><trkpt lat="35.95552848" lon="120.21019927"><ele>-22.030000686645508</ele><time>2022-06-03T12:57:16Z</time><extensions><gpxtpx:TrackPointExtension><gpxtpx:hr>171</gpxtpx:hr><gpxtpx:cad>88</gpxtpx:cad></gpxtpx:TrackPointExtension></extensions></trkpt><trkpt lat="35.95553114" lon="120.21017528"><ele>-22.020000457763672</ele><time>2022-06-03T12:57:17Z</time><extensions><gpxtpx:TrackPointExtension><gpxtpx:hr>171</gpxtpx:hr><gpxtpx:cad>88</gpxtpx:cad></gpxtpx:TrackPointExtension></extensions></trkpt><trkpt lat="35.9555338" lon="120.21015162"><ele>-22.010000228881836</ele><time>2022-06-03T12:57:18Z</time><extensions><gpxtpx:TrackPointExtension><gpxtpx:hr>171</gpxtpx:hr><gpxtpx:cad>88</gpxtpx:cad></gpxtpx:TrackPointExtension></extensions></trkpt><trkpt lat="35.95553579" lon="120.21012696"><ele>-22.010000228881836</ele><time>2022-06-03T12:57:19Z</time><extensions><gpxtpx:TrackPointExtension><gpxtpx:hr>172</gpxtpx:hr><gpxtpx:cad>89</gpxtpx:cad></gpxtpx:TrackPointExtension></extensions></trkpt><trkpt lat="35.95553679" lon="120.2101023"><ele>-22.059999465942383</ele><time>2022-06-03T12:57:20Z</time><extensions><gpxtpx:TrackPointExtension><gpxtpx:cad>89</gpxtpx:cad></gpxtpx:TrackPointExtension></extensions></trkpt><trkpt lat="35.95553745" lon="120.21007797"><ele>-22.059999465942383</ele><time>2022-06-03T12:57:21Z</time><extensions><gpxtpx:TrackPointExtension><gpxtpx:hr>173</gpxtpx:hr><gpxtpx:cad>89</gpxtpx:cad></gpxtpx:TrackPointExtension></extensions></trkpt><trkpt lat="35.95553878" lon="120.21005431"><ele>-22.09000015258789</ele><time>2022-06-03T12:57:22Z</time><extensions><gpxtpx:TrackPointExtension><gpxtpx:hr>173</gpxtpx:hr><gpxtpx:cad>89</gpxtpx:cad></gpxtpx:TrackPointExtension></extensions></trkpt><trkpt lat="35.95553911" lon="120.21003098"><ele>-22.06999969482422</ele><time>2022-06-03T12:57:23Z</time><extensions><gpxtpx:TrackPointExtension><gpxtpx:hr>173</gpxtpx:hr><gpxtpx:cad>89</gpxtpx:cad></gpxtpx:TrackPointExtension></extensions></trkpt><trkpt lat="35.9555401" lon="120.21000732"><ele>-22.100000381469727</ele><time>2022-06-03T12:57:24Z</time><extensions><gpxtpx:TrackPointExtension><gpxtpx:hr>173</gpxtpx:hr><gpxtpx:cad>89</gpxtpx:cad></gpxtpx:TrackPointExtension></extensions></trkpt><trkpt lat="35.95554043" lon="120.20998232"><ele>-22.059999465942383</ele><time>2022-06-03T12:57:25Z</time><extensions><gpxtpx:TrackPointExtension><gpxtpx:hr>173</gpxtpx:hr><gpxtpx:cad>88</gpxtpx:cad></gpxtpx:TrackPointExtension></extensions></trkpt><trkpt lat="35.95554043" lon="120.20995733"><ele>-22.040000915527344</ele><time>2022-06-03T12:57:26Z</time><extensions><gpxtpx:TrackPointExtension><gpxtpx:cad>88</gpxtpx:cad></gpxtpx:TrackPointExtension></extensions></trkpt><trkpt lat="35.95554043" lon="120.20993367"><ele>-22.040000915527344</ele><time>2022-06-03T12:57:27Z</time><extensions><gpxtpx:TrackPointExtension><gpxtpx:hr>172</gpxtpx:hr><gpxtpx:cad>88</gpxtpx:cad></gpxtpx:TrackPointExtension></extensions></trkpt><trkpt lat="35.95553877" lon="120.20990834"><ele>-22.010000228881836</ele><time>2022-06-03T12:57:28Z</time><extensions><gpxtpx:TrackPointExtension><gpxtpx:hr>171</gpxtpx:hr><gpxtpx:cad>87</gpxtpx:cad></gpxtpx:TrackPointExtension></extensions></trkpt><trkpt lat="35.95553644" lon="120.20988235"><ele>-21.950000762939453</ele><time>2022-06-03T12:57:29Z</time><extensions><gpxtpx:TrackPointExtension><gpxtpx:hr>171</gpxtpx:hr><gpxtpx:cad>88</gpxtpx:cad></gpxtpx:TrackPointExtension></extensions></trkpt><trkpt lat="35.95553444" lon="120.20986035"><ele>-21.889999389648438</ele><time>2022-06-03T12:57:30Z</time><extensions><gpxtpx:TrackPointExtension><gpxtpx:hr>171</gpxtpx:hr><gpxtpx:cad>88</gpxtpx:cad></gpxtpx:TrackPointExtension></extensions></trkpt><trkpt lat="35.95553244" lon="120.20984102"><ele>-21.850000381469727</ele><time>2022-06-03T12:57:31Z</time><extensions><gpxtpx:TrackPointExtension><gpxtpx:hr>171</gpxtpx:hr><gpxtpx:cad>88</gpxtpx:cad></gpxtpx:TrackPointExtension></extensions></trkpt><trkpt lat="35.95553011" lon="120.20982369"><ele>-21.799999237060547</ele><time>2022-06-03T12:57:32Z</time><extensions><gpxtpx:TrackPointExtension><gpxtpx:hr>171</gpxtpx:hr><gpxtpx:cad>88</gpxtpx:cad></gpxtpx:TrackPointExtension></extensions></trkpt><trkpt lat="35.95552745" lon="120.20980769"><ele>-21.780000686645508</ele><time>2022-06-03T12:57:33Z</time><extensions><gpxtpx:TrackPointExtension><gpxtpx:hr>172</gpxtpx:hr><gpxtpx:cad>88</gpxtpx:cad></gpxtpx:TrackPointExtension></extensions></trkpt><trkpt lat="35.95552679" lon="120.20979236"><ele>-21.75</ele><time>2022-06-03T12:57:34Z</time><extensions><gpxtpx:TrackPointExtension><gpxtpx:hr>172</gpxtpx:hr><gpxtpx:cad>88</gpxtpx:cad></gpxtpx:TrackPointExtension></extensions></trkpt><trkpt lat="35.95552613" lon="120.20977736"><ele>-21.719999313354492</ele><time>2022-06-03T12:57:35Z</time><extensions><gpxtpx:TrackPointExtension><gpxtpx:hr>172</gpxtpx:hr><gpxtpx:cad>88</gpxtpx:cad></gpxtpx:TrackPointExtension></extensions></trkpt><trkpt lat="35.9555258" lon="120.20976103"><ele>-21.700000762939453</ele><time>2022-06-03T12:57:36Z</time><extensions><gpxtpx:TrackPointExtension><gpxtpx:hr>172</gpxtpx:hr><gpxtpx:cad>88</gpxtpx:cad></gpxtpx:TrackPointExtension></extensions></trkpt><trkpt lat="35.95552447" lon="120.20974437"><ele>-21.68000030517578</ele><time>2022-06-03T12:57:37Z</time><extensions><gpxtpx:TrackPointExtension><gpxtpx:hr>173</gpxtpx:hr><gpxtpx:cad>88</gpxtpx:cad></gpxtpx:TrackPointExtension></extensions></trkpt><trkpt lat="35.95552314" lon="120.20972638"><ele>-21.649999618530273</ele><time>2022-06-03T12:57:38Z</time><extensions><gpxtpx:TrackPointExtension><gpxtpx:hr>172</gpxtpx:hr><gpxtpx:cad>88</gpxtpx:cad></gpxtpx:TrackPointExtension></extensions></trkpt><trkpt lat="35.95552114" lon="120.20970905"><ele>-21.6200008392334</ele><time>2022-06-03T12:57:39Z</time><extensions><gpxtpx:TrackPointExtension><gpxtpx:hr>172</gpxtpx:hr><gpxtpx:cad>88</gpxtpx:cad></gpxtpx:TrackPointExtension></extensions></trkpt><trkpt lat="35.95551815" lon="120.20969172"><ele>-21.59000015258789</ele><time>2022-06-03T12:57:40Z</time><extensions><gpxtpx:TrackPointExtension><gpxtpx:hr>172</gpxtpx:hr><gpxtpx:cad>88</gpxtpx:cad></gpxtpx:TrackPointExtension></extensions></trkpt><trkpt lat="35.95551449" lon="120.20967473"><ele>-21.559999465942383</ele><time>2022-06-03T12:57:41Z</time><extensions><gpxtpx:TrackPointExtension><gpxtpx:hr>173</gpxtpx:hr><gpxtpx:cad>88</gpxtpx:cad></gpxtpx:TrackPointExtension></extensions></trkpt><trkpt lat="35.95551083" lon="120.20965774"><ele>-21.540000915527344</ele><time>2022-06-03T12:57:42Z</time><extensions><gpxtpx:TrackPointExtension><gpxtpx:hr>173</gpxtpx:hr><gpxtpx:cad>88</gpxtpx:cad></gpxtpx:TrackPointExtension></extensions></trkpt><trkpt lat="35.95550817" lon="120.20964108"><ele>-21.520000457763672</ele><time>2022-06-03T12:57:43Z</time><extensions><gpxtpx:TrackPointExtension><gpxtpx:hr>173</gpxtpx:hr><gpxtpx:cad>88</gpxtpx:cad></gpxtpx:TrackPointExtension></extensions></trkpt><trkpt lat="35.95550617" lon="120.20962242"><ele>-21.479999542236328</ele><time>2022-06-03T12:57:44Z</time><extensions><gpxtpx:TrackPointExtension><gpxtpx:hr>172</gpxtpx:hr><gpxtpx:cad>88</gpxtpx:cad></gpxtpx:TrackPointExtension></extensions></trkpt><trkpt lat="35.95550484" lon="120.20960309"><ele>-21.450000762939453</ele><time>2022-06-03T12:57:45Z</time><extensions><gpxtpx:TrackPointExtension><gpxtpx:hr>172</gpxtpx:hr><gpxtpx:cad>88</gpxtpx:cad></gpxtpx:TrackPointExtension></extensions></trkpt><trkpt lat="35.95550385" lon="120.20958343"><ele>-21.43000030517578</ele><time>2022-06-03T12:57:46Z</time><extensions><gpxtpx:TrackPointExtension><gpxtpx:hr>172</gpxtpx:hr><gpxtpx:cad>88</gpxtpx:cad></gpxtpx:TrackPointExtension></extensions></trkpt><trkpt lat="35.95550385" lon="120.20956377"><ele>-21.389999389648438</ele><time>2022-06-03T12:57:47Z</time><extensions><gpxtpx:TrackPointExtension><gpxtpx:hr>173</gpxtpx:hr><gpxtpx:cad>88</gpxtpx:cad></gpxtpx:TrackPointExtension></extensions></trkpt><trkpt lat="35.95550418" lon="120.20954277"><ele>-21.3700008392334</ele><time>2022-06-03T12:57:48Z</time><extensions><gpxtpx:TrackPointExtension><gpxtpx:hr>173</gpxtpx:hr><gpxtpx:cad>88</gpxtpx:cad></gpxtpx:TrackPointExtension></extensions></trkpt><trkpt lat="35.95550418" lon="120.20952111"><ele>-21.34000015258789</ele><time>2022-06-03T12:57:49Z</time><extensions><gpxtpx:TrackPointExtension><gpxtpx:hr>173</gpxtpx:hr><gpxtpx:cad>86</gpxtpx:cad></gpxtpx:TrackPointExtension></extensions></trkpt><trkpt lat="35.95550352" lon="120.20950045"><ele>-21.290000915527344</ele><time>2022-06-03T12:57:50Z</time><extensions><gpxtpx:TrackPointExtension><gpxtpx:hr>173</gpxtpx:hr><gpxtpx:cad>86</gpxtpx:cad></gpxtpx:TrackPointExtension></extensions></trkpt><trkpt lat="35.95550186" lon="120.20947945"><ele>-21.270000457763672</ele><time>2022-06-03T12:57:51Z</time><extensions><gpxtpx:TrackPointExtension><gpxtpx:hr>172</gpxtpx:hr><gpxtpx:cad>86</gpxtpx:cad></gpxtpx:TrackPointExtension></extensions></trkpt><trkpt lat="35.9555002" lon="120.20945812"><ele>-21.200000762939453</ele><time>2022-06-03T12:57:52Z</time><extensions><gpxtpx:TrackPointExtension><gpxtpx:hr>171</gpxtpx:hr><gpxtpx:cad>87</gpxtpx:cad></gpxtpx:TrackPointExtension></extensions></trkpt><trkpt lat="35.9554992" lon="120.20943646"><ele>-21.170000076293945</ele><time>2022-06-03T12:57:53Z</time><extensions><gpxtpx:TrackPointExtension><gpxtpx:hr>171</gpxtpx:hr><gpxtpx:cad>87</gpxtpx:cad></gpxtpx:TrackPointExtension></extensions></trkpt><trkpt lat="35.9554992" lon="120.2094158"><ele>-21.110000610351562</ele><time>2022-06-03T12:57:54Z</time><extensions><gpxtpx:TrackPointExtension><gpxtpx:hr>171</gpxtpx:hr><gpxtpx:cad>88</gpxtpx:cad></gpxtpx:TrackPointExtension></extensions></trkpt><trkpt lat="35.95549953" lon="120.2093958"><ele>-21.020000457763672</ele><time>2022-06-03T12:57:55Z</time><extensions><gpxtpx:TrackPointExtension><gpxtpx:hr>172</gpxtpx:hr><gpxtpx:cad>88</gpxtpx:cad></gpxtpx:TrackPointExtension></extensions></trkpt><trkpt lat="35.9554992" lon="120.2093748"><ele>-20.950000762939453</ele><time>2022-06-03T12:57:56Z</time><extensions><gpxtpx:TrackPointExtension><gpxtpx:hr>172</gpxtpx:hr><gpxtpx:cad>88</gpxtpx:cad></gpxtpx:TrackPointExtension></extensions></trkpt><trkpt lat="35.9555002" lon="120.2093528"><ele>-20.889999389648438</ele><time>2022-06-03T12:57:57Z</time><extensions><gpxtpx:TrackPointExtension><gpxtpx:hr>172</gpxtpx:hr><gpxtpx:cad>88</gpxtpx:cad></gpxtpx:TrackPointExtension></extensions></trkpt><trkpt lat="35.9555002" lon="120.20933047"><ele>-20.899999618530273</ele><time>2022-06-03T12:57:58Z</time><extensions><gpxtpx:TrackPointExtension><gpxtpx:hr>172</gpxtpx:hr><gpxtpx:cad>88</gpxtpx:cad></gpxtpx:TrackPointExtension></extensions></trkpt><trkpt lat="35.95550086" lon="120.20930781"><ele>-20.899999618530273</ele><time>2022-06-03T12:57:59Z</time><extensions><gpxtpx:TrackPointExtension><gpxtpx:hr>172</gpxtpx:hr><gpxtpx:cad>88</gpxtpx:cad></gpxtpx:TrackPointExtension></extensions></trkpt><trkpt lat="35.95550152" lon="120.20928415"><ele>-20.920000076293945</ele><time>2022-06-03T12:58:00Z</time><extensions><gpxtpx:TrackPointExtension><gpxtpx:hr>172</gpxtpx:hr><gpxtpx:cad>88</gpxtpx:cad></gpxtpx:TrackPointExtension></extensions></trkpt><trkpt lat="35.95550352" lon="120.20926016"><ele>-20.920000076293945</ele><time>2022-06-03T12:58:01Z</time><extensions><gpxtpx:TrackPointExtension><gpxtpx:hr>173</gpxtpx:hr><gpxtpx:cad>88</gpxtpx:cad></gpxtpx:TrackPointExtension></extensions></trkpt><trkpt lat="35.95550518" lon="120.20923683"><ele>-20.899999618530273</ele><time>2022-06-03T12:58:02Z</time><extensions><gpxtpx:TrackPointExtension><gpxtpx:hr>173</gpxtpx:hr><gpxtpx:cad>88</gpxtpx:cad></gpxtpx:TrackPointExtension></extensions></trkpt><trkpt lat="35.95550784" lon="120.20921483"><ele>-20.8700008392334</ele><time>2022-06-03T12:58:03Z</time><extensions><gpxtpx:TrackPointExtension><gpxtpx:hr>173</gpxtpx:hr></gpxtpx:TrackPointExtension></extensions></trkpt><trkpt lat="35.9555125" lon="120.2091935"><ele>-20.850000381469727</ele><time>2022-06-03T12:58:04Z</time><extensions><gpxtpx:TrackPointExtension><gpxtpx:hr>173</gpxtpx:hr><gpxtpx:cad>88</gpxtpx:cad></gpxtpx:TrackPointExtension></extensions></trkpt><trkpt lat="35.95551716" lon="120.2091715"><ele>-20.809999465942383</ele><time>2022-06-03T12:58:05Z</time><extensions><gpxtpx:TrackPointExtension><gpxtpx:hr>173</gpxtpx:hr></gpxtpx:TrackPointExtension></extensions></trkpt><trkpt lat="35.95552082" lon="120.20914984"><ele>-20.780000686645508</ele><time>2022-06-03T12:58:06Z</time><extensions><gpxtpx:TrackPointExtension><gpxtpx:hr>173</gpxtpx:hr><gpxtpx:cad>88</gpxtpx:cad></gpxtpx:TrackPointExtension></extensions></trkpt><trkpt lat="35.95552381" lon="120.20912685"><ele>-20.729999542236328</ele><time>2022-06-03T12:58:07Z</time><extensions><gpxtpx:TrackPointExtension><gpxtpx:hr>173</gpxtpx:hr><gpxtpx:cad>87</gpxtpx:cad></gpxtpx:TrackPointExtension></extensions></trkpt><trkpt lat="35.95552714" lon="120.20910319"><ele>-20.639999389648438</ele><time>2022-06-03T12:58:08Z</time><extensions><gpxtpx:TrackPointExtension><gpxtpx:hr>173</gpxtpx:hr><gpxtpx:cad>87</gpxtpx:cad></gpxtpx:TrackPointExtension></extensions></trkpt><trkpt lat="35.9555298" lon="120.20908119"><ele>-20.56999969482422</ele><time>2022-06-03T12:58:09Z</time><extensions><gpxtpx:TrackPointExtension><gpxtpx:hr>173</gpxtpx:hr><gpxtpx:cad>87</gpxtpx:cad></gpxtpx:TrackPointExtension></extensions></trkpt><trkpt lat="35.95553146" lon="120.20905953"><ele>-20.5</ele><time>2022-06-03T12:58:10Z</time><extensions><gpxtpx:TrackPointExtension><gpxtpx:hr>173</gpxtpx:hr><gpxtpx:cad>88</gpxtpx:cad></gpxtpx:TrackPointExtension></extensions></trkpt><trkpt lat="35.95553312" lon="120.2090372"><ele>-20.43000030517578</ele><time>2022-06-03T12:58:11Z</time><extensions><gpxtpx:TrackPointExtension><gpxtpx:hr>173</gpxtpx:hr><gpxtpx:cad>88</gpxtpx:cad></gpxtpx:TrackPointExtension></extensions></trkpt><trkpt lat="35.95553445" lon="120.2090152"><ele>-20.3799991607666</ele><time>2022-06-03T12:58:12Z</time><extensions><gpxtpx:TrackPointExtension><gpxtpx:hr>173</gpxtpx:hr><gpxtpx:cad>88</gpxtpx:cad></gpxtpx:TrackPointExtension></extensions></trkpt><trkpt lat="35.95553578" lon="120.20899287"><ele>-20.389999389648438</ele><time>2022-06-03T12:58:13Z</time><extensions><gpxtpx:TrackPointExtension><gpxtpx:hr>173</gpxtpx:hr><gpxtpx:cad>87</gpxtpx:cad></gpxtpx:TrackPointExtension></extensions></trkpt><trkpt lat="35.95553778" lon="120.20896888"><ele>-20.399999618530273</ele><time>2022-06-03T12:58:14Z</time><extensions><gpxtpx:TrackPointExtension><gpxtpx:hr>173</gpxtpx:hr><gpxtpx:cad>87</gpxtpx:cad></gpxtpx:TrackPointExtension></extensions></trkpt><trkpt lat="35.95554011" lon="120.20894622"><ele>-20.399999618530273</ele><time>2022-06-03T12:58:15Z</time><extensions><gpxtpx:TrackPointExtension><gpxtpx:hr>173</gpxtpx:hr><gpxtpx:cad>88</gpxtpx:cad></gpxtpx:TrackPointExtension></extensions></trkpt><trkpt lat="35.95554177" lon="120.20892456"><ele>-20.420000076293945</ele><time>2022-06-03T12:58:16Z</time><extensions><gpxtpx:TrackPointExtension><gpxtpx:hr>173</gpxtpx:hr><gpxtpx:cad>88</gpxtpx:cad></gpxtpx:TrackPointExtension></extensions></trkpt><trkpt lat="35.95554177" lon="120.2089039"><ele>-20.3700008392334</ele><time>2022-06-03T12:58:17Z</time><extensions><gpxtpx:TrackPointExtension><gpxtpx:hr>173</gpxtpx:hr><gpxtpx:cad>88</gpxtpx:cad></gpxtpx:TrackPointExtension></extensions></trkpt><trkpt lat="35.95554243" lon="120.20888524"><ele>-20.309999465942383</ele><time>2022-06-03T12:58:18Z</time><extensions><gpxtpx:TrackPointExtension><gpxtpx:hr>173</gpxtpx:hr><gpxtpx:cad>88</gpxtpx:cad></gpxtpx:TrackPointExtension></extensions></trkpt><trkpt lat="35.95554342" lon="120.20886658"><ele>-20.270000457763672</ele><time>2022-06-03T12:58:19Z</time><extensions><gpxtpx:TrackPointExtension><gpxtpx:hr>173</gpxtpx:hr><gpxtpx:cad>88</gpxtpx:cad></gpxtpx:TrackPointExtension></extensions></trkpt><trkpt lat="35.95554408" lon="120.20884892"><ele>-20.190000534057617</ele><time>2022-06-03T12:58:20Z</time><extensions><gpxtpx:TrackPointExtension><gpxtpx:hr>173</gpxtpx:hr><gpxtpx:cad>88</gpxtpx:cad></gpxtpx:TrackPointExtension></extensions></trkpt><trkpt lat="35.95554541" lon="120.20883292"><ele>-20.1200008392334</ele><time>2022-06-03T12:58:21Z</time><extensions><gpxtpx:TrackPointExtension><gpxtpx:hr>172</gpxtpx:hr><gpxtpx:cad>88</gpxtpx:cad></gpxtpx:TrackPointExtension></extensions></trkpt><trkpt lat="35.9555484" lon="120.20881993"><ele>-20.049999237060547</ele><time>2022-06-03T12:58:22Z</time><extensions><gpxtpx:TrackPointExtension><gpxtpx:hr>171</gpxtpx:hr><gpxtpx:cad>88</gpxtpx:cad></gpxtpx:TrackPointExtension></extensions></trkpt><trkpt lat="35.95555173" lon="120.20880627"><ele>-20.0</ele><time>2022-06-03T12:58:23Z</time><extensions><gpxtpx:TrackPointExtension><gpxtpx:hr>171</gpxtpx:hr><gpxtpx:cad>88</gpxtpx:cad></gpxtpx:TrackPointExtension></extensions></trkpt><trkpt lat="35.95555506" lon="120.20879161"><ele>-19.950000762939453</ele><time>2022-06-03T12:58:24Z</time><extensions><gpxtpx:TrackPointExtension><gpxtpx:hr>171</gpxtpx:hr><gpxtpx:cad>88</gpxtpx:cad></gpxtpx:TrackPointExtension></extensions></trkpt><trkpt lat="35.95555839" lon="120.20877595"><ele>-19.93000030517578</ele><time>2022-06-03T12:58:25Z</time><extensions><gpxtpx:TrackPointExtension><gpxtpx:hr>170</gpxtpx:hr><gpxtpx:cad>88</gpxtpx:cad></gpxtpx:TrackPointExtension></extensions></trkpt><trkpt lat="35.95556105" lon="120.20875829"><ele>-19.889999389648438</ele><time>2022-06-03T12:58:26Z</time><extensions><gpxtpx:TrackPointExtension><gpxtpx:hr>169</gpxtpx:hr><gpxtpx:cad>88</gpxtpx:cad></gpxtpx:TrackPointExtension></extensions></trkpt><trkpt lat="35.95556238" lon="120.20873796"><ele>-19.84000015258789</ele><time>2022-06-03T12:58:27Z</time><extensions><gpxtpx:TrackPointExtension><gpxtpx:hr>169</gpxtpx:hr><gpxtpx:cad>88</gpxtpx:cad></gpxtpx:TrackPointExtension></extensions></trkpt><trkpt lat="35.95556404" lon="120.20871563"><ele>-19.790000915527344</ele><time>2022-06-03T12:58:28Z</time><extensions><gpxtpx:TrackPointExtension><gpxtpx:hr>169</gpxtpx:hr><gpxtpx:cad>88</gpxtpx:cad></gpxtpx:TrackPointExtension></extensions></trkpt><trkpt lat="35.95556371" lon="120.20869297"><ele>-19.709999084472656</ele><time>2022-06-03T12:58:29Z</time><extensions><gpxtpx:TrackPointExtension><gpxtpx:hr>170</gpxtpx:hr><gpxtpx:cad>88</gpxtpx:cad></gpxtpx:TrackPointExtension></extensions></trkpt><trkpt lat="35.95556404" lon="120.20867031"><ele>-19.6299991607666</ele><time>2022-06-03T12:58:30Z</time><extensions><gpxtpx:TrackPointExtension><gpxtpx:hr>172</gpxtpx:hr><gpxtpx:cad>88</gpxtpx:cad></gpxtpx:TrackPointExtension></extensions></trkpt><trkpt lat="35.95556304" lon="120.20864432"><ele>-19.56999969482422</ele><time>2022-06-03T12:58:31Z</time><extensions><gpxtpx:TrackPointExtension><gpxtpx:hr>173</gpxtpx:hr><gpxtpx:cad>88</gpxtpx:cad></gpxtpx:TrackPointExtension></extensions></trkpt><trkpt lat="35.95556205" lon="120.20861899"><ele>-19.520000457763672</ele><time>2022-06-03T12:58:32Z</time><extensions><gpxtpx:TrackPointExtension><gpxtpx:hr>172</gpxtpx:hr><gpxtpx:cad>88</gpxtpx:cad></gpxtpx:TrackPointExtension></extensions></trkpt><trkpt lat="35.95556072" lon="120.208594"><ele>-19.420000076293945</ele><time>2022-06-03T12:58:33Z</time><extensions><gpxtpx:TrackPointExtension><gpxtpx:hr>172</gpxtpx:hr><gpxtpx:cad>88</gpxtpx:cad></gpxtpx:TrackPointExtension></extensions></trkpt><trkpt lat="35.95556006" lon="120.208571"><ele>-19.34000015258789</ele><time>2022-06-03T12:58:34Z</time><extensions><gpxtpx:TrackPointExtension><gpxtpx:hr>173</gpxtpx:hr><gpxtpx:cad>89</gpxtpx:cad></gpxtpx:TrackPointExtension></extensions></trkpt><trkpt lat="35.95555973" lon="120.20854834"><ele>-19.270000457763672</ele><time>2022-06-03T12:58:35Z</time><extensions><gpxtpx:TrackPointExtension><gpxtpx:hr>173</gpxtpx:hr><gpxtpx:cad>89</gpxtpx:cad></gpxtpx:TrackPointExtension></extensions></trkpt><trkpt lat="35.95555973" lon="120.20852468"><ele>-19.209999084472656</ele><time>2022-06-03T12:58:36Z</time><extensions><gpxtpx:TrackPointExtension><gpxtpx:hr>173</gpxtpx:hr><gpxtpx:cad>89</gpxtpx:cad></gpxtpx:TrackPointExtension></extensions></trkpt><trkpt lat="35.95556006" lon="120.20850035"><ele>-19.170000076293945</ele><time>2022-06-03T12:58:37Z</time><extensions><gpxtpx:TrackPointExtension><gpxtpx:hr>173</gpxtpx:hr><gpxtpx:cad>89</gpxtpx:cad></gpxtpx:TrackPointExtension></extensions></trkpt><trkpt lat="35.9555594" lon="120.20847536"><ele>-19.1200008392334</ele><time>2022-06-03T12:58:38Z</time><extensions><gpxtpx:TrackPointExtension><gpxtpx:hr>173</gpxtpx:hr><gpxtpx:cad>89</gpxtpx:cad></gpxtpx:TrackPointExtension></extensions></trkpt><trkpt lat="35.95555807" lon="120.20845036"><ele>-19.09000015258789</ele><time>2022-06-03T12:58:39Z</time><extensions><gpxtpx:TrackPointExtension><gpxtpx:hr>174</gpxtpx:hr><gpxtpx:cad>89</gpxtpx:cad></gpxtpx:TrackPointExtension></extensions></trkpt><trkpt lat="35.95555708" lon="120.20842403"><ele>-19.040000915527344</ele><time>2022-06-03T12:58:40Z</time><extensions><gpxtpx:TrackPointExtension><gpxtpx:hr>176</gpxtpx:hr><gpxtpx:cad>90</gpxtpx:cad></gpxtpx:TrackPointExtension></extensions></trkpt><trkpt lat="35.95555642" lon="120.20839804"><ele>-18.959999084472656</ele><time>2022-06-03T12:58:41Z</time><extensions><gpxtpx:TrackPointExtension><gpxtpx:hr>177</gpxtpx:hr><gpxtpx:cad>90</gpxtpx:cad></gpxtpx:TrackPointExtension></extensions></trkpt><trkpt lat="35.95555476" lon="120.20837204"><ele>-18.889999389648438</ele><time>2022-06-03T12:58:42Z</time><extensions><gpxtpx:TrackPointExtension><gpxtpx:hr>178</gpxtpx:hr><gpxtpx:cad>90</gpxtpx:cad></gpxtpx:TrackPointExtension></extensions></trkpt><trkpt lat="35.95555377" lon="120.20834738"><ele>-18.84000015258789</ele><time>2022-06-03T12:58:43Z</time><extensions><gpxtpx:TrackPointExtension><gpxtpx:hr>179</gpxtpx:hr><gpxtpx:cad>90</gpxtpx:cad></gpxtpx:TrackPointExtension></extensions></trkpt><trkpt lat="35.95555311" lon="120.20832372"><ele>-18.790000915527344</ele><time>2022-06-03T12:58:44Z</time><extensions><gpxtpx:TrackPointExtension><gpxtpx:hr>179</gpxtpx:hr><gpxtpx:cad>90</gpxtpx:cad></gpxtpx:TrackPointExtension></extensions></trkpt><trkpt lat="35.95555377" lon="120.20830039"><ele>-18.780000686645508</ele><time>2022-06-03T12:58:45Z</time><extensions><gpxtpx:TrackPointExtension><gpxtpx:hr>178</gpxtpx:hr><gpxtpx:cad>90</gpxtpx:cad></gpxtpx:TrackPointExtension></extensions></trkpt><trkpt lat="35.95555543" lon="120.2082774"><ele>-18.760000228881836</ele><time>2022-06-03T12:58:46Z</time><extensions><gpxtpx:TrackPointExtension><gpxtpx:hr>178</gpxtpx:hr><gpxtpx:cad>90</gpxtpx:cad></gpxtpx:TrackPointExtension></extensions></trkpt><trkpt lat="35.95555676" lon="120.20825374"><ele>-18.75</ele><time>2022-06-03T12:58:47Z</time><extensions><gpxtpx:TrackPointExtension><gpxtpx:hr>178</gpxtpx:hr><gpxtpx:cad>90</gpxtpx:cad></gpxtpx:TrackPointExtension></extensions></trkpt><trkpt lat="35.95555842" lon="120.20822908"><ele>-18.729999542236328</ele><time>2022-06-03T12:58:48Z</time><extensions><gpxtpx:TrackPointExtension><gpxtpx:hr>177</gpxtpx:hr><gpxtpx:cad>90</gpxtpx:cad></gpxtpx:TrackPointExtension></extensions></trkpt><trkpt lat="35.95555842" lon="120.20820375"><ele>-18.719999313354492</ele><time>2022-06-03T12:58:49Z</time><extensions><gpxtpx:TrackPointExtension><gpxtpx:hr>176</gpxtpx:hr><gpxtpx:cad>89</gpxtpx:cad></gpxtpx:TrackPointExtension></extensions></trkpt><trkpt lat="35.95555975" lon="120.20817876"><ele>-18.709999084472656</ele><time>2022-06-03T12:58:50Z</time><extensions><gpxtpx:TrackPointExtension><gpxtpx:hr>176</gpxtpx:hr><gpxtpx:cad>89</gpxtpx:cad></gpxtpx:TrackPointExtension></extensions></trkpt><trkpt lat="35.95555942" lon="120.20815343"><ele>-18.690000534057617</ele><time>2022-06-03T12:58:51Z</time><extensions><gpxtpx:TrackPointExtension><gpxtpx:hr>177</gpxtpx:hr><gpxtpx:cad>89</gpxtpx:cad></gpxtpx:TrackPointExtension></extensions></trkpt><trkpt lat="35.95555742" lon="120.2081281"><ele>-18.649999618530273</ele><time>2022-06-03T12:58:52Z</time><extensions><gpxtpx:TrackPointExtension><gpxtpx:hr>178</gpxtpx:hr><gpxtpx:cad>89</gpxtpx:cad></gpxtpx:TrackPointExtension></extensions></trkpt><trkpt lat="35.95555409" lon="120.20810377"><ele>-18.6299991607666</ele><time>2022-06-03T12:58:53Z</time><extensions><gpxtpx:TrackPointExtension><gpxtpx:hr>177</gpxtpx:hr><gpxtpx:cad>88</gpxtpx:cad></gpxtpx:TrackPointExtension></extensions></trkpt><trkpt lat="35.95554943" lon="120.20807944"><ele>-18.6200008392334</ele><time>2022-06-03T12:58:54Z</time><extensions><gpxtpx:TrackPointExtension><gpxtpx:hr>176</gpxtpx:hr><gpxtpx:cad>88</gpxtpx:cad></gpxtpx:TrackPointExtension></extensions></trkpt><trkpt lat="35.9555441" lon="120.20805645"><ele>-18.600000381469727</ele><time>2022-06-03T12:58:55Z</time><extensions><gpxtpx:TrackPointExtension><gpxtpx:hr>175</gpxtpx:hr><gpxtpx:cad>88</gpxtpx:cad></gpxtpx:TrackPointExtension></extensions></trkpt><trkpt lat="35.95553644" lon="120.20803512"><ele>-18.559999465942383</ele><time>2022-06-03T12:58:56Z</time><extensions><gpxtpx:TrackPointExtension><gpxtpx:hr>175</gpxtpx:hr><gpxtpx:cad>89</gpxtpx:cad></gpxtpx:TrackPointExtension></extensions></trkpt><trkpt lat="35.95552711" lon="120.20801546"><ele>-18.540000915527344</ele><time>2022-06-03T12:58:57Z</time><extensions><gpxtpx:TrackPointExtension><gpxtpx:hr>175</gpxtpx:hr><gpxtpx:cad>88</gpxtpx:cad></gpxtpx:TrackPointExtension></extensions></trkpt><trkpt lat="35.95551712" lon="120.20799747"><ele>-18.520000457763672</ele><time>2022-06-03T12:58:58Z</time><extensions><gpxtpx:TrackPointExtension><gpxtpx:hr>175</gpxtpx:hr><gpxtpx:cad>88</gpxtpx:cad></gpxtpx:TrackPointExtension></extensions></trkpt><trkpt lat="35.95550379" lon="120.20797814"><ele>-18.479999542236328</ele><time>2022-06-03T12:58:59Z</time><extensions><gpxtpx:TrackPointExtension><gpxtpx:hr>175</gpxtpx:hr><gpxtpx:cad>87</gpxtpx:cad></gpxtpx:TrackPointExtension></extensions></trkpt><trkpt lat="35.95548813" lon="120.20796314"><ele>-18.459999084472656</ele><time>2022-06-03T12:59:00Z</time><extensions><gpxtpx:TrackPointExtension><gpxtpx:hr>174</gpxtpx:hr><gpxtpx:cad>87</gpxtpx:cad></gpxtpx:TrackPointExtension></extensions></trkpt><trkpt lat="35.9554708" lon="120.20795115"><ele>-18.520000457763672</ele><time>2022-06-03T12:59:01Z</time><extensions><gpxtpx:TrackPointExtension><gpxtpx:hr>174</gpxtpx:hr><gpxtpx:cad>88</gpxtpx:cad></gpxtpx:TrackPointExtension></extensions></trkpt><trkpt lat="35.95545247" lon="120.20794216"><ele>-18.520000457763672</ele><time>2022-06-03T12:59:02Z</time><extensions><gpxtpx:TrackPointExtension><gpxtpx:hr>174</gpxtpx:hr><gpxtpx:cad>88</gpxtpx:cad></gpxtpx:TrackPointExtension></extensions></trkpt><trkpt lat="35.95543314" lon="120.20793617"><ele>-18.600000381469727</ele><time>2022-06-03T12:59:03Z</time><extensions><gpxtpx:TrackPointExtension><gpxtpx:hr>174</gpxtpx:hr><gpxtpx:cad>88</gpxtpx:cad></gpxtpx:TrackPointExtension></extensions></trkpt><trkpt lat="35.95541481" lon="120.20793251"><ele>-18.700000762939453</ele><time>2022-06-03T12:59:04Z</time><extensions><gpxtpx:TrackPointExtension><gpxtpx:hr>174</gpxtpx:hr><gpxtpx:cad>88</gpxtpx:cad></gpxtpx:TrackPointExtension></extensions></trkpt><trkpt lat="35.95539582" lon="120.20793052"><ele>-18.709999084472656</ele><time>2022-06-03T12:59:05Z</time><extensions><gpxtpx:TrackPointExtension><gpxtpx:hr>175</gpxtpx:hr><gpxtpx:cad>89</gpxtpx:cad></gpxtpx:TrackPointExtension></extensions></trkpt><trkpt lat="35.95537316" lon="120.20793052"><ele>-18.799999237060547</ele><time>2022-06-03T12:59:06Z</time><extensions><gpxtpx:TrackPointExtension><gpxtpx:hr>175</gpxtpx:hr><gpxtpx:cad>89</gpxtpx:cad></gpxtpx:TrackPointExtension></extensions></trkpt><trkpt lat="35.95535283" lon="120.20793251"><ele>-18.81999969482422</ele><time>2022-06-03T12:59:07Z</time><extensions><gpxtpx:TrackPointExtension><gpxtpx:hr>176</gpxtpx:hr><gpxtpx:cad>89</gpxtpx:cad></gpxtpx:TrackPointExtension></extensions></trkpt><trkpt lat="35.95533284" lon="120.2079345"><ele>-18.940000534057617</ele><time>2022-06-03T12:59:08Z</time><extensions><gpxtpx:TrackPointExtension><gpxtpx:hr>176</gpxtpx:hr><gpxtpx:cad>89</gpxtpx:cad></gpxtpx:TrackPointExtension></extensions></trkpt><trkpt lat="35.95531385" lon="120.2079375"><ele>-18.950000762939453</ele><time>2022-06-03T12:59:09Z</time><extensions><gpxtpx:TrackPointExtension><gpxtpx:hr>176</gpxtpx:hr><gpxtpx:cad>88</gpxtpx:cad></gpxtpx:TrackPointExtension></extensions></trkpt><trkpt lat="35.95529519" lon="120.20794116"><ele>-19.030000686645508</ele><time>2022-06-03T12:59:10Z</time><extensions><gpxtpx:TrackPointExtension><gpxtpx:hr>176</gpxtpx:hr><gpxtpx:cad>89</gpxtpx:cad></gpxtpx:TrackPointExtension></extensions></trkpt><trkpt lat="35.95527619" lon="120.20794582"><ele>-19.030000686645508</ele><time>2022-06-03T12:59:11Z</time><extensions><gpxtpx:TrackPointExtension><gpxtpx:hr>176</gpxtpx:hr><gpxtpx:cad>88</gpxtpx:cad></gpxtpx:TrackPointExtension></extensions></trkpt><trkpt lat="35.95525686" lon="120.20794882"><ele>-19.1200008392334</ele><time>2022-06-03T12:59:12Z</time><extensions><gpxtpx:TrackPointExtension><gpxtpx:hr>176</gpxtpx:hr><gpxtpx:cad>88</gpxtpx:cad></gpxtpx:TrackPointExtension></extensions></trkpt><trkpt lat="35.9552372" lon="120.20795148"><ele>-19.18000030517578</ele><time>2022-06-03T12:59:13Z</time><extensions><gpxtpx:TrackPointExtension><gpxtpx:hr>176</gpxtpx:hr><gpxtpx:cad>89</gpxtpx:cad></gpxtpx:TrackPointExtension></extensions></trkpt><trkpt lat="35.95521721" lon="120.20795448"><ele>-19.270000457763672</ele><time>2022-06-03T12:59:14Z</time><extensions><gpxtpx:TrackPointExtension><gpxtpx:hr>176</gpxtpx:hr><gpxtpx:cad>89</gpxtpx:cad></gpxtpx:TrackPointExtension></extensions></trkpt><trkpt lat="35.95519755" lon="120.20795848"><ele>-19.309999465942383</ele><time>2022-06-03T12:59:15Z</time><extensions><gpxtpx:TrackPointExtension><gpxtpx:hr>177</gpxtpx:hr><gpxtpx:cad>89</gpxtpx:cad></gpxtpx:TrackPointExtension></extensions></trkpt><trkpt lat="35.95517756" lon="120.20796181"><ele>-19.3700008392334</ele><time>2022-06-03T12:59:16Z</time><extensions><gpxtpx:TrackPointExtension><gpxtpx:hr>177</gpxtpx:hr><gpxtpx:cad>89</gpxtpx:cad></gpxtpx:TrackPointExtension></extensions></trkpt><trkpt lat="35.9551579" lon="120.20796681"><ele>-19.3700008392334</ele><time>2022-06-03T12:59:17Z</time><extensions><gpxtpx:TrackPointExtension><gpxtpx:hr>177</gpxtpx:hr><gpxtpx:cad>89</gpxtpx:cad></gpxtpx:TrackPointExtension></extensions></trkpt><trkpt lat="35.95513791" lon="120.20797081"><ele>-19.3700008392334</ele><time>2022-06-03T12:59:18Z</time><extensions><gpxtpx:TrackPointExtension><gpxtpx:hr>176</gpxtpx:hr><gpxtpx:cad>89</gpxtpx:cad></gpxtpx:TrackPointExtension></extensions></trkpt><trkpt lat="35.95511692" lon="120.20797614"><ele>-19.450000762939453</ele><time>2022-06-03T12:59:19Z</time><extensions><gpxtpx:TrackPointExtension><gpxtpx:hr>175</gpxtpx:hr><gpxtpx:cad>89</gpxtpx:cad></gpxtpx:TrackPointExtension></extensions></trkpt><trkpt lat="35.95509626" lon="120.2079808"><ele>-19.469999313354492</ele><time>2022-06-03T12:59:20Z</time><extensions><gpxtpx:TrackPointExtension><gpxtpx:hr>174</gpxtpx:hr><gpxtpx:cad>89</gpxtpx:cad></gpxtpx:TrackPointExtension></extensions></trkpt><trkpt lat="35.95507527" lon="120.20798713"><ele>-19.5</ele><time>2022-06-03T12:59:21Z</time><extensions><gpxtpx:TrackPointExtension><gpxtpx:hr>174</gpxtpx:hr><gpxtpx:cad>87</gpxtpx:cad></gpxtpx:TrackPointExtension></extensions></trkpt><trkpt lat="35.95505427" lon="120.20799279"><ele>-19.5</ele><time>2022-06-03T12:59:22Z</time><extensions><gpxtpx:TrackPointExtension><gpxtpx:hr>174</gpxtpx:hr><gpxtpx:cad>88</gpxtpx:cad></gpxtpx:TrackPointExtension></extensions></trkpt><trkpt lat="35.95503428" lon="120.20799845"><ele>-19.600000381469727</ele><time>2022-06-03T12:59:23Z</time><extensions><gpxtpx:TrackPointExtension><gpxtpx:hr>174</gpxtpx:hr><gpxtpx:cad>88</gpxtpx:cad></gpxtpx:TrackPointExtension></extensions></trkpt><trkpt lat="35.95501429" lon="120.20800345"><ele>-19.6299991607666</ele><time>2022-06-03T12:59:24Z</time><extensions><gpxtpx:TrackPointExtension><gpxtpx:hr>175</gpxtpx:hr><gpxtpx:cad>89</gpxtpx:cad></gpxtpx:TrackPointExtension></extensions></trkpt><trkpt lat="35.95499496" lon="120.20800744"><ele>-19.649999618530273</ele><time>2022-06-03T12:59:25Z</time><extensions><gpxtpx:TrackPointExtension><gpxtpx:hr>176</gpxtpx:hr><gpxtpx:cad>88</gpxtpx:cad></gpxtpx:TrackPointExtension></extensions></trkpt><trkpt lat="35.95497596" lon="120.2080111"><ele>-19.68000030517578</ele><time>2022-06-03T12:59:26Z</time><extensions><gpxtpx:TrackPointExtension><gpxtpx:hr>177</gpxtpx:hr><gpxtpx:cad>88</gpxtpx:cad></gpxtpx:TrackPointExtension></extensions></trkpt><trkpt lat="35.9549573" lon="120.2080141"><ele>-19.670000076293945</ele><time>2022-06-03T12:59:27Z</time><extensions><gpxtpx:TrackPointExtension><gpxtpx:hr>177</gpxtpx:hr><gpxtpx:cad>88</gpxtpx:cad></gpxtpx:TrackPointExtension></extensions></trkpt><trkpt lat="35.9549393" lon="120.20801776"><ele>-19.649999618530273</ele><time>2022-06-03T12:59:28Z</time><extensions><gpxtpx:TrackPointExtension><gpxtpx:hr>177</gpxtpx:hr><gpxtpx:cad>88</gpxtpx:cad></gpxtpx:TrackPointExtension></extensions></trkpt><trkpt lat="35.95492131" lon="120.20802176"><ele>-19.639999389648438</ele><time>2022-06-03T12:59:29Z</time><extensions><gpxtpx:TrackPointExtension><gpxtpx:hr>177</gpxtpx:hr><gpxtpx:cad>88</gpxtpx:cad></gpxtpx:TrackPointExtension></extensions></trkpt><trkpt lat="35.95490465" lon="120.20802509"><ele>-19.6299991607666</ele><time>2022-06-03T12:59:30Z</time><extensions><gpxtpx:TrackPointExtension><gpxtpx:hr>178</gpxtpx:hr><gpxtpx:cad>88</gpxtpx:cad></gpxtpx:TrackPointExtension></extensions></trkpt><trkpt lat="35.95488865" lon="120.20802742"><ele>-19.639999389648438</ele><time>2022-06-03T12:59:31Z</time><extensions><gpxtpx:TrackPointExtension><gpxtpx:hr>178</gpxtpx:hr><gpxtpx:cad>88</gpxtpx:cad></gpxtpx:TrackPointExtension></extensions></trkpt><trkpt lat="35.95487232" lon="120.20803075"><ele>-19.649999618530273</ele><time>2022-06-03T12:59:32Z</time><extensions><gpxtpx:TrackPointExtension><gpxtpx:hr>178</gpxtpx:hr><gpxtpx:cad>88</gpxtpx:cad></gpxtpx:TrackPointExtension></extensions></trkpt><trkpt lat="35.95485466" lon="120.20803708"><ele>-19.709999084472656</ele><time>2022-06-03T12:59:33Z</time><extensions><gpxtpx:TrackPointExtension><gpxtpx:hr>178</gpxtpx:hr><gpxtpx:cad>88</gpxtpx:cad></gpxtpx:TrackPointExtension></extensions></trkpt><trkpt lat="35.95483567" lon="120.20804541"><ele>-19.790000915527344</ele><time>2022-06-03T12:59:34Z</time><extensions><gpxtpx:TrackPointExtension><gpxtpx:hr>178</gpxtpx:hr><gpxtpx:cad>88</gpxtpx:cad></gpxtpx:TrackPointExtension></extensions></trkpt><trkpt lat="35.95481534" lon="120.20805507"><ele>-19.8700008392334</ele><time>2022-06-03T12:59:35Z</time><extensions><gpxtpx:TrackPointExtension><gpxtpx:hr>178</gpxtpx:hr><gpxtpx:cad>88</gpxtpx:cad></gpxtpx:TrackPointExtension></extensions></trkpt><trkpt lat="35.95479501" lon="120.20806706"><ele>-19.940000534057617</ele><time>2022-06-03T12:59:36Z</time><extensions><gpxtpx:TrackPointExtension><gpxtpx:hr>178</gpxtpx:hr><gpxtpx:cad>88</gpxtpx:cad></gpxtpx:TrackPointExtension></extensions></trkpt><trkpt lat="35.95477435" lon="120.20807872"><ele>-20.059999465942383</ele><time>2022-06-03T12:59:37Z</time><extensions><gpxtpx:TrackPointExtension><gpxtpx:hr>178</gpxtpx:hr><gpxtpx:cad>88</gpxtpx:cad></gpxtpx:TrackPointExtension></extensions></trkpt><trkpt lat="35.95475369" lon="120.20808938"><ele>-20.100000381469727</ele><time>2022-06-03T12:59:38Z</time><extensions><gpxtpx:TrackPointExtension><gpxtpx:hr>178</gpxtpx:hr><gpxtpx:cad>89</gpxtpx:cad></gpxtpx:TrackPointExtension></extensions></trkpt><trkpt lat="35.95473236" lon="120.20810071"><ele>-20.209999084472656</ele><time>2022-06-03T12:59:39Z</time><extensions><gpxtpx:TrackPointExtension><gpxtpx:hr>178</gpxtpx:hr><gpxtpx:cad>88</gpxtpx:cad></gpxtpx:TrackPointExtension></extensions></trkpt><trkpt lat="35.95471203" lon="120.20810804"><ele>-20.280000686645508</ele><time>2022-06-03T12:59:40Z</time><extensions><gpxtpx:TrackPointExtension><gpxtpx:hr>179</gpxtpx:hr><gpxtpx:cad>89</gpxtpx:cad></gpxtpx:TrackPointExtension></extensions></trkpt><trkpt lat="35.95469237" lon="120.20811304"><ele>-20.3700008392334</ele><time>2022-06-03T12:59:41Z</time><extensions><gpxtpx:TrackPointExtension><gpxtpx:hr>179</gpxtpx:hr><gpxtpx:cad>88</gpxtpx:cad></gpxtpx:TrackPointExtension></extensions></trkpt><trkpt lat="35.95467204" lon="120.2081167"><ele>-20.420000076293945</ele><time>2022-06-03T12:59:42Z</time><extensions><gpxtpx:TrackPointExtension><gpxtpx:hr>179</gpxtpx:hr><gpxtpx:cad>88</gpxtpx:cad></gpxtpx:TrackPointExtension></extensions></trkpt><trkpt lat="35.95465205" lon="120.20812036"><ele>-20.510000228881836</ele><time>2022-06-03T12:59:43Z</time><extensions><gpxtpx:TrackPointExtension><gpxtpx:hr>178</gpxtpx:hr><gpxtpx:cad>89</gpxtpx:cad></gpxtpx:TrackPointExtension></extensions></trkpt><trkpt lat="35.95463239" lon="120.20812536"><ele>-20.520000457763672</ele><time>2022-06-03T12:59:44Z</time><extensions><gpxtpx:TrackPointExtension><gpxtpx:hr>178</gpxtpx:hr><gpxtpx:cad>89</gpxtpx:cad></gpxtpx:TrackPointExtension></extensions></trkpt><trkpt lat="35.95461306" lon="120.20812869"><ele>-20.600000381469727</ele><time>2022-06-03T12:59:45Z</time><extensions><gpxtpx:TrackPointExtension><gpxtpx:hr>178</gpxtpx:hr><gpxtpx:cad>89</gpxtpx:cad></gpxtpx:TrackPointExtension></extensions></trkpt><trkpt lat="35.95459307" lon="120.20813235"><ele>-20.56999969482422</ele><time>2022-06-03T12:59:46Z</time><extensions><gpxtpx:TrackPointExtension><gpxtpx:hr>178</gpxtpx:hr><gpxtpx:cad>88</gpxtpx:cad></gpxtpx:TrackPointExtension></extensions></trkpt><trkpt lat="35.95457308" lon="120.20813668"><ele>-20.6299991607666</ele><time>2022-06-03T12:59:47Z</time><extensions><gpxtpx:TrackPointExtension><gpxtpx:hr>178</gpxtpx:hr><gpxtpx:cad>88</gpxtpx:cad></gpxtpx:TrackPointExtension></extensions></trkpt><trkpt lat="35.95455309" lon="120.20814101"><ele>-20.690000534057617</ele><time>2022-06-03T12:59:48Z</time><extensions><gpxtpx:TrackPointExtension><gpxtpx:hr>178</gpxtpx:hr><gpxtpx:cad>88</gpxtpx:cad></gpxtpx:TrackPointExtension></extensions></trkpt><trkpt lat="35.95453376" lon="120.20814434"><ele>-20.729999542236328</ele><time>2022-06-03T12:59:49Z</time><extensions><gpxtpx:TrackPointExtension><gpxtpx:hr>178</gpxtpx:hr><gpxtpx:cad>88</gpxtpx:cad></gpxtpx:TrackPointExtension></extensions></trkpt><trkpt lat="35.95451343" lon="120.20815033"><ele>-20.770000457763672</ele><time>2022-06-03T12:59:50Z</time><extensions><gpxtpx:TrackPointExtension><gpxtpx:hr>178</gpxtpx:hr><gpxtpx:cad>88</gpxtpx:cad></gpxtpx:TrackPointExtension></extensions></trkpt><trkpt lat="35.95449277" lon="120.20815766"><ele>-20.790000915527344</ele><time>2022-06-03T12:59:51Z</time><extensions><gpxtpx:TrackPointExtension><gpxtpx:hr>178</gpxtpx:hr><gpxtpx:cad>88</gpxtpx:cad></gpxtpx:TrackPointExtension></extensions></trkpt><trkpt lat="35.95447244" lon="120.20816499"><ele>-20.81999969482422</ele><time>2022-06-03T12:59:52Z</time><extensions><gpxtpx:TrackPointExtension><gpxtpx:hr>178</gpxtpx:hr><gpxtpx:cad>88</gpxtpx:cad></gpxtpx:TrackPointExtension></extensions></trkpt><trkpt lat="35.95445311" lon="120.20817265"><ele>-20.81999969482422</ele><time>2022-06-03T12:59:53Z</time><extensions><gpxtpx:TrackPointExtension><gpxtpx:hr>178</gpxtpx:hr><gpxtpx:cad>89</gpxtpx:cad></gpxtpx:TrackPointExtension></extensions></trkpt><trkpt lat="35.95443378" lon="120.20818064"><ele>-20.84000015258789</ele><time>2022-06-03T12:59:54Z</time><extensions><gpxtpx:TrackPointExtension><gpxtpx:hr>178</gpxtpx:hr><gpxtpx:cad>89</gpxtpx:cad></gpxtpx:TrackPointExtension></extensions></trkpt><trkpt lat="35.95441578" lon="120.20818897"><ele>-20.860000610351562</ele><time>2022-06-03T12:59:55Z</time><extensions><gpxtpx:TrackPointExtension><gpxtpx:hr>178</gpxtpx:hr><gpxtpx:cad>88</gpxtpx:cad></gpxtpx:TrackPointExtension></extensions></trkpt><trkpt lat="35.95439879" lon="120.20819796"><ele>-20.8700008392334</ele><time>2022-06-03T12:59:56Z</time><extensions><gpxtpx:TrackPointExtension><gpxtpx:hr>178</gpxtpx:hr><gpxtpx:cad>88</gpxtpx:cad></gpxtpx:TrackPointExtension></extensions></trkpt><trkpt lat="35.9543818" lon="120.20820796"><ele>-20.940000534057617</ele><time>2022-06-03T12:59:57Z</time><extensions><gpxtpx:TrackPointExtension><gpxtpx:hr>178</gpxtpx:hr><gpxtpx:cad>88</gpxtpx:cad></gpxtpx:TrackPointExtension></extensions></trkpt><trkpt lat="35.95436614" lon="120.20821862"><ele>-20.979999542236328</ele><time>2022-06-03T12:59:58Z</time><extensions><gpxtpx:TrackPointExtension><gpxtpx:hr>178</gpxtpx:hr><gpxtpx:cad>87</gpxtpx:cad></gpxtpx:TrackPointExtension></extensions></trkpt><trkpt lat="35.95435081" lon="120.20822895"><ele>-21.040000915527344</ele><time>2022-06-03T12:59:59Z</time><extensions><gpxtpx:TrackPointExtension><gpxtpx:hr>179</gpxtpx:hr><gpxtpx:cad>87</gpxtpx:cad></gpxtpx:TrackPointExtension></extensions></trkpt><trkpt lat="35.95433415" lon="120.20823961"><ele>-21.1299991607666</ele><time>2022-06-03T13:00:00Z</time><extensions><gpxtpx:TrackPointExtension><gpxtpx:hr>178</gpxtpx:hr><gpxtpx:cad>87</gpxtpx:cad></gpxtpx:TrackPointExtension></extensions></trkpt><trkpt lat="35.95432116" lon="120.20823994"><ele>-21.149999618530273</ele><time>2022-06-03T13:00:01Z</time><extensions><gpxtpx:TrackPointExtension><gpxtpx:hr>178</gpxtpx:hr><gpxtpx:cad>88</gpxtpx:cad></gpxtpx:TrackPointExtension></extensions></trkpt><trkpt lat="35.95430716" lon="120.20824193"><ele>-21.229999542236328</ele><time>2022-06-03T13:00:02Z</time><extensions><gpxtpx:TrackPointExtension><gpxtpx:hr>178</gpxtpx:hr><gpxtpx:cad>88</gpxtpx:cad></gpxtpx:TrackPointExtension></extensions></trkpt><trkpt lat="35.95429316" lon="120.20824559"><ele>-21.280000686645508</ele><time>2022-06-03T13:00:03Z</time><extensions><gpxtpx:TrackPointExtension><gpxtpx:hr>177</gpxtpx:hr><gpxtpx:cad>88</gpxtpx:cad></gpxtpx:TrackPointExtension></extensions></trkpt><trkpt lat="35.95427816" lon="120.20825025"><ele>-21.34000015258789</ele><time>2022-06-03T13:00:04Z</time><extensions><gpxtpx:TrackPointExtension><gpxtpx:hr>176</gpxtpx:hr><gpxtpx:cad>88</gpxtpx:cad></gpxtpx:TrackPointExtension></extensions></trkpt><trkpt lat="35.95426183" lon="120.20825691"><ele>-21.3700008392334</ele><time>2022-06-03T13:00:05Z</time><extensions><gpxtpx:TrackPointExtension><gpxtpx:hr>176</gpxtpx:hr><gpxtpx:cad>88</gpxtpx:cad></gpxtpx:TrackPointExtension></extensions></trkpt><trkpt lat="35.95424517" lon="120.20826457"><ele>-21.389999389648438</ele><time>2022-06-03T13:00:06Z</time><extensions><gpxtpx:TrackPointExtension><gpxtpx:hr>175</gpxtpx:hr><gpxtpx:cad>88</gpxtpx:cad></gpxtpx:TrackPointExtension></extensions></trkpt><trkpt lat="35.95422951" lon="120.2082729"><ele>-21.420000076293945</ele><time>2022-06-03T13:00:07Z</time><extensions><gpxtpx:TrackPointExtension><gpxtpx:hr>174</gpxtpx:hr><gpxtpx:cad>88</gpxtpx:cad></gpxtpx:TrackPointExtension></extensions></trkpt><trkpt lat="35.95421351" lon="120.20828289"><ele>-21.43000030517578</ele><time>2022-06-03T13:00:08Z</time><extensions><gpxtpx:TrackPointExtension><gpxtpx:hr>174</gpxtpx:hr><gpxtpx:cad>88</gpxtpx:cad></gpxtpx:TrackPointExtension></extensions></trkpt><trkpt lat="35.95419885" lon="120.20829355"><ele>-21.43000030517578</ele><time>2022-06-03T13:00:09Z</time><extensions><gpxtpx:TrackPointExtension><gpxtpx:hr>175</gpxtpx:hr><gpxtpx:cad>88</gpxtpx:cad></gpxtpx:TrackPointExtension></extensions></trkpt><trkpt lat="35.95418485" lon="120.20830588"><ele>-21.440000534057617</ele><time>2022-06-03T13:00:10Z</time><extensions><gpxtpx:TrackPointExtension><gpxtpx:hr>175</gpxtpx:hr><gpxtpx:cad>88</gpxtpx:cad></gpxtpx:TrackPointExtension></extensions></trkpt><trkpt lat="35.95416986" lon="120.20831821"><ele>-21.440000534057617</ele><time>2022-06-03T13:00:11Z</time><extensions><gpxtpx:TrackPointExtension><gpxtpx:hr>175</gpxtpx:hr><gpxtpx:cad>88</gpxtpx:cad></gpxtpx:TrackPointExtension></extensions></trkpt><trkpt lat="35.9541552" lon="120.20833154"><ele>-21.459999084472656</ele><time>2022-06-03T13:00:12Z</time><extensions><gpxtpx:TrackPointExtension><gpxtpx:hr>175</gpxtpx:hr><gpxtpx:cad>88</gpxtpx:cad></gpxtpx:TrackPointExtension></extensions></trkpt><trkpt lat="35.95413954" lon="120.20834587"><ele>-21.530000686645508</ele><time>2022-06-03T13:00:13Z</time><extensions><gpxtpx:TrackPointExtension><gpxtpx:hr>175</gpxtpx:hr><gpxtpx:cad>88</gpxtpx:cad></gpxtpx:TrackPointExtension></extensions></trkpt><trkpt lat="35.95412455" lon="120.2083612"><ele>-21.530000686645508</ele><time>2022-06-03T13:00:14Z</time><extensions><gpxtpx:TrackPointExtension><gpxtpx:hr>175</gpxtpx:hr><gpxtpx:cad>88</gpxtpx:cad></gpxtpx:TrackPointExtension></extensions></trkpt><trkpt lat="35.95411022" lon="120.20837886"><ele>-21.59000015258789</ele><time>2022-06-03T13:00:15Z</time><extensions><gpxtpx:TrackPointExtension><gpxtpx:hr>175</gpxtpx:hr><gpxtpx:cad>88</gpxtpx:cad></gpxtpx:TrackPointExtension></extensions></trkpt><trkpt lat="35.95409556" lon="120.20839652"><ele>-21.75</ele><time>2022-06-03T13:00:16Z</time><extensions><gpxtpx:TrackPointExtension><gpxtpx:hr>176</gpxtpx:hr><gpxtpx:cad>88</gpxtpx:cad></gpxtpx:TrackPointExtension></extensions></trkpt><trkpt lat="35.95407323" lon="120.20841751"><ele>-21.770000457763672</ele><time>2022-06-03T13:00:17Z</time><extensions><gpxtpx:TrackPointExtension><gpxtpx:hr>175</gpxtpx:hr><gpxtpx:cad>88</gpxtpx:cad></gpxtpx:TrackPointExtension></extensions></trkpt><trkpt lat="35.9540519" lon="120.20843751"><ele>-21.950000762939453</ele><time>2022-06-03T13:00:18Z</time><extensions><gpxtpx:TrackPointExtension><gpxtpx:hr>175</gpxtpx:hr><gpxtpx:cad>87</gpxtpx:cad></gpxtpx:TrackPointExtension></extensions></trkpt><trkpt lat="35.95403191" lon="120.20845684"><ele>-21.969999313354492</ele><time>2022-06-03T13:00:19Z</time><extensions><gpxtpx:TrackPointExtension><gpxtpx:hr>175</gpxtpx:hr><gpxtpx:cad>87</gpxtpx:cad></gpxtpx:TrackPointExtension></extensions></trkpt><trkpt lat="35.95401325" lon="120.20847483"><ele>-22.100000381469727</ele><time>2022-06-03T13:00:20Z</time><extensions><gpxtpx:TrackPointExtension><gpxtpx:hr>175</gpxtpx:hr><gpxtpx:cad>88</gpxtpx:cad></gpxtpx:TrackPointExtension></extensions></trkpt><trkpt lat="35.95399759" lon="120.20849449"><ele>-22.1200008392334</ele><time>2022-06-03T13:00:21Z</time><extensions><gpxtpx:TrackPointExtension><gpxtpx:hr>175</gpxtpx:hr><gpxtpx:cad>88</gpxtpx:cad></gpxtpx:TrackPointExtension></extensions></trkpt><trkpt lat="35.95398259" lon="120.20851415"><ele>-22.200000762939453</ele><time>2022-06-03T13:00:22Z</time><extensions><gpxtpx:TrackPointExtension><gpxtpx:hr>174</gpxtpx:hr><gpxtpx:cad>89</gpxtpx:cad></gpxtpx:TrackPointExtension></extensions></trkpt><trkpt lat="35.95396893" lon="120.20853315"><ele>-22.219999313354492</ele><time>2022-06-03T13:00:23Z</time><extensions><gpxtpx:TrackPointExtension><gpxtpx:hr>174</gpxtpx:hr><gpxtpx:cad>88</gpxtpx:cad></gpxtpx:TrackPointExtension></extensions></trkpt><trkpt lat="35.95395527" lon="120.20855114"><ele>-22.270000457763672</ele><time>2022-06-03T13:00:24Z</time><extensions><gpxtpx:TrackPointExtension><gpxtpx:hr>174</gpxtpx:hr><gpxtpx:cad>88</gpxtpx:cad></gpxtpx:TrackPointExtension></extensions></trkpt><trkpt lat="35.95394294" lon="120.20856947"><ele>-22.290000915527344</ele><time>2022-06-03T13:00:25Z</time><extensions><gpxtpx:TrackPointExtension><gpxtpx:hr>174</gpxtpx:hr><gpxtpx:cad>88</gpxtpx:cad></gpxtpx:TrackPointExtension></extensions></trkpt><trkpt lat="35.95393061" lon="120.20858746"><ele>-22.309999465942383</ele><time>2022-06-03T13:00:26Z</time><extensions><gpxtpx:TrackPointExtension><gpxtpx:hr>174</gpxtpx:hr><gpxtpx:cad>88</gpxtpx:cad></gpxtpx:TrackPointExtension></extensions></trkpt><trkpt lat="35.95391862" lon="120.20860546"><ele>-22.31999969482422</ele><time>2022-06-03T13:00:27Z</time><extensions><gpxtpx:TrackPointExtension><gpxtpx:hr>174</gpxtpx:hr><gpxtpx:cad>88</gpxtpx:cad></gpxtpx:TrackPointExtension></extensions></trkpt><trkpt lat="35.95390629" lon="120.20862212"><ele>-22.34000015258789</ele><time>2022-06-03T13:00:28Z</time><extensions><gpxtpx:TrackPointExtension><gpxtpx:hr>174</gpxtpx:hr><gpxtpx:cad>87</gpxtpx:cad></gpxtpx:TrackPointExtension></extensions></trkpt><trkpt lat="35.95389396" lon="120.20863878"><ele>-22.34000015258789</ele><time>2022-06-03T13:00:29Z</time><extensions><gpxtpx:TrackPointExtension><gpxtpx:hr>175</gpxtpx:hr><gpxtpx:cad>88</gpxtpx:cad></gpxtpx:TrackPointExtension></extensions></trkpt><trkpt lat="35.9538833" lon="120.20865644"><ele>-22.350000381469727</ele><time>2022-06-03T13:00:30Z</time><extensions><gpxtpx:TrackPointExtension><gpxtpx:hr>175</gpxtpx:hr><gpxtpx:cad>87</gpxtpx:cad></gpxtpx:TrackPointExtension></extensions></trkpt><trkpt lat="35.95387264" lon="120.2086761"><ele>-22.420000076293945</ele><time>2022-06-03T13:00:31Z</time><extensions><gpxtpx:TrackPointExtension><gpxtpx:hr>175</gpxtpx:hr><gpxtpx:cad>88</gpxtpx:cad></gpxtpx:TrackPointExtension></extensions></trkpt><trkpt lat="35.95386231" lon="120.2086971"><ele>-22.469999313354492</ele><time>2022-06-03T13:00:32Z</time><extensions><gpxtpx:TrackPointExtension><gpxtpx:hr>175</gpxtpx:hr><gpxtpx:cad>88</gpxtpx:cad></gpxtpx:TrackPointExtension></extensions></trkpt><trkpt lat="35.95385298" lon="120.20871776"><ele>-22.600000381469727</ele><time>2022-06-03T13:00:33Z</time><extensions><gpxtpx:TrackPointExtension><gpxtpx:hr>175</gpxtpx:hr><gpxtpx:cad>87</gpxtpx:cad></gpxtpx:TrackPointExtension></extensions></trkpt><trkpt lat="35.95384332" lon="120.20873809"><ele>-22.639999389648438</ele><time>2022-06-03T13:00:34Z</time><extensions><gpxtpx:TrackPointExtension><gpxtpx:hr>175</gpxtpx:hr><gpxtpx:cad>87</gpxtpx:cad></gpxtpx:TrackPointExtension></extensions></trkpt><trkpt lat="35.95383266" lon="120.20875842"><ele>-22.729999542236328</ele><time>2022-06-03T13:00:35Z</time><extensions><gpxtpx:TrackPointExtension><gpxtpx:hr>176</gpxtpx:hr><gpxtpx:cad>87</gpxtpx:cad></gpxtpx:TrackPointExtension></extensions></trkpt><trkpt lat="35.953821" lon="120.20877975"><ele>-22.760000228881836</ele><time>2022-06-03T13:00:36Z</time><extensions><gpxtpx:TrackPointExtension><gpxtpx:hr>176</gpxtpx:hr><gpxtpx:cad>87</gpxtpx:cad></gpxtpx:TrackPointExtension></extensions></trkpt><trkpt lat="35.95380967" lon="120.20879941"><ele>-22.809999465942383</ele><time>2022-06-03T13:00:37Z</time><extensions><gpxtpx:TrackPointExtension><gpxtpx:hr>176</gpxtpx:hr><gpxtpx:cad>87</gpxtpx:cad></gpxtpx:TrackPointExtension></extensions></trkpt><trkpt lat="35.95379734" lon="120.20881707"><ele>-22.81999969482422</ele><time>2022-06-03T13:00:38Z</time><extensions><gpxtpx:TrackPointExtension><gpxtpx:hr>175</gpxtpx:hr><gpxtpx:cad>87</gpxtpx:cad></gpxtpx:TrackPointExtension></extensions></trkpt><trkpt lat="35.95378601" lon="120.20883373"><ele>-22.84000015258789</ele><time>2022-06-03T13:00:39Z</time><extensions><gpxtpx:TrackPointExtension><gpxtpx:hr>175</gpxtpx:hr><gpxtpx:cad>87</gpxtpx:cad></gpxtpx:TrackPointExtension></extensions></trkpt><trkpt lat="35.95377568" lon="120.20885106"><ele>-22.84000015258789</ele><time>2022-06-03T13:00:40Z</time><extensions><gpxtpx:TrackPointExtension><gpxtpx:hr>175</gpxtpx:hr><gpxtpx:cad>87</gpxtpx:cad></gpxtpx:TrackPointExtension></extensions></trkpt><trkpt lat="35.95376568" lon="120.20886939"><ele>-22.8700008392334</ele><time>2022-06-03T13:00:41Z</time><extensions><gpxtpx:TrackPointExtension><gpxtpx:hr>176</gpxtpx:hr><gpxtpx:cad>87</gpxtpx:cad></gpxtpx:TrackPointExtension></extensions></trkpt><trkpt lat="35.95375702" lon="120.20888738"><ele>-22.889999389648438</ele><time>2022-06-03T13:00:42Z</time><extensions><gpxtpx:TrackPointExtension><gpxtpx:hr>177</gpxtpx:hr><gpxtpx:cad>87</gpxtpx:cad></gpxtpx:TrackPointExtension></extensions></trkpt><trkpt lat="35.95374969" lon="120.20890537"><ele>-22.93000030517578</ele><time>2022-06-03T13:00:43Z</time><extensions><gpxtpx:TrackPointExtension><gpxtpx:hr>177</gpxtpx:hr><gpxtpx:cad>87</gpxtpx:cad></gpxtpx:TrackPointExtension></extensions></trkpt><trkpt lat="35.95374236" lon="120.20892303"><ele>-22.950000762939453</ele><time>2022-06-03T13:00:44Z</time><extensions><gpxtpx:TrackPointExtension><gpxtpx:hr>177</gpxtpx:hr><gpxtpx:cad>87</gpxtpx:cad></gpxtpx:TrackPointExtension></extensions></trkpt><trkpt lat="35.9537347" lon="120.20894102"><ele>-22.950000762939453</ele><time>2022-06-03T13:00:45Z</time><extensions><gpxtpx:TrackPointExtension><gpxtpx:hr>177</gpxtpx:hr><gpxtpx:cad>87</gpxtpx:cad></gpxtpx:TrackPointExtension></extensions></trkpt><trkpt lat="35.95372637" lon="120.20895935"><ele>-23.020000457763672</ele><time>2022-06-03T13:00:46Z</time><extensions><gpxtpx:TrackPointExtension><gpxtpx:hr>177</gpxtpx:hr><gpxtpx:cad>87</gpxtpx:cad></gpxtpx:TrackPointExtension></extensions></trkpt><trkpt lat="35.95371738" lon="120.20897801"><ele>-23.020000457763672</ele><time>2022-06-03T13:00:47Z</time><extensions><gpxtpx:TrackPointExtension><gpxtpx:hr>177</gpxtpx:hr><gpxtpx:cad>87</gpxtpx:cad></gpxtpx:TrackPointExtension></extensions></trkpt><trkpt lat="35.95370805" lon="120.20899667"><ele>-23.059999465942383</ele><time>2022-06-03T13:00:48Z</time><extensions><gpxtpx:TrackPointExtension><gpxtpx:hr>177</gpxtpx:hr><gpxtpx:cad>87</gpxtpx:cad></gpxtpx:TrackPointExtension></extensions></trkpt><trkpt lat="35.95369805" lon="120.20901567"><ele>-23.06999969482422</ele><time>2022-06-03T13:00:49Z</time><extensions><gpxtpx:TrackPointExtension><gpxtpx:hr>176</gpxtpx:hr><gpxtpx:cad>87</gpxtpx:cad></gpxtpx:TrackPointExtension></extensions></trkpt><trkpt lat="35.95368739" lon="120.20903366"><ele>-23.059999465942383</ele><time>2022-06-03T13:00:50Z</time><extensions><gpxtpx:TrackPointExtension><gpxtpx:hr>176</gpxtpx:hr><gpxtpx:cad>87</gpxtpx:cad></gpxtpx:TrackPointExtension></extensions></trkpt><trkpt lat="35.9536774" lon="120.20905332"><ele>-23.049999237060547</ele><time>2022-06-03T13:00:51Z</time><extensions><gpxtpx:TrackPointExtension><gpxtpx:hr>177</gpxtpx:hr><gpxtpx:cad>87</gpxtpx:cad></gpxtpx:TrackPointExtension></extensions></trkpt><trkpt lat="35.95366774" lon="120.20907398"><ele>-23.059999465942383</ele><time>2022-06-03T13:00:52Z</time><extensions><gpxtpx:TrackPointExtension><gpxtpx:hr>177</gpxtpx:hr><gpxtpx:cad>87</gpxtpx:cad></gpxtpx:TrackPointExtension></extensions></trkpt><trkpt lat="35.95365741" lon="120.20909397"><ele>-23.06999969482422</ele><time>2022-06-03T13:00:53Z</time><extensions><gpxtpx:TrackPointExtension><gpxtpx:hr>178</gpxtpx:hr><gpxtpx:cad>87</gpxtpx:cad></gpxtpx:TrackPointExtension></extensions></trkpt><trkpt lat="35.95364708" lon="120.2091143"><ele>-23.09000015258789</ele><time>2022-06-03T13:00:54Z</time><extensions><gpxtpx:TrackPointExtension><gpxtpx:hr>178</gpxtpx:hr><gpxtpx:cad>87</gpxtpx:cad></gpxtpx:TrackPointExtension></extensions></trkpt><trkpt lat="35.95363742" lon="120.2091353"><ele>-23.1200008392334</ele><time>2022-06-03T13:00:55Z</time><extensions><gpxtpx:TrackPointExtension><gpxtpx:hr>178</gpxtpx:hr><gpxtpx:cad>87</gpxtpx:cad></gpxtpx:TrackPointExtension></extensions></trkpt><trkpt lat="35.95362709" lon="120.20915529"><ele>-23.139999389648438</ele><time>2022-06-03T13:00:56Z</time><extensions><gpxtpx:TrackPointExtension><gpxtpx:hr>178</gpxtpx:hr><gpxtpx:cad>87</gpxtpx:cad></gpxtpx:TrackPointExtension></extensions></trkpt><trkpt lat="35.95361676" lon="120.20917495"><ele>-23.200000762939453</ele><time>2022-06-03T13:00:57Z</time><extensions><gpxtpx:TrackPointExtension><gpxtpx:hr>178</gpxtpx:hr><gpxtpx:cad>87</gpxtpx:cad></gpxtpx:TrackPointExtension></extensions></trkpt><trkpt lat="35.9536071" lon="120.20919328"><ele>-23.219999313354492</ele><time>2022-06-03T13:00:58Z</time><extensions><gpxtpx:TrackPointExtension><gpxtpx:hr>178</gpxtpx:hr><gpxtpx:cad>86</gpxtpx:cad></gpxtpx:TrackPointExtension></extensions></trkpt><trkpt lat="35.95359844" lon="120.20921227"><ele>-23.229999542236328</ele><time>2022-06-03T13:00:59Z</time><extensions><gpxtpx:TrackPointExtension><gpxtpx:hr>178</gpxtpx:hr><gpxtpx:cad>86</gpxtpx:cad></gpxtpx:TrackPointExtension></extensions></trkpt><trkpt lat="35.95359011" lon="120.2092316"><ele>-23.219999313354492</ele><time>2022-06-03T13:01:00Z</time><extensions><gpxtpx:TrackPointExtension><gpxtpx:hr>179</gpxtpx:hr><gpxtpx:cad>87</gpxtpx:cad></gpxtpx:TrackPointExtension></extensions></trkpt><trkpt lat="35.95358145" lon="120.20925193"><ele>-23.219999313354492</ele><time>2022-06-03T13:01:01Z</time><extensions><gpxtpx:TrackPointExtension><gpxtpx:hr>179</gpxtpx:hr><gpxtpx:cad>87</gpxtpx:cad></gpxtpx:TrackPointExtension></extensions></trkpt><trkpt lat="35.95357212" lon="120.20927092"><ele>-23.209999084472656</ele><time>2022-06-03T13:01:02Z</time><extensions><gpxtpx:TrackPointExtension><gpxtpx:hr>179</gpxtpx:hr><gpxtpx:cad>86</gpxtpx:cad></gpxtpx:TrackPointExtension></extensions></trkpt><trkpt lat="35.95356179" lon="120.20929025"><ele>-23.219999313354492</ele><time>2022-06-03T13:01:03Z</time><extensions><gpxtpx:TrackPointExtension><gpxtpx:cad>86</gpxtpx:cad></gpxtpx:TrackPointExtension></extensions></trkpt><trkpt lat="35.95355179" lon="120.20930958"><ele>-23.229999542236328</ele><time>2022-06-03T13:01:04Z</time><extensions><gpxtpx:TrackPointExtension><gpxtpx:hr>179</gpxtpx:hr><gpxtpx:cad>86</gpxtpx:cad></gpxtpx:TrackPointExtension></extensions></trkpt><trkpt lat="35.95354146" lon="120.20932924"><ele>-23.25</ele><time>2022-06-03T13:01:05Z</time><extensions><gpxtpx:TrackPointExtension><gpxtpx:hr>178</gpxtpx:hr><gpxtpx:cad>86</gpxtpx:cad></gpxtpx:TrackPointExtension></extensions></trkpt><trkpt lat="35.95353146" lon="120.20934857"><ele>-23.299999237060547</ele><time>2022-06-03T13:01:06Z</time><extensions><gpxtpx:TrackPointExtension><gpxtpx:hr>178</gpxtpx:hr><gpxtpx:cad>87</gpxtpx:cad></gpxtpx:TrackPointExtension></extensions></trkpt><trkpt lat="35.9535208" lon="120.20936723"><ele>-23.299999237060547</ele><time>2022-06-03T13:01:07Z</time><extensions><gpxtpx:TrackPointExtension><gpxtpx:hr>178</gpxtpx:hr><gpxtpx:cad>87</gpxtpx:cad></gpxtpx:TrackPointExtension></extensions></trkpt><trkpt lat="35.95351114" lon="120.20938723"><ele>-23.299999237060547</ele><time>2022-06-03T13:01:08Z</time><extensions><gpxtpx:TrackPointExtension><gpxtpx:hr>178</gpxtpx:hr><gpxtpx:cad>87</gpxtpx:cad></gpxtpx:TrackPointExtension></extensions></trkpt><trkpt lat="35.95350114" lon="120.20940756"><ele>-23.290000915527344</ele><time>2022-06-03T13:01:09Z</time><extensions><gpxtpx:TrackPointExtension><gpxtpx:hr>178</gpxtpx:hr><gpxtpx:cad>87</gpxtpx:cad></gpxtpx:TrackPointExtension></extensions></trkpt><trkpt lat="35.95349115" lon="120.20942789"><ele>-23.280000686645508</ele><time>2022-06-03T13:01:10Z</time><extensions><gpxtpx:TrackPointExtension><gpxtpx:hr>178</gpxtpx:hr><gpxtpx:cad>87</gpxtpx:cad></gpxtpx:TrackPointExtension></extensions></trkpt><trkpt lat="35.95348149" lon="120.20944722"><ele>-23.25</ele><time>2022-06-03T13:01:11Z</time><extensions><gpxtpx:TrackPointExtension><gpxtpx:hr>178</gpxtpx:hr><gpxtpx:cad>87</gpxtpx:cad></gpxtpx:TrackPointExtension></extensions></trkpt><trkpt lat="35.95347083" lon="120.20946722"><ele>-23.25</ele><time>2022-06-03T13:01:12Z</time><extensions><gpxtpx:TrackPointExtension><gpxtpx:hr>178</gpxtpx:hr><gpxtpx:cad>87</gpxtpx:cad></gpxtpx:TrackPointExtension></extensions></trkpt><trkpt lat="35.9534605" lon="120.20948655"><ele>-23.149999618530273</ele><time>2022-06-03T13:01:13Z</time><extensions><gpxtpx:TrackPointExtension><gpxtpx:hr>178</gpxtpx:hr><gpxtpx:cad>87</gpxtpx:cad></gpxtpx:TrackPointExtension></extensions></trkpt><trkpt lat="35.95345084" lon="120.20950555"><ele>-23.1200008392334</ele><time>2022-06-03T13:01:14Z</time><extensions><gpxtpx:TrackPointExtension><gpxtpx:hr>178</gpxtpx:hr><gpxtpx:cad>87</gpxtpx:cad></gpxtpx:TrackPointExtension></extensions></trkpt><trkpt lat="35.95344085" lon="120.20952454"><ele>-23.1200008392334</ele><time>2022-06-03T13:01:15Z</time><extensions><gpxtpx:TrackPointExtension><gpxtpx:hr>177</gpxtpx:hr><gpxtpx:cad>87</gpxtpx:cad></gpxtpx:TrackPointExtension></extensions></trkpt><trkpt lat="35.95343152" lon="120.20954253"><ele>-23.18000030517578</ele><time>2022-06-03T13:01:16Z</time><extensions><gpxtpx:TrackPointExtension><gpxtpx:hr>177</gpxtpx:hr><gpxtpx:cad>87</gpxtpx:cad></gpxtpx:TrackPointExtension></extensions></trkpt><trkpt lat="35.95342253" lon="120.20956086"><ele>-23.25</ele><time>2022-06-03T13:01:17Z</time><extensions><gpxtpx:TrackPointExtension><gpxtpx:hr>177</gpxtpx:hr><gpxtpx:cad>87</gpxtpx:cad></gpxtpx:TrackPointExtension></extensions></trkpt><trkpt lat="35.95341354" lon="120.20958019"><ele>-23.25</ele><time>2022-06-03T13:01:18Z</time><extensions><gpxtpx:TrackPointExtension><gpxtpx:hr>177</gpxtpx:hr><gpxtpx:cad>87</gpxtpx:cad></gpxtpx:TrackPointExtension></extensions></trkpt><trkpt lat="35.95340288" lon="120.20960018"><ele>-23.309999465942383</ele><time>2022-06-03T13:01:19Z</time><extensions><gpxtpx:TrackPointExtension><gpxtpx:hr>176</gpxtpx:hr><gpxtpx:cad>87</gpxtpx:cad></gpxtpx:TrackPointExtension></extensions></trkpt><trkpt lat="35.95339255" lon="120.20962018"><ele>-23.309999465942383</ele><time>2022-06-03T13:01:20Z</time><extensions><gpxtpx:TrackPointExtension><gpxtpx:hr>176</gpxtpx:hr><gpxtpx:cad>87</gpxtpx:cad></gpxtpx:TrackPointExtension></extensions></trkpt><trkpt lat="35.95338255" lon="120.20963951"><ele>-23.31999969482422</ele><time>2022-06-03T13:01:21Z</time><extensions><gpxtpx:TrackPointExtension><gpxtpx:hr>176</gpxtpx:hr><gpxtpx:cad>87</gpxtpx:cad></gpxtpx:TrackPointExtension></extensions></trkpt><trkpt lat="35.95337289" lon="120.20965884"><ele>-23.299999237060547</ele><time>2022-06-03T13:01:22Z</time><extensions><gpxtpx:TrackPointExtension><gpxtpx:hr>176</gpxtpx:hr><gpxtpx:cad>87</gpxtpx:cad></gpxtpx:TrackPointExtension></extensions></trkpt><trkpt lat="35.95336223" lon="120.20967817"><ele>-23.280000686645508</ele><time>2022-06-03T13:01:23Z</time><extensions><gpxtpx:TrackPointExtension><gpxtpx:hr>176</gpxtpx:hr><gpxtpx:cad>85</gpxtpx:cad></gpxtpx:TrackPointExtension></extensions></trkpt><trkpt lat="35.9533509" lon="120.20969717"><ele>-23.25</ele><time>2022-06-03T13:01:24Z</time><extensions><gpxtpx:TrackPointExtension><gpxtpx:hr>176</gpxtpx:hr><gpxtpx:cad>86</gpxtpx:cad></gpxtpx:TrackPointExtension></extensions></trkpt><trkpt lat="35.9533399" lon="120.20971483"><ele>-23.219999313354492</ele><time>2022-06-03T13:01:25Z</time><extensions><gpxtpx:TrackPointExtension><gpxtpx:hr>176</gpxtpx:hr><gpxtpx:cad>86</gpxtpx:cad></gpxtpx:TrackPointExtension></extensions></trkpt><trkpt lat="35.95333157" lon="120.20973016"><ele>-23.209999084472656</ele><time>2022-06-03T13:01:26Z</time><extensions><gpxtpx:TrackPointExtension><gpxtpx:hr>176</gpxtpx:hr><gpxtpx:cad>86</gpxtpx:cad></gpxtpx:TrackPointExtension></extensions></trkpt><trkpt lat="35.95332424" lon="120.20974382"><ele>-23.290000915527344</ele><time>2022-06-03T13:01:27Z</time><extensions><gpxtpx:TrackPointExtension><gpxtpx:hr>176</gpxtpx:hr><gpxtpx:cad>86</gpxtpx:cad></gpxtpx:TrackPointExtension></extensions></trkpt><trkpt lat="35.95331758" lon="120.20975615"><ele>-23.360000610351562</ele><time>2022-06-03T13:01:28Z</time><extensions><gpxtpx:TrackPointExtension><gpxtpx:hr>176</gpxtpx:hr><gpxtpx:cad>86</gpxtpx:cad></gpxtpx:TrackPointExtension></extensions></trkpt><trkpt lat="35.95331159" lon="120.20976715"><ele>-23.420000076293945</ele><time>2022-06-03T13:01:29Z</time><extensions><gpxtpx:TrackPointExtension><gpxtpx:hr>176</gpxtpx:hr><gpxtpx:cad>86</gpxtpx:cad></gpxtpx:TrackPointExtension></extensions></trkpt><trkpt lat="35.95330593" lon="120.20977748"><ele>-23.459999084472656</ele><time>2022-06-03T13:01:30Z</time><extensions><gpxtpx:TrackPointExtension><gpxtpx:hr>177</gpxtpx:hr><gpxtpx:cad>86</gpxtpx:cad></gpxtpx:TrackPointExtension></extensions></trkpt><trkpt lat="35.9533006" lon="120.20978814"><ele>-23.520000457763672</ele><time>2022-06-03T13:01:31Z</time><extensions><gpxtpx:TrackPointExtension><gpxtpx:hr>177</gpxtpx:hr><gpxtpx:cad>86</gpxtpx:cad></gpxtpx:TrackPointExtension></extensions></trkpt><trkpt lat="35.95329461" lon="120.20979847"><ele>-23.559999465942383</ele><time>2022-06-03T13:01:32Z</time><extensions><gpxtpx:TrackPointExtension><gpxtpx:hr>177</gpxtpx:hr><gpxtpx:cad>86</gpxtpx:cad></gpxtpx:TrackPointExtension></extensions></trkpt><trkpt lat="35.95328795" lon="120.20980746"><ele>-23.610000610351562</ele><time>2022-06-03T13:01:33Z</time><extensions><gpxtpx:TrackPointExtension><gpxtpx:hr>177</gpxtpx:hr><gpxtpx:cad>86</gpxtpx:cad></gpxtpx:TrackPointExtension></extensions></trkpt><trkpt lat="35.95328029" lon="120.20981746"><ele>-23.6200008392334</ele><time>2022-06-03T13:01:34Z</time><extensions><gpxtpx:TrackPointExtension><gpxtpx:hr>177</gpxtpx:hr><gpxtpx:cad>86</gpxtpx:cad></gpxtpx:TrackPointExtension></extensions></trkpt><trkpt lat="35.9532713" lon="120.20982945"><ele>-23.639999389648438</ele><time>2022-06-03T13:01:35Z</time><extensions><gpxtpx:TrackPointExtension><gpxtpx:hr>177</gpxtpx:hr><gpxtpx:cad>86</gpxtpx:cad></gpxtpx:TrackPointExtension></extensions></trkpt><trkpt lat="35.9532613" lon="120.20984378"><ele>-23.6299991607666</ele><time>2022-06-03T13:01:36Z</time><extensions><gpxtpx:TrackPointExtension><gpxtpx:hr>177</gpxtpx:hr><gpxtpx:cad>86</gpxtpx:cad></gpxtpx:TrackPointExtension></extensions></trkpt><trkpt lat="35.9532503" lon="120.20985944"><ele>-23.6299991607666</ele><time>2022-06-03T13:01:37Z</time><extensions><gpxtpx:TrackPointExtension><gpxtpx:hr>177</gpxtpx:hr><gpxtpx:cad>86</gpxtpx:cad></gpxtpx:TrackPointExtension></extensions></trkpt><trkpt lat="35.95323764" lon="120.20987643"><ele>-23.6299991607666</ele><time>2022-06-03T13:01:38Z</time><extensions><gpxtpx:TrackPointExtension><gpxtpx:hr>176</gpxtpx:hr><gpxtpx:cad>86</gpxtpx:cad></gpxtpx:TrackPointExtension></extensions></trkpt><trkpt lat="35.95322464" lon="120.20989309"><ele>-23.6200008392334</ele><time>2022-06-03T13:01:39Z</time><extensions><gpxtpx:TrackPointExtension><gpxtpx:hr>176</gpxtpx:hr><gpxtpx:cad>86</gpxtpx:cad></gpxtpx:TrackPointExtension></extensions></trkpt><trkpt lat="35.95321231" lon="120.20991175"><ele>-23.6200008392334</ele><time>2022-06-03T13:01:40Z</time><extensions><gpxtpx:TrackPointExtension><gpxtpx:hr>177</gpxtpx:hr><gpxtpx:cad>87</gpxtpx:cad></gpxtpx:TrackPointExtension></extensions></trkpt><trkpt lat="35.95320065" lon="120.20993008"><ele>-23.6200008392334</ele><time>2022-06-03T13:01:41Z</time><extensions><gpxtpx:TrackPointExtension><gpxtpx:hr>175</gpxtpx:hr><gpxtpx:cad>86</gpxtpx:cad></gpxtpx:TrackPointExtension></extensions></trkpt><trkpt lat="35.95318766" lon="120.20994774"><ele>-23.6299991607666</ele><time>2022-06-03T13:01:42Z</time><extensions><gpxtpx:TrackPointExtension><gpxtpx:hr>174</gpxtpx:hr><gpxtpx:cad>87</gpxtpx:cad></gpxtpx:TrackPointExtension></extensions></trkpt><trkpt lat="35.95317466" lon="120.20996607"><ele>-23.6299991607666</ele><time>2022-06-03T13:01:43Z</time><extensions><gpxtpx:TrackPointExtension><gpxtpx:hr>174</gpxtpx:hr><gpxtpx:cad>87</gpxtpx:cad></gpxtpx:TrackPointExtension></extensions></trkpt><trkpt lat="35.95316133" lon="120.2099834"><ele>-23.6299991607666</ele><time>2022-06-03T13:01:44Z</time><extensions><gpxtpx:TrackPointExtension><gpxtpx:hr>174</gpxtpx:hr><gpxtpx:cad>87</gpxtpx:cad></gpxtpx:TrackPointExtension></extensions></trkpt><trkpt lat="35.95314767" lon="120.21000173"><ele>-23.610000610351562</ele><time>2022-06-03T13:01:45Z</time><extensions><gpxtpx:TrackPointExtension><gpxtpx:hr>174</gpxtpx:hr><gpxtpx:cad>87</gpxtpx:cad></gpxtpx:TrackPointExtension></extensions></trkpt><trkpt lat="35.95313401" lon="120.21002072"><ele>-23.56999969482422</ele><time>2022-06-03T13:01:46Z</time><extensions><gpxtpx:TrackPointExtension><gpxtpx:hr>174</gpxtpx:hr><gpxtpx:cad>87</gpxtpx:cad></gpxtpx:TrackPointExtension></extensions></trkpt><trkpt lat="35.95311868" lon="120.21004072"><ele>-23.549999237060547</ele><time>2022-06-03T13:01:47Z</time><extensions><gpxtpx:TrackPointExtension><gpxtpx:hr>174</gpxtpx:hr><gpxtpx:cad>88</gpxtpx:cad></gpxtpx:TrackPointExtension></extensions></trkpt><trkpt lat="35.95310369" lon="120.21005871"><ele>-23.59000015258789</ele><time>2022-06-03T13:01:48Z</time><extensions><gpxtpx:TrackPointExtension><gpxtpx:hr>175</gpxtpx:hr><gpxtpx:cad>88</gpxtpx:cad></gpxtpx:TrackPointExtension></extensions></trkpt><trkpt lat="35.95308936" lon="120.21007704"><ele>-23.639999389648438</ele><time>2022-06-03T13:01:49Z</time><extensions><gpxtpx:TrackPointExtension><gpxtpx:hr>177</gpxtpx:hr></gpxtpx:TrackPointExtension></extensions></trkpt><trkpt lat="35.9530747" lon="120.21009537"><ele>-23.700000762939453</ele><time>2022-06-03T13:01:50Z</time><extensions><gpxtpx:TrackPointExtension><gpxtpx:hr>180</gpxtpx:hr><gpxtpx:cad>88</gpxtpx:cad></gpxtpx:TrackPointExtension></extensions></trkpt><trkpt lat="35.9530597" lon="120.2101137"><ele>-23.760000228881836</ele><time>2022-06-03T13:01:51Z</time><extensions><gpxtpx:TrackPointExtension><gpxtpx:hr>181</gpxtpx:hr></gpxtpx:TrackPointExtension></extensions></trkpt><trkpt lat="35.95304504" lon="120.21013136"><ele>-23.790000915527344</ele><time>2022-06-03T13:01:52Z</time><extensions><gpxtpx:TrackPointExtension><gpxtpx:hr>182</gpxtpx:hr><gpxtpx:cad>88</gpxtpx:cad></gpxtpx:TrackPointExtension></extensions></trkpt><trkpt lat="35.95302938" lon="120.21015002"><ele>-23.790000915527344</ele><time>2022-06-03T13:01:53Z</time><extensions><gpxtpx:TrackPointExtension><gpxtpx:hr>182</gpxtpx:hr><gpxtpx:cad>88</gpxtpx:cad></gpxtpx:TrackPointExtension></extensions></trkpt><trkpt lat="35.95301372" lon="120.21016735"><ele>-23.790000915527344</ele><time>2022-06-03T13:01:54Z</time><extensions><gpxtpx:TrackPointExtension><gpxtpx:hr>182</gpxtpx:hr><gpxtpx:cad>88</gpxtpx:cad></gpxtpx:TrackPointExtension></extensions></trkpt><trkpt lat="35.95299739" lon="120.21018501"><ele>-23.790000915527344</ele><time>2022-06-03T13:01:55Z</time><extensions><gpxtpx:TrackPointExtension><gpxtpx:hr>183</gpxtpx:hr><gpxtpx:cad>88</gpxtpx:cad></gpxtpx:TrackPointExtension></extensions></trkpt><trkpt lat="35.95298106" lon="120.21020234"><ele>-23.780000686645508</ele><time>2022-06-03T13:01:56Z</time><extensions><gpxtpx:TrackPointExtension><gpxtpx:hr>184</gpxtpx:hr><gpxtpx:cad>88</gpxtpx:cad></gpxtpx:TrackPointExtension></extensions></trkpt><trkpt lat="35.9529654" lon="120.21021933"><ele>-23.770000457763672</ele><time>2022-06-03T13:01:57Z</time><extensions><gpxtpx:TrackPointExtension><gpxtpx:hr>183</gpxtpx:hr><gpxtpx:cad>87</gpxtpx:cad></gpxtpx:TrackPointExtension></extensions></trkpt><trkpt lat="35.95294974" lon="120.21023466"><ele>-23.75</ele><time>2022-06-03T13:01:58Z</time><extensions><gpxtpx:TrackPointExtension><gpxtpx:hr>183</gpxtpx:hr><gpxtpx:cad>88</gpxtpx:cad></gpxtpx:TrackPointExtension></extensions></trkpt><trkpt lat="35.95293375" lon="120.21024932"><ele>-23.700000762939453</ele><time>2022-06-03T13:01:59Z</time><extensions><gpxtpx:TrackPointExtension><gpxtpx:hr>183</gpxtpx:hr><gpxtpx:cad>88</gpxtpx:cad></gpxtpx:TrackPointExtension></extensions></trkpt><trkpt lat="35.95291775" lon="120.21026398"><ele>-23.670000076293945</ele><time>2022-06-03T13:02:00Z</time><extensions><gpxtpx:TrackPointExtension><gpxtpx:hr>183</gpxtpx:hr><gpxtpx:cad>88</gpxtpx:cad></gpxtpx:TrackPointExtension></extensions></trkpt><trkpt lat="35.95290142" lon="120.21027898"><ele>-23.670000076293945</ele><time>2022-06-03T13:02:01Z</time><extensions><gpxtpx:TrackPointExtension><gpxtpx:hr>182</gpxtpx:hr><gpxtpx:cad>88</gpxtpx:cad></gpxtpx:TrackPointExtension></extensions></trkpt><trkpt lat="35.95288476" lon="120.21029197"><ele>-23.610000610351562</ele><time>2022-06-03T13:02:02Z</time><extensions><gpxtpx:TrackPointExtension><gpxtpx:hr>181</gpxtpx:hr><gpxtpx:cad>88</gpxtpx:cad></gpxtpx:TrackPointExtension></extensions></trkpt><trkpt lat="35.9528681" lon="120.21030497"><ele>-23.56999969482422</ele><time>2022-06-03T13:02:03Z</time><extensions><gpxtpx:TrackPointExtension><gpxtpx:hr>180</gpxtpx:hr><gpxtpx:cad>88</gpxtpx:cad></gpxtpx:TrackPointExtension></extensions></trkpt><trkpt lat="35.95285111" lon="120.21031763"><ele>-23.610000610351562</ele><time>2022-06-03T13:02:04Z</time><extensions><gpxtpx:TrackPointExtension><gpxtpx:hr>180</gpxtpx:hr><gpxtpx:cad>88</gpxtpx:cad></gpxtpx:TrackPointExtension></extensions></trkpt><trkpt lat="35.95283412" lon="120.21033029"><ele>-23.670000076293945</ele><time>2022-06-03T13:02:05Z</time><extensions><gpxtpx:TrackPointExtension><gpxtpx:hr>180</gpxtpx:hr><gpxtpx:cad>88</gpxtpx:cad></gpxtpx:TrackPointExtension></extensions></trkpt><trkpt lat="35.95281746" lon="120.21034262"><ele>-23.760000228881836</ele><time>2022-06-03T13:02:06Z</time><extensions><gpxtpx:TrackPointExtension><gpxtpx:hr>180</gpxtpx:hr><gpxtpx:cad>88</gpxtpx:cad></gpxtpx:TrackPointExtension></extensions></trkpt><trkpt lat="35.95280047" lon="120.21035595"><ele>-23.790000915527344</ele><time>2022-06-03T13:02:07Z</time><extensions><gpxtpx:TrackPointExtension><gpxtpx:hr>180</gpxtpx:hr><gpxtpx:cad>88</gpxtpx:cad></gpxtpx:TrackPointExtension></extensions></trkpt><trkpt lat="35.95278414" lon="120.21036861"><ele>-23.8700008392334</ele><time>2022-06-03T13:02:08Z</time><extensions><gpxtpx:TrackPointExtension><gpxtpx:hr>181</gpxtpx:hr><gpxtpx:cad>88</gpxtpx:cad></gpxtpx:TrackPointExtension></extensions></trkpt><trkpt lat="35.95276681" lon="120.21038194"><ele>-23.8799991607666</ele><time>2022-06-03T13:02:09Z</time><extensions><gpxtpx:TrackPointExtension><gpxtpx:hr>180</gpxtpx:hr><gpxtpx:cad>88</gpxtpx:cad></gpxtpx:TrackPointExtension></extensions></trkpt><trkpt lat="35.95274982" lon="120.21039527"><ele>-23.950000762939453</ele><time>2022-06-03T13:02:10Z</time><extensions><gpxtpx:TrackPointExtension><gpxtpx:hr>180</gpxtpx:hr><gpxtpx:cad>89</gpxtpx:cad></gpxtpx:TrackPointExtension></extensions></trkpt><trkpt lat="35.95273149" lon="120.21040826"><ele>-23.950000762939453</ele><time>2022-06-03T13:02:11Z</time><extensions><gpxtpx:TrackPointExtension><gpxtpx:hr>182</gpxtpx:hr><gpxtpx:cad>88</gpxtpx:cad></gpxtpx:TrackPointExtension></extensions></trkpt><trkpt lat="35.95271283" lon="120.21041959"><ele>-23.979999542236328</ele><time>2022-06-03T13:02:12Z</time><extensions><gpxtpx:TrackPointExtension><gpxtpx:hr>182</gpxtpx:hr><gpxtpx:cad>88</gpxtpx:cad></gpxtpx:TrackPointExtension></extensions></trkpt><trkpt lat="35.95269383" lon="120.21043025"><ele>-23.969999313354492</ele><time>2022-06-03T13:02:13Z</time><extensions><gpxtpx:TrackPointExtension><gpxtpx:hr>181</gpxtpx:hr><gpxtpx:cad>88</gpxtpx:cad></gpxtpx:TrackPointExtension></extensions></trkpt><trkpt lat="35.9526745" lon="120.21044224"><ele>-24.010000228881836</ele><time>2022-06-03T13:02:14Z</time><extensions><gpxtpx:TrackPointExtension><gpxtpx:hr>180</gpxtpx:hr><gpxtpx:cad>89</gpxtpx:cad></gpxtpx:TrackPointExtension></extensions></trkpt><trkpt lat="35.95265484" lon="120.21045423"><ele>-24.0</ele><time>2022-06-03T13:02:15Z</time><extensions><gpxtpx:TrackPointExtension><gpxtpx:hr>176</gpxtpx:hr><gpxtpx:cad>88</gpxtpx:cad></gpxtpx:TrackPointExtension></extensions></trkpt><trkpt lat="35.95263518" lon="120.21046622"><ele>-24.020000457763672</ele><time>2022-06-03T13:02:16Z</time><extensions><gpxtpx:TrackPointExtension><gpxtpx:hr>172</gpxtpx:hr><gpxtpx:cad>89</gpxtpx:cad></gpxtpx:TrackPointExtension></extensions></trkpt><trkpt lat="35.95261585" lon="120.21047755"><ele>-24.020000457763672</ele><time>2022-06-03T13:02:17Z</time><extensions><gpxtpx:TrackPointExtension><gpxtpx:hr>170</gpxtpx:hr><gpxtpx:cad>89</gpxtpx:cad></gpxtpx:TrackPointExtension></extensions></trkpt><trkpt lat="35.95259719" lon="120.21048921"><ele>-24.040000915527344</ele><time>2022-06-03T13:02:18Z</time><extensions><gpxtpx:TrackPointExtension><gpxtpx:hr>168</gpxtpx:hr><gpxtpx:cad>88</gpxtpx:cad></gpxtpx:TrackPointExtension></extensions></trkpt><trkpt lat="35.95257886" lon="120.21049921"><ele>-24.040000915527344</ele><time>2022-06-03T13:02:19Z</time><extensions><gpxtpx:TrackPointExtension><gpxtpx:hr>167</gpxtpx:hr><gpxtpx:cad>88</gpxtpx:cad></gpxtpx:TrackPointExtension></extensions></trkpt><trkpt lat="35.95256053" lon="120.21050854"><ele>-24.040000915527344</ele><time>2022-06-03T13:02:20Z</time><extensions><gpxtpx:TrackPointExtension><gpxtpx:hr>169</gpxtpx:hr><gpxtpx:cad>88</gpxtpx:cad></gpxtpx:TrackPointExtension></extensions></trkpt><trkpt lat="35.95254287" lon="120.2105182"><ele>-24.040000915527344</ele><time>2022-06-03T13:02:21Z</time><extensions><gpxtpx:TrackPointExtension><gpxtpx:hr>171</gpxtpx:hr><gpxtpx:cad>89</gpxtpx:cad></gpxtpx:TrackPointExtension></extensions></trkpt><trkpt lat="35.95252687" lon="120.21052653"><ele>-24.040000915527344</ele><time>2022-06-03T13:02:22Z</time><extensions><gpxtpx:TrackPointExtension><gpxtpx:hr>172</gpxtpx:hr><gpxtpx:cad>89</gpxtpx:cad></gpxtpx:TrackPointExtension></extensions></trkpt><trkpt lat="35.95251254" lon="120.21053452"><ele>-24.040000915527344</ele><time>2022-06-03T13:02:23Z</time><extensions><gpxtpx:TrackPointExtension><gpxtpx:hr>175</gpxtpx:hr><gpxtpx:cad>89</gpxtpx:cad></gpxtpx:TrackPointExtension></extensions></trkpt><trkpt lat="35.95249954" lon="120.21054218"><ele>-24.040000915527344</ele><time>2022-06-03T13:02:24Z</time><extensions><gpxtpx:TrackPointExtension><gpxtpx:hr>177</gpxtpx:hr><gpxtpx:cad>89</gpxtpx:cad></gpxtpx:TrackPointExtension></extensions></trkpt><trkpt lat="35.95248854" lon="120.21054884"><ele>-24.059999465942383</ele><time>2022-06-03T13:02:25Z</time><extensions><gpxtpx:TrackPointExtension><gpxtpx:hr>178</gpxtpx:hr><gpxtpx:cad>89</gpxtpx:cad></gpxtpx:TrackPointExtension></extensions></trkpt><trkpt lat="35.95247788" lon="120.21055583"><ele>-24.06999969482422</ele><time>2022-06-03T13:02:26Z</time><extensions><gpxtpx:TrackPointExtension><gpxtpx:hr>178</gpxtpx:hr><gpxtpx:cad>89</gpxtpx:cad></gpxtpx:TrackPointExtension></extensions></trkpt><trkpt lat="35.95246688" lon="120.21056316"><ele>-24.06999969482422</ele><time>2022-06-03T13:02:27Z</time><extensions><gpxtpx:TrackPointExtension><gpxtpx:hr>178</gpxtpx:hr><gpxtpx:cad>89</gpxtpx:cad></gpxtpx:TrackPointExtension></extensions></trkpt><trkpt lat="35.95245588" lon="120.21057049"><ele>-24.09000015258789</ele><time>2022-06-03T13:02:28Z</time><extensions><gpxtpx:TrackPointExtension><gpxtpx:hr>179</gpxtpx:hr><gpxtpx:cad>89</gpxtpx:cad></gpxtpx:TrackPointExtension></extensions></trkpt><trkpt lat="35.95244388" lon="120.21057782"><ele>-24.059999465942383</ele><time>2022-06-03T13:02:29Z</time><extensions><gpxtpx:TrackPointExtension><gpxtpx:hr>178</gpxtpx:hr><gpxtpx:cad>89</gpxtpx:cad></gpxtpx:TrackPointExtension></extensions></trkpt><trkpt lat="35.95243222" lon="120.21058381"><ele>-24.040000915527344</ele><time>2022-06-03T13:02:30Z</time><extensions><gpxtpx:TrackPointExtension><gpxtpx:hr>177</gpxtpx:hr><gpxtpx:cad>89</gpxtpx:cad></gpxtpx:TrackPointExtension></extensions></trkpt><trkpt lat="35.95242056" lon="120.21058881"><ele>-24.040000915527344</ele><time>2022-06-03T13:02:31Z</time><extensions><gpxtpx:TrackPointExtension><gpxtpx:hr>176</gpxtpx:hr><gpxtpx:cad>89</gpxtpx:cad></gpxtpx:TrackPointExtension></extensions></trkpt><trkpt lat="35.95240857" lon="120.21059281"><ele>-24.040000915527344</ele><time>2022-06-03T13:02:32Z</time><extensions><gpxtpx:TrackPointExtension><gpxtpx:hr>174</gpxtpx:hr><gpxtpx:cad>89</gpxtpx:cad></gpxtpx:TrackPointExtension></extensions></trkpt><trkpt lat="35.95239691" lon="120.2105988"><ele>-24.040000915527344</ele><time>2022-06-03T13:02:33Z</time><extensions><gpxtpx:TrackPointExtension><gpxtpx:hr>173</gpxtpx:hr><gpxtpx:cad>89</gpxtpx:cad></gpxtpx:TrackPointExtension></extensions></trkpt><trkpt lat="35.95238425" lon="120.21060479"><ele>-24.040000915527344</ele><time>2022-06-03T13:02:34Z</time><extensions><gpxtpx:TrackPointExtension><gpxtpx:hr>173</gpxtpx:hr><gpxtpx:cad>89</gpxtpx:cad></gpxtpx:TrackPointExtension></extensions></trkpt><trkpt lat="35.95237059" lon="120.21061178"><ele>-24.040000915527344</ele><time>2022-06-03T13:02:35Z</time><extensions><gpxtpx:TrackPointExtension><gpxtpx:hr>172</gpxtpx:hr><gpxtpx:cad>89</gpxtpx:cad></gpxtpx:TrackPointExtension></extensions></trkpt><trkpt lat="35.95235726" lon="120.21061844"><ele>-24.030000686645508</ele><time>2022-06-03T13:02:36Z</time><extensions><gpxtpx:TrackPointExtension><gpxtpx:hr>172</gpxtpx:hr><gpxtpx:cad>89</gpxtpx:cad></gpxtpx:TrackPointExtension></extensions></trkpt><trkpt lat="35.9523436" lon="120.21062544"><ele>-24.020000457763672</ele><time>2022-06-03T13:02:37Z</time><extensions><gpxtpx:TrackPointExtension><gpxtpx:hr>173</gpxtpx:hr><gpxtpx:cad>89</gpxtpx:cad></gpxtpx:TrackPointExtension></extensions></trkpt><trkpt lat="35.95233027" lon="120.2106331"><ele>-24.010000228881836</ele><time>2022-06-03T13:02:38Z</time><extensions><gpxtpx:TrackPointExtension><gpxtpx:hr>175</gpxtpx:hr><gpxtpx:cad>89</gpxtpx:cad></gpxtpx:TrackPointExtension></extensions></trkpt><trkpt lat="35.95231761" lon="120.21064109"><ele>-24.0</ele><time>2022-06-03T13:02:39Z</time><extensions><gpxtpx:TrackPointExtension><gpxtpx:hr>177</gpxtpx:hr><gpxtpx:cad>89</gpxtpx:cad></gpxtpx:TrackPointExtension></extensions></trkpt><trkpt lat="35.95230561" lon="120.21064909"><ele>-23.979999542236328</ele><time>2022-06-03T13:02:40Z</time><extensions><gpxtpx:TrackPointExtension><gpxtpx:hr>175</gpxtpx:hr><gpxtpx:cad>89</gpxtpx:cad></gpxtpx:TrackPointExtension></extensions></trkpt><trkpt lat="35.95229328" lon="120.21065608"><ele>-23.979999542236328</ele><time>2022-06-03T13:02:41Z</time><extensions><gpxtpx:TrackPointExtension><gpxtpx:hr>174</gpxtpx:hr><gpxtpx:cad>89</gpxtpx:cad></gpxtpx:TrackPointExtension></extensions></trkpt><trkpt lat="35.95228228" lon="120.21066307"><ele>-24.0</ele><time>2022-06-03T13:02:42Z</time><extensions><gpxtpx:TrackPointExtension><gpxtpx:hr>175</gpxtpx:hr><gpxtpx:cad>55</gpxtpx:cad></gpxtpx:TrackPointExtension></extensions></trkpt><trkpt lat="35.95227162" lon="120.21066906"><ele>-24.020000457763672</ele><time>2022-06-03T13:02:43Z</time><extensions><gpxtpx:TrackPointExtension><gpxtpx:hr>176</gpxtpx:hr><gpxtpx:cad>54</gpxtpx:cad></gpxtpx:TrackPointExtension></extensions></trkpt><trkpt lat="35.95226263" lon="120.21067339"><ele>-24.030000686645508</ele><time>2022-06-03T13:02:44Z</time><extensions><gpxtpx:TrackPointExtension><gpxtpx:hr>174</gpxtpx:hr><gpxtpx:cad>53</gpxtpx:cad></gpxtpx:TrackPointExtension></extensions></trkpt><trkpt lat="35.95225564" lon="120.21067572"><ele>-24.040000915527344</ele><time>2022-06-03T13:02:45Z</time><extensions><gpxtpx:TrackPointExtension><gpxtpx:hr>173</gpxtpx:hr><gpxtpx:cad>52</gpxtpx:cad></gpxtpx:TrackPointExtension></extensions></trkpt><trkpt lat="35.95224998" lon="120.21067805"><ele>-24.049999237060547</ele><time>2022-06-03T13:02:46Z</time><extensions><gpxtpx:TrackPointExtension><gpxtpx:hr>172</gpxtpx:hr><gpxtpx:cad>52</gpxtpx:cad></gpxtpx:TrackPointExtension></extensions></trkpt><trkpt lat="35.95224432" lon="120.21068038"><ele>-24.059999465942383</ele><time>2022-06-03T13:02:47Z</time><extensions><gpxtpx:TrackPointExtension><gpxtpx:hr>170</gpxtpx:hr><gpxtpx:cad>52</gpxtpx:cad></gpxtpx:TrackPointExtension></extensions></trkpt><trkpt lat="35.95223899" lon="120.21068571"><ele>-24.100000381469727</ele><time>2022-06-03T13:02:49Z</time><extensions><gpxtpx:TrackPointExtension><gpxtpx:hr>167</gpxtpx:hr><gpxtpx:cad>52</gpxtpx:cad></gpxtpx:TrackPointExtension></extensions></trkpt><trkpt lat="35.95223333" lon="120.21069037"><ele>-24.1200008392334</ele><time>2022-06-03T13:02:50Z</time><extensions><gpxtpx:TrackPointExtension><gpxtpx:hr>167</gpxtpx:hr><gpxtpx:cad>52</gpxtpx:cad></gpxtpx:TrackPointExtension></extensions></trkpt><trkpt lat="35.952229" lon="120.2106947"><ele>-24.139999389648438</ele><time>2022-06-03T13:02:52Z</time><extensions><gpxtpx:TrackPointExtension><gpxtpx:hr>168</gpxtpx:hr><gpxtpx:cad>52</gpxtpx:cad></gpxtpx:TrackPointExtension></extensions></trkpt><trkpt lat="35.95222634" lon="120.21070003"><ele>-24.149999618530273</ele><time>2022-06-03T13:02:53Z</time><extensions><gpxtpx:TrackPointExtension><gpxtpx:hr>167</gpxtpx:hr><gpxtpx:cad>52</gpxtpx:cad></gpxtpx:TrackPointExtension></extensions></trkpt><trkpt lat="35.95222368" lon="120.21070369"><ele>-24.170000076293945</ele><time>2022-06-03T13:02:54Z</time><extensions><gpxtpx:TrackPointExtension><gpxtpx:hr>166</gpxtpx:hr><gpxtpx:cad>52</gpxtpx:cad></gpxtpx:TrackPointExtension></extensions></trkpt><trkpt lat="35.95222135" lon="120.21070535"><ele>-24.149999618530273</ele><time>2022-06-03T13:02:55Z</time><extensions><gpxtpx:TrackPointExtension><gpxtpx:hr>164</gpxtpx:hr><gpxtpx:cad>52</gpxtpx:cad></gpxtpx:TrackPointExtension></extensions></trkpt><trkpt lat="35.95222135" lon="120.21070568"><ele>-24.139999389648438</ele><time>2022-06-03T13:02:56Z</time><extensions><gpxtpx:TrackPointExtension><gpxtpx:hr>161</gpxtpx:hr><gpxtpx:cad>52</gpxtpx:cad></gpxtpx:TrackPointExtension></extensions></trkpt><trkpt lat="35.95222235" lon="120.21070502"><ele>-24.1200008392334</ele><time>2022-06-03T13:02:57Z</time><extensions><gpxtpx:TrackPointExtension><gpxtpx:hr>159</gpxtpx:hr><gpxtpx:cad>52</gpxtpx:cad></gpxtpx:TrackPointExtension></extensions></trkpt><trkpt lat="35.95222268" lon="120.21070369"><ele>-24.06999969482422</ele><time>2022-06-03T13:02:58Z</time><extensions><gpxtpx:TrackPointExtension><gpxtpx:hr>158</gpxtpx:hr><gpxtpx:cad>52</gpxtpx:cad></gpxtpx:TrackPointExtension></extensions></trkpt><trkpt lat="35.95222301" lon="120.21070336"><ele>-24.040000915527344</ele><time>2022-06-03T13:02:59Z</time><extensions><gpxtpx:TrackPointExtension><gpxtpx:hr>150</gpxtpx:hr><gpxtpx:cad>52</gpxtpx:cad></gpxtpx:TrackPointExtension></extensions></trkpt><trkpt lat="35.95222235" lon="120.21070303"><ele>-23.979999542236328</ele><time>2022-06-03T13:03:05Z</time><extensions><gpxtpx:TrackPointExtension><gpxtpx:hr>146</gpxtpx:hr><gpxtpx:cad>52</gpxtpx:cad></gpxtpx:TrackPointExtension></extensions></trkpt><trkpt lat="35.95222202" lon="120.2107027"><ele>-23.979999542236328</ele><time>2022-06-03T13:03:05Z</time><extensions><gpxtpx:TrackPointExtension><gpxtpx:hr>145</gpxtpx:hr><gpxtpx:cad>52</gpxtpx:cad></gpxtpx:TrackPointExtension></extensions></trkpt><trkpt lat="35.95222235" lon="120.2107067"><ele>-23.979999542236328</ele><time>2022-06-03T13:03:05Z</time><extensions><gpxtpx:TrackPointExtension><gpxtpx:hr>144</gpxtpx:hr><gpxtpx:cad>52</gpxtpx:cad></gpxtpx:TrackPointExtension></extensions></trkpt><trkpt lat="35.95222202" lon="120.21071003"><ele>-23.979999542236328</ele><time>2022-06-03T13:03:05Z</time><extensions><gpxtpx:TrackPointExtension><gpxtpx:hr>143</gpxtpx:hr><gpxtpx:cad>52</gpxtpx:cad></gpxtpx:TrackPointExtension></extensions></trkpt><trkpt lat="35.95222202" lon="120.21071269"><ele>-23.979999542236328</ele><time>2022-06-03T13:03:05Z</time><extensions><gpxtpx:TrackPointExtension><gpxtpx:hr>142</gpxtpx:hr><gpxtpx:cad>52</gpxtpx:cad></gpxtpx:TrackPointExtension></extensions></trkpt><trkpt lat="35.95222169" lon="120.21071435"><ele>-23.979999542236328</ele><time>2022-06-03T13:03:05Z</time></trkpt><trkpt lat="35.95222169" lon="120.21071535"><ele>-23.979999542236328</ele><time>2022-06-03T13:03:05Z</time></trkpt><trkpt lat="35.95222235" lon="120.21071269"><ele>-23.979999542236328</ele><time>2022-06-03T13:03:11Z</time><extensions><gpxtpx:TrackPointExtension><gpxtpx:hr>139</gpxtpx:hr><gpxtpx:cad>52</gpxtpx:cad></gpxtpx:TrackPointExtension></extensions></trkpt><trkpt lat="35.95222301" lon="120.2107117"><ele>-23.979999542236328</ele><time>2022-06-03T13:03:11Z</time><extensions><gpxtpx:TrackPointExtension><gpxtpx:hr>135</gpxtpx:hr><gpxtpx:cad>52</gpxtpx:cad></gpxtpx:TrackPointExtension></extensions></trkpt><trkpt lat="35.95220901" lon="120.21071969"><ele>-23.979999542236328</ele><time>2022-06-03T13:03:11Z</time><extensions><gpxtpx:TrackPointExtension><gpxtpx:hr>131</gpxtpx:hr><gpxtpx:cad>52</gpxtpx:cad></gpxtpx:TrackPointExtension></extensions></trkpt><trkpt lat="35.95219568" lon="120.21072669"><ele>-23.979999542236328</ele><time>2022-06-03T13:03:11Z</time><extensions><gpxtpx:TrackPointExtension><gpxtpx:hr>129</gpxtpx:hr><gpxtpx:cad>52</gpxtpx:cad></gpxtpx:TrackPointExtension></extensions></trkpt><trkpt lat="35.95218669" lon="120.21073135"><ele>-24.139999389648438</ele><time>2022-06-03T13:03:23Z</time><extensions><gpxtpx:TrackPointExtension><gpxtpx:cad>52</gpxtpx:cad></gpxtpx:TrackPointExtension></extensions></trkpt><trkpt lat="35.95215203" lon="120.21074635"><ele>-24.139999389648438</ele><time>2022-06-03T13:03:23Z</time></trkpt><trkpt lat="35.95212437" lon="120.21075868"><ele>-24.139999389648438</ele><time>2022-06-03T13:03:23Z</time></trkpt><trkpt lat="35.95210604" lon="120.21076701"><ele>-24.139999389648438</ele><time>2022-06-03T13:03:23Z</time></trkpt><trkpt lat="35.95209338" lon="120.21077234"><ele>-24.139999389648438</ele><time>2022-06-03T13:03:23Z</time></trkpt><trkpt lat="35.95208505" lon="120.21077633"><ele>-24.139999389648438</ele><time>2022-06-03T13:03:23Z</time></trkpt><trkpt lat="35.95205839" lon="120.21078266"><ele>-23.959999084472656</ele><time>2022-06-03T13:03:23Z</time></trkpt><trkpt lat="35.95204006" lon="120.21078699"><ele>-23.959999084472656</ele><time>2022-06-03T13:03:24Z</time><extensions><gpxtpx:TrackPointExtension><gpxtpx:hr>123</gpxtpx:hr><gpxtpx:cad>52</gpxtpx:cad></gpxtpx:TrackPointExtension></extensions></trkpt><trkpt lat="35.95202807" lon="120.21078999"><ele>-23.959999084472656</ele><time>2022-06-03T13:03:24Z</time></trkpt><trkpt lat="35.95202007" lon="120.21079165"><ele>-23.959999084472656</ele><time>2022-06-03T13:03:24Z</time></trkpt><trkpt lat="35.95203573" lon="120.21078932"><ele>-23.959999084472656</ele><time>2022-06-03T13:03:24Z</time></trkpt><trkpt lat="35.95202507" lon="120.21079131"><ele>-23.959999084472656</ele><time>2022-06-03T13:03:24Z</time></trkpt><trkpt lat="35.95201774" lon="120.21079297"><ele>-23.959999084472656</ele><time>2022-06-03T13:03:24Z</time></trkpt><trkpt lat="35.95201308" lon="120.21079363"><ele>-23.959999084472656</ele><time>2022-06-03T13:03:24Z</time></trkpt><trkpt lat="35.95203108" lon="120.21079063"><ele>-23.959999084472656</ele><time>2022-06-03T13:03:24Z</time></trkpt><trkpt lat="35.95201542" lon="120.21079262"><ele>-23.959999084472656</ele><time>2022-06-03T13:03:24Z</time></trkpt><trkpt lat="35.95200142" lon="120.21079462"><ele>-23.790000915527344</ele><time>2022-06-03T13:03:25Z</time><extensions><gpxtpx:TrackPointExtension><gpxtpx:hr>125</gpxtpx:hr><gpxtpx:cad>52</gpxtpx:cad></gpxtpx:TrackPointExtension></extensions></trkpt><trkpt lat="35.95198776" lon="120.21079795"><ele>-23.790000915527344</ele><time>2022-06-03T13:03:26Z</time><extensions><gpxtpx:TrackPointExtension><gpxtpx:hr>126</gpxtpx:hr><gpxtpx:cad>52</gpxtpx:cad></gpxtpx:TrackPointExtension></extensions></trkpt><trkpt lat="35.95197376" lon="120.21080361"><ele>-23.81999969482422</ele><time>2022-06-03T13:03:27Z</time><extensions><gpxtpx:TrackPointExtension><gpxtpx:hr>127</gpxtpx:hr><gpxtpx:cad>52</gpxtpx:cad></gpxtpx:TrackPointExtension></extensions></trkpt><trkpt lat="35.95196077" lon="120.21080861"><ele>-23.860000610351562</ele><time>2022-06-03T13:03:28Z</time><extensions><gpxtpx:TrackPointExtension><gpxtpx:hr>127</gpxtpx:hr><gpxtpx:cad>52</gpxtpx:cad></gpxtpx:TrackPointExtension></extensions></trkpt><trkpt lat="35.95194844" lon="120.21081161"><ele>-23.860000610351562</ele><time>2022-06-03T13:03:29Z</time><extensions><gpxtpx:TrackPointExtension><gpxtpx:hr>127</gpxtpx:hr><gpxtpx:cad>52</gpxtpx:cad></gpxtpx:TrackPointExtension></extensions></trkpt><trkpt lat="35.95193645" lon="120.2108136"><ele>-23.920000076293945</ele><time>2022-06-03T13:03:30Z</time><extensions><gpxtpx:TrackPointExtension><gpxtpx:hr>127</gpxtpx:hr><gpxtpx:cad>52</gpxtpx:cad></gpxtpx:TrackPointExtension></extensions></trkpt><trkpt lat="35.95192545" lon="120.21081327"><ele>-23.940000534057617</ele><time>2022-06-03T13:03:31Z</time><extensions><gpxtpx:TrackPointExtension><gpxtpx:hr>127</gpxtpx:hr><gpxtpx:cad>52</gpxtpx:cad></gpxtpx:TrackPointExtension></extensions></trkpt><trkpt lat="35.95191546" lon="120.21081294"><ele>-23.950000762939453</ele><time>2022-06-03T13:03:32Z</time><extensions><gpxtpx:TrackPointExtension><gpxtpx:hr>127</gpxtpx:hr><gpxtpx:cad>52</gpxtpx:cad></gpxtpx:TrackPointExtension></extensions></trkpt><trkpt lat="35.95190713" lon="120.21081161"><ele>-23.959999084472656</ele><time>2022-06-03T13:03:33Z</time><extensions><gpxtpx:TrackPointExtension><gpxtpx:hr>127</gpxtpx:hr><gpxtpx:cad>52</gpxtpx:cad></gpxtpx:TrackPointExtension></extensions></trkpt><trkpt lat="35.95189813" lon="120.21080928"><ele>-23.959999084472656</ele><time>2022-06-03T13:03:34Z</time><extensions><gpxtpx:TrackPointExtension><gpxtpx:hr>126</gpxtpx:hr><gpxtpx:cad>52</gpxtpx:cad></gpxtpx:TrackPointExtension></extensions></trkpt><trkpt lat="35.95188947" lon="120.21080495"><ele>-23.959999084472656</ele><time>2022-06-03T13:03:35Z</time><extensions><gpxtpx:TrackPointExtension><gpxtpx:hr>126</gpxtpx:hr><gpxtpx:cad>52</gpxtpx:cad></gpxtpx:TrackPointExtension></extensions></trkpt><trkpt lat="35.95188081" lon="120.21079896"><ele>-23.950000762939453</ele><time>2022-06-03T13:03:36Z</time><extensions><gpxtpx:TrackPointExtension><gpxtpx:hr>126</gpxtpx:hr><gpxtpx:cad>32</gpxtpx:cad></gpxtpx:TrackPointExtension></extensions></trkpt><trkpt lat="35.95187115" lon="120.21079263"><ele>-23.950000762939453</ele><time>2022-06-03T13:03:37Z</time><extensions><gpxtpx:TrackPointExtension><gpxtpx:hr>126</gpxtpx:hr><gpxtpx:cad>32</gpxtpx:cad></gpxtpx:TrackPointExtension></extensions></trkpt><trkpt lat="35.95186182" lon="120.21078364"><ele>-23.950000762939453</ele><time>2022-06-03T13:03:38Z</time><extensions><gpxtpx:TrackPointExtension><gpxtpx:hr>126</gpxtpx:hr><gpxtpx:cad>32</gpxtpx:cad></gpxtpx:TrackPointExtension></extensions></trkpt><trkpt lat="35.95185249" lon="120.21077364"><ele>-23.940000534057617</ele><time>2022-06-03T13:03:39Z</time><extensions><gpxtpx:TrackPointExtension><gpxtpx:hr>127</gpxtpx:hr><gpxtpx:cad>32</gpxtpx:cad></gpxtpx:TrackPointExtension></extensions></trkpt><trkpt lat="35.95184283" lon="120.21076131"><ele>-23.950000762939453</ele><time>2022-06-03T13:03:40Z</time><extensions><gpxtpx:TrackPointExtension><gpxtpx:hr>126</gpxtpx:hr><gpxtpx:cad>32</gpxtpx:cad></gpxtpx:TrackPointExtension></extensions></trkpt><trkpt lat="35.95183483" lon="120.21074631"><ele>-23.950000762939453</ele><time>2022-06-03T13:03:41Z</time><extensions><gpxtpx:TrackPointExtension><gpxtpx:hr>125</gpxtpx:hr><gpxtpx:cad>32</gpxtpx:cad></gpxtpx:TrackPointExtension></extensions></trkpt><trkpt lat="35.95182817" lon="120.21073031"><ele>-23.950000762939453</ele><time>2022-06-03T13:03:42Z</time><extensions><gpxtpx:TrackPointExtension><gpxtpx:hr>125</gpxtpx:hr><gpxtpx:cad>32</gpxtpx:cad></gpxtpx:TrackPointExtension></extensions></trkpt><trkpt lat="35.95182117" lon="120.21071398"><ele>-23.950000762939453</ele><time>2022-06-03T13:03:43Z</time><extensions><gpxtpx:TrackPointExtension><gpxtpx:hr>124</gpxtpx:hr><gpxtpx:cad>32</gpxtpx:cad></gpxtpx:TrackPointExtension></extensions></trkpt><trkpt lat="35.95181151" lon="120.21069665"><ele>-23.950000762939453</ele><time>2022-06-03T13:03:44Z</time><extensions><gpxtpx:TrackPointExtension><gpxtpx:hr>124</gpxtpx:hr><gpxtpx:cad>32</gpxtpx:cad></gpxtpx:TrackPointExtension></extensions></trkpt><trkpt lat="35.95179718" lon="120.21067832"><ele>-23.959999084472656</ele><time>2022-06-03T13:03:45Z</time><extensions><gpxtpx:TrackPointExtension><gpxtpx:hr>123</gpxtpx:hr><gpxtpx:cad>32</gpxtpx:cad></gpxtpx:TrackPointExtension></extensions></trkpt><trkpt lat="35.95178085" lon="120.21065933"><ele>-23.969999313354492</ele><time>2022-06-03T13:03:46Z</time><extensions><gpxtpx:TrackPointExtension><gpxtpx:hr>123</gpxtpx:hr><gpxtpx:cad>32</gpxtpx:cad></gpxtpx:TrackPointExtension></extensions></trkpt><trkpt lat="35.95175852" lon="120.210642"><ele>-23.979999542236328</ele><time>2022-06-03T13:03:47Z</time><extensions><gpxtpx:TrackPointExtension><gpxtpx:hr>123</gpxtpx:hr><gpxtpx:cad>32</gpxtpx:cad></gpxtpx:TrackPointExtension></extensions></trkpt><trkpt lat="35.95173619" lon="120.210629"><ele>-24.0</ele><time>2022-06-03T13:03:48Z</time><extensions><gpxtpx:TrackPointExtension><gpxtpx:hr>123</gpxtpx:hr><gpxtpx:cad>32</gpxtpx:cad></gpxtpx:TrackPointExtension></extensions></trkpt><trkpt lat="35.95171353" lon="120.21061767"><ele>-24.170000076293945</ele><time>2022-06-03T13:03:49Z</time><extensions><gpxtpx:TrackPointExtension><gpxtpx:hr>125</gpxtpx:hr><gpxtpx:cad>32</gpxtpx:cad></gpxtpx:TrackPointExtension></extensions></trkpt><trkpt lat="35.95169153" lon="120.21060868"><ele>-24.100000381469727</ele><time>2022-06-03T13:03:50Z</time><extensions><gpxtpx:TrackPointExtension><gpxtpx:hr>125</gpxtpx:hr><gpxtpx:cad>32</gpxtpx:cad></gpxtpx:TrackPointExtension></extensions></trkpt><trkpt lat="35.95166953" lon="120.21060235"><ele>-24.290000915527344</ele><time>2022-06-03T13:03:51Z</time><extensions><gpxtpx:TrackPointExtension><gpxtpx:hr>126</gpxtpx:hr><gpxtpx:cad>32</gpxtpx:cad></gpxtpx:TrackPointExtension></extensions></trkpt><trkpt lat="35.95164854" lon="120.21059702"><ele>-24.200000762939453</ele><time>2022-06-03T13:03:52Z</time><extensions><gpxtpx:TrackPointExtension><gpxtpx:hr>126</gpxtpx:hr><gpxtpx:cad>89</gpxtpx:cad></gpxtpx:TrackPointExtension></extensions></trkpt><trkpt lat="35.95162754" lon="120.21059269"><ele>-24.200000762939453</ele><time>2022-06-03T13:03:53Z</time><extensions><gpxtpx:TrackPointExtension><gpxtpx:hr>127</gpxtpx:hr><gpxtpx:cad>88</gpxtpx:cad></gpxtpx:TrackPointExtension></extensions></trkpt><trkpt lat="35.95160655" lon="120.21059103"><ele>-24.309999465942383</ele><time>2022-06-03T13:03:54Z</time><extensions><gpxtpx:TrackPointExtension><gpxtpx:hr>127</gpxtpx:hr><gpxtpx:cad>88</gpxtpx:cad></gpxtpx:TrackPointExtension></extensions></trkpt><trkpt lat="35.95158455" lon="120.21059369"><ele>-24.459999084472656</ele><time>2022-06-03T13:03:55Z</time><extensions><gpxtpx:TrackPointExtension><gpxtpx:hr>127</gpxtpx:hr><gpxtpx:cad>88</gpxtpx:cad></gpxtpx:TrackPointExtension></extensions></trkpt><trkpt lat="35.95156255" lon="120.21059802"><ele>-24.440000534057617</ele><time>2022-06-03T13:03:56Z</time><extensions><gpxtpx:TrackPointExtension><gpxtpx:hr>127</gpxtpx:hr><gpxtpx:cad>89</gpxtpx:cad></gpxtpx:TrackPointExtension></extensions></trkpt><trkpt lat="35.95153989" lon="120.21060401"><ele>-24.459999084472656</ele><time>2022-06-03T13:03:57Z</time><extensions><gpxtpx:TrackPointExtension><gpxtpx:hr>127</gpxtpx:hr><gpxtpx:cad>88</gpxtpx:cad></gpxtpx:TrackPointExtension></extensions></trkpt><trkpt lat="35.9515169" lon="120.210611"><ele>-24.450000762939453</ele><time>2022-06-03T13:03:58Z</time><extensions><gpxtpx:TrackPointExtension><gpxtpx:hr>127</gpxtpx:hr><gpxtpx:cad>88</gpxtpx:cad></gpxtpx:TrackPointExtension></extensions></trkpt><trkpt lat="35.95149424" lon="120.21062133"><ele>-24.469999313354492</ele><time>2022-06-03T13:03:59Z</time><extensions><gpxtpx:TrackPointExtension><gpxtpx:hr>127</gpxtpx:hr><gpxtpx:cad>88</gpxtpx:cad></gpxtpx:TrackPointExtension></extensions></trkpt><trkpt lat="35.95147224" lon="120.21063099"><ele>-24.450000762939453</ele><time>2022-06-03T13:04:00Z</time><extensions><gpxtpx:TrackPointExtension><gpxtpx:hr>127</gpxtpx:hr><gpxtpx:cad>88</gpxtpx:cad></gpxtpx:TrackPointExtension></extensions></trkpt><trkpt lat="35.95144891" lon="120.21064065"><ele>-24.479999542236328</ele><time>2022-06-03T13:04:01Z</time><extensions><gpxtpx:TrackPointExtension><gpxtpx:hr>128</gpxtpx:hr><gpxtpx:cad>88</gpxtpx:cad></gpxtpx:TrackPointExtension></extensions></trkpt><trkpt lat="35.95142625" lon="120.21064998"><ele>-24.459999084472656</ele><time>2022-06-03T13:04:02Z</time><extensions><gpxtpx:TrackPointExtension><gpxtpx:hr>129</gpxtpx:hr><gpxtpx:cad>88</gpxtpx:cad></gpxtpx:TrackPointExtension></extensions></trkpt><trkpt lat="35.95140459" lon="120.21065998"><ele>-24.610000610351562</ele><time>2022-06-03T13:04:03Z</time><extensions><gpxtpx:TrackPointExtension><gpxtpx:hr>130</gpxtpx:hr><gpxtpx:cad>88</gpxtpx:cad></gpxtpx:TrackPointExtension></extensions></trkpt><trkpt lat="35.95138293" lon="120.21067197"><ele>-24.530000686645508</ele><time>2022-06-03T13:04:04Z</time><extensions><gpxtpx:TrackPointExtension><gpxtpx:hr>131</gpxtpx:hr><gpxtpx:cad>88</gpxtpx:cad></gpxtpx:TrackPointExtension></extensions></trkpt><trkpt lat="35.9513606" lon="120.21068496"><ele>-24.670000076293945</ele><time>2022-06-03T13:04:05Z</time><extensions><gpxtpx:TrackPointExtension><gpxtpx:hr>133</gpxtpx:hr><gpxtpx:cad>88</gpxtpx:cad></gpxtpx:TrackPointExtension></extensions></trkpt><trkpt lat="35.95133794" lon="120.21069729"><ele>-24.68000030517578</ele><time>2022-06-03T13:04:06Z</time><extensions><gpxtpx:TrackPointExtension><gpxtpx:cad>88</gpxtpx:cad></gpxtpx:TrackPointExtension></extensions></trkpt><trkpt lat="35.95131461" lon="120.21070995"><ele>-24.790000915527344</ele><time>2022-06-03T13:04:07Z</time><extensions><gpxtpx:TrackPointExtension><gpxtpx:cad>88</gpxtpx:cad></gpxtpx:TrackPointExtension></extensions></trkpt><trkpt lat="35.95129128" lon="120.21072261"><ele>-24.780000686645508</ele><time>2022-06-03T13:04:08Z</time><extensions><gpxtpx:TrackPointExtension><gpxtpx:cad>88</gpxtpx:cad></gpxtpx:TrackPointExtension></extensions></trkpt><trkpt lat="35.95126862" lon="120.21073361"><ele>-24.8700008392334</ele><time>2022-06-03T13:04:09Z</time><extensions><gpxtpx:TrackPointExtension><gpxtpx:cad>89</gpxtpx:cad></gpxtpx:TrackPointExtension></extensions></trkpt><trkpt lat="35.95124596" lon="120.21074294"><ele>-24.899999618530273</ele><time>2022-06-03T13:04:10Z</time><extensions><gpxtpx:TrackPointExtension><gpxtpx:cad>89</gpxtpx:cad></gpxtpx:TrackPointExtension></extensions></trkpt><trkpt lat="35.9512233" lon="120.2107526"><ele>-24.979999542236328</ele><time>2022-06-03T13:04:11Z</time><extensions><gpxtpx:TrackPointExtension><gpxtpx:cad>89</gpxtpx:cad></gpxtpx:TrackPointExtension></extensions></trkpt><trkpt lat="35.9512003" lon="120.21076226"><ele>-25.06999969482422</ele><time>2022-06-03T13:04:12Z</time><extensions><gpxtpx:TrackPointExtension><gpxtpx:cad>88</gpxtpx:cad></gpxtpx:TrackPointExtension></extensions></trkpt><trkpt lat="35.95117797" lon="120.21077292"><ele>-25.149999618530273</ele><time>2022-06-03T13:04:13Z</time><extensions><gpxtpx:TrackPointExtension><gpxtpx:cad>88</gpxtpx:cad></gpxtpx:TrackPointExtension></extensions></trkpt><trkpt lat="35.95115498" lon="120.21078191"><ele>-25.209999084472656</ele><time>2022-06-03T13:04:14Z</time><extensions><gpxtpx:TrackPointExtension><gpxtpx:cad>88</gpxtpx:cad></gpxtpx:TrackPointExtension></extensions></trkpt><trkpt lat="35.95113265" lon="120.21079024"><ele>-25.280000686645508</ele><time>2022-06-03T13:04:15Z</time><extensions><gpxtpx:TrackPointExtension><gpxtpx:cad>89</gpxtpx:cad></gpxtpx:TrackPointExtension></extensions></trkpt><trkpt lat="35.95111066" lon="120.21080024"><ele>-25.309999465942383</ele><time>2022-06-03T13:04:16Z</time><extensions><gpxtpx:TrackPointExtension><gpxtpx:cad>88</gpxtpx:cad></gpxtpx:TrackPointExtension></extensions></trkpt><trkpt lat="35.95108866" lon="120.21081024"><ele>-25.3700008392334</ele><time>2022-06-03T13:04:17Z</time><extensions><gpxtpx:TrackPointExtension><gpxtpx:cad>88</gpxtpx:cad></gpxtpx:TrackPointExtension></extensions></trkpt><trkpt lat="35.95106666" lon="120.21081923"><ele>-25.43000030517578</ele><time>2022-06-03T13:04:18Z</time><extensions><gpxtpx:TrackPointExtension><gpxtpx:cad>89</gpxtpx:cad></gpxtpx:TrackPointExtension></extensions></trkpt><trkpt lat="35.951045" lon="120.21082556"><ele>-25.450000762939453</ele><time>2022-06-03T13:04:19Z</time><extensions><gpxtpx:TrackPointExtension><gpxtpx:cad>89</gpxtpx:cad></gpxtpx:TrackPointExtension></extensions></trkpt><trkpt lat="35.951023" lon="120.21082989"><ele>-25.510000228881836</ele><time>2022-06-03T13:04:20Z</time><extensions><gpxtpx:TrackPointExtension><gpxtpx:cad>89</gpxtpx:cad></gpxtpx:TrackPointExtension></extensions></trkpt><trkpt lat="35.95100067" lon="120.21083355"><ele>-25.540000915527344</ele><time>2022-06-03T13:04:21Z</time><extensions><gpxtpx:TrackPointExtension><gpxtpx:cad>89</gpxtpx:cad></gpxtpx:TrackPointExtension></extensions></trkpt><trkpt lat="35.95097934" lon="120.21083554"><ele>-25.56999969482422</ele><time>2022-06-03T13:04:22Z</time><extensions><gpxtpx:TrackPointExtension><gpxtpx:cad>89</gpxtpx:cad></gpxtpx:TrackPointExtension></extensions></trkpt><trkpt lat="35.95095834" lon="120.21083854"><ele>-25.6200008392334</ele><time>2022-06-03T13:04:23Z</time><extensions><gpxtpx:TrackPointExtension><gpxtpx:hr>136</gpxtpx:hr><gpxtpx:cad>89</gpxtpx:cad></gpxtpx:TrackPointExtension></extensions></trkpt><trkpt lat="35.95093868" lon="120.2108402"><ele>-25.790000915527344</ele><time>2022-06-03T13:04:24Z</time><extensions><gpxtpx:TrackPointExtension><gpxtpx:hr>137</gpxtpx:hr><gpxtpx:cad>89</gpxtpx:cad></gpxtpx:TrackPointExtension></extensions></trkpt><trkpt lat="35.95092069" lon="120.21084253"><ele>-25.799999237060547</ele><time>2022-06-03T13:04:25Z</time><extensions><gpxtpx:TrackPointExtension><gpxtpx:hr>137</gpxtpx:hr><gpxtpx:cad>89</gpxtpx:cad></gpxtpx:TrackPointExtension></extensions></trkpt><trkpt lat="35.95090236" lon="120.21084586"><ele>-25.950000762939453</ele><time>2022-06-03T13:04:26Z</time><extensions><gpxtpx:TrackPointExtension><gpxtpx:hr>137</gpxtpx:hr><gpxtpx:cad>89</gpxtpx:cad></gpxtpx:TrackPointExtension></extensions></trkpt><trkpt lat="35.95088403" lon="120.21085052"><ele>-25.940000534057617</ele><time>2022-06-03T13:04:27Z</time><extensions><gpxtpx:TrackPointExtension><gpxtpx:hr>137</gpxtpx:hr><gpxtpx:cad>89</gpxtpx:cad></gpxtpx:TrackPointExtension></extensions></trkpt><trkpt lat="35.95086637" lon="120.21085718"><ele>-26.040000915527344</ele><time>2022-06-03T13:04:28Z</time><extensions><gpxtpx:TrackPointExtension><gpxtpx:hr>138</gpxtpx:hr><gpxtpx:cad>89</gpxtpx:cad></gpxtpx:TrackPointExtension></extensions></trkpt><trkpt lat="35.95084804" lon="120.21086917"><ele>-26.030000686645508</ele><time>2022-06-03T13:04:29Z</time><extensions><gpxtpx:TrackPointExtension><gpxtpx:hr>139</gpxtpx:hr><gpxtpx:cad>89</gpxtpx:cad></gpxtpx:TrackPointExtension></extensions></trkpt><trkpt lat="35.95083005" lon="120.21088017"><ele>-26.1200008392334</ele><time>2022-06-03T13:04:30Z</time><extensions><gpxtpx:TrackPointExtension><gpxtpx:hr>139</gpxtpx:hr><gpxtpx:cad>89</gpxtpx:cad></gpxtpx:TrackPointExtension></extensions></trkpt><trkpt lat="35.95081139" lon="120.21089216"><ele>-26.1299991607666</ele><time>2022-06-03T13:04:31Z</time><extensions><gpxtpx:TrackPointExtension><gpxtpx:hr>140</gpxtpx:hr><gpxtpx:cad>89</gpxtpx:cad></gpxtpx:TrackPointExtension></extensions></trkpt><trkpt lat="35.95079073" lon="120.21090382"><ele>-26.280000686645508</ele><time>2022-06-03T13:04:32Z</time><extensions><gpxtpx:TrackPointExtension><gpxtpx:hr>140</gpxtpx:hr><gpxtpx:cad>89</gpxtpx:cad></gpxtpx:TrackPointExtension></extensions></trkpt><trkpt lat="35.95076873" lon="120.21091515"><ele>-26.299999237060547</ele><time>2022-06-03T13:04:33Z</time><extensions><gpxtpx:TrackPointExtension><gpxtpx:hr>140</gpxtpx:hr><gpxtpx:cad>89</gpxtpx:cad></gpxtpx:TrackPointExtension></extensions></trkpt><trkpt lat="35.9507414" lon="120.21092481"><ele>-26.350000381469727</ele><time>2022-06-03T13:04:34Z</time><extensions><gpxtpx:TrackPointExtension><gpxtpx:hr>140</gpxtpx:hr><gpxtpx:cad>89</gpxtpx:cad></gpxtpx:TrackPointExtension></extensions></trkpt><trkpt lat="35.95071274" lon="120.21093314"><ele>-26.3700008392334</ele><time>2022-06-03T13:04:35Z</time><extensions><gpxtpx:TrackPointExtension><gpxtpx:hr>141</gpxtpx:hr><gpxtpx:cad>89</gpxtpx:cad></gpxtpx:TrackPointExtension></extensions></trkpt><trkpt lat="35.95068108" lon="120.21093947"><ele>-26.3799991607666</ele><time>2022-06-03T13:04:36Z</time><extensions><gpxtpx:TrackPointExtension><gpxtpx:hr>142</gpxtpx:hr><gpxtpx:cad>88</gpxtpx:cad></gpxtpx:TrackPointExtension></extensions></trkpt><trkpt lat="35.95065075" lon="120.2109458"><ele>-26.3799991607666</ele><time>2022-06-03T13:04:37Z</time><extensions><gpxtpx:TrackPointExtension><gpxtpx:hr>142</gpxtpx:hr><gpxtpx:cad>89</gpxtpx:cad></gpxtpx:TrackPointExtension></extensions></trkpt><trkpt lat="35.95062109" lon="120.21094846"><ele>-26.3700008392334</ele><time>2022-06-03T13:04:38Z</time><extensions><gpxtpx:TrackPointExtension><gpxtpx:hr>142</gpxtpx:hr><gpxtpx:cad>88</gpxtpx:cad></gpxtpx:TrackPointExtension></extensions></trkpt><trkpt lat="35.95059143" lon="120.21094846"><ele>-26.3700008392334</ele><time>2022-06-03T13:04:39Z</time><extensions><gpxtpx:TrackPointExtension><gpxtpx:hr>142</gpxtpx:hr><gpxtpx:cad>89</gpxtpx:cad></gpxtpx:TrackPointExtension></extensions></trkpt><trkpt lat="35.9505631" lon="120.21094912"><ele>-26.31999969482422</ele><time>2022-06-03T13:04:40Z</time><extensions><gpxtpx:TrackPointExtension><gpxtpx:hr>142</gpxtpx:hr><gpxtpx:cad>89</gpxtpx:cad></gpxtpx:TrackPointExtension></extensions></trkpt><trkpt lat="35.95053677" lon="120.21095011"><ele>-26.34000015258789</ele><time>2022-06-03T13:04:41Z</time><extensions><gpxtpx:TrackPointExtension><gpxtpx:hr>143</gpxtpx:hr><gpxtpx:cad>89</gpxtpx:cad></gpxtpx:TrackPointExtension></extensions></trkpt><trkpt lat="35.95051277" lon="120.21095144"><ele>-26.290000915527344</ele><time>2022-06-03T13:04:42Z</time><extensions><gpxtpx:TrackPointExtension><gpxtpx:hr>143</gpxtpx:hr><gpxtpx:cad>86</gpxtpx:cad></gpxtpx:TrackPointExtension></extensions></trkpt><trkpt lat="35.95048944" lon="120.2109531"><ele>-26.25</ele><time>2022-06-03T13:04:43Z</time><extensions><gpxtpx:TrackPointExtension><gpxtpx:hr>143</gpxtpx:hr><gpxtpx:cad>87</gpxtpx:cad></gpxtpx:TrackPointExtension></extensions></trkpt><trkpt lat="35.95046645" lon="120.21095277"><ele>-26.190000534057617</ele><time>2022-06-03T13:04:44Z</time><extensions><gpxtpx:TrackPointExtension><gpxtpx:hr>145</gpxtpx:hr><gpxtpx:cad>86</gpxtpx:cad></gpxtpx:TrackPointExtension></extensions></trkpt><trkpt lat="35.95044579" lon="120.21094711"><ele>-26.100000381469727</ele><time>2022-06-03T13:04:45Z</time><extensions><gpxtpx:TrackPointExtension><gpxtpx:hr>145</gpxtpx:hr><gpxtpx:cad>88</gpxtpx:cad></gpxtpx:TrackPointExtension></extensions></trkpt><trkpt lat="35.9504258" lon="120.21094211"><ele>-25.959999084472656</ele><time>2022-06-03T13:04:46Z</time><extensions><gpxtpx:TrackPointExtension><gpxtpx:hr>146</gpxtpx:hr><gpxtpx:cad>88</gpxtpx:cad></gpxtpx:TrackPointExtension></extensions></trkpt><trkpt lat="35.95040547" lon="120.21093845"><ele>-25.860000610351562</ele><time>2022-06-03T13:04:47Z</time><extensions><gpxtpx:TrackPointExtension><gpxtpx:hr>148</gpxtpx:hr><gpxtpx:cad>88</gpxtpx:cad></gpxtpx:TrackPointExtension></extensions></trkpt><trkpt lat="35.95038581" lon="120.21093646"><ele>-25.780000686645508</ele><time>2022-06-03T13:04:48Z</time><extensions><gpxtpx:TrackPointExtension><gpxtpx:hr>149</gpxtpx:hr><gpxtpx:cad>89</gpxtpx:cad></gpxtpx:TrackPointExtension></extensions></trkpt><trkpt lat="35.95036582" lon="120.21093513"><ele>-25.700000762939453</ele><time>2022-06-03T13:04:49Z</time><extensions><gpxtpx:TrackPointExtension><gpxtpx:hr>149</gpxtpx:hr><gpxtpx:cad>89</gpxtpx:cad></gpxtpx:TrackPointExtension></extensions></trkpt><trkpt lat="35.95034649" lon="120.21093414"><ele>-25.639999389648438</ele><time>2022-06-03T13:04:50Z</time><extensions><gpxtpx:TrackPointExtension><gpxtpx:hr>149</gpxtpx:hr><gpxtpx:cad>89</gpxtpx:cad></gpxtpx:TrackPointExtension></extensions></trkpt><trkpt lat="35.95032749" lon="120.21093314"><ele>-25.600000381469727</ele><time>2022-06-03T13:04:51Z</time><extensions><gpxtpx:TrackPointExtension><gpxtpx:hr>150</gpxtpx:hr><gpxtpx:cad>89</gpxtpx:cad></gpxtpx:TrackPointExtension></extensions></trkpt><trkpt lat="35.9503075" lon="120.21093048"><ele>-25.56999969482422</ele><time>2022-06-03T13:04:52Z</time><extensions><gpxtpx:TrackPointExtension><gpxtpx:hr>151</gpxtpx:hr><gpxtpx:cad>88</gpxtpx:cad></gpxtpx:TrackPointExtension></extensions></trkpt><trkpt lat="35.95028717" lon="120.21092949"><ele>-25.540000915527344</ele><time>2022-06-03T13:04:53Z</time><extensions><gpxtpx:TrackPointExtension><gpxtpx:hr>151</gpxtpx:hr><gpxtpx:cad>88</gpxtpx:cad></gpxtpx:TrackPointExtension></extensions></trkpt><trkpt lat="35.95026451" lon="120.21092916"><ele>-25.540000915527344</ele><time>2022-06-03T13:04:54Z</time><extensions><gpxtpx:TrackPointExtension><gpxtpx:hr>151</gpxtpx:hr><gpxtpx:cad>89</gpxtpx:cad></gpxtpx:TrackPointExtension></extensions></trkpt><trkpt lat="35.95024251" lon="120.21093015"><ele>-25.520000457763672</ele><time>2022-06-03T13:04:55Z</time><extensions><gpxtpx:TrackPointExtension><gpxtpx:hr>149</gpxtpx:hr><gpxtpx:cad>89</gpxtpx:cad></gpxtpx:TrackPointExtension></extensions></trkpt><trkpt lat="35.95022085" lon="120.21093081"><ele>-25.520000457763672</ele><time>2022-06-03T13:04:56Z</time><extensions><gpxtpx:TrackPointExtension><gpxtpx:hr>149</gpxtpx:hr><gpxtpx:cad>89</gpxtpx:cad></gpxtpx:TrackPointExtension></extensions></trkpt><trkpt lat="35.95019986" lon="120.2109318"><ele>-25.5</ele><time>2022-06-03T13:04:57Z</time><extensions><gpxtpx:TrackPointExtension><gpxtpx:hr>149</gpxtpx:hr><gpxtpx:cad>88</gpxtpx:cad></gpxtpx:TrackPointExtension></extensions></trkpt><trkpt lat="35.95017753" lon="120.2109348"><ele>-25.530000686645508</ele><time>2022-06-03T13:04:58Z</time><extensions><gpxtpx:TrackPointExtension><gpxtpx:hr>149</gpxtpx:hr><gpxtpx:cad>88</gpxtpx:cad></gpxtpx:TrackPointExtension></extensions></trkpt><trkpt lat="35.95015653" lon="120.21093779"><ele>-25.510000228881836</ele><time>2022-06-03T13:04:59Z</time><extensions><gpxtpx:TrackPointExtension><gpxtpx:hr>149</gpxtpx:hr><gpxtpx:cad>88</gpxtpx:cad></gpxtpx:TrackPointExtension></extensions></trkpt><trkpt lat="35.95013687" lon="120.21094079"><ele>-25.549999237060547</ele><time>2022-06-03T13:05:00Z</time><extensions><gpxtpx:TrackPointExtension><gpxtpx:hr>149</gpxtpx:hr><gpxtpx:cad>88</gpxtpx:cad></gpxtpx:TrackPointExtension></extensions></trkpt><trkpt lat="35.95011888" lon="120.21094345"><ele>-25.540000915527344</ele><time>2022-06-03T13:05:01Z</time><extensions><gpxtpx:TrackPointExtension><gpxtpx:hr>149</gpxtpx:hr><gpxtpx:cad>89</gpxtpx:cad></gpxtpx:TrackPointExtension></extensions></trkpt><trkpt lat="35.95010122" lon="120.21094611"><ele>-25.6299991607666</ele><time>2022-06-03T13:05:02Z</time><extensions><gpxtpx:TrackPointExtension><gpxtpx:hr>149</gpxtpx:hr><gpxtpx:cad>88</gpxtpx:cad></gpxtpx:TrackPointExtension></extensions></trkpt><trkpt lat="35.95008423" lon="120.21094877"><ele>-25.610000610351562</ele><time>2022-06-03T13:05:03Z</time><extensions><gpxtpx:TrackPointExtension><gpxtpx:hr>150</gpxtpx:hr><gpxtpx:cad>88</gpxtpx:cad></gpxtpx:TrackPointExtension></extensions></trkpt><trkpt lat="35.95006757" lon="120.2109511"><ele>-25.670000076293945</ele><time>2022-06-03T13:05:04Z</time><extensions><gpxtpx:TrackPointExtension><gpxtpx:hr>150</gpxtpx:hr><gpxtpx:cad>88</gpxtpx:cad></gpxtpx:TrackPointExtension></extensions></trkpt><trkpt lat="35.95005058" lon="120.21095409"><ele>-25.6200008392334</ele><time>2022-06-03T13:05:05Z</time><extensions><gpxtpx:TrackPointExtension><gpxtpx:hr>149</gpxtpx:hr><gpxtpx:cad>88</gpxtpx:cad></gpxtpx:TrackPointExtension></extensions></trkpt><trkpt lat="35.95003325" lon="120.21095909"><ele>-25.68000030517578</ele><time>2022-06-03T13:05:06Z</time><extensions><gpxtpx:TrackPointExtension><gpxtpx:hr>150</gpxtpx:hr><gpxtpx:cad>88</gpxtpx:cad></gpxtpx:TrackPointExtension></extensions></trkpt><trkpt lat="35.95001592" lon="120.21096442"><ele>-25.670000076293945</ele><time>2022-06-03T13:05:07Z</time><extensions><gpxtpx:TrackPointExtension><gpxtpx:hr>151</gpxtpx:hr><gpxtpx:cad>88</gpxtpx:cad></gpxtpx:TrackPointExtension></extensions></trkpt><trkpt lat="35.94999826" lon="120.21096908"><ele>-25.649999618530273</ele><time>2022-06-03T13:05:08Z</time><extensions><gpxtpx:TrackPointExtension><gpxtpx:hr>151</gpxtpx:hr><gpxtpx:cad>89</gpxtpx:cad></gpxtpx:TrackPointExtension></extensions></trkpt><trkpt lat="35.9499816" lon="120.21097274"><ele>-25.649999618530273</ele><time>2022-06-03T13:05:09Z</time><extensions><gpxtpx:TrackPointExtension><gpxtpx:hr>151</gpxtpx:hr><gpxtpx:cad>89</gpxtpx:cad></gpxtpx:TrackPointExtension></extensions></trkpt><trkpt lat="35.94996361" lon="120.21097574"><ele>-25.639999389648438</ele><time>2022-06-03T13:05:10Z</time><extensions><gpxtpx:TrackPointExtension><gpxtpx:hr>151</gpxtpx:hr><gpxtpx:cad>89</gpxtpx:cad></gpxtpx:TrackPointExtension></extensions></trkpt><trkpt lat="35.94994728" lon="120.21098007"><ele>-25.639999389648438</ele><time>2022-06-03T13:05:11Z</time><extensions><gpxtpx:TrackPointExtension><gpxtpx:hr>151</gpxtpx:hr><gpxtpx:cad>89</gpxtpx:cad></gpxtpx:TrackPointExtension></extensions></trkpt><trkpt lat="35.94993262" lon="120.2109824"><ele>-25.6299991607666</ele><time>2022-06-03T13:05:12Z</time><extensions><gpxtpx:TrackPointExtension><gpxtpx:hr>151</gpxtpx:hr><gpxtpx:cad>89</gpxtpx:cad></gpxtpx:TrackPointExtension></extensions></trkpt><trkpt lat="35.94991996" lon="120.21098406"><ele>-25.6299991607666</ele><time>2022-06-03T13:05:13Z</time><extensions><gpxtpx:TrackPointExtension><gpxtpx:hr>151</gpxtpx:hr><gpxtpx:cad>88</gpxtpx:cad></gpxtpx:TrackPointExtension></extensions></trkpt><trkpt lat="35.94990697" lon="120.21098572"><ele>-25.670000076293945</ele><time>2022-06-03T13:05:14Z</time><extensions><gpxtpx:TrackPointExtension><gpxtpx:hr>151</gpxtpx:hr><gpxtpx:cad>88</gpxtpx:cad></gpxtpx:TrackPointExtension></extensions></trkpt><trkpt lat="35.94989364" lon="120.21099038"><ele>-25.649999618530273</ele><time>2022-06-03T13:05:15Z</time><extensions><gpxtpx:TrackPointExtension><gpxtpx:hr>152</gpxtpx:hr><gpxtpx:cad>89</gpxtpx:cad></gpxtpx:TrackPointExtension></extensions></trkpt><trkpt lat="35.94988231" lon="120.21099604"><ele>-25.690000534057617</ele><time>2022-06-03T13:05:16Z</time><extensions><gpxtpx:TrackPointExtension><gpxtpx:hr>154</gpxtpx:hr><gpxtpx:cad>89</gpxtpx:cad></gpxtpx:TrackPointExtension></extensions></trkpt><trkpt lat="35.94987165" lon="120.21100103"><ele>-25.700000762939453</ele><time>2022-06-03T13:05:17Z</time><extensions><gpxtpx:TrackPointExtension><gpxtpx:hr>155</gpxtpx:hr><gpxtpx:cad>89</gpxtpx:cad></gpxtpx:TrackPointExtension></extensions></trkpt><trkpt lat="35.94986065" lon="120.21100636"><ele>-25.709999084472656</ele><time>2022-06-03T13:05:18Z</time><extensions><gpxtpx:TrackPointExtension><gpxtpx:hr>155</gpxtpx:hr><gpxtpx:cad>89</gpxtpx:cad></gpxtpx:TrackPointExtension></extensions></trkpt><trkpt lat="35.94984866" lon="120.21101202"><ele>-25.719999313354492</ele><time>2022-06-03T13:05:19Z</time><extensions><gpxtpx:TrackPointExtension><gpxtpx:hr>155</gpxtpx:hr><gpxtpx:cad>89</gpxtpx:cad></gpxtpx:TrackPointExtension></extensions></trkpt><trkpt lat="35.949835" lon="120.21101768"><ele>-25.760000228881836</ele><time>2022-06-03T13:05:20Z</time><extensions><gpxtpx:TrackPointExtension><gpxtpx:hr>155</gpxtpx:hr><gpxtpx:cad>89</gpxtpx:cad></gpxtpx:TrackPointExtension></extensions></trkpt><trkpt lat="35.94982267" lon="120.21102401"><ele>-25.780000686645508</ele><time>2022-06-03T13:05:21Z</time><extensions><gpxtpx:TrackPointExtension><gpxtpx:hr>155</gpxtpx:hr><gpxtpx:cad>89</gpxtpx:cad></gpxtpx:TrackPointExtension></extensions></trkpt><trkpt lat="35.94981101" lon="120.21103167"><ele>-25.790000915527344</ele><time>2022-06-03T13:05:22Z</time><extensions><gpxtpx:TrackPointExtension><gpxtpx:hr>155</gpxtpx:hr><gpxtpx:cad>89</gpxtpx:cad></gpxtpx:TrackPointExtension></extensions></trkpt><trkpt lat="35.94979868" lon="120.21104"><ele>-25.799999237060547</ele><time>2022-06-03T13:05:23Z</time><extensions><gpxtpx:TrackPointExtension><gpxtpx:hr>155</gpxtpx:hr><gpxtpx:cad>89</gpxtpx:cad></gpxtpx:TrackPointExtension></extensions></trkpt><trkpt lat="35.94978669" lon="120.21104933"><ele>-25.809999465942383</ele><time>2022-06-03T13:05:24Z</time><extensions><gpxtpx:TrackPointExtension><gpxtpx:hr>154</gpxtpx:hr><gpxtpx:cad>89</gpxtpx:cad></gpxtpx:TrackPointExtension></extensions></trkpt><trkpt lat="35.94977436" lon="120.21105899"><ele>-25.81999969482422</ele><time>2022-06-03T13:05:25Z</time><extensions><gpxtpx:TrackPointExtension><gpxtpx:hr>154</gpxtpx:hr><gpxtpx:cad>89</gpxtpx:cad></gpxtpx:TrackPointExtension></extensions></trkpt><trkpt lat="35.9497617" lon="120.21106765"><ele>-25.84000015258789</ele><time>2022-06-03T13:05:26Z</time><extensions><gpxtpx:TrackPointExtension><gpxtpx:hr>154</gpxtpx:hr><gpxtpx:cad>89</gpxtpx:cad></gpxtpx:TrackPointExtension></extensions></trkpt><trkpt lat="35.9497487" lon="120.21107565"><ele>-25.850000381469727</ele><time>2022-06-03T13:05:27Z</time><extensions><gpxtpx:TrackPointExtension><gpxtpx:hr>155</gpxtpx:hr><gpxtpx:cad>89</gpxtpx:cad></gpxtpx:TrackPointExtension></extensions></trkpt><trkpt lat="35.94973537" lon="120.21108331"><ele>-25.850000381469727</ele><time>2022-06-03T13:05:28Z</time><extensions><gpxtpx:TrackPointExtension><gpxtpx:hr>155</gpxtpx:hr><gpxtpx:cad>89</gpxtpx:cad></gpxtpx:TrackPointExtension></extensions></trkpt><trkpt lat="35.94972137" lon="120.21109064"><ele>-25.84000015258789</ele><time>2022-06-03T13:05:29Z</time><extensions><gpxtpx:TrackPointExtension><gpxtpx:hr>155</gpxtpx:hr><gpxtpx:cad>89</gpxtpx:cad></gpxtpx:TrackPointExtension></extensions></trkpt><trkpt lat="35.94970404" lon="120.21109697"><ele>-25.809999465942383</ele><time>2022-06-03T13:05:30Z</time><extensions><gpxtpx:TrackPointExtension><gpxtpx:hr>154</gpxtpx:hr><gpxtpx:cad>89</gpxtpx:cad></gpxtpx:TrackPointExtension></extensions></trkpt><trkpt lat="35.94968671" lon="120.21110363"><ele>-25.719999313354492</ele><time>2022-06-03T13:05:31Z</time><extensions><gpxtpx:TrackPointExtension><gpxtpx:cad>89</gpxtpx:cad></gpxtpx:TrackPointExtension></extensions></trkpt><trkpt lat="35.94966905" lon="120.21110962"><ele>-25.649999618530273</ele><time>2022-06-03T13:05:32Z</time><extensions><gpxtpx:TrackPointExtension><gpxtpx:hr>154</gpxtpx:hr><gpxtpx:cad>88</gpxtpx:cad></gpxtpx:TrackPointExtension></extensions></trkpt><trkpt lat="35.94965206" lon="120.21111495"><ele>-25.600000381469727</ele><time>2022-06-03T13:05:33Z</time><extensions><gpxtpx:TrackPointExtension><gpxtpx:hr>152</gpxtpx:hr><gpxtpx:cad>88</gpxtpx:cad></gpxtpx:TrackPointExtension></extensions></trkpt><trkpt lat="35.94963306" lon="120.21112161"><ele>-25.549999237060547</ele><time>2022-06-03T13:05:34Z</time><extensions><gpxtpx:TrackPointExtension><gpxtpx:hr>152</gpxtpx:hr><gpxtpx:cad>88</gpxtpx:cad></gpxtpx:TrackPointExtension></extensions></trkpt><trkpt lat="35.9496104" lon="120.21112494"><ele>-25.530000686645508</ele><time>2022-06-03T13:05:35Z</time><extensions><gpxtpx:TrackPointExtension><gpxtpx:hr>152</gpxtpx:hr><gpxtpx:cad>88</gpxtpx:cad></gpxtpx:TrackPointExtension></extensions></trkpt><trkpt lat="35.94958407" lon="120.21113394"><ele>-25.6200008392334</ele><time>2022-06-03T13:05:36Z</time><extensions><gpxtpx:TrackPointExtension><gpxtpx:hr>152</gpxtpx:hr><gpxtpx:cad>88</gpxtpx:cad></gpxtpx:TrackPointExtension></extensions></trkpt><trkpt lat="35.94955574" lon="120.2111446"><ele>-25.6200008392334</ele><time>2022-06-03T13:05:37Z</time><extensions><gpxtpx:TrackPointExtension><gpxtpx:hr>152</gpxtpx:hr><gpxtpx:cad>88</gpxtpx:cad></gpxtpx:TrackPointExtension></extensions></trkpt><trkpt lat="35.94952708" lon="120.21115759"><ele>-25.690000534057617</ele><time>2022-06-03T13:05:38Z</time><extensions><gpxtpx:TrackPointExtension><gpxtpx:hr>153</gpxtpx:hr><gpxtpx:cad>88</gpxtpx:cad></gpxtpx:TrackPointExtension></extensions></trkpt><trkpt lat="35.94950042" lon="120.21116825"><ele>-25.639999389648438</ele><time>2022-06-03T13:05:39Z</time><extensions><gpxtpx:TrackPointExtension><gpxtpx:hr>153</gpxtpx:hr><gpxtpx:cad>89</gpxtpx:cad></gpxtpx:TrackPointExtension></extensions></trkpt><trkpt lat="35.94947576" lon="120.21117891"><ele>-25.75</ele><time>2022-06-03T13:05:40Z</time><extensions><gpxtpx:TrackPointExtension><gpxtpx:hr>154</gpxtpx:hr><gpxtpx:cad>89</gpxtpx:cad></gpxtpx:TrackPointExtension></extensions></trkpt><trkpt lat="35.94945377" lon="120.21118357"><ele>-25.75</ele><time>2022-06-03T13:05:41Z</time><extensions><gpxtpx:TrackPointExtension><gpxtpx:hr>155</gpxtpx:hr><gpxtpx:cad>89</gpxtpx:cad></gpxtpx:TrackPointExtension></extensions></trkpt><trkpt lat="35.94943477" lon="120.2111869"><ele>-25.770000457763672</ele><time>2022-06-03T13:05:42Z</time><extensions><gpxtpx:TrackPointExtension><gpxtpx:hr>156</gpxtpx:hr><gpxtpx:cad>88</gpxtpx:cad></gpxtpx:TrackPointExtension></extensions></trkpt><trkpt lat="35.94941744" lon="120.21119089"><ele>-25.700000762939453</ele><time>2022-06-03T13:05:43Z</time><extensions><gpxtpx:TrackPointExtension><gpxtpx:hr>157</gpxtpx:hr><gpxtpx:cad>89</gpxtpx:cad></gpxtpx:TrackPointExtension></extensions></trkpt><trkpt lat="35.94940078" lon="120.21119188"><ele>-25.780000686645508</ele><time>2022-06-03T13:05:44Z</time><extensions><gpxtpx:TrackPointExtension><gpxtpx:hr>157</gpxtpx:hr><gpxtpx:cad>88</gpxtpx:cad></gpxtpx:TrackPointExtension></extensions></trkpt><trkpt lat="35.94938478" lon="120.21119254"><ele>-25.729999542236328</ele><time>2022-06-03T13:05:45Z</time><extensions><gpxtpx:TrackPointExtension><gpxtpx:hr>158</gpxtpx:hr><gpxtpx:cad>88</gpxtpx:cad></gpxtpx:TrackPointExtension></extensions></trkpt><trkpt lat="35.94936379" lon="120.21119487"><ele>-25.780000686645508</ele><time>2022-06-03T13:05:46Z</time><extensions><gpxtpx:TrackPointExtension><gpxtpx:hr>159</gpxtpx:hr><gpxtpx:cad>89</gpxtpx:cad></gpxtpx:TrackPointExtension></extensions></trkpt><trkpt lat="35.94933813" lon="120.2111972"><ele>-25.729999542236328</ele><time>2022-06-03T13:05:47Z</time><extensions><gpxtpx:TrackPointExtension><gpxtpx:hr>160</gpxtpx:hr><gpxtpx:cad>89</gpxtpx:cad></gpxtpx:TrackPointExtension></extensions></trkpt><trkpt lat="35.9493068" lon="120.21119886"><ele>-25.760000228881836</ele><time>2022-06-03T13:05:48Z</time><extensions><gpxtpx:TrackPointExtension><gpxtpx:hr>160</gpxtpx:hr><gpxtpx:cad>88</gpxtpx:cad></gpxtpx:TrackPointExtension></extensions></trkpt><trkpt lat="35.94927947" lon="120.21120152"><ele>-25.719999313354492</ele><time>2022-06-03T13:05:49Z</time><extensions><gpxtpx:TrackPointExtension><gpxtpx:hr>160</gpxtpx:hr><gpxtpx:cad>89</gpxtpx:cad></gpxtpx:TrackPointExtension></extensions></trkpt><trkpt lat="35.94925414" lon="120.21120385"><ele>-25.75</ele><time>2022-06-03T13:05:50Z</time><extensions><gpxtpx:TrackPointExtension><gpxtpx:hr>161</gpxtpx:hr><gpxtpx:cad>89</gpxtpx:cad></gpxtpx:TrackPointExtension></extensions></trkpt><trkpt lat="35.94923081" lon="120.21120851"><ele>-25.75</ele><time>2022-06-03T13:05:51Z</time><extensions><gpxtpx:TrackPointExtension><gpxtpx:hr>162</gpxtpx:hr><gpxtpx:cad>89</gpxtpx:cad></gpxtpx:TrackPointExtension></extensions></trkpt><trkpt lat="35.94920782" lon="120.21122151"><ele>-25.719999313354492</ele><time>2022-06-03T13:05:52Z</time><extensions><gpxtpx:TrackPointExtension><gpxtpx:hr>162</gpxtpx:hr><gpxtpx:cad>89</gpxtpx:cad></gpxtpx:TrackPointExtension></extensions></trkpt><trkpt lat="35.94918383" lon="120.21123584"><ele>-25.690000534057617</ele><time>2022-06-03T13:05:53Z</time><extensions><gpxtpx:TrackPointExtension><gpxtpx:hr>163</gpxtpx:hr><gpxtpx:cad>89</gpxtpx:cad></gpxtpx:TrackPointExtension></extensions></trkpt><trkpt lat="35.94915983" lon="120.2112505"><ele>-25.690000534057617</ele><time>2022-06-03T13:05:54Z</time><extensions><gpxtpx:TrackPointExtension><gpxtpx:hr>163</gpxtpx:hr><gpxtpx:cad>89</gpxtpx:cad></gpxtpx:TrackPointExtension></extensions></trkpt><trkpt lat="35.94913684" lon="120.21126249"><ele>-25.690000534057617</ele><time>2022-06-03T13:05:55Z</time><extensions><gpxtpx:TrackPointExtension><gpxtpx:hr>163</gpxtpx:hr><gpxtpx:cad>89</gpxtpx:cad></gpxtpx:TrackPointExtension></extensions></trkpt><trkpt lat="35.94911385" lon="120.21127382"><ele>-25.780000686645508</ele><time>2022-06-03T13:05:56Z</time><extensions><gpxtpx:TrackPointExtension><gpxtpx:hr>163</gpxtpx:hr><gpxtpx:cad>89</gpxtpx:cad></gpxtpx:TrackPointExtension></extensions></trkpt><trkpt lat="35.94909152" lon="120.21128681"><ele>-25.729999542236328</ele><time>2022-06-03T13:05:57Z</time><extensions><gpxtpx:TrackPointExtension><gpxtpx:hr>164</gpxtpx:hr><gpxtpx:cad>90</gpxtpx:cad></gpxtpx:TrackPointExtension></extensions></trkpt><trkpt lat="35.94906819" lon="120.2112988"><ele>-25.809999465942383</ele><time>2022-06-03T13:05:58Z</time><extensions><gpxtpx:TrackPointExtension><gpxtpx:hr>164</gpxtpx:hr><gpxtpx:cad>90</gpxtpx:cad></gpxtpx:TrackPointExtension></extensions></trkpt><trkpt lat="35.94904386" lon="120.2113108"><ele>-25.770000457763672</ele><time>2022-06-03T13:05:59Z</time><extensions><gpxtpx:TrackPointExtension><gpxtpx:hr>164</gpxtpx:hr><gpxtpx:cad>89</gpxtpx:cad></gpxtpx:TrackPointExtension></extensions></trkpt><trkpt lat="35.94901886" lon="120.21132213"><ele>-25.850000381469727</ele><time>2022-06-03T13:06:00Z</time><extensions><gpxtpx:TrackPointExtension><gpxtpx:hr>164</gpxtpx:hr><gpxtpx:cad>89</gpxtpx:cad></gpxtpx:TrackPointExtension></extensions></trkpt><trkpt lat="35.9489942" lon="120.21133346"><ele>-25.790000915527344</ele><time>2022-06-03T13:06:01Z</time><extensions><gpxtpx:TrackPointExtension><gpxtpx:hr>165</gpxtpx:hr><gpxtpx:cad>89</gpxtpx:cad></gpxtpx:TrackPointExtension></extensions></trkpt><trkpt lat="35.94896954" lon="120.21134379"><ele>-25.860000610351562</ele><time>2022-06-03T13:06:02Z</time><extensions><gpxtpx:TrackPointExtension><gpxtpx:hr>166</gpxtpx:hr><gpxtpx:cad>89</gpxtpx:cad></gpxtpx:TrackPointExtension></extensions></trkpt><trkpt lat="35.94894621" lon="120.21135179"><ele>-25.84000015258789</ele><time>2022-06-03T13:06:03Z</time><extensions><gpxtpx:TrackPointExtension><gpxtpx:hr>168</gpxtpx:hr><gpxtpx:cad>89</gpxtpx:cad></gpxtpx:TrackPointExtension></extensions></trkpt><trkpt lat="35.94892522" lon="120.21135679"><ele>-25.950000762939453</ele><time>2022-06-03T13:06:04Z</time><extensions><gpxtpx:TrackPointExtension><gpxtpx:hr>169</gpxtpx:hr><gpxtpx:cad>89</gpxtpx:cad></gpxtpx:TrackPointExtension></extensions></trkpt><trkpt lat="35.94890656" lon="120.21135978"><ele>-26.030000686645508</ele><time>2022-06-03T13:06:05Z</time><extensions><gpxtpx:TrackPointExtension><gpxtpx:hr>170</gpxtpx:hr><gpxtpx:cad>89</gpxtpx:cad></gpxtpx:TrackPointExtension></extensions></trkpt><trkpt lat="35.94888923" lon="120.21136144"><ele>-26.110000610351562</ele><time>2022-06-03T13:06:06Z</time><extensions><gpxtpx:TrackPointExtension><gpxtpx:hr>170</gpxtpx:hr><gpxtpx:cad>89</gpxtpx:cad></gpxtpx:TrackPointExtension></extensions></trkpt><trkpt lat="35.94886824" lon="120.21136111"><ele>-26.170000076293945</ele><time>2022-06-03T13:06:07Z</time><extensions><gpxtpx:TrackPointExtension><gpxtpx:hr>170</gpxtpx:hr><gpxtpx:cad>89</gpxtpx:cad></gpxtpx:TrackPointExtension></extensions></trkpt><trkpt lat="35.94884824" lon="120.21135978"><ele>-26.200000762939453</ele><time>2022-06-03T13:06:08Z</time><extensions><gpxtpx:TrackPointExtension><gpxtpx:hr>171</gpxtpx:hr><gpxtpx:cad>89</gpxtpx:cad></gpxtpx:TrackPointExtension></extensions></trkpt><trkpt lat="35.94883058" lon="120.21135879"><ele>-26.229999542236328</ele><time>2022-06-03T13:06:09Z</time><extensions><gpxtpx:TrackPointExtension><gpxtpx:hr>171</gpxtpx:hr><gpxtpx:cad>89</gpxtpx:cad></gpxtpx:TrackPointExtension></extensions></trkpt><trkpt lat="35.94881492" lon="120.21135713"><ele>-26.25</ele><time>2022-06-03T13:06:10Z</time><extensions><gpxtpx:TrackPointExtension><gpxtpx:hr>171</gpxtpx:hr><gpxtpx:cad>89</gpxtpx:cad></gpxtpx:TrackPointExtension></extensions></trkpt><trkpt lat="35.94879959" lon="120.2113558"><ele>-26.260000228881836</ele><time>2022-06-03T13:06:11Z</time><extensions><gpxtpx:TrackPointExtension><gpxtpx:hr>171</gpxtpx:hr><gpxtpx:cad>89</gpxtpx:cad></gpxtpx:TrackPointExtension></extensions></trkpt><trkpt lat="35.94878426" lon="120.2113558"><ele>-26.260000228881836</ele><time>2022-06-03T13:06:12Z</time><extensions><gpxtpx:TrackPointExtension><gpxtpx:hr>171</gpxtpx:hr><gpxtpx:cad>89</gpxtpx:cad></gpxtpx:TrackPointExtension></extensions></trkpt><trkpt lat="35.94876926" lon="120.21135679"><ele>-26.260000228881836</ele><time>2022-06-03T13:06:13Z</time><extensions><gpxtpx:TrackPointExtension><gpxtpx:hr>172</gpxtpx:hr><gpxtpx:cad>89</gpxtpx:cad></gpxtpx:TrackPointExtension></extensions></trkpt><trkpt lat="35.9487556" lon="120.21135745"><ele>-26.25</ele><time>2022-06-03T13:06:14Z</time><extensions><gpxtpx:TrackPointExtension><gpxtpx:hr>171</gpxtpx:hr><gpxtpx:cad>89</gpxtpx:cad></gpxtpx:TrackPointExtension></extensions></trkpt><trkpt lat="35.94874127" lon="120.21135811"><ele>-26.219999313354492</ele><time>2022-06-03T13:06:15Z</time><extensions><gpxtpx:TrackPointExtension><gpxtpx:hr>170</gpxtpx:hr><gpxtpx:cad>89</gpxtpx:cad></gpxtpx:TrackPointExtension></extensions></trkpt><trkpt lat="35.94872861" lon="120.21135944"><ele>-26.190000534057617</ele><time>2022-06-03T13:06:16Z</time><extensions><gpxtpx:TrackPointExtension><gpxtpx:hr>170</gpxtpx:hr><gpxtpx:cad>89</gpxtpx:cad></gpxtpx:TrackPointExtension></extensions></trkpt><trkpt lat="35.94871628" lon="120.21136077"><ele>-26.1200008392334</ele><time>2022-06-03T13:06:17Z</time><extensions><gpxtpx:TrackPointExtension><gpxtpx:hr>171</gpxtpx:hr><gpxtpx:cad>89</gpxtpx:cad></gpxtpx:TrackPointExtension></extensions></trkpt><trkpt lat="35.94870395" lon="120.21136177"><ele>-26.010000228881836</ele><time>2022-06-03T13:06:18Z</time><extensions><gpxtpx:TrackPointExtension><gpxtpx:hr>171</gpxtpx:hr><gpxtpx:cad>61</gpxtpx:cad></gpxtpx:TrackPointExtension></extensions></trkpt><trkpt lat="35.94869262" lon="120.21136111"><ele>-25.889999389648438</ele><time>2022-06-03T13:06:19Z</time><extensions><gpxtpx:TrackPointExtension><gpxtpx:hr>171</gpxtpx:hr><gpxtpx:cad>61</gpxtpx:cad></gpxtpx:TrackPointExtension></extensions></trkpt><trkpt lat="35.94868162" lon="120.21136211"><ele>-25.809999465942383</ele><time>2022-06-03T13:06:20Z</time><extensions><gpxtpx:TrackPointExtension><gpxtpx:hr>171</gpxtpx:hr></gpxtpx:TrackPointExtension></extensions></trkpt><trkpt lat="35.94866996" lon="120.21136344"><ele>-25.760000228881836</ele><time>2022-06-03T13:06:21Z</time><extensions><gpxtpx:TrackPointExtension><gpxtpx:hr>170</gpxtpx:hr><gpxtpx:cad>61</gpxtpx:cad></gpxtpx:TrackPointExtension></extensions></trkpt><trkpt lat="35.94865863" lon="120.21136677"><ele>-25.700000762939453</ele><time>2022-06-03T13:06:22Z</time><extensions><gpxtpx:TrackPointExtension><gpxtpx:hr>170</gpxtpx:hr><gpxtpx:cad>61</gpxtpx:cad></gpxtpx:TrackPointExtension></extensions></trkpt><trkpt lat="35.9486453" lon="120.2113711"><ele>-25.670000076293945</ele><time>2022-06-03T13:06:23Z</time><extensions><gpxtpx:TrackPointExtension><gpxtpx:hr>170</gpxtpx:hr><gpxtpx:cad>61</gpxtpx:cad></gpxtpx:TrackPointExtension></extensions></trkpt><trkpt lat="35.94862897" lon="120.21137743"><ele>-25.6200008392334</ele><time>2022-06-03T13:06:24Z</time><extensions><gpxtpx:TrackPointExtension><gpxtpx:hr>171</gpxtpx:hr><gpxtpx:cad>61</gpxtpx:cad></gpxtpx:TrackPointExtension></extensions></trkpt><trkpt lat="35.94861031" lon="120.21138776"><ele>-25.56999969482422</ele><time>2022-06-03T13:06:25Z</time><extensions><gpxtpx:TrackPointExtension><gpxtpx:hr>172</gpxtpx:hr></gpxtpx:TrackPointExtension></extensions></trkpt><trkpt lat="35.94859065" lon="120.21139876"><ele>-25.56999969482422</ele><time>2022-06-03T13:06:26Z</time><extensions><gpxtpx:TrackPointExtension><gpxtpx:hr>172</gpxtpx:hr><gpxtpx:cad>61</gpxtpx:cad></gpxtpx:TrackPointExtension></extensions></trkpt><trkpt lat="35.94856999" lon="120.21141075"><ele>-25.510000228881836</ele><time>2022-06-03T13:06:27Z</time><extensions><gpxtpx:TrackPointExtension><gpxtpx:hr>172</gpxtpx:hr><gpxtpx:cad>61</gpxtpx:cad></gpxtpx:TrackPointExtension></extensions></trkpt><trkpt lat="35.94854766" lon="120.21142274"><ele>-25.6200008392334</ele><time>2022-06-03T13:06:28Z</time><extensions><gpxtpx:TrackPointExtension><gpxtpx:hr>170</gpxtpx:hr><gpxtpx:cad>61</gpxtpx:cad></gpxtpx:TrackPointExtension></extensions></trkpt><trkpt lat="35.94852533" lon="120.21143507"><ele>-25.809999465942383</ele><time>2022-06-03T13:06:29Z</time><extensions><gpxtpx:TrackPointExtension><gpxtpx:hr>168</gpxtpx:hr><gpxtpx:cad>61</gpxtpx:cad></gpxtpx:TrackPointExtension></extensions></trkpt><trkpt lat="35.948504" lon="120.21144607"><ele>-25.809999465942383</ele><time>2022-06-03T13:06:30Z</time><extensions><gpxtpx:TrackPointExtension><gpxtpx:hr>166</gpxtpx:hr><gpxtpx:cad>61</gpxtpx:cad></gpxtpx:TrackPointExtension></extensions></trkpt><trkpt lat="35.948485" lon="120.21145606"><ele>-26.059999465942383</ele><time>2022-06-03T13:06:31Z</time><extensions><gpxtpx:TrackPointExtension><gpxtpx:hr>165</gpxtpx:hr><gpxtpx:cad>61</gpxtpx:cad></gpxtpx:TrackPointExtension></extensions></trkpt><trkpt lat="35.94846701" lon="120.21146339"><ele>-26.09000015258789</ele><time>2022-06-03T13:06:32Z</time><extensions><gpxtpx:TrackPointExtension><gpxtpx:hr>164</gpxtpx:hr><gpxtpx:cad>61</gpxtpx:cad></gpxtpx:TrackPointExtension></extensions></trkpt><trkpt lat="35.94844935" lon="120.21146938"><ele>-26.18000030517578</ele><time>2022-06-03T13:06:33Z</time><extensions><gpxtpx:TrackPointExtension><gpxtpx:hr>164</gpxtpx:hr><gpxtpx:cad>61</gpxtpx:cad></gpxtpx:TrackPointExtension></extensions></trkpt><trkpt lat="35.94843069" lon="120.21147571"><ele>-26.149999618530273</ele><time>2022-06-03T13:06:34Z</time><extensions><gpxtpx:TrackPointExtension><gpxtpx:hr>164</gpxtpx:hr><gpxtpx:cad>61</gpxtpx:cad></gpxtpx:TrackPointExtension></extensions></trkpt><trkpt lat="35.94841336" lon="120.2114767"><ele>-26.1299991607666</ele><time>2022-06-03T13:06:35Z</time><extensions><gpxtpx:TrackPointExtension><gpxtpx:hr>165</gpxtpx:hr><gpxtpx:cad>61</gpxtpx:cad></gpxtpx:TrackPointExtension></extensions></trkpt><trkpt lat="35.94839503" lon="120.21147736"><ele>-26.100000381469727</ele><time>2022-06-03T13:06:36Z</time><extensions><gpxtpx:TrackPointExtension><gpxtpx:hr>165</gpxtpx:hr><gpxtpx:cad>61</gpxtpx:cad></gpxtpx:TrackPointExtension></extensions></trkpt><trkpt lat="35.94837504" lon="120.21147703"><ele>-26.049999237060547</ele><time>2022-06-03T13:06:37Z</time><extensions><gpxtpx:TrackPointExtension><gpxtpx:hr>166</gpxtpx:hr><gpxtpx:cad>61</gpxtpx:cad></gpxtpx:TrackPointExtension></extensions></trkpt><trkpt lat="35.94835371" lon="120.21147703"><ele>-26.030000686645508</ele><time>2022-06-03T13:06:38Z</time><extensions><gpxtpx:TrackPointExtension><gpxtpx:hr>167</gpxtpx:hr><gpxtpx:cad>61</gpxtpx:cad></gpxtpx:TrackPointExtension></extensions></trkpt><trkpt lat="35.94833205" lon="120.21147736"><ele>-26.010000228881836</ele><time>2022-06-03T13:06:39Z</time><extensions><gpxtpx:TrackPointExtension><gpxtpx:hr>168</gpxtpx:hr><gpxtpx:cad>88</gpxtpx:cad></gpxtpx:TrackPointExtension></extensions></trkpt><trkpt lat="35.94830972" lon="120.21147936"><ele>-26.0</ele><time>2022-06-03T13:06:40Z</time><extensions><gpxtpx:TrackPointExtension><gpxtpx:hr>168</gpxtpx:hr><gpxtpx:cad>89</gpxtpx:cad></gpxtpx:TrackPointExtension></extensions></trkpt><trkpt lat="35.94828839" lon="120.21148235"><ele>-26.020000457763672</ele><time>2022-06-03T13:06:41Z</time><extensions><gpxtpx:TrackPointExtension><gpxtpx:hr>168</gpxtpx:hr><gpxtpx:cad>88</gpxtpx:cad></gpxtpx:TrackPointExtension></extensions></trkpt><trkpt lat="35.9482674" lon="120.21148535"><ele>-26.06999969482422</ele><time>2022-06-03T13:06:42Z</time><extensions><gpxtpx:TrackPointExtension><gpxtpx:hr>168</gpxtpx:hr><gpxtpx:cad>89</gpxtpx:cad></gpxtpx:TrackPointExtension></extensions></trkpt><trkpt lat="35.94824607" lon="120.21148768"><ele>-26.1200008392334</ele><time>2022-06-03T13:06:43Z</time><extensions><gpxtpx:TrackPointExtension><gpxtpx:hr>169</gpxtpx:hr><gpxtpx:cad>89</gpxtpx:cad></gpxtpx:TrackPointExtension></extensions></trkpt><trkpt lat="35.94822474" lon="120.21148934"><ele>-26.170000076293945</ele><time>2022-06-03T13:06:44Z</time><extensions><gpxtpx:TrackPointExtension><gpxtpx:hr>168</gpxtpx:hr><gpxtpx:cad>89</gpxtpx:cad></gpxtpx:TrackPointExtension></extensions></trkpt><trkpt lat="35.94820208" lon="120.21149134"><ele>-26.200000762939453</ele><time>2022-06-03T13:06:45Z</time><extensions><gpxtpx:TrackPointExtension><gpxtpx:hr>168</gpxtpx:hr><gpxtpx:cad>88</gpxtpx:cad></gpxtpx:TrackPointExtension></extensions></trkpt><trkpt lat="35.94817909" lon="120.21149167"><ele>-26.200000762939453</ele><time>2022-06-03T13:06:46Z</time><extensions><gpxtpx:TrackPointExtension><gpxtpx:hr>168</gpxtpx:hr><gpxtpx:cad>88</gpxtpx:cad></gpxtpx:TrackPointExtension></extensions></trkpt><trkpt lat="35.94815576" lon="120.21149366"><ele>-26.200000762939453</ele><time>2022-06-03T13:06:47Z</time><extensions><gpxtpx:TrackPointExtension><gpxtpx:hr>168</gpxtpx:hr><gpxtpx:cad>89</gpxtpx:cad></gpxtpx:TrackPointExtension></extensions></trkpt><trkpt lat="35.94813243" lon="120.21149766"><ele>-26.200000762939453</ele><time>2022-06-03T13:06:48Z</time><extensions><gpxtpx:TrackPointExtension><gpxtpx:hr>168</gpxtpx:hr><gpxtpx:cad>89</gpxtpx:cad></gpxtpx:TrackPointExtension></extensions></trkpt><trkpt lat="35.94810944" lon="120.21150065"><ele>-26.200000762939453</ele><time>2022-06-03T13:06:49Z</time><extensions><gpxtpx:TrackPointExtension><gpxtpx:hr>168</gpxtpx:hr><gpxtpx:cad>89</gpxtpx:cad></gpxtpx:TrackPointExtension></extensions></trkpt><trkpt lat="35.94808645" lon="120.21150465"><ele>-26.200000762939453</ele><time>2022-06-03T13:06:50Z</time><extensions><gpxtpx:TrackPointExtension><gpxtpx:hr>168</gpxtpx:hr><gpxtpx:cad>89</gpxtpx:cad></gpxtpx:TrackPointExtension></extensions></trkpt><trkpt lat="35.94806479" lon="120.21150931"><ele>-26.190000534057617</ele><time>2022-06-03T13:06:51Z</time><extensions><gpxtpx:TrackPointExtension><gpxtpx:hr>170</gpxtpx:hr><gpxtpx:cad>90</gpxtpx:cad></gpxtpx:TrackPointExtension></extensions></trkpt><trkpt lat="35.94804446" lon="120.21151564"><ele>-26.139999389648438</ele><time>2022-06-03T13:06:52Z</time><extensions><gpxtpx:TrackPointExtension><gpxtpx:hr>172</gpxtpx:hr><gpxtpx:cad>90</gpxtpx:cad></gpxtpx:TrackPointExtension></extensions></trkpt><trkpt lat="35.9480248" lon="120.2115213"><ele>-26.09000015258789</ele><time>2022-06-03T13:06:53Z</time><extensions><gpxtpx:TrackPointExtension><gpxtpx:hr>174</gpxtpx:hr><gpxtpx:cad>89</gpxtpx:cad></gpxtpx:TrackPointExtension></extensions></trkpt><trkpt lat="35.94800547" lon="120.21152796"><ele>-26.040000915527344</ele><time>2022-06-03T13:06:54Z</time><extensions><gpxtpx:TrackPointExtension><gpxtpx:hr>175</gpxtpx:hr><gpxtpx:cad>89</gpxtpx:cad></gpxtpx:TrackPointExtension></extensions></trkpt><trkpt lat="35.94798581" lon="120.21153729"><ele>-26.040000915527344</ele><time>2022-06-03T13:06:55Z</time><extensions><gpxtpx:TrackPointExtension><gpxtpx:hr>175</gpxtpx:hr><gpxtpx:cad>89</gpxtpx:cad></gpxtpx:TrackPointExtension></extensions></trkpt><trkpt lat="35.94796848" lon="120.21154628"><ele>-26.020000457763672</ele><time>2022-06-03T13:06:56Z</time><extensions><gpxtpx:TrackPointExtension><gpxtpx:hr>176</gpxtpx:hr><gpxtpx:cad>89</gpxtpx:cad></gpxtpx:TrackPointExtension></extensions></trkpt><trkpt lat="35.94795215" lon="120.21155361"><ele>-26.040000915527344</ele><time>2022-06-03T13:06:57Z</time><extensions><gpxtpx:TrackPointExtension><gpxtpx:hr>176</gpxtpx:hr><gpxtpx:cad>89</gpxtpx:cad></gpxtpx:TrackPointExtension></extensions></trkpt><trkpt lat="35.94793649" lon="120.21155994"><ele>-26.1200008392334</ele><time>2022-06-03T13:06:58Z</time><extensions><gpxtpx:TrackPointExtension><gpxtpx:hr>176</gpxtpx:hr><gpxtpx:cad>89</gpxtpx:cad></gpxtpx:TrackPointExtension></extensions></trkpt><trkpt lat="35.94792083" lon="120.21156593"><ele>-26.200000762939453</ele><time>2022-06-03T13:06:59Z</time><extensions><gpxtpx:TrackPointExtension><gpxtpx:hr>176</gpxtpx:hr><gpxtpx:cad>89</gpxtpx:cad></gpxtpx:TrackPointExtension></extensions></trkpt><trkpt lat="35.94790583" lon="120.21157059"><ele>-26.290000915527344</ele><time>2022-06-03T13:07:00Z</time><extensions><gpxtpx:TrackPointExtension><gpxtpx:hr>176</gpxtpx:hr><gpxtpx:cad>89</gpxtpx:cad></gpxtpx:TrackPointExtension></extensions></trkpt><trkpt lat="35.94788917" lon="120.21157525"><ele>-26.360000610351562</ele><time>2022-06-03T13:07:01Z</time><extensions><gpxtpx:TrackPointExtension><gpxtpx:hr>176</gpxtpx:hr><gpxtpx:cad>89</gpxtpx:cad></gpxtpx:TrackPointExtension></extensions></trkpt><trkpt lat="35.94787284" lon="120.21158024"><ele>-26.360000610351562</ele><time>2022-06-03T13:07:02Z</time><extensions><gpxtpx:TrackPointExtension><gpxtpx:hr>176</gpxtpx:hr><gpxtpx:cad>89</gpxtpx:cad></gpxtpx:TrackPointExtension></extensions></trkpt><trkpt lat="35.94785751" lon="120.2115849"><ele>-26.450000762939453</ele><time>2022-06-03T13:07:03Z</time><extensions><gpxtpx:TrackPointExtension><gpxtpx:hr>176</gpxtpx:hr><gpxtpx:cad>89</gpxtpx:cad></gpxtpx:TrackPointExtension></extensions></trkpt><trkpt lat="35.94784318" lon="120.21159056"><ele>-26.450000762939453</ele><time>2022-06-03T13:07:04Z</time><extensions><gpxtpx:TrackPointExtension><gpxtpx:hr>176</gpxtpx:hr><gpxtpx:cad>89</gpxtpx:cad></gpxtpx:TrackPointExtension></extensions></trkpt><trkpt lat="35.94782985" lon="120.21159689"><ele>-26.450000762939453</ele><time>2022-06-03T13:07:05Z</time><extensions><gpxtpx:TrackPointExtension><gpxtpx:hr>176</gpxtpx:hr><gpxtpx:cad>89</gpxtpx:cad></gpxtpx:TrackPointExtension></extensions></trkpt><trkpt lat="35.94781719" lon="120.21160355"><ele>-26.450000762939453</ele><time>2022-06-03T13:07:06Z</time><extensions><gpxtpx:TrackPointExtension><gpxtpx:hr>177</gpxtpx:hr><gpxtpx:cad>89</gpxtpx:cad></gpxtpx:TrackPointExtension></extensions></trkpt><trkpt lat="35.9478052" lon="120.21160921"><ele>-26.469999313354492</ele><time>2022-06-03T13:07:07Z</time><extensions><gpxtpx:TrackPointExtension><gpxtpx:hr>178</gpxtpx:hr><gpxtpx:cad>89</gpxtpx:cad></gpxtpx:TrackPointExtension></extensions></trkpt><trkpt lat="35.94779287" lon="120.21161454"><ele>-26.479999542236328</ele><time>2022-06-03T13:07:08Z</time><extensions><gpxtpx:TrackPointExtension><gpxtpx:hr>178</gpxtpx:hr><gpxtpx:cad>89</gpxtpx:cad></gpxtpx:TrackPointExtension></extensions></trkpt><trkpt lat="35.94778021" lon="120.21161853"><ele>-26.5</ele><time>2022-06-03T13:07:09Z</time><extensions><gpxtpx:TrackPointExtension><gpxtpx:hr>178</gpxtpx:hr><gpxtpx:cad>89</gpxtpx:cad></gpxtpx:TrackPointExtension></extensions></trkpt><trkpt lat="35.94776755" lon="120.21162053"><ele>-26.520000457763672</ele><time>2022-06-03T13:07:10Z</time><extensions><gpxtpx:TrackPointExtension><gpxtpx:hr>179</gpxtpx:hr><gpxtpx:cad>89</gpxtpx:cad></gpxtpx:TrackPointExtension></extensions></trkpt><trkpt lat="35.94775422" lon="120.21162219"><ele>-26.540000915527344</ele><time>2022-06-03T13:07:11Z</time><extensions><gpxtpx:TrackPointExtension><gpxtpx:hr>179</gpxtpx:hr><gpxtpx:cad>89</gpxtpx:cad></gpxtpx:TrackPointExtension></extensions></trkpt><trkpt lat="35.94774122" lon="120.21162352"><ele>-26.540000915527344</ele><time>2022-06-03T13:07:12Z</time><extensions><gpxtpx:TrackPointExtension><gpxtpx:hr>178</gpxtpx:hr><gpxtpx:cad>89</gpxtpx:cad></gpxtpx:TrackPointExtension></extensions></trkpt><trkpt lat="35.94772789" lon="120.21162551"><ele>-26.540000915527344</ele><time>2022-06-03T13:07:13Z</time><extensions><gpxtpx:TrackPointExtension><gpxtpx:hr>178</gpxtpx:hr><gpxtpx:cad>89</gpxtpx:cad></gpxtpx:TrackPointExtension></extensions></trkpt><trkpt lat="35.94771523" lon="120.21162584"><ele>-26.530000686645508</ele><time>2022-06-03T13:07:14Z</time><extensions><gpxtpx:TrackPointExtension><gpxtpx:hr>178</gpxtpx:hr><gpxtpx:cad>89</gpxtpx:cad></gpxtpx:TrackPointExtension></extensions></trkpt><trkpt lat="35.9477009" lon="120.2116265"><ele>-26.520000457763672</ele><time>2022-06-03T13:07:15Z</time><extensions><gpxtpx:TrackPointExtension><gpxtpx:hr>178</gpxtpx:hr><gpxtpx:cad>89</gpxtpx:cad></gpxtpx:TrackPointExtension></extensions></trkpt><trkpt lat="35.9476859" lon="120.2116265"><ele>-26.530000686645508</ele><time>2022-06-03T13:07:16Z</time><extensions><gpxtpx:TrackPointExtension><gpxtpx:hr>178</gpxtpx:hr><gpxtpx:cad>60</gpxtpx:cad></gpxtpx:TrackPointExtension></extensions></trkpt><trkpt lat="35.94767224" lon="120.21162716"><ele>-26.530000686645508</ele><time>2022-06-03T13:07:17Z</time><extensions><gpxtpx:TrackPointExtension><gpxtpx:hr>178</gpxtpx:hr><gpxtpx:cad>60</gpxtpx:cad></gpxtpx:TrackPointExtension></extensions></trkpt><trkpt lat="35.94766025" lon="120.21162749"><ele>-26.520000457763672</ele><time>2022-06-03T13:07:18Z</time><extensions><gpxtpx:TrackPointExtension><gpxtpx:hr>178</gpxtpx:hr><gpxtpx:cad>60</gpxtpx:cad></gpxtpx:TrackPointExtension></extensions></trkpt><trkpt lat="35.94764925" lon="120.21162716"><ele>-26.510000228881836</ele><time>2022-06-03T13:07:19Z</time><extensions><gpxtpx:TrackPointExtension><gpxtpx:hr>178</gpxtpx:hr><gpxtpx:cad>60</gpxtpx:cad></gpxtpx:TrackPointExtension></extensions></trkpt><trkpt lat="35.94763792" lon="120.21162683"><ele>-26.5</ele><time>2022-06-03T13:07:20Z</time><extensions><gpxtpx:TrackPointExtension><gpxtpx:hr>178</gpxtpx:hr><gpxtpx:cad>60</gpxtpx:cad></gpxtpx:TrackPointExtension></extensions></trkpt><trkpt lat="35.94762726" lon="120.2116265"><ele>-26.5</ele><time>2022-06-03T13:07:21Z</time><extensions><gpxtpx:TrackPointExtension><gpxtpx:hr>178</gpxtpx:hr><gpxtpx:cad>60</gpxtpx:cad></gpxtpx:TrackPointExtension></extensions></trkpt><trkpt lat="35.9476176" lon="120.2116255"><ele>-26.479999542236328</ele><time>2022-06-03T13:07:22Z</time><extensions><gpxtpx:TrackPointExtension><gpxtpx:hr>178</gpxtpx:hr><gpxtpx:cad>60</gpxtpx:cad></gpxtpx:TrackPointExtension></extensions></trkpt><trkpt lat="35.9476076" lon="120.21162484"><ele>-26.459999084472656</ele><time>2022-06-03T13:07:23Z</time><extensions><gpxtpx:TrackPointExtension><gpxtpx:hr>177</gpxtpx:hr><gpxtpx:cad>60</gpxtpx:cad></gpxtpx:TrackPointExtension></extensions></trkpt><trkpt lat="35.94759794" lon="120.21162351"><ele>-26.450000762939453</ele><time>2022-06-03T13:07:24Z</time><extensions><gpxtpx:TrackPointExtension><gpxtpx:hr>177</gpxtpx:hr><gpxtpx:cad>60</gpxtpx:cad></gpxtpx:TrackPointExtension></extensions></trkpt><trkpt lat="35.94758728" lon="120.21162417"><ele>-26.450000762939453</ele><time>2022-06-03T13:07:25Z</time><extensions><gpxtpx:TrackPointExtension><gpxtpx:hr>177</gpxtpx:hr><gpxtpx:cad>60</gpxtpx:cad></gpxtpx:TrackPointExtension></extensions></trkpt><trkpt lat="35.94757529" lon="120.21162483"><ele>-26.450000762939453</ele><time>2022-06-03T13:07:26Z</time><extensions><gpxtpx:TrackPointExtension><gpxtpx:hr>177</gpxtpx:hr><gpxtpx:cad>60</gpxtpx:cad></gpxtpx:TrackPointExtension></extensions></trkpt><trkpt lat="35.94756363" lon="120.21162583"><ele>-26.450000762939453</ele><time>2022-06-03T13:07:27Z</time><extensions><gpxtpx:TrackPointExtension><gpxtpx:hr>177</gpxtpx:hr><gpxtpx:cad>60</gpxtpx:cad></gpxtpx:TrackPointExtension></extensions></trkpt><trkpt lat="35.9475513" lon="120.21162782"><ele>-26.450000762939453</ele><time>2022-06-03T13:07:28Z</time><extensions><gpxtpx:TrackPointExtension><gpxtpx:hr>178</gpxtpx:hr><gpxtpx:cad>60</gpxtpx:cad></gpxtpx:TrackPointExtension></extensions></trkpt><trkpt lat="35.94753764" lon="120.21163115"><ele>-26.459999084472656</ele><time>2022-06-03T13:07:29Z</time><extensions><gpxtpx:TrackPointExtension><gpxtpx:hr>178</gpxtpx:hr><gpxtpx:cad>60</gpxtpx:cad></gpxtpx:TrackPointExtension></extensions></trkpt><trkpt lat="35.94752464" lon="120.21163414"><ele>-26.5</ele><time>2022-06-03T13:07:30Z</time><extensions><gpxtpx:TrackPointExtension><gpxtpx:hr>178</gpxtpx:hr><gpxtpx:cad>60</gpxtpx:cad></gpxtpx:TrackPointExtension></extensions></trkpt><trkpt lat="35.94751198" lon="120.21163381"><ele>-26.520000457763672</ele><time>2022-06-03T13:07:31Z</time><extensions><gpxtpx:TrackPointExtension><gpxtpx:hr>178</gpxtpx:hr><gpxtpx:cad>60</gpxtpx:cad></gpxtpx:TrackPointExtension></extensions></trkpt><trkpt lat="35.94749732" lon="120.21163514"><ele>-26.540000915527344</ele><time>2022-06-03T13:07:32Z</time><extensions><gpxtpx:TrackPointExtension><gpxtpx:hr>178</gpxtpx:hr><gpxtpx:cad>60</gpxtpx:cad></gpxtpx:TrackPointExtension></extensions></trkpt><trkpt lat="35.94748099" lon="120.21163847"><ele>-26.559999465942383</ele><time>2022-06-03T13:07:33Z</time><extensions><gpxtpx:TrackPointExtension><gpxtpx:hr>177</gpxtpx:hr><gpxtpx:cad>60</gpxtpx:cad></gpxtpx:TrackPointExtension></extensions></trkpt><trkpt lat="35.947463" lon="120.21164313"><ele>-26.56999969482422</ele><time>2022-06-03T13:07:34Z</time><extensions><gpxtpx:TrackPointExtension><gpxtpx:hr>177</gpxtpx:hr><gpxtpx:cad>60</gpxtpx:cad></gpxtpx:TrackPointExtension></extensions></trkpt><trkpt lat="35.94744267" lon="120.21164879"><ele>-26.59000015258789</ele><time>2022-06-03T13:07:35Z</time><extensions><gpxtpx:TrackPointExtension><gpxtpx:hr>176</gpxtpx:hr><gpxtpx:cad>60</gpxtpx:cad></gpxtpx:TrackPointExtension></extensions></trkpt><trkpt lat="35.94742201" lon="120.21165278"><ele>-26.559999465942383</ele><time>2022-06-03T13:07:36Z</time><extensions><gpxtpx:TrackPointExtension><gpxtpx:hr>176</gpxtpx:hr><gpxtpx:cad>60</gpxtpx:cad></gpxtpx:TrackPointExtension></extensions></trkpt><trkpt lat="35.94740035" lon="120.21165744"><ele>-26.540000915527344</ele><time>2022-06-03T13:07:37Z</time><extensions><gpxtpx:TrackPointExtension><gpxtpx:hr>175</gpxtpx:hr><gpxtpx:cad>60</gpxtpx:cad></gpxtpx:TrackPointExtension></extensions></trkpt><trkpt lat="35.94737769" lon="120.2116631"><ele>-26.540000915527344</ele><time>2022-06-03T13:07:38Z</time><extensions><gpxtpx:TrackPointExtension><gpxtpx:hr>175</gpxtpx:hr><gpxtpx:cad>60</gpxtpx:cad></gpxtpx:TrackPointExtension></extensions></trkpt><trkpt lat="35.9473547" lon="120.21167009"><ele>-26.530000686645508</ele><time>2022-06-03T13:07:39Z</time><extensions><gpxtpx:TrackPointExtension><gpxtpx:hr>175</gpxtpx:hr><gpxtpx:cad>60</gpxtpx:cad></gpxtpx:TrackPointExtension></extensions></trkpt><trkpt lat="35.94733237" lon="120.21167775"><ele>-26.479999542236328</ele><time>2022-06-03T13:07:40Z</time><extensions><gpxtpx:TrackPointExtension><gpxtpx:hr>176</gpxtpx:hr><gpxtpx:cad>60</gpxtpx:cad></gpxtpx:TrackPointExtension></extensions></trkpt><trkpt lat="35.94731004" lon="120.21168441"><ele>-26.440000534057617</ele><time>2022-06-03T13:07:41Z</time><extensions><gpxtpx:TrackPointExtension><gpxtpx:hr>176</gpxtpx:hr><gpxtpx:cad>60</gpxtpx:cad></gpxtpx:TrackPointExtension></extensions></trkpt><trkpt lat="35.94728738" lon="120.21168941"><ele>-26.440000534057617</ele><time>2022-06-03T13:07:42Z</time><extensions><gpxtpx:TrackPointExtension><gpxtpx:hr>176</gpxtpx:hr><gpxtpx:cad>60</gpxtpx:cad></gpxtpx:TrackPointExtension></extensions></trkpt><trkpt lat="35.94726572" lon="120.21169574"><ele>-26.3700008392334</ele><time>2022-06-03T13:07:43Z</time><extensions><gpxtpx:TrackPointExtension><gpxtpx:hr>176</gpxtpx:hr><gpxtpx:cad>88</gpxtpx:cad></gpxtpx:TrackPointExtension></extensions></trkpt><trkpt lat="35.94724472" lon="120.21169974"><ele>-26.420000076293945</ele><time>2022-06-03T13:07:44Z</time><extensions><gpxtpx:TrackPointExtension><gpxtpx:hr>176</gpxtpx:hr><gpxtpx:cad>88</gpxtpx:cad></gpxtpx:TrackPointExtension></extensions></trkpt><trkpt lat="35.94722106" lon="120.2117024"><ele>-26.479999542236328</ele><time>2022-06-03T13:07:45Z</time><extensions><gpxtpx:TrackPointExtension><gpxtpx:hr>176</gpxtpx:hr><gpxtpx:cad>88</gpxtpx:cad></gpxtpx:TrackPointExtension></extensions></trkpt><trkpt lat="35.94719707" lon="120.2117054"><ele>-26.59000015258789</ele><time>2022-06-03T13:07:46Z</time><extensions><gpxtpx:TrackPointExtension><gpxtpx:hr>176</gpxtpx:hr><gpxtpx:cad>88</gpxtpx:cad></gpxtpx:TrackPointExtension></extensions></trkpt><trkpt lat="35.94717307" lon="120.21170906"><ele>-26.700000762939453</ele><time>2022-06-03T13:07:47Z</time><extensions><gpxtpx:TrackPointExtension><gpxtpx:hr>175</gpxtpx:hr><gpxtpx:cad>88</gpxtpx:cad></gpxtpx:TrackPointExtension></extensions></trkpt><trkpt lat="35.94714941" lon="120.21171439"><ele>-26.790000915527344</ele><time>2022-06-03T13:07:48Z</time><extensions><gpxtpx:TrackPointExtension><gpxtpx:hr>174</gpxtpx:hr><gpxtpx:cad>88</gpxtpx:cad></gpxtpx:TrackPointExtension></extensions></trkpt><trkpt lat="35.94712541" lon="120.21172005"><ele>-26.8799991607666</ele><time>2022-06-03T13:07:49Z</time><extensions><gpxtpx:TrackPointExtension><gpxtpx:hr>174</gpxtpx:hr><gpxtpx:cad>88</gpxtpx:cad></gpxtpx:TrackPointExtension></extensions></trkpt><trkpt lat="35.94710275" lon="120.21172604"><ele>-26.950000762939453</ele><time>2022-06-03T13:07:50Z</time><extensions><gpxtpx:TrackPointExtension><gpxtpx:hr>174</gpxtpx:hr><gpxtpx:cad>88</gpxtpx:cad></gpxtpx:TrackPointExtension></extensions></trkpt><trkpt lat="35.94708075" lon="120.2117317"><ele>-26.979999542236328</ele><time>2022-06-03T13:07:51Z</time><extensions><gpxtpx:TrackPointExtension><gpxtpx:hr>174</gpxtpx:hr><gpxtpx:cad>88</gpxtpx:cad></gpxtpx:TrackPointExtension></extensions></trkpt><trkpt lat="35.94706009" lon="120.21173603"><ele>-27.0</ele><time>2022-06-03T13:07:52Z</time><extensions><gpxtpx:TrackPointExtension><gpxtpx:hr>173</gpxtpx:hr><gpxtpx:cad>88</gpxtpx:cad></gpxtpx:TrackPointExtension></extensions></trkpt><trkpt lat="35.94703976" lon="120.21173836"><ele>-26.969999313354492</ele><time>2022-06-03T13:07:53Z</time><extensions><gpxtpx:TrackPointExtension><gpxtpx:hr>172</gpxtpx:hr><gpxtpx:cad>88</gpxtpx:cad></gpxtpx:TrackPointExtension></extensions></trkpt><trkpt lat="35.94701876" lon="120.21174035"><ele>-26.969999313354492</ele><time>2022-06-03T13:07:54Z</time><extensions><gpxtpx:TrackPointExtension><gpxtpx:hr>172</gpxtpx:hr><gpxtpx:cad>87</gpxtpx:cad></gpxtpx:TrackPointExtension></extensions></trkpt><trkpt lat="35.94699777" lon="120.21174234"><ele>-26.899999618530273</ele><time>2022-06-03T13:07:55Z</time><extensions><gpxtpx:TrackPointExtension><gpxtpx:hr>172</gpxtpx:hr><gpxtpx:cad>87</gpxtpx:cad></gpxtpx:TrackPointExtension></extensions></trkpt><trkpt lat="35.94697644" lon="120.21174434"><ele>-26.860000610351562</ele><time>2022-06-03T13:07:56Z</time><extensions><gpxtpx:TrackPointExtension><gpxtpx:hr>172</gpxtpx:hr><gpxtpx:cad>87</gpxtpx:cad></gpxtpx:TrackPointExtension></extensions></trkpt><trkpt lat="35.94695545" lon="120.211745"><ele>-26.809999465942383</ele><time>2022-06-03T13:07:57Z</time><extensions><gpxtpx:TrackPointExtension><gpxtpx:hr>172</gpxtpx:hr><gpxtpx:cad>87</gpxtpx:cad></gpxtpx:TrackPointExtension></extensions></trkpt><trkpt lat="35.94693445" lon="120.21174599"><ele>-26.790000915527344</ele><time>2022-06-03T13:07:58Z</time><extensions><gpxtpx:TrackPointExtension><gpxtpx:hr>172</gpxtpx:hr><gpxtpx:cad>88</gpxtpx:cad></gpxtpx:TrackPointExtension></extensions></trkpt><trkpt lat="35.94691245" lon="120.21174798"><ele>-26.709999084472656</ele><time>2022-06-03T13:07:59Z</time><extensions><gpxtpx:TrackPointExtension><gpxtpx:hr>173</gpxtpx:hr><gpxtpx:cad>88</gpxtpx:cad></gpxtpx:TrackPointExtension></extensions></trkpt><trkpt lat="35.94689012" lon="120.21175064"><ele>-26.6299991607666</ele><time>2022-06-03T13:08:00Z</time><extensions><gpxtpx:TrackPointExtension><gpxtpx:hr>173</gpxtpx:hr><gpxtpx:cad>88</gpxtpx:cad></gpxtpx:TrackPointExtension></extensions></trkpt><trkpt lat="35.94686813" lon="120.21175397"><ele>-26.559999465942383</ele><time>2022-06-03T13:08:01Z</time><extensions><gpxtpx:TrackPointExtension><gpxtpx:hr>173</gpxtpx:hr><gpxtpx:cad>88</gpxtpx:cad></gpxtpx:TrackPointExtension></extensions></trkpt><trkpt lat="35.94684547" lon="120.21175963"><ele>-26.459999084472656</ele><time>2022-06-03T13:08:02Z</time><extensions><gpxtpx:TrackPointExtension><gpxtpx:hr>173</gpxtpx:hr><gpxtpx:cad>88</gpxtpx:cad></gpxtpx:TrackPointExtension></extensions></trkpt><trkpt lat="35.94682281" lon="120.21176529"><ele>-26.43000030517578</ele><time>2022-06-03T13:08:03Z</time><extensions><gpxtpx:TrackPointExtension><gpxtpx:hr>172</gpxtpx:hr><gpxtpx:cad>89</gpxtpx:cad></gpxtpx:TrackPointExtension></extensions></trkpt><trkpt lat="35.94679981" lon="120.21177162"><ele>-26.3700008392334</ele><time>2022-06-03T13:08:04Z</time><extensions><gpxtpx:TrackPointExtension><gpxtpx:hr>172</gpxtpx:hr><gpxtpx:cad>88</gpxtpx:cad></gpxtpx:TrackPointExtension></extensions></trkpt><trkpt lat="35.94677682" lon="120.21177795"><ele>-26.350000381469727</ele><time>2022-06-03T13:08:05Z</time><extensions><gpxtpx:TrackPointExtension><gpxtpx:hr>172</gpxtpx:hr><gpxtpx:cad>88</gpxtpx:cad></gpxtpx:TrackPointExtension></extensions></trkpt><trkpt lat="35.94675416" lon="120.21178528"><ele>-26.34000015258789</ele><time>2022-06-03T13:08:06Z</time><extensions><gpxtpx:TrackPointExtension><gpxtpx:hr>172</gpxtpx:hr><gpxtpx:cad>88</gpxtpx:cad></gpxtpx:TrackPointExtension></extensions></trkpt><trkpt lat="35.94673283" lon="120.21179161"><ele>-26.350000381469727</ele><time>2022-06-03T13:08:07Z</time><extensions><gpxtpx:TrackPointExtension><gpxtpx:hr>173</gpxtpx:hr><gpxtpx:cad>88</gpxtpx:cad></gpxtpx:TrackPointExtension></extensions></trkpt><trkpt lat="35.94671283" lon="120.21179661"><ele>-26.399999618530273</ele><time>2022-06-03T13:08:08Z</time><extensions><gpxtpx:TrackPointExtension><gpxtpx:hr>174</gpxtpx:hr><gpxtpx:cad>88</gpxtpx:cad></gpxtpx:TrackPointExtension></extensions></trkpt><trkpt lat="35.9466925" lon="120.21180061"><ele>-26.450000762939453</ele><time>2022-06-03T13:08:09Z</time><extensions><gpxtpx:TrackPointExtension><gpxtpx:hr>175</gpxtpx:hr><gpxtpx:cad>88</gpxtpx:cad></gpxtpx:TrackPointExtension></extensions></trkpt><trkpt lat="35.94667284" lon="120.21180427"><ele>-26.5</ele><time>2022-06-03T13:08:10Z</time><extensions><gpxtpx:TrackPointExtension><gpxtpx:hr>175</gpxtpx:hr><gpxtpx:cad>87</gpxtpx:cad></gpxtpx:TrackPointExtension></extensions></trkpt><trkpt lat="35.94665318" lon="120.2118076"><ele>-26.610000610351562</ele><time>2022-06-03T13:08:11Z</time><extensions><gpxtpx:TrackPointExtension><gpxtpx:hr>175</gpxtpx:hr><gpxtpx:cad>87</gpxtpx:cad></gpxtpx:TrackPointExtension></extensions></trkpt><trkpt lat="35.94663452" lon="120.21180826"><ele>-26.6200008392334</ele><time>2022-06-03T13:08:12Z</time><extensions><gpxtpx:TrackPointExtension><gpxtpx:hr>176</gpxtpx:hr><gpxtpx:cad>87</gpxtpx:cad></gpxtpx:TrackPointExtension></extensions></trkpt><trkpt lat="35.94661619" lon="120.21181092"><ele>-26.670000076293945</ele><time>2022-06-03T13:08:13Z</time><extensions><gpxtpx:TrackPointExtension><gpxtpx:hr>176</gpxtpx:hr><gpxtpx:cad>88</gpxtpx:cad></gpxtpx:TrackPointExtension></extensions></trkpt><trkpt lat="35.94659686" lon="120.21181525"><ele>-26.68000030517578</ele><time>2022-06-03T13:08:14Z</time><extensions><gpxtpx:TrackPointExtension><gpxtpx:hr>177</gpxtpx:hr><gpxtpx:cad>88</gpxtpx:cad></gpxtpx:TrackPointExtension></extensions></trkpt><trkpt lat="35.9465772" lon="120.21182158"><ele>-26.700000762939453</ele><time>2022-06-03T13:08:15Z</time><extensions><gpxtpx:TrackPointExtension><gpxtpx:hr>178</gpxtpx:hr><gpxtpx:cad>87</gpxtpx:cad></gpxtpx:TrackPointExtension></extensions></trkpt><trkpt lat="35.94655654" lon="120.21182924"><ele>-26.700000762939453</ele><time>2022-06-03T13:08:16Z</time><extensions><gpxtpx:TrackPointExtension><gpxtpx:hr>178</gpxtpx:hr><gpxtpx:cad>88</gpxtpx:cad></gpxtpx:TrackPointExtension></extensions></trkpt><trkpt lat="35.94653454" lon="120.2118379"><ele>-26.700000762939453</ele><time>2022-06-03T13:08:17Z</time><extensions><gpxtpx:TrackPointExtension><gpxtpx:hr>178</gpxtpx:hr><gpxtpx:cad>88</gpxtpx:cad></gpxtpx:TrackPointExtension></extensions></trkpt><trkpt lat="35.94651221" lon="120.21184656"><ele>-26.68000030517578</ele><time>2022-06-03T13:08:18Z</time><extensions><gpxtpx:TrackPointExtension><gpxtpx:hr>178</gpxtpx:hr><gpxtpx:cad>87</gpxtpx:cad></gpxtpx:TrackPointExtension></extensions></trkpt><trkpt lat="35.94649021" lon="120.21185255"><ele>-26.6200008392334</ele><time>2022-06-03T13:08:19Z</time><extensions><gpxtpx:TrackPointExtension><gpxtpx:hr>178</gpxtpx:hr><gpxtpx:cad>87</gpxtpx:cad></gpxtpx:TrackPointExtension></extensions></trkpt><trkpt lat="35.94646755" lon="120.21185821"><ele>-26.59000015258789</ele><time>2022-06-03T13:08:20Z</time><extensions><gpxtpx:TrackPointExtension><gpxtpx:hr>177</gpxtpx:hr><gpxtpx:cad>87</gpxtpx:cad></gpxtpx:TrackPointExtension></extensions></trkpt><trkpt lat="35.94644522" lon="120.2118662"><ele>-26.540000915527344</ele><time>2022-06-03T13:08:21Z</time><extensions><gpxtpx:TrackPointExtension><gpxtpx:hr>177</gpxtpx:hr><gpxtpx:cad>88</gpxtpx:cad></gpxtpx:TrackPointExtension></extensions></trkpt><trkpt lat="35.94642423" lon="120.21187386"><ele>-26.559999465942383</ele><time>2022-06-03T13:08:22Z</time><extensions><gpxtpx:TrackPointExtension><gpxtpx:hr>177</gpxtpx:hr><gpxtpx:cad>88</gpxtpx:cad></gpxtpx:TrackPointExtension></extensions></trkpt><trkpt lat="35.94640424" lon="120.21187952"><ele>-26.56999969482422</ele><time>2022-06-03T13:08:23Z</time><extensions><gpxtpx:TrackPointExtension><gpxtpx:hr>177</gpxtpx:hr><gpxtpx:cad>88</gpxtpx:cad></gpxtpx:TrackPointExtension></extensions></trkpt><trkpt lat="35.94638425" lon="120.21188285"><ele>-26.6299991607666</ele><time>2022-06-03T13:08:24Z</time><extensions><gpxtpx:TrackPointExtension><gpxtpx:hr>176</gpxtpx:hr><gpxtpx:cad>88</gpxtpx:cad></gpxtpx:TrackPointExtension></extensions></trkpt><trkpt lat="35.94636292" lon="120.21188451"><ele>-26.6299991607666</ele><time>2022-06-03T13:08:25Z</time><extensions><gpxtpx:TrackPointExtension><gpxtpx:hr>176</gpxtpx:hr><gpxtpx:cad>89</gpxtpx:cad></gpxtpx:TrackPointExtension></extensions></trkpt><trkpt lat="35.94634293" lon="120.21188717"><ele>-26.670000076293945</ele><time>2022-06-03T13:08:26Z</time><extensions><gpxtpx:TrackPointExtension><gpxtpx:hr>176</gpxtpx:hr><gpxtpx:cad>89</gpxtpx:cad></gpxtpx:TrackPointExtension></extensions></trkpt><trkpt lat="35.94632327" lon="120.21188916"><ele>-26.649999618530273</ele><time>2022-06-03T13:08:27Z</time><extensions><gpxtpx:TrackPointExtension><gpxtpx:hr>176</gpxtpx:hr><gpxtpx:cad>89</gpxtpx:cad></gpxtpx:TrackPointExtension></extensions></trkpt><trkpt lat="35.94630461" lon="120.21189249"><ele>-26.690000534057617</ele><time>2022-06-03T13:08:28Z</time><extensions><gpxtpx:TrackPointExtension><gpxtpx:hr>177</gpxtpx:hr><gpxtpx:cad>89</gpxtpx:cad></gpxtpx:TrackPointExtension></extensions></trkpt><trkpt lat="35.94628495" lon="120.21189915"><ele>-26.690000534057617</ele><time>2022-06-03T13:08:29Z</time><extensions><gpxtpx:TrackPointExtension><gpxtpx:hr>178</gpxtpx:hr><gpxtpx:cad>88</gpxtpx:cad></gpxtpx:TrackPointExtension></extensions></trkpt><trkpt lat="35.94626496" lon="120.21190481"><ele>-26.700000762939453</ele><time>2022-06-03T13:08:30Z</time><extensions><gpxtpx:TrackPointExtension><gpxtpx:hr>179</gpxtpx:hr><gpxtpx:cad>88</gpxtpx:cad></gpxtpx:TrackPointExtension></extensions></trkpt><trkpt lat="35.94624697" lon="120.2119108"><ele>-26.700000762939453</ele><time>2022-06-03T13:08:31Z</time><extensions><gpxtpx:TrackPointExtension><gpxtpx:hr>180</gpxtpx:hr><gpxtpx:cad>88</gpxtpx:cad></gpxtpx:TrackPointExtension></extensions></trkpt><trkpt lat="35.94622964" lon="120.21191413"><ele>-26.709999084472656</ele><time>2022-06-03T13:08:32Z</time><extensions><gpxtpx:TrackPointExtension><gpxtpx:hr>180</gpxtpx:hr><gpxtpx:cad>88</gpxtpx:cad></gpxtpx:TrackPointExtension></extensions></trkpt><trkpt lat="35.94621331" lon="120.21191546"><ele>-26.709999084472656</ele><time>2022-06-03T13:08:33Z</time><extensions><gpxtpx:TrackPointExtension><gpxtpx:hr>180</gpxtpx:hr><gpxtpx:cad>88</gpxtpx:cad></gpxtpx:TrackPointExtension></extensions></trkpt><trkpt lat="35.94619731" lon="120.21191712"><ele>-26.700000762939453</ele><time>2022-06-03T13:08:34Z</time><extensions><gpxtpx:TrackPointExtension><gpxtpx:hr>180</gpxtpx:hr><gpxtpx:cad>88</gpxtpx:cad></gpxtpx:TrackPointExtension></extensions></trkpt><trkpt lat="35.94618232" lon="120.21191978"><ele>-26.700000762939453</ele><time>2022-06-03T13:08:35Z</time><extensions><gpxtpx:TrackPointExtension><gpxtpx:hr>180</gpxtpx:hr><gpxtpx:cad>88</gpxtpx:cad></gpxtpx:TrackPointExtension></extensions></trkpt><trkpt lat="35.94616666" lon="120.21192177"><ele>-26.700000762939453</ele><time>2022-06-03T13:08:36Z</time><extensions><gpxtpx:TrackPointExtension><gpxtpx:hr>179</gpxtpx:hr><gpxtpx:cad>88</gpxtpx:cad></gpxtpx:TrackPointExtension></extensions></trkpt><trkpt lat="35.946152" lon="120.21192377"><ele>-26.690000534057617</ele><time>2022-06-03T13:08:37Z</time><extensions><gpxtpx:TrackPointExtension><gpxtpx:hr>179</gpxtpx:hr><gpxtpx:cad>88</gpxtpx:cad></gpxtpx:TrackPointExtension></extensions></trkpt><trkpt lat="35.94613734" lon="120.21192676"><ele>-26.68000030517578</ele><time>2022-06-03T13:08:38Z</time><extensions><gpxtpx:TrackPointExtension><gpxtpx:hr>179</gpxtpx:hr><gpxtpx:cad>88</gpxtpx:cad></gpxtpx:TrackPointExtension></extensions></trkpt><trkpt lat="35.94612401" lon="120.21193109"><ele>-26.68000030517578</ele><time>2022-06-03T13:08:39Z</time><extensions><gpxtpx:TrackPointExtension><gpxtpx:hr>179</gpxtpx:hr><gpxtpx:cad>88</gpxtpx:cad></gpxtpx:TrackPointExtension></extensions></trkpt><trkpt lat="35.94611102" lon="120.21193742"><ele>-26.649999618530273</ele><time>2022-06-03T13:08:40Z</time><extensions><gpxtpx:TrackPointExtension><gpxtpx:hr>178</gpxtpx:hr><gpxtpx:cad>88</gpxtpx:cad></gpxtpx:TrackPointExtension></extensions></trkpt><trkpt lat="35.94609802" lon="120.21194575"><ele>-26.6299991607666</ele><time>2022-06-03T13:08:41Z</time><extensions><gpxtpx:TrackPointExtension><gpxtpx:hr>177</gpxtpx:hr><gpxtpx:cad>88</gpxtpx:cad></gpxtpx:TrackPointExtension></extensions></trkpt><trkpt lat="35.94608436" lon="120.21195408"><ele>-26.6200008392334</ele><time>2022-06-03T13:08:42Z</time><extensions><gpxtpx:TrackPointExtension><gpxtpx:hr>177</gpxtpx:hr><gpxtpx:cad>88</gpxtpx:cad></gpxtpx:TrackPointExtension></extensions></trkpt><trkpt lat="35.94607103" lon="120.21196207"><ele>-26.6200008392334</ele><time>2022-06-03T13:08:43Z</time><extensions><gpxtpx:TrackPointExtension><gpxtpx:hr>176</gpxtpx:hr><gpxtpx:cad>88</gpxtpx:cad></gpxtpx:TrackPointExtension></extensions></trkpt><trkpt lat="35.94605703" lon="120.21197007"><ele>-26.6200008392334</ele><time>2022-06-03T13:08:44Z</time><extensions><gpxtpx:TrackPointExtension><gpxtpx:hr>176</gpxtpx:hr><gpxtpx:cad>88</gpxtpx:cad></gpxtpx:TrackPointExtension></extensions></trkpt><trkpt lat="35.94604303" lon="120.21197706"><ele>-26.6299991607666</ele><time>2022-06-03T13:08:45Z</time><extensions><gpxtpx:TrackPointExtension><gpxtpx:hr>176</gpxtpx:hr><gpxtpx:cad>88</gpxtpx:cad></gpxtpx:TrackPointExtension></extensions></trkpt><trkpt lat="35.94602937" lon="120.21198372"><ele>-26.639999389648438</ele><time>2022-06-03T13:08:46Z</time><extensions><gpxtpx:TrackPointExtension><gpxtpx:hr>176</gpxtpx:hr><gpxtpx:cad>88</gpxtpx:cad></gpxtpx:TrackPointExtension></extensions></trkpt><trkpt lat="35.94601604" lon="120.21199005"><ele>-26.670000076293945</ele><time>2022-06-03T13:08:47Z</time><extensions><gpxtpx:TrackPointExtension><gpxtpx:hr>176</gpxtpx:hr><gpxtpx:cad>88</gpxtpx:cad></gpxtpx:TrackPointExtension></extensions></trkpt><trkpt lat="35.94600304" lon="120.21199571"><ele>-26.670000076293945</ele><time>2022-06-03T13:08:48Z</time><extensions><gpxtpx:TrackPointExtension><gpxtpx:hr>175</gpxtpx:hr><gpxtpx:cad>88</gpxtpx:cad></gpxtpx:TrackPointExtension></extensions></trkpt><trkpt lat="35.94598871" lon="120.21200137"><ele>-26.68000030517578</ele><time>2022-06-03T13:08:49Z</time><extensions><gpxtpx:TrackPointExtension><gpxtpx:hr>175</gpxtpx:hr><gpxtpx:cad>88</gpxtpx:cad></gpxtpx:TrackPointExtension></extensions></trkpt><trkpt lat="35.94597405" lon="120.2120067"><ele>-26.690000534057617</ele><time>2022-06-03T13:08:50Z</time><extensions><gpxtpx:TrackPointExtension><gpxtpx:hr>175</gpxtpx:hr><gpxtpx:cad>88</gpxtpx:cad></gpxtpx:TrackPointExtension></extensions></trkpt><trkpt lat="35.94595505" lon="120.21201536"><ele>-26.690000534057617</ele><time>2022-06-03T13:08:51Z</time><extensions><gpxtpx:TrackPointExtension><gpxtpx:hr>175</gpxtpx:hr><gpxtpx:cad>88</gpxtpx:cad></gpxtpx:TrackPointExtension></extensions></trkpt><trkpt lat="35.94593406" lon="120.21202502"><ele>-26.700000762939453</ele><time>2022-06-03T13:08:52Z</time><extensions><gpxtpx:TrackPointExtension><gpxtpx:hr>176</gpxtpx:hr><gpxtpx:cad>88</gpxtpx:cad></gpxtpx:TrackPointExtension></extensions></trkpt><trkpt lat="35.9459124" lon="120.21203301"><ele>-26.700000762939453</ele><time>2022-06-03T13:08:53Z</time><extensions><gpxtpx:TrackPointExtension><gpxtpx:hr>177</gpxtpx:hr><gpxtpx:cad>88</gpxtpx:cad></gpxtpx:TrackPointExtension></extensions></trkpt><trkpt lat="35.9458914" lon="120.21204034"><ele>-26.729999542236328</ele><time>2022-06-03T13:08:54Z</time><extensions><gpxtpx:TrackPointExtension><gpxtpx:hr>177</gpxtpx:hr><gpxtpx:cad>88</gpxtpx:cad></gpxtpx:TrackPointExtension></extensions></trkpt><trkpt lat="35.94587174" lon="120.212047"><ele>-26.780000686645508</ele><time>2022-06-03T13:08:55Z</time><extensions><gpxtpx:TrackPointExtension><gpxtpx:hr>176</gpxtpx:hr><gpxtpx:cad>88</gpxtpx:cad></gpxtpx:TrackPointExtension></extensions></trkpt><trkpt lat="35.94585208" lon="120.21205233"><ele>-26.799999237060547</ele><time>2022-06-03T13:08:56Z</time><extensions><gpxtpx:TrackPointExtension><gpxtpx:hr>174</gpxtpx:hr><gpxtpx:cad>88</gpxtpx:cad></gpxtpx:TrackPointExtension></extensions></trkpt><trkpt lat="35.94583275" lon="120.21205799"><ele>-26.84000015258789</ele><time>2022-06-03T13:08:57Z</time><extensions><gpxtpx:TrackPointExtension><gpxtpx:hr>172</gpxtpx:hr><gpxtpx:cad>88</gpxtpx:cad></gpxtpx:TrackPointExtension></extensions></trkpt><trkpt lat="35.94581309" lon="120.21206432"><ele>-26.81999969482422</ele><time>2022-06-03T13:08:58Z</time><extensions><gpxtpx:TrackPointExtension><gpxtpx:hr>172</gpxtpx:hr><gpxtpx:cad>86</gpxtpx:cad></gpxtpx:TrackPointExtension></extensions></trkpt><trkpt lat="35.9457931" lon="120.21207431"><ele>-26.799999237060547</ele><time>2022-06-03T13:08:59Z</time><extensions><gpxtpx:TrackPointExtension><gpxtpx:hr>173</gpxtpx:hr><gpxtpx:cad>85</gpxtpx:cad></gpxtpx:TrackPointExtension></extensions></trkpt><trkpt lat="35.94577077" lon="120.21208531"><ele>-26.770000457763672</ele><time>2022-06-03T13:09:00Z</time><extensions><gpxtpx:TrackPointExtension><gpxtpx:hr>174</gpxtpx:hr><gpxtpx:cad>86</gpxtpx:cad></gpxtpx:TrackPointExtension></extensions></trkpt><trkpt lat="35.94574811" lon="120.21209564"><ele>-26.719999313354492</ele><time>2022-06-03T13:09:01Z</time><extensions><gpxtpx:TrackPointExtension><gpxtpx:hr>174</gpxtpx:hr><gpxtpx:cad>86</gpxtpx:cad></gpxtpx:TrackPointExtension></extensions></trkpt><trkpt lat="35.94572511" lon="120.2121063"><ele>-26.700000762939453</ele><time>2022-06-03T13:09:02Z</time><extensions><gpxtpx:TrackPointExtension><gpxtpx:hr>175</gpxtpx:hr><gpxtpx:cad>87</gpxtpx:cad></gpxtpx:TrackPointExtension></extensions></trkpt><trkpt lat="35.94570312" lon="120.2121153"><ele>-26.68000030517578</ele><time>2022-06-03T13:09:03Z</time><extensions><gpxtpx:TrackPointExtension><gpxtpx:hr>175</gpxtpx:hr><gpxtpx:cad>89</gpxtpx:cad></gpxtpx:TrackPointExtension></extensions></trkpt><trkpt lat="35.94568146" lon="120.21212396"><ele>-26.68000030517578</ele><time>2022-06-03T13:09:04Z</time><extensions><gpxtpx:TrackPointExtension><gpxtpx:hr>175</gpxtpx:hr><gpxtpx:cad>89</gpxtpx:cad></gpxtpx:TrackPointExtension></extensions></trkpt><trkpt lat="35.94566013" lon="120.21213162"><ele>-26.690000534057617</ele><time>2022-06-03T13:09:05Z</time><extensions><gpxtpx:TrackPointExtension><gpxtpx:hr>175</gpxtpx:hr><gpxtpx:cad>88</gpxtpx:cad></gpxtpx:TrackPointExtension></extensions></trkpt><trkpt lat="35.94564047" lon="120.21214028"><ele>-26.700000762939453</ele><time>2022-06-03T13:09:06Z</time><extensions><gpxtpx:TrackPointExtension><gpxtpx:hr>176</gpxtpx:hr><gpxtpx:cad>88</gpxtpx:cad></gpxtpx:TrackPointExtension></extensions></trkpt><trkpt lat="35.94562048" lon="120.21214961"><ele>-26.700000762939453</ele><time>2022-06-03T13:09:07Z</time><extensions><gpxtpx:TrackPointExtension><gpxtpx:hr>177</gpxtpx:hr><gpxtpx:cad>89</gpxtpx:cad></gpxtpx:TrackPointExtension></extensions></trkpt><trkpt lat="35.94560115" lon="120.21215994"><ele>-26.700000762939453</ele><time>2022-06-03T13:09:08Z</time><extensions><gpxtpx:TrackPointExtension><gpxtpx:hr>178</gpxtpx:hr><gpxtpx:cad>89</gpxtpx:cad></gpxtpx:TrackPointExtension></extensions></trkpt><trkpt lat="35.94558282" lon="120.21217127"><ele>-26.649999618530273</ele><time>2022-06-03T13:09:09Z</time><extensions><gpxtpx:TrackPointExtension><gpxtpx:hr>179</gpxtpx:hr><gpxtpx:cad>88</gpxtpx:cad></gpxtpx:TrackPointExtension></extensions></trkpt><trkpt lat="35.94556449" lon="120.2121826"><ele>-26.670000076293945</ele><time>2022-06-03T13:09:10Z</time><extensions><gpxtpx:TrackPointExtension><gpxtpx:hr>180</gpxtpx:hr><gpxtpx:cad>88</gpxtpx:cad></gpxtpx:TrackPointExtension></extensions></trkpt><trkpt lat="35.94554583" lon="120.21219259"><ele>-26.639999389648438</ele><time>2022-06-03T13:09:11Z</time><extensions><gpxtpx:TrackPointExtension><gpxtpx:hr>180</gpxtpx:hr><gpxtpx:cad>88</gpxtpx:cad></gpxtpx:TrackPointExtension></extensions></trkpt><trkpt lat="35.94552717" lon="120.21220125"><ele>-26.690000534057617</ele><time>2022-06-03T13:09:12Z</time><extensions><gpxtpx:TrackPointExtension><gpxtpx:hr>179</gpxtpx:hr><gpxtpx:cad>88</gpxtpx:cad></gpxtpx:TrackPointExtension></extensions></trkpt><trkpt lat="35.94550851" lon="120.21220991"><ele>-26.670000076293945</ele><time>2022-06-03T13:09:13Z</time><extensions><gpxtpx:TrackPointExtension><gpxtpx:hr>179</gpxtpx:hr><gpxtpx:cad>88</gpxtpx:cad></gpxtpx:TrackPointExtension></extensions></trkpt><trkpt lat="35.94548752" lon="120.21221757"><ele>-26.68000030517578</ele><time>2022-06-03T13:09:14Z</time><extensions><gpxtpx:TrackPointExtension><gpxtpx:hr>179</gpxtpx:hr><gpxtpx:cad>87</gpxtpx:cad></gpxtpx:TrackPointExtension></extensions></trkpt><trkpt lat="35.94546719" lon="120.21222523"><ele>-26.639999389648438</ele><time>2022-06-03T13:09:15Z</time><extensions><gpxtpx:TrackPointExtension><gpxtpx:hr>179</gpxtpx:hr><gpxtpx:cad>88</gpxtpx:cad></gpxtpx:TrackPointExtension></extensions></trkpt><trkpt lat="35.94544619" lon="120.21223423"><ele>-26.639999389648438</ele><time>2022-06-03T13:09:16Z</time><extensions><gpxtpx:TrackPointExtension><gpxtpx:hr>179</gpxtpx:hr><gpxtpx:cad>89</gpxtpx:cad></gpxtpx:TrackPointExtension></extensions></trkpt><trkpt lat="35.94542486" lon="120.21224222"><ele>-26.6200008392334</ele><time>2022-06-03T13:09:17Z</time><extensions><gpxtpx:TrackPointExtension><gpxtpx:hr>179</gpxtpx:hr><gpxtpx:cad>89</gpxtpx:cad></gpxtpx:TrackPointExtension></extensions></trkpt><trkpt lat="35.9454032" lon="120.21225288"><ele>-26.6200008392334</ele><time>2022-06-03T13:09:18Z</time><extensions><gpxtpx:TrackPointExtension><gpxtpx:hr>179</gpxtpx:hr><gpxtpx:cad>89</gpxtpx:cad></gpxtpx:TrackPointExtension></extensions></trkpt><trkpt lat="35.94538087" lon="120.21226321"><ele>-26.6200008392334</ele><time>2022-06-03T13:09:19Z</time><extensions><gpxtpx:TrackPointExtension><gpxtpx:hr>179</gpxtpx:hr><gpxtpx:cad>88</gpxtpx:cad></gpxtpx:TrackPointExtension></extensions></trkpt><trkpt lat="35.94535854" lon="120.21227154"><ele>-26.610000610351562</ele><time>2022-06-03T13:09:20Z</time><extensions><gpxtpx:TrackPointExtension><gpxtpx:hr>179</gpxtpx:hr><gpxtpx:cad>88</gpxtpx:cad></gpxtpx:TrackPointExtension></extensions></trkpt><trkpt lat="35.94533755" lon="120.2122772"><ele>-26.600000381469727</ele><time>2022-06-03T13:09:21Z</time><extensions><gpxtpx:TrackPointExtension><gpxtpx:hr>180</gpxtpx:hr><gpxtpx:cad>89</gpxtpx:cad></gpxtpx:TrackPointExtension></extensions></trkpt><trkpt lat="35.94531922" lon="120.21228186"><ele>-26.59000015258789</ele><time>2022-06-03T13:09:22Z</time><extensions><gpxtpx:TrackPointExtension><gpxtpx:hr>180</gpxtpx:hr><gpxtpx:cad>89</gpxtpx:cad></gpxtpx:TrackPointExtension></extensions></trkpt><trkpt lat="35.94530356" lon="120.21228486"><ele>-26.56999969482422</ele><time>2022-06-03T13:09:23Z</time><extensions><gpxtpx:TrackPointExtension><gpxtpx:hr>179</gpxtpx:hr><gpxtpx:cad>89</gpxtpx:cad></gpxtpx:TrackPointExtension></extensions></trkpt><trkpt lat="35.94528856" lon="120.21228852"><ele>-26.56999969482422</ele><time>2022-06-03T13:09:24Z</time><extensions><gpxtpx:TrackPointExtension><gpxtpx:hr>178</gpxtpx:hr><gpxtpx:cad>89</gpxtpx:cad></gpxtpx:TrackPointExtension></extensions></trkpt><trkpt lat="35.94527456" lon="120.21229152"><ele>-26.59000015258789</ele><time>2022-06-03T13:09:25Z</time><extensions><gpxtpx:TrackPointExtension><gpxtpx:cad>89</gpxtpx:cad></gpxtpx:TrackPointExtension></extensions></trkpt><trkpt lat="35.94526023" lon="120.21229685"><ele>-26.600000381469727</ele><time>2022-06-03T13:09:26Z</time><extensions><gpxtpx:TrackPointExtension><gpxtpx:hr>178</gpxtpx:hr><gpxtpx:cad>89</gpxtpx:cad></gpxtpx:TrackPointExtension></extensions></trkpt><trkpt lat="35.94524657" lon="120.21230185"><ele>-26.600000381469727</ele><time>2022-06-03T13:09:27Z</time><extensions><gpxtpx:TrackPointExtension><gpxtpx:hr>178</gpxtpx:hr><gpxtpx:cad>89</gpxtpx:cad></gpxtpx:TrackPointExtension></extensions></trkpt><trkpt lat="35.94523291" lon="120.21230584"><ele>-26.59000015258789</ele><time>2022-06-03T13:09:28Z</time><extensions><gpxtpx:TrackPointExtension><gpxtpx:hr>179</gpxtpx:hr><gpxtpx:cad>89</gpxtpx:cad></gpxtpx:TrackPointExtension></extensions></trkpt><trkpt lat="35.94521992" lon="120.21230917"><ele>-26.559999465942383</ele><time>2022-06-03T13:09:29Z</time><extensions><gpxtpx:TrackPointExtension><gpxtpx:hr>179</gpxtpx:hr><gpxtpx:cad>89</gpxtpx:cad></gpxtpx:TrackPointExtension></extensions></trkpt><trkpt lat="35.94520759" lon="120.2123135"><ele>-26.540000915527344</ele><time>2022-06-03T13:09:30Z</time><extensions><gpxtpx:TrackPointExtension><gpxtpx:hr>178</gpxtpx:hr><gpxtpx:cad>89</gpxtpx:cad></gpxtpx:TrackPointExtension></extensions></trkpt><trkpt lat="35.9451946" lon="120.21231916"><ele>-26.540000915527344</ele><time>2022-06-03T13:09:31Z</time><extensions><gpxtpx:TrackPointExtension><gpxtpx:hr>178</gpxtpx:hr><gpxtpx:cad>89</gpxtpx:cad></gpxtpx:TrackPointExtension></extensions></trkpt><trkpt lat="35.94518094" lon="120.21232582"><ele>-26.479999542236328</ele><time>2022-06-03T13:09:32Z</time><extensions><gpxtpx:TrackPointExtension><gpxtpx:hr>178</gpxtpx:hr><gpxtpx:cad>89</gpxtpx:cad></gpxtpx:TrackPointExtension></extensions></trkpt><trkpt lat="35.94516595" lon="120.21233415"><ele>-26.479999542236328</ele><time>2022-06-03T13:09:33Z</time><extensions><gpxtpx:TrackPointExtension><gpxtpx:hr>178</gpxtpx:hr><gpxtpx:cad>89</gpxtpx:cad></gpxtpx:TrackPointExtension></extensions></trkpt><trkpt lat="35.94514929" lon="120.21234281"><ele>-26.450000762939453</ele><time>2022-06-03T13:09:34Z</time><extensions><gpxtpx:TrackPointExtension><gpxtpx:hr>178</gpxtpx:hr><gpxtpx:cad>89</gpxtpx:cad></gpxtpx:TrackPointExtension></extensions></trkpt><trkpt lat="35.94513163" lon="120.21235314"><ele>-26.450000762939453</ele><time>2022-06-03T13:09:35Z</time><extensions><gpxtpx:TrackPointExtension><gpxtpx:hr>178</gpxtpx:hr><gpxtpx:cad>89</gpxtpx:cad></gpxtpx:TrackPointExtension></extensions></trkpt><trkpt lat="35.94511264" lon="120.21236513"><ele>-26.440000534057617</ele><time>2022-06-03T13:09:36Z</time><extensions><gpxtpx:TrackPointExtension><gpxtpx:hr>178</gpxtpx:hr><gpxtpx:cad>89</gpxtpx:cad></gpxtpx:TrackPointExtension></extensions></trkpt><trkpt lat="35.94509364" lon="120.21237579"><ele>-26.43000030517578</ele><time>2022-06-03T13:09:41Z</time><extensions><gpxtpx:TrackPointExtension><gpxtpx:hr>179</gpxtpx:hr><gpxtpx:cad>88</gpxtpx:cad></gpxtpx:TrackPointExtension></extensions></trkpt><trkpt lat="35.94507398" lon="120.21238545"><ele>-26.43000030517578</ele><time>2022-06-03T13:09:41Z</time><extensions><gpxtpx:TrackPointExtension><gpxtpx:hr>179</gpxtpx:hr><gpxtpx:cad>88</gpxtpx:cad></gpxtpx:TrackPointExtension></extensions></trkpt><trkpt lat="35.94505365" lon="120.21239544"><ele>-26.43000030517578</ele><time>2022-06-03T13:09:41Z</time><extensions><gpxtpx:TrackPointExtension><gpxtpx:hr>180</gpxtpx:hr><gpxtpx:cad>88</gpxtpx:cad></gpxtpx:TrackPointExtension></extensions></trkpt><trkpt lat="35.94503332" lon="120.21240644"><ele>-26.43000030517578</ele><time>2022-06-03T13:09:41Z</time><extensions><gpxtpx:TrackPointExtension><gpxtpx:hr>179</gpxtpx:hr><gpxtpx:cad>88</gpxtpx:cad></gpxtpx:TrackPointExtension></extensions></trkpt><trkpt lat="35.94501199" lon="120.21241844"><ele>-26.43000030517578</ele><time>2022-06-03T13:09:41Z</time><extensions><gpxtpx:TrackPointExtension><gpxtpx:cad>88</gpxtpx:cad></gpxtpx:TrackPointExtension></extensions></trkpt><trkpt lat="35.94499766" lon="120.2124261"><ele>-26.43000030517578</ele><time>2022-06-03T13:09:48Z</time><extensions><gpxtpx:TrackPointExtension><gpxtpx:hr>178</gpxtpx:hr><gpxtpx:cad>87</gpxtpx:cad></gpxtpx:TrackPointExtension></extensions></trkpt><trkpt lat="35.94495366" lon="120.21246176"><ele>-26.43000030517578</ele><time>2022-06-03T13:09:48Z</time><extensions><gpxtpx:TrackPointExtension><gpxtpx:hr>178</gpxtpx:hr><gpxtpx:cad>87</gpxtpx:cad></gpxtpx:TrackPointExtension></extensions></trkpt><trkpt lat="35.944917" lon="120.21249042"><ele>-26.43000030517578</ele><time>2022-06-03T13:09:48Z</time><extensions><gpxtpx:TrackPointExtension><gpxtpx:hr>178</gpxtpx:hr><gpxtpx:cad>87</gpxtpx:cad></gpxtpx:TrackPointExtension></extensions></trkpt><trkpt lat="35.94488567" lon="120.21251008"><ele>-26.43000030517578</ele><time>2022-06-03T13:09:48Z</time><extensions><gpxtpx:TrackPointExtension><gpxtpx:hr>178</gpxtpx:hr><gpxtpx:cad>87</gpxtpx:cad></gpxtpx:TrackPointExtension></extensions></trkpt><trkpt lat="35.94486468" lon="120.21252341"><ele>-26.260000228881836</ele><time>2022-06-03T13:09:48Z</time><extensions><gpxtpx:TrackPointExtension><gpxtpx:hr>177</gpxtpx:hr><gpxtpx:cad>87</gpxtpx:cad></gpxtpx:TrackPointExtension></extensions></trkpt><trkpt lat="35.94485068" lon="120.21253241"><ele>-26.260000228881836</ele><time>2022-06-03T13:09:48Z</time><extensions><gpxtpx:TrackPointExtension><gpxtpx:hr>176</gpxtpx:hr><gpxtpx:cad>87</gpxtpx:cad></gpxtpx:TrackPointExtension></extensions></trkpt><trkpt lat="35.94484769" lon="120.21253774"><ele>-26.260000228881836</ele><time>2022-06-03T13:09:48Z</time></trkpt><trkpt lat="35.94483169" lon="120.21254473"><ele>-26.260000228881836</ele><time>2022-06-03T13:09:51Z</time><extensions><gpxtpx:TrackPointExtension><gpxtpx:hr>175</gpxtpx:hr><gpxtpx:cad>87</gpxtpx:cad></gpxtpx:TrackPointExtension></extensions></trkpt><trkpt lat="35.94481369" lon="120.21255106"><ele>-26.260000228881836</ele><time>2022-06-03T13:09:51Z</time><extensions><gpxtpx:TrackPointExtension><gpxtpx:hr>175</gpxtpx:hr><gpxtpx:cad>87</gpxtpx:cad></gpxtpx:TrackPointExtension></extensions></trkpt><trkpt lat="35.94479503" lon="120.21255805"><ele>-26.260000228881836</ele><time>2022-06-03T13:09:51Z</time></trkpt><trkpt lat="35.94477437" lon="120.21256538"><ele>-26.469999313354492</ele><time>2022-06-03T13:09:52Z</time><extensions><gpxtpx:TrackPointExtension><gpxtpx:hr>175</gpxtpx:hr><gpxtpx:cad>87</gpxtpx:cad></gpxtpx:TrackPointExtension></extensions></trkpt><trkpt lat="35.94475271" lon="120.21257437"><ele>-26.540000915527344</ele><time>2022-06-03T13:09:53Z</time><extensions><gpxtpx:TrackPointExtension><gpxtpx:hr>175</gpxtpx:hr><gpxtpx:cad>89</gpxtpx:cad></gpxtpx:TrackPointExtension></extensions></trkpt><trkpt lat="35.94473071" lon="120.21258403"><ele>-26.540000915527344</ele><time>2022-06-03T13:09:54Z</time><extensions><gpxtpx:TrackPointExtension><gpxtpx:hr>175</gpxtpx:hr><gpxtpx:cad>89</gpxtpx:cad></gpxtpx:TrackPointExtension></extensions></trkpt><trkpt lat="35.94470805" lon="120.21259569"><ele>-26.450000762939453</ele><time>2022-06-03T13:09:55Z</time><extensions><gpxtpx:TrackPointExtension><gpxtpx:hr>176</gpxtpx:hr><gpxtpx:cad>88</gpxtpx:cad></gpxtpx:TrackPointExtension></extensions></trkpt><trkpt lat="35.94468472" lon="120.21260602"><ele>-26.450000762939453</ele><time>2022-06-03T13:09:56Z</time><extensions><gpxtpx:TrackPointExtension><gpxtpx:hr>176</gpxtpx:hr><gpxtpx:cad>87</gpxtpx:cad></gpxtpx:TrackPointExtension></extensions></trkpt><trkpt lat="35.94466039" lon="120.21261468"><ele>-26.290000915527344</ele><time>2022-06-03T13:09:57Z</time><extensions><gpxtpx:TrackPointExtension><gpxtpx:hr>176</gpxtpx:hr><gpxtpx:cad>88</gpxtpx:cad></gpxtpx:TrackPointExtension></extensions></trkpt><trkpt lat="35.94463606" lon="120.21262168"><ele>-26.290000915527344</ele><time>2022-06-03T13:09:58Z</time><extensions><gpxtpx:TrackPointExtension><gpxtpx:hr>176</gpxtpx:hr><gpxtpx:cad>88</gpxtpx:cad></gpxtpx:TrackPointExtension></extensions></trkpt><trkpt lat="35.94461273" lon="120.21262567"><ele>-26.110000610351562</ele><time>2022-06-03T13:09:59Z</time><extensions><gpxtpx:TrackPointExtension><gpxtpx:hr>176</gpxtpx:hr><gpxtpx:cad>88</gpxtpx:cad></gpxtpx:TrackPointExtension></extensions></trkpt><trkpt lat="35.94459007" lon="120.21263"><ele>-26.110000610351562</ele><time>2022-06-03T13:10:00Z</time><extensions><gpxtpx:TrackPointExtension><gpxtpx:hr>176</gpxtpx:hr><gpxtpx:cad>89</gpxtpx:cad></gpxtpx:TrackPointExtension></extensions></trkpt><trkpt lat="35.94456708" lon="120.21263333"><ele>-25.950000762939453</ele><time>2022-06-03T13:10:01Z</time><extensions><gpxtpx:TrackPointExtension><gpxtpx:hr>176</gpxtpx:hr><gpxtpx:cad>88</gpxtpx:cad></gpxtpx:TrackPointExtension></extensions></trkpt><trkpt lat="35.94454475" lon="120.21264032"><ele>-25.889999389648438</ele><time>2022-06-03T13:10:02Z</time><extensions><gpxtpx:TrackPointExtension><gpxtpx:hr>176</gpxtpx:hr><gpxtpx:cad>87</gpxtpx:cad></gpxtpx:TrackPointExtension></extensions></trkpt><trkpt lat="35.94452176" lon="120.21264798"><ele>-25.860000610351562</ele><time>2022-06-03T13:10:03Z</time><extensions><gpxtpx:TrackPointExtension><gpxtpx:hr>177</gpxtpx:hr><gpxtpx:cad>88</gpxtpx:cad></gpxtpx:TrackPointExtension></extensions></trkpt><trkpt lat="35.9444991" lon="120.21265598"><ele>-25.84000015258789</ele><time>2022-06-03T13:10:04Z</time><extensions><gpxtpx:TrackPointExtension><gpxtpx:hr>178</gpxtpx:hr><gpxtpx:cad>89</gpxtpx:cad></gpxtpx:TrackPointExtension></extensions></trkpt><trkpt lat="35.94447544" lon="120.21266297"><ele>-25.81999969482422</ele><time>2022-06-03T13:10:05Z</time><extensions><gpxtpx:TrackPointExtension><gpxtpx:hr>177</gpxtpx:hr><gpxtpx:cad>88</gpxtpx:cad></gpxtpx:TrackPointExtension></extensions></trkpt><trkpt lat="35.94445111" lon="120.21267096"><ele>-25.84000015258789</ele><time>2022-06-03T13:10:06Z</time><extensions><gpxtpx:TrackPointExtension><gpxtpx:hr>177</gpxtpx:hr><gpxtpx:cad>88</gpxtpx:cad></gpxtpx:TrackPointExtension></extensions></trkpt><trkpt lat="35.94442678" lon="120.21267962"><ele>-25.81999969482422</ele><time>2022-06-03T13:10:07Z</time><extensions><gpxtpx:TrackPointExtension><gpxtpx:hr>178</gpxtpx:hr><gpxtpx:cad>89</gpxtpx:cad></gpxtpx:TrackPointExtension></extensions></trkpt><trkpt lat="35.94440345" lon="120.21269095"><ele>-25.899999618530273</ele><time>2022-06-03T13:10:08Z</time><extensions><gpxtpx:TrackPointExtension><gpxtpx:hr>178</gpxtpx:hr><gpxtpx:cad>89</gpxtpx:cad></gpxtpx:TrackPointExtension></extensions></trkpt><trkpt lat="35.94437912" lon="120.21270361"><ele>-25.8799991607666</ele><time>2022-06-03T13:10:09Z</time><extensions><gpxtpx:TrackPointExtension><gpxtpx:hr>178</gpxtpx:hr><gpxtpx:cad>89</gpxtpx:cad></gpxtpx:TrackPointExtension></extensions></trkpt><trkpt lat="35.94435546" lon="120.21271727"><ele>-25.93000030517578</ele><time>2022-06-03T13:10:10Z</time><extensions><gpxtpx:TrackPointExtension><gpxtpx:hr>178</gpxtpx:hr><gpxtpx:cad>89</gpxtpx:cad></gpxtpx:TrackPointExtension></extensions></trkpt><trkpt lat="35.94433113" lon="120.21273326"><ele>-25.8799991607666</ele><time>2022-06-03T13:10:11Z</time><extensions><gpxtpx:TrackPointExtension><gpxtpx:hr>178</gpxtpx:hr><gpxtpx:cad>89</gpxtpx:cad></gpxtpx:TrackPointExtension></extensions></trkpt><trkpt lat="35.94430747" lon="120.21274926"><ele>-25.899999618530273</ele><time>2022-06-03T13:10:12Z</time><extensions><gpxtpx:TrackPointExtension><gpxtpx:hr>178</gpxtpx:hr><gpxtpx:cad>88</gpxtpx:cad></gpxtpx:TrackPointExtension></extensions></trkpt><trkpt lat="35.94428314" lon="120.21276492"><ele>-25.8700008392334</ele><time>2022-06-03T13:10:13Z</time><extensions><gpxtpx:TrackPointExtension><gpxtpx:hr>177</gpxtpx:hr><gpxtpx:cad>89</gpxtpx:cad></gpxtpx:TrackPointExtension></extensions></trkpt><trkpt lat="35.94425981" lon="120.21278058"><ele>-25.8799991607666</ele><time>2022-06-03T13:10:14Z</time><extensions><gpxtpx:TrackPointExtension><gpxtpx:hr>177</gpxtpx:hr><gpxtpx:cad>88</gpxtpx:cad></gpxtpx:TrackPointExtension></extensions></trkpt><trkpt lat="35.94423648" lon="120.21279691"><ele>-25.809999465942383</ele><time>2022-06-03T13:10:15Z</time><extensions><gpxtpx:TrackPointExtension><gpxtpx:hr>178</gpxtpx:hr><gpxtpx:cad>88</gpxtpx:cad></gpxtpx:TrackPointExtension></extensions></trkpt><trkpt lat="35.94421315" lon="120.21281291"><ele>-25.84000015258789</ele><time>2022-06-03T13:10:16Z</time><extensions><gpxtpx:TrackPointExtension><gpxtpx:hr>180</gpxtpx:hr><gpxtpx:cad>89</gpxtpx:cad></gpxtpx:TrackPointExtension></extensions></trkpt><trkpt lat="35.94419016" lon="120.21282924"><ele>-25.780000686645508</ele><time>2022-06-03T13:10:17Z</time><extensions><gpxtpx:TrackPointExtension><gpxtpx:hr>181</gpxtpx:hr><gpxtpx:cad>90</gpxtpx:cad></gpxtpx:TrackPointExtension></extensions></trkpt><trkpt lat="35.9441675" lon="120.21284323"><ele>-25.780000686645508</ele><time>2022-06-03T13:10:18Z</time><extensions><gpxtpx:TrackPointExtension><gpxtpx:hr>180</gpxtpx:hr><gpxtpx:cad>90</gpxtpx:cad></gpxtpx:TrackPointExtension></extensions></trkpt><trkpt lat="35.94414517" lon="120.21285656"><ele>-25.700000762939453</ele><time>2022-06-03T13:10:19Z</time><extensions><gpxtpx:TrackPointExtension><gpxtpx:hr>180</gpxtpx:hr><gpxtpx:cad>90</gpxtpx:cad></gpxtpx:TrackPointExtension></extensions></trkpt><trkpt lat="35.94412518" lon="120.21287156"><ele>-25.700000762939453</ele><time>2022-06-03T13:10:20Z</time><extensions><gpxtpx:TrackPointExtension><gpxtpx:hr>181</gpxtpx:hr><gpxtpx:cad>89</gpxtpx:cad></gpxtpx:TrackPointExtension></extensions></trkpt><trkpt lat="35.94410752" lon="120.21288222"><ele>-25.610000610351562</ele><time>2022-06-03T13:10:21Z</time><extensions><gpxtpx:TrackPointExtension><gpxtpx:hr>180</gpxtpx:hr><gpxtpx:cad>89</gpxtpx:cad></gpxtpx:TrackPointExtension></extensions></trkpt><trkpt lat="35.94409153" lon="120.21288988"><ele>-25.6200008392334</ele><time>2022-06-03T13:10:22Z</time><extensions><gpxtpx:TrackPointExtension><gpxtpx:hr>180</gpxtpx:hr><gpxtpx:cad>89</gpxtpx:cad></gpxtpx:TrackPointExtension></extensions></trkpt><trkpt lat="35.94407753" lon="120.21289621"><ele>-25.56999969482422</ele><time>2022-06-03T13:10:23Z</time><extensions><gpxtpx:TrackPointExtension><gpxtpx:hr>179</gpxtpx:hr><gpxtpx:cad>89</gpxtpx:cad></gpxtpx:TrackPointExtension></extensions></trkpt><trkpt lat="35.94406353" lon="120.21290254"><ele>-25.530000686645508</ele><time>2022-06-03T13:10:24Z</time><extensions><gpxtpx:TrackPointExtension><gpxtpx:hr>178</gpxtpx:hr><gpxtpx:cad>89</gpxtpx:cad></gpxtpx:TrackPointExtension></extensions></trkpt><trkpt lat="35.9440492" lon="120.21290953"><ele>-25.479999542236328</ele><time>2022-06-03T13:10:25Z</time><extensions><gpxtpx:TrackPointExtension><gpxtpx:hr>178</gpxtpx:hr><gpxtpx:cad>89</gpxtpx:cad></gpxtpx:TrackPointExtension></extensions></trkpt><trkpt lat="35.94403587" lon="120.21291686"><ele>-25.459999084472656</ele><time>2022-06-03T13:10:26Z</time><extensions><gpxtpx:TrackPointExtension><gpxtpx:hr>178</gpxtpx:hr></gpxtpx:TrackPointExtension></extensions></trkpt><trkpt lat="35.94402321" lon="120.21292486"><ele>-25.450000762939453</ele><time>2022-06-03T13:10:27Z</time><extensions><gpxtpx:TrackPointExtension><gpxtpx:hr>178</gpxtpx:hr><gpxtpx:cad>89</gpxtpx:cad></gpxtpx:TrackPointExtension></extensions></trkpt><trkpt lat="35.94401121" lon="120.21293252"><ele>-25.450000762939453</ele><time>2022-06-03T13:10:28Z</time><extensions><gpxtpx:TrackPointExtension><gpxtpx:hr>178</gpxtpx:hr><gpxtpx:cad>89</gpxtpx:cad></gpxtpx:TrackPointExtension></extensions></trkpt><trkpt lat="35.94399888" lon="120.21293951"><ele>-25.43000030517578</ele><time>2022-06-03T13:10:29Z</time><extensions><gpxtpx:TrackPointExtension><gpxtpx:hr>178</gpxtpx:hr><gpxtpx:cad>89</gpxtpx:cad></gpxtpx:TrackPointExtension></extensions></trkpt><trkpt lat="35.94398622" lon="120.2129455"><ele>-25.420000076293945</ele><time>2022-06-03T13:10:30Z</time><extensions><gpxtpx:TrackPointExtension><gpxtpx:hr>179</gpxtpx:hr></gpxtpx:TrackPointExtension></extensions></trkpt><trkpt lat="35.94397289" lon="120.21294916"><ele>-25.290000915527344</ele><time>2022-06-03T13:10:31Z</time><extensions><gpxtpx:TrackPointExtension><gpxtpx:hr>180</gpxtpx:hr><gpxtpx:cad>89</gpxtpx:cad></gpxtpx:TrackPointExtension></extensions></trkpt><trkpt lat="35.94395923" lon="120.21295482"><ele>-25.1200008392334</ele><time>2022-06-03T13:10:32Z</time><extensions><gpxtpx:TrackPointExtension><gpxtpx:hr>179</gpxtpx:hr><gpxtpx:cad>89</gpxtpx:cad></gpxtpx:TrackPointExtension></extensions></trkpt><trkpt lat="35.9439439" lon="120.21296482"><ele>-25.0</ele><time>2022-06-03T13:10:33Z</time><extensions><gpxtpx:TrackPointExtension><gpxtpx:hr>179</gpxtpx:hr><gpxtpx:cad>89</gpxtpx:cad></gpxtpx:TrackPointExtension></extensions></trkpt><trkpt lat="35.94392524" lon="120.21297648"><ele>-24.8700008392334</ele><time>2022-06-03T13:10:34Z</time><extensions><gpxtpx:TrackPointExtension><gpxtpx:hr>179</gpxtpx:hr><gpxtpx:cad>89</gpxtpx:cad></gpxtpx:TrackPointExtension></extensions></trkpt><trkpt lat="35.94390624" lon="120.21298781"><ele>-24.780000686645508</ele><time>2022-06-03T13:10:35Z</time><extensions><gpxtpx:TrackPointExtension><gpxtpx:hr>179</gpxtpx:hr><gpxtpx:cad>89</gpxtpx:cad></gpxtpx:TrackPointExtension></extensions></trkpt><trkpt lat="35.94388658" lon="120.2129968"><ele>-24.719999313354492</ele><time>2022-06-03T13:10:36Z</time><extensions><gpxtpx:TrackPointExtension><gpxtpx:hr>179</gpxtpx:hr><gpxtpx:cad>89</gpxtpx:cad></gpxtpx:TrackPointExtension></extensions></trkpt><trkpt lat="35.94386725" lon="120.21300146"><ele>-24.75</ele><time>2022-06-03T13:10:37Z</time><extensions><gpxtpx:TrackPointExtension><gpxtpx:hr>180</gpxtpx:hr><gpxtpx:cad>89</gpxtpx:cad></gpxtpx:TrackPointExtension></extensions></trkpt><trkpt lat="35.94384859" lon="120.21300113"><ele>-24.770000457763672</ele><time>2022-06-03T13:10:38Z</time><extensions><gpxtpx:TrackPointExtension><gpxtpx:hr>181</gpxtpx:hr><gpxtpx:cad>86</gpxtpx:cad></gpxtpx:TrackPointExtension></extensions></trkpt><trkpt lat="35.94382926" lon="120.21299747"><ele>-24.790000915527344</ele><time>2022-06-03T13:10:39Z</time><extensions><gpxtpx:TrackPointExtension><gpxtpx:hr>181</gpxtpx:hr><gpxtpx:cad>86</gpxtpx:cad></gpxtpx:TrackPointExtension></extensions></trkpt><trkpt lat="35.94381126" lon="120.21299314"><ele>-24.790000915527344</ele><time>2022-06-03T13:10:40Z</time><extensions><gpxtpx:TrackPointExtension><gpxtpx:hr>180</gpxtpx:hr><gpxtpx:cad>87</gpxtpx:cad></gpxtpx:TrackPointExtension></extensions></trkpt><trkpt lat="35.94379393" lon="120.21298581"><ele>-24.850000381469727</ele><time>2022-06-03T13:10:41Z</time><extensions><gpxtpx:TrackPointExtension><gpxtpx:hr>180</gpxtpx:hr><gpxtpx:cad>86</gpxtpx:cad></gpxtpx:TrackPointExtension></extensions></trkpt><trkpt lat="35.94377694" lon="120.21297481"><ele>-24.8700008392334</ele><time>2022-06-03T13:10:42Z</time><extensions><gpxtpx:TrackPointExtension><gpxtpx:hr>179</gpxtpx:hr><gpxtpx:cad>86</gpxtpx:cad></gpxtpx:TrackPointExtension></extensions></trkpt><trkpt lat="35.94376128" lon="120.21296248"><ele>-24.940000534057617</ele><time>2022-06-03T13:10:43Z</time><extensions><gpxtpx:TrackPointExtension><gpxtpx:hr>178</gpxtpx:hr><gpxtpx:cad>85</gpxtpx:cad></gpxtpx:TrackPointExtension></extensions></trkpt><trkpt lat="35.94374662" lon="120.21295148"><ele>-24.950000762939453</ele><time>2022-06-03T13:10:44Z</time><extensions><gpxtpx:TrackPointExtension><gpxtpx:hr>178</gpxtpx:hr><gpxtpx:cad>85</gpxtpx:cad></gpxtpx:TrackPointExtension></extensions></trkpt><trkpt lat="35.94373363" lon="120.21294082"><ele>-24.8700008392334</ele><time>2022-06-03T13:10:45Z</time><extensions><gpxtpx:TrackPointExtension><gpxtpx:hr>178</gpxtpx:hr><gpxtpx:cad>86</gpxtpx:cad></gpxtpx:TrackPointExtension></extensions></trkpt><trkpt lat="35.94372063" lon="120.21292982"><ele>-24.81999969482422</ele><time>2022-06-03T13:10:46Z</time><extensions><gpxtpx:TrackPointExtension><gpxtpx:hr>176</gpxtpx:hr><gpxtpx:cad>87</gpxtpx:cad></gpxtpx:TrackPointExtension></extensions></trkpt><trkpt lat="35.94370797" lon="120.21291749"><ele>-24.780000686645508</ele><time>2022-06-03T13:10:47Z</time><extensions><gpxtpx:TrackPointExtension><gpxtpx:hr>176</gpxtpx:hr><gpxtpx:cad>88</gpxtpx:cad></gpxtpx:TrackPointExtension></extensions></trkpt><trkpt lat="35.94369631" lon="120.21290149"><ele>-24.729999542236328</ele><time>2022-06-03T13:10:48Z</time><extensions><gpxtpx:TrackPointExtension><gpxtpx:hr>176</gpxtpx:hr><gpxtpx:cad>88</gpxtpx:cad></gpxtpx:TrackPointExtension></extensions></trkpt><trkpt lat="35.94368231" lon="120.21288583"><ele>-24.700000762939453</ele><time>2022-06-03T13:10:49Z</time><extensions><gpxtpx:TrackPointExtension><gpxtpx:hr>177</gpxtpx:hr><gpxtpx:cad>88</gpxtpx:cad></gpxtpx:TrackPointExtension></extensions></trkpt><trkpt lat="35.94366932" lon="120.21287117"><ele>-24.690000534057617</ele><time>2022-06-03T13:10:50Z</time><extensions><gpxtpx:TrackPointExtension><gpxtpx:hr>177</gpxtpx:hr><gpxtpx:cad>88</gpxtpx:cad></gpxtpx:TrackPointExtension></extensions></trkpt><trkpt lat="35.94365766" lon="120.21285617"><ele>-24.68000030517578</ele><time>2022-06-03T13:10:51Z</time><extensions><gpxtpx:TrackPointExtension><gpxtpx:hr>177</gpxtpx:hr><gpxtpx:cad>88</gpxtpx:cad></gpxtpx:TrackPointExtension></extensions></trkpt><trkpt lat="35.943645" lon="120.21284017"><ele>-24.700000762939453</ele><time>2022-06-03T13:10:52Z</time><extensions><gpxtpx:TrackPointExtension><gpxtpx:hr>176</gpxtpx:hr><gpxtpx:cad>88</gpxtpx:cad></gpxtpx:TrackPointExtension></extensions></trkpt><trkpt lat="35.94363301" lon="120.21282384"><ele>-24.709999084472656</ele><time>2022-06-03T13:10:53Z</time><extensions><gpxtpx:TrackPointExtension><gpxtpx:hr>175</gpxtpx:hr><gpxtpx:cad>88</gpxtpx:cad></gpxtpx:TrackPointExtension></extensions></trkpt><trkpt lat="35.94362235" lon="120.21280651"><ele>-24.729999542236328</ele><time>2022-06-03T13:10:54Z</time><extensions><gpxtpx:TrackPointExtension><gpxtpx:hr>175</gpxtpx:hr><gpxtpx:cad>88</gpxtpx:cad></gpxtpx:TrackPointExtension></extensions></trkpt><trkpt lat="35.94361202" lon="120.21278818"><ele>-24.770000457763672</ele><time>2022-06-03T13:10:55Z</time><extensions><gpxtpx:TrackPointExtension><gpxtpx:hr>175</gpxtpx:hr><gpxtpx:cad>88</gpxtpx:cad></gpxtpx:TrackPointExtension></extensions></trkpt><trkpt lat="35.94360236" lon="120.21276919"><ele>-24.780000686645508</ele><time>2022-06-03T13:10:56Z</time><extensions><gpxtpx:TrackPointExtension><gpxtpx:hr>176</gpxtpx:hr><gpxtpx:cad>88</gpxtpx:cad></gpxtpx:TrackPointExtension></extensions></trkpt><trkpt lat="35.94359303" lon="120.21274986"><ele>-24.790000915527344</ele><time>2022-06-03T13:10:57Z</time><extensions><gpxtpx:TrackPointExtension><gpxtpx:hr>177</gpxtpx:hr><gpxtpx:cad>88</gpxtpx:cad></gpxtpx:TrackPointExtension></extensions></trkpt><trkpt lat="35.9435837" lon="120.2127332"><ele>-24.799999237060547</ele><time>2022-06-03T13:10:58Z</time><extensions><gpxtpx:TrackPointExtension><gpxtpx:hr>178</gpxtpx:hr><gpxtpx:cad>88</gpxtpx:cad></gpxtpx:TrackPointExtension></extensions></trkpt><trkpt lat="35.94357171" lon="120.21271454"><ele>-24.809999465942383</ele><time>2022-06-03T13:10:59Z</time><extensions><gpxtpx:TrackPointExtension><gpxtpx:hr>178</gpxtpx:hr><gpxtpx:cad>88</gpxtpx:cad></gpxtpx:TrackPointExtension></extensions></trkpt><trkpt lat="35.94356205" lon="120.21269588"><ele>-24.790000915527344</ele><time>2022-06-03T13:11:00Z</time><extensions><gpxtpx:TrackPointExtension><gpxtpx:hr>178</gpxtpx:hr><gpxtpx:cad>88</gpxtpx:cad></gpxtpx:TrackPointExtension></extensions></trkpt><trkpt lat="35.94355205" lon="120.21267588"><ele>-24.770000457763672</ele><time>2022-06-03T13:11:01Z</time><extensions><gpxtpx:TrackPointExtension><gpxtpx:hr>178</gpxtpx:hr><gpxtpx:cad>88</gpxtpx:cad></gpxtpx:TrackPointExtension></extensions></trkpt><trkpt lat="35.94354339" lon="120.21265689"><ele>-24.770000457763672</ele><time>2022-06-03T13:11:02Z</time><extensions><gpxtpx:TrackPointExtension><gpxtpx:hr>179</gpxtpx:hr><gpxtpx:cad>88</gpxtpx:cad></gpxtpx:TrackPointExtension></extensions></trkpt><trkpt lat="35.94353539" lon="120.21263689"><ele>-24.709999084472656</ele><time>2022-06-03T13:11:03Z</time><extensions><gpxtpx:TrackPointExtension><gpxtpx:hr>179</gpxtpx:hr><gpxtpx:cad>88</gpxtpx:cad></gpxtpx:TrackPointExtension></extensions></trkpt><trkpt lat="35.9435284" lon="120.21261923"><ele>-24.700000762939453</ele><time>2022-06-03T13:11:04Z</time><extensions><gpxtpx:TrackPointExtension><gpxtpx:hr>180</gpxtpx:hr><gpxtpx:cad>88</gpxtpx:cad></gpxtpx:TrackPointExtension></extensions></trkpt><trkpt lat="35.9435214" lon="120.21260524"><ele>-24.690000534057617</ele><time>2022-06-03T13:11:05Z</time><extensions><gpxtpx:TrackPointExtension><gpxtpx:hr>180</gpxtpx:hr><gpxtpx:cad>88</gpxtpx:cad></gpxtpx:TrackPointExtension></extensions></trkpt><trkpt lat="35.94351407" lon="120.21259224"><ele>-24.68000030517578</ele><time>2022-06-03T13:11:06Z</time><extensions><gpxtpx:TrackPointExtension><gpxtpx:hr>180</gpxtpx:hr><gpxtpx:cad>88</gpxtpx:cad></gpxtpx:TrackPointExtension></extensions></trkpt><trkpt lat="35.94350574" lon="120.21258091"><ele>-24.670000076293945</ele><time>2022-06-03T13:11:07Z</time><extensions><gpxtpx:TrackPointExtension><gpxtpx:hr>180</gpxtpx:hr><gpxtpx:cad>88</gpxtpx:cad></gpxtpx:TrackPointExtension></extensions></trkpt><trkpt lat="35.94349708" lon="120.21256758"><ele>-24.68000030517578</ele><time>2022-06-03T13:11:08Z</time><extensions><gpxtpx:TrackPointExtension><gpxtpx:hr>180</gpxtpx:hr><gpxtpx:cad>88</gpxtpx:cad></gpxtpx:TrackPointExtension></extensions></trkpt><trkpt lat="35.94348875" lon="120.21255425"><ele>-24.690000534057617</ele><time>2022-06-03T13:11:09Z</time><extensions><gpxtpx:TrackPointExtension><gpxtpx:hr>180</gpxtpx:hr><gpxtpx:cad>88</gpxtpx:cad></gpxtpx:TrackPointExtension></extensions></trkpt><trkpt lat="35.94347942" lon="120.21253959"><ele>-24.690000534057617</ele><time>2022-06-03T13:11:10Z</time><extensions><gpxtpx:TrackPointExtension><gpxtpx:hr>180</gpxtpx:hr><gpxtpx:cad>88</gpxtpx:cad></gpxtpx:TrackPointExtension></extensions></trkpt><trkpt lat="35.94346842" lon="120.21252359"><ele>-24.690000534057617</ele><time>2022-06-03T13:11:11Z</time><extensions><gpxtpx:TrackPointExtension><gpxtpx:hr>178</gpxtpx:hr><gpxtpx:cad>88</gpxtpx:cad></gpxtpx:TrackPointExtension></extensions></trkpt><trkpt lat="35.94345643" lon="120.21250726"><ele>-24.690000534057617</ele><time>2022-06-03T13:11:12Z</time><extensions><gpxtpx:TrackPointExtension><gpxtpx:hr>178</gpxtpx:hr><gpxtpx:cad>88</gpxtpx:cad></gpxtpx:TrackPointExtension></extensions></trkpt><trkpt lat="35.94344744" lon="120.21249193"><ele>-24.700000762939453</ele><time>2022-06-03T13:11:13Z</time><extensions><gpxtpx:TrackPointExtension><gpxtpx:hr>179</gpxtpx:hr><gpxtpx:cad>88</gpxtpx:cad></gpxtpx:TrackPointExtension></extensions></trkpt><trkpt lat="35.94343845" lon="120.21247627"><ele>-24.700000762939453</ele><time>2022-06-03T13:11:14Z</time><extensions><gpxtpx:TrackPointExtension><gpxtpx:hr>180</gpxtpx:hr><gpxtpx:cad>88</gpxtpx:cad></gpxtpx:TrackPointExtension></extensions></trkpt><trkpt lat="35.94343212" lon="120.21246261"><ele>-24.68000030517578</ele><time>2022-06-03T13:11:15Z</time><extensions><gpxtpx:TrackPointExtension><gpxtpx:hr>181</gpxtpx:hr><gpxtpx:cad>88</gpxtpx:cad></gpxtpx:TrackPointExtension></extensions></trkpt><trkpt lat="35.94342879" lon="120.21244762"><ele>-24.639999389648438</ele><time>2022-06-03T13:11:16Z</time><extensions><gpxtpx:TrackPointExtension><gpxtpx:hr>182</gpxtpx:hr><gpxtpx:cad>88</gpxtpx:cad></gpxtpx:TrackPointExtension></extensions></trkpt><trkpt lat="35.94342613" lon="120.21243162"><ele>-24.6200008392334</ele><time>2022-06-03T13:11:17Z</time><extensions><gpxtpx:TrackPointExtension><gpxtpx:hr>182</gpxtpx:hr><gpxtpx:cad>88</gpxtpx:cad></gpxtpx:TrackPointExtension></extensions></trkpt><trkpt lat="35.9434248" lon="120.21241396"><ele>-24.6200008392334</ele><time>2022-06-03T13:11:18Z</time><extensions><gpxtpx:TrackPointExtension><gpxtpx:hr>182</gpxtpx:hr><gpxtpx:cad>88</gpxtpx:cad></gpxtpx:TrackPointExtension></extensions></trkpt><trkpt lat="35.94342247" lon="120.21239363"><ele>-24.610000610351562</ele><time>2022-06-03T13:11:19Z</time><extensions><gpxtpx:TrackPointExtension><gpxtpx:hr>180</gpxtpx:hr><gpxtpx:cad>88</gpxtpx:cad></gpxtpx:TrackPointExtension></extensions></trkpt><trkpt lat="35.94341814" lon="120.2123713"><ele>-24.559999465942383</ele><time>2022-06-03T13:11:20Z</time><extensions><gpxtpx:TrackPointExtension><gpxtpx:hr>180</gpxtpx:hr><gpxtpx:cad>88</gpxtpx:cad></gpxtpx:TrackPointExtension></extensions></trkpt><trkpt lat="35.94339815" lon="120.21235264"><ele>-24.6200008392334</ele><time>2022-06-03T13:11:21Z</time><extensions><gpxtpx:TrackPointExtension><gpxtpx:hr>181</gpxtpx:hr><gpxtpx:cad>88</gpxtpx:cad></gpxtpx:TrackPointExtension></extensions></trkpt><trkpt lat="35.94338082" lon="120.21233164"><ele>-24.56999969482422</ele><time>2022-06-03T13:11:22Z</time><extensions><gpxtpx:TrackPointExtension><gpxtpx:hr>181</gpxtpx:hr><gpxtpx:cad>88</gpxtpx:cad></gpxtpx:TrackPointExtension></extensions></trkpt><trkpt lat="35.94336149" lon="120.21230964"><ele>-24.6200008392334</ele><time>2022-06-03T13:11:23Z</time><extensions><gpxtpx:TrackPointExtension><gpxtpx:hr>181</gpxtpx:hr><gpxtpx:cad>88</gpxtpx:cad></gpxtpx:TrackPointExtension></extensions></trkpt><trkpt lat="35.94334083" lon="120.21228798"><ele>-24.59000015258789</ele><time>2022-06-03T13:11:24Z</time><extensions><gpxtpx:TrackPointExtension><gpxtpx:hr>181</gpxtpx:hr><gpxtpx:cad>88</gpxtpx:cad></gpxtpx:TrackPointExtension></extensions></trkpt><trkpt lat="35.94332117" lon="120.21226399"><ele>-24.6200008392334</ele><time>2022-06-03T13:11:25Z</time><extensions><gpxtpx:TrackPointExtension><gpxtpx:hr>182</gpxtpx:hr><gpxtpx:cad>88</gpxtpx:cad></gpxtpx:TrackPointExtension></extensions></trkpt><trkpt lat="35.94330684" lon="120.21224033"><ele>-24.56999969482422</ele><time>2022-06-03T13:11:26Z</time><extensions><gpxtpx:TrackPointExtension><gpxtpx:hr>182</gpxtpx:hr><gpxtpx:cad>88</gpxtpx:cad></gpxtpx:TrackPointExtension></extensions></trkpt><trkpt lat="35.94329418" lon="120.21221667"><ele>-24.610000610351562</ele><time>2022-06-03T13:11:27Z</time><extensions><gpxtpx:TrackPointExtension><gpxtpx:hr>182</gpxtpx:hr><gpxtpx:cad>88</gpxtpx:cad></gpxtpx:TrackPointExtension></extensions></trkpt><trkpt lat="35.94328385" lon="120.21219234"><ele>-24.559999465942383</ele><time>2022-06-03T13:11:28Z</time><extensions><gpxtpx:TrackPointExtension><gpxtpx:hr>182</gpxtpx:hr><gpxtpx:cad>88</gpxtpx:cad></gpxtpx:TrackPointExtension></extensions></trkpt><trkpt lat="35.94327452" lon="120.21216901"><ele>-24.610000610351562</ele><time>2022-06-03T13:11:29Z</time><extensions><gpxtpx:TrackPointExtension><gpxtpx:hr>181</gpxtpx:hr><gpxtpx:cad>88</gpxtpx:cad></gpxtpx:TrackPointExtension></extensions></trkpt><trkpt lat="35.94326986" lon="120.21214335"><ele>-24.559999465942383</ele><time>2022-06-03T13:11:30Z</time><extensions><gpxtpx:TrackPointExtension><gpxtpx:hr>180</gpxtpx:hr><gpxtpx:cad>87</gpxtpx:cad></gpxtpx:TrackPointExtension></extensions></trkpt><trkpt lat="35.94327119" lon="120.21211069"><ele>-24.540000915527344</ele><time>2022-06-03T13:11:31Z</time><extensions><gpxtpx:TrackPointExtension><gpxtpx:hr>179</gpxtpx:hr><gpxtpx:cad>87</gpxtpx:cad></gpxtpx:TrackPointExtension></extensions></trkpt><trkpt lat="35.9432672" lon="120.2120807"><ele>-24.510000228881836</ele><time>2022-06-03T13:11:32Z</time><extensions><gpxtpx:TrackPointExtension><gpxtpx:hr>178</gpxtpx:hr><gpxtpx:cad>87</gpxtpx:cad></gpxtpx:TrackPointExtension></extensions></trkpt><trkpt lat="35.94326054" lon="120.21205304"><ele>-24.510000228881836</ele><time>2022-06-03T13:11:33Z</time><extensions><gpxtpx:TrackPointExtension><gpxtpx:hr>178</gpxtpx:hr><gpxtpx:cad>88</gpxtpx:cad></gpxtpx:TrackPointExtension></extensions></trkpt><trkpt lat="35.94325255" lon="120.21202871"><ele>-24.459999084472656</ele><time>2022-06-03T13:11:34Z</time><extensions><gpxtpx:TrackPointExtension><gpxtpx:hr>178</gpxtpx:hr><gpxtpx:cad>88</gpxtpx:cad></gpxtpx:TrackPointExtension></extensions></trkpt><trkpt lat="35.94324289" lon="120.21200772"><ele>-24.5</ele><time>2022-06-03T13:11:35Z</time><extensions><gpxtpx:TrackPointExtension><gpxtpx:hr>178</gpxtpx:hr><gpxtpx:cad>88</gpxtpx:cad></gpxtpx:TrackPointExtension></extensions></trkpt><trkpt lat="35.94323123" lon="120.21198739"><ele>-24.6200008392334</ele><time>2022-06-03T13:11:36Z</time><extensions><gpxtpx:TrackPointExtension><gpxtpx:hr>177</gpxtpx:hr><gpxtpx:cad>89</gpxtpx:cad></gpxtpx:TrackPointExtension></extensions></trkpt><trkpt lat="35.9432179" lon="120.2119684"><ele>-24.6200008392334</ele><time>2022-06-03T13:11:37Z</time><extensions><gpxtpx:TrackPointExtension><gpxtpx:hr>177</gpxtpx:hr><gpxtpx:cad>88</gpxtpx:cad></gpxtpx:TrackPointExtension></extensions></trkpt><trkpt lat="35.94320457" lon="120.21195107"><ele>-24.809999465942383</ele><time>2022-06-03T13:11:38Z</time><extensions><gpxtpx:TrackPointExtension><gpxtpx:hr>176</gpxtpx:hr><gpxtpx:cad>89</gpxtpx:cad></gpxtpx:TrackPointExtension></extensions></trkpt><trkpt lat="35.94319191" lon="120.21193574"><ele>-24.860000610351562</ele><time>2022-06-03T13:11:39Z</time><extensions><gpxtpx:TrackPointExtension><gpxtpx:hr>176</gpxtpx:hr><gpxtpx:cad>88</gpxtpx:cad></gpxtpx:TrackPointExtension></extensions></trkpt><trkpt lat="35.94317891" lon="120.21191941"><ele>-24.959999084472656</ele><time>2022-06-03T13:11:40Z</time><extensions><gpxtpx:TrackPointExtension><gpxtpx:hr>176</gpxtpx:hr><gpxtpx:cad>88</gpxtpx:cad></gpxtpx:TrackPointExtension></extensions></trkpt><trkpt lat="35.94316425" lon="120.21190341"><ele>-24.969999313354492</ele><time>2022-06-03T13:11:41Z</time><extensions><gpxtpx:TrackPointExtension><gpxtpx:hr>176</gpxtpx:hr><gpxtpx:cad>88</gpxtpx:cad></gpxtpx:TrackPointExtension></extensions></trkpt><trkpt lat="35.94314825" lon="120.21188741"><ele>-25.06999969482422</ele><time>2022-06-03T13:11:42Z</time><extensions><gpxtpx:TrackPointExtension><gpxtpx:hr>176</gpxtpx:hr><gpxtpx:cad>89</gpxtpx:cad></gpxtpx:TrackPointExtension></extensions></trkpt><trkpt lat="35.94313192" lon="120.21187141"><ele>-25.059999465942383</ele><time>2022-06-03T13:11:43Z</time><extensions><gpxtpx:TrackPointExtension><gpxtpx:hr>175</gpxtpx:hr><gpxtpx:cad>89</gpxtpx:cad></gpxtpx:TrackPointExtension></extensions></trkpt><trkpt lat="35.94311526" lon="120.21185541"><ele>-25.139999389648438</ele><time>2022-06-03T13:11:44Z</time><extensions><gpxtpx:TrackPointExtension><gpxtpx:hr>174</gpxtpx:hr><gpxtpx:cad>88</gpxtpx:cad></gpxtpx:TrackPointExtension></extensions></trkpt><trkpt lat="35.94309726" lon="120.21184008"><ele>-25.149999618530273</ele><time>2022-06-03T13:11:45Z</time><extensions><gpxtpx:TrackPointExtension><gpxtpx:hr>174</gpxtpx:hr><gpxtpx:cad>89</gpxtpx:cad></gpxtpx:TrackPointExtension></extensions></trkpt><trkpt lat="35.94307727" lon="120.21182408"><ele>-25.200000762939453</ele><time>2022-06-03T13:11:46Z</time><extensions><gpxtpx:TrackPointExtension><gpxtpx:hr>174</gpxtpx:hr><gpxtpx:cad>88</gpxtpx:cad></gpxtpx:TrackPointExtension></extensions></trkpt><trkpt lat="35.94305994" lon="120.21180609"><ele>-25.200000762939453</ele><time>2022-06-03T13:11:47Z</time><extensions><gpxtpx:TrackPointExtension><gpxtpx:hr>174</gpxtpx:hr><gpxtpx:cad>88</gpxtpx:cad></gpxtpx:TrackPointExtension></extensions></trkpt><trkpt lat="35.94304195" lon="120.21178776"><ele>-25.200000762939453</ele><time>2022-06-03T13:11:48Z</time><extensions><gpxtpx:TrackPointExtension><gpxtpx:hr>174</gpxtpx:hr><gpxtpx:cad>88</gpxtpx:cad></gpxtpx:TrackPointExtension></extensions></trkpt><trkpt lat="35.94302529" lon="120.21176977"><ele>-25.200000762939453</ele><time>2022-06-03T13:11:49Z</time><extensions><gpxtpx:TrackPointExtension><gpxtpx:hr>174</gpxtpx:hr><gpxtpx:cad>88</gpxtpx:cad></gpxtpx:TrackPointExtension></extensions></trkpt><trkpt lat="35.9430083" lon="120.21175044"><ele>-25.200000762939453</ele><time>2022-06-03T13:11:50Z</time><extensions><gpxtpx:TrackPointExtension><gpxtpx:hr>173</gpxtpx:hr><gpxtpx:cad>88</gpxtpx:cad></gpxtpx:TrackPointExtension></extensions></trkpt><trkpt lat="35.94299131" lon="120.21173078"><ele>-25.200000762939453</ele><time>2022-06-03T13:11:51Z</time><extensions><gpxtpx:TrackPointExtension><gpxtpx:hr>172</gpxtpx:hr><gpxtpx:cad>88</gpxtpx:cad></gpxtpx:TrackPointExtension></extensions></trkpt><trkpt lat="35.94297031" lon="120.21171179"><ele>-25.170000076293945</ele><time>2022-06-03T13:11:52Z</time><extensions><gpxtpx:TrackPointExtension><gpxtpx:hr>172</gpxtpx:hr><gpxtpx:cad>88</gpxtpx:cad></gpxtpx:TrackPointExtension></extensions></trkpt><trkpt lat="35.94295032" lon="120.21169146"><ele>-25.1299991607666</ele><time>2022-06-03T13:11:53Z</time><extensions><gpxtpx:TrackPointExtension><gpxtpx:hr>172</gpxtpx:hr><gpxtpx:cad>88</gpxtpx:cad></gpxtpx:TrackPointExtension></extensions></trkpt><trkpt lat="35.94292699" lon="120.21167047"><ele>-25.100000381469727</ele><time>2022-06-03T13:11:54Z</time><extensions><gpxtpx:TrackPointExtension><gpxtpx:hr>172</gpxtpx:hr><gpxtpx:cad>88</gpxtpx:cad></gpxtpx:TrackPointExtension></extensions></trkpt><trkpt lat="35.94290366" lon="120.21164814"><ele>-25.049999237060547</ele><time>2022-06-03T13:11:55Z</time><extensions><gpxtpx:TrackPointExtension><gpxtpx:hr>171</gpxtpx:hr><gpxtpx:cad>89</gpxtpx:cad></gpxtpx:TrackPointExtension></extensions></trkpt><trkpt lat="35.94288233" lon="120.21162481"><ele>-25.030000686645508</ele><time>2022-06-03T13:11:56Z</time><extensions><gpxtpx:TrackPointExtension><gpxtpx:hr>171</gpxtpx:hr><gpxtpx:cad>88</gpxtpx:cad></gpxtpx:TrackPointExtension></extensions></trkpt><trkpt lat="35.942865" lon="120.21160182"><ele>-25.040000915527344</ele><time>2022-06-03T13:11:57Z</time><extensions><gpxtpx:TrackPointExtension><gpxtpx:hr>171</gpxtpx:hr><gpxtpx:cad>87</gpxtpx:cad></gpxtpx:TrackPointExtension></extensions></trkpt><trkpt lat="35.94284867" lon="120.21157849"><ele>-25.09000015258789</ele><time>2022-06-03T13:11:58Z</time><extensions><gpxtpx:TrackPointExtension><gpxtpx:hr>170</gpxtpx:hr><gpxtpx:cad>88</gpxtpx:cad></gpxtpx:TrackPointExtension></extensions></trkpt><trkpt lat="35.94283234" lon="120.21155583"><ele>-25.1200008392334</ele><time>2022-06-03T13:11:59Z</time><extensions><gpxtpx:TrackPointExtension><gpxtpx:hr>170</gpxtpx:hr><gpxtpx:cad>88</gpxtpx:cad></gpxtpx:TrackPointExtension></extensions></trkpt><trkpt lat="35.94281601" lon="120.21153284"><ele>-25.18000030517578</ele><time>2022-06-03T13:12:00Z</time><extensions><gpxtpx:TrackPointExtension><gpxtpx:hr>169</gpxtpx:hr><gpxtpx:cad>88</gpxtpx:cad></gpxtpx:TrackPointExtension></extensions></trkpt><trkpt lat="35.94280135" lon="120.21150985"><ele>-25.25</ele><time>2022-06-03T13:12:01Z</time><extensions><gpxtpx:TrackPointExtension><gpxtpx:hr>169</gpxtpx:hr><gpxtpx:cad>88</gpxtpx:cad></gpxtpx:TrackPointExtension></extensions></trkpt><trkpt lat="35.94278836" lon="120.21148785"><ele>-25.25</ele><time>2022-06-03T13:12:02Z</time><extensions><gpxtpx:TrackPointExtension><gpxtpx:hr>170</gpxtpx:hr><gpxtpx:cad>88</gpxtpx:cad></gpxtpx:TrackPointExtension></extensions></trkpt><trkpt lat="35.94277536" lon="120.21146585"><ele>-25.360000610351562</ele><time>2022-06-03T13:12:03Z</time><extensions><gpxtpx:TrackPointExtension><gpxtpx:hr>171</gpxtpx:hr><gpxtpx:cad>88</gpxtpx:cad></gpxtpx:TrackPointExtension></extensions></trkpt><trkpt lat="35.94276236" lon="120.21144519"><ele>-25.420000076293945</ele><time>2022-06-03T13:12:04Z</time><extensions><gpxtpx:TrackPointExtension><gpxtpx:hr>171</gpxtpx:hr><gpxtpx:cad>88</gpxtpx:cad></gpxtpx:TrackPointExtension></extensions></trkpt><trkpt lat="35.94275003" lon="120.21142419"><ele>-25.450000762939453</ele><time>2022-06-03T13:12:05Z</time><extensions><gpxtpx:TrackPointExtension><gpxtpx:hr>171</gpxtpx:hr><gpxtpx:cad>88</gpxtpx:cad></gpxtpx:TrackPointExtension></extensions></trkpt><trkpt lat="35.9427347" lon="120.21140386"><ele>-25.469999313354492</ele><time>2022-06-03T13:12:06Z</time><extensions><gpxtpx:TrackPointExtension><gpxtpx:hr>171</gpxtpx:hr><gpxtpx:cad>88</gpxtpx:cad></gpxtpx:TrackPointExtension></extensions></trkpt><trkpt lat="35.94271871" lon="120.2113832"><ele>-25.510000228881836</ele><time>2022-06-03T13:12:07Z</time><extensions><gpxtpx:TrackPointExtension><gpxtpx:hr>172</gpxtpx:hr><gpxtpx:cad>89</gpxtpx:cad></gpxtpx:TrackPointExtension></extensions></trkpt><trkpt lat="35.94270238" lon="120.2113622"><ele>-25.510000228881836</ele><time>2022-06-03T13:12:08Z</time><extensions><gpxtpx:TrackPointExtension><gpxtpx:hr>172</gpxtpx:hr><gpxtpx:cad>88</gpxtpx:cad></gpxtpx:TrackPointExtension></extensions></trkpt><trkpt lat="35.94268405" lon="120.21134054"><ele>-25.520000457763672</ele><time>2022-06-03T13:12:09Z</time><extensions><gpxtpx:TrackPointExtension><gpxtpx:hr>173</gpxtpx:hr><gpxtpx:cad>88</gpxtpx:cad></gpxtpx:TrackPointExtension></extensions></trkpt><trkpt lat="35.94266606" lon="120.21131888"><ele>-25.520000457763672</ele><time>2022-06-03T13:12:10Z</time><extensions><gpxtpx:TrackPointExtension><gpxtpx:hr>173</gpxtpx:hr><gpxtpx:cad>88</gpxtpx:cad></gpxtpx:TrackPointExtension></extensions></trkpt><trkpt lat="35.94264673" lon="120.21129889"><ele>-25.540000915527344</ele><time>2022-06-03T13:12:11Z</time><extensions><gpxtpx:TrackPointExtension><gpxtpx:hr>172</gpxtpx:hr><gpxtpx:cad>89</gpxtpx:cad></gpxtpx:TrackPointExtension></extensions></trkpt><trkpt lat="35.94262907" lon="120.21127923"><ele>-25.540000915527344</ele><time>2022-06-03T13:12:12Z</time><extensions><gpxtpx:TrackPointExtension><gpxtpx:hr>172</gpxtpx:hr><gpxtpx:cad>88</gpxtpx:cad></gpxtpx:TrackPointExtension></extensions></trkpt><trkpt lat="35.94261441" lon="120.21126057"><ele>-25.540000915527344</ele><time>2022-06-03T13:12:13Z</time><extensions><gpxtpx:TrackPointExtension><gpxtpx:hr>172</gpxtpx:hr><gpxtpx:cad>88</gpxtpx:cad></gpxtpx:TrackPointExtension></extensions></trkpt><trkpt lat="35.94260241" lon="120.21124291"><ele>-25.540000915527344</ele><time>2022-06-03T13:12:14Z</time><extensions><gpxtpx:TrackPointExtension><gpxtpx:hr>171</gpxtpx:hr><gpxtpx:cad>88</gpxtpx:cad></gpxtpx:TrackPointExtension></extensions></trkpt><trkpt lat="35.94259242" lon="120.21122525"><ele>-25.5</ele><time>2022-06-03T13:12:15Z</time><extensions><gpxtpx:TrackPointExtension><gpxtpx:hr>170</gpxtpx:hr><gpxtpx:cad>88</gpxtpx:cad></gpxtpx:TrackPointExtension></extensions></trkpt><trkpt lat="35.94258376" lon="120.21120859"><ele>-25.459999084472656</ele><time>2022-06-03T13:12:16Z</time><extensions><gpxtpx:TrackPointExtension><gpxtpx:hr>170</gpxtpx:hr><gpxtpx:cad>88</gpxtpx:cad></gpxtpx:TrackPointExtension></extensions></trkpt><trkpt lat="35.9425751" lon="120.21119359"><ele>-25.440000534057617</ele><time>2022-06-03T13:12:17Z</time><extensions><gpxtpx:TrackPointExtension><gpxtpx:hr>169</gpxtpx:hr><gpxtpx:cad>88</gpxtpx:cad></gpxtpx:TrackPointExtension></extensions></trkpt><trkpt lat="35.94256644" lon="120.21117993"><ele>-25.399999618530273</ele><time>2022-06-03T13:12:18Z</time><extensions><gpxtpx:TrackPointExtension><gpxtpx:hr>169</gpxtpx:hr><gpxtpx:cad>88</gpxtpx:cad></gpxtpx:TrackPointExtension></extensions></trkpt><trkpt lat="35.94256045" lon="120.2111666"><ele>-25.399999618530273</ele><time>2022-06-03T13:12:19Z</time><extensions><gpxtpx:TrackPointExtension><gpxtpx:hr>169</gpxtpx:hr><gpxtpx:cad>88</gpxtpx:cad></gpxtpx:TrackPointExtension></extensions></trkpt><trkpt lat="35.94255412" lon="120.21115461"><ele>-25.420000076293945</ele><time>2022-06-03T13:12:20Z</time><extensions><gpxtpx:TrackPointExtension><gpxtpx:hr>169</gpxtpx:hr><gpxtpx:cad>88</gpxtpx:cad></gpxtpx:TrackPointExtension></extensions></trkpt><trkpt lat="35.94254746" lon="120.21114395"><ele>-25.43000030517578</ele><time>2022-06-03T13:12:21Z</time><extensions><gpxtpx:TrackPointExtension><gpxtpx:hr>168</gpxtpx:hr><gpxtpx:cad>88</gpxtpx:cad></gpxtpx:TrackPointExtension></extensions></trkpt><trkpt lat="35.94254113" lon="120.21113362"><ele>-25.43000030517578</ele><time>2022-06-03T13:12:22Z</time><extensions><gpxtpx:TrackPointExtension><gpxtpx:hr>168</gpxtpx:hr><gpxtpx:cad>88</gpxtpx:cad></gpxtpx:TrackPointExtension></extensions></trkpt><trkpt lat="35.94253547" lon="120.21112362"><ele>-25.43000030517578</ele><time>2022-06-03T13:12:23Z</time><extensions><gpxtpx:TrackPointExtension><gpxtpx:hr>168</gpxtpx:hr><gpxtpx:cad>88</gpxtpx:cad></gpxtpx:TrackPointExtension></extensions></trkpt><trkpt lat="35.94252881" lon="120.21111296"><ele>-25.479999542236328</ele><time>2022-06-03T13:12:24Z</time><extensions><gpxtpx:TrackPointExtension><gpxtpx:hr>168</gpxtpx:hr><gpxtpx:cad>88</gpxtpx:cad></gpxtpx:TrackPointExtension></extensions></trkpt><trkpt lat="35.94252315" lon="120.21110063"><ele>-25.479999542236328</ele><time>2022-06-03T13:12:25Z</time><extensions><gpxtpx:TrackPointExtension><gpxtpx:hr>168</gpxtpx:hr><gpxtpx:cad>88</gpxtpx:cad></gpxtpx:TrackPointExtension></extensions></trkpt><trkpt lat="35.94251749" lon="120.21108897"><ele>-25.549999237060547</ele><time>2022-06-03T13:12:26Z</time><extensions><gpxtpx:TrackPointExtension><gpxtpx:hr>168</gpxtpx:hr><gpxtpx:cad>88</gpxtpx:cad></gpxtpx:TrackPointExtension></extensions></trkpt><trkpt lat="35.94250983" lon="120.21107698"><ele>-25.559999465942383</ele><time>2022-06-03T13:12:27Z</time><extensions><gpxtpx:TrackPointExtension><gpxtpx:hr>169</gpxtpx:hr><gpxtpx:cad>88</gpxtpx:cad></gpxtpx:TrackPointExtension></extensions></trkpt><trkpt lat="35.9425015" lon="120.21106598"><ele>-25.56999969482422</ele><time>2022-06-03T13:12:28Z</time><extensions><gpxtpx:TrackPointExtension><gpxtpx:hr>169</gpxtpx:hr><gpxtpx:cad>88</gpxtpx:cad></gpxtpx:TrackPointExtension></extensions></trkpt><trkpt lat="35.9424925" lon="120.21105565"><ele>-25.59000015258789</ele><time>2022-06-03T13:12:29Z</time><extensions><gpxtpx:TrackPointExtension><gpxtpx:hr>169</gpxtpx:hr><gpxtpx:cad>88</gpxtpx:cad></gpxtpx:TrackPointExtension></extensions></trkpt><trkpt lat="35.94248284" lon="120.21104532"><ele>-25.600000381469727</ele><time>2022-06-03T13:12:30Z</time><extensions><gpxtpx:TrackPointExtension><gpxtpx:hr>170</gpxtpx:hr><gpxtpx:cad>88</gpxtpx:cad></gpxtpx:TrackPointExtension></extensions></trkpt><trkpt lat="35.94247451" lon="120.21103366"><ele>-25.600000381469727</ele><time>2022-06-03T13:12:31Z</time><extensions><gpxtpx:TrackPointExtension><gpxtpx:hr>171</gpxtpx:hr><gpxtpx:cad>88</gpxtpx:cad></gpxtpx:TrackPointExtension></extensions></trkpt><trkpt lat="35.94246585" lon="120.21102233"><ele>-25.610000610351562</ele><time>2022-06-03T13:12:32Z</time><extensions><gpxtpx:TrackPointExtension><gpxtpx:hr>171</gpxtpx:hr><gpxtpx:cad>88</gpxtpx:cad></gpxtpx:TrackPointExtension></extensions></trkpt><trkpt lat="35.94246052" lon="120.21100867"><ele>-25.610000610351562</ele><time>2022-06-03T13:12:33Z</time><extensions><gpxtpx:TrackPointExtension><gpxtpx:hr>171</gpxtpx:hr><gpxtpx:cad>88</gpxtpx:cad></gpxtpx:TrackPointExtension></extensions></trkpt><trkpt lat="35.94245453" lon="120.21099468"><ele>-25.610000610351562</ele><time>2022-06-03T13:12:34Z</time><extensions><gpxtpx:TrackPointExtension><gpxtpx:hr>171</gpxtpx:hr><gpxtpx:cad>88</gpxtpx:cad></gpxtpx:TrackPointExtension></extensions></trkpt><trkpt lat="35.9424492" lon="120.21098102"><ele>-25.610000610351562</ele><time>2022-06-03T13:12:35Z</time><extensions><gpxtpx:TrackPointExtension><gpxtpx:hr>171</gpxtpx:hr><gpxtpx:cad>88</gpxtpx:cad></gpxtpx:TrackPointExtension></extensions></trkpt><trkpt lat="35.94244654" lon="120.21096569"><ele>-25.6200008392334</ele><time>2022-06-03T13:12:36Z</time><extensions><gpxtpx:TrackPointExtension><gpxtpx:hr>171</gpxtpx:hr><gpxtpx:cad>88</gpxtpx:cad></gpxtpx:TrackPointExtension></extensions></trkpt><trkpt lat="35.94244088" lon="120.2109507"><ele>-25.649999618530273</ele><time>2022-06-03T13:12:37Z</time><extensions><gpxtpx:TrackPointExtension><gpxtpx:hr>172</gpxtpx:hr><gpxtpx:cad>88</gpxtpx:cad></gpxtpx:TrackPointExtension></extensions></trkpt><trkpt lat="35.94243322" lon="120.21093337"><ele>-25.68000030517578</ele><time>2022-06-03T13:12:38Z</time><extensions><gpxtpx:TrackPointExtension><gpxtpx:hr>172</gpxtpx:hr><gpxtpx:cad>88</gpxtpx:cad></gpxtpx:TrackPointExtension></extensions></trkpt><trkpt lat="35.94242756" lon="120.21091571"><ele>-25.700000762939453</ele><time>2022-06-03T13:12:39Z</time><extensions><gpxtpx:TrackPointExtension><gpxtpx:hr>172</gpxtpx:hr><gpxtpx:cad>88</gpxtpx:cad></gpxtpx:TrackPointExtension></extensions></trkpt><trkpt lat="35.94241723" lon="120.21090105"><ele>-25.709999084472656</ele><time>2022-06-03T13:12:40Z</time><extensions><gpxtpx:TrackPointExtension><gpxtpx:hr>172</gpxtpx:hr><gpxtpx:cad>88</gpxtpx:cad></gpxtpx:TrackPointExtension></extensions></trkpt><trkpt lat="35.9424109" lon="120.21088572"><ele>-25.709999084472656</ele><time>2022-06-03T13:12:41Z</time><extensions><gpxtpx:TrackPointExtension><gpxtpx:hr>172</gpxtpx:hr><gpxtpx:cad>88</gpxtpx:cad></gpxtpx:TrackPointExtension></extensions></trkpt><trkpt lat="35.94240624" lon="120.21087039"><ele>-25.729999542236328</ele><time>2022-06-03T13:12:42Z</time><extensions><gpxtpx:TrackPointExtension><gpxtpx:hr>172</gpxtpx:hr><gpxtpx:cad>88</gpxtpx:cad></gpxtpx:TrackPointExtension></extensions></trkpt><trkpt lat="35.94240558" lon="120.21085173"><ele>-25.729999542236328</ele><time>2022-06-03T13:12:43Z</time><extensions><gpxtpx:TrackPointExtension><gpxtpx:hr>172</gpxtpx:hr><gpxtpx:cad>88</gpxtpx:cad></gpxtpx:TrackPointExtension></extensions></trkpt><trkpt lat="35.94240292" lon="120.21083307"><ele>-25.760000228881836</ele><time>2022-06-03T13:12:44Z</time><extensions><gpxtpx:TrackPointExtension><gpxtpx:hr>171</gpxtpx:hr><gpxtpx:cad>88</gpxtpx:cad></gpxtpx:TrackPointExtension></extensions></trkpt><trkpt lat="35.94239826" lon="120.21081474"><ele>-25.770000457763672</ele><time>2022-06-03T13:12:45Z</time><extensions><gpxtpx:TrackPointExtension><gpxtpx:hr>171</gpxtpx:hr><gpxtpx:cad>88</gpxtpx:cad></gpxtpx:TrackPointExtension></extensions></trkpt><trkpt lat="35.94239227" lon="120.21079741"><ele>-25.770000457763672</ele><time>2022-06-03T13:12:46Z</time><extensions><gpxtpx:TrackPointExtension><gpxtpx:hr>171</gpxtpx:hr><gpxtpx:cad>88</gpxtpx:cad></gpxtpx:TrackPointExtension></extensions></trkpt><trkpt lat="35.94238461" lon="120.21078008"><ele>-25.780000686645508</ele><time>2022-06-03T13:12:47Z</time><extensions><gpxtpx:TrackPointExtension><gpxtpx:hr>171</gpxtpx:hr><gpxtpx:cad>88</gpxtpx:cad></gpxtpx:TrackPointExtension></extensions></trkpt><trkpt lat="35.94237595" lon="120.21076242"><ele>-25.780000686645508</ele><time>2022-06-03T13:12:48Z</time><extensions><gpxtpx:TrackPointExtension><gpxtpx:hr>172</gpxtpx:hr><gpxtpx:cad>88</gpxtpx:cad></gpxtpx:TrackPointExtension></extensions></trkpt><trkpt lat="35.94236762" lon="120.21074509"><ele>-25.809999465942383</ele><time>2022-06-03T13:12:49Z</time><extensions><gpxtpx:TrackPointExtension><gpxtpx:hr>173</gpxtpx:hr><gpxtpx:cad>88</gpxtpx:cad></gpxtpx:TrackPointExtension></extensions></trkpt><trkpt lat="35.94235729" lon="120.21072643"><ele>-25.860000610351562</ele><time>2022-06-03T13:12:50Z</time><extensions><gpxtpx:TrackPointExtension><gpxtpx:hr>173</gpxtpx:hr><gpxtpx:cad>87</gpxtpx:cad></gpxtpx:TrackPointExtension></extensions></trkpt><trkpt lat="35.94234496" lon="120.2107051"><ele>-25.8799991607666</ele><time>2022-06-03T13:12:51Z</time><extensions><gpxtpx:TrackPointExtension><gpxtpx:hr>173</gpxtpx:hr><gpxtpx:cad>87</gpxtpx:cad></gpxtpx:TrackPointExtension></extensions></trkpt><trkpt lat="35.9423333" lon="120.2106831"><ele>-25.920000076293945</ele><time>2022-06-03T13:12:52Z</time><extensions><gpxtpx:TrackPointExtension><gpxtpx:hr>173</gpxtpx:hr><gpxtpx:cad>87</gpxtpx:cad></gpxtpx:TrackPointExtension></extensions></trkpt><trkpt lat="35.94232364" lon="120.21066277"><ele>-25.940000534057617</ele><time>2022-06-03T13:12:53Z</time><extensions><gpxtpx:TrackPointExtension><gpxtpx:hr>173</gpxtpx:hr><gpxtpx:cad>87</gpxtpx:cad></gpxtpx:TrackPointExtension></extensions></trkpt><trkpt lat="35.94231564" lon="120.21064244"><ele>-25.950000762939453</ele><time>2022-06-03T13:12:54Z</time><extensions><gpxtpx:TrackPointExtension><gpxtpx:hr>173</gpxtpx:hr><gpxtpx:cad>87</gpxtpx:cad></gpxtpx:TrackPointExtension></extensions></trkpt><trkpt lat="35.94230765" lon="120.21062311"><ele>-25.950000762939453</ele><time>2022-06-03T13:12:55Z</time><extensions><gpxtpx:TrackPointExtension><gpxtpx:hr>174</gpxtpx:hr><gpxtpx:cad>87</gpxtpx:cad></gpxtpx:TrackPointExtension></extensions></trkpt><trkpt lat="35.94229965" lon="120.21060145"><ele>-25.950000762939453</ele><time>2022-06-03T13:12:56Z</time><extensions><gpxtpx:TrackPointExtension><gpxtpx:hr>175</gpxtpx:hr><gpxtpx:cad>87</gpxtpx:cad></gpxtpx:TrackPointExtension></extensions></trkpt><trkpt lat="35.94228899" lon="120.21057979"><ele>-25.950000762939453</ele><time>2022-06-03T13:12:57Z</time><extensions><gpxtpx:TrackPointExtension><gpxtpx:hr>175</gpxtpx:hr><gpxtpx:cad>87</gpxtpx:cad></gpxtpx:TrackPointExtension></extensions></trkpt><trkpt lat="35.94227833" lon="120.21055713"><ele>-25.950000762939453</ele><time>2022-06-03T13:12:58Z</time><extensions><gpxtpx:TrackPointExtension><gpxtpx:hr>174</gpxtpx:hr><gpxtpx:cad>87</gpxtpx:cad></gpxtpx:TrackPointExtension></extensions></trkpt><trkpt lat="35.94225667" lon="120.21053414"><ele>-25.950000762939453</ele><time>2022-06-03T13:12:59Z</time><extensions><gpxtpx:TrackPointExtension><gpxtpx:hr>174</gpxtpx:hr><gpxtpx:cad>87</gpxtpx:cad></gpxtpx:TrackPointExtension></extensions></trkpt><trkpt lat="35.94223467" lon="120.21050848"><ele>-25.950000762939453</ele><time>2022-06-03T13:13:00Z</time><extensions><gpxtpx:TrackPointExtension><gpxtpx:hr>174</gpxtpx:hr><gpxtpx:cad>86</gpxtpx:cad></gpxtpx:TrackPointExtension></extensions></trkpt><trkpt lat="35.94221334" lon="120.21048382"><ele>-25.950000762939453</ele><time>2022-06-03T13:13:01Z</time><extensions><gpxtpx:TrackPointExtension><gpxtpx:hr>173</gpxtpx:hr><gpxtpx:cad>87</gpxtpx:cad></gpxtpx:TrackPointExtension></extensions></trkpt><trkpt lat="35.94219468" lon="120.21045949"><ele>-25.950000762939453</ele><time>2022-06-03T13:13:02Z</time><extensions><gpxtpx:TrackPointExtension><gpxtpx:hr>173</gpxtpx:hr><gpxtpx:cad>88</gpxtpx:cad></gpxtpx:TrackPointExtension></extensions></trkpt><trkpt lat="35.94217935" lon="120.21043716"><ele>-25.969999313354492</ele><time>2022-06-03T13:13:03Z</time><extensions><gpxtpx:TrackPointExtension><gpxtpx:hr>173</gpxtpx:hr><gpxtpx:cad>87</gpxtpx:cad></gpxtpx:TrackPointExtension></extensions></trkpt><trkpt lat="35.94216502" lon="120.21041583"><ele>-26.020000457763672</ele><time>2022-06-03T13:13:04Z</time><extensions><gpxtpx:TrackPointExtension><gpxtpx:hr>173</gpxtpx:hr><gpxtpx:cad>88</gpxtpx:cad></gpxtpx:TrackPointExtension></extensions></trkpt><trkpt lat="35.94215169" lon="120.21039517"><ele>-26.040000915527344</ele><time>2022-06-03T13:13:05Z</time><extensions><gpxtpx:TrackPointExtension><gpxtpx:hr>173</gpxtpx:hr><gpxtpx:cad>88</gpxtpx:cad></gpxtpx:TrackPointExtension></extensions></trkpt><trkpt lat="35.9421397" lon="120.21037484"><ele>-26.06999969482422</ele><time>2022-06-03T13:13:06Z</time><extensions><gpxtpx:TrackPointExtension><gpxtpx:hr>173</gpxtpx:hr><gpxtpx:cad>88</gpxtpx:cad></gpxtpx:TrackPointExtension></extensions></trkpt><trkpt lat="35.94212737" lon="120.21035518"><ele>-26.100000381469727</ele><time>2022-06-03T13:13:07Z</time><extensions><gpxtpx:TrackPointExtension><gpxtpx:cad>87</gpxtpx:cad></gpxtpx:TrackPointExtension></extensions></trkpt><trkpt lat="35.94211437" lon="120.21033585"><ele>-26.1200008392334</ele><time>2022-06-03T13:13:08Z</time><extensions><gpxtpx:TrackPointExtension><gpxtpx:hr>173</gpxtpx:hr><gpxtpx:cad>87</gpxtpx:cad></gpxtpx:TrackPointExtension></extensions></trkpt><trkpt lat="35.94210238" lon="120.21031619"><ele>-26.1200008392334</ele><time>2022-06-03T13:13:09Z</time><extensions><gpxtpx:TrackPointExtension><gpxtpx:hr>173</gpxtpx:hr><gpxtpx:cad>87</gpxtpx:cad></gpxtpx:TrackPointExtension></extensions></trkpt><trkpt lat="35.94209038" lon="120.21029553"><ele>-26.1200008392334</ele><time>2022-06-03T13:13:10Z</time><extensions><gpxtpx:TrackPointExtension><gpxtpx:hr>173</gpxtpx:hr><gpxtpx:cad>87</gpxtpx:cad></gpxtpx:TrackPointExtension></extensions></trkpt><trkpt lat="35.94207939" lon="120.21027654"><ele>-26.1200008392334</ele><time>2022-06-03T13:13:11Z</time><extensions><gpxtpx:TrackPointExtension><gpxtpx:hr>173</gpxtpx:hr><gpxtpx:cad>87</gpxtpx:cad></gpxtpx:TrackPointExtension></extensions></trkpt><trkpt lat="35.94206873" lon="120.21025188"><ele>-26.110000610351562</ele><time>2022-06-03T13:13:12Z</time><extensions><gpxtpx:TrackPointExtension><gpxtpx:hr>172</gpxtpx:hr><gpxtpx:cad>87</gpxtpx:cad></gpxtpx:TrackPointExtension></extensions></trkpt><trkpt lat="35.94205873" lon="120.21022822"><ele>-26.110000610351562</ele><time>2022-06-03T13:13:13Z</time><extensions><gpxtpx:TrackPointExtension><gpxtpx:hr>172</gpxtpx:hr><gpxtpx:cad>87</gpxtpx:cad></gpxtpx:TrackPointExtension></extensions></trkpt><trkpt lat="35.9420484" lon="120.21020523"><ele>-26.030000686645508</ele><time>2022-06-03T13:13:14Z</time><extensions><gpxtpx:TrackPointExtension><gpxtpx:hr>172</gpxtpx:hr><gpxtpx:cad>88</gpxtpx:cad></gpxtpx:TrackPointExtension></extensions></trkpt><trkpt lat="35.94203841" lon="120.21018257"><ele>-26.030000686645508</ele><time>2022-06-03T13:13:15Z</time><extensions><gpxtpx:TrackPointExtension><gpxtpx:hr>171</gpxtpx:hr><gpxtpx:cad>88</gpxtpx:cad></gpxtpx:TrackPointExtension></extensions></trkpt><trkpt lat="35.94202942" lon="120.21016191"><ele>-25.979999542236328</ele><time>2022-06-03T13:13:16Z</time><extensions><gpxtpx:TrackPointExtension><gpxtpx:hr>171</gpxtpx:hr><gpxtpx:cad>87</gpxtpx:cad></gpxtpx:TrackPointExtension></extensions></trkpt><trkpt lat="35.94202009" lon="120.21014258"><ele>-25.979999542236328</ele><time>2022-06-03T13:13:17Z</time><extensions><gpxtpx:TrackPointExtension><gpxtpx:hr>172</gpxtpx:hr><gpxtpx:cad>88</gpxtpx:cad></gpxtpx:TrackPointExtension></extensions></trkpt><trkpt lat="35.9420101" lon="120.21012292"><ele>-26.049999237060547</ele><time>2022-06-03T13:13:18Z</time><extensions><gpxtpx:TrackPointExtension><gpxtpx:hr>172</gpxtpx:hr><gpxtpx:cad>87</gpxtpx:cad></gpxtpx:TrackPointExtension></extensions></trkpt><trkpt lat="35.94199944" lon="120.21010092"><ele>-26.100000381469727</ele><time>2022-06-03T13:13:19Z</time><extensions><gpxtpx:TrackPointExtension><gpxtpx:hr>172</gpxtpx:hr><gpxtpx:cad>88</gpxtpx:cad></gpxtpx:TrackPointExtension></extensions></trkpt><trkpt lat="35.94198844" lon="120.21007992"><ele>-26.1200008392334</ele><time>2022-06-03T13:13:20Z</time><extensions><gpxtpx:TrackPointExtension><gpxtpx:hr>173</gpxtpx:hr><gpxtpx:cad>88</gpxtpx:cad></gpxtpx:TrackPointExtension></extensions></trkpt><trkpt lat="35.94197744" lon="120.21005792"><ele>-26.149999618530273</ele><time>2022-06-03T13:13:21Z</time><extensions><gpxtpx:TrackPointExtension><gpxtpx:hr>173</gpxtpx:hr><gpxtpx:cad>88</gpxtpx:cad></gpxtpx:TrackPointExtension></extensions></trkpt><trkpt lat="35.94196611" lon="120.21003893"><ele>-26.190000534057617</ele><time>2022-06-03T13:13:22Z</time><extensions><gpxtpx:TrackPointExtension><gpxtpx:hr>173</gpxtpx:hr><gpxtpx:cad>88</gpxtpx:cad></gpxtpx:TrackPointExtension></extensions></trkpt><trkpt lat="35.94195345" lon="120.21001893"><ele>-26.200000762939453</ele><time>2022-06-03T13:13:23Z</time><extensions><gpxtpx:TrackPointExtension><gpxtpx:hr>173</gpxtpx:hr><gpxtpx:cad>88</gpxtpx:cad></gpxtpx:TrackPointExtension></extensions></trkpt><trkpt lat="35.94194079" lon="120.20999894"><ele>-26.209999084472656</ele><time>2022-06-03T13:13:24Z</time><extensions><gpxtpx:TrackPointExtension><gpxtpx:hr>173</gpxtpx:hr><gpxtpx:cad>88</gpxtpx:cad></gpxtpx:TrackPointExtension></extensions></trkpt><trkpt lat="35.94192746" lon="120.20997894"><ele>-26.219999313354492</ele><time>2022-06-03T13:13:25Z</time><extensions><gpxtpx:TrackPointExtension><gpxtpx:hr>173</gpxtpx:hr><gpxtpx:cad>88</gpxtpx:cad></gpxtpx:TrackPointExtension></extensions></trkpt><trkpt lat="35.9419138" lon="120.20995794"><ele>-26.200000762939453</ele><time>2022-06-03T13:13:26Z</time><extensions><gpxtpx:TrackPointExtension><gpxtpx:hr>173</gpxtpx:hr><gpxtpx:cad>88</gpxtpx:cad></gpxtpx:TrackPointExtension></extensions></trkpt><trkpt lat="35.94190114" lon="120.20993761"><ele>-26.149999618530273</ele><time>2022-06-03T13:13:27Z</time><extensions><gpxtpx:TrackPointExtension><gpxtpx:hr>173</gpxtpx:hr><gpxtpx:cad>88</gpxtpx:cad></gpxtpx:TrackPointExtension></extensions></trkpt><trkpt lat="35.94189115" lon="120.20991528"><ele>-26.1200008392334</ele><time>2022-06-03T13:13:28Z</time><extensions><gpxtpx:TrackPointExtension><gpxtpx:hr>173</gpxtpx:hr><gpxtpx:cad>88</gpxtpx:cad></gpxtpx:TrackPointExtension></extensions></trkpt><trkpt lat="35.94188315" lon="120.20989128"><ele>-26.100000381469727</ele><time>2022-06-03T13:13:29Z</time><extensions><gpxtpx:TrackPointExtension><gpxtpx:hr>174</gpxtpx:hr><gpxtpx:cad>88</gpxtpx:cad></gpxtpx:TrackPointExtension></extensions></trkpt><trkpt lat="35.94187682" lon="120.20986495"><ele>-26.06999969482422</ele><time>2022-06-03T13:13:30Z</time><extensions><gpxtpx:TrackPointExtension><gpxtpx:hr>174</gpxtpx:hr><gpxtpx:cad>85</gpxtpx:cad></gpxtpx:TrackPointExtension></extensions></trkpt><trkpt lat="35.94187216" lon="120.20983362"><ele>-26.09000015258789</ele><time>2022-06-03T13:13:31Z</time><extensions><gpxtpx:TrackPointExtension><gpxtpx:hr>173</gpxtpx:hr><gpxtpx:cad>86</gpxtpx:cad></gpxtpx:TrackPointExtension></extensions></trkpt><trkpt lat="35.9418665" lon="120.20980463"><ele>-26.110000610351562</ele><time>2022-06-03T13:13:32Z</time><extensions><gpxtpx:TrackPointExtension><gpxtpx:hr>172</gpxtpx:hr><gpxtpx:cad>86</gpxtpx:cad></gpxtpx:TrackPointExtension></extensions></trkpt><trkpt lat="35.94186051" lon="120.2097753"><ele>-26.170000076293945</ele><time>2022-06-03T13:13:33Z</time><extensions><gpxtpx:TrackPointExtension><gpxtpx:hr>173</gpxtpx:hr><gpxtpx:cad>86</gpxtpx:cad></gpxtpx:TrackPointExtension></extensions></trkpt><trkpt lat="35.94185351" lon="120.20974664"><ele>-26.209999084472656</ele><time>2022-06-03T13:13:34Z</time><extensions><gpxtpx:TrackPointExtension><gpxtpx:hr>173</gpxtpx:hr><gpxtpx:cad>87</gpxtpx:cad></gpxtpx:TrackPointExtension></extensions></trkpt><trkpt lat="35.94184518" lon="120.20971864"><ele>-26.25</ele><time>2022-06-03T13:13:35Z</time><extensions><gpxtpx:TrackPointExtension><gpxtpx:hr>173</gpxtpx:hr><gpxtpx:cad>87</gpxtpx:cad></gpxtpx:TrackPointExtension></extensions></trkpt><trkpt lat="35.94183585" lon="120.20969098"><ele>-26.280000686645508</ele><time>2022-06-03T13:13:36Z</time><extensions><gpxtpx:TrackPointExtension><gpxtpx:hr>173</gpxtpx:hr><gpxtpx:cad>88</gpxtpx:cad></gpxtpx:TrackPointExtension></extensions></trkpt><trkpt lat="35.94182452" lon="120.20966432"><ele>-26.290000915527344</ele><time>2022-06-03T13:13:37Z</time><extensions><gpxtpx:TrackPointExtension><gpxtpx:hr>174</gpxtpx:hr><gpxtpx:cad>88</gpxtpx:cad></gpxtpx:TrackPointExtension></extensions></trkpt><trkpt lat="35.94181152" lon="120.20963899"><ele>-26.299999237060547</ele><time>2022-06-03T13:13:38Z</time><extensions><gpxtpx:TrackPointExtension><gpxtpx:hr>174</gpxtpx:hr><gpxtpx:cad>88</gpxtpx:cad></gpxtpx:TrackPointExtension></extensions></trkpt><trkpt lat="35.94179953" lon="120.20961466"><ele>-26.31999969482422</ele><time>2022-06-03T13:13:39Z</time><extensions><gpxtpx:TrackPointExtension><gpxtpx:hr>174</gpxtpx:hr><gpxtpx:cad>88</gpxtpx:cad></gpxtpx:TrackPointExtension></extensions></trkpt><trkpt lat="35.94178787" lon="120.20959167"><ele>-26.34000015258789</ele><time>2022-06-03T13:13:40Z</time><extensions><gpxtpx:TrackPointExtension><gpxtpx:hr>173</gpxtpx:hr><gpxtpx:cad>87</gpxtpx:cad></gpxtpx:TrackPointExtension></extensions></trkpt><trkpt lat="35.94177654" lon="120.20956768"><ele>-26.34000015258789</ele><time>2022-06-03T13:13:41Z</time><extensions><gpxtpx:TrackPointExtension><gpxtpx:hr>173</gpxtpx:hr><gpxtpx:cad>88</gpxtpx:cad></gpxtpx:TrackPointExtension></extensions></trkpt><trkpt lat="35.94176755" lon="120.20954268"><ele>-26.3700008392334</ele><time>2022-06-03T13:13:42Z</time><extensions><gpxtpx:TrackPointExtension><gpxtpx:hr>173</gpxtpx:hr><gpxtpx:cad>88</gpxtpx:cad></gpxtpx:TrackPointExtension></extensions></trkpt><trkpt lat="35.94176156" lon="120.20951602"><ele>-26.450000762939453</ele><time>2022-06-03T13:13:43Z</time><extensions><gpxtpx:TrackPointExtension><gpxtpx:hr>174</gpxtpx:hr><gpxtpx:cad>88</gpxtpx:cad></gpxtpx:TrackPointExtension></extensions></trkpt><trkpt lat="35.9417599" lon="120.20948669"><ele>-26.540000915527344</ele><time>2022-06-03T13:13:44Z</time><extensions><gpxtpx:TrackPointExtension><gpxtpx:hr>174</gpxtpx:hr><gpxtpx:cad>88</gpxtpx:cad></gpxtpx:TrackPointExtension></extensions></trkpt><trkpt lat="35.94176123" lon="120.20945636"><ele>-26.649999618530273</ele><time>2022-06-03T13:13:45Z</time><extensions><gpxtpx:TrackPointExtension><gpxtpx:hr>175</gpxtpx:hr><gpxtpx:cad>88</gpxtpx:cad></gpxtpx:TrackPointExtension></extensions></trkpt><trkpt lat="35.94176623" lon="120.20942703"><ele>-26.75</ele><time>2022-06-03T13:13:46Z</time><extensions><gpxtpx:TrackPointExtension><gpxtpx:hr>175</gpxtpx:hr><gpxtpx:cad>87</gpxtpx:cad></gpxtpx:TrackPointExtension></extensions></trkpt><trkpt lat="35.94177389" lon="120.20939937"><ele>-26.850000381469727</ele><time>2022-06-03T13:13:47Z</time><extensions><gpxtpx:TrackPointExtension><gpxtpx:hr>175</gpxtpx:hr><gpxtpx:cad>87</gpxtpx:cad></gpxtpx:TrackPointExtension></extensions></trkpt><trkpt lat="35.94178288" lon="120.20937571"><ele>-26.920000076293945</ele><time>2022-06-03T13:13:48Z</time><extensions><gpxtpx:TrackPointExtension><gpxtpx:hr>176</gpxtpx:hr><gpxtpx:cad>87</gpxtpx:cad></gpxtpx:TrackPointExtension></extensions></trkpt><trkpt lat="35.94179221" lon="120.20935471"><ele>-26.969999313354492</ele><time>2022-06-03T13:13:49Z</time><extensions><gpxtpx:TrackPointExtension><gpxtpx:hr>175</gpxtpx:hr><gpxtpx:cad>87</gpxtpx:cad></gpxtpx:TrackPointExtension></extensions></trkpt><trkpt lat="35.94180054" lon="120.20933572"><ele>-27.030000686645508</ele><time>2022-06-03T13:13:50Z</time><extensions><gpxtpx:TrackPointExtension><gpxtpx:hr>175</gpxtpx:hr><gpxtpx:cad>87</gpxtpx:cad></gpxtpx:TrackPointExtension></extensions></trkpt><trkpt lat="35.94180954" lon="120.20931873"><ele>-27.049999237060547</ele><time>2022-06-03T13:13:51Z</time><extensions><gpxtpx:TrackPointExtension><gpxtpx:hr>175</gpxtpx:hr><gpxtpx:cad>87</gpxtpx:cad></gpxtpx:TrackPointExtension></extensions></trkpt><trkpt lat="35.9418172" lon="120.20930373"><ele>-27.06999969482422</ele><time>2022-06-03T13:13:52Z</time><extensions><gpxtpx:TrackPointExtension><gpxtpx:hr>176</gpxtpx:hr><gpxtpx:cad>87</gpxtpx:cad></gpxtpx:TrackPointExtension></extensions></trkpt><trkpt lat="35.9418242" lon="120.2092904"><ele>-27.1200008392334</ele><time>2022-06-03T13:13:53Z</time><extensions><gpxtpx:TrackPointExtension><gpxtpx:hr>176</gpxtpx:hr><gpxtpx:cad>87</gpxtpx:cad></gpxtpx:TrackPointExtension></extensions></trkpt><trkpt lat="35.9418292" lon="120.20928107"><ele>-27.18000030517578</ele><time>2022-06-03T13:13:54Z</time><extensions><gpxtpx:TrackPointExtension><gpxtpx:hr>176</gpxtpx:hr><gpxtpx:cad>87</gpxtpx:cad></gpxtpx:TrackPointExtension></extensions></trkpt><trkpt lat="35.94183319" lon="120.20927341"><ele>-27.200000762939453</ele><time>2022-06-03T13:13:55Z</time><extensions><gpxtpx:TrackPointExtension><gpxtpx:hr>176</gpxtpx:hr><gpxtpx:cad>87</gpxtpx:cad></gpxtpx:TrackPointExtension></extensions></trkpt><trkpt lat="35.94183585" lon="120.20926742"><ele>-27.200000762939453</ele><time>2022-06-03T13:13:56Z</time><extensions><gpxtpx:TrackPointExtension><gpxtpx:hr>176</gpxtpx:hr><gpxtpx:cad>87</gpxtpx:cad></gpxtpx:TrackPointExtension></extensions></trkpt><trkpt lat="35.94183818" lon="120.20926209"><ele>-27.270000457763672</ele><time>2022-06-03T13:13:57Z</time><extensions><gpxtpx:TrackPointExtension><gpxtpx:hr>175</gpxtpx:hr></gpxtpx:TrackPointExtension></extensions></trkpt><trkpt lat="35.94184017" lon="120.20925809"><ele>-27.280000686645508</ele><time>2022-06-03T13:13:58Z</time><extensions><gpxtpx:TrackPointExtension><gpxtpx:hr>175</gpxtpx:hr><gpxtpx:cad>87</gpxtpx:cad></gpxtpx:TrackPointExtension></extensions></trkpt><trkpt lat="35.94184217" lon="120.20925509"><ele>-27.290000915527344</ele><time>2022-06-03T13:13:59Z</time><extensions><gpxtpx:TrackPointExtension><gpxtpx:hr>175</gpxtpx:hr><gpxtpx:cad>87</gpxtpx:cad></gpxtpx:TrackPointExtension></extensions></trkpt><trkpt lat="35.94184417" lon="120.20925276"><ele>-27.309999465942383</ele><time>2022-06-03T13:14:00Z</time><extensions><gpxtpx:TrackPointExtension><gpxtpx:hr>174</gpxtpx:hr><gpxtpx:cad>87</gpxtpx:cad></gpxtpx:TrackPointExtension></extensions></trkpt><trkpt lat="35.94184583" lon="120.20925077"><ele>-27.299999237060547</ele><time>2022-06-03T13:14:01Z</time><extensions><gpxtpx:TrackPointExtension><gpxtpx:hr>174</gpxtpx:hr></gpxtpx:TrackPointExtension></extensions></trkpt><trkpt lat="35.94184683" lon="120.20924911"><ele>-27.299999237060547</ele><time>2022-06-03T13:14:02Z</time><extensions><gpxtpx:TrackPointExtension><gpxtpx:hr>174</gpxtpx:hr></gpxtpx:TrackPointExtension></extensions></trkpt><trkpt lat="35.94184782" lon="120.20924812"><ele>-27.299999237060547</ele><time>2022-06-03T13:14:03Z</time><extensions><gpxtpx:TrackPointExtension><gpxtpx:hr>174</gpxtpx:hr></gpxtpx:TrackPointExtension></extensions></trkpt><trkpt lat="35.94184882" lon="120.20924746"><ele>-27.290000915527344</ele><time>2022-06-03T13:14:04Z</time><extensions><gpxtpx:TrackPointExtension><gpxtpx:hr>174</gpxtpx:hr></gpxtpx:TrackPointExtension></extensions></trkpt><trkpt lat="35.94185081" lon="120.20924713"><ele>-27.280000686645508</ele><time>2022-06-03T13:14:05Z</time><extensions><gpxtpx:TrackPointExtension><gpxtpx:hr>174</gpxtpx:hr></gpxtpx:TrackPointExtension></extensions></trkpt><trkpt lat="35.94185181" lon="120.2092468"><ele>-27.270000457763672</ele><time>2022-06-03T13:14:06Z</time><extensions><gpxtpx:TrackPointExtension><gpxtpx:hr>174</gpxtpx:hr></gpxtpx:TrackPointExtension></extensions></trkpt><trkpt lat="35.94185347" lon="120.20924779"><ele>-27.260000228881836</ele><time>2022-06-03T13:14:07Z</time><extensions><gpxtpx:TrackPointExtension><gpxtpx:hr>173</gpxtpx:hr></gpxtpx:TrackPointExtension></extensions></trkpt><trkpt lat="35.9418548" lon="120.20924845"><ele>-27.260000228881836</ele><time>2022-06-03T13:14:08Z</time><extensions><gpxtpx:TrackPointExtension><gpxtpx:hr>173</gpxtpx:hr></gpxtpx:TrackPointExtension></extensions></trkpt><trkpt lat="35.94185779" lon="120.20924911"><ele>-27.25</ele><time>2022-06-03T13:14:09Z</time><extensions><gpxtpx:TrackPointExtension><gpxtpx:hr>173</gpxtpx:hr></gpxtpx:TrackPointExtension></extensions></trkpt><trkpt lat="35.94186279" lon="120.20924778"><ele>-27.229999542236328</ele><time>2022-06-03T13:14:10Z</time><extensions><gpxtpx:TrackPointExtension><gpxtpx:hr>174</gpxtpx:hr></gpxtpx:TrackPointExtension></extensions></trkpt><trkpt lat="35.94186812" lon="120.20924679"><ele>-27.25</ele><time>2022-06-03T13:14:11Z</time><extensions><gpxtpx:TrackPointExtension><gpxtpx:hr>174</gpxtpx:hr></gpxtpx:TrackPointExtension></extensions></trkpt><trkpt lat="35.94187412" lon="120.20924679"><ele>-27.290000915527344</ele><time>2022-06-03T13:14:12Z</time><extensions><gpxtpx:TrackPointExtension><gpxtpx:hr>174</gpxtpx:hr></gpxtpx:TrackPointExtension></extensions></trkpt><trkpt lat="35.94188145" lon="120.20924712"><ele>-27.309999465942383</ele><time>2022-06-03T13:14:13Z</time><extensions><gpxtpx:TrackPointExtension><gpxtpx:hr>174</gpxtpx:hr></gpxtpx:TrackPointExtension></extensions></trkpt><trkpt lat="35.94188878" lon="120.20924679"><ele>-27.350000381469727</ele><time>2022-06-03T13:14:14Z</time><extensions><gpxtpx:TrackPointExtension><gpxtpx:hr>174</gpxtpx:hr></gpxtpx:TrackPointExtension></extensions></trkpt><trkpt lat="35.94189678" lon="120.20924613"><ele>-27.3700008392334</ele><time>2022-06-03T13:14:15Z</time><extensions><gpxtpx:TrackPointExtension><gpxtpx:hr>174</gpxtpx:hr></gpxtpx:TrackPointExtension></extensions></trkpt><trkpt lat="35.94190477" lon="120.2092448"><ele>-27.360000610351562</ele><time>2022-06-03T13:14:16Z</time><extensions><gpxtpx:TrackPointExtension><gpxtpx:hr>174</gpxtpx:hr></gpxtpx:TrackPointExtension></extensions></trkpt><trkpt lat="35.94191343" lon="120.20924314"><ele>-27.350000381469727</ele><time>2022-06-03T13:14:17Z</time><extensions><gpxtpx:TrackPointExtension><gpxtpx:hr>174</gpxtpx:hr></gpxtpx:TrackPointExtension></extensions></trkpt><trkpt lat="35.94192242" lon="120.20924081"><ele>-27.350000381469727</ele><time>2022-06-03T13:14:18Z</time><extensions><gpxtpx:TrackPointExtension><gpxtpx:hr>174</gpxtpx:hr></gpxtpx:TrackPointExtension></extensions></trkpt><trkpt lat="35.94193141" lon="120.20923948"><ele>-27.360000610351562</ele><time>2022-06-03T13:14:19Z</time><extensions><gpxtpx:TrackPointExtension><gpxtpx:hr>173</gpxtpx:hr></gpxtpx:TrackPointExtension></extensions></trkpt><trkpt lat="35.94194074" lon="120.20923848"><ele>-27.3700008392334</ele><time>2022-06-03T13:14:20Z</time><extensions><gpxtpx:TrackPointExtension><gpxtpx:hr>173</gpxtpx:hr></gpxtpx:TrackPointExtension></extensions></trkpt><trkpt lat="35.9419494" lon="120.20923715"><ele>-27.3700008392334</ele><time>2022-06-03T13:14:21Z</time><extensions><gpxtpx:TrackPointExtension><gpxtpx:hr>173</gpxtpx:hr><gpxtpx:cad>57</gpxtpx:cad></gpxtpx:TrackPointExtension></extensions></trkpt><trkpt lat="35.94195873" lon="120.20923582"><ele>-27.3700008392334</ele><time>2022-06-03T13:14:22Z</time><extensions><gpxtpx:TrackPointExtension><gpxtpx:hr>173</gpxtpx:hr><gpxtpx:cad>57</gpxtpx:cad></gpxtpx:TrackPointExtension></extensions></trkpt><trkpt lat="35.94196872" lon="120.20923516"><ele>-27.3700008392334</ele><time>2022-06-03T13:14:23Z</time><extensions><gpxtpx:TrackPointExtension><gpxtpx:hr>172</gpxtpx:hr><gpxtpx:cad>57</gpxtpx:cad></gpxtpx:TrackPointExtension></extensions></trkpt><trkpt lat="35.94197905" lon="120.2092345"><ele>-27.3700008392334</ele><time>2022-06-03T13:14:24Z</time><extensions><gpxtpx:TrackPointExtension><gpxtpx:hr>172</gpxtpx:hr><gpxtpx:cad>57</gpxtpx:cad></gpxtpx:TrackPointExtension></extensions></trkpt><trkpt lat="35.94198904" lon="120.20923483"><ele>-27.3700008392334</ele><time>2022-06-03T13:14:25Z</time><extensions><gpxtpx:TrackPointExtension><gpxtpx:hr>171</gpxtpx:hr><gpxtpx:cad>57</gpxtpx:cad></gpxtpx:TrackPointExtension></extensions></trkpt><trkpt lat="35.94199937" lon="120.20923417"><ele>-27.3700008392334</ele><time>2022-06-03T13:14:26Z</time><extensions><gpxtpx:TrackPointExtension><gpxtpx:hr>170</gpxtpx:hr><gpxtpx:cad>57</gpxtpx:cad></gpxtpx:TrackPointExtension></extensions></trkpt><trkpt lat="35.9420087" lon="120.20923284"><ele>-27.360000610351562</ele><time>2022-06-03T13:14:27Z</time><extensions><gpxtpx:TrackPointExtension><gpxtpx:hr>170</gpxtpx:hr><gpxtpx:cad>57</gpxtpx:cad></gpxtpx:TrackPointExtension></extensions></trkpt><trkpt lat="35.94201936" lon="120.20923018"><ele>-27.350000381469727</ele><time>2022-06-03T13:14:28Z</time><extensions><gpxtpx:TrackPointExtension><gpxtpx:hr>169</gpxtpx:hr><gpxtpx:cad>57</gpxtpx:cad></gpxtpx:TrackPointExtension></extensions></trkpt><trkpt lat="35.94203102" lon="120.20922752"><ele>-27.34000015258789</ele><time>2022-06-03T13:14:29Z</time><extensions><gpxtpx:TrackPointExtension><gpxtpx:hr>169</gpxtpx:hr><gpxtpx:cad>57</gpxtpx:cad></gpxtpx:TrackPointExtension></extensions></trkpt><trkpt lat="35.94204402" lon="120.20922453"><ele>-27.31999969482422</ele><time>2022-06-03T13:14:30Z</time><extensions><gpxtpx:TrackPointExtension><gpxtpx:hr>169</gpxtpx:hr><gpxtpx:cad>57</gpxtpx:cad></gpxtpx:TrackPointExtension></extensions></trkpt><trkpt lat="35.94205768" lon="120.20922087"><ele>-27.31999969482422</ele><time>2022-06-03T13:14:31Z</time><extensions><gpxtpx:TrackPointExtension><gpxtpx:hr>169</gpxtpx:hr><gpxtpx:cad>57</gpxtpx:cad></gpxtpx:TrackPointExtension></extensions></trkpt><trkpt lat="35.94207367" lon="120.20921688"><ele>-27.309999465942383</ele><time>2022-06-03T13:14:32Z</time><extensions><gpxtpx:TrackPointExtension><gpxtpx:hr>169</gpxtpx:hr><gpxtpx:cad>57</gpxtpx:cad></gpxtpx:TrackPointExtension></extensions></trkpt><trkpt lat="35.94208967" lon="120.20921288"><ele>-27.309999465942383</ele><time>2022-06-03T13:14:33Z</time><extensions><gpxtpx:TrackPointExtension><gpxtpx:hr>170</gpxtpx:hr><gpxtpx:cad>57</gpxtpx:cad></gpxtpx:TrackPointExtension></extensions></trkpt><trkpt lat="35.942106" lon="120.20920822"><ele>-27.290000915527344</ele><time>2022-06-03T13:14:34Z</time><extensions><gpxtpx:TrackPointExtension><gpxtpx:hr>170</gpxtpx:hr><gpxtpx:cad>57</gpxtpx:cad></gpxtpx:TrackPointExtension></extensions></trkpt><trkpt lat="35.94212233" lon="120.20920156"><ele>-27.270000457763672</ele><time>2022-06-03T13:14:35Z</time><extensions><gpxtpx:TrackPointExtension><gpxtpx:hr>171</gpxtpx:hr><gpxtpx:cad>57</gpxtpx:cad></gpxtpx:TrackPointExtension></extensions></trkpt><trkpt lat="35.94213966" lon="120.2091929"><ele>-27.229999542236328</ele><time>2022-06-03T13:14:36Z</time><extensions><gpxtpx:TrackPointExtension><gpxtpx:hr>172</gpxtpx:hr><gpxtpx:cad>57</gpxtpx:cad></gpxtpx:TrackPointExtension></extensions></trkpt><trkpt lat="35.94215765" lon="120.20918424"><ele>-27.209999084472656</ele><time>2022-06-03T13:14:37Z</time><extensions><gpxtpx:TrackPointExtension><gpxtpx:hr>172</gpxtpx:hr><gpxtpx:cad>57</gpxtpx:cad></gpxtpx:TrackPointExtension></extensions></trkpt><trkpt lat="35.94217598" lon="120.20917491"><ele>-27.209999084472656</ele><time>2022-06-03T13:14:38Z</time><extensions><gpxtpx:TrackPointExtension><gpxtpx:hr>172</gpxtpx:hr><gpxtpx:cad>57</gpxtpx:cad></gpxtpx:TrackPointExtension></extensions></trkpt><trkpt lat="35.94219531" lon="120.20916491"><ele>-27.229999542236328</ele><time>2022-06-03T13:14:39Z</time><extensions><gpxtpx:TrackPointExtension><gpxtpx:hr>173</gpxtpx:hr><gpxtpx:cad>57</gpxtpx:cad></gpxtpx:TrackPointExtension></extensions></trkpt><trkpt lat="35.94221464" lon="120.20915525"><ele>-27.290000915527344</ele><time>2022-06-03T13:14:40Z</time><extensions><gpxtpx:TrackPointExtension><gpxtpx:hr>175</gpxtpx:hr><gpxtpx:cad>57</gpxtpx:cad></gpxtpx:TrackPointExtension></extensions></trkpt><trkpt lat="35.94223363" lon="120.20914525"><ele>-27.290000915527344</ele><time>2022-06-03T13:14:41Z</time><extensions><gpxtpx:TrackPointExtension><gpxtpx:hr>175</gpxtpx:hr><gpxtpx:cad>57</gpxtpx:cad></gpxtpx:TrackPointExtension></extensions></trkpt><trkpt lat="35.94225229" lon="120.20913525"><ele>-27.309999465942383</ele><time>2022-06-03T13:14:42Z</time><extensions><gpxtpx:TrackPointExtension><gpxtpx:hr>175</gpxtpx:hr><gpxtpx:cad>57</gpxtpx:cad></gpxtpx:TrackPointExtension></extensions></trkpt><trkpt lat="35.94227162" lon="120.20912525"><ele>-27.309999465942383</ele><time>2022-06-03T13:14:43Z</time><extensions><gpxtpx:TrackPointExtension><gpxtpx:hr>175</gpxtpx:hr><gpxtpx:cad>57</gpxtpx:cad></gpxtpx:TrackPointExtension></extensions></trkpt><trkpt lat="35.94229161" lon="120.20911526"><ele>-27.299999237060547</ele><time>2022-06-03T13:14:44Z</time><extensions><gpxtpx:TrackPointExtension><gpxtpx:hr>175</gpxtpx:hr><gpxtpx:cad>57</gpxtpx:cad></gpxtpx:TrackPointExtension></extensions></trkpt><trkpt lat="35.94230994" lon="120.20910593"><ele>-27.299999237060547</ele><time>2022-06-03T13:14:45Z</time><extensions><gpxtpx:TrackPointExtension><gpxtpx:hr>175</gpxtpx:hr><gpxtpx:cad>57</gpxtpx:cad></gpxtpx:TrackPointExtension></extensions></trkpt><trkpt lat="35.94232794" lon="120.20909593"><ele>-27.270000457763672</ele><time>2022-06-03T13:14:46Z</time><extensions><gpxtpx:TrackPointExtension><gpxtpx:hr>176</gpxtpx:hr><gpxtpx:cad>87</gpxtpx:cad></gpxtpx:TrackPointExtension></extensions></trkpt><trkpt lat="35.94234527" lon="120.20908693"><ele>-27.219999313354492</ele><time>2022-06-03T13:14:47Z</time><extensions><gpxtpx:TrackPointExtension><gpxtpx:hr>176</gpxtpx:hr><gpxtpx:cad>87</gpxtpx:cad></gpxtpx:TrackPointExtension></extensions></trkpt><trkpt lat="35.94236293" lon="120.20907927"><ele>-27.229999542236328</ele><time>2022-06-03T13:14:48Z</time><extensions><gpxtpx:TrackPointExtension><gpxtpx:hr>175</gpxtpx:hr><gpxtpx:cad>87</gpxtpx:cad></gpxtpx:TrackPointExtension></extensions></trkpt><trkpt lat="35.94237992" lon="120.20907061"><ele>-27.270000457763672</ele><time>2022-06-03T13:14:49Z</time><extensions><gpxtpx:TrackPointExtension><gpxtpx:hr>175</gpxtpx:hr><gpxtpx:cad>87</gpxtpx:cad></gpxtpx:TrackPointExtension></extensions></trkpt><trkpt lat="35.94239658" lon="120.20906161"><ele>-27.280000686645508</ele><time>2022-06-03T13:14:50Z</time><extensions><gpxtpx:TrackPointExtension><gpxtpx:hr>175</gpxtpx:hr><gpxtpx:cad>87</gpxtpx:cad></gpxtpx:TrackPointExtension></extensions></trkpt><trkpt lat="35.94241391" lon="120.20905295"><ele>-27.280000686645508</ele><time>2022-06-03T13:14:51Z</time><extensions><gpxtpx:TrackPointExtension><gpxtpx:hr>175</gpxtpx:hr><gpxtpx:cad>88</gpxtpx:cad></gpxtpx:TrackPointExtension></extensions></trkpt><trkpt lat="35.94243157" lon="120.20904329"><ele>-27.280000686645508</ele><time>2022-06-03T13:14:52Z</time><extensions><gpxtpx:TrackPointExtension><gpxtpx:hr>174</gpxtpx:hr><gpxtpx:cad>88</gpxtpx:cad></gpxtpx:TrackPointExtension></extensions></trkpt><trkpt lat="35.94244923" lon="120.20903329"><ele>-27.280000686645508</ele><time>2022-06-03T13:14:53Z</time><extensions><gpxtpx:TrackPointExtension><gpxtpx:hr>174</gpxtpx:hr><gpxtpx:cad>88</gpxtpx:cad></gpxtpx:TrackPointExtension></extensions></trkpt><trkpt lat="35.94246689" lon="120.20902363"><ele>-27.260000228881836</ele><time>2022-06-03T13:14:54Z</time><extensions><gpxtpx:TrackPointExtension><gpxtpx:hr>174</gpxtpx:hr><gpxtpx:cad>88</gpxtpx:cad></gpxtpx:TrackPointExtension></extensions></trkpt><trkpt lat="35.94248522" lon="120.20901497"><ele>-27.260000228881836</ele><time>2022-06-03T13:14:55Z</time><extensions><gpxtpx:TrackPointExtension><gpxtpx:hr>174</gpxtpx:hr><gpxtpx:cad>88</gpxtpx:cad></gpxtpx:TrackPointExtension></extensions></trkpt><trkpt lat="35.94250288" lon="120.20900631"><ele>-27.209999084472656</ele><time>2022-06-03T13:14:56Z</time><extensions><gpxtpx:TrackPointExtension><gpxtpx:hr>173</gpxtpx:hr><gpxtpx:cad>88</gpxtpx:cad></gpxtpx:TrackPointExtension></extensions></trkpt><trkpt lat="35.94252121" lon="120.20899832"><ele>-27.200000762939453</ele><time>2022-06-03T13:14:57Z</time><extensions><gpxtpx:TrackPointExtension><gpxtpx:hr>173</gpxtpx:hr><gpxtpx:cad>88</gpxtpx:cad></gpxtpx:TrackPointExtension></extensions></trkpt><trkpt lat="35.9425392" lon="120.20899066"><ele>-27.18000030517578</ele><time>2022-06-03T13:14:58Z</time><extensions><gpxtpx:TrackPointExtension><gpxtpx:hr>173</gpxtpx:hr><gpxtpx:cad>87</gpxtpx:cad></gpxtpx:TrackPointExtension></extensions></trkpt><trkpt lat="35.94255719" lon="120.20898433"><ele>-27.170000076293945</ele><time>2022-06-03T13:14:59Z</time><extensions><gpxtpx:TrackPointExtension><gpxtpx:hr>174</gpxtpx:hr><gpxtpx:cad>88</gpxtpx:cad></gpxtpx:TrackPointExtension></extensions></trkpt><trkpt lat="35.94257585" lon="120.20897967"><ele>-27.18000030517578</ele><time>2022-06-03T13:15:00Z</time><extensions><gpxtpx:TrackPointExtension><gpxtpx:hr>174</gpxtpx:hr><gpxtpx:cad>88</gpxtpx:cad></gpxtpx:TrackPointExtension></extensions></trkpt><trkpt lat="35.94259518" lon="120.20897501"><ele>-27.200000762939453</ele><time>2022-06-03T13:15:01Z</time><extensions><gpxtpx:TrackPointExtension><gpxtpx:hr>175</gpxtpx:hr><gpxtpx:cad>88</gpxtpx:cad></gpxtpx:TrackPointExtension></extensions></trkpt><trkpt lat="35.94261484" lon="120.20896968"><ele>-27.229999542236328</ele><time>2022-06-03T13:15:02Z</time><extensions><gpxtpx:TrackPointExtension><gpxtpx:hr>176</gpxtpx:hr><gpxtpx:cad>88</gpxtpx:cad></gpxtpx:TrackPointExtension></extensions></trkpt><trkpt lat="35.94263483" lon="120.20896268"><ele>-27.270000457763672</ele><time>2022-06-03T13:15:03Z</time><extensions><gpxtpx:TrackPointExtension><gpxtpx:hr>175</gpxtpx:hr><gpxtpx:cad>88</gpxtpx:cad></gpxtpx:TrackPointExtension></extensions></trkpt><trkpt lat="35.94265449" lon="120.20895635"><ele>-27.299999237060547</ele><time>2022-06-03T13:15:04Z</time><extensions><gpxtpx:TrackPointExtension><gpxtpx:hr>175</gpxtpx:hr><gpxtpx:cad>88</gpxtpx:cad></gpxtpx:TrackPointExtension></extensions></trkpt><trkpt lat="35.94267349" lon="120.20895002"><ele>-27.31999969482422</ele><time>2022-06-03T13:15:05Z</time><extensions><gpxtpx:TrackPointExtension><gpxtpx:hr>174</gpxtpx:hr><gpxtpx:cad>88</gpxtpx:cad></gpxtpx:TrackPointExtension></extensions></trkpt><trkpt lat="35.94269382" lon="120.20894436"><ele>-27.350000381469727</ele><time>2022-06-03T13:15:06Z</time><extensions><gpxtpx:TrackPointExtension><gpxtpx:hr>174</gpxtpx:hr><gpxtpx:cad>88</gpxtpx:cad></gpxtpx:TrackPointExtension></extensions></trkpt><trkpt lat="35.94271481" lon="120.2089377"><ele>-27.3700008392334</ele><time>2022-06-03T13:15:07Z</time><extensions><gpxtpx:TrackPointExtension><gpxtpx:hr>174</gpxtpx:hr><gpxtpx:cad>88</gpxtpx:cad></gpxtpx:TrackPointExtension></extensions></trkpt><trkpt lat="35.94273581" lon="120.20893137"><ele>-27.3799991607666</ele><time>2022-06-03T13:15:08Z</time><extensions><gpxtpx:TrackPointExtension><gpxtpx:hr>173</gpxtpx:hr><gpxtpx:cad>88</gpxtpx:cad></gpxtpx:TrackPointExtension></extensions></trkpt><trkpt lat="35.94275781" lon="120.20892438"><ele>-27.389999389648438</ele><time>2022-06-03T13:15:09Z</time><extensions><gpxtpx:TrackPointExtension><gpxtpx:hr>173</gpxtpx:hr><gpxtpx:cad>88</gpxtpx:cad></gpxtpx:TrackPointExtension></extensions></trkpt><trkpt lat="35.94277947" lon="120.20891805"><ele>-27.399999618530273</ele><time>2022-06-03T13:15:10Z</time><extensions><gpxtpx:TrackPointExtension><gpxtpx:hr>173</gpxtpx:hr><gpxtpx:cad>88</gpxtpx:cad></gpxtpx:TrackPointExtension></extensions></trkpt><trkpt lat="35.9428018" lon="120.20891172"><ele>-27.399999618530273</ele><time>2022-06-03T13:15:11Z</time><extensions><gpxtpx:TrackPointExtension><gpxtpx:hr>173</gpxtpx:hr><gpxtpx:cad>88</gpxtpx:cad></gpxtpx:TrackPointExtension></extensions></trkpt><trkpt lat="35.94282446" lon="120.20890672"><ele>-27.43000030517578</ele><time>2022-06-03T13:15:12Z</time><extensions><gpxtpx:TrackPointExtension><gpxtpx:hr>173</gpxtpx:hr><gpxtpx:cad>88</gpxtpx:cad></gpxtpx:TrackPointExtension></extensions></trkpt><trkpt lat="35.94284546" lon="120.20890239"><ele>-27.420000076293945</ele><time>2022-06-03T13:15:13Z</time><extensions><gpxtpx:TrackPointExtension><gpxtpx:hr>173</gpxtpx:hr><gpxtpx:cad>88</gpxtpx:cad></gpxtpx:TrackPointExtension></extensions></trkpt><trkpt lat="35.94286645" lon="120.20889839"><ele>-27.389999389648438</ele><time>2022-06-03T13:15:14Z</time><extensions><gpxtpx:TrackPointExtension><gpxtpx:hr>173</gpxtpx:hr><gpxtpx:cad>88</gpxtpx:cad></gpxtpx:TrackPointExtension></extensions></trkpt><trkpt lat="35.94288778" lon="120.20889506"><ele>-27.3700008392334</ele><time>2022-06-03T13:15:15Z</time><extensions><gpxtpx:TrackPointExtension><gpxtpx:hr>173</gpxtpx:hr><gpxtpx:cad>88</gpxtpx:cad></gpxtpx:TrackPointExtension></extensions></trkpt><trkpt lat="35.94290877" lon="120.20889307"><ele>-27.360000610351562</ele><time>2022-06-03T13:15:16Z</time><extensions><gpxtpx:TrackPointExtension><gpxtpx:hr>173</gpxtpx:hr><gpxtpx:cad>89</gpxtpx:cad></gpxtpx:TrackPointExtension></extensions></trkpt><trkpt lat="35.9429301" lon="120.20889108"><ele>-27.31999969482422</ele><time>2022-06-03T13:15:17Z</time><extensions><gpxtpx:TrackPointExtension><gpxtpx:hr>173</gpxtpx:hr><gpxtpx:cad>87</gpxtpx:cad></gpxtpx:TrackPointExtension></extensions></trkpt><trkpt lat="35.94295109" lon="120.20888908"><ele>-27.290000915527344</ele><time>2022-06-03T13:15:18Z</time><extensions><gpxtpx:TrackPointExtension><gpxtpx:hr>173</gpxtpx:hr><gpxtpx:cad>88</gpxtpx:cad></gpxtpx:TrackPointExtension></extensions></trkpt><trkpt lat="35.94297242" lon="120.20888775"><ele>-27.280000686645508</ele><time>2022-06-03T13:15:19Z</time><extensions><gpxtpx:TrackPointExtension><gpxtpx:hr>172</gpxtpx:hr><gpxtpx:cad>88</gpxtpx:cad></gpxtpx:TrackPointExtension></extensions></trkpt><trkpt lat="35.94299442" lon="120.20888576"><ele>-27.25</ele><time>2022-06-03T13:15:20Z</time><extensions><gpxtpx:TrackPointExtension><gpxtpx:hr>170</gpxtpx:hr><gpxtpx:cad>89</gpxtpx:cad></gpxtpx:TrackPointExtension></extensions></trkpt><trkpt lat="35.94301675" lon="120.20888343"><ele>-27.219999313354492</ele><time>2022-06-03T13:15:21Z</time><extensions><gpxtpx:TrackPointExtension><gpxtpx:hr>170</gpxtpx:hr><gpxtpx:cad>89</gpxtpx:cad></gpxtpx:TrackPointExtension></extensions></trkpt><trkpt lat="35.94303941" lon="120.20888144"><ele>-27.270000457763672</ele><time>2022-06-03T13:15:22Z</time><extensions><gpxtpx:TrackPointExtension><gpxtpx:hr>170</gpxtpx:hr><gpxtpx:cad>88</gpxtpx:cad></gpxtpx:TrackPointExtension></extensions></trkpt><trkpt lat="35.9430624" lon="120.20887978"><ele>-27.309999465942383</ele><time>2022-06-03T13:15:23Z</time><extensions><gpxtpx:TrackPointExtension><gpxtpx:hr>171</gpxtpx:hr><gpxtpx:cad>88</gpxtpx:cad></gpxtpx:TrackPointExtension></extensions></trkpt><trkpt lat="35.94308306" lon="120.20887945"><ele>-27.34000015258789</ele><time>2022-06-03T13:15:24Z</time><extensions><gpxtpx:TrackPointExtension><gpxtpx:hr>172</gpxtpx:hr><gpxtpx:cad>88</gpxtpx:cad></gpxtpx:TrackPointExtension></extensions></trkpt><trkpt lat="35.94310206" lon="120.20887912"><ele>-27.3700008392334</ele><time>2022-06-03T13:15:25Z</time><extensions><gpxtpx:TrackPointExtension><gpxtpx:hr>172</gpxtpx:hr><gpxtpx:cad>88</gpxtpx:cad></gpxtpx:TrackPointExtension></extensions></trkpt><trkpt lat="35.94311905" lon="120.20887846"><ele>-27.3700008392334</ele><time>2022-06-03T13:15:26Z</time><extensions><gpxtpx:TrackPointExtension><gpxtpx:hr>172</gpxtpx:hr><gpxtpx:cad>88</gpxtpx:cad></gpxtpx:TrackPointExtension></extensions></trkpt><trkpt lat="35.94313505" lon="120.20887747"><ele>-27.389999389648438</ele><time>2022-06-03T13:15:27Z</time><extensions><gpxtpx:TrackPointExtension><gpxtpx:hr>172</gpxtpx:hr><gpxtpx:cad>88</gpxtpx:cad></gpxtpx:TrackPointExtension></extensions></trkpt><trkpt lat="35.94315004" lon="120.20887681"><ele>-27.399999618530273</ele><time>2022-06-03T13:15:28Z</time><extensions><gpxtpx:TrackPointExtension><gpxtpx:hr>172</gpxtpx:hr><gpxtpx:cad>88</gpxtpx:cad></gpxtpx:TrackPointExtension></extensions></trkpt><trkpt lat="35.94316503" lon="120.20887615"><ele>-27.420000076293945</ele><time>2022-06-03T13:15:29Z</time><extensions><gpxtpx:TrackPointExtension><gpxtpx:hr>172</gpxtpx:hr><gpxtpx:cad>88</gpxtpx:cad></gpxtpx:TrackPointExtension></extensions></trkpt><trkpt lat="35.94318003" lon="120.20887516"><ele>-27.389999389648438</ele><time>2022-06-03T13:15:30Z</time><extensions><gpxtpx:TrackPointExtension><gpxtpx:hr>173</gpxtpx:hr><gpxtpx:cad>88</gpxtpx:cad></gpxtpx:TrackPointExtension></extensions></trkpt><trkpt lat="35.94319436" lon="120.20887483"><ele>-27.3700008392334</ele><time>2022-06-03T13:15:31Z</time><extensions><gpxtpx:TrackPointExtension><gpxtpx:hr>173</gpxtpx:hr><gpxtpx:cad>88</gpxtpx:cad></gpxtpx:TrackPointExtension></extensions></trkpt><trkpt lat="35.94320669" lon="120.20887283"><ele>-27.3700008392334</ele><time>2022-06-03T13:15:32Z</time><extensions><gpxtpx:TrackPointExtension><gpxtpx:hr>173</gpxtpx:hr><gpxtpx:cad>88</gpxtpx:cad></gpxtpx:TrackPointExtension></extensions></trkpt><trkpt lat="35.94321635" lon="120.20887084"><ele>-27.360000610351562</ele><time>2022-06-03T13:15:33Z</time><extensions><gpxtpx:TrackPointExtension><gpxtpx:hr>173</gpxtpx:hr><gpxtpx:cad>88</gpxtpx:cad></gpxtpx:TrackPointExtension></extensions></trkpt><trkpt lat="35.94322268" lon="120.20887018"><ele>-27.350000381469727</ele><time>2022-06-03T13:15:34Z</time><extensions><gpxtpx:TrackPointExtension><gpxtpx:hr>174</gpxtpx:hr><gpxtpx:cad>88</gpxtpx:cad></gpxtpx:TrackPointExtension></extensions></trkpt><trkpt lat="35.94322701" lon="120.20886919"><ele>-27.360000610351562</ele><time>2022-06-03T13:15:35Z</time><extensions><gpxtpx:TrackPointExtension><gpxtpx:hr>174</gpxtpx:hr><gpxtpx:cad>88</gpxtpx:cad></gpxtpx:TrackPointExtension></extensions></trkpt><trkpt lat="35.94322934" lon="120.20886853"><ele>-27.360000610351562</ele><time>2022-06-03T13:15:36Z</time><extensions><gpxtpx:TrackPointExtension><gpxtpx:hr>174</gpxtpx:hr><gpxtpx:cad>88</gpxtpx:cad></gpxtpx:TrackPointExtension></extensions></trkpt><trkpt lat="35.943231" lon="120.20886787"><ele>-27.3700008392334</ele><time>2022-06-03T13:15:37Z</time><extensions><gpxtpx:TrackPointExtension><gpxtpx:hr>174</gpxtpx:hr><gpxtpx:cad>88</gpxtpx:cad></gpxtpx:TrackPointExtension></extensions></trkpt><trkpt lat="35.94323199" lon="120.20886754"><ele>-27.360000610351562</ele><time>2022-06-03T13:15:38Z</time><extensions><gpxtpx:TrackPointExtension><gpxtpx:hr>174</gpxtpx:hr><gpxtpx:cad>88</gpxtpx:cad></gpxtpx:TrackPointExtension></extensions></trkpt><trkpt lat="35.94323199" lon="120.20886754"><ele>-27.350000381469727</ele><time>2022-06-03T13:15:39Z</time><extensions><gpxtpx:TrackPointExtension><gpxtpx:hr>173</gpxtpx:hr><gpxtpx:cad>88</gpxtpx:cad></gpxtpx:TrackPointExtension></extensions></trkpt><trkpt lat="35.94323199" lon="120.20886721"><ele>-27.34000015258789</ele><time>2022-06-03T13:15:40Z</time><extensions><gpxtpx:TrackPointExtension><gpxtpx:hr>173</gpxtpx:hr><gpxtpx:cad>88</gpxtpx:cad></gpxtpx:TrackPointExtension></extensions></trkpt><trkpt lat="35.94323166" lon="120.20886655"><ele>-27.31999969482422</ele><time>2022-06-03T13:15:41Z</time><extensions><gpxtpx:TrackPointExtension><gpxtpx:hr>133</gpxtpx:hr><gpxtpx:cad>88</gpxtpx:cad></gpxtpx:TrackPointExtension></extensions></trkpt><trkpt lat="35.94323133" lon="120.20886522"><ele>-27.31999969482422</ele><time>2022-06-03T13:15:42Z</time><extensions><gpxtpx:TrackPointExtension><gpxtpx:hr>133</gpxtpx:hr><gpxtpx:cad>88</gpxtpx:cad></gpxtpx:TrackPointExtension></extensions></trkpt><trkpt lat="35.94323166" lon="120.20886423"><ele>-27.309999465942383</ele><time>2022-06-03T13:15:43Z</time><extensions><gpxtpx:TrackPointExtension><gpxtpx:hr>133</gpxtpx:hr></gpxtpx:TrackPointExtension></extensions></trkpt><trkpt lat="35.94323166" lon="120.2088639"><ele>-27.309999465942383</ele><time>2022-06-03T13:15:44Z</time><extensions><gpxtpx:TrackPointExtension><gpxtpx:hr>133</gpxtpx:hr></gpxtpx:TrackPointExtension></extensions></trkpt><trkpt lat="35.94323133" lon="120.2088639"><ele>-27.309999465942383</ele><time>2022-06-03T13:15:45Z</time><extensions><gpxtpx:TrackPointExtension><gpxtpx:hr>133</gpxtpx:hr></gpxtpx:TrackPointExtension></extensions></trkpt><trkpt lat="35.94323133" lon="120.2088639"><ele>-27.299999237060547</ele><time>2022-06-03T13:15:46Z</time><extensions><gpxtpx:TrackPointExtension><gpxtpx:hr>133</gpxtpx:hr></gpxtpx:TrackPointExtension></extensions></trkpt><trkpt lat="35.94323034" lon="120.2088639"><ele>-27.299999237060547</ele><time>2022-06-03T13:15:47Z</time><extensions><gpxtpx:TrackPointExtension><gpxtpx:hr>133</gpxtpx:hr></gpxtpx:TrackPointExtension></extensions></trkpt><trkpt lat="35.94323001" lon="120.20886257"><ele>-27.299999237060547</ele><time>2022-06-03T13:15:48Z</time><extensions><gpxtpx:TrackPointExtension><gpxtpx:hr>134</gpxtpx:hr></gpxtpx:TrackPointExtension></extensions></trkpt><trkpt lat="35.94322902" lon="120.20886124"><ele>-27.309999465942383</ele><time>2022-06-03T13:15:49Z</time><extensions><gpxtpx:TrackPointExtension><gpxtpx:hr>135</gpxtpx:hr></gpxtpx:TrackPointExtension></extensions></trkpt><trkpt lat="35.94322836" lon="120.20885991"><ele>-27.309999465942383</ele><time>2022-06-03T13:15:50Z</time><extensions><gpxtpx:TrackPointExtension><gpxtpx:hr>135</gpxtpx:hr></gpxtpx:TrackPointExtension></extensions></trkpt><trkpt lat="35.94322803" lon="120.20885792"><ele>-27.309999465942383</ele><time>2022-06-03T13:15:51Z</time><extensions><gpxtpx:TrackPointExtension><gpxtpx:hr>136</gpxtpx:hr></gpxtpx:TrackPointExtension></extensions></trkpt><trkpt lat="35.9432277" lon="120.20885659"><ele>-27.299999237060547</ele><time>2022-06-03T13:15:52Z</time><extensions><gpxtpx:TrackPointExtension><gpxtpx:hr>137</gpxtpx:hr></gpxtpx:TrackPointExtension></extensions></trkpt><trkpt lat="35.9432277" lon="120.2088556"><ele>-27.299999237060547</ele><time>2022-06-03T13:15:53Z</time><extensions><gpxtpx:TrackPointExtension><gpxtpx:hr>138</gpxtpx:hr></gpxtpx:TrackPointExtension></extensions></trkpt><trkpt lat="35.94322737" lon="120.20885427"><ele>-27.299999237060547</ele><time>2022-06-03T13:15:54Z</time><extensions><gpxtpx:TrackPointExtension><gpxtpx:hr>139</gpxtpx:hr></gpxtpx:TrackPointExtension></extensions></trkpt><trkpt lat="35.94322737" lon="120.20885294"><ele>-27.299999237060547</ele><time>2022-06-03T13:15:55Z</time><extensions><gpxtpx:TrackPointExtension><gpxtpx:hr>139</gpxtpx:hr></gpxtpx:TrackPointExtension></extensions></trkpt><trkpt lat="35.9432277" lon="120.20885228"><ele>-27.309999465942383</ele><time>2022-06-03T13:15:56Z</time><extensions><gpxtpx:TrackPointExtension><gpxtpx:hr>139</gpxtpx:hr></gpxtpx:TrackPointExtension></extensions></trkpt><trkpt lat="35.94322803" lon="120.20885095"><ele>-27.31999969482422</ele><time>2022-06-03T13:15:57Z</time><extensions><gpxtpx:TrackPointExtension><gpxtpx:hr>139</gpxtpx:hr></gpxtpx:TrackPointExtension></extensions></trkpt><trkpt lat="35.94322836" lon="120.20885029"><ele>-27.34000015258789</ele><time>2022-06-03T13:15:58Z</time><extensions><gpxtpx:TrackPointExtension><gpxtpx:hr>139</gpxtpx:hr></gpxtpx:TrackPointExtension></extensions></trkpt><trkpt lat="35.94322869" lon="120.2088493"><ele>-27.350000381469727</ele><time>2022-06-03T13:15:59Z</time><extensions><gpxtpx:TrackPointExtension><gpxtpx:hr>139</gpxtpx:hr></gpxtpx:TrackPointExtension></extensions></trkpt><trkpt lat="35.94322935" lon="120.20884797"><ele>-27.34000015258789</ele><time>2022-06-03T13:16:00Z</time><extensions><gpxtpx:TrackPointExtension><gpxtpx:hr>138</gpxtpx:hr></gpxtpx:TrackPointExtension></extensions></trkpt><trkpt lat="35.94322968" lon="120.20884764"><ele>-27.31999969482422</ele><time>2022-06-03T13:16:01Z</time><extensions><gpxtpx:TrackPointExtension><gpxtpx:hr>137</gpxtpx:hr></gpxtpx:TrackPointExtension></extensions></trkpt><trkpt lat="35.94323001" lon="120.20884698"><ele>-27.31999969482422</ele><time>2022-06-03T13:16:02Z</time><extensions><gpxtpx:TrackPointExtension><gpxtpx:hr>137</gpxtpx:hr></gpxtpx:TrackPointExtension></extensions></trkpt><trkpt lat="35.94323134" lon="120.20884698"><ele>-27.309999465942383</ele><time>2022-06-03T13:16:03Z</time><extensions><gpxtpx:TrackPointExtension><gpxtpx:hr>136</gpxtpx:hr></gpxtpx:TrackPointExtension></extensions></trkpt><trkpt lat="35.94323334" lon="120.20884698"><ele>-27.309999465942383</ele><time>2022-06-03T13:16:04Z</time><extensions><gpxtpx:TrackPointExtension><gpxtpx:hr>135</gpxtpx:hr></gpxtpx:TrackPointExtension></extensions></trkpt><trkpt lat="35.943238" lon="120.20884698"><ele>-27.309999465942383</ele><time>2022-06-03T13:16:05Z</time><extensions><gpxtpx:TrackPointExtension><gpxtpx:hr>135</gpxtpx:hr></gpxtpx:TrackPointExtension></extensions></trkpt><trkpt lat="35.94324333" lon="120.20884698"><ele>-27.309999465942383</ele><time>2022-06-03T13:16:06Z</time><extensions><gpxtpx:TrackPointExtension><gpxtpx:hr>135</gpxtpx:hr></gpxtpx:TrackPointExtension></extensions></trkpt><trkpt lat="35.94324999" lon="120.20884665"><ele>-27.299999237060547</ele><time>2022-06-03T13:16:07Z</time><extensions><gpxtpx:TrackPointExtension><gpxtpx:hr>134</gpxtpx:hr></gpxtpx:TrackPointExtension></extensions></trkpt><trkpt lat="35.94325798" lon="120.20884499"><ele>-27.299999237060547</ele><time>2022-06-03T13:16:08Z</time><extensions><gpxtpx:TrackPointExtension><gpxtpx:hr>134</gpxtpx:hr></gpxtpx:TrackPointExtension></extensions></trkpt><trkpt lat="35.94326631" lon="120.208844"><ele>-27.299999237060547</ele><time>2022-06-03T13:16:09Z</time><extensions><gpxtpx:TrackPointExtension><gpxtpx:hr>133</gpxtpx:hr></gpxtpx:TrackPointExtension></extensions></trkpt><trkpt lat="35.94327497" lon="120.20884301"><ele>-27.299999237060547</ele><time>2022-06-03T13:16:10Z</time><extensions><gpxtpx:TrackPointExtension><gpxtpx:hr>131</gpxtpx:hr></gpxtpx:TrackPointExtension></extensions></trkpt><trkpt lat="35.9432863" lon="120.20884168"><ele>-27.299999237060547</ele><time>2022-06-03T13:16:11Z</time><extensions><gpxtpx:TrackPointExtension><gpxtpx:hr>129</gpxtpx:hr></gpxtpx:TrackPointExtension></extensions></trkpt><trkpt lat="35.94329796" lon="120.20883935"><ele>-27.299999237060547</ele><time>2022-06-03T13:16:12Z</time><extensions><gpxtpx:TrackPointExtension><gpxtpx:hr>128</gpxtpx:hr><gpxtpx:cad>60</gpxtpx:cad></gpxtpx:TrackPointExtension></extensions></trkpt><trkpt lat="35.94330929" lon="120.20883602"><ele>-27.309999465942383</ele><time>2022-06-03T13:16:13Z</time><extensions><gpxtpx:TrackPointExtension><gpxtpx:hr>128</gpxtpx:hr><gpxtpx:cad>59</gpxtpx:cad></gpxtpx:TrackPointExtension></extensions></trkpt><trkpt lat="35.94332029" lon="120.20883136"><ele>-27.31999969482422</ele><time>2022-06-03T13:16:14Z</time><extensions><gpxtpx:TrackPointExtension><gpxtpx:hr>128</gpxtpx:hr><gpxtpx:cad>59</gpxtpx:cad></gpxtpx:TrackPointExtension></extensions></trkpt><trkpt lat="35.94333062" lon="120.20882736"><ele>-27.360000610351562</ele><time>2022-06-03T13:16:15Z</time><extensions><gpxtpx:TrackPointExtension><gpxtpx:hr>128</gpxtpx:hr><gpxtpx:cad>59</gpxtpx:cad></gpxtpx:TrackPointExtension></extensions></trkpt><trkpt lat="35.94334162" lon="120.2088227"><ele>-27.3700008392334</ele><time>2022-06-03T13:16:16Z</time><extensions><gpxtpx:TrackPointExtension><gpxtpx:hr>128</gpxtpx:hr><gpxtpx:cad>60</gpxtpx:cad></gpxtpx:TrackPointExtension></extensions></trkpt><trkpt lat="35.94335295" lon="120.20881871"><ele>-27.3799991607666</ele><time>2022-06-03T13:16:17Z</time><extensions><gpxtpx:TrackPointExtension><gpxtpx:hr>127</gpxtpx:hr><gpxtpx:cad>60</gpxtpx:cad></gpxtpx:TrackPointExtension></extensions></trkpt><trkpt lat="35.94336361" lon="120.20881438"><ele>-27.3799991607666</ele><time>2022-06-03T13:16:18Z</time><extensions><gpxtpx:TrackPointExtension><gpxtpx:hr>125</gpxtpx:hr><gpxtpx:cad>59</gpxtpx:cad></gpxtpx:TrackPointExtension></extensions></trkpt><trkpt lat="35.94337394" lon="120.20881005"><ele>-27.3799991607666</ele><time>2022-06-03T13:16:19Z</time><extensions><gpxtpx:TrackPointExtension><gpxtpx:hr>124</gpxtpx:hr><gpxtpx:cad>59</gpxtpx:cad></gpxtpx:TrackPointExtension></extensions></trkpt><trkpt lat="35.94338494" lon="120.20880505"><ele>-27.3799991607666</ele><time>2022-06-03T13:16:20Z</time><extensions><gpxtpx:TrackPointExtension><gpxtpx:hr>124</gpxtpx:hr><gpxtpx:cad>59</gpxtpx:cad></gpxtpx:TrackPointExtension></extensions></trkpt><trkpt lat="35.9433966" lon="120.20880106"><ele>-27.389999389648438</ele><time>2022-06-03T13:16:21Z</time><extensions><gpxtpx:TrackPointExtension><gpxtpx:hr>123</gpxtpx:hr><gpxtpx:cad>59</gpxtpx:cad></gpxtpx:TrackPointExtension></extensions></trkpt><trkpt lat="35.94340826" lon="120.20879606"><ele>-27.399999618530273</ele><time>2022-06-03T13:16:22Z</time><extensions><gpxtpx:TrackPointExtension><gpxtpx:hr>122</gpxtpx:hr><gpxtpx:cad>59</gpxtpx:cad></gpxtpx:TrackPointExtension></extensions></trkpt><trkpt lat="35.94342125" lon="120.20878973"><ele>-27.420000076293945</ele><time>2022-06-03T13:16:23Z</time><extensions><gpxtpx:TrackPointExtension><gpxtpx:hr>121</gpxtpx:hr><gpxtpx:cad>59</gpxtpx:cad></gpxtpx:TrackPointExtension></extensions></trkpt><trkpt lat="35.94343291" lon="120.20878407"><ele>-27.43000030517578</ele><time>2022-06-03T13:16:24Z</time><extensions><gpxtpx:TrackPointExtension><gpxtpx:hr>121</gpxtpx:hr><gpxtpx:cad>59</gpxtpx:cad></gpxtpx:TrackPointExtension></extensions></trkpt><trkpt lat="35.94344424" lon="120.20877841"><ele>-27.440000534057617</ele><time>2022-06-03T13:16:25Z</time><extensions><gpxtpx:TrackPointExtension><gpxtpx:hr>121</gpxtpx:hr><gpxtpx:cad>59</gpxtpx:cad></gpxtpx:TrackPointExtension></extensions></trkpt><trkpt lat="35.94345524" lon="120.20877308"><ele>-27.440000534057617</ele><time>2022-06-03T13:16:26Z</time><extensions><gpxtpx:TrackPointExtension><gpxtpx:hr>121</gpxtpx:hr><gpxtpx:cad>59</gpxtpx:cad></gpxtpx:TrackPointExtension></extensions></trkpt><trkpt lat="35.94346623" lon="120.20876842"><ele>-27.450000762939453</ele><time>2022-06-03T13:16:27Z</time><extensions><gpxtpx:TrackPointExtension><gpxtpx:hr>120</gpxtpx:hr><gpxtpx:cad>59</gpxtpx:cad></gpxtpx:TrackPointExtension></extensions></trkpt><trkpt lat="35.94347823" lon="120.20876409"><ele>-27.450000762939453</ele><time>2022-06-03T13:16:28Z</time><extensions><gpxtpx:TrackPointExtension><gpxtpx:hr>120</gpxtpx:hr><gpxtpx:cad>58</gpxtpx:cad></gpxtpx:TrackPointExtension></extensions></trkpt><trkpt lat="35.94349056" lon="120.20875909"><ele>-27.450000762939453</ele><time>2022-06-03T13:16:29Z</time><extensions><gpxtpx:TrackPointExtension><gpxtpx:hr>119</gpxtpx:hr><gpxtpx:cad>59</gpxtpx:cad></gpxtpx:TrackPointExtension></extensions></trkpt><trkpt lat="35.94350189" lon="120.20875476"><ele>-27.450000762939453</ele><time>2022-06-03T13:16:30Z</time><extensions><gpxtpx:TrackPointExtension><gpxtpx:hr>119</gpxtpx:hr><gpxtpx:cad>59</gpxtpx:cad></gpxtpx:TrackPointExtension></extensions></trkpt><trkpt lat="35.94351355" lon="120.20875077"><ele>-27.450000762939453</ele><time>2022-06-03T13:16:31Z</time><extensions><gpxtpx:TrackPointExtension><gpxtpx:hr>119</gpxtpx:hr><gpxtpx:cad>59</gpxtpx:cad></gpxtpx:TrackPointExtension></extensions></trkpt><trkpt lat="35.94352621" lon="120.20874644"><ele>-27.459999084472656</ele><time>2022-06-03T13:16:32Z</time><extensions><gpxtpx:TrackPointExtension><gpxtpx:hr>119</gpxtpx:hr><gpxtpx:cad>59</gpxtpx:cad></gpxtpx:TrackPointExtension></extensions></trkpt><trkpt lat="35.94353854" lon="120.20874211"><ele>-27.479999542236328</ele><time>2022-06-03T13:16:33Z</time><extensions><gpxtpx:TrackPointExtension><gpxtpx:hr>120</gpxtpx:hr><gpxtpx:cad>59</gpxtpx:cad></gpxtpx:TrackPointExtension></extensions></trkpt><trkpt lat="35.94355287" lon="120.20873745"><ele>-27.5</ele><time>2022-06-03T13:16:34Z</time><extensions><gpxtpx:TrackPointExtension><gpxtpx:hr>120</gpxtpx:hr><gpxtpx:cad>59</gpxtpx:cad></gpxtpx:TrackPointExtension></extensions></trkpt><trkpt lat="35.94357053" lon="120.20873179"><ele>-27.510000228881836</ele><time>2022-06-03T13:16:35Z</time><extensions><gpxtpx:TrackPointExtension><gpxtpx:hr>120</gpxtpx:hr><gpxtpx:cad>59</gpxtpx:cad></gpxtpx:TrackPointExtension></extensions></trkpt><trkpt lat="35.94358986" lon="120.20872546"><ele>-27.5</ele><time>2022-06-03T13:16:36Z</time><extensions><gpxtpx:TrackPointExtension><gpxtpx:hr>121</gpxtpx:hr><gpxtpx:cad>59</gpxtpx:cad></gpxtpx:TrackPointExtension></extensions></trkpt><trkpt lat="35.94360986" lon="120.20872013"><ele>-27.43000030517578</ele><time>2022-06-03T13:16:37Z</time><extensions><gpxtpx:TrackPointExtension><gpxtpx:hr>121</gpxtpx:hr><gpxtpx:cad>59</gpxtpx:cad></gpxtpx:TrackPointExtension></extensions></trkpt><trkpt lat="35.94363085" lon="120.20871547"><ele>-27.3700008392334</ele><time>2022-06-03T13:16:38Z</time><extensions><gpxtpx:TrackPointExtension><gpxtpx:hr>121</gpxtpx:hr><gpxtpx:cad>59</gpxtpx:cad></gpxtpx:TrackPointExtension></extensions></trkpt><trkpt lat="35.94365251" lon="120.20871081"><ele>-27.299999237060547</ele><time>2022-06-03T13:16:39Z</time><extensions><gpxtpx:TrackPointExtension><gpxtpx:hr>118</gpxtpx:hr><gpxtpx:cad>59</gpxtpx:cad></gpxtpx:TrackPointExtension></extensions></trkpt><trkpt lat="35.94367484" lon="120.20870815"><ele>-27.270000457763672</ele><time>2022-06-03T13:16:40Z</time><extensions><gpxtpx:TrackPointExtension><gpxtpx:hr>115</gpxtpx:hr><gpxtpx:cad>59</gpxtpx:cad></gpxtpx:TrackPointExtension></extensions></trkpt><trkpt lat="35.94369683" lon="120.20870682"><ele>-27.219999313354492</ele><time>2022-06-03T13:16:41Z</time><extensions><gpxtpx:TrackPointExtension><gpxtpx:hr>114</gpxtpx:hr><gpxtpx:cad>59</gpxtpx:cad></gpxtpx:TrackPointExtension></extensions></trkpt><trkpt lat="35.94371883" lon="120.20870649"><ele>-27.200000762939453</ele><time>2022-06-03T13:16:42Z</time><extensions><gpxtpx:TrackPointExtension><gpxtpx:hr>114</gpxtpx:hr><gpxtpx:cad>59</gpxtpx:cad></gpxtpx:TrackPointExtension></extensions></trkpt><trkpt lat="35.94374116" lon="120.20870815"><ele>-27.18000030517578</ele><time>2022-06-03T13:16:43Z</time><extensions><gpxtpx:TrackPointExtension><gpxtpx:hr>113</gpxtpx:hr><gpxtpx:cad>59</gpxtpx:cad></gpxtpx:TrackPointExtension></extensions></trkpt><trkpt lat="35.94376349" lon="120.20871115"><ele>-27.190000534057617</ele><time>2022-06-03T13:16:44Z</time><extensions><gpxtpx:TrackPointExtension><gpxtpx:hr>113</gpxtpx:hr><gpxtpx:cad>88</gpxtpx:cad></gpxtpx:TrackPointExtension></extensions></trkpt><trkpt lat="35.94378482" lon="120.20871481"><ele>-27.25</ele><time>2022-06-03T13:16:45Z</time><extensions><gpxtpx:TrackPointExtension><gpxtpx:hr>116</gpxtpx:hr><gpxtpx:cad>88</gpxtpx:cad></gpxtpx:TrackPointExtension></extensions></trkpt><trkpt lat="35.94380581" lon="120.20871947"><ele>-27.229999542236328</ele><time>2022-06-03T13:16:46Z</time><extensions><gpxtpx:TrackPointExtension><gpxtpx:hr>119</gpxtpx:hr><gpxtpx:cad>88</gpxtpx:cad></gpxtpx:TrackPointExtension></extensions></trkpt><trkpt lat="35.94382714" lon="120.20872347"><ele>-27.290000915527344</ele><time>2022-06-03T13:16:47Z</time><extensions><gpxtpx:TrackPointExtension><gpxtpx:hr>120</gpxtpx:hr><gpxtpx:cad>89</gpxtpx:cad></gpxtpx:TrackPointExtension></extensions></trkpt><trkpt lat="35.94384713" lon="120.20872813"><ele>-27.280000686645508</ele><time>2022-06-03T13:16:48Z</time><extensions><gpxtpx:TrackPointExtension><gpxtpx:hr>124</gpxtpx:hr><gpxtpx:cad>89</gpxtpx:cad></gpxtpx:TrackPointExtension></extensions></trkpt><trkpt lat="35.94386812" lon="120.20873313"><ele>-27.31999969482422</ele><time>2022-06-03T13:16:49Z</time><extensions><gpxtpx:TrackPointExtension><gpxtpx:hr>125</gpxtpx:hr><gpxtpx:cad>89</gpxtpx:cad></gpxtpx:TrackPointExtension></extensions></trkpt><trkpt lat="35.94388678" lon="120.20873912"><ele>-27.3700008392334</ele><time>2022-06-03T13:16:50Z</time><extensions><gpxtpx:TrackPointExtension><gpxtpx:hr>127</gpxtpx:hr><gpxtpx:cad>88</gpxtpx:cad></gpxtpx:TrackPointExtension></extensions></trkpt><trkpt lat="35.94390578" lon="120.20874445"><ele>-27.3799991607666</ele><time>2022-06-03T13:16:51Z</time><extensions><gpxtpx:TrackPointExtension><gpxtpx:hr>127</gpxtpx:hr><gpxtpx:cad>88</gpxtpx:cad></gpxtpx:TrackPointExtension></extensions></trkpt><trkpt lat="35.94392411" lon="120.20875078"><ele>-27.420000076293945</ele><time>2022-06-03T13:16:52Z</time><extensions><gpxtpx:TrackPointExtension><gpxtpx:hr>126</gpxtpx:hr><gpxtpx:cad>88</gpxtpx:cad></gpxtpx:TrackPointExtension></extensions></trkpt><trkpt lat="35.94394277" lon="120.20875844"><ele>-27.450000762939453</ele><time>2022-06-03T13:16:53Z</time><extensions><gpxtpx:TrackPointExtension><gpxtpx:cad>88</gpxtpx:cad></gpxtpx:TrackPointExtension></extensions></trkpt><trkpt lat="35.94396276" lon="120.20876677"><ele>-27.3700008392334</ele><time>2022-06-03T13:16:54Z</time><extensions><gpxtpx:TrackPointExtension><gpxtpx:hr>126</gpxtpx:hr><gpxtpx:cad>88</gpxtpx:cad></gpxtpx:TrackPointExtension></extensions></trkpt><trkpt lat="35.94398342" lon="120.20877577"><ele>-27.309999465942383</ele><time>2022-06-03T13:16:55Z</time><extensions><gpxtpx:TrackPointExtension><gpxtpx:hr>126</gpxtpx:hr><gpxtpx:cad>88</gpxtpx:cad></gpxtpx:TrackPointExtension></extensions></trkpt><trkpt lat="35.94400375" lon="120.2087851"><ele>-27.309999465942383</ele><time>2022-06-03T13:16:56Z</time><extensions><gpxtpx:TrackPointExtension><gpxtpx:hr>127</gpxtpx:hr><gpxtpx:cad>88</gpxtpx:cad></gpxtpx:TrackPointExtension></extensions></trkpt><trkpt lat="35.94402508" lon="120.20879443"><ele>-27.1299991607666</ele><time>2022-06-03T13:16:57Z</time><extensions><gpxtpx:TrackPointExtension><gpxtpx:hr>128</gpxtpx:hr><gpxtpx:cad>88</gpxtpx:cad></gpxtpx:TrackPointExtension></extensions></trkpt><trkpt lat="35.94404541" lon="120.20880309"><ele>-27.059999465942383</ele><time>2022-06-03T13:16:58Z</time><extensions><gpxtpx:TrackPointExtension><gpxtpx:hr>129</gpxtpx:hr><gpxtpx:cad>88</gpxtpx:cad></gpxtpx:TrackPointExtension></extensions></trkpt><trkpt lat="35.94406641" lon="120.20881142"><ele>-27.059999465942383</ele><time>2022-06-03T13:16:59Z</time><extensions><gpxtpx:TrackPointExtension><gpxtpx:hr>129</gpxtpx:hr><gpxtpx:cad>88</gpxtpx:cad></gpxtpx:TrackPointExtension></extensions></trkpt><trkpt lat="35.94408674" lon="120.20881975"><ele>-26.940000534057617</ele><time>2022-06-03T13:17:00Z</time><extensions><gpxtpx:TrackPointExtension><gpxtpx:hr>129</gpxtpx:hr><gpxtpx:cad>88</gpxtpx:cad></gpxtpx:TrackPointExtension></extensions></trkpt><trkpt lat="35.94410773" lon="120.20882774"><ele>-26.950000762939453</ele><time>2022-06-03T13:17:01Z</time><extensions><gpxtpx:TrackPointExtension><gpxtpx:hr>128</gpxtpx:hr><gpxtpx:cad>87</gpxtpx:cad></gpxtpx:TrackPointExtension></extensions></trkpt><trkpt lat="35.94412806" lon="120.20883507"><ele>-26.950000762939453</ele><time>2022-06-03T13:17:02Z</time><extensions><gpxtpx:TrackPointExtension><gpxtpx:hr>128</gpxtpx:hr><gpxtpx:cad>87</gpxtpx:cad></gpxtpx:TrackPointExtension></extensions></trkpt><trkpt lat="35.94414739" lon="120.20884173"><ele>-27.100000381469727</ele><time>2022-06-03T13:17:03Z</time><extensions><gpxtpx:TrackPointExtension><gpxtpx:hr>128</gpxtpx:hr><gpxtpx:cad>87</gpxtpx:cad></gpxtpx:TrackPointExtension></extensions></trkpt><trkpt lat="35.94416605" lon="120.20884806"><ele>-27.200000762939453</ele><time>2022-06-03T13:17:04Z</time><extensions><gpxtpx:TrackPointExtension><gpxtpx:hr>128</gpxtpx:hr><gpxtpx:cad>87</gpxtpx:cad></gpxtpx:TrackPointExtension></extensions></trkpt><trkpt lat="35.94418604" lon="120.20885372"><ele>-27.280000686645508</ele><time>2022-06-03T13:17:05Z</time><extensions><gpxtpx:TrackPointExtension><gpxtpx:hr>128</gpxtpx:hr><gpxtpx:cad>87</gpxtpx:cad></gpxtpx:TrackPointExtension></extensions></trkpt><trkpt lat="35.94420603" lon="120.20885971"><ele>-27.280000686645508</ele><time>2022-06-03T13:17:06Z</time><extensions><gpxtpx:TrackPointExtension><gpxtpx:hr>129</gpxtpx:hr><gpxtpx:cad>87</gpxtpx:cad></gpxtpx:TrackPointExtension></extensions></trkpt><trkpt lat="35.94422603" lon="120.20886504"><ele>-27.420000076293945</ele><time>2022-06-03T13:17:07Z</time><extensions><gpxtpx:TrackPointExtension><gpxtpx:hr>130</gpxtpx:hr><gpxtpx:cad>88</gpxtpx:cad></gpxtpx:TrackPointExtension></extensions></trkpt><trkpt lat="35.94424636" lon="120.20886904"><ele>-27.469999313354492</ele><time>2022-06-03T13:17:08Z</time><extensions><gpxtpx:TrackPointExtension><gpxtpx:hr>130</gpxtpx:hr><gpxtpx:cad>87</gpxtpx:cad></gpxtpx:TrackPointExtension></extensions></trkpt><trkpt lat="35.94426735" lon="120.20887203"><ele>-27.43000030517578</ele><time>2022-06-03T13:17:09Z</time><extensions><gpxtpx:TrackPointExtension><gpxtpx:hr>130</gpxtpx:hr><gpxtpx:cad>87</gpxtpx:cad></gpxtpx:TrackPointExtension></extensions></trkpt><trkpt lat="35.94428935" lon="120.20887436"><ele>-27.459999084472656</ele><time>2022-06-03T13:17:10Z</time><extensions><gpxtpx:TrackPointExtension><gpxtpx:hr>130</gpxtpx:hr><gpxtpx:cad>87</gpxtpx:cad></gpxtpx:TrackPointExtension></extensions></trkpt><trkpt lat="35.94431034" lon="120.20887535"><ele>-27.43000030517578</ele><time>2022-06-03T13:17:11Z</time><extensions><gpxtpx:TrackPointExtension><gpxtpx:hr>130</gpxtpx:hr><gpxtpx:cad>87</gpxtpx:cad></gpxtpx:TrackPointExtension></extensions></trkpt><trkpt lat="35.94433034" lon="120.20887535"><ele>-27.389999389648438</ele><time>2022-06-03T13:17:12Z</time><extensions><gpxtpx:TrackPointExtension><gpxtpx:hr>131</gpxtpx:hr><gpxtpx:cad>87</gpxtpx:cad></gpxtpx:TrackPointExtension></extensions></trkpt><trkpt lat="35.94435" lon="120.20887601"><ele>-27.3700008392334</ele><time>2022-06-03T13:17:13Z</time><extensions><gpxtpx:TrackPointExtension><gpxtpx:hr>131</gpxtpx:hr><gpxtpx:cad>87</gpxtpx:cad></gpxtpx:TrackPointExtension></extensions></trkpt><trkpt lat="35.94436999" lon="120.20887502"><ele>-27.389999389648438</ele><time>2022-06-03T13:17:14Z</time><extensions><gpxtpx:TrackPointExtension><gpxtpx:hr>131</gpxtpx:hr><gpxtpx:cad>87</gpxtpx:cad></gpxtpx:TrackPointExtension></extensions></trkpt><trkpt lat="35.94439032" lon="120.20887302"><ele>-27.389999389648438</ele><time>2022-06-03T13:17:15Z</time><extensions><gpxtpx:TrackPointExtension><gpxtpx:hr>132</gpxtpx:hr><gpxtpx:cad>87</gpxtpx:cad></gpxtpx:TrackPointExtension></extensions></trkpt><trkpt lat="35.94441098" lon="120.20887036"><ele>-27.420000076293945</ele><time>2022-06-03T13:17:16Z</time><extensions><gpxtpx:TrackPointExtension><gpxtpx:hr>133</gpxtpx:hr><gpxtpx:cad>87</gpxtpx:cad></gpxtpx:TrackPointExtension></extensions></trkpt><trkpt lat="35.94443164" lon="120.20886736"><ele>-27.450000762939453</ele><time>2022-06-03T13:17:17Z</time><extensions><gpxtpx:TrackPointExtension><gpxtpx:hr>133</gpxtpx:hr><gpxtpx:cad>87</gpxtpx:cad></gpxtpx:TrackPointExtension></extensions></trkpt><trkpt lat="35.94445097" lon="120.2088627"><ele>-27.450000762939453</ele><time>2022-06-03T13:17:18Z</time><extensions><gpxtpx:TrackPointExtension><gpxtpx:hr>133</gpxtpx:hr><gpxtpx:cad>87</gpxtpx:cad></gpxtpx:TrackPointExtension></extensions></trkpt><trkpt lat="35.9444693" lon="120.20885837"><ele>-27.469999313354492</ele><time>2022-06-03T13:17:19Z</time><extensions><gpxtpx:TrackPointExtension><gpxtpx:hr>134</gpxtpx:hr><gpxtpx:cad>88</gpxtpx:cad></gpxtpx:TrackPointExtension></extensions></trkpt><trkpt lat="35.94448763" lon="120.20885471"><ele>-27.5</ele><time>2022-06-03T13:17:20Z</time><extensions><gpxtpx:TrackPointExtension><gpxtpx:hr>134</gpxtpx:hr><gpxtpx:cad>88</gpxtpx:cad></gpxtpx:TrackPointExtension></extensions></trkpt><trkpt lat="35.94450663" lon="120.20885105"><ele>-27.530000686645508</ele><time>2022-06-03T13:17:21Z</time><extensions><gpxtpx:TrackPointExtension><gpxtpx:hr>134</gpxtpx:hr><gpxtpx:cad>88</gpxtpx:cad></gpxtpx:TrackPointExtension></extensions></trkpt><trkpt lat="35.94452563" lon="120.20884772"><ele>-27.540000915527344</ele><time>2022-06-03T13:17:22Z</time><extensions><gpxtpx:TrackPointExtension><gpxtpx:hr>134</gpxtpx:hr><gpxtpx:cad>88</gpxtpx:cad></gpxtpx:TrackPointExtension></extensions></trkpt><trkpt lat="35.94454463" lon="120.20884472"><ele>-27.549999237060547</ele><time>2022-06-03T13:17:23Z</time><extensions><gpxtpx:TrackPointExtension><gpxtpx:hr>134</gpxtpx:hr><gpxtpx:cad>88</gpxtpx:cad></gpxtpx:TrackPointExtension></extensions></trkpt><trkpt lat="35.94456229" lon="120.20884273"><ele>-27.530000686645508</ele><time>2022-06-03T13:17:24Z</time><extensions><gpxtpx:TrackPointExtension><gpxtpx:hr>134</gpxtpx:hr><gpxtpx:cad>88</gpxtpx:cad></gpxtpx:TrackPointExtension></extensions></trkpt><trkpt lat="35.94457928" lon="120.20884107"><ele>-27.530000686645508</ele><time>2022-06-03T13:17:25Z</time><extensions><gpxtpx:TrackPointExtension><gpxtpx:hr>133</gpxtpx:hr><gpxtpx:cad>88</gpxtpx:cad></gpxtpx:TrackPointExtension></extensions></trkpt><trkpt lat="35.94459594" lon="120.20883874"><ele>-27.530000686645508</ele><time>2022-06-03T13:17:26Z</time><extensions><gpxtpx:TrackPointExtension><gpxtpx:hr>133</gpxtpx:hr><gpxtpx:cad>88</gpxtpx:cad></gpxtpx:TrackPointExtension></extensions></trkpt><trkpt lat="35.94461227" lon="120.20883608"><ele>-27.540000915527344</ele><time>2022-06-03T13:17:27Z</time><extensions><gpxtpx:TrackPointExtension><gpxtpx:hr>133</gpxtpx:hr><gpxtpx:cad>88</gpxtpx:cad></gpxtpx:TrackPointExtension></extensions></trkpt><trkpt lat="35.94462693" lon="120.20883242"><ele>-27.56999969482422</ele><time>2022-06-03T13:17:28Z</time><extensions><gpxtpx:TrackPointExtension><gpxtpx:hr>132</gpxtpx:hr><gpxtpx:cad>88</gpxtpx:cad></gpxtpx:TrackPointExtension></extensions></trkpt><trkpt lat="35.94464126" lon="120.20882909"><ele>-27.600000381469727</ele><time>2022-06-03T13:17:29Z</time><extensions><gpxtpx:TrackPointExtension><gpxtpx:hr>131</gpxtpx:hr><gpxtpx:cad>88</gpxtpx:cad></gpxtpx:TrackPointExtension></extensions></trkpt><trkpt lat="35.94465392" lon="120.20882576"><ele>-27.6200008392334</ele><time>2022-06-03T13:17:30Z</time><extensions><gpxtpx:TrackPointExtension><gpxtpx:hr>130</gpxtpx:hr><gpxtpx:cad>88</gpxtpx:cad></gpxtpx:TrackPointExtension></extensions></trkpt><trkpt lat="35.94466591" lon="120.20882176"><ele>-27.6299991607666</ele><time>2022-06-03T13:17:31Z</time><extensions><gpxtpx:TrackPointExtension><gpxtpx:hr>130</gpxtpx:hr><gpxtpx:cad>88</gpxtpx:cad></gpxtpx:TrackPointExtension></extensions></trkpt><trkpt lat="35.94467757" lon="120.20881743"><ele>-27.670000076293945</ele><time>2022-06-03T13:17:32Z</time><extensions><gpxtpx:TrackPointExtension><gpxtpx:hr>130</gpxtpx:hr><gpxtpx:cad>88</gpxtpx:cad></gpxtpx:TrackPointExtension></extensions></trkpt><trkpt lat="35.9446909" lon="120.2088141"><ele>-27.690000534057617</ele><time>2022-06-03T13:17:33Z</time><extensions><gpxtpx:TrackPointExtension><gpxtpx:hr>130</gpxtpx:hr></gpxtpx:TrackPointExtension></extensions></trkpt><trkpt lat="35.9447049" lon="120.20881144"><ele>-27.700000762939453</ele><time>2022-06-03T13:17:34Z</time><extensions><gpxtpx:TrackPointExtension><gpxtpx:hr>130</gpxtpx:hr><gpxtpx:cad>88</gpxtpx:cad></gpxtpx:TrackPointExtension></extensions></trkpt><trkpt lat="35.94471856" lon="120.20880778"><ele>-27.709999084472656</ele><time>2022-06-03T13:17:35Z</time><extensions><gpxtpx:TrackPointExtension><gpxtpx:hr>130</gpxtpx:hr><gpxtpx:cad>88</gpxtpx:cad></gpxtpx:TrackPointExtension></extensions></trkpt><trkpt lat="35.94473222" lon="120.20880545"><ele>-27.709999084472656</ele><time>2022-06-03T13:17:36Z</time><extensions><gpxtpx:TrackPointExtension><gpxtpx:hr>130</gpxtpx:hr><gpxtpx:cad>88</gpxtpx:cad></gpxtpx:TrackPointExtension></extensions></trkpt><trkpt lat="35.94474588" lon="120.20880346"><ele>-27.700000762939453</ele><time>2022-06-03T13:17:37Z</time><extensions><gpxtpx:TrackPointExtension><gpxtpx:hr>130</gpxtpx:hr><gpxtpx:cad>88</gpxtpx:cad></gpxtpx:TrackPointExtension></extensions></trkpt><trkpt lat="35.94475888" lon="120.20880113"><ele>-27.68000030517578</ele><time>2022-06-03T13:17:38Z</time><extensions><gpxtpx:TrackPointExtension><gpxtpx:hr>130</gpxtpx:hr></gpxtpx:TrackPointExtension></extensions></trkpt><trkpt lat="35.94477121" lon="120.2087988"><ele>-27.649999618530273</ele><time>2022-06-03T13:17:39Z</time><extensions><gpxtpx:TrackPointExtension><gpxtpx:hr>130</gpxtpx:hr><gpxtpx:cad>88</gpxtpx:cad></gpxtpx:TrackPointExtension></extensions></trkpt><trkpt lat="35.94478354" lon="120.20879781"><ele>-27.6299991607666</ele><time>2022-06-03T13:17:40Z</time><extensions><gpxtpx:TrackPointExtension><gpxtpx:hr>130</gpxtpx:hr><gpxtpx:cad>88</gpxtpx:cad></gpxtpx:TrackPointExtension></extensions></trkpt><trkpt lat="35.94479487" lon="120.20879715"><ele>-27.6299991607666</ele><time>2022-06-03T13:17:41Z</time><extensions><gpxtpx:TrackPointExtension><gpxtpx:hr>130</gpxtpx:hr><gpxtpx:cad>88</gpxtpx:cad></gpxtpx:TrackPointExtension></extensions></trkpt><trkpt lat="35.94480653" lon="120.20879649"><ele>-27.6200008392334</ele><time>2022-06-03T13:17:42Z</time><extensions><gpxtpx:TrackPointExtension><gpxtpx:hr>131</gpxtpx:hr><gpxtpx:cad>88</gpxtpx:cad></gpxtpx:TrackPointExtension></extensions></trkpt><trkpt lat="35.94481819" lon="120.20879748"><ele>-27.6200008392334</ele><time>2022-06-03T13:17:43Z</time><extensions><gpxtpx:TrackPointExtension><gpxtpx:hr>133</gpxtpx:hr><gpxtpx:cad>88</gpxtpx:cad></gpxtpx:TrackPointExtension></extensions></trkpt><trkpt lat="35.94482852" lon="120.20879914"><ele>-27.6200008392334</ele><time>2022-06-03T13:17:44Z</time><extensions><gpxtpx:TrackPointExtension><gpxtpx:hr>134</gpxtpx:hr><gpxtpx:cad>88</gpxtpx:cad></gpxtpx:TrackPointExtension></extensions></trkpt><trkpt lat="35.94483885" lon="120.20880047"><ele>-27.6299991607666</ele><time>2022-06-03T13:17:45Z</time><extensions><gpxtpx:TrackPointExtension><gpxtpx:hr>134</gpxtpx:hr><gpxtpx:cad>88</gpxtpx:cad></gpxtpx:TrackPointExtension></extensions></trkpt><trkpt lat="35.94485018" lon="120.2088018"><ele>-27.670000076293945</ele><time>2022-06-03T13:17:46Z</time><extensions><gpxtpx:TrackPointExtension><gpxtpx:hr>134</gpxtpx:hr><gpxtpx:cad>88</gpxtpx:cad></gpxtpx:TrackPointExtension></extensions></trkpt><trkpt lat="35.94486218" lon="120.2088018"><ele>-27.690000534057617</ele><time>2022-06-03T13:17:47Z</time><extensions><gpxtpx:TrackPointExtension><gpxtpx:hr>136</gpxtpx:hr><gpxtpx:cad>88</gpxtpx:cad></gpxtpx:TrackPointExtension></extensions></trkpt><trkpt lat="35.94487417" lon="120.20880213"><ele>-27.700000762939453</ele><time>2022-06-03T13:17:48Z</time><extensions><gpxtpx:TrackPointExtension><gpxtpx:hr>138</gpxtpx:hr><gpxtpx:cad>88</gpxtpx:cad></gpxtpx:TrackPointExtension></extensions></trkpt><trkpt lat="35.9448865" lon="120.20880114"><ele>-27.709999084472656</ele><time>2022-06-03T13:17:49Z</time><extensions><gpxtpx:TrackPointExtension><gpxtpx:hr>138</gpxtpx:hr><gpxtpx:cad>88</gpxtpx:cad></gpxtpx:TrackPointExtension></extensions></trkpt><trkpt lat="35.94489816" lon="120.20879881"><ele>-27.709999084472656</ele><time>2022-06-03T13:17:50Z</time><extensions><gpxtpx:TrackPointExtension><gpxtpx:hr>138</gpxtpx:hr><gpxtpx:cad>88</gpxtpx:cad></gpxtpx:TrackPointExtension></extensions></trkpt><trkpt lat="35.94490982" lon="120.20879648"><ele>-27.700000762939453</ele><time>2022-06-03T13:17:51Z</time><extensions><gpxtpx:TrackPointExtension><gpxtpx:hr>139</gpxtpx:hr><gpxtpx:cad>59</gpxtpx:cad></gpxtpx:TrackPointExtension></extensions></trkpt><trkpt lat="35.94492148" lon="120.20879482"><ele>-27.700000762939453</ele><time>2022-06-03T13:17:52Z</time><extensions><gpxtpx:TrackPointExtension><gpxtpx:hr>140</gpxtpx:hr><gpxtpx:cad>59</gpxtpx:cad></gpxtpx:TrackPointExtension></extensions></trkpt><trkpt lat="35.94493347" lon="120.20879216"><ele>-27.670000076293945</ele><time>2022-06-03T13:17:53Z</time><extensions><gpxtpx:TrackPointExtension><gpxtpx:hr>141</gpxtpx:hr><gpxtpx:cad>59</gpxtpx:cad></gpxtpx:TrackPointExtension></extensions></trkpt><trkpt lat="35.94494546" lon="120.20879017"><ele>-27.639999389648438</ele><time>2022-06-03T13:17:54Z</time><extensions><gpxtpx:TrackPointExtension><gpxtpx:hr>141</gpxtpx:hr><gpxtpx:cad>58</gpxtpx:cad></gpxtpx:TrackPointExtension></extensions></trkpt><trkpt lat="35.94495812" lon="120.20878817"><ele>-27.6200008392334</ele><time>2022-06-03T13:17:55Z</time><extensions><gpxtpx:TrackPointExtension><gpxtpx:hr>141</gpxtpx:hr><gpxtpx:cad>58</gpxtpx:cad></gpxtpx:TrackPointExtension></extensions></trkpt><trkpt lat="35.94497011" lon="120.20878718"><ele>-27.6200008392334</ele><time>2022-06-03T13:17:56Z</time><extensions><gpxtpx:TrackPointExtension><gpxtpx:hr>140</gpxtpx:hr><gpxtpx:cad>58</gpxtpx:cad></gpxtpx:TrackPointExtension></extensions></trkpt><trkpt lat="35.94498177" lon="120.20878718"><ele>-27.610000610351562</ele><time>2022-06-03T13:17:57Z</time><extensions><gpxtpx:TrackPointExtension><gpxtpx:hr>140</gpxtpx:hr><gpxtpx:cad>58</gpxtpx:cad></gpxtpx:TrackPointExtension></extensions></trkpt><trkpt lat="35.9449931" lon="120.20878718"><ele>-27.600000381469727</ele><time>2022-06-03T13:17:58Z</time><extensions><gpxtpx:TrackPointExtension><gpxtpx:hr>140</gpxtpx:hr><gpxtpx:cad>57</gpxtpx:cad></gpxtpx:TrackPointExtension></extensions></trkpt><trkpt lat="35.94500476" lon="120.20878652"><ele>-27.59000015258789</ele><time>2022-06-03T13:17:59Z</time><extensions><gpxtpx:TrackPointExtension><gpxtpx:hr>140</gpxtpx:hr><gpxtpx:cad>57</gpxtpx:cad></gpxtpx:TrackPointExtension></extensions></trkpt><trkpt lat="35.94501642" lon="120.20878619"><ele>-27.59000015258789</ele><time>2022-06-03T13:18:00Z</time><extensions><gpxtpx:TrackPointExtension><gpxtpx:hr>140</gpxtpx:hr><gpxtpx:cad>58</gpxtpx:cad></gpxtpx:TrackPointExtension></extensions></trkpt><trkpt lat="35.94502808" lon="120.20878553"><ele>-27.56999969482422</ele><time>2022-06-03T13:18:01Z</time><extensions><gpxtpx:TrackPointExtension><gpxtpx:hr>141</gpxtpx:hr><gpxtpx:cad>58</gpxtpx:cad></gpxtpx:TrackPointExtension></extensions></trkpt><trkpt lat="35.94503908" lon="120.20878387"><ele>-27.56999969482422</ele><time>2022-06-03T13:18:02Z</time><extensions><gpxtpx:TrackPointExtension><gpxtpx:hr>141</gpxtpx:hr><gpxtpx:cad>58</gpxtpx:cad></gpxtpx:TrackPointExtension></extensions></trkpt><trkpt lat="35.94504907" lon="120.20878187"><ele>-27.559999465942383</ele><time>2022-06-03T13:18:03Z</time><extensions><gpxtpx:TrackPointExtension><gpxtpx:hr>141</gpxtpx:hr><gpxtpx:cad>58</gpxtpx:cad></gpxtpx:TrackPointExtension></extensions></trkpt><trkpt lat="35.9450594" lon="120.20877888"><ele>-27.559999465942383</ele><time>2022-06-03T13:18:04Z</time><extensions><gpxtpx:TrackPointExtension><gpxtpx:hr>141</gpxtpx:hr><gpxtpx:cad>57</gpxtpx:cad></gpxtpx:TrackPointExtension></extensions></trkpt><trkpt lat="35.94506939" lon="120.20877555"><ele>-27.56999969482422</ele><time>2022-06-03T13:18:05Z</time><extensions><gpxtpx:TrackPointExtension><gpxtpx:hr>141</gpxtpx:hr><gpxtpx:cad>57</gpxtpx:cad></gpxtpx:TrackPointExtension></extensions></trkpt><trkpt lat="35.94507939" lon="120.20877122"><ele>-27.59000015258789</ele><time>2022-06-03T13:18:06Z</time><extensions><gpxtpx:TrackPointExtension><gpxtpx:hr>140</gpxtpx:hr><gpxtpx:cad>57</gpxtpx:cad></gpxtpx:TrackPointExtension></extensions></trkpt><trkpt lat="35.94508972" lon="120.20876723"><ele>-27.600000381469727</ele><time>2022-06-03T13:18:07Z</time><extensions><gpxtpx:TrackPointExtension><gpxtpx:hr>140</gpxtpx:hr><gpxtpx:cad>56</gpxtpx:cad></gpxtpx:TrackPointExtension></extensions></trkpt><trkpt lat="35.94509971" lon="120.2087639"><ele>-27.6200008392334</ele><time>2022-06-03T13:18:08Z</time><extensions><gpxtpx:TrackPointExtension><gpxtpx:hr>140</gpxtpx:hr><gpxtpx:cad>57</gpxtpx:cad></gpxtpx:TrackPointExtension></extensions></trkpt><trkpt lat="35.94510904" lon="120.20876157"><ele>-27.6200008392334</ele><time>2022-06-03T13:18:09Z</time><extensions><gpxtpx:TrackPointExtension><gpxtpx:hr>139</gpxtpx:hr><gpxtpx:cad>57</gpxtpx:cad></gpxtpx:TrackPointExtension></extensions></trkpt><trkpt lat="35.9451177" lon="120.20876024"><ele>-27.639999389648438</ele><time>2022-06-03T13:18:10Z</time><extensions><gpxtpx:TrackPointExtension><gpxtpx:hr>139</gpxtpx:hr><gpxtpx:cad>57</gpxtpx:cad></gpxtpx:TrackPointExtension></extensions></trkpt><trkpt lat="35.9451267" lon="120.20875858"><ele>-27.649999618530273</ele><time>2022-06-03T13:18:11Z</time><extensions><gpxtpx:TrackPointExtension><gpxtpx:hr>139</gpxtpx:hr><gpxtpx:cad>57</gpxtpx:cad></gpxtpx:TrackPointExtension></extensions></trkpt><trkpt lat="35.94513603" lon="120.20875659"><ele>-27.670000076293945</ele><time>2022-06-03T13:18:12Z</time><extensions><gpxtpx:TrackPointExtension><gpxtpx:hr>139</gpxtpx:hr><gpxtpx:cad>57</gpxtpx:cad></gpxtpx:TrackPointExtension></extensions></trkpt><trkpt lat="35.94514636" lon="120.20875692"><ele>-27.68000030517578</ele><time>2022-06-03T13:18:13Z</time><extensions><gpxtpx:TrackPointExtension><gpxtpx:hr>139</gpxtpx:hr><gpxtpx:cad>57</gpxtpx:cad></gpxtpx:TrackPointExtension></extensions></trkpt><trkpt lat="35.94515635" lon="120.20875758"><ele>-27.690000534057617</ele><time>2022-06-03T13:18:14Z</time><extensions><gpxtpx:TrackPointExtension><gpxtpx:hr>138</gpxtpx:hr><gpxtpx:cad>56</gpxtpx:cad></gpxtpx:TrackPointExtension></extensions></trkpt><trkpt lat="35.94516635" lon="120.20875791"><ele>-27.690000534057617</ele><time>2022-06-03T13:18:15Z</time><extensions><gpxtpx:TrackPointExtension><gpxtpx:hr>138</gpxtpx:hr><gpxtpx:cad>56</gpxtpx:cad></gpxtpx:TrackPointExtension></extensions></trkpt><trkpt lat="35.94517634" lon="120.20875824"><ele>-27.700000762939453</ele><time>2022-06-03T13:18:16Z</time><extensions><gpxtpx:TrackPointExtension><gpxtpx:hr>137</gpxtpx:hr><gpxtpx:cad>56</gpxtpx:cad></gpxtpx:TrackPointExtension></extensions></trkpt><trkpt lat="35.94518634" lon="120.20875791"><ele>-27.700000762939453</ele><time>2022-06-03T13:18:17Z</time><extensions><gpxtpx:TrackPointExtension><gpxtpx:hr>137</gpxtpx:hr><gpxtpx:cad>56</gpxtpx:cad></gpxtpx:TrackPointExtension></extensions></trkpt><trkpt lat="35.945197" lon="120.20875725"><ele>-27.700000762939453</ele><time>2022-06-03T13:18:18Z</time><extensions><gpxtpx:TrackPointExtension><gpxtpx:hr>136</gpxtpx:hr><gpxtpx:cad>56</gpxtpx:cad></gpxtpx:TrackPointExtension></extensions></trkpt><trkpt lat="35.94520733" lon="120.20875626"><ele>-27.709999084472656</ele><time>2022-06-03T13:18:19Z</time><extensions><gpxtpx:TrackPointExtension><gpxtpx:hr>136</gpxtpx:hr><gpxtpx:cad>57</gpxtpx:cad></gpxtpx:TrackPointExtension></extensions></trkpt><trkpt lat="35.94521866" lon="120.20875659"><ele>-27.719999313354492</ele><time>2022-06-03T13:18:20Z</time><extensions><gpxtpx:TrackPointExtension><gpxtpx:hr>136</gpxtpx:hr><gpxtpx:cad>57</gpxtpx:cad></gpxtpx:TrackPointExtension></extensions></trkpt><trkpt lat="35.94523099" lon="120.20875725"><ele>-27.75</ele><time>2022-06-03T13:18:21Z</time><extensions><gpxtpx:TrackPointExtension><gpxtpx:hr>135</gpxtpx:hr><gpxtpx:cad>57</gpxtpx:cad></gpxtpx:TrackPointExtension></extensions></trkpt><trkpt lat="35.94524332" lon="120.20875725"><ele>-27.760000228881836</ele><time>2022-06-03T13:18:22Z</time><extensions><gpxtpx:TrackPointExtension><gpxtpx:hr>135</gpxtpx:hr><gpxtpx:cad>57</gpxtpx:cad></gpxtpx:TrackPointExtension></extensions></trkpt><trkpt lat="35.94525665" lon="120.20875559"><ele>-27.75</ele><time>2022-06-03T13:18:23Z</time><extensions><gpxtpx:TrackPointExtension><gpxtpx:hr>135</gpxtpx:hr><gpxtpx:cad>58</gpxtpx:cad></gpxtpx:TrackPointExtension></extensions></trkpt><trkpt lat="35.94526898" lon="120.2087546"><ele>-27.75</ele><time>2022-06-03T13:18:24Z</time><extensions><gpxtpx:TrackPointExtension><gpxtpx:hr>135</gpxtpx:hr><gpxtpx:cad>59</gpxtpx:cad></gpxtpx:TrackPointExtension></extensions></trkpt><trkpt lat="35.94528131" lon="120.20875394"><ele>-27.729999542236328</ele><time>2022-06-03T13:18:25Z</time><extensions><gpxtpx:TrackPointExtension><gpxtpx:hr>136</gpxtpx:hr><gpxtpx:cad>59</gpxtpx:cad></gpxtpx:TrackPointExtension></extensions></trkpt><trkpt lat="35.94529364" lon="120.20875328"><ele>-27.729999542236328</ele><time>2022-06-03T13:18:26Z</time><extensions><gpxtpx:TrackPointExtension><gpxtpx:hr>136</gpxtpx:hr><gpxtpx:cad>59</gpxtpx:cad></gpxtpx:TrackPointExtension></extensions></trkpt><trkpt lat="35.9453053" lon="120.20875195"><ele>-27.719999313354492</ele><time>2022-06-03T13:18:27Z</time><extensions><gpxtpx:TrackPointExtension><gpxtpx:hr>136</gpxtpx:hr><gpxtpx:cad>59</gpxtpx:cad></gpxtpx:TrackPointExtension></extensions></trkpt><trkpt lat="35.94531896" lon="120.20875096"><ele>-27.719999313354492</ele><time>2022-06-03T13:18:28Z</time><extensions><gpxtpx:TrackPointExtension><gpxtpx:hr>135</gpxtpx:hr><gpxtpx:cad>59</gpxtpx:cad></gpxtpx:TrackPointExtension></extensions></trkpt><trkpt lat="35.94533362" lon="120.2087503"><ele>-27.719999313354492</ele><time>2022-06-03T13:18:29Z</time><extensions><gpxtpx:TrackPointExtension><gpxtpx:hr>132</gpxtpx:hr><gpxtpx:cad>59</gpxtpx:cad></gpxtpx:TrackPointExtension></extensions></trkpt><trkpt lat="35.94534928" lon="120.20874997"><ele>-27.719999313354492</ele><time>2022-06-03T13:18:30Z</time><extensions><gpxtpx:TrackPointExtension><gpxtpx:hr>130</gpxtpx:hr><gpxtpx:cad>59</gpxtpx:cad></gpxtpx:TrackPointExtension></extensions></trkpt><trkpt lat="35.94536694" lon="120.20874931"><ele>-27.719999313354492</ele><time>2022-06-03T13:18:31Z</time><extensions><gpxtpx:TrackPointExtension><gpxtpx:hr>129</gpxtpx:hr><gpxtpx:cad>59</gpxtpx:cad></gpxtpx:TrackPointExtension></extensions></trkpt><trkpt lat="35.94538527" lon="120.20874765"><ele>-27.729999542236328</ele><time>2022-06-03T13:18:32Z</time><extensions><gpxtpx:TrackPointExtension><gpxtpx:hr>129</gpxtpx:hr><gpxtpx:cad>59</gpxtpx:cad></gpxtpx:TrackPointExtension></extensions></trkpt><trkpt lat="35.9454046" lon="120.20874466"><ele>-27.75</ele><time>2022-06-03T13:18:33Z</time><extensions><gpxtpx:TrackPointExtension><gpxtpx:hr>128</gpxtpx:hr><gpxtpx:cad>59</gpxtpx:cad></gpxtpx:TrackPointExtension></extensions></trkpt><trkpt lat="35.9454236" lon="120.20874033"><ele>-27.760000228881836</ele><time>2022-06-03T13:18:34Z</time><extensions><gpxtpx:TrackPointExtension><gpxtpx:hr>128</gpxtpx:hr><gpxtpx:cad>59</gpxtpx:cad></gpxtpx:TrackPointExtension></extensions></trkpt><trkpt lat="35.94544326" lon="120.208736"><ele>-27.700000762939453</ele><time>2022-06-03T13:18:35Z</time><extensions><gpxtpx:TrackPointExtension><gpxtpx:hr>128</gpxtpx:hr><gpxtpx:cad>59</gpxtpx:cad></gpxtpx:TrackPointExtension></extensions></trkpt><trkpt lat="35.94546392" lon="120.208732"><ele>-27.649999618530273</ele><time>2022-06-03T13:18:36Z</time><extensions><gpxtpx:TrackPointExtension><gpxtpx:hr>128</gpxtpx:hr><gpxtpx:cad>59</gpxtpx:cad></gpxtpx:TrackPointExtension></extensions></trkpt><trkpt lat="35.94548491" lon="120.20872834"><ele>-27.600000381469727</ele><time>2022-06-03T13:18:37Z</time><extensions><gpxtpx:TrackPointExtension><gpxtpx:hr>128</gpxtpx:hr><gpxtpx:cad>59</gpxtpx:cad></gpxtpx:TrackPointExtension></extensions></trkpt><trkpt lat="35.94550691" lon="120.20872401"><ele>-27.540000915527344</ele><time>2022-06-03T13:18:38Z</time><extensions><gpxtpx:TrackPointExtension><gpxtpx:hr>128</gpxtpx:hr><gpxtpx:cad>59</gpxtpx:cad></gpxtpx:TrackPointExtension></extensions></trkpt><trkpt lat="35.94552757" lon="120.20871968"><ele>-27.510000228881836</ele><time>2022-06-03T13:18:39Z</time><extensions><gpxtpx:TrackPointExtension><gpxtpx:hr>129</gpxtpx:hr><gpxtpx:cad>59</gpxtpx:cad></gpxtpx:TrackPointExtension></extensions></trkpt><trkpt lat="35.94554923" lon="120.20871468"><ele>-27.450000762939453</ele><time>2022-06-03T13:18:40Z</time><extensions><gpxtpx:TrackPointExtension><gpxtpx:hr>128</gpxtpx:hr><gpxtpx:cad>59</gpxtpx:cad></gpxtpx:TrackPointExtension></extensions></trkpt><trkpt lat="35.94557289" lon="120.20871068"><ele>-27.43000030517578</ele><time>2022-06-03T13:18:41Z</time><extensions><gpxtpx:TrackPointExtension><gpxtpx:hr>128</gpxtpx:hr><gpxtpx:cad>59</gpxtpx:cad></gpxtpx:TrackPointExtension></extensions></trkpt><trkpt lat="35.94559655" lon="120.20870569"><ele>-27.399999618530273</ele><time>2022-06-03T13:18:42Z</time><extensions><gpxtpx:TrackPointExtension><gpxtpx:hr>128</gpxtpx:hr><gpxtpx:cad>59</gpxtpx:cad></gpxtpx:TrackPointExtension></extensions></trkpt><trkpt lat="35.94562021" lon="120.20870103"><ele>-27.3700008392334</ele><time>2022-06-03T13:18:43Z</time><extensions><gpxtpx:TrackPointExtension><gpxtpx:hr>128</gpxtpx:hr><gpxtpx:cad>59</gpxtpx:cad></gpxtpx:TrackPointExtension></extensions></trkpt><trkpt lat="35.94564421" lon="120.2086957"><ele>-27.299999237060547</ele><time>2022-06-03T13:18:44Z</time><extensions><gpxtpx:TrackPointExtension><gpxtpx:hr>128</gpxtpx:hr><gpxtpx:cad>59</gpxtpx:cad></gpxtpx:TrackPointExtension></extensions></trkpt><trkpt lat="35.94566854" lon="120.20869137"><ele>-27.290000915527344</ele><time>2022-06-03T13:18:45Z</time><extensions><gpxtpx:TrackPointExtension><gpxtpx:hr>128</gpxtpx:hr><gpxtpx:cad>59</gpxtpx:cad></gpxtpx:TrackPointExtension></extensions></trkpt><trkpt lat="35.94569153" lon="120.20868671"><ele>-27.200000762939453</ele><time>2022-06-03T13:18:46Z</time><extensions><gpxtpx:TrackPointExtension><gpxtpx:hr>128</gpxtpx:hr><gpxtpx:cad>59</gpxtpx:cad></gpxtpx:TrackPointExtension></extensions></trkpt><trkpt lat="35.94571319" lon="120.20868305"><ele>-27.200000762939453</ele><time>2022-06-03T13:18:47Z</time><extensions><gpxtpx:TrackPointExtension><gpxtpx:hr>128</gpxtpx:hr><gpxtpx:cad>59</gpxtpx:cad></gpxtpx:TrackPointExtension></extensions></trkpt><trkpt lat="35.94573585" lon="120.20867939"><ele>-27.1200008392334</ele><time>2022-06-03T13:18:48Z</time><extensions><gpxtpx:TrackPointExtension><gpxtpx:hr>129</gpxtpx:hr><gpxtpx:cad>59</gpxtpx:cad></gpxtpx:TrackPointExtension></extensions></trkpt><trkpt lat="35.94575785" lon="120.20867606"><ele>-27.1200008392334</ele><time>2022-06-03T13:18:49Z</time><extensions><gpxtpx:TrackPointExtension><gpxtpx:hr>129</gpxtpx:hr><gpxtpx:cad>59</gpxtpx:cad></gpxtpx:TrackPointExtension></extensions></trkpt><trkpt lat="35.94578084" lon="120.20867373"><ele>-27.110000610351562</ele><time>2022-06-03T13:18:50Z</time><extensions><gpxtpx:TrackPointExtension><gpxtpx:hr>129</gpxtpx:hr><gpxtpx:cad>88</gpxtpx:cad></gpxtpx:TrackPointExtension></extensions></trkpt><trkpt lat="35.94580484" lon="120.20867307"><ele>-27.06999969482422</ele><time>2022-06-03T13:18:51Z</time><extensions><gpxtpx:TrackPointExtension><gpxtpx:hr>129</gpxtpx:hr><gpxtpx:cad>88</gpxtpx:cad></gpxtpx:TrackPointExtension></extensions></trkpt><trkpt lat="35.94582817" lon="120.20867241"><ele>-27.049999237060547</ele><time>2022-06-03T13:18:52Z</time><extensions><gpxtpx:TrackPointExtension><gpxtpx:hr>129</gpxtpx:hr><gpxtpx:cad>88</gpxtpx:cad></gpxtpx:TrackPointExtension></extensions></trkpt><trkpt lat="35.94585116" lon="120.20867142"><ele>-27.040000915527344</ele><time>2022-06-03T13:18:53Z</time><extensions><gpxtpx:TrackPointExtension><gpxtpx:hr>129</gpxtpx:hr><gpxtpx:cad>88</gpxtpx:cad></gpxtpx:TrackPointExtension></extensions></trkpt><trkpt lat="35.94587316" lon="120.20867009"><ele>-26.969999313354492</ele><time>2022-06-03T13:18:54Z</time><extensions><gpxtpx:TrackPointExtension><gpxtpx:hr>129</gpxtpx:hr><gpxtpx:cad>88</gpxtpx:cad></gpxtpx:TrackPointExtension></extensions></trkpt><trkpt lat="35.94589449" lon="120.20866776"><ele>-26.899999618530273</ele><time>2022-06-03T13:18:55Z</time><extensions><gpxtpx:TrackPointExtension><gpxtpx:hr>130</gpxtpx:hr><gpxtpx:cad>88</gpxtpx:cad></gpxtpx:TrackPointExtension></extensions></trkpt><trkpt lat="35.94591482" lon="120.20866443"><ele>-26.850000381469727</ele><time>2022-06-03T13:18:56Z</time><extensions><gpxtpx:TrackPointExtension><gpxtpx:hr>130</gpxtpx:hr><gpxtpx:cad>89</gpxtpx:cad></gpxtpx:TrackPointExtension></extensions></trkpt><trkpt lat="35.94593515" lon="120.20866044"><ele>-26.770000457763672</ele><time>2022-06-03T13:18:57Z</time><extensions><gpxtpx:TrackPointExtension><gpxtpx:hr>130</gpxtpx:hr><gpxtpx:cad>89</gpxtpx:cad></gpxtpx:TrackPointExtension></extensions></trkpt><trkpt lat="35.94595581" lon="120.20865744"><ele>-26.719999313354492</ele><time>2022-06-03T13:18:58Z</time><extensions><gpxtpx:TrackPointExtension><gpxtpx:hr>132</gpxtpx:hr><gpxtpx:cad>88</gpxtpx:cad></gpxtpx:TrackPointExtension></extensions></trkpt><trkpt lat="35.9459758" lon="120.20865344"><ele>-26.68000030517578</ele><time>2022-06-03T13:18:59Z</time><extensions><gpxtpx:TrackPointExtension><gpxtpx:hr>132</gpxtpx:hr><gpxtpx:cad>88</gpxtpx:cad></gpxtpx:TrackPointExtension></extensions></trkpt><trkpt lat="35.94599613" lon="120.20864878"><ele>-26.68000030517578</ele><time>2022-06-03T13:19:00Z</time><extensions><gpxtpx:TrackPointExtension><gpxtpx:hr>132</gpxtpx:hr><gpxtpx:cad>88</gpxtpx:cad></gpxtpx:TrackPointExtension></extensions></trkpt><trkpt lat="35.94601579" lon="120.20864479"><ele>-26.649999618530273</ele><time>2022-06-03T13:19:01Z</time><extensions><gpxtpx:TrackPointExtension><gpxtpx:hr>132</gpxtpx:hr><gpxtpx:cad>88</gpxtpx:cad></gpxtpx:TrackPointExtension></extensions></trkpt><trkpt lat="35.94603578" lon="120.20864113"><ele>-26.700000762939453</ele><time>2022-06-03T13:19:02Z</time><extensions><gpxtpx:TrackPointExtension><gpxtpx:hr>132</gpxtpx:hr><gpxtpx:cad>88</gpxtpx:cad></gpxtpx:TrackPointExtension></extensions></trkpt><trkpt lat="35.94605577" lon="120.20863947"><ele>-26.690000534057617</ele><time>2022-06-03T13:19:03Z</time><extensions><gpxtpx:TrackPointExtension><gpxtpx:hr>132</gpxtpx:hr><gpxtpx:cad>89</gpxtpx:cad></gpxtpx:TrackPointExtension></extensions></trkpt><trkpt lat="35.94607543" lon="120.20864013"><ele>-26.719999313354492</ele><time>2022-06-03T13:19:04Z</time><extensions><gpxtpx:TrackPointExtension><gpxtpx:hr>133</gpxtpx:hr><gpxtpx:cad>89</gpxtpx:cad></gpxtpx:TrackPointExtension></extensions></trkpt><trkpt lat="35.94609609" lon="120.20864179"><ele>-26.719999313354492</ele><time>2022-06-03T13:19:05Z</time><extensions><gpxtpx:TrackPointExtension><gpxtpx:hr>133</gpxtpx:hr><gpxtpx:cad>89</gpxtpx:cad></gpxtpx:TrackPointExtension></extensions></trkpt><trkpt lat="35.94611642" lon="120.20864479"><ele>-26.770000457763672</ele><time>2022-06-03T13:19:06Z</time><extensions><gpxtpx:TrackPointExtension><gpxtpx:hr>133</gpxtpx:hr><gpxtpx:cad>88</gpxtpx:cad></gpxtpx:TrackPointExtension></extensions></trkpt><trkpt lat="35.94613675" lon="120.20864778"><ele>-26.790000915527344</ele><time>2022-06-03T13:19:07Z</time><extensions><gpxtpx:TrackPointExtension><gpxtpx:hr>135</gpxtpx:hr><gpxtpx:cad>88</gpxtpx:cad></gpxtpx:TrackPointExtension></extensions></trkpt><trkpt lat="35.94615741" lon="120.20865011"><ele>-26.8700008392334</ele><time>2022-06-03T13:19:08Z</time><extensions><gpxtpx:TrackPointExtension><gpxtpx:hr>135</gpxtpx:hr><gpxtpx:cad>88</gpxtpx:cad></gpxtpx:TrackPointExtension></extensions></trkpt><trkpt lat="35.94617674" lon="120.20865144"><ele>-26.889999389648438</ele><time>2022-06-03T13:19:09Z</time><extensions><gpxtpx:TrackPointExtension><gpxtpx:hr>135</gpxtpx:hr><gpxtpx:cad>88</gpxtpx:cad></gpxtpx:TrackPointExtension></extensions></trkpt><trkpt lat="35.94619673" lon="120.20865177"><ele>-26.93000030517578</ele><time>2022-06-03T13:19:10Z</time><extensions><gpxtpx:TrackPointExtension><gpxtpx:hr>135</gpxtpx:hr><gpxtpx:cad>89</gpxtpx:cad></gpxtpx:TrackPointExtension></extensions></trkpt><trkpt lat="35.94621739" lon="120.20865044"><ele>-26.93000030517578</ele><time>2022-06-03T13:19:11Z</time><extensions><gpxtpx:TrackPointExtension><gpxtpx:hr>135</gpxtpx:hr><gpxtpx:cad>88</gpxtpx:cad></gpxtpx:TrackPointExtension></extensions></trkpt><trkpt lat="35.94623905" lon="120.20864844"><ele>-26.899999618530273</ele><time>2022-06-03T13:19:12Z</time><extensions><gpxtpx:TrackPointExtension><gpxtpx:hr>135</gpxtpx:hr><gpxtpx:cad>88</gpxtpx:cad></gpxtpx:TrackPointExtension></extensions></trkpt><trkpt lat="35.94626105" lon="120.20864645"><ele>-26.8700008392334</ele><time>2022-06-03T13:19:13Z</time><extensions><gpxtpx:TrackPointExtension><gpxtpx:hr>135</gpxtpx:hr><gpxtpx:cad>88</gpxtpx:cad></gpxtpx:TrackPointExtension></extensions></trkpt><trkpt lat="35.94628305" lon="120.20864346"><ele>-26.850000381469727</ele><time>2022-06-03T13:19:14Z</time><extensions><gpxtpx:TrackPointExtension><gpxtpx:hr>135</gpxtpx:hr><gpxtpx:cad>89</gpxtpx:cad></gpxtpx:TrackPointExtension></extensions></trkpt><trkpt lat="35.94630571" lon="120.20864113"><ele>-26.799999237060547</ele><time>2022-06-03T13:19:15Z</time><extensions><gpxtpx:TrackPointExtension><gpxtpx:hr>135</gpxtpx:hr><gpxtpx:cad>89</gpxtpx:cad></gpxtpx:TrackPointExtension></extensions></trkpt><trkpt lat="35.94632737" lon="120.20863947"><ele>-26.790000915527344</ele><time>2022-06-03T13:19:16Z</time><extensions><gpxtpx:TrackPointExtension><gpxtpx:hr>135</gpxtpx:hr><gpxtpx:cad>89</gpxtpx:cad></gpxtpx:TrackPointExtension></extensions></trkpt><trkpt lat="35.94634837" lon="120.20863781"><ele>-26.770000457763672</ele><time>2022-06-03T13:19:17Z</time><extensions><gpxtpx:TrackPointExtension><gpxtpx:hr>135</gpxtpx:hr><gpxtpx:cad>89</gpxtpx:cad></gpxtpx:TrackPointExtension></extensions></trkpt><trkpt lat="35.94637003" lon="120.20863548"><ele>-26.75</ele><time>2022-06-03T13:19:18Z</time><extensions><gpxtpx:TrackPointExtension><gpxtpx:hr>135</gpxtpx:hr><gpxtpx:cad>88</gpxtpx:cad></gpxtpx:TrackPointExtension></extensions></trkpt><trkpt lat="35.94639236" lon="120.20863349"><ele>-26.719999313354492</ele><time>2022-06-03T13:19:19Z</time><extensions><gpxtpx:TrackPointExtension><gpxtpx:hr>135</gpxtpx:hr><gpxtpx:cad>88</gpxtpx:cad></gpxtpx:TrackPointExtension></extensions></trkpt><trkpt lat="35.94641502" lon="120.20863083"><ele>-26.719999313354492</ele><time>2022-06-03T13:19:20Z</time><extensions><gpxtpx:TrackPointExtension><gpxtpx:hr>135</gpxtpx:hr><gpxtpx:cad>88</gpxtpx:cad></gpxtpx:TrackPointExtension></extensions></trkpt><trkpt lat="35.94643801" lon="120.2086275"><ele>-26.700000762939453</ele><time>2022-06-03T13:19:21Z</time><extensions><gpxtpx:TrackPointExtension><gpxtpx:hr>135</gpxtpx:hr><gpxtpx:cad>88</gpxtpx:cad></gpxtpx:TrackPointExtension></extensions></trkpt><trkpt lat="35.946461" lon="120.20862517"><ele>-26.690000534057617</ele><time>2022-06-03T13:19:22Z</time><extensions><gpxtpx:TrackPointExtension><gpxtpx:hr>135</gpxtpx:hr><gpxtpx:cad>88</gpxtpx:cad></gpxtpx:TrackPointExtension></extensions></trkpt><trkpt lat="35.94648399" lon="120.20862351"><ele>-26.709999084472656</ele><time>2022-06-03T13:19:23Z</time><extensions><gpxtpx:TrackPointExtension><gpxtpx:hr>135</gpxtpx:hr><gpxtpx:cad>88</gpxtpx:cad></gpxtpx:TrackPointExtension></extensions></trkpt><trkpt lat="35.94650565" lon="120.20862218"><ele>-26.760000228881836</ele><time>2022-06-03T13:19:24Z</time><extensions><gpxtpx:TrackPointExtension><gpxtpx:hr>136</gpxtpx:hr><gpxtpx:cad>89</gpxtpx:cad></gpxtpx:TrackPointExtension></extensions></trkpt><trkpt lat="35.94652598" lon="120.20862152"><ele>-26.729999542236328</ele><time>2022-06-03T13:19:25Z</time><extensions><gpxtpx:TrackPointExtension><gpxtpx:hr>136</gpxtpx:hr><gpxtpx:cad>89</gpxtpx:cad></gpxtpx:TrackPointExtension></extensions></trkpt><trkpt lat="35.94654531" lon="120.20862318"><ele>-26.790000915527344</ele><time>2022-06-03T13:19:26Z</time><extensions><gpxtpx:TrackPointExtension><gpxtpx:hr>137</gpxtpx:hr><gpxtpx:cad>90</gpxtpx:cad></gpxtpx:TrackPointExtension></extensions></trkpt><trkpt lat="35.94656431" lon="120.20862351"><ele>-26.84000015258789</ele><time>2022-06-03T13:19:27Z</time><extensions><gpxtpx:TrackPointExtension><gpxtpx:hr>138</gpxtpx:hr><gpxtpx:cad>90</gpxtpx:cad></gpxtpx:TrackPointExtension></extensions></trkpt><trkpt lat="35.94658297" lon="120.20862384"><ele>-26.81999969482422</ele><time>2022-06-03T13:19:28Z</time><extensions><gpxtpx:TrackPointExtension><gpxtpx:hr>140</gpxtpx:hr><gpxtpx:cad>90</gpxtpx:cad></gpxtpx:TrackPointExtension></extensions></trkpt><trkpt lat="35.94660163" lon="120.20862384"><ele>-26.790000915527344</ele><time>2022-06-03T13:19:29Z</time><extensions><gpxtpx:TrackPointExtension><gpxtpx:hr>141</gpxtpx:hr><gpxtpx:cad>89</gpxtpx:cad></gpxtpx:TrackPointExtension></extensions></trkpt><trkpt lat="35.94662063" lon="120.20862251"><ele>-26.790000915527344</ele><time>2022-06-03T13:19:30Z</time><extensions><gpxtpx:TrackPointExtension><gpxtpx:hr>142</gpxtpx:hr><gpxtpx:cad>88</gpxtpx:cad></gpxtpx:TrackPointExtension></extensions></trkpt><trkpt lat="35.94663996" lon="120.20862152"><ele>-26.770000457763672</ele><time>2022-06-03T13:19:31Z</time><extensions><gpxtpx:TrackPointExtension><gpxtpx:hr>143</gpxtpx:hr><gpxtpx:cad>88</gpxtpx:cad></gpxtpx:TrackPointExtension></extensions></trkpt><trkpt lat="35.94665962" lon="120.20861952"><ele>-26.75</ele><time>2022-06-03T13:19:32Z</time><extensions><gpxtpx:TrackPointExtension><gpxtpx:hr>145</gpxtpx:hr><gpxtpx:cad>88</gpxtpx:cad></gpxtpx:TrackPointExtension></extensions></trkpt><trkpt lat="35.94667928" lon="120.20861786"><ele>-26.729999542236328</ele><time>2022-06-03T13:19:33Z</time><extensions><gpxtpx:TrackPointExtension><gpxtpx:hr>147</gpxtpx:hr><gpxtpx:cad>88</gpxtpx:cad></gpxtpx:TrackPointExtension></extensions></trkpt><trkpt lat="35.94669961" lon="120.20861553"><ele>-26.75</ele><time>2022-06-03T13:19:34Z</time><extensions><gpxtpx:TrackPointExtension><gpxtpx:hr>148</gpxtpx:hr><gpxtpx:cad>89</gpxtpx:cad></gpxtpx:TrackPointExtension></extensions></trkpt><trkpt lat="35.94672027" lon="120.2086132"><ele>-26.75</ele><time>2022-06-03T13:19:35Z</time><extensions><gpxtpx:TrackPointExtension><gpxtpx:hr>148</gpxtpx:hr><gpxtpx:cad>90</gpxtpx:cad></gpxtpx:TrackPointExtension></extensions></trkpt><trkpt lat="35.94674093" lon="120.20860954"><ele>-26.75</ele><time>2022-06-03T13:19:36Z</time><extensions><gpxtpx:TrackPointExtension><gpxtpx:hr>147</gpxtpx:hr><gpxtpx:cad>90</gpxtpx:cad></gpxtpx:TrackPointExtension></extensions></trkpt><trkpt lat="35.94676126" lon="120.20860521"><ele>-26.790000915527344</ele><time>2022-06-03T13:19:37Z</time><extensions><gpxtpx:TrackPointExtension><gpxtpx:hr>146</gpxtpx:hr><gpxtpx:cad>89</gpxtpx:cad></gpxtpx:TrackPointExtension></extensions></trkpt><trkpt lat="35.94678192" lon="120.20859955"><ele>-26.809999465942383</ele><time>2022-06-03T13:19:38Z</time><extensions><gpxtpx:TrackPointExtension><gpxtpx:hr>146</gpxtpx:hr><gpxtpx:cad>89</gpxtpx:cad></gpxtpx:TrackPointExtension></extensions></trkpt><trkpt lat="35.94680258" lon="120.20859356"><ele>-26.81999969482422</ele><time>2022-06-03T13:19:39Z</time><extensions><gpxtpx:TrackPointExtension><gpxtpx:hr>146</gpxtpx:hr><gpxtpx:cad>89</gpxtpx:cad></gpxtpx:TrackPointExtension></extensions></trkpt><trkpt lat="35.94682424" lon="120.20858923"><ele>-26.860000610351562</ele><time>2022-06-03T13:19:40Z</time><extensions><gpxtpx:TrackPointExtension><gpxtpx:hr>146</gpxtpx:hr><gpxtpx:cad>89</gpxtpx:cad></gpxtpx:TrackPointExtension></extensions></trkpt><trkpt lat="35.9468449" lon="120.2085849"><ele>-26.860000610351562</ele><time>2022-06-03T13:19:41Z</time><extensions><gpxtpx:TrackPointExtension><gpxtpx:hr>147</gpxtpx:hr><gpxtpx:cad>89</gpxtpx:cad></gpxtpx:TrackPointExtension></extensions></trkpt><trkpt lat="35.94686489" lon="120.20858057"><ele>-26.860000610351562</ele><time>2022-06-03T13:19:42Z</time><extensions><gpxtpx:TrackPointExtension><gpxtpx:hr>147</gpxtpx:hr><gpxtpx:cad>89</gpxtpx:cad></gpxtpx:TrackPointExtension></extensions></trkpt><trkpt lat="35.94688355" lon="120.20857624"><ele>-26.850000381469727</ele><time>2022-06-03T13:19:43Z</time><extensions><gpxtpx:TrackPointExtension><gpxtpx:hr>147</gpxtpx:hr><gpxtpx:cad>89</gpxtpx:cad></gpxtpx:TrackPointExtension></extensions></trkpt><trkpt lat="35.94690255" lon="120.20856858"><ele>-26.850000381469727</ele><time>2022-06-03T13:19:44Z</time><extensions><gpxtpx:TrackPointExtension><gpxtpx:hr>147</gpxtpx:hr><gpxtpx:cad>88</gpxtpx:cad></gpxtpx:TrackPointExtension></extensions></trkpt><trkpt lat="35.94692121" lon="120.20855892"><ele>-26.84000015258789</ele><time>2022-06-03T13:19:45Z</time><extensions><gpxtpx:TrackPointExtension><gpxtpx:hr>147</gpxtpx:hr><gpxtpx:cad>88</gpxtpx:cad></gpxtpx:TrackPointExtension></extensions></trkpt><trkpt lat="35.94693987" lon="120.20854326"><ele>-26.81999969482422</ele><time>2022-06-03T13:19:46Z</time><extensions><gpxtpx:TrackPointExtension><gpxtpx:hr>146</gpxtpx:hr><gpxtpx:cad>88</gpxtpx:cad></gpxtpx:TrackPointExtension></extensions></trkpt><trkpt lat="35.9469572" lon="120.20852627"><ele>-26.81999969482422</ele><time>2022-06-03T13:19:47Z</time><extensions><gpxtpx:TrackPointExtension><gpxtpx:hr>147</gpxtpx:hr><gpxtpx:cad>88</gpxtpx:cad></gpxtpx:TrackPointExtension></extensions></trkpt><trkpt lat="35.9469722" lon="120.20850961"><ele>-26.81999969482422</ele><time>2022-06-03T13:19:48Z</time><extensions><gpxtpx:TrackPointExtension><gpxtpx:hr>148</gpxtpx:hr><gpxtpx:cad>88</gpxtpx:cad></gpxtpx:TrackPointExtension></extensions></trkpt><trkpt lat="35.94698486" lon="120.20849495"><ele>-26.809999465942383</ele><time>2022-06-03T13:19:49Z</time><extensions><gpxtpx:TrackPointExtension><gpxtpx:hr>149</gpxtpx:hr><gpxtpx:cad>88</gpxtpx:cad></gpxtpx:TrackPointExtension></extensions></trkpt><trkpt lat="35.94699486" lon="120.20847995"><ele>-26.81999969482422</ele><time>2022-06-03T13:19:50Z</time><extensions><gpxtpx:TrackPointExtension><gpxtpx:hr>149</gpxtpx:hr><gpxtpx:cad>88</gpxtpx:cad></gpxtpx:TrackPointExtension></extensions></trkpt><trkpt lat="35.94700185" lon="120.20846396"><ele>-26.899999618530273</ele><time>2022-06-03T13:19:51Z</time><extensions><gpxtpx:TrackPointExtension><gpxtpx:hr>148</gpxtpx:hr><gpxtpx:cad>88</gpxtpx:cad></gpxtpx:TrackPointExtension></extensions></trkpt><trkpt lat="35.94700718" lon="120.20844663"><ele>-26.979999542236328</ele><time>2022-06-03T13:19:52Z</time><extensions><gpxtpx:TrackPointExtension><gpxtpx:hr>147</gpxtpx:hr><gpxtpx:cad>88</gpxtpx:cad></gpxtpx:TrackPointExtension></extensions></trkpt><trkpt lat="35.94701218" lon="120.2084293"><ele>-27.040000915527344</ele><time>2022-06-03T13:19:53Z</time><extensions><gpxtpx:TrackPointExtension><gpxtpx:hr>146</gpxtpx:hr><gpxtpx:cad>88</gpxtpx:cad></gpxtpx:TrackPointExtension></extensions></trkpt><trkpt lat="35.94701517" lon="120.20841131"><ele>-27.110000610351562</ele><time>2022-06-03T13:19:54Z</time><extensions><gpxtpx:TrackPointExtension><gpxtpx:hr>145</gpxtpx:hr><gpxtpx:cad>88</gpxtpx:cad></gpxtpx:TrackPointExtension></extensions></trkpt><trkpt lat="35.94701616" lon="120.20839165"><ele>-27.149999618530273</ele><time>2022-06-03T13:19:55Z</time><extensions><gpxtpx:TrackPointExtension><gpxtpx:hr>144</gpxtpx:hr><gpxtpx:cad>88</gpxtpx:cad></gpxtpx:TrackPointExtension></extensions></trkpt><trkpt lat="35.9470155" lon="120.20837032"><ele>-27.200000762939453</ele><time>2022-06-03T13:19:56Z</time><extensions><gpxtpx:TrackPointExtension><gpxtpx:hr>146</gpxtpx:hr><gpxtpx:cad>88</gpxtpx:cad></gpxtpx:TrackPointExtension></extensions></trkpt><trkpt lat="35.94701484" lon="120.20834866"><ele>-27.219999313354492</ele><time>2022-06-03T13:19:57Z</time><extensions><gpxtpx:TrackPointExtension><gpxtpx:hr>148</gpxtpx:hr><gpxtpx:cad>88</gpxtpx:cad></gpxtpx:TrackPointExtension></extensions></trkpt><trkpt lat="35.94701351" lon="120.208327"><ele>-27.200000762939453</ele><time>2022-06-03T13:19:58Z</time><extensions><gpxtpx:TrackPointExtension><gpxtpx:hr>150</gpxtpx:hr><gpxtpx:cad>88</gpxtpx:cad></gpxtpx:TrackPointExtension></extensions></trkpt><trkpt lat="35.94701285" lon="120.20830467"><ele>-27.219999313354492</ele><time>2022-06-03T13:19:59Z</time><extensions><gpxtpx:TrackPointExtension><gpxtpx:hr>151</gpxtpx:hr><gpxtpx:cad>88</gpxtpx:cad></gpxtpx:TrackPointExtension></extensions></trkpt><trkpt lat="35.94701219" lon="120.20828168"><ele>-27.200000762939453</ele><time>2022-06-03T13:20:00Z</time><extensions><gpxtpx:TrackPointExtension><gpxtpx:hr>151</gpxtpx:hr><gpxtpx:cad>88</gpxtpx:cad></gpxtpx:TrackPointExtension></extensions></trkpt><trkpt lat="35.94701186" lon="120.20825802"><ele>-27.229999542236328</ele><time>2022-06-03T13:20:01Z</time><extensions><gpxtpx:TrackPointExtension><gpxtpx:hr>153</gpxtpx:hr><gpxtpx:cad>88</gpxtpx:cad></gpxtpx:TrackPointExtension></extensions></trkpt><trkpt lat="35.94701053" lon="120.20823202"><ele>-27.209999084472656</ele><time>2022-06-03T13:20:02Z</time><extensions><gpxtpx:TrackPointExtension><gpxtpx:hr>157</gpxtpx:hr><gpxtpx:cad>88</gpxtpx:cad></gpxtpx:TrackPointExtension></extensions></trkpt><trkpt lat="35.94700854" lon="120.20820503"><ele>-27.25</ele><time>2022-06-03T13:20:03Z</time><extensions><gpxtpx:TrackPointExtension><gpxtpx:hr>159</gpxtpx:hr><gpxtpx:cad>88</gpxtpx:cad></gpxtpx:TrackPointExtension></extensions></trkpt><trkpt lat="35.94700688" lon="120.20817703"><ele>-27.25</ele><time>2022-06-03T13:20:04Z</time><extensions><gpxtpx:TrackPointExtension><gpxtpx:hr>161</gpxtpx:hr><gpxtpx:cad>88</gpxtpx:cad></gpxtpx:TrackPointExtension></extensions></trkpt><trkpt lat="35.94700488" lon="120.20814837"><ele>-27.270000457763672</ele><time>2022-06-03T13:20:05Z</time><extensions><gpxtpx:TrackPointExtension><gpxtpx:hr>162</gpxtpx:hr><gpxtpx:cad>88</gpxtpx:cad></gpxtpx:TrackPointExtension></extensions></trkpt><trkpt lat="35.94700322" lon="120.20811971"><ele>-27.280000686645508</ele><time>2022-06-03T13:20:06Z</time><extensions><gpxtpx:TrackPointExtension><gpxtpx:hr>162</gpxtpx:hr><gpxtpx:cad>88</gpxtpx:cad></gpxtpx:TrackPointExtension></extensions></trkpt><trkpt lat="35.94700089" lon="120.20809171"><ele>-27.290000915527344</ele><time>2022-06-03T13:20:07Z</time><extensions><gpxtpx:TrackPointExtension><gpxtpx:hr>162</gpxtpx:hr><gpxtpx:cad>88</gpxtpx:cad></gpxtpx:TrackPointExtension></extensions></trkpt><trkpt lat="35.94699956" lon="120.20806472"><ele>-27.290000915527344</ele><time>2022-06-03T13:20:08Z</time><extensions><gpxtpx:TrackPointExtension><gpxtpx:hr>162</gpxtpx:hr><gpxtpx:cad>88</gpxtpx:cad></gpxtpx:TrackPointExtension></extensions></trkpt><trkpt lat="35.94699723" lon="120.20803906"><ele>-27.299999237060547</ele><time>2022-06-03T13:20:09Z</time><extensions><gpxtpx:TrackPointExtension><gpxtpx:hr>162</gpxtpx:hr><gpxtpx:cad>88</gpxtpx:cad></gpxtpx:TrackPointExtension></extensions></trkpt><trkpt lat="35.9469949" lon="120.2080124"><ele>-27.309999465942383</ele><time>2022-06-03T13:20:10Z</time><extensions><gpxtpx:TrackPointExtension><gpxtpx:hr>162</gpxtpx:hr><gpxtpx:cad>88</gpxtpx:cad></gpxtpx:TrackPointExtension></extensions></trkpt><trkpt lat="35.94699157" lon="120.20798641"><ele>-27.31999969482422</ele><time>2022-06-03T13:20:11Z</time><extensions><gpxtpx:TrackPointExtension><gpxtpx:hr>164</gpxtpx:hr><gpxtpx:cad>88</gpxtpx:cad></gpxtpx:TrackPointExtension></extensions></trkpt><trkpt lat="35.94698858" lon="120.20796108"><ele>-27.34000015258789</ele><time>2022-06-03T13:20:12Z</time><extensions><gpxtpx:TrackPointExtension><gpxtpx:hr>164</gpxtpx:hr><gpxtpx:cad>89</gpxtpx:cad></gpxtpx:TrackPointExtension></extensions></trkpt><trkpt lat="35.94698659" lon="120.20793609"><ele>-27.350000381469727</ele><time>2022-06-03T13:20:13Z</time><extensions><gpxtpx:TrackPointExtension><gpxtpx:hr>164</gpxtpx:hr><gpxtpx:cad>88</gpxtpx:cad></gpxtpx:TrackPointExtension></extensions></trkpt><trkpt lat="35.94698493" lon="120.20790976"><ele>-27.360000610351562</ele><time>2022-06-03T13:20:14Z</time><extensions><gpxtpx:TrackPointExtension><gpxtpx:hr>164</gpxtpx:hr><gpxtpx:cad>88</gpxtpx:cad></gpxtpx:TrackPointExtension></extensions></trkpt><trkpt lat="35.94698327" lon="120.2078831"><ele>-27.360000610351562</ele><time>2022-06-03T13:20:15Z</time><extensions><gpxtpx:TrackPointExtension><gpxtpx:hr>164</gpxtpx:hr><gpxtpx:cad>88</gpxtpx:cad></gpxtpx:TrackPointExtension></extensions></trkpt><trkpt lat="35.94698194" lon="120.20785577"><ele>-27.350000381469727</ele><time>2022-06-03T13:20:16Z</time><extensions><gpxtpx:TrackPointExtension><gpxtpx:hr>164</gpxtpx:hr><gpxtpx:cad>89</gpxtpx:cad></gpxtpx:TrackPointExtension></extensions></trkpt><trkpt lat="35.94698128" lon="120.20782811"><ele>-27.34000015258789</ele><time>2022-06-03T13:20:17Z</time><extensions><gpxtpx:TrackPointExtension><gpxtpx:hr>164</gpxtpx:hr><gpxtpx:cad>89</gpxtpx:cad></gpxtpx:TrackPointExtension></extensions></trkpt><trkpt lat="35.94697895" lon="120.20779911"><ele>-27.34000015258789</ele><time>2022-06-03T13:20:18Z</time><extensions><gpxtpx:TrackPointExtension><gpxtpx:hr>165</gpxtpx:hr><gpxtpx:cad>89</gpxtpx:cad></gpxtpx:TrackPointExtension></extensions></trkpt><trkpt lat="35.94697562" lon="120.20776978"><ele>-27.31999969482422</ele><time>2022-06-03T13:20:19Z</time><extensions><gpxtpx:TrackPointExtension><gpxtpx:hr>167</gpxtpx:hr><gpxtpx:cad>88</gpxtpx:cad></gpxtpx:TrackPointExtension></extensions></trkpt><trkpt lat="35.94697229" lon="120.20774178"><ele>-27.31999969482422</ele><time>2022-06-03T13:20:20Z</time><extensions><gpxtpx:TrackPointExtension><gpxtpx:hr>167</gpxtpx:hr><gpxtpx:cad>88</gpxtpx:cad></gpxtpx:TrackPointExtension></extensions></trkpt><trkpt lat="35.9469693" lon="120.20771445"><ele>-27.309999465942383</ele><time>2022-06-03T13:20:21Z</time><extensions><gpxtpx:TrackPointExtension><gpxtpx:hr>167</gpxtpx:hr><gpxtpx:cad>88</gpxtpx:cad></gpxtpx:TrackPointExtension></extensions></trkpt><trkpt lat="35.94696664" lon="120.20768645"><ele>-27.309999465942383</ele><time>2022-06-03T13:20:22Z</time><extensions><gpxtpx:TrackPointExtension><gpxtpx:hr>167</gpxtpx:hr><gpxtpx:cad>88</gpxtpx:cad></gpxtpx:TrackPointExtension></extensions></trkpt><trkpt lat="35.94696498" lon="120.20765812"><ele>-27.309999465942383</ele><time>2022-06-03T13:20:23Z</time><extensions><gpxtpx:TrackPointExtension><gpxtpx:hr>167</gpxtpx:hr><gpxtpx:cad>88</gpxtpx:cad></gpxtpx:TrackPointExtension></extensions></trkpt><trkpt lat="35.94696265" lon="120.20762779"><ele>-27.290000915527344</ele><time>2022-06-03T13:20:24Z</time><extensions><gpxtpx:TrackPointExtension><gpxtpx:hr>167</gpxtpx:hr><gpxtpx:cad>88</gpxtpx:cad></gpxtpx:TrackPointExtension></extensions></trkpt><trkpt lat="35.94695999" lon="120.20759846"><ele>-27.280000686645508</ele><time>2022-06-03T13:20:25Z</time><extensions><gpxtpx:TrackPointExtension><gpxtpx:hr>166</gpxtpx:hr><gpxtpx:cad>88</gpxtpx:cad></gpxtpx:TrackPointExtension></extensions></trkpt><trkpt lat="35.94695766" lon="120.20756947"><ele>-27.280000686645508</ele><time>2022-06-03T13:20:26Z</time><extensions><gpxtpx:TrackPointExtension><gpxtpx:hr>166</gpxtpx:hr><gpxtpx:cad>88</gpxtpx:cad></gpxtpx:TrackPointExtension></extensions></trkpt><trkpt lat="35.94695467" lon="120.20753981"><ele>-27.270000457763672</ele><time>2022-06-03T13:20:27Z</time><extensions><gpxtpx:TrackPointExtension><gpxtpx:hr>166</gpxtpx:hr><gpxtpx:cad>88</gpxtpx:cad></gpxtpx:TrackPointExtension></extensions></trkpt><trkpt lat="35.94695168" lon="120.20750982"><ele>-27.31999969482422</ele><time>2022-06-03T13:20:28Z</time><extensions><gpxtpx:TrackPointExtension><gpxtpx:hr>166</gpxtpx:hr><gpxtpx:cad>88</gpxtpx:cad></gpxtpx:TrackPointExtension></extensions></trkpt><trkpt lat="35.94694835" lon="120.20747849"><ele>-27.3799991607666</ele><time>2022-06-03T13:20:29Z</time><extensions><gpxtpx:TrackPointExtension><gpxtpx:hr>168</gpxtpx:hr><gpxtpx:cad>89</gpxtpx:cad></gpxtpx:TrackPointExtension></extensions></trkpt><trkpt lat="35.94694569" lon="120.20744783"><ele>-27.450000762939453</ele><time>2022-06-03T13:20:30Z</time><extensions><gpxtpx:TrackPointExtension><gpxtpx:hr>169</gpxtpx:hr><gpxtpx:cad>89</gpxtpx:cad></gpxtpx:TrackPointExtension></extensions></trkpt><trkpt lat="35.94694136" lon="120.2074165"><ele>-27.479999542236328</ele><time>2022-06-03T13:20:31Z</time><extensions><gpxtpx:TrackPointExtension><gpxtpx:hr>170</gpxtpx:hr><gpxtpx:cad>89</gpxtpx:cad></gpxtpx:TrackPointExtension></extensions></trkpt><trkpt lat="35.9469377" lon="120.20738651"><ele>-27.530000686645508</ele><time>2022-06-03T13:20:32Z</time><extensions><gpxtpx:TrackPointExtension><gpxtpx:hr>170</gpxtpx:hr><gpxtpx:cad>89</gpxtpx:cad></gpxtpx:TrackPointExtension></extensions></trkpt><trkpt lat="35.94693404" lon="120.20735518"><ele>-27.549999237060547</ele><time>2022-06-03T13:20:33Z</time><extensions><gpxtpx:TrackPointExtension><gpxtpx:hr>170</gpxtpx:hr><gpxtpx:cad>89</gpxtpx:cad></gpxtpx:TrackPointExtension></extensions></trkpt><trkpt lat="35.94692938" lon="120.20732485"><ele>-27.59000015258789</ele><time>2022-06-03T13:20:34Z</time><extensions><gpxtpx:TrackPointExtension><gpxtpx:hr>170</gpxtpx:hr><gpxtpx:cad>88</gpxtpx:cad></gpxtpx:TrackPointExtension></extensions></trkpt><trkpt lat="35.94692505" lon="120.20729419"><ele>-27.610000610351562</ele><time>2022-06-03T13:20:35Z</time><extensions><gpxtpx:TrackPointExtension><gpxtpx:hr>170</gpxtpx:hr><gpxtpx:cad>88</gpxtpx:cad></gpxtpx:TrackPointExtension></extensions></trkpt><trkpt lat="35.94692272" lon="120.20726486"><ele>-27.6200008392334</ele><time>2022-06-03T13:20:36Z</time><extensions><gpxtpx:TrackPointExtension><gpxtpx:cad>88</gpxtpx:cad></gpxtpx:TrackPointExtension></extensions></trkpt><trkpt lat="35.94692438" lon="120.20723686"><ele>-27.6299991607666</ele><time>2022-06-03T13:20:37Z</time><extensions><gpxtpx:TrackPointExtension><gpxtpx:hr>170</gpxtpx:hr><gpxtpx:cad>88</gpxtpx:cad></gpxtpx:TrackPointExtension></extensions></trkpt><trkpt lat="35.94692971" lon="120.20720953"><ele>-27.649999618530273</ele><time>2022-06-03T13:20:38Z</time><extensions><gpxtpx:TrackPointExtension><gpxtpx:hr>170</gpxtpx:hr><gpxtpx:cad>88</gpxtpx:cad></gpxtpx:TrackPointExtension></extensions></trkpt><trkpt lat="35.94693671" lon="120.20718287"><ele>-27.670000076293945</ele><time>2022-06-03T13:20:39Z</time><extensions><gpxtpx:TrackPointExtension><gpxtpx:hr>171</gpxtpx:hr><gpxtpx:cad>88</gpxtpx:cad></gpxtpx:TrackPointExtension></extensions></trkpt><trkpt lat="35.94694604" lon="120.20715621"><ele>-27.649999618530273</ele><time>2022-06-03T13:20:40Z</time><extensions><gpxtpx:TrackPointExtension><gpxtpx:hr>173</gpxtpx:hr><gpxtpx:cad>88</gpxtpx:cad></gpxtpx:TrackPointExtension></extensions></trkpt><trkpt lat="35.9469567" lon="120.20713088"><ele>-27.649999618530273</ele><time>2022-06-03T13:20:41Z</time><extensions><gpxtpx:TrackPointExtension><gpxtpx:hr>173</gpxtpx:hr><gpxtpx:cad>88</gpxtpx:cad></gpxtpx:TrackPointExtension></extensions></trkpt><trkpt lat="35.94696869" lon="120.20710722"><ele>-27.639999389648438</ele><time>2022-06-03T13:20:42Z</time><extensions><gpxtpx:TrackPointExtension><gpxtpx:hr>174</gpxtpx:hr><gpxtpx:cad>88</gpxtpx:cad></gpxtpx:TrackPointExtension></extensions></trkpt><trkpt lat="35.94698002" lon="120.20708189"><ele>-27.639999389648438</ele><time>2022-06-03T13:20:43Z</time><extensions><gpxtpx:TrackPointExtension><gpxtpx:hr>174</gpxtpx:hr><gpxtpx:cad>89</gpxtpx:cad></gpxtpx:TrackPointExtension></extensions></trkpt><trkpt lat="35.94699302" lon="120.20705823"><ele>-27.639999389648438</ele><time>2022-06-03T13:20:44Z</time><extensions><gpxtpx:TrackPointExtension><gpxtpx:hr>174</gpxtpx:hr><gpxtpx:cad>89</gpxtpx:cad></gpxtpx:TrackPointExtension></extensions></trkpt><trkpt lat="35.94700501" lon="120.2070339"><ele>-27.639999389648438</ele><time>2022-06-03T13:20:45Z</time><extensions><gpxtpx:TrackPointExtension><gpxtpx:hr>175</gpxtpx:hr><gpxtpx:cad>88</gpxtpx:cad></gpxtpx:TrackPointExtension></extensions></trkpt><trkpt lat="35.94701767" lon="120.20701024"><ele>-27.6200008392334</ele><time>2022-06-03T13:20:46Z</time><extensions><gpxtpx:TrackPointExtension><gpxtpx:hr>175</gpxtpx:hr><gpxtpx:cad>89</gpxtpx:cad></gpxtpx:TrackPointExtension></extensions></trkpt><trkpt lat="35.94702966" lon="120.20698658"><ele>-27.59000015258789</ele><time>2022-06-03T13:20:47Z</time><extensions><gpxtpx:TrackPointExtension><gpxtpx:hr>175</gpxtpx:hr><gpxtpx:cad>88</gpxtpx:cad></gpxtpx:TrackPointExtension></extensions></trkpt><trkpt lat="35.94704099" lon="120.20696192"><ele>-27.540000915527344</ele><time>2022-06-03T13:20:48Z</time><extensions><gpxtpx:TrackPointExtension><gpxtpx:hr>175</gpxtpx:hr><gpxtpx:cad>89</gpxtpx:cad></gpxtpx:TrackPointExtension></extensions></trkpt><trkpt lat="35.94705199" lon="120.20693692"><ele>-27.479999542236328</ele><time>2022-06-03T13:20:49Z</time><extensions><gpxtpx:TrackPointExtension><gpxtpx:hr>175</gpxtpx:hr><gpxtpx:cad>89</gpxtpx:cad></gpxtpx:TrackPointExtension></extensions></trkpt><trkpt lat="35.94706232" lon="120.20691226"><ele>-27.450000762939453</ele><time>2022-06-03T13:20:50Z</time><extensions><gpxtpx:TrackPointExtension><gpxtpx:hr>175</gpxtpx:hr><gpxtpx:cad>89</gpxtpx:cad></gpxtpx:TrackPointExtension></extensions></trkpt><trkpt lat="35.94707165" lon="120.20688726"><ele>-27.3799991607666</ele><time>2022-06-03T13:20:51Z</time><extensions><gpxtpx:TrackPointExtension><gpxtpx:hr>176</gpxtpx:hr><gpxtpx:cad>89</gpxtpx:cad></gpxtpx:TrackPointExtension></extensions></trkpt><trkpt lat="35.94708131" lon="120.2068626"><ele>-27.350000381469727</ele><time>2022-06-03T13:20:52Z</time><extensions><gpxtpx:TrackPointExtension><gpxtpx:hr>176</gpxtpx:hr><gpxtpx:cad>89</gpxtpx:cad></gpxtpx:TrackPointExtension></extensions></trkpt><trkpt lat="35.94709131" lon="120.20683794"><ele>-27.299999237060547</ele><time>2022-06-03T13:20:53Z</time><extensions><gpxtpx:TrackPointExtension><gpxtpx:hr>177</gpxtpx:hr><gpxtpx:cad>88</gpxtpx:cad></gpxtpx:TrackPointExtension></extensions></trkpt><trkpt lat="35.94710164" lon="120.20681394"><ele>-27.280000686645508</ele><time>2022-06-03T13:20:54Z</time><extensions><gpxtpx:TrackPointExtension><gpxtpx:hr>177</gpxtpx:hr><gpxtpx:cad>89</gpxtpx:cad></gpxtpx:TrackPointExtension></extensions></trkpt><trkpt lat="35.94711263" lon="120.20678961"><ele>-27.25</ele><time>2022-06-03T13:20:55Z</time><extensions><gpxtpx:TrackPointExtension><gpxtpx:hr>177</gpxtpx:hr><gpxtpx:cad>88</gpxtpx:cad></gpxtpx:TrackPointExtension></extensions></trkpt><trkpt lat="35.94712363" lon="120.20676462"><ele>-27.190000534057617</ele><time>2022-06-03T13:20:56Z</time><extensions><gpxtpx:TrackPointExtension><gpxtpx:hr>177</gpxtpx:hr><gpxtpx:cad>89</gpxtpx:cad></gpxtpx:TrackPointExtension></extensions></trkpt><trkpt lat="35.94713429" lon="120.20673996"><ele>-27.1200008392334</ele><time>2022-06-03T13:20:57Z</time><extensions><gpxtpx:TrackPointExtension><gpxtpx:hr>177</gpxtpx:hr><gpxtpx:cad>89</gpxtpx:cad></gpxtpx:TrackPointExtension></extensions></trkpt><trkpt lat="35.94714562" lon="120.20671363"><ele>-27.09000015258789</ele><time>2022-06-03T13:20:58Z</time><extensions><gpxtpx:TrackPointExtension><gpxtpx:hr>177</gpxtpx:hr><gpxtpx:cad>89</gpxtpx:cad></gpxtpx:TrackPointExtension></extensions></trkpt><trkpt lat="35.94715628" lon="120.2066863"><ele>-27.049999237060547</ele><time>2022-06-03T13:20:59Z</time><extensions><gpxtpx:TrackPointExtension><gpxtpx:hr>177</gpxtpx:hr><gpxtpx:cad>89</gpxtpx:cad></gpxtpx:TrackPointExtension></extensions></trkpt><trkpt lat="35.94716594" lon="120.20665964"><ele>-27.020000457763672</ele><time>2022-06-03T13:21:00Z</time><extensions><gpxtpx:TrackPointExtension><gpxtpx:hr>177</gpxtpx:hr><gpxtpx:cad>89</gpxtpx:cad></gpxtpx:TrackPointExtension></extensions></trkpt><trkpt lat="35.94717594" lon="120.20663231"><ele>-26.969999313354492</ele><time>2022-06-03T13:21:01Z</time><extensions><gpxtpx:TrackPointExtension><gpxtpx:hr>176</gpxtpx:hr><gpxtpx:cad>89</gpxtpx:cad></gpxtpx:TrackPointExtension></extensions></trkpt><trkpt lat="35.9471856" lon="120.20660465"><ele>-26.950000762939453</ele><time>2022-06-03T13:21:02Z</time><extensions><gpxtpx:TrackPointExtension><gpxtpx:hr>176</gpxtpx:hr><gpxtpx:cad>88</gpxtpx:cad></gpxtpx:TrackPointExtension></extensions></trkpt><trkpt lat="35.94719493" lon="120.20657699"><ele>-26.93000030517578</ele><time>2022-06-03T13:21:03Z</time><extensions><gpxtpx:TrackPointExtension><gpxtpx:hr>176</gpxtpx:hr><gpxtpx:cad>89</gpxtpx:cad></gpxtpx:TrackPointExtension></extensions></trkpt><trkpt lat="35.94720526" lon="120.20654933"><ele>-26.889999389648438</ele><time>2022-06-03T13:21:04Z</time><extensions><gpxtpx:TrackPointExtension><gpxtpx:hr>177</gpxtpx:hr><gpxtpx:cad>89</gpxtpx:cad></gpxtpx:TrackPointExtension></extensions></trkpt><trkpt lat="35.94721492" lon="120.20652167"><ele>-26.899999618530273</ele><time>2022-06-03T13:21:05Z</time><extensions><gpxtpx:TrackPointExtension><gpxtpx:hr>177</gpxtpx:hr><gpxtpx:cad>88</gpxtpx:cad></gpxtpx:TrackPointExtension></extensions></trkpt><trkpt lat="35.94722525" lon="120.20649468"><ele>-26.920000076293945</ele><time>2022-06-03T13:21:06Z</time><extensions><gpxtpx:TrackPointExtension><gpxtpx:hr>176</gpxtpx:hr><gpxtpx:cad>89</gpxtpx:cad></gpxtpx:TrackPointExtension></extensions></trkpt><trkpt lat="35.94723658" lon="120.20646868"><ele>-26.93000030517578</ele><time>2022-06-03T13:21:07Z</time><extensions><gpxtpx:TrackPointExtension><gpxtpx:hr>176</gpxtpx:hr><gpxtpx:cad>90</gpxtpx:cad></gpxtpx:TrackPointExtension></extensions></trkpt><trkpt lat="35.94724724" lon="120.20644168"><ele>-26.940000534057617</ele><time>2022-06-03T13:21:08Z</time><extensions><gpxtpx:TrackPointExtension><gpxtpx:hr>176</gpxtpx:hr><gpxtpx:cad>89</gpxtpx:cad></gpxtpx:TrackPointExtension></extensions></trkpt><trkpt lat="35.94725824" lon="120.20641535"><ele>-26.940000534057617</ele><time>2022-06-03T13:21:09Z</time><extensions><gpxtpx:TrackPointExtension><gpxtpx:hr>175</gpxtpx:hr><gpxtpx:cad>89</gpxtpx:cad></gpxtpx:TrackPointExtension></extensions></trkpt><trkpt lat="35.94726924" lon="120.20639002"><ele>-26.950000762939453</ele><time>2022-06-03T13:21:10Z</time><extensions><gpxtpx:TrackPointExtension><gpxtpx:hr>175</gpxtpx:hr><gpxtpx:cad>89</gpxtpx:cad></gpxtpx:TrackPointExtension></extensions></trkpt><trkpt lat="35.94728123" lon="120.20636636"><ele>-27.010000228881836</ele><time>2022-06-03T13:21:11Z</time><extensions><gpxtpx:TrackPointExtension><gpxtpx:hr>175</gpxtpx:hr><gpxtpx:cad>88</gpxtpx:cad></gpxtpx:TrackPointExtension></extensions></trkpt><trkpt lat="35.94729389" lon="120.20634237"><ele>-27.040000915527344</ele><time>2022-06-03T13:21:12Z</time><extensions><gpxtpx:TrackPointExtension><gpxtpx:hr>175</gpxtpx:hr><gpxtpx:cad>88</gpxtpx:cad></gpxtpx:TrackPointExtension></extensions></trkpt><trkpt lat="35.94730622" lon="120.20632037"><ele>-27.110000610351562</ele><time>2022-06-03T13:21:13Z</time><extensions><gpxtpx:TrackPointExtension><gpxtpx:hr>175</gpxtpx:hr><gpxtpx:cad>88</gpxtpx:cad></gpxtpx:TrackPointExtension></extensions></trkpt><trkpt lat="35.94731822" lon="120.20629871"><ele>-27.149999618530273</ele><time>2022-06-03T13:21:14Z</time><extensions><gpxtpx:TrackPointExtension><gpxtpx:hr>175</gpxtpx:hr><gpxtpx:cad>88</gpxtpx:cad></gpxtpx:TrackPointExtension></extensions></trkpt><trkpt lat="35.94733021" lon="120.20627605"><ele>-27.200000762939453</ele><time>2022-06-03T13:21:15Z</time><extensions><gpxtpx:TrackPointExtension><gpxtpx:hr>174</gpxtpx:hr><gpxtpx:cad>88</gpxtpx:cad></gpxtpx:TrackPointExtension></extensions></trkpt><trkpt lat="35.94734121" lon="120.20625439"><ele>-27.219999313354492</ele><time>2022-06-03T13:21:16Z</time><extensions><gpxtpx:TrackPointExtension><gpxtpx:hr>174</gpxtpx:hr><gpxtpx:cad>88</gpxtpx:cad></gpxtpx:TrackPointExtension></extensions></trkpt><trkpt lat="35.94735187" lon="120.20623439"><ele>-27.270000457763672</ele><time>2022-06-03T13:21:17Z</time><extensions><gpxtpx:TrackPointExtension><gpxtpx:hr>174</gpxtpx:hr><gpxtpx:cad>88</gpxtpx:cad></gpxtpx:TrackPointExtension></extensions></trkpt><trkpt lat="35.94736153" lon="120.2062154"><ele>-27.290000915527344</ele><time>2022-06-03T13:21:18Z</time><extensions><gpxtpx:TrackPointExtension><gpxtpx:hr>175</gpxtpx:hr><gpxtpx:cad>88</gpxtpx:cad></gpxtpx:TrackPointExtension></extensions></trkpt><trkpt lat="35.94737019" lon="120.20619841"><ele>-27.31999969482422</ele><time>2022-06-03T13:21:19Z</time><extensions><gpxtpx:TrackPointExtension><gpxtpx:hr>176</gpxtpx:hr></gpxtpx:TrackPointExtension></extensions></trkpt><trkpt lat="35.94737852" lon="120.20618175"><ele>-27.3700008392334</ele><time>2022-06-03T13:21:20Z</time><extensions><gpxtpx:TrackPointExtension><gpxtpx:hr>176</gpxtpx:hr><gpxtpx:cad>88</gpxtpx:cad></gpxtpx:TrackPointExtension></extensions></trkpt><trkpt lat="35.94738718" lon="120.20616709"><ele>-27.420000076293945</ele><time>2022-06-03T13:21:21Z</time><extensions><gpxtpx:TrackPointExtension><gpxtpx:hr>176</gpxtpx:hr><gpxtpx:cad>88</gpxtpx:cad></gpxtpx:TrackPointExtension></extensions></trkpt><trkpt lat="35.94739384" lon="120.2061511"><ele>-27.459999084472656</ele><time>2022-06-03T13:21:22Z</time><extensions><gpxtpx:TrackPointExtension><gpxtpx:hr>176</gpxtpx:hr><gpxtpx:cad>88</gpxtpx:cad></gpxtpx:TrackPointExtension></extensions></trkpt><trkpt lat="35.94740084" lon="120.20613544"><ele>-27.530000686645508</ele><time>2022-06-03T13:21:23Z</time><extensions><gpxtpx:TrackPointExtension><gpxtpx:hr>175</gpxtpx:hr><gpxtpx:cad>88</gpxtpx:cad></gpxtpx:TrackPointExtension></extensions></trkpt><trkpt lat="35.9474075" lon="120.20611978"><ele>-27.549999237060547</ele><time>2022-06-03T13:21:24Z</time><extensions><gpxtpx:TrackPointExtension><gpxtpx:hr>173</gpxtpx:hr></gpxtpx:TrackPointExtension></extensions></trkpt><trkpt lat="35.94741483" lon="120.20610445"><ele>-27.59000015258789</ele><time>2022-06-03T13:21:25Z</time><extensions><gpxtpx:TrackPointExtension><gpxtpx:hr>173</gpxtpx:hr><gpxtpx:cad>88</gpxtpx:cad></gpxtpx:TrackPointExtension></extensions></trkpt><trkpt lat="35.94742182" lon="120.20608879"><ele>-27.6200008392334</ele><time>2022-06-03T13:21:26Z</time><extensions><gpxtpx:TrackPointExtension><gpxtpx:hr>173</gpxtpx:hr><gpxtpx:cad>88</gpxtpx:cad></gpxtpx:TrackPointExtension></extensions></trkpt><trkpt lat="35.94742815" lon="120.20607213"><ele>-27.639999389648438</ele><time>2022-06-03T13:21:27Z</time><extensions><gpxtpx:TrackPointExtension><gpxtpx:hr>173</gpxtpx:hr><gpxtpx:cad>88</gpxtpx:cad></gpxtpx:TrackPointExtension></extensions></trkpt><trkpt lat="35.94743448" lon="120.20605514"><ele>-27.68000030517578</ele><time>2022-06-03T13:21:28Z</time><extensions><gpxtpx:TrackPointExtension><gpxtpx:hr>173</gpxtpx:hr><gpxtpx:cad>88</gpxtpx:cad></gpxtpx:TrackPointExtension></extensions></trkpt><trkpt lat="35.94744047" lon="120.20603815"><ele>-27.700000762939453</ele><time>2022-06-03T13:21:29Z</time><extensions><gpxtpx:TrackPointExtension><gpxtpx:hr>174</gpxtpx:hr><gpxtpx:cad>88</gpxtpx:cad></gpxtpx:TrackPointExtension></extensions></trkpt><trkpt lat="35.94744613" lon="120.20602116"><ele>-27.760000228881836</ele><time>2022-06-03T13:21:30Z</time><extensions><gpxtpx:TrackPointExtension><gpxtpx:hr>174</gpxtpx:hr><gpxtpx:cad>88</gpxtpx:cad></gpxtpx:TrackPointExtension></extensions></trkpt><trkpt lat="35.94745179" lon="120.20600483"><ele>-27.790000915527344</ele><time>2022-06-03T13:21:31Z</time><extensions><gpxtpx:TrackPointExtension><gpxtpx:hr>175</gpxtpx:hr><gpxtpx:cad>88</gpxtpx:cad></gpxtpx:TrackPointExtension></extensions></trkpt><trkpt lat="35.94745745" lon="120.2059885"><ele>-27.850000381469727</ele><time>2022-06-03T13:21:32Z</time><extensions><gpxtpx:TrackPointExtension><gpxtpx:hr>174</gpxtpx:hr><gpxtpx:cad>88</gpxtpx:cad></gpxtpx:TrackPointExtension></extensions></trkpt><trkpt lat="35.94746411" lon="120.2059725"><ele>-27.8700008392334</ele><time>2022-06-03T13:21:33Z</time><extensions><gpxtpx:TrackPointExtension><gpxtpx:hr>174</gpxtpx:hr><gpxtpx:cad>88</gpxtpx:cad></gpxtpx:TrackPointExtension></extensions></trkpt><trkpt lat="35.94747211" lon="120.2059565"><ele>-27.899999618530273</ele><time>2022-06-03T13:21:34Z</time><extensions><gpxtpx:TrackPointExtension><gpxtpx:hr>172</gpxtpx:hr><gpxtpx:cad>88</gpxtpx:cad></gpxtpx:TrackPointExtension></extensions></trkpt><trkpt lat="35.94747944" lon="120.20593717"><ele>-27.899999618530273</ele><time>2022-06-03T13:21:35Z</time><extensions><gpxtpx:TrackPointExtension><gpxtpx:hr>172</gpxtpx:hr><gpxtpx:cad>88</gpxtpx:cad></gpxtpx:TrackPointExtension></extensions></trkpt><trkpt lat="35.94748744" lon="120.20591751"><ele>-27.899999618530273</ele><time>2022-06-03T13:21:36Z</time><extensions><gpxtpx:TrackPointExtension><gpxtpx:hr>173</gpxtpx:hr><gpxtpx:cad>88</gpxtpx:cad></gpxtpx:TrackPointExtension></extensions></trkpt><trkpt lat="35.94749544" lon="120.20589685"><ele>-27.84000015258789</ele><time>2022-06-03T13:21:37Z</time><extensions><gpxtpx:TrackPointExtension><gpxtpx:hr>173</gpxtpx:hr><gpxtpx:cad>88</gpxtpx:cad></gpxtpx:TrackPointExtension></extensions></trkpt><trkpt lat="35.94750343" lon="120.20587486"><ele>-27.760000228881836</ele><time>2022-06-03T13:21:38Z</time><extensions><gpxtpx:TrackPointExtension><gpxtpx:hr>173</gpxtpx:hr><gpxtpx:cad>88</gpxtpx:cad></gpxtpx:TrackPointExtension></extensions></trkpt><trkpt lat="35.94751143" lon="120.20585153"><ele>-27.690000534057617</ele><time>2022-06-03T13:21:39Z</time><extensions><gpxtpx:TrackPointExtension><gpxtpx:hr>174</gpxtpx:hr><gpxtpx:cad>88</gpxtpx:cad></gpxtpx:TrackPointExtension></extensions></trkpt><trkpt lat="35.94751909" lon="120.20582754"><ele>-27.6200008392334</ele><time>2022-06-03T13:21:40Z</time><extensions><gpxtpx:TrackPointExtension><gpxtpx:hr>173</gpxtpx:hr><gpxtpx:cad>88</gpxtpx:cad></gpxtpx:TrackPointExtension></extensions></trkpt><trkpt lat="35.94752642" lon="120.20580188"><ele>-27.610000610351562</ele><time>2022-06-03T13:21:41Z</time><extensions><gpxtpx:TrackPointExtension><gpxtpx:hr>172</gpxtpx:hr><gpxtpx:cad>88</gpxtpx:cad></gpxtpx:TrackPointExtension></extensions></trkpt><trkpt lat="35.94753408" lon="120.20577622"><ele>-27.59000015258789</ele><time>2022-06-03T13:21:42Z</time><extensions><gpxtpx:TrackPointExtension><gpxtpx:hr>171</gpxtpx:hr><gpxtpx:cad>88</gpxtpx:cad></gpxtpx:TrackPointExtension></extensions></trkpt><trkpt lat="35.94754274" lon="120.20575123"><ele>-27.56999969482422</ele><time>2022-06-03T13:21:43Z</time><extensions><gpxtpx:TrackPointExtension><gpxtpx:hr>173</gpxtpx:hr><gpxtpx:cad>88</gpxtpx:cad></gpxtpx:TrackPointExtension></extensions></trkpt><trkpt lat="35.94755207" lon="120.20572657"><ele>-27.56999969482422</ele><time>2022-06-03T13:21:44Z</time><extensions><gpxtpx:TrackPointExtension><gpxtpx:hr>176</gpxtpx:hr><gpxtpx:cad>89</gpxtpx:cad></gpxtpx:TrackPointExtension></extensions></trkpt><trkpt lat="35.94756106" lon="120.20570258"><ele>-27.600000381469727</ele><time>2022-06-03T13:21:45Z</time><extensions><gpxtpx:TrackPointExtension><gpxtpx:hr>177</gpxtpx:hr><gpxtpx:cad>88</gpxtpx:cad></gpxtpx:TrackPointExtension></extensions></trkpt><trkpt lat="35.94757039" lon="120.20567825"><ele>-27.59000015258789</ele><time>2022-06-03T13:21:46Z</time><extensions><gpxtpx:TrackPointExtension><gpxtpx:hr>177</gpxtpx:hr><gpxtpx:cad>89</gpxtpx:cad></gpxtpx:TrackPointExtension></extensions></trkpt><trkpt lat="35.94758039" lon="120.20565492"><ele>-27.59000015258789</ele><time>2022-06-03T13:21:47Z</time><extensions><gpxtpx:TrackPointExtension><gpxtpx:hr>177</gpxtpx:hr><gpxtpx:cad>88</gpxtpx:cad></gpxtpx:TrackPointExtension></extensions></trkpt><trkpt lat="35.94759105" lon="120.20563193"><ele>-27.549999237060547</ele><time>2022-06-03T13:21:48Z</time><extensions><gpxtpx:TrackPointExtension><gpxtpx:hr>177</gpxtpx:hr><gpxtpx:cad>88</gpxtpx:cad></gpxtpx:TrackPointExtension></extensions></trkpt><trkpt lat="35.94760038" lon="120.20560827"><ele>-27.549999237060547</ele><time>2022-06-03T13:21:49Z</time><extensions><gpxtpx:TrackPointExtension><gpxtpx:hr>177</gpxtpx:hr><gpxtpx:cad>88</gpxtpx:cad></gpxtpx:TrackPointExtension></extensions></trkpt><trkpt lat="35.94761004" lon="120.20558494"><ele>-27.540000915527344</ele><time>2022-06-03T13:21:50Z</time><extensions><gpxtpx:TrackPointExtension><gpxtpx:hr>177</gpxtpx:hr><gpxtpx:cad>88</gpxtpx:cad></gpxtpx:TrackPointExtension></extensions></trkpt><trkpt lat="35.9476197" lon="120.20556195"><ele>-27.540000915527344</ele><time>2022-06-03T13:21:51Z</time><extensions><gpxtpx:TrackPointExtension><gpxtpx:hr>176</gpxtpx:hr><gpxtpx:cad>88</gpxtpx:cad></gpxtpx:TrackPointExtension></extensions></trkpt><trkpt lat="35.94762836" lon="120.20553995"><ele>-27.530000686645508</ele><time>2022-06-03T13:21:52Z</time><extensions><gpxtpx:TrackPointExtension><gpxtpx:hr>176</gpxtpx:hr><gpxtpx:cad>88</gpxtpx:cad></gpxtpx:TrackPointExtension></extensions></trkpt><trkpt lat="35.94763569" lon="120.20551862"><ele>-27.530000686645508</ele><time>2022-06-03T13:21:53Z</time><extensions><gpxtpx:TrackPointExtension><gpxtpx:hr>175</gpxtpx:hr><gpxtpx:cad>88</gpxtpx:cad></gpxtpx:TrackPointExtension></extensions></trkpt><trkpt lat="35.94764235" lon="120.20549996"><ele>-27.520000457763672</ele><time>2022-06-03T13:21:54Z</time><extensions><gpxtpx:TrackPointExtension><gpxtpx:hr>175</gpxtpx:hr><gpxtpx:cad>88</gpxtpx:cad></gpxtpx:TrackPointExtension></extensions></trkpt><trkpt lat="35.94764901" lon="120.20548163"><ele>-27.530000686645508</ele><time>2022-06-03T13:21:55Z</time><extensions><gpxtpx:TrackPointExtension><gpxtpx:hr>175</gpxtpx:hr><gpxtpx:cad>88</gpxtpx:cad></gpxtpx:TrackPointExtension></extensions></trkpt><trkpt lat="35.94765567" lon="120.20546397"><ele>-27.540000915527344</ele><time>2022-06-03T13:21:56Z</time><extensions><gpxtpx:TrackPointExtension><gpxtpx:hr>175</gpxtpx:hr><gpxtpx:cad>88</gpxtpx:cad></gpxtpx:TrackPointExtension></extensions></trkpt><trkpt lat="35.94766166" lon="120.20544698"><ele>-27.56999969482422</ele><time>2022-06-03T13:21:57Z</time><extensions><gpxtpx:TrackPointExtension><gpxtpx:hr>175</gpxtpx:hr><gpxtpx:cad>88</gpxtpx:cad></gpxtpx:TrackPointExtension></extensions></trkpt><trkpt lat="35.94766765" lon="120.20542999"><ele>-27.610000610351562</ele><time>2022-06-03T13:21:58Z</time><extensions><gpxtpx:TrackPointExtension><gpxtpx:hr>175</gpxtpx:hr><gpxtpx:cad>88</gpxtpx:cad></gpxtpx:TrackPointExtension></extensions></trkpt><trkpt lat="35.94767431" lon="120.20541366"><ele>-27.6200008392334</ele><time>2022-06-03T13:21:59Z</time><extensions><gpxtpx:TrackPointExtension><gpxtpx:hr>174</gpxtpx:hr><gpxtpx:cad>88</gpxtpx:cad></gpxtpx:TrackPointExtension></extensions></trkpt><trkpt lat="35.94768131" lon="120.20539733"><ele>-27.6299991607666</ele><time>2022-06-03T13:22:00Z</time><extensions><gpxtpx:TrackPointExtension><gpxtpx:hr>174</gpxtpx:hr><gpxtpx:cad>88</gpxtpx:cad></gpxtpx:TrackPointExtension></extensions></trkpt><trkpt lat="35.94768897" lon="120.20538067"><ele>-27.6200008392334</ele><time>2022-06-03T13:22:01Z</time><extensions><gpxtpx:TrackPointExtension><gpxtpx:hr>175</gpxtpx:hr><gpxtpx:cad>88</gpxtpx:cad></gpxtpx:TrackPointExtension></extensions></trkpt><trkpt lat="35.94769663" lon="120.20536501"><ele>-27.6200008392334</ele><time>2022-06-03T13:22:02Z</time><extensions><gpxtpx:TrackPointExtension><gpxtpx:hr>175</gpxtpx:hr><gpxtpx:cad>88</gpxtpx:cad></gpxtpx:TrackPointExtension></extensions></trkpt><trkpt lat="35.94770429" lon="120.20535001"><ele>-27.56999969482422</ele><time>2022-06-03T13:22:03Z</time><extensions><gpxtpx:TrackPointExtension><gpxtpx:hr>175</gpxtpx:hr><gpxtpx:cad>88</gpxtpx:cad></gpxtpx:TrackPointExtension></extensions></trkpt><trkpt lat="35.94771195" lon="120.20533302"><ele>-27.549999237060547</ele><time>2022-06-03T13:22:04Z</time><extensions><gpxtpx:TrackPointExtension><gpxtpx:hr>176</gpxtpx:hr><gpxtpx:cad>88</gpxtpx:cad></gpxtpx:TrackPointExtension></extensions></trkpt><trkpt lat="35.94771994" lon="120.20531336"><ele>-27.540000915527344</ele><time>2022-06-03T13:22:05Z</time><extensions><gpxtpx:TrackPointExtension><gpxtpx:hr>176</gpxtpx:hr><gpxtpx:cad>88</gpxtpx:cad></gpxtpx:TrackPointExtension></extensions></trkpt><trkpt lat="35.94772727" lon="120.2052917"><ele>-27.530000686645508</ele><time>2022-06-03T13:22:06Z</time><extensions><gpxtpx:TrackPointExtension><gpxtpx:hr>176</gpxtpx:hr><gpxtpx:cad>88</gpxtpx:cad></gpxtpx:TrackPointExtension></extensions></trkpt><trkpt lat="35.9477356" lon="120.2052697"><ele>-27.520000457763672</ele><time>2022-06-03T13:22:07Z</time><extensions><gpxtpx:TrackPointExtension><gpxtpx:hr>176</gpxtpx:hr><gpxtpx:cad>88</gpxtpx:cad></gpxtpx:TrackPointExtension></extensions></trkpt><trkpt lat="35.94774393" lon="120.20524704"><ele>-27.510000228881836</ele><time>2022-06-03T13:22:08Z</time><extensions><gpxtpx:TrackPointExtension><gpxtpx:hr>177</gpxtpx:hr><gpxtpx:cad>87</gpxtpx:cad></gpxtpx:TrackPointExtension></extensions></trkpt><trkpt lat="35.94775326" lon="120.20522471"><ele>-27.510000228881836</ele><time>2022-06-03T13:22:09Z</time><extensions><gpxtpx:TrackPointExtension><gpxtpx:hr>177</gpxtpx:hr><gpxtpx:cad>87</gpxtpx:cad></gpxtpx:TrackPointExtension></extensions></trkpt><trkpt lat="35.94776326" lon="120.20520172"><ele>-27.5</ele><time>2022-06-03T13:22:10Z</time><extensions><gpxtpx:TrackPointExtension><gpxtpx:hr>178</gpxtpx:hr><gpxtpx:cad>87</gpxtpx:cad></gpxtpx:TrackPointExtension></extensions></trkpt><trkpt lat="35.94777359" lon="120.20517773"><ele>-27.520000457763672</ele><time>2022-06-03T13:22:11Z</time><extensions><gpxtpx:TrackPointExtension><gpxtpx:hr>178</gpxtpx:hr><gpxtpx:cad>88</gpxtpx:cad></gpxtpx:TrackPointExtension></extensions></trkpt><trkpt lat="35.94778192" lon="120.20515007"><ele>-27.540000915527344</ele><time>2022-06-03T13:22:12Z</time><extensions><gpxtpx:TrackPointExtension><gpxtpx:hr>178</gpxtpx:hr><gpxtpx:cad>88</gpxtpx:cad></gpxtpx:TrackPointExtension></extensions></trkpt><trkpt lat="35.94778958" lon="120.20512341"><ele>-27.549999237060547</ele><time>2022-06-03T13:22:13Z</time><extensions><gpxtpx:TrackPointExtension><gpxtpx:hr>178</gpxtpx:hr><gpxtpx:cad>88</gpxtpx:cad></gpxtpx:TrackPointExtension></extensions></trkpt><trkpt lat="35.94779758" lon="120.20509608"><ele>-27.59000015258789</ele><time>2022-06-03T13:22:14Z</time><extensions><gpxtpx:TrackPointExtension><gpxtpx:hr>179</gpxtpx:hr><gpxtpx:cad>88</gpxtpx:cad></gpxtpx:TrackPointExtension></extensions></trkpt><trkpt lat="35.94780624" lon="120.20506842"><ele>-27.610000610351562</ele><time>2022-06-03T13:22:15Z</time><extensions><gpxtpx:TrackPointExtension><gpxtpx:hr>179</gpxtpx:hr><gpxtpx:cad>88</gpxtpx:cad></gpxtpx:TrackPointExtension></extensions></trkpt><trkpt lat="35.94781657" lon="120.20504176"><ele>-27.6299991607666</ele><time>2022-06-03T13:22:16Z</time><extensions><gpxtpx:TrackPointExtension><gpxtpx:hr>180</gpxtpx:hr><gpxtpx:cad>88</gpxtpx:cad></gpxtpx:TrackPointExtension></extensions></trkpt><trkpt lat="35.94782623" lon="120.20501443"><ele>-27.670000076293945</ele><time>2022-06-03T13:22:17Z</time><extensions><gpxtpx:TrackPointExtension><gpxtpx:hr>180</gpxtpx:hr><gpxtpx:cad>88</gpxtpx:cad></gpxtpx:TrackPointExtension></extensions></trkpt><trkpt lat="35.94783556" lon="120.20498777"><ele>-27.690000534057617</ele><time>2022-06-03T13:22:18Z</time><extensions><gpxtpx:TrackPointExtension><gpxtpx:hr>180</gpxtpx:hr><gpxtpx:cad>88</gpxtpx:cad></gpxtpx:TrackPointExtension></extensions></trkpt><trkpt lat="35.94784389" lon="120.20496077"><ele>-27.700000762939453</ele><time>2022-06-03T13:22:19Z</time><extensions><gpxtpx:TrackPointExtension><gpxtpx:hr>180</gpxtpx:hr><gpxtpx:cad>88</gpxtpx:cad></gpxtpx:TrackPointExtension></extensions></trkpt><trkpt lat="35.94785222" lon="120.20493377"><ele>-27.700000762939453</ele><time>2022-06-03T13:22:20Z</time><extensions><gpxtpx:TrackPointExtension><gpxtpx:hr>180</gpxtpx:hr><gpxtpx:cad>88</gpxtpx:cad></gpxtpx:TrackPointExtension></extensions></trkpt><trkpt lat="35.94785955" lon="120.20490577"><ele>-27.700000762939453</ele><time>2022-06-03T13:22:21Z</time><extensions><gpxtpx:TrackPointExtension><gpxtpx:hr>180</gpxtpx:hr><gpxtpx:cad>88</gpxtpx:cad></gpxtpx:TrackPointExtension></extensions></trkpt><trkpt lat="35.94786588" lon="120.20487811"><ele>-27.700000762939453</ele><time>2022-06-03T13:22:22Z</time><extensions><gpxtpx:TrackPointExtension><gpxtpx:hr>182</gpxtpx:hr><gpxtpx:cad>89</gpxtpx:cad></gpxtpx:TrackPointExtension></extensions></trkpt><trkpt lat="35.94787021" lon="120.20484945"><ele>-27.700000762939453</ele><time>2022-06-03T13:22:23Z</time><extensions><gpxtpx:TrackPointExtension><gpxtpx:hr>183</gpxtpx:hr><gpxtpx:cad>88</gpxtpx:cad></gpxtpx:TrackPointExtension></extensions></trkpt><trkpt lat="35.9478732" lon="120.20481946"><ele>-27.690000534057617</ele><time>2022-06-03T13:22:24Z</time><extensions><gpxtpx:TrackPointExtension><gpxtpx:hr>184</gpxtpx:hr><gpxtpx:cad>88</gpxtpx:cad></gpxtpx:TrackPointExtension></extensions></trkpt><trkpt lat="35.94787653" lon="120.20479013"><ele>-27.639999389648438</ele><time>2022-06-03T13:22:25Z</time><extensions><gpxtpx:TrackPointExtension><gpxtpx:hr>184</gpxtpx:hr><gpxtpx:cad>89</gpxtpx:cad></gpxtpx:TrackPointExtension></extensions></trkpt><trkpt lat="35.94787952" lon="120.20476114"><ele>-27.610000610351562</ele><time>2022-06-03T13:22:26Z</time><extensions><gpxtpx:TrackPointExtension><gpxtpx:hr>183</gpxtpx:hr><gpxtpx:cad>88</gpxtpx:cad></gpxtpx:TrackPointExtension></extensions></trkpt><trkpt lat="35.94788385" lon="120.20473348"><ele>-27.559999465942383</ele><time>2022-06-03T13:22:27Z</time><extensions><gpxtpx:TrackPointExtension><gpxtpx:hr>182</gpxtpx:hr><gpxtpx:cad>89</gpxtpx:cad></gpxtpx:TrackPointExtension></extensions></trkpt><trkpt lat="35.94788784" lon="120.20470482"><ele>-27.530000686645508</ele><time>2022-06-03T13:22:28Z</time><extensions><gpxtpx:TrackPointExtension><gpxtpx:hr>181</gpxtpx:hr><gpxtpx:cad>89</gpxtpx:cad></gpxtpx:TrackPointExtension></extensions></trkpt><trkpt lat="35.94789217" lon="120.20467649"><ele>-27.479999542236328</ele><time>2022-06-03T13:22:29Z</time><extensions><gpxtpx:TrackPointExtension><gpxtpx:hr>181</gpxtpx:hr><gpxtpx:cad>89</gpxtpx:cad></gpxtpx:TrackPointExtension></extensions></trkpt><trkpt lat="35.94789616" lon="120.20464916"><ele>-27.450000762939453</ele><time>2022-06-03T13:22:30Z</time><extensions><gpxtpx:TrackPointExtension><gpxtpx:hr>180</gpxtpx:hr><gpxtpx:cad>88</gpxtpx:cad></gpxtpx:TrackPointExtension></extensions></trkpt><trkpt lat="35.94789949" lon="120.20462216"><ele>-27.3799991607666</ele><time>2022-06-03T13:22:31Z</time><extensions><gpxtpx:TrackPointExtension><gpxtpx:hr>179</gpxtpx:hr><gpxtpx:cad>88</gpxtpx:cad></gpxtpx:TrackPointExtension></extensions></trkpt><trkpt lat="35.94790082" lon="120.20459583"><ele>-27.350000381469727</ele><time>2022-06-03T13:22:32Z</time><extensions><gpxtpx:TrackPointExtension><gpxtpx:hr>179</gpxtpx:hr><gpxtpx:cad>88</gpxtpx:cad></gpxtpx:TrackPointExtension></extensions></trkpt><trkpt lat="35.94790148" lon="120.20456817"><ele>-27.299999237060547</ele><time>2022-06-03T13:22:33Z</time><extensions><gpxtpx:TrackPointExtension><gpxtpx:hr>178</gpxtpx:hr><gpxtpx:cad>88</gpxtpx:cad></gpxtpx:TrackPointExtension></extensions></trkpt><trkpt lat="35.94790015" lon="120.20453984"><ele>-27.299999237060547</ele><time>2022-06-03T13:22:34Z</time><extensions><gpxtpx:TrackPointExtension><gpxtpx:hr>178</gpxtpx:hr><gpxtpx:cad>89</gpxtpx:cad></gpxtpx:TrackPointExtension></extensions></trkpt><trkpt lat="35.94789749" lon="120.20451085"><ele>-27.309999465942383</ele><time>2022-06-03T13:22:35Z</time><extensions><gpxtpx:TrackPointExtension><gpxtpx:hr>178</gpxtpx:hr><gpxtpx:cad>88</gpxtpx:cad></gpxtpx:TrackPointExtension></extensions></trkpt><trkpt lat="35.94789449" lon="120.20448152"><ele>-27.34000015258789</ele><time>2022-06-03T13:22:36Z</time><extensions><gpxtpx:TrackPointExtension><gpxtpx:hr>177</gpxtpx:hr><gpxtpx:cad>89</gpxtpx:cad></gpxtpx:TrackPointExtension></extensions></trkpt><trkpt lat="35.9478905" lon="120.20445219"><ele>-27.360000610351562</ele><time>2022-06-03T13:22:37Z</time><extensions><gpxtpx:TrackPointExtension><gpxtpx:hr>176</gpxtpx:hr><gpxtpx:cad>88</gpxtpx:cad></gpxtpx:TrackPointExtension></extensions></trkpt><trkpt lat="35.94788717" lon="120.2044232"><ele>-27.3799991607666</ele><time>2022-06-03T13:22:38Z</time><extensions><gpxtpx:TrackPointExtension><gpxtpx:hr>176</gpxtpx:hr><gpxtpx:cad>89</gpxtpx:cad></gpxtpx:TrackPointExtension></extensions></trkpt><trkpt lat="35.94788517" lon="120.2043942"><ele>-27.420000076293945</ele><time>2022-06-03T13:22:39Z</time><extensions><gpxtpx:TrackPointExtension><gpxtpx:hr>176</gpxtpx:hr><gpxtpx:cad>88</gpxtpx:cad></gpxtpx:TrackPointExtension></extensions></trkpt><trkpt lat="35.94788351" lon="120.20436721"><ele>-27.440000534057617</ele><time>2022-06-03T13:22:40Z</time><extensions><gpxtpx:TrackPointExtension><gpxtpx:hr>176</gpxtpx:hr><gpxtpx:cad>88</gpxtpx:cad></gpxtpx:TrackPointExtension></extensions></trkpt><trkpt lat="35.94788185" lon="120.20434321"><ele>-27.450000762939453</ele><time>2022-06-03T13:22:41Z</time><extensions><gpxtpx:TrackPointExtension><gpxtpx:hr>176</gpxtpx:hr><gpxtpx:cad>88</gpxtpx:cad></gpxtpx:TrackPointExtension></extensions></trkpt><trkpt lat="35.94788086" lon="120.20432088"><ele>-27.450000762939453</ele><time>2022-06-03T13:22:42Z</time><extensions><gpxtpx:TrackPointExtension><gpxtpx:hr>176</gpxtpx:hr><gpxtpx:cad>88</gpxtpx:cad></gpxtpx:TrackPointExtension></extensions></trkpt><trkpt lat="35.94787986" lon="120.20430055"><ele>-27.450000762939453</ele><time>2022-06-03T13:22:43Z</time><extensions><gpxtpx:TrackPointExtension><gpxtpx:hr>176</gpxtpx:hr><gpxtpx:cad>88</gpxtpx:cad></gpxtpx:TrackPointExtension></extensions></trkpt><trkpt lat="35.94787853" lon="120.20428189"><ele>-27.440000534057617</ele><time>2022-06-03T13:22:44Z</time><extensions><gpxtpx:TrackPointExtension><gpxtpx:hr>176</gpxtpx:hr><gpxtpx:cad>88</gpxtpx:cad></gpxtpx:TrackPointExtension></extensions></trkpt><trkpt lat="35.94787787" lon="120.20426423"><ele>-27.43000030517578</ele><time>2022-06-03T13:22:45Z</time><extensions><gpxtpx:TrackPointExtension><gpxtpx:hr>176</gpxtpx:hr><gpxtpx:cad>88</gpxtpx:cad></gpxtpx:TrackPointExtension></extensions></trkpt><trkpt lat="35.94787953" lon="120.20424823"><ele>-27.3700008392334</ele><time>2022-06-03T13:22:46Z</time><extensions><gpxtpx:TrackPointExtension><gpxtpx:hr>176</gpxtpx:hr><gpxtpx:cad>88</gpxtpx:cad></gpxtpx:TrackPointExtension></extensions></trkpt><trkpt lat="35.94788419" lon="120.20423757"><ele>-27.34000015258789</ele><time>2022-06-03T13:22:47Z</time><extensions><gpxtpx:TrackPointExtension><gpxtpx:hr>176</gpxtpx:hr><gpxtpx:cad>88</gpxtpx:cad></gpxtpx:TrackPointExtension></extensions></trkpt><trkpt lat="35.94789252" lon="120.20423191"><ele>-27.309999465942383</ele><time>2022-06-03T13:22:48Z</time><extensions><gpxtpx:TrackPointExtension><gpxtpx:hr>176</gpxtpx:hr><gpxtpx:cad>88</gpxtpx:cad></gpxtpx:TrackPointExtension></extensions></trkpt><trkpt lat="35.94790218" lon="120.20423025"><ele>-27.290000915527344</ele><time>2022-06-03T13:22:49Z</time><extensions><gpxtpx:TrackPointExtension><gpxtpx:hr>176</gpxtpx:hr><gpxtpx:cad>88</gpxtpx:cad></gpxtpx:TrackPointExtension></extensions></trkpt><trkpt lat="35.94791384" lon="120.20423191"><ele>-27.290000915527344</ele><time>2022-06-03T13:22:50Z</time><extensions><gpxtpx:TrackPointExtension><gpxtpx:hr>176</gpxtpx:hr><gpxtpx:cad>88</gpxtpx:cad></gpxtpx:TrackPointExtension></extensions></trkpt><trkpt lat="35.94792617" lon="120.2042369"><ele>-27.280000686645508</ele><time>2022-06-03T13:22:51Z</time><extensions><gpxtpx:TrackPointExtension><gpxtpx:hr>176</gpxtpx:hr><gpxtpx:cad>88</gpxtpx:cad></gpxtpx:TrackPointExtension></extensions></trkpt><trkpt lat="35.9479375" lon="120.2042429"><ele>-27.270000457763672</ele><time>2022-06-03T13:22:52Z</time><extensions><gpxtpx:TrackPointExtension><gpxtpx:hr>175</gpxtpx:hr><gpxtpx:cad>88</gpxtpx:cad></gpxtpx:TrackPointExtension></extensions></trkpt><trkpt lat="35.9479485" lon="120.20424989"><ele>-27.229999542236328</ele><time>2022-06-03T13:22:53Z</time><extensions><gpxtpx:TrackPointExtension><gpxtpx:hr>175</gpxtpx:hr><gpxtpx:cad>88</gpxtpx:cad></gpxtpx:TrackPointExtension></extensions></trkpt><trkpt lat="35.94796016" lon="120.20425755"><ele>-27.219999313354492</ele><time>2022-06-03T13:22:54Z</time><extensions><gpxtpx:TrackPointExtension><gpxtpx:hr>175</gpxtpx:hr><gpxtpx:cad>88</gpxtpx:cad></gpxtpx:TrackPointExtension></extensions></trkpt><trkpt lat="35.94797249" lon="120.20426488"><ele>-27.200000762939453</ele><time>2022-06-03T13:22:55Z</time><extensions><gpxtpx:TrackPointExtension><gpxtpx:hr>174</gpxtpx:hr><gpxtpx:cad>61</gpxtpx:cad></gpxtpx:TrackPointExtension></extensions></trkpt><trkpt lat="35.94798448" lon="120.20427154"><ele>-27.170000076293945</ele><time>2022-06-03T13:22:56Z</time><extensions><gpxtpx:TrackPointExtension><gpxtpx:hr>174</gpxtpx:hr><gpxtpx:cad>61</gpxtpx:cad></gpxtpx:TrackPointExtension></extensions></trkpt><trkpt lat="35.94799714" lon="120.20427787"><ele>-27.1200008392334</ele><time>2022-06-03T13:22:57Z</time><extensions><gpxtpx:TrackPointExtension><gpxtpx:hr>174</gpxtpx:hr><gpxtpx:cad>60</gpxtpx:cad></gpxtpx:TrackPointExtension></extensions></trkpt><trkpt lat="35.9480098" lon="120.20428386"><ele>-27.059999465942383</ele><time>2022-06-03T13:22:58Z</time><extensions><gpxtpx:TrackPointExtension><gpxtpx:hr>174</gpxtpx:hr><gpxtpx:cad>61</gpxtpx:cad></gpxtpx:TrackPointExtension></extensions></trkpt><trkpt lat="35.94802113" lon="120.20428919"><ele>-27.059999465942383</ele><time>2022-06-03T13:22:59Z</time><extensions><gpxtpx:TrackPointExtension><gpxtpx:hr>174</gpxtpx:hr><gpxtpx:cad>61</gpxtpx:cad></gpxtpx:TrackPointExtension></extensions></trkpt><trkpt lat="35.94803313" lon="120.20429452"><ele>-26.950000762939453</ele><time>2022-06-03T13:23:00Z</time><extensions><gpxtpx:TrackPointExtension><gpxtpx:hr>174</gpxtpx:hr><gpxtpx:cad>61</gpxtpx:cad></gpxtpx:TrackPointExtension></extensions></trkpt><trkpt lat="35.94804579" lon="120.20430018"><ele>-26.950000762939453</ele><time>2022-06-03T13:23:01Z</time><extensions><gpxtpx:TrackPointExtension><gpxtpx:hr>174</gpxtpx:hr><gpxtpx:cad>61</gpxtpx:cad></gpxtpx:TrackPointExtension></extensions></trkpt><trkpt lat="35.94805945" lon="120.20430684"><ele>-26.950000762939453</ele><time>2022-06-03T13:23:02Z</time><extensions><gpxtpx:TrackPointExtension><gpxtpx:hr>174</gpxtpx:hr><gpxtpx:cad>61</gpxtpx:cad></gpxtpx:TrackPointExtension></extensions></trkpt><trkpt lat="35.94807411" lon="120.20431417"><ele>-26.969999313354492</ele><time>2022-06-03T13:23:03Z</time><extensions><gpxtpx:TrackPointExtension><gpxtpx:hr>173</gpxtpx:hr><gpxtpx:cad>61</gpxtpx:cad></gpxtpx:TrackPointExtension></extensions></trkpt><trkpt lat="35.94808944" lon="120.20432217"><ele>-27.010000228881836</ele><time>2022-06-03T13:23:04Z</time><extensions><gpxtpx:TrackPointExtension><gpxtpx:hr>173</gpxtpx:hr><gpxtpx:cad>61</gpxtpx:cad></gpxtpx:TrackPointExtension></extensions></trkpt><trkpt lat="35.94810577" lon="120.20433183"><ele>-27.030000686645508</ele><time>2022-06-03T13:23:05Z</time><extensions><gpxtpx:TrackPointExtension><gpxtpx:hr>173</gpxtpx:hr><gpxtpx:cad>61</gpxtpx:cad></gpxtpx:TrackPointExtension></extensions></trkpt><trkpt lat="35.94812476" lon="120.20434149"><ele>-27.010000228881836</ele><time>2022-06-03T13:23:06Z</time><extensions><gpxtpx:TrackPointExtension><gpxtpx:hr>172</gpxtpx:hr><gpxtpx:cad>61</gpxtpx:cad></gpxtpx:TrackPointExtension></extensions></trkpt><trkpt lat="35.94814276" lon="120.20435315"><ele>-26.950000762939453</ele><time>2022-06-03T13:23:07Z</time><extensions><gpxtpx:TrackPointExtension><gpxtpx:hr>172</gpxtpx:hr><gpxtpx:cad>61</gpxtpx:cad></gpxtpx:TrackPointExtension></extensions></trkpt><trkpt lat="35.94816109" lon="120.20436581"><ele>-26.889999389648438</ele><time>2022-06-03T13:23:08Z</time><extensions><gpxtpx:TrackPointExtension><gpxtpx:hr>172</gpxtpx:hr><gpxtpx:cad>61</gpxtpx:cad></gpxtpx:TrackPointExtension></extensions></trkpt><trkpt lat="35.94817909" lon="120.20437981"><ele>-26.860000610351562</ele><time>2022-06-03T13:23:09Z</time><extensions><gpxtpx:TrackPointExtension><gpxtpx:hr>173</gpxtpx:hr><gpxtpx:cad>61</gpxtpx:cad></gpxtpx:TrackPointExtension></extensions></trkpt><trkpt lat="35.94819808" lon="120.20439414"><ele>-26.799999237060547</ele><time>2022-06-03T13:23:10Z</time><extensions><gpxtpx:TrackPointExtension><gpxtpx:hr>174</gpxtpx:hr><gpxtpx:cad>61</gpxtpx:cad></gpxtpx:TrackPointExtension></extensions></trkpt><trkpt lat="35.94821807" lon="120.20440847"><ele>-26.760000228881836</ele><time>2022-06-03T13:23:11Z</time><extensions><gpxtpx:TrackPointExtension><gpxtpx:hr>175</gpxtpx:hr><gpxtpx:cad>61</gpxtpx:cad></gpxtpx:TrackPointExtension></extensions></trkpt><trkpt lat="35.9482404" lon="120.2044228"><ele>-26.729999542236328</ele><time>2022-06-03T13:23:12Z</time><extensions><gpxtpx:TrackPointExtension><gpxtpx:hr>175</gpxtpx:hr><gpxtpx:cad>61</gpxtpx:cad></gpxtpx:TrackPointExtension></extensions></trkpt><trkpt lat="35.9482624" lon="120.20443713"><ele>-26.75</ele><time>2022-06-03T13:23:13Z</time><extensions><gpxtpx:TrackPointExtension><gpxtpx:hr>176</gpxtpx:hr><gpxtpx:cad>61</gpxtpx:cad></gpxtpx:TrackPointExtension></extensions></trkpt><trkpt lat="35.9482844" lon="120.20445246"><ele>-26.760000228881836</ele><time>2022-06-03T13:23:14Z</time><extensions><gpxtpx:TrackPointExtension><gpxtpx:hr>175</gpxtpx:hr><gpxtpx:cad>88</gpxtpx:cad></gpxtpx:TrackPointExtension></extensions></trkpt><trkpt lat="35.94830406" lon="120.20446812"><ele>-26.850000381469727</ele><time>2022-06-03T13:23:15Z</time><extensions><gpxtpx:TrackPointExtension><gpxtpx:hr>175</gpxtpx:hr><gpxtpx:cad>88</gpxtpx:cad></gpxtpx:TrackPointExtension></extensions></trkpt><trkpt lat="35.94832306" lon="120.20448411"><ele>-26.860000610351562</ele><time>2022-06-03T13:23:16Z</time><extensions><gpxtpx:TrackPointExtension><gpxtpx:hr>176</gpxtpx:hr><gpxtpx:cad>88</gpxtpx:cad></gpxtpx:TrackPointExtension></extensions></trkpt><trkpt lat="35.94834239" lon="120.20450044"><ele>-26.920000076293945</ele><time>2022-06-03T13:23:17Z</time><extensions><gpxtpx:TrackPointExtension><gpxtpx:hr>176</gpxtpx:hr><gpxtpx:cad>88</gpxtpx:cad></gpxtpx:TrackPointExtension></extensions></trkpt><trkpt lat="35.94836072" lon="120.2045171"><ele>-26.899999618530273</ele><time>2022-06-03T13:23:18Z</time><extensions><gpxtpx:TrackPointExtension><gpxtpx:hr>177</gpxtpx:hr><gpxtpx:cad>89</gpxtpx:cad></gpxtpx:TrackPointExtension></extensions></trkpt><trkpt lat="35.94837872" lon="120.20453509"><ele>-26.950000762939453</ele><time>2022-06-03T13:23:19Z</time><extensions><gpxtpx:TrackPointExtension><gpxtpx:hr>178</gpxtpx:hr><gpxtpx:cad>88</gpxtpx:cad></gpxtpx:TrackPointExtension></extensions></trkpt><trkpt lat="35.94839738" lon="120.20455375"><ele>-26.950000762939453</ele><time>2022-06-03T13:23:20Z</time><extensions><gpxtpx:TrackPointExtension><gpxtpx:hr>178</gpxtpx:hr><gpxtpx:cad>88</gpxtpx:cad></gpxtpx:TrackPointExtension></extensions></trkpt><trkpt lat="35.94841671" lon="120.20457208"><ele>-27.010000228881836</ele><time>2022-06-03T13:23:21Z</time><extensions><gpxtpx:TrackPointExtension><gpxtpx:hr>178</gpxtpx:hr><gpxtpx:cad>88</gpxtpx:cad></gpxtpx:TrackPointExtension></extensions></trkpt><trkpt lat="35.94843537" lon="120.20459007"><ele>-27.0</ele><time>2022-06-03T13:23:22Z</time><extensions><gpxtpx:TrackPointExtension><gpxtpx:hr>178</gpxtpx:hr><gpxtpx:cad>89</gpxtpx:cad></gpxtpx:TrackPointExtension></extensions></trkpt><trkpt lat="35.9484547" lon="120.20460706"><ele>-27.030000686645508</ele><time>2022-06-03T13:23:23Z</time><extensions><gpxtpx:TrackPointExtension><gpxtpx:hr>178</gpxtpx:hr><gpxtpx:cad>88</gpxtpx:cad></gpxtpx:TrackPointExtension></extensions></trkpt><trkpt lat="35.94847203" lon="120.20462439"><ele>-27.030000686645508</ele><time>2022-06-03T13:23:24Z</time><extensions><gpxtpx:TrackPointExtension><gpxtpx:hr>178</gpxtpx:hr><gpxtpx:cad>87</gpxtpx:cad></gpxtpx:TrackPointExtension></extensions></trkpt><trkpt lat="35.94848902" lon="120.20464205"><ele>-27.059999465942383</ele><time>2022-06-03T13:23:25Z</time><extensions><gpxtpx:TrackPointExtension><gpxtpx:hr>178</gpxtpx:hr><gpxtpx:cad>88</gpxtpx:cad></gpxtpx:TrackPointExtension></extensions></trkpt><trkpt lat="35.94850701" lon="120.20465938"><ele>-27.040000915527344</ele><time>2022-06-03T13:23:26Z</time><extensions><gpxtpx:TrackPointExtension><gpxtpx:hr>178</gpxtpx:hr><gpxtpx:cad>88</gpxtpx:cad></gpxtpx:TrackPointExtension></extensions></trkpt><trkpt lat="35.948524" lon="120.20467704"><ele>-27.059999465942383</ele><time>2022-06-03T13:23:27Z</time><extensions><gpxtpx:TrackPointExtension><gpxtpx:hr>179</gpxtpx:hr><gpxtpx:cad>87</gpxtpx:cad></gpxtpx:TrackPointExtension></extensions></trkpt><trkpt lat="35.94854166" lon="120.20469503"><ele>-27.040000915527344</ele><time>2022-06-03T13:23:28Z</time><extensions><gpxtpx:TrackPointExtension><gpxtpx:hr>179</gpxtpx:hr><gpxtpx:cad>87</gpxtpx:cad></gpxtpx:TrackPointExtension></extensions></trkpt><trkpt lat="35.94855766" lon="120.20471269"><ele>-27.040000915527344</ele><time>2022-06-03T13:23:29Z</time><extensions><gpxtpx:TrackPointExtension><gpxtpx:hr>179</gpxtpx:hr><gpxtpx:cad>87</gpxtpx:cad></gpxtpx:TrackPointExtension></extensions></trkpt><trkpt lat="35.94857399" lon="120.20473002"><ele>-27.0</ele><time>2022-06-03T13:23:30Z</time><extensions><gpxtpx:TrackPointExtension><gpxtpx:hr>179</gpxtpx:hr><gpxtpx:cad>88</gpxtpx:cad></gpxtpx:TrackPointExtension></extensions></trkpt><trkpt lat="35.94859132" lon="120.20474735"><ele>-26.940000534057617</ele><time>2022-06-03T13:23:31Z</time><extensions><gpxtpx:TrackPointExtension><gpxtpx:hr>179</gpxtpx:hr><gpxtpx:cad>88</gpxtpx:cad></gpxtpx:TrackPointExtension></extensions></trkpt><trkpt lat="35.94860932" lon="120.20476468"><ele>-26.8799991607666</ele><time>2022-06-03T13:23:32Z</time><extensions><gpxtpx:TrackPointExtension><gpxtpx:hr>179</gpxtpx:hr><gpxtpx:cad>88</gpxtpx:cad></gpxtpx:TrackPointExtension></extensions></trkpt><trkpt lat="35.94862665" lon="120.20478267"><ele>-26.81999969482422</ele><time>2022-06-03T13:23:33Z</time><extensions><gpxtpx:TrackPointExtension><gpxtpx:hr>179</gpxtpx:hr><gpxtpx:cad>88</gpxtpx:cad></gpxtpx:TrackPointExtension></extensions></trkpt><trkpt lat="35.94864398" lon="120.204801"><ele>-26.770000457763672</ele><time>2022-06-03T13:23:34Z</time><extensions><gpxtpx:TrackPointExtension><gpxtpx:hr>179</gpxtpx:hr><gpxtpx:cad>89</gpxtpx:cad></gpxtpx:TrackPointExtension></extensions></trkpt><trkpt lat="35.94866164" lon="120.20481966"><ele>-26.770000457763672</ele><time>2022-06-03T13:23:35Z</time><extensions><gpxtpx:TrackPointExtension><gpxtpx:hr>179</gpxtpx:hr><gpxtpx:cad>89</gpxtpx:cad></gpxtpx:TrackPointExtension></extensions></trkpt><trkpt lat="35.94867997" lon="120.20483899"><ele>-26.68000030517578</ele><time>2022-06-03T13:23:36Z</time><extensions><gpxtpx:TrackPointExtension><gpxtpx:hr>179</gpxtpx:hr><gpxtpx:cad>88</gpxtpx:cad></gpxtpx:TrackPointExtension></extensions></trkpt><trkpt lat="35.9486993" lon="120.20485865"><ele>-26.68000030517578</ele><time>2022-06-03T13:23:37Z</time><extensions><gpxtpx:TrackPointExtension><gpxtpx:hr>179</gpxtpx:hr><gpxtpx:cad>88</gpxtpx:cad></gpxtpx:TrackPointExtension></extensions></trkpt><trkpt lat="35.94872096" lon="120.20487831"><ele>-26.6200008392334</ele><time>2022-06-03T13:23:38Z</time><extensions><gpxtpx:TrackPointExtension><gpxtpx:hr>179</gpxtpx:hr><gpxtpx:cad>88</gpxtpx:cad></gpxtpx:TrackPointExtension></extensions></trkpt><trkpt lat="35.94874162" lon="120.20489864"><ele>-26.600000381469727</ele><time>2022-06-03T13:23:39Z</time><extensions><gpxtpx:TrackPointExtension><gpxtpx:hr>179</gpxtpx:hr><gpxtpx:cad>89</gpxtpx:cad></gpxtpx:TrackPointExtension></extensions></trkpt><trkpt lat="35.94876161" lon="120.20491864"><ele>-26.56999969482422</ele><time>2022-06-03T13:23:40Z</time><extensions><gpxtpx:TrackPointExtension><gpxtpx:hr>179</gpxtpx:hr><gpxtpx:cad>88</gpxtpx:cad></gpxtpx:TrackPointExtension></extensions></trkpt><trkpt lat="35.94877994" lon="120.2049383"><ele>-26.600000381469727</ele><time>2022-06-03T13:23:41Z</time><extensions><gpxtpx:TrackPointExtension><gpxtpx:hr>179</gpxtpx:hr><gpxtpx:cad>88</gpxtpx:cad></gpxtpx:TrackPointExtension></extensions></trkpt><trkpt lat="35.9487976" lon="120.20495696"><ele>-26.6200008392334</ele><time>2022-06-03T13:23:42Z</time><extensions><gpxtpx:TrackPointExtension><gpxtpx:hr>179</gpxtpx:hr><gpxtpx:cad>87</gpxtpx:cad></gpxtpx:TrackPointExtension></extensions></trkpt><trkpt lat="35.94881393" lon="120.20497529"><ele>-26.75</ele><time>2022-06-03T13:23:43Z</time><extensions><gpxtpx:TrackPointExtension><gpxtpx:hr>179</gpxtpx:hr><gpxtpx:cad>88</gpxtpx:cad></gpxtpx:TrackPointExtension></extensions></trkpt><trkpt lat="35.94883159" lon="120.20499495"><ele>-26.760000228881836</ele><time>2022-06-03T13:23:44Z</time><extensions><gpxtpx:TrackPointExtension><gpxtpx:hr>178</gpxtpx:hr><gpxtpx:cad>88</gpxtpx:cad></gpxtpx:TrackPointExtension></extensions></trkpt><trkpt lat="35.94884925" lon="120.20501528"><ele>-26.850000381469727</ele><time>2022-06-03T13:23:45Z</time><extensions><gpxtpx:TrackPointExtension><gpxtpx:hr>178</gpxtpx:hr><gpxtpx:cad>88</gpxtpx:cad></gpxtpx:TrackPointExtension></extensions></trkpt><trkpt lat="35.94886791" lon="120.20503661"><ele>-26.850000381469727</ele><time>2022-06-03T13:23:46Z</time><extensions><gpxtpx:TrackPointExtension><gpxtpx:hr>178</gpxtpx:hr><gpxtpx:cad>88</gpxtpx:cad></gpxtpx:TrackPointExtension></extensions></trkpt><trkpt lat="35.94888657" lon="120.20505794"><ele>-26.860000610351562</ele><time>2022-06-03T13:23:47Z</time><extensions><gpxtpx:TrackPointExtension><gpxtpx:hr>178</gpxtpx:hr><gpxtpx:cad>88</gpxtpx:cad></gpxtpx:TrackPointExtension></extensions></trkpt><trkpt lat="35.9489049" lon="120.20507927"><ele>-26.84000015258789</ele><time>2022-06-03T13:23:48Z</time><extensions><gpxtpx:TrackPointExtension><gpxtpx:hr>179</gpxtpx:hr><gpxtpx:cad>88</gpxtpx:cad></gpxtpx:TrackPointExtension></extensions></trkpt><trkpt lat="35.94892256" lon="120.20510027"><ele>-26.81999969482422</ele><time>2022-06-03T13:23:49Z</time><extensions><gpxtpx:TrackPointExtension><gpxtpx:hr>179</gpxtpx:hr><gpxtpx:cad>88</gpxtpx:cad></gpxtpx:TrackPointExtension></extensions></trkpt><trkpt lat="35.94894122" lon="120.2051216"><ele>-26.799999237060547</ele><time>2022-06-03T13:23:50Z</time><extensions><gpxtpx:TrackPointExtension><gpxtpx:hr>178</gpxtpx:hr><gpxtpx:cad>87</gpxtpx:cad></gpxtpx:TrackPointExtension></extensions></trkpt><trkpt lat="35.94896022" lon="120.20514226"><ele>-26.790000915527344</ele><time>2022-06-03T13:23:51Z</time><extensions><gpxtpx:TrackPointExtension><gpxtpx:hr>177</gpxtpx:hr><gpxtpx:cad>87</gpxtpx:cad></gpxtpx:TrackPointExtension></extensions></trkpt><trkpt lat="35.94897888" lon="120.20516459"><ele>-26.780000686645508</ele><time>2022-06-03T13:23:52Z</time><extensions><gpxtpx:TrackPointExtension><gpxtpx:hr>177</gpxtpx:hr><gpxtpx:cad>87</gpxtpx:cad></gpxtpx:TrackPointExtension></extensions></trkpt><trkpt lat="35.94899687" lon="120.20518659"><ele>-26.780000686645508</ele><time>2022-06-03T13:23:53Z</time><extensions><gpxtpx:TrackPointExtension><gpxtpx:hr>178</gpxtpx:hr><gpxtpx:cad>88</gpxtpx:cad></gpxtpx:TrackPointExtension></extensions></trkpt><trkpt lat="35.94901287" lon="120.20520692"><ele>-26.75</ele><time>2022-06-03T13:23:54Z</time><extensions><gpxtpx:TrackPointExtension><gpxtpx:hr>179</gpxtpx:hr><gpxtpx:cad>88</gpxtpx:cad></gpxtpx:TrackPointExtension></extensions></trkpt><trkpt lat="35.9490272" lon="120.20522391"><ele>-26.770000457763672</ele><time>2022-06-03T13:23:55Z</time><extensions><gpxtpx:TrackPointExtension><gpxtpx:hr>179</gpxtpx:hr><gpxtpx:cad>88</gpxtpx:cad></gpxtpx:TrackPointExtension></extensions></trkpt><trkpt lat="35.94904086" lon="120.2052379"><ele>-26.790000915527344</ele><time>2022-06-03T13:23:56Z</time><extensions><gpxtpx:TrackPointExtension><gpxtpx:hr>179</gpxtpx:hr><gpxtpx:cad>88</gpxtpx:cad></gpxtpx:TrackPointExtension></extensions></trkpt><trkpt lat="35.94905252" lon="120.20525123"><ele>-26.809999465942383</ele><time>2022-06-03T13:23:57Z</time><extensions><gpxtpx:TrackPointExtension><gpxtpx:hr>179</gpxtpx:hr><gpxtpx:cad>88</gpxtpx:cad></gpxtpx:TrackPointExtension></extensions></trkpt><trkpt lat="35.94906285" lon="120.20526322"><ele>-26.84000015258789</ele><time>2022-06-03T13:23:58Z</time><extensions><gpxtpx:TrackPointExtension><gpxtpx:hr>179</gpxtpx:hr><gpxtpx:cad>88</gpxtpx:cad></gpxtpx:TrackPointExtension></extensions></trkpt><trkpt lat="35.94907184" lon="120.20527521"><ele>-26.8700008392334</ele><time>2022-06-03T13:23:59Z</time><extensions><gpxtpx:TrackPointExtension><gpxtpx:hr>179</gpxtpx:hr><gpxtpx:cad>88</gpxtpx:cad></gpxtpx:TrackPointExtension></extensions></trkpt><trkpt lat="35.94908017" lon="120.20528654"><ele>-26.920000076293945</ele><time>2022-06-03T13:24:00Z</time><extensions><gpxtpx:TrackPointExtension><gpxtpx:hr>179</gpxtpx:hr><gpxtpx:cad>88</gpxtpx:cad></gpxtpx:TrackPointExtension></extensions></trkpt><trkpt lat="35.9490885" lon="120.20529654"><ele>-27.0</ele><time>2022-06-03T13:24:05Z</time><extensions><gpxtpx:TrackPointExtension><gpxtpx:hr>179</gpxtpx:hr><gpxtpx:cad>88</gpxtpx:cad></gpxtpx:TrackPointExtension></extensions></trkpt><trkpt lat="35.94909616" lon="120.20530587"><ele>-27.0</ele><time>2022-06-03T13:24:05Z</time><extensions><gpxtpx:TrackPointExtension><gpxtpx:hr>179</gpxtpx:hr><gpxtpx:cad>88</gpxtpx:cad></gpxtpx:TrackPointExtension></extensions></trkpt><trkpt lat="35.94909949" lon="120.2053092"><ele>-27.0</ele><time>2022-06-03T13:24:05Z</time><extensions><gpxtpx:TrackPointExtension><gpxtpx:hr>179</gpxtpx:hr><gpxtpx:cad>88</gpxtpx:cad></gpxtpx:TrackPointExtension></extensions></trkpt><trkpt lat="35.94910348" lon="120.20531453"><ele>-27.0</ele><time>2022-06-03T13:24:05Z</time><extensions><gpxtpx:TrackPointExtension><gpxtpx:hr>179</gpxtpx:hr><gpxtpx:cad>88</gpxtpx:cad></gpxtpx:TrackPointExtension></extensions></trkpt><trkpt lat="35.94911014" lon="120.20532219"><ele>-27.0</ele><time>2022-06-03T13:24:05Z</time><extensions><gpxtpx:TrackPointExtension><gpxtpx:hr>179</gpxtpx:hr><gpxtpx:cad>88</gpxtpx:cad></gpxtpx:TrackPointExtension></extensions></trkpt><trkpt lat="35.94911813" lon="120.20533185"><ele>-27.0</ele><time>2022-06-03T13:24:05Z</time></trkpt><trkpt lat="35.94912646" lon="120.20534384"><ele>-27.0</ele><time>2022-06-03T13:24:05Z</time></trkpt><trkpt lat="35.94913212" lon="120.20535184"><ele>-27.18000030517578</ele><time>2022-06-03T13:24:12Z</time><extensions><gpxtpx:TrackPointExtension><gpxtpx:hr>180</gpxtpx:hr><gpxtpx:cad>88</gpxtpx:cad></gpxtpx:TrackPointExtension></extensions></trkpt><trkpt lat="35.94915145" lon="120.2053785"><ele>-27.18000030517578</ele><time>2022-06-03T13:24:12Z</time><extensions><gpxtpx:TrackPointExtension><gpxtpx:hr>180</gpxtpx:hr><gpxtpx:cad>88</gpxtpx:cad></gpxtpx:TrackPointExtension></extensions></trkpt><trkpt lat="35.94916745" lon="120.20539983"><ele>-27.18000030517578</ele><time>2022-06-03T13:24:12Z</time><extensions><gpxtpx:TrackPointExtension><gpxtpx:hr>180</gpxtpx:hr><gpxtpx:cad>88</gpxtpx:cad></gpxtpx:TrackPointExtension></extensions></trkpt><trkpt lat="35.94918378" lon="120.20542049"><ele>-27.18000030517578</ele><time>2022-06-03T13:24:12Z</time><extensions><gpxtpx:TrackPointExtension><gpxtpx:cad>88</gpxtpx:cad></gpxtpx:TrackPointExtension></extensions></trkpt><trkpt lat="35.94919478" lon="120.20543448"><ele>-27.219999313354492</ele><time>2022-06-03T13:24:23Z</time><extensions><gpxtpx:TrackPointExtension><gpxtpx:hr>181</gpxtpx:hr><gpxtpx:cad>88</gpxtpx:cad></gpxtpx:TrackPointExtension></extensions></trkpt><trkpt lat="35.94922611" lon="120.20546414"><ele>-27.219999313354492</ele><time>2022-06-03T13:24:23Z</time><extensions><gpxtpx:TrackPointExtension><gpxtpx:hr>181</gpxtpx:hr><gpxtpx:cad>88</gpxtpx:cad></gpxtpx:TrackPointExtension></extensions></trkpt><trkpt lat="35.9492501" lon="120.2054868"><ele>-27.219999313354492</ele><time>2022-06-03T13:24:23Z</time><extensions><gpxtpx:TrackPointExtension><gpxtpx:hr>181</gpxtpx:hr><gpxtpx:cad>88</gpxtpx:cad></gpxtpx:TrackPointExtension></extensions></trkpt><trkpt lat="35.9492631" lon="120.20549946"><ele>-27.219999313354492</ele><time>2022-06-03T13:24:23Z</time><extensions><gpxtpx:TrackPointExtension><gpxtpx:hr>181</gpxtpx:hr><gpxtpx:cad>88</gpxtpx:cad></gpxtpx:TrackPointExtension></extensions></trkpt><trkpt lat="35.94927476" lon="120.20551046"><ele>-27.219999313354492</ele><time>2022-06-03T13:24:23Z</time><extensions><gpxtpx:TrackPointExtension><gpxtpx:hr>181</gpxtpx:hr><gpxtpx:cad>88</gpxtpx:cad></gpxtpx:TrackPointExtension></extensions></trkpt><trkpt lat="35.94928442" lon="120.20552245"><ele>-27.219999313354492</ele><time>2022-06-03T13:24:23Z</time><extensions><gpxtpx:TrackPointExtension><gpxtpx:hr>181</gpxtpx:hr><gpxtpx:cad>88</gpxtpx:cad></gpxtpx:TrackPointExtension></extensions></trkpt><trkpt lat="35.94929308" lon="120.20553411"><ele>-27.219999313354492</ele><time>2022-06-03T13:24:23Z</time><extensions><gpxtpx:TrackPointExtension><gpxtpx:hr>181</gpxtpx:hr><gpxtpx:cad>88</gpxtpx:cad></gpxtpx:TrackPointExtension></extensions></trkpt><trkpt lat="35.94930307" lon="120.20554577"><ele>-27.219999313354492</ele><time>2022-06-03T13:24:23Z</time><extensions><gpxtpx:TrackPointExtension><gpxtpx:cad>88</gpxtpx:cad></gpxtpx:TrackPointExtension></extensions></trkpt><trkpt lat="35.94931307" lon="120.20555876"><ele>-27.219999313354492</ele><time>2022-06-03T13:24:23Z</time><extensions><gpxtpx:TrackPointExtension><gpxtpx:cad>88</gpxtpx:cad></gpxtpx:TrackPointExtension></extensions></trkpt><trkpt lat="35.94931973" lon="120.20556742"><ele>-27.200000762939453</ele><time>2022-06-03T13:24:24Z</time><extensions><gpxtpx:TrackPointExtension><gpxtpx:cad>88</gpxtpx:cad></gpxtpx:TrackPointExtension></extensions></trkpt><trkpt lat="35.94931674" lon="120.20556442"><ele>-27.200000762939453</ele><time>2022-06-03T13:24:24Z</time></trkpt><trkpt lat="35.94931907" lon="120.20556608"><ele>-27.200000762939453</ele><time>2022-06-03T13:24:24Z</time></trkpt><trkpt lat="35.94932373" lon="120.20557241"><ele>-27.200000762939453</ele><time>2022-06-03T13:24:24Z</time></trkpt><trkpt lat="35.94932706" lon="120.20557641"><ele>-27.200000762939453</ele><time>2022-06-03T13:24:24Z</time></trkpt><trkpt lat="35.94932173" lon="120.20557041"><ele>-27.200000762939453</ele><time>2022-06-03T13:24:24Z</time></trkpt><trkpt lat="35.94932239" lon="120.20557041"><ele>-27.200000762939453</ele><time>2022-06-03T13:24:24Z</time></trkpt><trkpt lat="35.94932605" lon="120.20557507"><ele>-27.200000762939453</ele><time>2022-06-03T13:24:24Z</time></trkpt><trkpt lat="35.94933171" lon="120.20558473"><ele>-27.200000762939453</ele><time>2022-06-03T13:24:24Z</time></trkpt><trkpt lat="35.94933971" lon="120.20559406"><ele>-27.200000762939453</ele><time>2022-06-03T13:24:25Z</time><extensions><gpxtpx:TrackPointExtension><gpxtpx:hr>181</gpxtpx:hr><gpxtpx:cad>88</gpxtpx:cad></gpxtpx:TrackPointExtension></extensions></trkpt><trkpt lat="35.94934904" lon="120.20560372"><ele>-26.979999542236328</ele><time>2022-06-03T13:24:26Z</time><extensions><gpxtpx:TrackPointExtension><gpxtpx:hr>181</gpxtpx:hr><gpxtpx:cad>88</gpxtpx:cad></gpxtpx:TrackPointExtension></extensions></trkpt><trkpt lat="35.94936004" lon="120.20561472"><ele>-26.950000762939453</ele><time>2022-06-03T13:24:27Z</time><extensions><gpxtpx:TrackPointExtension><gpxtpx:hr>182</gpxtpx:hr><gpxtpx:cad>88</gpxtpx:cad></gpxtpx:TrackPointExtension></extensions></trkpt><trkpt lat="35.9493717" lon="120.20562805"><ele>-26.940000534057617</ele><time>2022-06-03T13:24:28Z</time><extensions><gpxtpx:TrackPointExtension><gpxtpx:hr>182</gpxtpx:hr><gpxtpx:cad>88</gpxtpx:cad></gpxtpx:TrackPointExtension></extensions></trkpt><trkpt lat="35.94938503" lon="120.20564238"><ele>-26.899999618530273</ele><time>2022-06-03T13:24:29Z</time><extensions><gpxtpx:TrackPointExtension><gpxtpx:hr>182</gpxtpx:hr><gpxtpx:cad>88</gpxtpx:cad></gpxtpx:TrackPointExtension></extensions></trkpt><trkpt lat="35.94939936" lon="120.20565738"><ele>-26.8799991607666</ele><time>2022-06-03T13:24:30Z</time><extensions><gpxtpx:TrackPointExtension><gpxtpx:hr>182</gpxtpx:hr><gpxtpx:cad>88</gpxtpx:cad></gpxtpx:TrackPointExtension></extensions></trkpt><trkpt lat="35.94941569" lon="120.20567338"><ele>-26.8799991607666</ele><time>2022-06-03T13:24:31Z</time><extensions><gpxtpx:TrackPointExtension><gpxtpx:hr>182</gpxtpx:hr><gpxtpx:cad>88</gpxtpx:cad></gpxtpx:TrackPointExtension></extensions></trkpt><trkpt lat="35.94943135" lon="120.20569071"><ele>-26.8799991607666</ele><time>2022-06-03T13:24:32Z</time><extensions><gpxtpx:TrackPointExtension><gpxtpx:hr>182</gpxtpx:hr><gpxtpx:cad>88</gpxtpx:cad></gpxtpx:TrackPointExtension></extensions></trkpt><trkpt lat="35.94944734" lon="120.20570904"><ele>-26.8799991607666</ele><time>2022-06-03T13:24:33Z</time><extensions><gpxtpx:TrackPointExtension><gpxtpx:hr>181</gpxtpx:hr><gpxtpx:cad>87</gpxtpx:cad></gpxtpx:TrackPointExtension></extensions></trkpt><trkpt lat="35.94946433" lon="120.20572803"><ele>-26.860000610351562</ele><time>2022-06-03T13:24:34Z</time><extensions><gpxtpx:TrackPointExtension><gpxtpx:hr>180</gpxtpx:hr><gpxtpx:cad>88</gpxtpx:cad></gpxtpx:TrackPointExtension></extensions></trkpt><trkpt lat="35.94948333" lon="120.20574603"><ele>-26.809999465942383</ele><time>2022-06-03T13:24:35Z</time><extensions><gpxtpx:TrackPointExtension><gpxtpx:hr>180</gpxtpx:hr><gpxtpx:cad>88</gpxtpx:cad></gpxtpx:TrackPointExtension></extensions></trkpt><trkpt lat="35.94950133" lon="120.20576436"><ele>-26.790000915527344</ele><time>2022-06-03T13:24:36Z</time><extensions><gpxtpx:TrackPointExtension><gpxtpx:hr>180</gpxtpx:hr><gpxtpx:cad>88</gpxtpx:cad></gpxtpx:TrackPointExtension></extensions></trkpt><trkpt lat="35.94951966" lon="120.20578202"><ele>-26.75</ele><time>2022-06-03T13:24:37Z</time><extensions><gpxtpx:TrackPointExtension><gpxtpx:hr>179</gpxtpx:hr><gpxtpx:cad>88</gpxtpx:cad></gpxtpx:TrackPointExtension></extensions></trkpt><trkpt lat="35.94953832" lon="120.20579901"><ele>-26.700000762939453</ele><time>2022-06-03T13:24:38Z</time><extensions><gpxtpx:TrackPointExtension><gpxtpx:hr>179</gpxtpx:hr><gpxtpx:cad>88</gpxtpx:cad></gpxtpx:TrackPointExtension></extensions></trkpt><trkpt lat="35.94955865" lon="120.20581567"><ele>-26.639999389648438</ele><time>2022-06-03T13:24:39Z</time><extensions><gpxtpx:TrackPointExtension><gpxtpx:hr>178</gpxtpx:hr><gpxtpx:cad>88</gpxtpx:cad></gpxtpx:TrackPointExtension></extensions></trkpt><trkpt lat="35.94957898" lon="120.205833"><ele>-26.59000015258789</ele><time>2022-06-03T13:24:40Z</time><extensions><gpxtpx:TrackPointExtension><gpxtpx:hr>178</gpxtpx:hr><gpxtpx:cad>88</gpxtpx:cad></gpxtpx:TrackPointExtension></extensions></trkpt><trkpt lat="35.94959864" lon="120.20585099"><ele>-26.530000686645508</ele><time>2022-06-03T13:24:41Z</time><extensions><gpxtpx:TrackPointExtension><gpxtpx:hr>178</gpxtpx:hr><gpxtpx:cad>89</gpxtpx:cad></gpxtpx:TrackPointExtension></extensions></trkpt><trkpt lat="35.94961664" lon="120.20586865"><ele>-26.469999313354492</ele><time>2022-06-03T13:24:42Z</time><extensions><gpxtpx:TrackPointExtension><gpxtpx:hr>177</gpxtpx:hr><gpxtpx:cad>89</gpxtpx:cad></gpxtpx:TrackPointExtension></extensions></trkpt><trkpt lat="35.94963297" lon="120.20588665"><ele>-26.43000030517578</ele><time>2022-06-03T13:24:43Z</time><extensions><gpxtpx:TrackPointExtension><gpxtpx:hr>177</gpxtpx:hr><gpxtpx:cad>89</gpxtpx:cad></gpxtpx:TrackPointExtension></extensions></trkpt><trkpt lat="35.94964863" lon="120.20590498"><ele>-26.389999389648438</ele><time>2022-06-03T13:24:44Z</time><extensions><gpxtpx:TrackPointExtension><gpxtpx:hr>176</gpxtpx:hr><gpxtpx:cad>88</gpxtpx:cad></gpxtpx:TrackPointExtension></extensions></trkpt><trkpt lat="35.94966296" lon="120.20592397"><ele>-26.360000610351562</ele><time>2022-06-03T13:24:45Z</time><extensions><gpxtpx:TrackPointExtension><gpxtpx:hr>174</gpxtpx:hr><gpxtpx:cad>88</gpxtpx:cad></gpxtpx:TrackPointExtension></extensions></trkpt><trkpt lat="35.94967795" lon="120.20594063"><ele>-26.34000015258789</ele><time>2022-06-03T13:24:46Z</time><extensions><gpxtpx:TrackPointExtension><gpxtpx:hr>174</gpxtpx:hr><gpxtpx:cad>88</gpxtpx:cad></gpxtpx:TrackPointExtension></extensions></trkpt><trkpt lat="35.94969461" lon="120.20595363"><ele>-26.360000610351562</ele><time>2022-06-03T13:24:47Z</time><extensions><gpxtpx:TrackPointExtension><gpxtpx:hr>174</gpxtpx:hr><gpxtpx:cad>88</gpxtpx:cad></gpxtpx:TrackPointExtension></extensions></trkpt><trkpt lat="35.94971327" lon="120.20596162"><ele>-26.420000076293945</ele><time>2022-06-03T13:24:48Z</time><extensions><gpxtpx:TrackPointExtension><gpxtpx:hr>174</gpxtpx:hr><gpxtpx:cad>88</gpxtpx:cad></gpxtpx:TrackPointExtension></extensions></trkpt><trkpt lat="35.94973026" lon="120.20596361"><ele>-26.469999313354492</ele><time>2022-06-03T13:24:49Z</time><extensions><gpxtpx:TrackPointExtension><gpxtpx:hr>174</gpxtpx:hr><gpxtpx:cad>89</gpxtpx:cad></gpxtpx:TrackPointExtension></extensions></trkpt><trkpt lat="35.94974825" lon="120.20596028"><ele>-26.540000915527344</ele><time>2022-06-03T13:24:50Z</time><extensions><gpxtpx:TrackPointExtension><gpxtpx:hr>174</gpxtpx:hr><gpxtpx:cad>88</gpxtpx:cad></gpxtpx:TrackPointExtension></extensions></trkpt><trkpt lat="35.94976725" lon="120.20595228"><ele>-26.610000610351562</ele><time>2022-06-03T13:24:51Z</time><extensions><gpxtpx:TrackPointExtension><gpxtpx:hr>173</gpxtpx:hr><gpxtpx:cad>88</gpxtpx:cad></gpxtpx:TrackPointExtension></extensions></trkpt><trkpt lat="35.94978558" lon="120.20594162"><ele>-26.639999389648438</ele><time>2022-06-03T13:24:52Z</time><extensions><gpxtpx:TrackPointExtension><gpxtpx:cad>87</gpxtpx:cad></gpxtpx:TrackPointExtension></extensions></trkpt><trkpt lat="35.94980457" lon="120.20592896"><ele>-26.690000534057617</ele><time>2022-06-03T13:24:53Z</time><extensions><gpxtpx:TrackPointExtension><gpxtpx:hr>173</gpxtpx:hr><gpxtpx:cad>88</gpxtpx:cad></gpxtpx:TrackPointExtension></extensions></trkpt><trkpt lat="35.9498239" lon="120.20591563"><ele>-26.700000762939453</ele><time>2022-06-03T13:24:54Z</time><extensions><gpxtpx:TrackPointExtension><gpxtpx:hr>172</gpxtpx:hr><gpxtpx:cad>89</gpxtpx:cad></gpxtpx:TrackPointExtension></extensions></trkpt><trkpt lat="35.94984356" lon="120.20590297"><ele>-26.709999084472656</ele><time>2022-06-03T13:24:55Z</time><extensions><gpxtpx:TrackPointExtension><gpxtpx:hr>172</gpxtpx:hr><gpxtpx:cad>89</gpxtpx:cad></gpxtpx:TrackPointExtension></extensions></trkpt><trkpt lat="35.94986389" lon="120.20588931"><ele>-26.729999542236328</ele><time>2022-06-03T13:24:56Z</time><extensions><gpxtpx:TrackPointExtension><gpxtpx:hr>171</gpxtpx:hr><gpxtpx:cad>89</gpxtpx:cad></gpxtpx:TrackPointExtension></extensions></trkpt><trkpt lat="35.94988389" lon="120.20587465"><ele>-26.75</ele><time>2022-06-03T13:24:57Z</time><extensions><gpxtpx:TrackPointExtension><gpxtpx:hr>169</gpxtpx:hr><gpxtpx:cad>88</gpxtpx:cad></gpxtpx:TrackPointExtension></extensions></trkpt><trkpt lat="35.94990522" lon="120.20586132"><ele>-26.760000228881836</ele><time>2022-06-03T13:24:58Z</time><extensions><gpxtpx:TrackPointExtension><gpxtpx:hr>169</gpxtpx:hr><gpxtpx:cad>88</gpxtpx:cad></gpxtpx:TrackPointExtension></extensions></trkpt><trkpt lat="35.94992688" lon="120.20584899"><ele>-26.75</ele><time>2022-06-03T13:24:59Z</time><extensions><gpxtpx:TrackPointExtension><gpxtpx:hr>170</gpxtpx:hr><gpxtpx:cad>89</gpxtpx:cad></gpxtpx:TrackPointExtension></extensions></trkpt><trkpt lat="35.94994987" lon="120.20583666"><ele>-26.75</ele><time>2022-06-03T13:25:00Z</time><extensions><gpxtpx:TrackPointExtension><gpxtpx:hr>171</gpxtpx:hr><gpxtpx:cad>88</gpxtpx:cad></gpxtpx:TrackPointExtension></extensions></trkpt><trkpt lat="35.94997253" lon="120.205825"><ele>-26.719999313354492</ele><time>2022-06-03T13:25:01Z</time><extensions><gpxtpx:TrackPointExtension><gpxtpx:hr>172</gpxtpx:hr><gpxtpx:cad>88</gpxtpx:cad></gpxtpx:TrackPointExtension></extensions></trkpt><trkpt lat="35.94999586" lon="120.20581467"><ele>-26.719999313354492</ele><time>2022-06-03T13:25:02Z</time><extensions><gpxtpx:TrackPointExtension><gpxtpx:hr>172</gpxtpx:hr><gpxtpx:cad>88</gpxtpx:cad></gpxtpx:TrackPointExtension></extensions></trkpt><trkpt lat="35.95001919" lon="120.20580601"><ele>-26.690000534057617</ele><time>2022-06-03T13:25:03Z</time><extensions><gpxtpx:TrackPointExtension><gpxtpx:hr>171</gpxtpx:hr><gpxtpx:cad>88</gpxtpx:cad></gpxtpx:TrackPointExtension></extensions></trkpt><trkpt lat="35.95004419" lon="120.20579735"><ele>-26.649999618530273</ele><time>2022-06-03T13:25:04Z</time><extensions><gpxtpx:TrackPointExtension><gpxtpx:hr>171</gpxtpx:hr><gpxtpx:cad>88</gpxtpx:cad></gpxtpx:TrackPointExtension></extensions></trkpt><trkpt lat="35.95006852" lon="120.20578835"><ele>-26.6299991607666</ele><time>2022-06-03T13:25:05Z</time><extensions><gpxtpx:TrackPointExtension><gpxtpx:hr>171</gpxtpx:hr><gpxtpx:cad>88</gpxtpx:cad></gpxtpx:TrackPointExtension></extensions></trkpt><trkpt lat="35.95009418" lon="120.20577735"><ele>-26.6200008392334</ele><time>2022-06-03T13:25:06Z</time><extensions><gpxtpx:TrackPointExtension><gpxtpx:hr>171</gpxtpx:hr><gpxtpx:cad>88</gpxtpx:cad></gpxtpx:TrackPointExtension></extensions></trkpt><trkpt lat="35.95012018" lon="120.20576602"><ele>-26.610000610351562</ele><time>2022-06-03T13:25:07Z</time><extensions><gpxtpx:TrackPointExtension><gpxtpx:hr>172</gpxtpx:hr><gpxtpx:cad>89</gpxtpx:cad></gpxtpx:TrackPointExtension></extensions></trkpt><trkpt lat="35.95014584" lon="120.20575536"><ele>-26.610000610351562</ele><time>2022-06-03T13:25:08Z</time><extensions><gpxtpx:TrackPointExtension><gpxtpx:hr>172</gpxtpx:hr><gpxtpx:cad>89</gpxtpx:cad></gpxtpx:TrackPointExtension></extensions></trkpt><trkpt lat="35.9501705" lon="120.20574703"><ele>-26.600000381469727</ele><time>2022-06-03T13:25:09Z</time><extensions><gpxtpx:TrackPointExtension><gpxtpx:hr>171</gpxtpx:hr><gpxtpx:cad>89</gpxtpx:cad></gpxtpx:TrackPointExtension></extensions></trkpt><trkpt lat="35.95019483" lon="120.20574037"><ele>-26.59000015258789</ele><time>2022-06-03T13:25:10Z</time><extensions><gpxtpx:TrackPointExtension><gpxtpx:hr>171</gpxtpx:hr><gpxtpx:cad>88</gpxtpx:cad></gpxtpx:TrackPointExtension></extensions></trkpt><trkpt lat="35.95021916" lon="120.20573337"><ele>-26.540000915527344</ele><time>2022-06-03T13:25:11Z</time><extensions><gpxtpx:TrackPointExtension><gpxtpx:hr>170</gpxtpx:hr><gpxtpx:cad>88</gpxtpx:cad></gpxtpx:TrackPointExtension></extensions></trkpt><trkpt lat="35.95024315" lon="120.20572638"><ele>-26.5</ele><time>2022-06-03T13:25:12Z</time><extensions><gpxtpx:TrackPointExtension><gpxtpx:hr>170</gpxtpx:hr><gpxtpx:cad>88</gpxtpx:cad></gpxtpx:TrackPointExtension></extensions></trkpt><trkpt lat="35.95026715" lon="120.20571872"><ele>-26.450000762939453</ele><time>2022-06-03T13:25:13Z</time><extensions><gpxtpx:TrackPointExtension><gpxtpx:hr>169</gpxtpx:hr><gpxtpx:cad>88</gpxtpx:cad></gpxtpx:TrackPointExtension></extensions></trkpt><trkpt lat="35.95029148" lon="120.20571139"><ele>-26.440000534057617</ele><time>2022-06-03T13:25:14Z</time><extensions><gpxtpx:TrackPointExtension><gpxtpx:hr>169</gpxtpx:hr><gpxtpx:cad>89</gpxtpx:cad></gpxtpx:TrackPointExtension></extensions></trkpt><trkpt lat="35.95031681" lon="120.20570406"><ele>-26.399999618530273</ele><time>2022-06-03T13:25:15Z</time><extensions><gpxtpx:TrackPointExtension><gpxtpx:hr>169</gpxtpx:hr><gpxtpx:cad>89</gpxtpx:cad></gpxtpx:TrackPointExtension></extensions></trkpt><trkpt lat="35.95034181" lon="120.20569773"><ele>-26.3799991607666</ele><time>2022-06-03T13:25:16Z</time><extensions><gpxtpx:TrackPointExtension><gpxtpx:hr>169</gpxtpx:hr><gpxtpx:cad>89</gpxtpx:cad></gpxtpx:TrackPointExtension></extensions></trkpt><trkpt lat="35.95036647" lon="120.2056924"><ele>-26.34000015258789</ele><time>2022-06-03T13:25:17Z</time><extensions><gpxtpx:TrackPointExtension><gpxtpx:hr>169</gpxtpx:hr><gpxtpx:cad>88</gpxtpx:cad></gpxtpx:TrackPointExtension></extensions></trkpt><trkpt lat="35.95039047" lon="120.20568674"><ele>-26.280000686645508</ele><time>2022-06-03T13:25:18Z</time><extensions><gpxtpx:TrackPointExtension><gpxtpx:hr>169</gpxtpx:hr><gpxtpx:cad>87</gpxtpx:cad></gpxtpx:TrackPointExtension></extensions></trkpt><trkpt lat="35.9504138" lon="120.20568075"><ele>-26.209999084472656</ele><time>2022-06-03T13:25:19Z</time><extensions><gpxtpx:TrackPointExtension><gpxtpx:hr>170</gpxtpx:hr><gpxtpx:cad>87</gpxtpx:cad></gpxtpx:TrackPointExtension></extensions></trkpt><trkpt lat="35.95043613" lon="120.20567276"><ele>-26.200000762939453</ele><time>2022-06-03T13:25:20Z</time><extensions><gpxtpx:TrackPointExtension><gpxtpx:hr>170</gpxtpx:hr><gpxtpx:cad>88</gpxtpx:cad></gpxtpx:TrackPointExtension></extensions></trkpt><trkpt lat="35.95045679" lon="120.20566643"><ele>-26.200000762939453</ele><time>2022-06-03T13:25:21Z</time><extensions><gpxtpx:TrackPointExtension><gpxtpx:hr>170</gpxtpx:hr><gpxtpx:cad>88</gpxtpx:cad></gpxtpx:TrackPointExtension></extensions></trkpt><trkpt lat="35.95047412" lon="120.20566043"><ele>-26.209999084472656</ele><time>2022-06-03T13:25:22Z</time><extensions><gpxtpx:TrackPointExtension><gpxtpx:hr>170</gpxtpx:hr><gpxtpx:cad>88</gpxtpx:cad></gpxtpx:TrackPointExtension></extensions></trkpt><trkpt lat="35.95049045" lon="120.20565577"><ele>-26.25</ele><time>2022-06-03T13:25:23Z</time><extensions><gpxtpx:TrackPointExtension><gpxtpx:hr>171</gpxtpx:hr><gpxtpx:cad>88</gpxtpx:cad></gpxtpx:TrackPointExtension></extensions></trkpt><trkpt lat="35.95050578" lon="120.20565277"><ele>-26.280000686645508</ele><time>2022-06-03T13:25:24Z</time><extensions><gpxtpx:TrackPointExtension><gpxtpx:hr>171</gpxtpx:hr><gpxtpx:cad>88</gpxtpx:cad></gpxtpx:TrackPointExtension></extensions></trkpt><trkpt lat="35.95052044" lon="120.20565011"><ele>-26.280000686645508</ele><time>2022-06-03T13:25:25Z</time><extensions><gpxtpx:TrackPointExtension><gpxtpx:hr>171</gpxtpx:hr><gpxtpx:cad>88</gpxtpx:cad></gpxtpx:TrackPointExtension></extensions></trkpt><trkpt lat="35.9505341" lon="120.20564745"><ele>-26.270000457763672</ele><time>2022-06-03T13:25:26Z</time><extensions><gpxtpx:TrackPointExtension><gpxtpx:hr>170</gpxtpx:hr><gpxtpx:cad>88</gpxtpx:cad></gpxtpx:TrackPointExtension></extensions></trkpt><trkpt lat="35.95054643" lon="120.20564345"><ele>-26.229999542236328</ele><time>2022-06-03T13:25:27Z</time><extensions><gpxtpx:TrackPointExtension><gpxtpx:hr>168</gpxtpx:hr><gpxtpx:cad>88</gpxtpx:cad></gpxtpx:TrackPointExtension></extensions></trkpt><trkpt lat="35.95055809" lon="120.20563779"><ele>-26.209999084472656</ele><time>2022-06-03T13:25:28Z</time><extensions><gpxtpx:TrackPointExtension><gpxtpx:hr>167</gpxtpx:hr><gpxtpx:cad>88</gpxtpx:cad></gpxtpx:TrackPointExtension></extensions></trkpt><trkpt lat="35.95057008" lon="120.20563246"><ele>-26.200000762939453</ele><time>2022-06-03T13:25:29Z</time><extensions><gpxtpx:TrackPointExtension><gpxtpx:hr>167</gpxtpx:hr><gpxtpx:cad>88</gpxtpx:cad></gpxtpx:TrackPointExtension></extensions></trkpt><trkpt lat="35.95058174" lon="120.20562447"><ele>-26.200000762939453</ele><time>2022-06-03T13:25:30Z</time><extensions><gpxtpx:TrackPointExtension><gpxtpx:hr>167</gpxtpx:hr><gpxtpx:cad>88</gpxtpx:cad></gpxtpx:TrackPointExtension></extensions></trkpt><trkpt lat="35.95059207" lon="120.20561248"><ele>-26.229999542236328</ele><time>2022-06-03T13:25:31Z</time><extensions><gpxtpx:TrackPointExtension><gpxtpx:hr>167</gpxtpx:hr><gpxtpx:cad>88</gpxtpx:cad></gpxtpx:TrackPointExtension></extensions></trkpt><trkpt lat="35.95059907" lon="120.20559648"><ele>-26.280000686645508</ele><time>2022-06-03T13:25:32Z</time><extensions><gpxtpx:TrackPointExtension><gpxtpx:hr>167</gpxtpx:hr><gpxtpx:cad>88</gpxtpx:cad></gpxtpx:TrackPointExtension></extensions></trkpt><trkpt lat="35.95060606" lon="120.20557682"><ele>-26.299999237060547</ele><time>2022-06-03T13:25:33Z</time><extensions><gpxtpx:TrackPointExtension><gpxtpx:hr>168</gpxtpx:hr><gpxtpx:cad>88</gpxtpx:cad></gpxtpx:TrackPointExtension></extensions></trkpt><trkpt lat="35.95061172" lon="120.20555282"><ele>-26.309999465942383</ele><time>2022-06-03T13:25:34Z</time><extensions><gpxtpx:TrackPointExtension><gpxtpx:hr>168</gpxtpx:hr><gpxtpx:cad>88</gpxtpx:cad></gpxtpx:TrackPointExtension></extensions></trkpt><trkpt lat="35.95061672" lon="120.20552549"><ele>-26.280000686645508</ele><time>2022-06-03T13:25:35Z</time><extensions><gpxtpx:TrackPointExtension><gpxtpx:hr>167</gpxtpx:hr></gpxtpx:TrackPointExtension></extensions></trkpt><trkpt lat="35.95062038" lon="120.20549616"><ele>-26.209999084472656</ele><time>2022-06-03T13:25:36Z</time><extensions><gpxtpx:TrackPointExtension><gpxtpx:hr>167</gpxtpx:hr><gpxtpx:cad>88</gpxtpx:cad></gpxtpx:TrackPointExtension></extensions></trkpt><trkpt lat="35.95062238" lon="120.20546683"><ele>-26.18000030517578</ele><time>2022-06-03T13:25:37Z</time><extensions><gpxtpx:TrackPointExtension><gpxtpx:hr>169</gpxtpx:hr><gpxtpx:cad>88</gpxtpx:cad></gpxtpx:TrackPointExtension></extensions></trkpt><trkpt lat="35.95062271" lon="120.20543717"><ele>-26.1200008392334</ele><time>2022-06-03T13:25:38Z</time><extensions><gpxtpx:TrackPointExtension><gpxtpx:hr>170</gpxtpx:hr><gpxtpx:cad>88</gpxtpx:cad></gpxtpx:TrackPointExtension></extensions></trkpt><trkpt lat="35.95062205" lon="120.20540851"><ele>-26.09000015258789</ele><time>2022-06-03T13:25:39Z</time><extensions><gpxtpx:TrackPointExtension><gpxtpx:hr>172</gpxtpx:hr><gpxtpx:cad>88</gpxtpx:cad></gpxtpx:TrackPointExtension></extensions></trkpt><trkpt lat="35.95061972" lon="120.20538051"><ele>-26.06999969482422</ele><time>2022-06-03T13:25:40Z</time><extensions><gpxtpx:TrackPointExtension><gpxtpx:hr>172</gpxtpx:hr></gpxtpx:TrackPointExtension></extensions></trkpt><trkpt lat="35.95061706" lon="120.20535218"><ele>-26.1200008392334</ele><time>2022-06-03T13:25:41Z</time><extensions><gpxtpx:TrackPointExtension><gpxtpx:hr>172</gpxtpx:hr><gpxtpx:cad>88</gpxtpx:cad></gpxtpx:TrackPointExtension></extensions></trkpt><trkpt lat="35.9506144" lon="120.20532418"><ele>-26.139999389648438</ele><time>2022-06-03T13:25:42Z</time><extensions><gpxtpx:TrackPointExtension><gpxtpx:hr>171</gpxtpx:hr><gpxtpx:cad>88</gpxtpx:cad></gpxtpx:TrackPointExtension></extensions></trkpt><trkpt lat="35.95061141" lon="120.20529718"><ele>-26.170000076293945</ele><time>2022-06-03T13:25:43Z</time><extensions><gpxtpx:TrackPointExtension><gpxtpx:hr>171</gpxtpx:hr><gpxtpx:cad>88</gpxtpx:cad></gpxtpx:TrackPointExtension></extensions></trkpt><trkpt lat="35.95060875" lon="120.20527085"><ele>-26.170000076293945</ele><time>2022-06-03T13:25:44Z</time><extensions><gpxtpx:TrackPointExtension><gpxtpx:hr>171</gpxtpx:hr><gpxtpx:cad>89</gpxtpx:cad></gpxtpx:TrackPointExtension></extensions></trkpt><trkpt lat="35.95060809" lon="120.20524519"><ele>-26.149999618530273</ele><time>2022-06-03T13:25:45Z</time><extensions><gpxtpx:TrackPointExtension><gpxtpx:hr>171</gpxtpx:hr><gpxtpx:cad>89</gpxtpx:cad></gpxtpx:TrackPointExtension></extensions></trkpt><trkpt lat="35.9506071" lon="120.20522019"><ele>-26.149999618530273</ele><time>2022-06-03T13:25:46Z</time><extensions><gpxtpx:TrackPointExtension><gpxtpx:hr>171</gpxtpx:hr><gpxtpx:cad>89</gpxtpx:cad></gpxtpx:TrackPointExtension></extensions></trkpt><trkpt lat="35.95060544" lon="120.2051942"><ele>-26.139999389648438</ele><time>2022-06-03T13:25:47Z</time><extensions><gpxtpx:TrackPointExtension><gpxtpx:hr>171</gpxtpx:hr><gpxtpx:cad>89</gpxtpx:cad></gpxtpx:TrackPointExtension></extensions></trkpt><trkpt lat="35.95060311" lon="120.2051682"><ele>-26.139999389648438</ele><time>2022-06-03T13:25:48Z</time><extensions><gpxtpx:TrackPointExtension><gpxtpx:hr>171</gpxtpx:hr><gpxtpx:cad>88</gpxtpx:cad></gpxtpx:TrackPointExtension></extensions></trkpt><trkpt lat="35.95060045" lon="120.20514054"><ele>-26.139999389648438</ele><time>2022-06-03T13:25:49Z</time><extensions><gpxtpx:TrackPointExtension><gpxtpx:hr>170</gpxtpx:hr><gpxtpx:cad>88</gpxtpx:cad></gpxtpx:TrackPointExtension></extensions></trkpt><trkpt lat="35.95059779" lon="120.20511354"><ele>-26.149999618530273</ele><time>2022-06-03T13:25:50Z</time><extensions><gpxtpx:TrackPointExtension><gpxtpx:hr>170</gpxtpx:hr><gpxtpx:cad>88</gpxtpx:cad></gpxtpx:TrackPointExtension></extensions></trkpt><trkpt lat="35.95059513" lon="120.20508654"><ele>-26.200000762939453</ele><time>2022-06-03T13:25:51Z</time><extensions><gpxtpx:TrackPointExtension><gpxtpx:hr>169</gpxtpx:hr><gpxtpx:cad>89</gpxtpx:cad></gpxtpx:TrackPointExtension></extensions></trkpt><trkpt lat="35.95059047" lon="120.20506055"><ele>-26.219999313354492</ele><time>2022-06-03T13:25:52Z</time><extensions><gpxtpx:TrackPointExtension><gpxtpx:hr>170</gpxtpx:hr><gpxtpx:cad>89</gpxtpx:cad></gpxtpx:TrackPointExtension></extensions></trkpt><trkpt lat="35.95058481" lon="120.20503689"><ele>-26.270000457763672</ele><time>2022-06-03T13:25:53Z</time><extensions><gpxtpx:TrackPointExtension><gpxtpx:hr>169</gpxtpx:hr><gpxtpx:cad>89</gpxtpx:cad></gpxtpx:TrackPointExtension></extensions></trkpt><trkpt lat="35.95057981" lon="120.20501456"><ele>-26.290000915527344</ele><time>2022-06-03T13:25:54Z</time><extensions><gpxtpx:TrackPointExtension><gpxtpx:hr>169</gpxtpx:hr><gpxtpx:cad>89</gpxtpx:cad></gpxtpx:TrackPointExtension></extensions></trkpt><trkpt lat="35.95057548" lon="120.20499456"><ele>-26.31999969482422</ele><time>2022-06-03T13:25:55Z</time><extensions><gpxtpx:TrackPointExtension><gpxtpx:hr>169</gpxtpx:hr><gpxtpx:cad>89</gpxtpx:cad></gpxtpx:TrackPointExtension></extensions></trkpt><trkpt lat="35.95057182" lon="120.20497657"><ele>-26.270000457763672</ele><time>2022-06-03T13:25:56Z</time><extensions><gpxtpx:TrackPointExtension><gpxtpx:hr>169</gpxtpx:hr><gpxtpx:cad>89</gpxtpx:cad></gpxtpx:TrackPointExtension></extensions></trkpt><trkpt lat="35.95056849" lon="120.20495924"><ele>-26.270000457763672</ele><time>2022-06-03T13:25:57Z</time><extensions><gpxtpx:TrackPointExtension><gpxtpx:hr>169</gpxtpx:hr><gpxtpx:cad>89</gpxtpx:cad></gpxtpx:TrackPointExtension></extensions></trkpt><trkpt lat="35.95056583" lon="120.20494191"><ele>-26.18000030517578</ele><time>2022-06-03T13:25:58Z</time><extensions><gpxtpx:TrackPointExtension><gpxtpx:hr>168</gpxtpx:hr><gpxtpx:cad>89</gpxtpx:cad></gpxtpx:TrackPointExtension></extensions></trkpt><trkpt lat="35.95056417" lon="120.20492591"><ele>-26.139999389648438</ele><time>2022-06-03T13:25:59Z</time><extensions><gpxtpx:TrackPointExtension><gpxtpx:hr>168</gpxtpx:hr><gpxtpx:cad>89</gpxtpx:cad></gpxtpx:TrackPointExtension></extensions></trkpt><trkpt lat="35.95056284" lon="120.20491158"><ele>-26.139999389648438</ele><time>2022-06-03T13:26:00Z</time><extensions><gpxtpx:TrackPointExtension><gpxtpx:hr>169</gpxtpx:hr><gpxtpx:cad>89</gpxtpx:cad></gpxtpx:TrackPointExtension></extensions></trkpt><trkpt lat="35.95056251" lon="120.20489892"><ele>-26.139999389648438</ele><time>2022-06-03T13:26:01Z</time><extensions><gpxtpx:TrackPointExtension><gpxtpx:hr>169</gpxtpx:hr><gpxtpx:cad>89</gpxtpx:cad></gpxtpx:TrackPointExtension></extensions></trkpt><trkpt lat="35.9505635" lon="120.20488859"><ele>-26.139999389648438</ele><time>2022-06-03T13:26:02Z</time><extensions><gpxtpx:TrackPointExtension><gpxtpx:hr>169</gpxtpx:hr><gpxtpx:cad>89</gpxtpx:cad></gpxtpx:TrackPointExtension></extensions></trkpt><trkpt lat="35.95056449" lon="120.2048796"><ele>-26.170000076293945</ele><time>2022-06-03T13:26:03Z</time><extensions><gpxtpx:TrackPointExtension><gpxtpx:hr>168</gpxtpx:hr><gpxtpx:cad>89</gpxtpx:cad></gpxtpx:TrackPointExtension></extensions></trkpt><trkpt lat="35.95056582" lon="120.20487494"><ele>-26.18000030517578</ele><time>2022-06-03T13:26:04Z</time><extensions><gpxtpx:TrackPointExtension><gpxtpx:hr>167</gpxtpx:hr><gpxtpx:cad>89</gpxtpx:cad></gpxtpx:TrackPointExtension></extensions></trkpt><trkpt lat="35.95056715" lon="120.20487128"><ele>-26.18000030517578</ele><time>2022-06-03T13:26:05Z</time><extensions><gpxtpx:TrackPointExtension><gpxtpx:hr>167</gpxtpx:hr><gpxtpx:cad>89</gpxtpx:cad></gpxtpx:TrackPointExtension></extensions></trkpt><trkpt lat="35.95056981" lon="120.20486795"><ele>-26.190000534057617</ele><time>2022-06-03T13:26:06Z</time><extensions><gpxtpx:TrackPointExtension><gpxtpx:hr>167</gpxtpx:hr><gpxtpx:cad>89</gpxtpx:cad></gpxtpx:TrackPointExtension></extensions></trkpt><trkpt lat="35.9505728" lon="120.20486562"><ele>-26.190000534057617</ele><time>2022-06-03T13:26:07Z</time><extensions><gpxtpx:TrackPointExtension><gpxtpx:hr>167</gpxtpx:hr><gpxtpx:cad>89</gpxtpx:cad></gpxtpx:TrackPointExtension></extensions></trkpt><trkpt lat="35.95057579" lon="120.20486429"><ele>-26.170000076293945</ele><time>2022-06-03T13:26:08Z</time><extensions><gpxtpx:TrackPointExtension><gpxtpx:hr>167</gpxtpx:hr><gpxtpx:cad>89</gpxtpx:cad></gpxtpx:TrackPointExtension></extensions></trkpt><trkpt lat="35.95057879" lon="120.20486363"><ele>-26.139999389648438</ele><time>2022-06-03T13:26:09Z</time><extensions><gpxtpx:TrackPointExtension><gpxtpx:hr>167</gpxtpx:hr><gpxtpx:cad>89</gpxtpx:cad></gpxtpx:TrackPointExtension></extensions></trkpt><trkpt lat="35.95058145" lon="120.20486163"><ele>-26.1200008392334</ele><time>2022-06-03T13:26:10Z</time><extensions><gpxtpx:TrackPointExtension><gpxtpx:hr>167</gpxtpx:hr><gpxtpx:cad>89</gpxtpx:cad></gpxtpx:TrackPointExtension></extensions></trkpt><trkpt lat="35.95058311" lon="120.20485964"><ele>-26.1200008392334</ele><time>2022-06-03T13:26:11Z</time><extensions><gpxtpx:TrackPointExtension><gpxtpx:hr>167</gpxtpx:hr><gpxtpx:cad>89</gpxtpx:cad></gpxtpx:TrackPointExtension></extensions></trkpt><trkpt lat="35.95058444" lon="120.20485798"><ele>-26.06999969482422</ele><time>2022-06-03T13:26:12Z</time><extensions><gpxtpx:TrackPointExtension><gpxtpx:hr>165</gpxtpx:hr><gpxtpx:cad>89</gpxtpx:cad></gpxtpx:TrackPointExtension></extensions></trkpt><trkpt lat="35.9505851" lon="120.20485665"><ele>-26.059999465942383</ele><time>2022-06-03T13:26:13Z</time><extensions><gpxtpx:TrackPointExtension><gpxtpx:hr>163</gpxtpx:hr><gpxtpx:cad>89</gpxtpx:cad></gpxtpx:TrackPointExtension></extensions></trkpt><trkpt lat="35.95058643" lon="120.20485499"><ele>-26.059999465942383</ele><time>2022-06-03T13:26:14Z</time><extensions><gpxtpx:TrackPointExtension><gpxtpx:hr>162</gpxtpx:hr><gpxtpx:cad>89</gpxtpx:cad></gpxtpx:TrackPointExtension></extensions></trkpt><trkpt lat="35.95058743" lon="120.20485333"><ele>-26.040000915527344</ele><time>2022-06-03T13:26:15Z</time><extensions><gpxtpx:TrackPointExtension><gpxtpx:hr>162</gpxtpx:hr><gpxtpx:cad>89</gpxtpx:cad></gpxtpx:TrackPointExtension></extensions></trkpt><trkpt lat="35.95058909" lon="120.20485134"><ele>-26.040000915527344</ele><time>2022-06-03T13:26:16Z</time><extensions><gpxtpx:TrackPointExtension><gpxtpx:hr>161</gpxtpx:hr><gpxtpx:cad>89</gpxtpx:cad></gpxtpx:TrackPointExtension></extensions></trkpt><trkpt lat="35.95059042" lon="120.20484934"><ele>-26.010000228881836</ele><time>2022-06-03T13:26:17Z</time><extensions><gpxtpx:TrackPointExtension><gpxtpx:hr>159</gpxtpx:hr><gpxtpx:cad>89</gpxtpx:cad></gpxtpx:TrackPointExtension></extensions></trkpt><trkpt lat="35.95059208" lon="120.20484801"><ele>-25.979999542236328</ele><time>2022-06-03T13:26:18Z</time><extensions><gpxtpx:TrackPointExtension><gpxtpx:hr>157</gpxtpx:hr><gpxtpx:cad>89</gpxtpx:cad></gpxtpx:TrackPointExtension></extensions></trkpt><trkpt lat="35.95059241" lon="120.20484568"><ele>-25.959999084472656</ele><time>2022-06-03T13:26:19Z</time><extensions><gpxtpx:TrackPointExtension><gpxtpx:hr>155</gpxtpx:hr><gpxtpx:cad>89</gpxtpx:cad></gpxtpx:TrackPointExtension></extensions></trkpt><trkpt lat="35.95059407" lon="120.20484435"><ele>-25.950000762939453</ele><time>2022-06-03T13:26:20Z</time><extensions><gpxtpx:TrackPointExtension><gpxtpx:hr>153</gpxtpx:hr><gpxtpx:cad>89</gpxtpx:cad></gpxtpx:TrackPointExtension></extensions></trkpt><trkpt lat="35.95059506" lon="120.20484336"><ele>-25.93000030517578</ele><time>2022-06-03T13:26:21Z</time><extensions><gpxtpx:TrackPointExtension><gpxtpx:hr>152</gpxtpx:hr><gpxtpx:cad>89</gpxtpx:cad></gpxtpx:TrackPointExtension></extensions></trkpt><trkpt lat="35.95059606" lon="120.2048427"><ele>-25.899999618530273</ele><time>2022-06-03T13:26:22Z</time><extensions><gpxtpx:TrackPointExtension><gpxtpx:hr>152</gpxtpx:hr><gpxtpx:cad>89</gpxtpx:cad></gpxtpx:TrackPointExtension></extensions></trkpt><trkpt lat="35.95059672" lon="120.20484369"><ele>-25.8799991607666</ele><time>2022-06-03T13:26:23Z</time><extensions><gpxtpx:TrackPointExtension><gpxtpx:hr>152</gpxtpx:hr></gpxtpx:TrackPointExtension></extensions></trkpt><trkpt lat="35.95059705" lon="120.20484502"><ele>-25.8700008392334</ele><time>2022-06-03T13:26:24Z</time><extensions><gpxtpx:TrackPointExtension><gpxtpx:hr>152</gpxtpx:hr></gpxtpx:TrackPointExtension></extensions></trkpt><trkpt lat="35.95059738" lon="120.20484801"><ele>-25.8700008392334</ele><time>2022-06-03T13:26:25Z</time><extensions><gpxtpx:TrackPointExtension><gpxtpx:hr>152</gpxtpx:hr></gpxtpx:TrackPointExtension></extensions></trkpt><trkpt lat="35.95059771" lon="120.20484967"><ele>-25.8700008392334</ele><time>2022-06-03T13:26:26Z</time><extensions><gpxtpx:TrackPointExtension><gpxtpx:hr>152</gpxtpx:hr></gpxtpx:TrackPointExtension></extensions></trkpt><trkpt lat="35.95059738" lon="120.20485133"><ele>-25.8700008392334</ele><time>2022-06-03T13:26:27Z</time><extensions><gpxtpx:TrackPointExtension><gpxtpx:hr>150</gpxtpx:hr></gpxtpx:TrackPointExtension></extensions></trkpt><trkpt lat="35.95059738" lon="120.20485332"><ele>-25.8700008392334</ele><time>2022-06-03T13:26:28Z</time><extensions><gpxtpx:TrackPointExtension><gpxtpx:hr>149</gpxtpx:hr></gpxtpx:TrackPointExtension></extensions></trkpt><trkpt lat="35.95059771" lon="120.20485498"><ele>-25.8700008392334</ele><time>2022-06-03T13:26:29Z</time><extensions><gpxtpx:TrackPointExtension><gpxtpx:hr>147</gpxtpx:hr></gpxtpx:TrackPointExtension></extensions></trkpt><trkpt lat="35.95059904" lon="120.20485698"><ele>-25.8700008392334</ele><time>2022-06-03T13:26:30Z</time><extensions><gpxtpx:TrackPointExtension><gpxtpx:hr>147</gpxtpx:hr></gpxtpx:TrackPointExtension></extensions></trkpt><trkpt lat="35.95060037" lon="120.20485931"><ele>-25.8700008392334</ele><time>2022-06-03T13:26:31Z</time><extensions><gpxtpx:TrackPointExtension><gpxtpx:hr>146</gpxtpx:hr></gpxtpx:TrackPointExtension></extensions></trkpt><trkpt lat="35.95060203" lon="120.20486164"><ele>-25.8700008392334</ele><time>2022-06-03T13:26:32Z</time><extensions><gpxtpx:TrackPointExtension><gpxtpx:hr>146</gpxtpx:hr></gpxtpx:TrackPointExtension></extensions></trkpt><trkpt lat="35.95060302" lon="120.2048643"><ele>-25.8700008392334</ele><time>2022-06-03T13:26:33Z</time><extensions><gpxtpx:TrackPointExtension><gpxtpx:hr>145</gpxtpx:hr></gpxtpx:TrackPointExtension></extensions></trkpt><trkpt lat="35.95060368" lon="120.20486796"><ele>-25.8700008392334</ele><time>2022-06-03T13:26:34Z</time><extensions><gpxtpx:TrackPointExtension><gpxtpx:hr>143</gpxtpx:hr></gpxtpx:TrackPointExtension></extensions></trkpt><trkpt lat="35.95060368" lon="120.20486995"><ele>-25.8700008392334</ele><time>2022-06-03T13:26:35Z</time><extensions><gpxtpx:TrackPointExtension><gpxtpx:hr>142</gpxtpx:hr></gpxtpx:TrackPointExtension></extensions></trkpt><trkpt lat="35.95060335" lon="120.20487161"><ele>-25.8799991607666</ele><time>2022-06-03T13:26:36Z</time><extensions><gpxtpx:TrackPointExtension><gpxtpx:hr>140</gpxtpx:hr></gpxtpx:TrackPointExtension></extensions></trkpt><trkpt lat="35.95060335" lon="120.20487327"><ele>-25.899999618530273</ele><time>2022-06-03T13:26:37Z</time><extensions><gpxtpx:TrackPointExtension><gpxtpx:hr>139</gpxtpx:hr></gpxtpx:TrackPointExtension></extensions></trkpt><trkpt lat="35.95060302" lon="120.20487526"><ele>-25.920000076293945</ele><time>2022-06-03T13:26:38Z</time><extensions><gpxtpx:TrackPointExtension><gpxtpx:hr>138</gpxtpx:hr></gpxtpx:TrackPointExtension></extensions></trkpt><trkpt lat="35.95060302" lon="120.20487792"><ele>-25.920000076293945</ele><time>2022-06-03T13:26:39Z</time><extensions><gpxtpx:TrackPointExtension><gpxtpx:hr>138</gpxtpx:hr></gpxtpx:TrackPointExtension></extensions></trkpt><trkpt lat="35.95060435" lon="120.20488025"><ele>-25.93000030517578</ele><time>2022-06-03T13:26:40Z</time><extensions><gpxtpx:TrackPointExtension><gpxtpx:hr>138</gpxtpx:hr></gpxtpx:TrackPointExtension></extensions></trkpt><trkpt lat="35.95060568" lon="120.20488191"><ele>-25.940000534057617</ele><time>2022-06-03T13:26:41Z</time><extensions><gpxtpx:TrackPointExtension><gpxtpx:hr>138</gpxtpx:hr></gpxtpx:TrackPointExtension></extensions></trkpt><trkpt lat="35.95060701" lon="120.20488357"><ele>-25.969999313354492</ele><time>2022-06-03T13:26:42Z</time><extensions><gpxtpx:TrackPointExtension><gpxtpx:hr>138</gpxtpx:hr></gpxtpx:TrackPointExtension></extensions></trkpt><trkpt lat="35.95060867" lon="120.2048849"><ele>-26.020000457763672</ele><time>2022-06-03T13:26:43Z</time><extensions><gpxtpx:TrackPointExtension><gpxtpx:hr>138</gpxtpx:hr></gpxtpx:TrackPointExtension></extensions></trkpt><trkpt lat="35.95060867" lon="120.20488556"><ele>-26.059999465942383</ele><time>2022-06-03T13:26:44Z</time><extensions><gpxtpx:TrackPointExtension><gpxtpx:hr>137</gpxtpx:hr></gpxtpx:TrackPointExtension></extensions></trkpt><trkpt lat="35.95060967" lon="120.20488589"><ele>-26.110000610351562</ele><time>2022-06-03T13:26:45Z</time><extensions><gpxtpx:TrackPointExtension><gpxtpx:hr>137</gpxtpx:hr></gpxtpx:TrackPointExtension></extensions></trkpt><trkpt lat="35.95061066" lon="120.20488456"><ele>-26.1299991607666</ele><time>2022-06-03T13:26:46Z</time><extensions><gpxtpx:TrackPointExtension><gpxtpx:hr>137</gpxtpx:hr></gpxtpx:TrackPointExtension></extensions></trkpt><trkpt lat="35.95061332" lon="120.20488023"><ele>-26.1299991607666</ele><time>2022-06-03T13:26:47Z</time><extensions><gpxtpx:TrackPointExtension><gpxtpx:hr>137</gpxtpx:hr></gpxtpx:TrackPointExtension></extensions></trkpt><trkpt lat="35.95061765" lon="120.2048729"><ele>-26.1200008392334</ele><time>2022-06-03T13:26:48Z</time><extensions><gpxtpx:TrackPointExtension><gpxtpx:hr>137</gpxtpx:hr></gpxtpx:TrackPointExtension></extensions></trkpt><trkpt lat="35.95062398" lon="120.20486224"><ele>-26.040000915527344</ele><time>2022-06-03T13:26:49Z</time><extensions><gpxtpx:TrackPointExtension><gpxtpx:hr>137</gpxtpx:hr></gpxtpx:TrackPointExtension></extensions></trkpt><trkpt lat="35.95063264" lon="120.20484958"><ele>-25.959999084472656</ele><time>2022-06-03T13:26:50Z</time><extensions><gpxtpx:TrackPointExtension><gpxtpx:hr>137</gpxtpx:hr></gpxtpx:TrackPointExtension></extensions></trkpt><trkpt lat="35.95064364" lon="120.20483492"><ele>-25.889999389648438</ele><time>2022-06-03T13:26:51Z</time><extensions><gpxtpx:TrackPointExtension><gpxtpx:hr>136</gpxtpx:hr><gpxtpx:cad>87</gpxtpx:cad></gpxtpx:TrackPointExtension></extensions></trkpt><trkpt lat="35.95065897" lon="120.20482026"><ele>-25.889999389648438</ele><time>2022-06-03T13:26:52Z</time><extensions><gpxtpx:TrackPointExtension><gpxtpx:hr>136</gpxtpx:hr><gpxtpx:cad>87</gpxtpx:cad></gpxtpx:TrackPointExtension></extensions></trkpt><trkpt lat="35.9506763" lon="120.20480493"><ele>-25.8700008392334</ele><time>2022-06-03T13:26:53Z</time><extensions><gpxtpx:TrackPointExtension><gpxtpx:hr>136</gpxtpx:hr><gpxtpx:cad>88</gpxtpx:cad></gpxtpx:TrackPointExtension></extensions></trkpt><trkpt lat="35.95069896" lon="120.2047896"><ele>-25.940000534057617</ele><time>2022-06-03T13:26:54Z</time><extensions><gpxtpx:TrackPointExtension><gpxtpx:hr>137</gpxtpx:hr><gpxtpx:cad>87</gpxtpx:cad></gpxtpx:TrackPointExtension></extensions></trkpt><trkpt lat="35.95072162" lon="120.20477327"><ele>-25.940000534057617</ele><time>2022-06-03T13:26:55Z</time><extensions><gpxtpx:TrackPointExtension><gpxtpx:hr>138</gpxtpx:hr><gpxtpx:cad>87</gpxtpx:cad></gpxtpx:TrackPointExtension></extensions></trkpt><trkpt lat="35.95074295" lon="120.20475628"><ele>-26.030000686645508</ele><time>2022-06-03T13:26:56Z</time><extensions><gpxtpx:TrackPointExtension><gpxtpx:hr>139</gpxtpx:hr><gpxtpx:cad>87</gpxtpx:cad></gpxtpx:TrackPointExtension></extensions></trkpt><trkpt lat="35.95076361" lon="120.20473962"><ele>-26.040000915527344</ele><time>2022-06-03T13:26:57Z</time><extensions><gpxtpx:TrackPointExtension><gpxtpx:hr>140</gpxtpx:hr><gpxtpx:cad>87</gpxtpx:cad></gpxtpx:TrackPointExtension></extensions></trkpt><trkpt lat="35.95078494" lon="120.20472362"><ele>-26.040000915527344</ele><time>2022-06-03T13:26:58Z</time><extensions><gpxtpx:TrackPointExtension><gpxtpx:hr>140</gpxtpx:hr><gpxtpx:cad>87</gpxtpx:cad></gpxtpx:TrackPointExtension></extensions></trkpt><trkpt lat="35.9508066" lon="120.20470829"><ele>-26.110000610351562</ele><time>2022-06-03T13:26:59Z</time><extensions><gpxtpx:TrackPointExtension><gpxtpx:hr>140</gpxtpx:hr><gpxtpx:cad>87</gpxtpx:cad></gpxtpx:TrackPointExtension></extensions></trkpt><trkpt lat="35.95082926" lon="120.20469363"><ele>-26.1200008392334</ele><time>2022-06-03T13:27:00Z</time><extensions><gpxtpx:TrackPointExtension><gpxtpx:hr>141</gpxtpx:hr><gpxtpx:cad>87</gpxtpx:cad></gpxtpx:TrackPointExtension></extensions></trkpt><trkpt lat="35.95085125" lon="120.2046793"><ele>-26.1299991607666</ele><time>2022-06-03T13:27:01Z</time><extensions><gpxtpx:TrackPointExtension><gpxtpx:hr>141</gpxtpx:hr><gpxtpx:cad>88</gpxtpx:cad></gpxtpx:TrackPointExtension></extensions></trkpt><trkpt lat="35.95087391" lon="120.20466464"><ele>-26.1299991607666</ele><time>2022-06-03T13:27:02Z</time><extensions><gpxtpx:TrackPointExtension><gpxtpx:hr>142</gpxtpx:hr><gpxtpx:cad>88</gpxtpx:cad></gpxtpx:TrackPointExtension></extensions></trkpt><trkpt lat="35.95089591" lon="120.20465131"><ele>-26.18000030517578</ele><time>2022-06-03T13:27:03Z</time><extensions><gpxtpx:TrackPointExtension><gpxtpx:hr>143</gpxtpx:hr><gpxtpx:cad>87</gpxtpx:cad></gpxtpx:TrackPointExtension></extensions></trkpt><trkpt lat="35.95091824" lon="120.20463665"><ele>-26.200000762939453</ele><time>2022-06-03T13:27:04Z</time><extensions><gpxtpx:TrackPointExtension><gpxtpx:hr>143</gpxtpx:hr><gpxtpx:cad>88</gpxtpx:cad></gpxtpx:TrackPointExtension></extensions></trkpt><trkpt lat="35.9509399" lon="120.20462265"><ele>-26.200000762939453</ele><time>2022-06-03T13:27:05Z</time><extensions><gpxtpx:TrackPointExtension><gpxtpx:hr>143</gpxtpx:hr><gpxtpx:cad>89</gpxtpx:cad></gpxtpx:TrackPointExtension></extensions></trkpt><trkpt lat="35.95096223" lon="120.20460932"><ele>-26.219999313354492</ele><time>2022-06-03T13:27:06Z</time><extensions><gpxtpx:TrackPointExtension><gpxtpx:hr>143</gpxtpx:hr><gpxtpx:cad>88</gpxtpx:cad></gpxtpx:TrackPointExtension></extensions></trkpt><trkpt lat="35.95098489" lon="120.20459599"><ele>-26.229999542236328</ele><time>2022-06-03T13:27:07Z</time><extensions><gpxtpx:TrackPointExtension><gpxtpx:hr>144</gpxtpx:hr><gpxtpx:cad>89</gpxtpx:cad></gpxtpx:TrackPointExtension></extensions></trkpt><trkpt lat="35.95100755" lon="120.20458466"><ele>-26.229999542236328</ele><time>2022-06-03T13:27:08Z</time><extensions><gpxtpx:TrackPointExtension><gpxtpx:hr>145</gpxtpx:hr><gpxtpx:cad>87</gpxtpx:cad></gpxtpx:TrackPointExtension></extensions></trkpt><trkpt lat="35.95102988" lon="120.20457333"><ele>-26.219999313354492</ele><time>2022-06-03T13:27:09Z</time><extensions><gpxtpx:TrackPointExtension><gpxtpx:hr>146</gpxtpx:hr><gpxtpx:cad>88</gpxtpx:cad></gpxtpx:TrackPointExtension></extensions></trkpt><trkpt lat="35.95105287" lon="120.20456134"><ele>-26.219999313354492</ele><time>2022-06-03T13:27:10Z</time><extensions><gpxtpx:TrackPointExtension><gpxtpx:hr>149</gpxtpx:hr><gpxtpx:cad>87</gpxtpx:cad></gpxtpx:TrackPointExtension></extensions></trkpt><trkpt lat="35.9510772" lon="120.20454901"><ele>-26.219999313354492</ele><time>2022-06-03T13:27:11Z</time><extensions><gpxtpx:TrackPointExtension><gpxtpx:hr>150</gpxtpx:hr><gpxtpx:cad>88</gpxtpx:cad></gpxtpx:TrackPointExtension></extensions></trkpt><trkpt lat="35.95110053" lon="120.20453668"><ele>-26.25</ele><time>2022-06-03T13:27:12Z</time><extensions><gpxtpx:TrackPointExtension><gpxtpx:hr>149</gpxtpx:hr><gpxtpx:cad>88</gpxtpx:cad></gpxtpx:TrackPointExtension></extensions></trkpt><trkpt lat="35.95112519" lon="120.20452068"><ele>-26.280000686645508</ele><time>2022-06-03T13:27:13Z</time><extensions><gpxtpx:TrackPointExtension><gpxtpx:hr>149</gpxtpx:hr><gpxtpx:cad>88</gpxtpx:cad></gpxtpx:TrackPointExtension></extensions></trkpt><trkpt lat="35.95115019" lon="120.20450435"><ele>-26.299999237060547</ele><time>2022-06-03T13:27:14Z</time><extensions><gpxtpx:TrackPointExtension><gpxtpx:hr>150</gpxtpx:hr><gpxtpx:cad>88</gpxtpx:cad></gpxtpx:TrackPointExtension></extensions></trkpt><trkpt lat="35.95117552" lon="120.20448702"><ele>-26.360000610351562</ele><time>2022-06-03T13:27:15Z</time><extensions><gpxtpx:TrackPointExtension><gpxtpx:hr>150</gpxtpx:hr><gpxtpx:cad>88</gpxtpx:cad></gpxtpx:TrackPointExtension></extensions></trkpt><trkpt lat="35.95120085" lon="120.20446669"><ele>-26.420000076293945</ele><time>2022-06-03T13:27:16Z</time><extensions><gpxtpx:TrackPointExtension><gpxtpx:hr>151</gpxtpx:hr><gpxtpx:cad>88</gpxtpx:cad></gpxtpx:TrackPointExtension></extensions></trkpt><trkpt lat="35.95122618" lon="120.20444603"><ele>-26.5</ele><time>2022-06-03T13:27:17Z</time><extensions><gpxtpx:TrackPointExtension><gpxtpx:hr>151</gpxtpx:hr><gpxtpx:cad>88</gpxtpx:cad></gpxtpx:TrackPointExtension></extensions></trkpt><trkpt lat="35.95125217" lon="120.20442437"><ele>-26.549999237060547</ele><time>2022-06-03T13:27:18Z</time><extensions><gpxtpx:TrackPointExtension><gpxtpx:hr>151</gpxtpx:hr><gpxtpx:cad>88</gpxtpx:cad></gpxtpx:TrackPointExtension></extensions></trkpt><trkpt lat="35.9512775" lon="120.20440437"><ele>-26.6299991607666</ele><time>2022-06-03T13:27:19Z</time><extensions><gpxtpx:TrackPointExtension><gpxtpx:hr>151</gpxtpx:hr><gpxtpx:cad>89</gpxtpx:cad></gpxtpx:TrackPointExtension></extensions></trkpt><trkpt lat="35.95130283" lon="120.20438438"><ele>-26.700000762939453</ele><time>2022-06-03T13:27:20Z</time><extensions><gpxtpx:TrackPointExtension><gpxtpx:hr>151</gpxtpx:hr><gpxtpx:cad>89</gpxtpx:cad></gpxtpx:TrackPointExtension></extensions></trkpt><trkpt lat="35.95132649" lon="120.20436438"><ele>-26.770000457763672</ele><time>2022-06-03T13:27:21Z</time><extensions><gpxtpx:TrackPointExtension><gpxtpx:hr>151</gpxtpx:hr><gpxtpx:cad>88</gpxtpx:cad></gpxtpx:TrackPointExtension></extensions></trkpt><trkpt lat="35.95134782" lon="120.20434405"><ele>-26.809999465942383</ele><time>2022-06-03T13:27:22Z</time><extensions><gpxtpx:TrackPointExtension><gpxtpx:hr>151</gpxtpx:hr><gpxtpx:cad>88</gpxtpx:cad></gpxtpx:TrackPointExtension></extensions></trkpt><trkpt lat="35.95136682" lon="120.20432305"><ele>-26.8700008392334</ele><time>2022-06-03T13:27:23Z</time><extensions><gpxtpx:TrackPointExtension><gpxtpx:hr>151</gpxtpx:hr><gpxtpx:cad>88</gpxtpx:cad></gpxtpx:TrackPointExtension></extensions></trkpt><trkpt lat="35.95138481" lon="120.20430239"><ele>-26.940000534057617</ele><time>2022-06-03T13:27:24Z</time><extensions><gpxtpx:TrackPointExtension><gpxtpx:hr>151</gpxtpx:hr><gpxtpx:cad>88</gpxtpx:cad></gpxtpx:TrackPointExtension></extensions></trkpt><trkpt lat="35.95140247" lon="120.20428306"><ele>-26.959999084472656</ele><time>2022-06-03T13:27:25Z</time><extensions><gpxtpx:TrackPointExtension><gpxtpx:hr>150</gpxtpx:hr><gpxtpx:cad>88</gpxtpx:cad></gpxtpx:TrackPointExtension></extensions></trkpt><trkpt lat="35.95142113" lon="120.2042674"><ele>-26.969999313354492</ele><time>2022-06-03T13:27:26Z</time><extensions><gpxtpx:TrackPointExtension><gpxtpx:hr>150</gpxtpx:hr><gpxtpx:cad>87</gpxtpx:cad></gpxtpx:TrackPointExtension></extensions></trkpt><trkpt lat="35.95144079" lon="120.20425307"><ele>-26.969999313354492</ele><time>2022-06-03T13:27:27Z</time><extensions><gpxtpx:TrackPointExtension><gpxtpx:hr>150</gpxtpx:hr><gpxtpx:cad>87</gpxtpx:cad></gpxtpx:TrackPointExtension></extensions></trkpt><trkpt lat="35.95146312" lon="120.20424008"><ele>-26.950000762939453</ele><time>2022-06-03T13:27:28Z</time><extensions><gpxtpx:TrackPointExtension><gpxtpx:hr>150</gpxtpx:hr><gpxtpx:cad>87</gpxtpx:cad></gpxtpx:TrackPointExtension></extensions></trkpt><trkpt lat="35.95148545" lon="120.20422809"><ele>-26.93000030517578</ele><time>2022-06-03T13:27:29Z</time><extensions><gpxtpx:TrackPointExtension><gpxtpx:hr>150</gpxtpx:hr><gpxtpx:cad>88</gpxtpx:cad></gpxtpx:TrackPointExtension></extensions></trkpt><trkpt lat="35.95150944" lon="120.20421676"><ele>-26.899999618530273</ele><time>2022-06-03T13:27:30Z</time><extensions><gpxtpx:TrackPointExtension><gpxtpx:hr>151</gpxtpx:hr><gpxtpx:cad>88</gpxtpx:cad></gpxtpx:TrackPointExtension></extensions></trkpt><trkpt lat="35.9515321" lon="120.20420076"><ele>-26.959999084472656</ele><time>2022-06-03T13:27:31Z</time><extensions><gpxtpx:TrackPointExtension><gpxtpx:hr>151</gpxtpx:hr><gpxtpx:cad>88</gpxtpx:cad></gpxtpx:TrackPointExtension></extensions></trkpt><trkpt lat="35.9515541" lon="120.20418576"><ele>-27.040000915527344</ele><time>2022-06-03T13:27:32Z</time><extensions><gpxtpx:TrackPointExtension><gpxtpx:hr>150</gpxtpx:hr><gpxtpx:cad>87</gpxtpx:cad></gpxtpx:TrackPointExtension></extensions></trkpt><trkpt lat="35.9515761" lon="120.2041721"><ele>-27.100000381469727</ele><time>2022-06-03T13:27:33Z</time><extensions><gpxtpx:TrackPointExtension><gpxtpx:hr>150</gpxtpx:hr><gpxtpx:cad>87</gpxtpx:cad></gpxtpx:TrackPointExtension></extensions></trkpt><trkpt lat="35.95159976" lon="120.2041561"><ele>-27.139999389648438</ele><time>2022-06-03T13:27:34Z</time><extensions><gpxtpx:TrackPointExtension><gpxtpx:hr>149</gpxtpx:hr><gpxtpx:cad>87</gpxtpx:cad></gpxtpx:TrackPointExtension></extensions></trkpt><trkpt lat="35.95162276" lon="120.20413944"><ele>-27.190000534057617</ele><time>2022-06-03T13:27:35Z</time><extensions><gpxtpx:TrackPointExtension><gpxtpx:hr>149</gpxtpx:hr><gpxtpx:cad>88</gpxtpx:cad></gpxtpx:TrackPointExtension></extensions></trkpt><trkpt lat="35.95164542" lon="120.20412278"><ele>-27.209999084472656</ele><time>2022-06-03T13:27:36Z</time><extensions><gpxtpx:TrackPointExtension><gpxtpx:hr>148</gpxtpx:hr><gpxtpx:cad>89</gpxtpx:cad></gpxtpx:TrackPointExtension></extensions></trkpt><trkpt lat="35.95166708" lon="120.20410712"><ele>-27.219999313354492</ele><time>2022-06-03T13:27:37Z</time><extensions><gpxtpx:TrackPointExtension><gpxtpx:hr>148</gpxtpx:hr><gpxtpx:cad>89</gpxtpx:cad></gpxtpx:TrackPointExtension></extensions></trkpt><trkpt lat="35.95168874" lon="120.20409413"><ele>-27.229999542236328</ele><time>2022-06-03T13:27:38Z</time><extensions><gpxtpx:TrackPointExtension><gpxtpx:hr>148</gpxtpx:hr><gpxtpx:cad>89</gpxtpx:cad></gpxtpx:TrackPointExtension></extensions></trkpt><trkpt lat="35.95171207" lon="120.20408347"><ele>-27.260000228881836</ele><time>2022-06-03T13:27:39Z</time><extensions><gpxtpx:TrackPointExtension><gpxtpx:hr>148</gpxtpx:hr><gpxtpx:cad>89</gpxtpx:cad></gpxtpx:TrackPointExtension></extensions></trkpt><trkpt lat="35.95173607" lon="120.20407481"><ele>-27.260000228881836</ele><time>2022-06-03T13:27:40Z</time><extensions><gpxtpx:TrackPointExtension><gpxtpx:hr>148</gpxtpx:hr><gpxtpx:cad>88</gpxtpx:cad></gpxtpx:TrackPointExtension></extensions></trkpt><trkpt lat="35.95176006" lon="120.20406781"><ele>-27.260000228881836</ele><time>2022-06-03T13:27:41Z</time><extensions><gpxtpx:TrackPointExtension><gpxtpx:hr>147</gpxtpx:hr><gpxtpx:cad>88</gpxtpx:cad></gpxtpx:TrackPointExtension></extensions></trkpt><trkpt lat="35.95178506" lon="120.20406115"><ele>-27.219999313354492</ele><time>2022-06-03T13:27:42Z</time><extensions><gpxtpx:TrackPointExtension><gpxtpx:hr>147</gpxtpx:hr><gpxtpx:cad>88</gpxtpx:cad></gpxtpx:TrackPointExtension></extensions></trkpt><trkpt lat="35.95181006" lon="120.20405382"><ele>-27.190000534057617</ele><time>2022-06-03T13:27:43Z</time><extensions><gpxtpx:TrackPointExtension><gpxtpx:hr>147</gpxtpx:hr><gpxtpx:cad>88</gpxtpx:cad></gpxtpx:TrackPointExtension></extensions></trkpt><trkpt lat="35.95183639" lon="120.20404749"><ele>-27.139999389648438</ele><time>2022-06-03T13:27:44Z</time><extensions><gpxtpx:TrackPointExtension><gpxtpx:hr>147</gpxtpx:hr><gpxtpx:cad>88</gpxtpx:cad></gpxtpx:TrackPointExtension></extensions></trkpt><trkpt lat="35.95186205" lon="120.20404249"><ele>-27.100000381469727</ele><time>2022-06-03T13:27:45Z</time><extensions><gpxtpx:TrackPointExtension><gpxtpx:hr>147</gpxtpx:hr><gpxtpx:cad>88</gpxtpx:cad></gpxtpx:TrackPointExtension></extensions></trkpt><trkpt lat="35.95188705" lon="120.20403849"><ele>-27.030000686645508</ele><time>2022-06-03T13:27:46Z</time><extensions><gpxtpx:TrackPointExtension><gpxtpx:hr>147</gpxtpx:hr><gpxtpx:cad>88</gpxtpx:cad></gpxtpx:TrackPointExtension></extensions></trkpt><trkpt lat="35.95191204" lon="120.20403516"><ele>-26.969999313354492</ele><time>2022-06-03T13:27:47Z</time><extensions><gpxtpx:TrackPointExtension><gpxtpx:hr>147</gpxtpx:hr><gpxtpx:cad>88</gpxtpx:cad></gpxtpx:TrackPointExtension></extensions></trkpt><trkpt lat="35.95193637" lon="120.20403083"><ele>-26.940000534057617</ele><time>2022-06-03T13:27:48Z</time><extensions><gpxtpx:TrackPointExtension><gpxtpx:hr>147</gpxtpx:hr><gpxtpx:cad>88</gpxtpx:cad></gpxtpx:TrackPointExtension></extensions></trkpt><trkpt lat="35.95196103" lon="120.20402617"><ele>-26.889999389648438</ele><time>2022-06-03T13:27:49Z</time><extensions><gpxtpx:TrackPointExtension><gpxtpx:hr>147</gpxtpx:hr><gpxtpx:cad>88</gpxtpx:cad></gpxtpx:TrackPointExtension></extensions></trkpt><trkpt lat="35.95198702" lon="120.20402217"><ele>-26.899999618530273</ele><time>2022-06-03T13:27:50Z</time><extensions><gpxtpx:TrackPointExtension><gpxtpx:hr>148</gpxtpx:hr><gpxtpx:cad>88</gpxtpx:cad></gpxtpx:TrackPointExtension></extensions></trkpt><trkpt lat="35.95201301" lon="120.20402051"><ele>-26.940000534057617</ele><time>2022-06-03T13:27:51Z</time><extensions><gpxtpx:TrackPointExtension><gpxtpx:hr>149</gpxtpx:hr><gpxtpx:cad>88</gpxtpx:cad></gpxtpx:TrackPointExtension></extensions></trkpt><trkpt lat="35.95203934" lon="120.20401918"><ele>-26.969999313354492</ele><time>2022-06-03T13:27:52Z</time><extensions><gpxtpx:TrackPointExtension><gpxtpx:hr>150</gpxtpx:hr><gpxtpx:cad>88</gpxtpx:cad></gpxtpx:TrackPointExtension></extensions></trkpt><trkpt lat="35.95206567" lon="120.20401652"><ele>-27.030000686645508</ele><time>2022-06-03T13:27:53Z</time><extensions><gpxtpx:TrackPointExtension><gpxtpx:hr>150</gpxtpx:hr><gpxtpx:cad>89</gpxtpx:cad></gpxtpx:TrackPointExtension></extensions></trkpt><trkpt lat="35.95209333" lon="120.20401253"><ele>-27.030000686645508</ele><time>2022-06-03T13:27:54Z</time><extensions><gpxtpx:TrackPointExtension><gpxtpx:hr>151</gpxtpx:hr><gpxtpx:cad>89</gpxtpx:cad></gpxtpx:TrackPointExtension></extensions></trkpt><trkpt lat="35.95212066" lon="120.20400987"><ele>-27.06999969482422</ele><time>2022-06-03T13:27:55Z</time><extensions><gpxtpx:TrackPointExtension><gpxtpx:hr>151</gpxtpx:hr><gpxtpx:cad>88</gpxtpx:cad></gpxtpx:TrackPointExtension></extensions></trkpt><trkpt lat="35.95214832" lon="120.20400721"><ele>-27.110000610351562</ele><time>2022-06-03T13:27:56Z</time><extensions><gpxtpx:TrackPointExtension><gpxtpx:hr>152</gpxtpx:hr><gpxtpx:cad>89</gpxtpx:cad></gpxtpx:TrackPointExtension></extensions></trkpt><trkpt lat="35.95217532" lon="120.20400555"><ele>-27.139999389648438</ele><time>2022-06-03T13:27:57Z</time><extensions><gpxtpx:TrackPointExtension><gpxtpx:hr>153</gpxtpx:hr><gpxtpx:cad>88</gpxtpx:cad></gpxtpx:TrackPointExtension></extensions></trkpt><trkpt lat="35.95220232" lon="120.20400222"><ele>-27.170000076293945</ele><time>2022-06-03T13:27:58Z</time><extensions><gpxtpx:TrackPointExtension><gpxtpx:hr>153</gpxtpx:hr><gpxtpx:cad>88</gpxtpx:cad></gpxtpx:TrackPointExtension></extensions></trkpt><trkpt lat="35.95222898" lon="120.20399889"><ele>-27.200000762939453</ele><time>2022-06-03T13:27:59Z</time><extensions><gpxtpx:TrackPointExtension><gpxtpx:hr>154</gpxtpx:hr><gpxtpx:cad>88</gpxtpx:cad></gpxtpx:TrackPointExtension></extensions></trkpt><trkpt lat="35.95225464" lon="120.2039979"><ele>-27.200000762939453</ele><time>2022-06-03T13:28:00Z</time><extensions><gpxtpx:TrackPointExtension><gpxtpx:hr>154</gpxtpx:hr><gpxtpx:cad>89</gpxtpx:cad></gpxtpx:TrackPointExtension></extensions></trkpt><trkpt lat="35.9522793" lon="120.20399657"><ele>-27.219999313354492</ele><time>2022-06-03T13:28:01Z</time><extensions><gpxtpx:TrackPointExtension><gpxtpx:hr>154</gpxtpx:hr><gpxtpx:cad>89</gpxtpx:cad></gpxtpx:TrackPointExtension></extensions></trkpt><trkpt lat="35.95230296" lon="120.20399657"><ele>-27.229999542236328</ele><time>2022-06-03T13:28:02Z</time><extensions><gpxtpx:TrackPointExtension><gpxtpx:hr>154</gpxtpx:hr><gpxtpx:cad>89</gpxtpx:cad></gpxtpx:TrackPointExtension></extensions></trkpt><trkpt lat="35.95232429" lon="120.20399923"><ele>-27.25</ele><time>2022-06-03T13:28:03Z</time><extensions><gpxtpx:TrackPointExtension><gpxtpx:hr>155</gpxtpx:hr><gpxtpx:cad>89</gpxtpx:cad></gpxtpx:TrackPointExtension></extensions></trkpt><trkpt lat="35.95234295" lon="120.20400123"><ele>-27.260000228881836</ele><time>2022-06-03T13:28:04Z</time><extensions><gpxtpx:TrackPointExtension><gpxtpx:hr>156</gpxtpx:hr><gpxtpx:cad>89</gpxtpx:cad></gpxtpx:TrackPointExtension></extensions></trkpt><trkpt lat="35.95235994" lon="120.20400422"><ele>-27.25</ele><time>2022-06-03T13:28:05Z</time><extensions><gpxtpx:TrackPointExtension><gpxtpx:hr>157</gpxtpx:hr><gpxtpx:cad>89</gpxtpx:cad></gpxtpx:TrackPointExtension></extensions></trkpt><trkpt lat="35.9523786" lon="120.20401388"><ele>-27.219999313354492</ele><time>2022-06-03T13:28:06Z</time><extensions><gpxtpx:TrackPointExtension><gpxtpx:hr>158</gpxtpx:hr><gpxtpx:cad>89</gpxtpx:cad></gpxtpx:TrackPointExtension></extensions></trkpt><trkpt lat="35.95239693" lon="120.20402087"><ele>-27.200000762939453</ele><time>2022-06-03T13:28:07Z</time><extensions><gpxtpx:TrackPointExtension><gpxtpx:hr>159</gpxtpx:hr><gpxtpx:cad>89</gpxtpx:cad></gpxtpx:TrackPointExtension></extensions></trkpt><trkpt lat="35.95241526" lon="120.20402553"><ele>-27.139999389648438</ele><time>2022-06-03T13:28:08Z</time><extensions><gpxtpx:TrackPointExtension><gpxtpx:hr>159</gpxtpx:hr><gpxtpx:cad>89</gpxtpx:cad></gpxtpx:TrackPointExtension></extensions></trkpt><trkpt lat="35.95243359" lon="120.20402919"><ele>-27.110000610351562</ele><time>2022-06-03T13:28:09Z</time><extensions><gpxtpx:TrackPointExtension><gpxtpx:hr>159</gpxtpx:hr><gpxtpx:cad>89</gpxtpx:cad></gpxtpx:TrackPointExtension></extensions></trkpt><trkpt lat="35.95245259" lon="120.20403085"><ele>-27.059999465942383</ele><time>2022-06-03T13:28:10Z</time><extensions><gpxtpx:TrackPointExtension><gpxtpx:hr>159</gpxtpx:hr><gpxtpx:cad>89</gpxtpx:cad></gpxtpx:TrackPointExtension></extensions></trkpt><trkpt lat="35.95247192" lon="120.20403284"><ele>-27.040000915527344</ele><time>2022-06-03T13:28:11Z</time><extensions><gpxtpx:TrackPointExtension><gpxtpx:hr>160</gpxtpx:hr><gpxtpx:cad>89</gpxtpx:cad></gpxtpx:TrackPointExtension></extensions></trkpt><trkpt lat="35.95249392" lon="120.20403317"><ele>-27.040000915527344</ele><time>2022-06-03T13:28:12Z</time><extensions><gpxtpx:TrackPointExtension><gpxtpx:hr>161</gpxtpx:hr><gpxtpx:cad>89</gpxtpx:cad></gpxtpx:TrackPointExtension></extensions></trkpt><trkpt lat="35.95251625" lon="120.2040345"><ele>-26.979999542236328</ele><time>2022-06-03T13:28:13Z</time><extensions><gpxtpx:TrackPointExtension><gpxtpx:hr>162</gpxtpx:hr><gpxtpx:cad>89</gpxtpx:cad></gpxtpx:TrackPointExtension></extensions></trkpt><trkpt lat="35.95253658" lon="120.20403516"><ele>-26.979999542236328</ele><time>2022-06-03T13:28:14Z</time><extensions><gpxtpx:TrackPointExtension><gpxtpx:hr>162</gpxtpx:hr><gpxtpx:cad>89</gpxtpx:cad></gpxtpx:TrackPointExtension></extensions></trkpt><trkpt lat="35.95255591" lon="120.20403516"><ele>-26.969999313354492</ele><time>2022-06-03T13:28:15Z</time><extensions><gpxtpx:TrackPointExtension><gpxtpx:hr>163</gpxtpx:hr><gpxtpx:cad>89</gpxtpx:cad></gpxtpx:TrackPointExtension></extensions></trkpt><trkpt lat="35.95257757" lon="120.2040345"><ele>-26.969999313354492</ele><time>2022-06-03T13:28:16Z</time><extensions><gpxtpx:TrackPointExtension><gpxtpx:hr>163</gpxtpx:hr><gpxtpx:cad>89</gpxtpx:cad></gpxtpx:TrackPointExtension></extensions></trkpt><trkpt lat="35.9525979" lon="120.20403217"><ele>-26.969999313354492</ele><time>2022-06-03T13:28:17Z</time><extensions><gpxtpx:TrackPointExtension><gpxtpx:hr>163</gpxtpx:hr><gpxtpx:cad>89</gpxtpx:cad></gpxtpx:TrackPointExtension></extensions></trkpt><trkpt lat="35.9526169" lon="120.20403018"><ele>-26.969999313354492</ele><time>2022-06-03T13:28:18Z</time><extensions><gpxtpx:TrackPointExtension><gpxtpx:hr>163</gpxtpx:hr><gpxtpx:cad>89</gpxtpx:cad></gpxtpx:TrackPointExtension></extensions></trkpt><trkpt lat="35.95263556" lon="120.20402919"><ele>-26.959999084472656</ele><time>2022-06-03T13:28:19Z</time><extensions><gpxtpx:TrackPointExtension><gpxtpx:hr>163</gpxtpx:hr><gpxtpx:cad>89</gpxtpx:cad></gpxtpx:TrackPointExtension></extensions></trkpt><trkpt lat="35.95265355" lon="120.20402886"><ele>-26.959999084472656</ele><time>2022-06-03T13:28:20Z</time><extensions><gpxtpx:TrackPointExtension><gpxtpx:hr>163</gpxtpx:hr><gpxtpx:cad>89</gpxtpx:cad></gpxtpx:TrackPointExtension></extensions></trkpt><trkpt lat="35.95267255" lon="120.20403086"><ele>-26.959999084472656</ele><time>2022-06-03T13:28:21Z</time><extensions><gpxtpx:TrackPointExtension><gpxtpx:hr>166</gpxtpx:hr><gpxtpx:cad>68</gpxtpx:cad></gpxtpx:TrackPointExtension></extensions></trkpt><trkpt lat="35.95269121" lon="120.20403419"><ele>-26.979999542236328</ele><time>2022-06-03T13:28:22Z</time><extensions><gpxtpx:TrackPointExtension><gpxtpx:hr>170</gpxtpx:hr><gpxtpx:cad>68</gpxtpx:cad></gpxtpx:TrackPointExtension></extensions></trkpt><trkpt lat="35.95270987" lon="120.20403719"><ele>-27.0</ele><time>2022-06-03T13:28:23Z</time><extensions><gpxtpx:TrackPointExtension><gpxtpx:hr>172</gpxtpx:hr><gpxtpx:cad>68</gpxtpx:cad></gpxtpx:TrackPointExtension></extensions></trkpt><trkpt lat="35.95272786" lon="120.20404085"><ele>-27.010000228881836</ele><time>2022-06-03T13:28:24Z</time><extensions><gpxtpx:TrackPointExtension><gpxtpx:hr>173</gpxtpx:hr><gpxtpx:cad>68</gpxtpx:cad></gpxtpx:TrackPointExtension></extensions></trkpt><trkpt lat="35.95274485" lon="120.20404118"><ele>-27.020000457763672</ele><time>2022-06-03T13:28:25Z</time><extensions><gpxtpx:TrackPointExtension><gpxtpx:hr>171</gpxtpx:hr><gpxtpx:cad>68</gpxtpx:cad></gpxtpx:TrackPointExtension></extensions></trkpt><trkpt lat="35.95276051" lon="120.20404151"><ele>-27.030000686645508</ele><time>2022-06-03T13:28:26Z</time><extensions><gpxtpx:TrackPointExtension><gpxtpx:hr>168</gpxtpx:hr><gpxtpx:cad>68</gpxtpx:cad></gpxtpx:TrackPointExtension></extensions></trkpt><trkpt lat="35.95277484" lon="120.20404317"><ele>-27.040000915527344</ele><time>2022-06-03T13:28:27Z</time><extensions><gpxtpx:TrackPointExtension><gpxtpx:hr>167</gpxtpx:hr><gpxtpx:cad>68</gpxtpx:cad></gpxtpx:TrackPointExtension></extensions></trkpt><trkpt lat="35.95278884" lon="120.20404617"><ele>-27.06999969482422</ele><time>2022-06-03T13:28:28Z</time><extensions><gpxtpx:TrackPointExtension><gpxtpx:hr>167</gpxtpx:hr><gpxtpx:cad>68</gpxtpx:cad></gpxtpx:TrackPointExtension></extensions></trkpt><trkpt lat="35.95280317" lon="120.2040525"><ele>-27.100000381469727</ele><time>2022-06-03T13:28:29Z</time><extensions><gpxtpx:TrackPointExtension><gpxtpx:hr>168</gpxtpx:hr><gpxtpx:cad>68</gpxtpx:cad></gpxtpx:TrackPointExtension></extensions></trkpt><trkpt lat="35.95281683" lon="120.20405983"><ele>-27.1200008392334</ele><time>2022-06-03T13:28:30Z</time><extensions><gpxtpx:TrackPointExtension><gpxtpx:hr>170</gpxtpx:hr><gpxtpx:cad>62</gpxtpx:cad></gpxtpx:TrackPointExtension></extensions></trkpt><trkpt lat="35.95283083" lon="120.20407049"><ele>-27.100000381469727</ele><time>2022-06-03T13:28:31Z</time><extensions><gpxtpx:TrackPointExtension><gpxtpx:hr>170</gpxtpx:hr><gpxtpx:cad>62</gpxtpx:cad></gpxtpx:TrackPointExtension></extensions></trkpt><trkpt lat="35.95284616" lon="120.20408248"><ele>-27.059999465942383</ele><time>2022-06-03T13:28:32Z</time><extensions><gpxtpx:TrackPointExtension><gpxtpx:hr>170</gpxtpx:hr><gpxtpx:cad>61</gpxtpx:cad></gpxtpx:TrackPointExtension></extensions></trkpt><trkpt lat="35.95286249" lon="120.20409314"><ele>-27.049999237060547</ele><time>2022-06-03T13:28:33Z</time><extensions><gpxtpx:TrackPointExtension><gpxtpx:hr>171</gpxtpx:hr><gpxtpx:cad>62</gpxtpx:cad></gpxtpx:TrackPointExtension></extensions></trkpt><trkpt lat="35.95287849" lon="120.20410314"><ele>-27.040000915527344</ele><time>2022-06-03T13:28:34Z</time><extensions><gpxtpx:TrackPointExtension><gpxtpx:hr>170</gpxtpx:hr><gpxtpx:cad>63</gpxtpx:cad></gpxtpx:TrackPointExtension></extensions></trkpt><trkpt lat="35.95289415" lon="120.2041118"><ele>-27.040000915527344</ele><time>2022-06-03T13:28:35Z</time><extensions><gpxtpx:TrackPointExtension><gpxtpx:hr>169</gpxtpx:hr><gpxtpx:cad>62</gpxtpx:cad></gpxtpx:TrackPointExtension></extensions></trkpt><trkpt lat="35.95291048" lon="120.20412013"><ele>-27.049999237060547</ele><time>2022-06-03T13:28:36Z</time><extensions><gpxtpx:TrackPointExtension><gpxtpx:hr>168</gpxtpx:hr><gpxtpx:cad>62</gpxtpx:cad></gpxtpx:TrackPointExtension></extensions></trkpt><trkpt lat="35.95292814" lon="120.20412712"><ele>-27.09000015258789</ele><time>2022-06-03T13:28:37Z</time><extensions><gpxtpx:TrackPointExtension><gpxtpx:cad>61</gpxtpx:cad></gpxtpx:TrackPointExtension></extensions></trkpt><trkpt lat="35.95294547" lon="120.20413278"><ele>-27.110000610351562</ele><time>2022-06-03T13:28:38Z</time><extensions><gpxtpx:TrackPointExtension><gpxtpx:hr>167</gpxtpx:hr><gpxtpx:cad>61</gpxtpx:cad></gpxtpx:TrackPointExtension></extensions></trkpt><trkpt lat="35.9529618" lon="120.20413611"><ele>-27.1200008392334</ele><time>2022-06-03T13:28:39Z</time><extensions><gpxtpx:TrackPointExtension><gpxtpx:hr>169</gpxtpx:hr><gpxtpx:cad>62</gpxtpx:cad></gpxtpx:TrackPointExtension></extensions></trkpt><trkpt lat="35.9529778" lon="120.20413877"><ele>-27.09000015258789</ele><time>2022-06-03T13:28:40Z</time><extensions><gpxtpx:TrackPointExtension><gpxtpx:hr>167</gpxtpx:hr><gpxtpx:cad>62</gpxtpx:cad></gpxtpx:TrackPointExtension></extensions></trkpt><trkpt lat="35.95299446" lon="120.20414177"><ele>-27.09000015258789</ele><time>2022-06-03T13:28:41Z</time><extensions><gpxtpx:TrackPointExtension><gpxtpx:hr>165</gpxtpx:hr><gpxtpx:cad>62</gpxtpx:cad></gpxtpx:TrackPointExtension></extensions></trkpt><trkpt lat="35.95301079" lon="120.2041441"><ele>-27.030000686645508</ele><time>2022-06-03T13:28:42Z</time><extensions><gpxtpx:TrackPointExtension><gpxtpx:hr>167</gpxtpx:hr><gpxtpx:cad>62</gpxtpx:cad></gpxtpx:TrackPointExtension></extensions></trkpt><trkpt lat="35.95302778" lon="120.20414543"><ele>-27.020000457763672</ele><time>2022-06-03T13:28:43Z</time><extensions><gpxtpx:TrackPointExtension><gpxtpx:hr>168</gpxtpx:hr><gpxtpx:cad>62</gpxtpx:cad></gpxtpx:TrackPointExtension></extensions></trkpt><trkpt lat="35.95304477" lon="120.20414642"><ele>-27.020000457763672</ele><time>2022-06-03T13:28:44Z</time><extensions><gpxtpx:TrackPointExtension><gpxtpx:hr>169</gpxtpx:hr><gpxtpx:cad>62</gpxtpx:cad></gpxtpx:TrackPointExtension></extensions></trkpt><trkpt lat="35.95306377" lon="120.20414708"><ele>-27.030000686645508</ele><time>2022-06-03T13:28:45Z</time><extensions><gpxtpx:TrackPointExtension><gpxtpx:hr>170</gpxtpx:hr><gpxtpx:cad>62</gpxtpx:cad></gpxtpx:TrackPointExtension></extensions></trkpt><trkpt lat="35.9530841" lon="120.20414608"><ele>-27.030000686645508</ele><time>2022-06-03T13:28:46Z</time><extensions><gpxtpx:TrackPointExtension><gpxtpx:hr>171</gpxtpx:hr><gpxtpx:cad>62</gpxtpx:cad></gpxtpx:TrackPointExtension></extensions></trkpt><trkpt lat="35.95310443" lon="120.20414342"><ele>-26.940000534057617</ele><time>2022-06-03T13:28:47Z</time><extensions><gpxtpx:TrackPointExtension><gpxtpx:hr>171</gpxtpx:hr><gpxtpx:cad>62</gpxtpx:cad></gpxtpx:TrackPointExtension></extensions></trkpt><trkpt lat="35.95312409" lon="120.20413809"><ele>-26.850000381469727</ele><time>2022-06-03T13:28:48Z</time><extensions><gpxtpx:TrackPointExtension><gpxtpx:hr>171</gpxtpx:hr><gpxtpx:cad>62</gpxtpx:cad></gpxtpx:TrackPointExtension></extensions></trkpt><trkpt lat="35.95314342" lon="120.20413343"><ele>-26.729999542236328</ele><time>2022-06-03T13:28:49Z</time><extensions><gpxtpx:TrackPointExtension><gpxtpx:hr>171</gpxtpx:hr><gpxtpx:cad>62</gpxtpx:cad></gpxtpx:TrackPointExtension></extensions></trkpt><trkpt lat="35.95316175" lon="120.20412744"><ele>-26.639999389648438</ele><time>2022-06-03T13:28:50Z</time><extensions><gpxtpx:TrackPointExtension><gpxtpx:hr>172</gpxtpx:hr><gpxtpx:cad>62</gpxtpx:cad></gpxtpx:TrackPointExtension></extensions></trkpt><trkpt lat="35.95318041" lon="120.20412078"><ele>-26.56999969482422</ele><time>2022-06-03T13:28:51Z</time><extensions><gpxtpx:TrackPointExtension><gpxtpx:hr>173</gpxtpx:hr><gpxtpx:cad>62</gpxtpx:cad></gpxtpx:TrackPointExtension></extensions></trkpt><trkpt lat="35.95319974" lon="120.20411278"><ele>-26.520000457763672</ele><time>2022-06-03T13:28:52Z</time><extensions><gpxtpx:TrackPointExtension><gpxtpx:hr>173</gpxtpx:hr><gpxtpx:cad>62</gpxtpx:cad></gpxtpx:TrackPointExtension></extensions></trkpt><trkpt lat="35.95321707" lon="120.20410379"><ele>-26.459999084472656</ele><time>2022-06-03T13:28:53Z</time><extensions><gpxtpx:TrackPointExtension><gpxtpx:hr>173</gpxtpx:hr><gpxtpx:cad>62</gpxtpx:cad></gpxtpx:TrackPointExtension></extensions></trkpt><trkpt lat="35.9532364" lon="120.20409346"><ele>-26.43000030517578</ele><time>2022-06-03T13:28:54Z</time><extensions><gpxtpx:TrackPointExtension><gpxtpx:hr>173</gpxtpx:hr><gpxtpx:cad>89</gpxtpx:cad></gpxtpx:TrackPointExtension></extensions></trkpt><trkpt lat="35.95325773" lon="120.2040798"><ele>-26.3799991607666</ele><time>2022-06-03T13:28:55Z</time><extensions><gpxtpx:TrackPointExtension><gpxtpx:hr>173</gpxtpx:hr><gpxtpx:cad>88</gpxtpx:cad></gpxtpx:TrackPointExtension></extensions></trkpt><trkpt lat="35.95327772" lon="120.2040678"><ele>-26.360000610351562</ele><time>2022-06-03T13:28:56Z</time><extensions><gpxtpx:TrackPointExtension><gpxtpx:hr>174</gpxtpx:hr><gpxtpx:cad>88</gpxtpx:cad></gpxtpx:TrackPointExtension></extensions></trkpt><trkpt lat="35.95329838" lon="120.20405781"><ele>-26.360000610351562</ele><time>2022-06-03T13:28:57Z</time><extensions><gpxtpx:TrackPointExtension><gpxtpx:hr>174</gpxtpx:hr><gpxtpx:cad>88</gpxtpx:cad></gpxtpx:TrackPointExtension></extensions></trkpt><trkpt lat="35.95331971" lon="120.20404748"><ele>-26.31999969482422</ele><time>2022-06-03T13:28:58Z</time><extensions><gpxtpx:TrackPointExtension><gpxtpx:hr>175</gpxtpx:hr><gpxtpx:cad>89</gpxtpx:cad></gpxtpx:TrackPointExtension></extensions></trkpt><trkpt lat="35.9533407" lon="120.20404082"><ele>-26.299999237060547</ele><time>2022-06-03T13:28:59Z</time><extensions><gpxtpx:TrackPointExtension><gpxtpx:hr>176</gpxtpx:hr><gpxtpx:cad>89</gpxtpx:cad></gpxtpx:TrackPointExtension></extensions></trkpt><trkpt lat="35.95336436" lon="120.20403249"><ele>-26.290000915527344</ele><time>2022-06-03T13:29:00Z</time><extensions><gpxtpx:TrackPointExtension><gpxtpx:hr>177</gpxtpx:hr><gpxtpx:cad>89</gpxtpx:cad></gpxtpx:TrackPointExtension></extensions></trkpt><trkpt lat="35.95338802" lon="120.20402416"><ele>-26.280000686645508</ele><time>2022-06-03T13:29:01Z</time><extensions><gpxtpx:TrackPointExtension><gpxtpx:hr>177</gpxtpx:hr><gpxtpx:cad>89</gpxtpx:cad></gpxtpx:TrackPointExtension></extensions></trkpt><trkpt lat="35.95340968" lon="120.20401516"><ele>-26.270000457763672</ele><time>2022-06-03T13:29:02Z</time><extensions><gpxtpx:TrackPointExtension><gpxtpx:hr>178</gpxtpx:hr><gpxtpx:cad>89</gpxtpx:cad></gpxtpx:TrackPointExtension></extensions></trkpt><trkpt lat="35.95343067" lon="120.20400583"><ele>-26.260000228881836</ele><time>2022-06-03T13:29:03Z</time><extensions><gpxtpx:TrackPointExtension><gpxtpx:hr>179</gpxtpx:hr><gpxtpx:cad>88</gpxtpx:cad></gpxtpx:TrackPointExtension></extensions></trkpt><trkpt lat="35.95345066" lon="120.2039985"><ele>-26.25</ele><time>2022-06-03T13:29:04Z</time><extensions><gpxtpx:TrackPointExtension><gpxtpx:hr>178</gpxtpx:hr><gpxtpx:cad>88</gpxtpx:cad></gpxtpx:TrackPointExtension></extensions></trkpt><trkpt lat="35.95347166" lon="120.20399384"><ele>-26.209999084472656</ele><time>2022-06-03T13:29:05Z</time><extensions><gpxtpx:TrackPointExtension><gpxtpx:hr>178</gpxtpx:hr><gpxtpx:cad>88</gpxtpx:cad></gpxtpx:TrackPointExtension></extensions></trkpt><trkpt lat="35.95349332" lon="120.20399151"><ele>-26.18000030517578</ele><time>2022-06-03T13:29:06Z</time><extensions><gpxtpx:TrackPointExtension><gpxtpx:hr>178</gpxtpx:hr><gpxtpx:cad>88</gpxtpx:cad></gpxtpx:TrackPointExtension></extensions></trkpt><trkpt lat="35.95351332" lon="120.20399018"><ele>-26.1200008392334</ele><time>2022-06-03T13:29:07Z</time><extensions><gpxtpx:TrackPointExtension><gpxtpx:hr>178</gpxtpx:hr><gpxtpx:cad>89</gpxtpx:cad></gpxtpx:TrackPointExtension></extensions></trkpt><trkpt lat="35.95353431" lon="120.20398752"><ele>-26.100000381469727</ele><time>2022-06-03T13:29:08Z</time><extensions><gpxtpx:TrackPointExtension><gpxtpx:hr>179</gpxtpx:hr><gpxtpx:cad>89</gpxtpx:cad></gpxtpx:TrackPointExtension></extensions></trkpt><trkpt lat="35.9535573" lon="120.20398319"><ele>-26.06999969482422</ele><time>2022-06-03T13:29:09Z</time><extensions><gpxtpx:TrackPointExtension><gpxtpx:hr>179</gpxtpx:hr><gpxtpx:cad>89</gpxtpx:cad></gpxtpx:TrackPointExtension></extensions></trkpt><trkpt lat="35.95358163" lon="120.20397953"><ele>-26.030000686645508</ele><time>2022-06-03T13:29:10Z</time><extensions><gpxtpx:TrackPointExtension><gpxtpx:hr>179</gpxtpx:hr><gpxtpx:cad>90</gpxtpx:cad></gpxtpx:TrackPointExtension></extensions></trkpt><trkpt lat="35.95360429" lon="120.20397553"><ele>-25.979999542236328</ele><time>2022-06-03T13:29:11Z</time><extensions><gpxtpx:TrackPointExtension><gpxtpx:hr>179</gpxtpx:hr><gpxtpx:cad>90</gpxtpx:cad></gpxtpx:TrackPointExtension></extensions></trkpt><trkpt lat="35.95362562" lon="120.2039692"><ele>-25.950000762939453</ele><time>2022-06-03T13:29:12Z</time><extensions><gpxtpx:TrackPointExtension><gpxtpx:hr>179</gpxtpx:hr><gpxtpx:cad>90</gpxtpx:cad></gpxtpx:TrackPointExtension></extensions></trkpt><trkpt lat="35.95364695" lon="120.20396187"><ele>-25.93000030517578</ele><time>2022-06-03T13:29:13Z</time><extensions><gpxtpx:TrackPointExtension><gpxtpx:hr>179</gpxtpx:hr><gpxtpx:cad>90</gpxtpx:cad></gpxtpx:TrackPointExtension></extensions></trkpt><trkpt lat="35.95366928" lon="120.20395554"><ele>-25.899999618530273</ele><time>2022-06-03T13:29:14Z</time><extensions><gpxtpx:TrackPointExtension><gpxtpx:hr>178</gpxtpx:hr><gpxtpx:cad>90</gpxtpx:cad></gpxtpx:TrackPointExtension></extensions></trkpt><trkpt lat="35.95369227" lon="120.20394888"><ele>-25.860000610351562</ele><time>2022-06-03T13:29:15Z</time><extensions><gpxtpx:TrackPointExtension><gpxtpx:hr>178</gpxtpx:hr><gpxtpx:cad>90</gpxtpx:cad></gpxtpx:TrackPointExtension></extensions></trkpt><trkpt lat="35.95371526" lon="120.20394222"><ele>-25.790000915527344</ele><time>2022-06-03T13:29:16Z</time><extensions><gpxtpx:TrackPointExtension><gpxtpx:hr>178</gpxtpx:hr><gpxtpx:cad>89</gpxtpx:cad></gpxtpx:TrackPointExtension></extensions></trkpt><trkpt lat="35.95373859" lon="120.20393756"><ele>-25.700000762939453</ele><time>2022-06-03T13:29:17Z</time><extensions><gpxtpx:TrackPointExtension><gpxtpx:hr>178</gpxtpx:hr><gpxtpx:cad>90</gpxtpx:cad></gpxtpx:TrackPointExtension></extensions></trkpt><trkpt lat="35.95376225" lon="120.20393523"><ele>-25.6299991607666</ele><time>2022-06-03T13:29:18Z</time><extensions><gpxtpx:TrackPointExtension><gpxtpx:hr>178</gpxtpx:hr><gpxtpx:cad>89</gpxtpx:cad></gpxtpx:TrackPointExtension></extensions></trkpt><trkpt lat="35.95378591" lon="120.20393257"><ele>-25.549999237060547</ele><time>2022-06-03T13:29:19Z</time><extensions><gpxtpx:TrackPointExtension><gpxtpx:hr>178</gpxtpx:hr><gpxtpx:cad>89</gpxtpx:cad></gpxtpx:TrackPointExtension></extensions></trkpt><trkpt lat="35.95381057" lon="120.20393124"><ele>-25.459999084472656</ele><time>2022-06-03T13:29:20Z</time><extensions><gpxtpx:TrackPointExtension><gpxtpx:hr>178</gpxtpx:hr><gpxtpx:cad>89</gpxtpx:cad></gpxtpx:TrackPointExtension></extensions></trkpt><trkpt lat="35.95383457" lon="120.2039319"><ele>-25.389999389648438</ele><time>2022-06-03T13:29:21Z</time><extensions><gpxtpx:TrackPointExtension><gpxtpx:hr>179</gpxtpx:hr><gpxtpx:cad>88</gpxtpx:cad></gpxtpx:TrackPointExtension></extensions></trkpt><trkpt lat="35.95385923" lon="120.20393423"><ele>-25.360000610351562</ele><time>2022-06-03T13:29:22Z</time><extensions><gpxtpx:TrackPointExtension><gpxtpx:hr>180</gpxtpx:hr><gpxtpx:cad>88</gpxtpx:cad></gpxtpx:TrackPointExtension></extensions></trkpt><trkpt lat="35.95388456" lon="120.20393722"><ele>-25.309999465942383</ele><time>2022-06-03T13:29:23Z</time><extensions><gpxtpx:TrackPointExtension><gpxtpx:hr>181</gpxtpx:hr><gpxtpx:cad>88</gpxtpx:cad></gpxtpx:TrackPointExtension></extensions></trkpt><trkpt lat="35.95391056" lon="120.20394155"><ele>-25.299999237060547</ele><time>2022-06-03T13:29:24Z</time><extensions><gpxtpx:TrackPointExtension><gpxtpx:hr>181</gpxtpx:hr><gpxtpx:cad>88</gpxtpx:cad></gpxtpx:TrackPointExtension></extensions></trkpt><trkpt lat="35.95393755" lon="120.20394754"><ele>-25.34000015258789</ele><time>2022-06-03T13:29:25Z</time><extensions><gpxtpx:TrackPointExtension><gpxtpx:hr>181</gpxtpx:hr><gpxtpx:cad>88</gpxtpx:cad></gpxtpx:TrackPointExtension></extensions></trkpt><trkpt lat="35.95396155" lon="120.20395387"><ele>-25.31999969482422</ele><time>2022-06-03T13:29:26Z</time><extensions><gpxtpx:TrackPointExtension><gpxtpx:hr>182</gpxtpx:hr></gpxtpx:TrackPointExtension></extensions></trkpt><trkpt lat="35.95398588" lon="120.20395953"><ele>-25.309999465942383</ele><time>2022-06-03T13:29:27Z</time><extensions><gpxtpx:TrackPointExtension><gpxtpx:hr>181</gpxtpx:hr><gpxtpx:cad>88</gpxtpx:cad></gpxtpx:TrackPointExtension></extensions></trkpt><trkpt lat="35.95400988" lon="120.20396286"><ele>-25.309999465942383</ele><time>2022-06-03T13:29:28Z</time><extensions><gpxtpx:TrackPointExtension><gpxtpx:hr>180</gpxtpx:hr><gpxtpx:cad>88</gpxtpx:cad></gpxtpx:TrackPointExtension></extensions></trkpt><trkpt lat="35.95403388" lon="120.20396419"><ele>-25.290000915527344</ele><time>2022-06-03T13:29:29Z</time><extensions><gpxtpx:TrackPointExtension><gpxtpx:hr>180</gpxtpx:hr></gpxtpx:TrackPointExtension></extensions></trkpt><trkpt lat="35.95405854" lon="120.20396452"><ele>-25.25</ele><time>2022-06-03T13:29:30Z</time><extensions><gpxtpx:TrackPointExtension><gpxtpx:hr>179</gpxtpx:hr><gpxtpx:cad>88</gpxtpx:cad></gpxtpx:TrackPointExtension></extensions></trkpt><trkpt lat="35.95408387" lon="120.20396419"><ele>-25.200000762939453</ele><time>2022-06-03T13:29:31Z</time><extensions><gpxtpx:TrackPointExtension><gpxtpx:hr>179</gpxtpx:hr><gpxtpx:cad>89</gpxtpx:cad></gpxtpx:TrackPointExtension></extensions></trkpt><trkpt lat="35.95410787" lon="120.20396518"><ele>-25.170000076293945</ele><time>2022-06-03T13:29:32Z</time><extensions><gpxtpx:TrackPointExtension><gpxtpx:hr>179</gpxtpx:hr><gpxtpx:cad>89</gpxtpx:cad></gpxtpx:TrackPointExtension></extensions></trkpt><trkpt lat="35.95413153" lon="120.20396684"><ele>-25.1200008392334</ele><time>2022-06-03T13:29:33Z</time><extensions><gpxtpx:TrackPointExtension><gpxtpx:hr>179</gpxtpx:hr><gpxtpx:cad>89</gpxtpx:cad></gpxtpx:TrackPointExtension></extensions></trkpt><trkpt lat="35.95415353" lon="120.20396884"><ele>-25.110000610351562</ele><time>2022-06-03T13:29:34Z</time><extensions><gpxtpx:TrackPointExtension><gpxtpx:hr>180</gpxtpx:hr><gpxtpx:cad>89</gpxtpx:cad></gpxtpx:TrackPointExtension></extensions></trkpt><trkpt lat="35.95417686" lon="120.2039705"><ele>-25.040000915527344</ele><time>2022-06-03T13:29:35Z</time><extensions><gpxtpx:TrackPointExtension><gpxtpx:hr>181</gpxtpx:hr><gpxtpx:cad>89</gpxtpx:cad></gpxtpx:TrackPointExtension></extensions></trkpt><trkpt lat="35.95419886" lon="120.2039705"><ele>-25.0</ele><time>2022-06-03T13:29:36Z</time><extensions><gpxtpx:TrackPointExtension><gpxtpx:hr>181</gpxtpx:hr><gpxtpx:cad>89</gpxtpx:cad></gpxtpx:TrackPointExtension></extensions></trkpt><trkpt lat="35.95421919" lon="120.20396984"><ele>-24.940000534057617</ele><time>2022-06-03T13:29:37Z</time><extensions><gpxtpx:TrackPointExtension><gpxtpx:hr>181</gpxtpx:hr><gpxtpx:cad>89</gpxtpx:cad></gpxtpx:TrackPointExtension></extensions></trkpt><trkpt lat="35.95423885" lon="120.20396951"><ele>-24.8700008392334</ele><time>2022-06-03T13:29:38Z</time><extensions><gpxtpx:TrackPointExtension><gpxtpx:hr>182</gpxtpx:hr><gpxtpx:cad>89</gpxtpx:cad></gpxtpx:TrackPointExtension></extensions></trkpt><trkpt lat="35.95425785" lon="120.20396984"><ele>-24.799999237060547</ele><time>2022-06-03T13:29:39Z</time><extensions><gpxtpx:TrackPointExtension><gpxtpx:hr>182</gpxtpx:hr><gpxtpx:cad>89</gpxtpx:cad></gpxtpx:TrackPointExtension></extensions></trkpt><trkpt lat="35.95427451" lon="120.20396951"><ele>-24.729999542236328</ele><time>2022-06-03T13:29:40Z</time><extensions><gpxtpx:TrackPointExtension><gpxtpx:hr>182</gpxtpx:hr><gpxtpx:cad>89</gpxtpx:cad></gpxtpx:TrackPointExtension></extensions></trkpt><trkpt lat="35.95429017" lon="120.20396752"><ele>-24.690000534057617</ele><time>2022-06-03T13:29:41Z</time><extensions><gpxtpx:TrackPointExtension><gpxtpx:hr>181</gpxtpx:hr><gpxtpx:cad>89</gpxtpx:cad></gpxtpx:TrackPointExtension></extensions></trkpt><trkpt lat="35.95430483" lon="120.20396519"><ele>-24.6299991607666</ele><time>2022-06-03T13:29:42Z</time><extensions><gpxtpx:TrackPointExtension><gpxtpx:hr>180</gpxtpx:hr><gpxtpx:cad>89</gpxtpx:cad></gpxtpx:TrackPointExtension></extensions></trkpt><trkpt lat="35.95432082" lon="120.20396585"><ele>-24.600000381469727</ele><time>2022-06-03T13:29:43Z</time><extensions><gpxtpx:TrackPointExtension><gpxtpx:hr>179</gpxtpx:hr><gpxtpx:cad>89</gpxtpx:cad></gpxtpx:TrackPointExtension></extensions></trkpt><trkpt lat="35.95433715" lon="120.20396785"><ele>-24.549999237060547</ele><time>2022-06-03T13:29:44Z</time><extensions><gpxtpx:TrackPointExtension><gpxtpx:hr>179</gpxtpx:hr><gpxtpx:cad>89</gpxtpx:cad></gpxtpx:TrackPointExtension></extensions></trkpt><trkpt lat="35.95435248" lon="120.20397018"><ele>-24.530000686645508</ele><time>2022-06-03T13:29:45Z</time><extensions><gpxtpx:TrackPointExtension><gpxtpx:hr>180</gpxtpx:hr><gpxtpx:cad>89</gpxtpx:cad></gpxtpx:TrackPointExtension></extensions></trkpt><trkpt lat="35.95436881" lon="120.20397251"><ele>-24.459999084472656</ele><time>2022-06-03T13:29:46Z</time><extensions><gpxtpx:TrackPointExtension><gpxtpx:hr>181</gpxtpx:hr><gpxtpx:cad>89</gpxtpx:cad></gpxtpx:TrackPointExtension></extensions></trkpt><trkpt lat="35.95438614" lon="120.20397384"><ele>-24.420000076293945</ele><time>2022-06-03T13:29:47Z</time><extensions><gpxtpx:TrackPointExtension><gpxtpx:hr>181</gpxtpx:hr><gpxtpx:cad>89</gpxtpx:cad></gpxtpx:TrackPointExtension></extensions></trkpt><trkpt lat="35.9544028" lon="120.20397384"><ele>-24.360000610351562</ele><time>2022-06-03T13:29:48Z</time><extensions><gpxtpx:TrackPointExtension><gpxtpx:hr>181</gpxtpx:hr><gpxtpx:cad>89</gpxtpx:cad></gpxtpx:TrackPointExtension></extensions></trkpt><trkpt lat="35.95441979" lon="120.20397351"><ele>-24.299999237060547</ele><time>2022-06-03T13:29:49Z</time><extensions><gpxtpx:TrackPointExtension><gpxtpx:hr>180</gpxtpx:hr><gpxtpx:cad>89</gpxtpx:cad></gpxtpx:TrackPointExtension></extensions></trkpt><trkpt lat="35.95443578" lon="120.20397417"><ele>-24.280000686645508</ele><time>2022-06-03T13:29:50Z</time><extensions><gpxtpx:TrackPointExtension><gpxtpx:hr>180</gpxtpx:hr><gpxtpx:cad>89</gpxtpx:cad></gpxtpx:TrackPointExtension></extensions></trkpt><trkpt lat="35.95445144" lon="120.20397516"><ele>-24.229999542236328</ele><time>2022-06-03T13:29:51Z</time><extensions><gpxtpx:TrackPointExtension><gpxtpx:hr>180</gpxtpx:hr><gpxtpx:cad>89</gpxtpx:cad></gpxtpx:TrackPointExtension></extensions></trkpt><trkpt lat="35.9544671" lon="120.2039745"><ele>-24.200000762939453</ele><time>2022-06-03T13:29:52Z</time><extensions><gpxtpx:TrackPointExtension><gpxtpx:hr>180</gpxtpx:hr><gpxtpx:cad>89</gpxtpx:cad></gpxtpx:TrackPointExtension></extensions></trkpt><trkpt lat="35.9544821" lon="120.20397317"><ele>-24.18000030517578</ele><time>2022-06-03T13:29:53Z</time><extensions><gpxtpx:TrackPointExtension><gpxtpx:hr>181</gpxtpx:hr><gpxtpx:cad>89</gpxtpx:cad></gpxtpx:TrackPointExtension></extensions></trkpt><trkpt lat="35.9544981" lon="120.2039745"><ele>-24.149999618530273</ele><time>2022-06-03T13:29:54Z</time><extensions><gpxtpx:TrackPointExtension><gpxtpx:hr>180</gpxtpx:hr><gpxtpx:cad>89</gpxtpx:cad></gpxtpx:TrackPointExtension></extensions></trkpt><trkpt lat="35.95451376" lon="120.20397616"><ele>-24.1200008392334</ele><time>2022-06-03T13:29:55Z</time><extensions><gpxtpx:TrackPointExtension><gpxtpx:hr>180</gpxtpx:hr><gpxtpx:cad>89</gpxtpx:cad></gpxtpx:TrackPointExtension></extensions></trkpt><trkpt lat="35.95452842" lon="120.20397815"><ele>-24.100000381469727</ele><time>2022-06-03T13:29:56Z</time><extensions><gpxtpx:TrackPointExtension><gpxtpx:hr>180</gpxtpx:hr><gpxtpx:cad>89</gpxtpx:cad></gpxtpx:TrackPointExtension></extensions></trkpt><trkpt lat="35.95454242" lon="120.20397948"><ele>-24.049999237060547</ele><time>2022-06-03T13:29:57Z</time><extensions><gpxtpx:TrackPointExtension><gpxtpx:hr>180</gpxtpx:hr><gpxtpx:cad>89</gpxtpx:cad></gpxtpx:TrackPointExtension></extensions></trkpt><trkpt lat="35.95455542" lon="120.20397915"><ele>-23.979999542236328</ele><time>2022-06-03T13:29:58Z</time><extensions><gpxtpx:TrackPointExtension><gpxtpx:hr>180</gpxtpx:hr><gpxtpx:cad>89</gpxtpx:cad></gpxtpx:TrackPointExtension></extensions></trkpt><trkpt lat="35.95456942" lon="120.20397782"><ele>-23.899999618530273</ele><time>2022-06-03T13:29:59Z</time><extensions><gpxtpx:TrackPointExtension><gpxtpx:hr>180</gpxtpx:hr><gpxtpx:cad>89</gpxtpx:cad></gpxtpx:TrackPointExtension></extensions></trkpt><trkpt lat="35.95458308" lon="120.20397616"><ele>-23.84000015258789</ele><time>2022-06-03T13:30:00Z</time><extensions><gpxtpx:TrackPointExtension><gpxtpx:hr>180</gpxtpx:hr><gpxtpx:cad>89</gpxtpx:cad></gpxtpx:TrackPointExtension></extensions></trkpt><trkpt lat="35.95459607" lon="120.20397483"><ele>-23.770000457763672</ele><time>2022-06-03T13:30:01Z</time><extensions><gpxtpx:TrackPointExtension><gpxtpx:hr>180</gpxtpx:hr><gpxtpx:cad>89</gpxtpx:cad></gpxtpx:TrackPointExtension></extensions></trkpt><trkpt lat="35.95460773" lon="120.20397217"><ele>-23.770000457763672</ele><time>2022-06-03T13:30:02Z</time><extensions><gpxtpx:TrackPointExtension><gpxtpx:hr>180</gpxtpx:hr><gpxtpx:cad>89</gpxtpx:cad></gpxtpx:TrackPointExtension></extensions></trkpt><trkpt lat="35.95461906" lon="120.20396884"><ele>-23.68000030517578</ele><time>2022-06-03T13:30:03Z</time><extensions><gpxtpx:TrackPointExtension><gpxtpx:hr>178</gpxtpx:hr><gpxtpx:cad>89</gpxtpx:cad></gpxtpx:TrackPointExtension></extensions></trkpt><trkpt lat="35.95463105" lon="120.20396551"><ele>-23.6200008392334</ele><time>2022-06-03T13:30:04Z</time><extensions><gpxtpx:TrackPointExtension><gpxtpx:hr>174</gpxtpx:hr><gpxtpx:cad>89</gpxtpx:cad></gpxtpx:TrackPointExtension></extensions></trkpt><trkpt lat="35.95464404" lon="120.20396118"><ele>-23.56999969482422</ele><time>2022-06-03T13:30:05Z</time><extensions><gpxtpx:TrackPointExtension><gpxtpx:hr>172</gpxtpx:hr><gpxtpx:cad>89</gpxtpx:cad></gpxtpx:TrackPointExtension></extensions></trkpt><trkpt lat="35.9546567" lon="120.20395652"><ele>-23.540000915527344</ele><time>2022-06-03T13:30:06Z</time><extensions><gpxtpx:TrackPointExtension><gpxtpx:hr>170</gpxtpx:hr><gpxtpx:cad>89</gpxtpx:cad></gpxtpx:TrackPointExtension></extensions></trkpt><trkpt lat="35.9546697" lon="120.20395286"><ele>-23.520000457763672</ele><time>2022-06-03T13:30:07Z</time><extensions><gpxtpx:TrackPointExtension><gpxtpx:hr>170</gpxtpx:hr><gpxtpx:cad>89</gpxtpx:cad></gpxtpx:TrackPointExtension></extensions></trkpt><trkpt lat="35.95468303" lon="120.20395087"><ele>-23.479999542236328</ele><time>2022-06-03T13:30:08Z</time><extensions><gpxtpx:TrackPointExtension><gpxtpx:hr>170</gpxtpx:hr><gpxtpx:cad>89</gpxtpx:cad></gpxtpx:TrackPointExtension></extensions></trkpt><trkpt lat="35.95469703" lon="120.20394854"><ele>-23.450000762939453</ele><time>2022-06-03T13:30:09Z</time><extensions><gpxtpx:TrackPointExtension><gpxtpx:hr>169</gpxtpx:hr><gpxtpx:cad>89</gpxtpx:cad></gpxtpx:TrackPointExtension></extensions></trkpt><trkpt lat="35.95471136" lon="120.20394588"><ele>-23.420000076293945</ele><time>2022-06-03T13:30:10Z</time><extensions><gpxtpx:TrackPointExtension><gpxtpx:hr>170</gpxtpx:hr><gpxtpx:cad>89</gpxtpx:cad></gpxtpx:TrackPointExtension></extensions></trkpt><trkpt lat="35.95472502" lon="120.20394188"><ele>-23.3700008392334</ele><time>2022-06-03T13:30:11Z</time><extensions><gpxtpx:TrackPointExtension><gpxtpx:hr>170</gpxtpx:hr><gpxtpx:cad>89</gpxtpx:cad></gpxtpx:TrackPointExtension></extensions></trkpt><trkpt lat="35.95473835" lon="120.20393755"><ele>-23.290000915527344</ele><time>2022-06-03T13:30:12Z</time><extensions><gpxtpx:TrackPointExtension><gpxtpx:hr>170</gpxtpx:hr><gpxtpx:cad>89</gpxtpx:cad></gpxtpx:TrackPointExtension></extensions></trkpt><trkpt lat="35.95475068" lon="120.20393255"><ele>-23.229999542236328</ele><time>2022-06-03T13:30:13Z</time><extensions><gpxtpx:TrackPointExtension><gpxtpx:hr>170</gpxtpx:hr><gpxtpx:cad>89</gpxtpx:cad></gpxtpx:TrackPointExtension></extensions></trkpt><trkpt lat="35.95476201" lon="120.20392722"><ele>-23.18000030517578</ele><time>2022-06-03T13:30:14Z</time><extensions><gpxtpx:TrackPointExtension><gpxtpx:hr>171</gpxtpx:hr><gpxtpx:cad>89</gpxtpx:cad></gpxtpx:TrackPointExtension></extensions></trkpt><trkpt lat="35.95477267" lon="120.20392356"><ele>-23.1200008392334</ele><time>2022-06-03T13:30:15Z</time><extensions><gpxtpx:TrackPointExtension><gpxtpx:hr>173</gpxtpx:hr><gpxtpx:cad>89</gpxtpx:cad></gpxtpx:TrackPointExtension></extensions></trkpt><trkpt lat="35.95478133" lon="120.20391823"><ele>-23.06999969482422</ele><time>2022-06-03T13:30:16Z</time><extensions><gpxtpx:TrackPointExtension><gpxtpx:hr>174</gpxtpx:hr><gpxtpx:cad>89</gpxtpx:cad></gpxtpx:TrackPointExtension></extensions></trkpt><trkpt lat="35.95479099" lon="120.2039139"><ele>-23.040000915527344</ele><time>2022-06-03T13:30:17Z</time><extensions><gpxtpx:TrackPointExtension><gpxtpx:hr>175</gpxtpx:hr><gpxtpx:cad>89</gpxtpx:cad></gpxtpx:TrackPointExtension></extensions></trkpt><trkpt lat="35.95480132" lon="120.20391124"><ele>-23.020000457763672</ele><time>2022-06-03T13:30:18Z</time><extensions><gpxtpx:TrackPointExtension><gpxtpx:hr>177</gpxtpx:hr><gpxtpx:cad>89</gpxtpx:cad></gpxtpx:TrackPointExtension></extensions></trkpt><trkpt lat="35.95481198" lon="120.20390924"><ele>-22.969999313354492</ele><time>2022-06-03T13:30:19Z</time><extensions><gpxtpx:TrackPointExtension><gpxtpx:hr>178</gpxtpx:hr><gpxtpx:cad>89</gpxtpx:cad></gpxtpx:TrackPointExtension></extensions></trkpt><trkpt lat="35.95482298" lon="120.20390791"><ele>-22.940000534057617</ele><time>2022-06-03T13:30:20Z</time><extensions><gpxtpx:TrackPointExtension><gpxtpx:hr>179</gpxtpx:hr><gpxtpx:cad>89</gpxtpx:cad></gpxtpx:TrackPointExtension></extensions></trkpt><trkpt lat="35.95483531" lon="120.20390758"><ele>-22.8799991607666</ele><time>2022-06-03T13:30:21Z</time><extensions><gpxtpx:TrackPointExtension><gpxtpx:hr>179</gpxtpx:hr><gpxtpx:cad>89</gpxtpx:cad></gpxtpx:TrackPointExtension></extensions></trkpt><trkpt lat="35.95484864" lon="120.20391024"><ele>-22.850000381469727</ele><time>2022-06-03T13:30:22Z</time><extensions><gpxtpx:TrackPointExtension><gpxtpx:hr>180</gpxtpx:hr><gpxtpx:cad>89</gpxtpx:cad></gpxtpx:TrackPointExtension></extensions></trkpt><trkpt lat="35.9548613" lon="120.20391424"><ele>-22.799999237060547</ele><time>2022-06-03T13:30:23Z</time><extensions><gpxtpx:TrackPointExtension><gpxtpx:hr>180</gpxtpx:hr><gpxtpx:cad>53</gpxtpx:cad></gpxtpx:TrackPointExtension></extensions></trkpt><trkpt lat="35.95487696" lon="120.2039249"><ele>-22.770000457763672</ele><time>2022-06-03T13:30:24Z</time><extensions><gpxtpx:TrackPointExtension><gpxtpx:hr>179</gpxtpx:hr><gpxtpx:cad>57</gpxtpx:cad></gpxtpx:TrackPointExtension></extensions></trkpt><trkpt lat="35.95489329" lon="120.20393923"><ele>-22.700000762939453</ele><time>2022-06-03T13:30:25Z</time><extensions><gpxtpx:TrackPointExtension><gpxtpx:hr>178</gpxtpx:hr><gpxtpx:cad>57</gpxtpx:cad></gpxtpx:TrackPointExtension></extensions></trkpt><trkpt lat="35.95490795" lon="120.20395222"><ele>-22.670000076293945</ele><time>2022-06-03T13:30:26Z</time><extensions><gpxtpx:TrackPointExtension><gpxtpx:hr>178</gpxtpx:hr><gpxtpx:cad>57</gpxtpx:cad></gpxtpx:TrackPointExtension></extensions></trkpt><trkpt lat="35.95492028" lon="120.20396488"><ele>-22.56999969482422</ele><time>2022-06-03T13:30:27Z</time><extensions><gpxtpx:TrackPointExtension><gpxtpx:hr>178</gpxtpx:hr><gpxtpx:cad>57</gpxtpx:cad></gpxtpx:TrackPointExtension></extensions></trkpt><trkpt lat="35.95493194" lon="120.20397521"><ele>-22.479999542236328</ele><time>2022-06-03T13:30:28Z</time><extensions><gpxtpx:TrackPointExtension><gpxtpx:hr>178</gpxtpx:hr><gpxtpx:cad>57</gpxtpx:cad></gpxtpx:TrackPointExtension></extensions></trkpt><trkpt lat="35.95494227" lon="120.20398487"><ele>-22.399999618530273</ele><time>2022-06-03T13:30:29Z</time><extensions><gpxtpx:TrackPointExtension><gpxtpx:hr>178</gpxtpx:hr><gpxtpx:cad>57</gpxtpx:cad></gpxtpx:TrackPointExtension></extensions></trkpt><trkpt lat="35.9549516" lon="120.2039942"><ele>-22.360000610351562</ele><time>2022-06-03T13:30:30Z</time><extensions><gpxtpx:TrackPointExtension><gpxtpx:hr>178</gpxtpx:hr><gpxtpx:cad>57</gpxtpx:cad></gpxtpx:TrackPointExtension></extensions></trkpt><trkpt lat="35.9549596" lon="120.2040022"><ele>-22.34000015258789</ele><time>2022-06-03T13:30:31Z</time><extensions><gpxtpx:TrackPointExtension><gpxtpx:hr>178</gpxtpx:hr><gpxtpx:cad>57</gpxtpx:cad></gpxtpx:TrackPointExtension></extensions></trkpt><trkpt lat="35.95496659" lon="120.2040072"><ele>-22.299999237060547</ele><time>2022-06-03T13:30:32Z</time><extensions><gpxtpx:TrackPointExtension><gpxtpx:hr>178</gpxtpx:hr><gpxtpx:cad>57</gpxtpx:cad></gpxtpx:TrackPointExtension></extensions></trkpt><trkpt lat="35.95497292" lon="120.20401153"><ele>-22.290000915527344</ele><time>2022-06-03T13:30:33Z</time><extensions><gpxtpx:TrackPointExtension><gpxtpx:hr>176</gpxtpx:hr><gpxtpx:cad>57</gpxtpx:cad></gpxtpx:TrackPointExtension></extensions></trkpt><trkpt lat="35.95497958" lon="120.20401653"><ele>-22.270000457763672</ele><time>2022-06-03T13:30:34Z</time><extensions><gpxtpx:TrackPointExtension><gpxtpx:hr>175</gpxtpx:hr><gpxtpx:cad>57</gpxtpx:cad></gpxtpx:TrackPointExtension></extensions></trkpt><trkpt lat="35.95498591" lon="120.20402053"><ele>-22.200000762939453</ele><time>2022-06-03T13:30:35Z</time><extensions><gpxtpx:TrackPointExtension><gpxtpx:hr>174</gpxtpx:hr><gpxtpx:cad>57</gpxtpx:cad></gpxtpx:TrackPointExtension></extensions></trkpt><trkpt lat="35.9549919" lon="120.20402419"><ele>-22.100000381469727</ele><time>2022-06-03T13:30:36Z</time><extensions><gpxtpx:TrackPointExtension><gpxtpx:hr>174</gpxtpx:hr><gpxtpx:cad>57</gpxtpx:cad></gpxtpx:TrackPointExtension></extensions></trkpt><trkpt lat="35.9549969" lon="120.20402852"><ele>-22.010000228881836</ele><time>2022-06-03T13:30:37Z</time><extensions><gpxtpx:TrackPointExtension><gpxtpx:hr>173</gpxtpx:hr><gpxtpx:cad>57</gpxtpx:cad></gpxtpx:TrackPointExtension></extensions></trkpt><trkpt lat="35.95500089" lon="120.20403118"><ele>-21.93000030517578</ele><time>2022-06-03T13:30:38Z</time><extensions><gpxtpx:TrackPointExtension><gpxtpx:hr>173</gpxtpx:hr><gpxtpx:cad>57</gpxtpx:cad></gpxtpx:TrackPointExtension></extensions></trkpt><trkpt lat="35.95500455" lon="120.20403317"><ele>-21.860000610351562</ele><time>2022-06-03T13:30:39Z</time><extensions><gpxtpx:TrackPointExtension><gpxtpx:hr>173</gpxtpx:hr><gpxtpx:cad>57</gpxtpx:cad></gpxtpx:TrackPointExtension></extensions></trkpt><trkpt lat="35.95500754" lon="120.2040345"><ele>-21.770000457763672</ele><time>2022-06-03T13:30:40Z</time><extensions><gpxtpx:TrackPointExtension><gpxtpx:hr>174</gpxtpx:hr><gpxtpx:cad>57</gpxtpx:cad></gpxtpx:TrackPointExtension></extensions></trkpt><trkpt lat="35.95501053" lon="120.2040345"><ele>-21.700000762939453</ele><time>2022-06-03T13:30:41Z</time><extensions><gpxtpx:TrackPointExtension><gpxtpx:hr>173</gpxtpx:hr></gpxtpx:TrackPointExtension></extensions></trkpt><trkpt lat="35.95501286" lon="120.20403483"><ele>-21.639999389648438</ele><time>2022-06-03T13:30:42Z</time><extensions><gpxtpx:TrackPointExtension><gpxtpx:hr>172</gpxtpx:hr></gpxtpx:TrackPointExtension></extensions></trkpt><trkpt lat="35.95501485" lon="120.2040345"><ele>-21.6200008392334</ele><time>2022-06-03T13:30:43Z</time><extensions><gpxtpx:TrackPointExtension><gpxtpx:hr>172</gpxtpx:hr></gpxtpx:TrackPointExtension></extensions></trkpt><trkpt lat="35.95501618" lon="120.20403351"><ele>-21.6200008392334</ele><time>2022-06-03T13:30:44Z</time><extensions><gpxtpx:TrackPointExtension><gpxtpx:hr>172</gpxtpx:hr></gpxtpx:TrackPointExtension></extensions></trkpt><trkpt lat="35.95501717" lon="120.20403252"><ele>-21.6200008392334</ele><time>2022-06-03T13:30:45Z</time><extensions><gpxtpx:TrackPointExtension><gpxtpx:hr>143</gpxtpx:hr></gpxtpx:TrackPointExtension></extensions></trkpt><trkpt lat="35.95501618" lon="120.20403153"><ele>-21.6200008392334</ele><time>2022-06-03T13:30:46Z</time><extensions><gpxtpx:TrackPointExtension><gpxtpx:hr>143</gpxtpx:hr></gpxtpx:TrackPointExtension></extensions></trkpt><trkpt lat="35.95501552" lon="120.2040312"><ele>-21.6200008392334</ele><time>2022-06-03T13:30:47Z</time><extensions><gpxtpx:TrackPointExtension><gpxtpx:hr>143</gpxtpx:hr></gpxtpx:TrackPointExtension></extensions></trkpt><trkpt lat="35.95501486" lon="120.20403021"><ele>-21.610000610351562</ele><time>2022-06-03T13:30:48Z</time><extensions><gpxtpx:TrackPointExtension><gpxtpx:hr>142</gpxtpx:hr></gpxtpx:TrackPointExtension></extensions></trkpt><trkpt lat="35.95501453" lon="120.20402922"><ele>-21.600000381469727</ele><time>2022-06-03T13:30:49Z</time><extensions><gpxtpx:TrackPointExtension><gpxtpx:hr>142</gpxtpx:hr></gpxtpx:TrackPointExtension></extensions></trkpt><trkpt lat="35.95501453" lon="120.20402822"><ele>-21.59000015258789</ele><time>2022-06-03T13:30:50Z</time><extensions><gpxtpx:TrackPointExtension><gpxtpx:hr>143</gpxtpx:hr></gpxtpx:TrackPointExtension></extensions></trkpt><trkpt lat="35.9550142" lon="120.20402789"><ele>-21.56999969482422</ele><time>2022-06-03T13:30:51Z</time><extensions><gpxtpx:TrackPointExtension><gpxtpx:hr>142</gpxtpx:hr></gpxtpx:TrackPointExtension></extensions></trkpt><trkpt lat="35.95501519" lon="120.2040269"><ele>-21.559999465942383</ele><time>2022-06-03T13:30:52Z</time><extensions><gpxtpx:TrackPointExtension><gpxtpx:hr>141</gpxtpx:hr></gpxtpx:TrackPointExtension></extensions></trkpt><trkpt lat="35.95501752" lon="120.20402591"><ele>-21.559999465942383</ele><time>2022-06-03T13:30:53Z</time><extensions><gpxtpx:TrackPointExtension><gpxtpx:hr>141</gpxtpx:hr></gpxtpx:TrackPointExtension></extensions></trkpt><trkpt lat="35.95502018" lon="120.20402525"><ele>-21.549999237060547</ele><time>2022-06-03T13:30:54Z</time><extensions><gpxtpx:TrackPointExtension><gpxtpx:hr>141</gpxtpx:hr></gpxtpx:TrackPointExtension></extensions></trkpt><trkpt lat="35.95502317" lon="120.20402492"><ele>-21.540000915527344</ele><time>2022-06-03T13:30:55Z</time><extensions><gpxtpx:TrackPointExtension><gpxtpx:hr>140</gpxtpx:hr></gpxtpx:TrackPointExtension></extensions></trkpt><trkpt lat="35.9550265" lon="120.20402459"><ele>-21.540000915527344</ele><time>2022-06-03T13:30:56Z</time><extensions><gpxtpx:TrackPointExtension><gpxtpx:hr>139</gpxtpx:hr></gpxtpx:TrackPointExtension></extensions></trkpt><trkpt lat="35.95503016" lon="120.20402426"><ele>-21.540000915527344</ele><time>2022-06-03T13:30:57Z</time><extensions><gpxtpx:TrackPointExtension><gpxtpx:hr>138</gpxtpx:hr></gpxtpx:TrackPointExtension></extensions></trkpt><trkpt lat="35.95503349" lon="120.2040236"><ele>-21.549999237060547</ele><time>2022-06-03T13:30:58Z</time><extensions><gpxtpx:TrackPointExtension><gpxtpx:hr>137</gpxtpx:hr></gpxtpx:TrackPointExtension></extensions></trkpt><trkpt lat="35.95503748" lon="120.2040226"><ele>-21.559999465942383</ele><time>2022-06-03T13:30:59Z</time><extensions><gpxtpx:TrackPointExtension><gpxtpx:hr>137</gpxtpx:hr></gpxtpx:TrackPointExtension></extensions></trkpt><trkpt lat="35.95504248" lon="120.2040236"><ele>-21.56999969482422</ele><time>2022-06-03T13:31:00Z</time><extensions><gpxtpx:TrackPointExtension><gpxtpx:hr>137</gpxtpx:hr></gpxtpx:TrackPointExtension></extensions></trkpt><trkpt lat="35.95504681" lon="120.20402459"><ele>-21.56999969482422</ele><time>2022-06-03T13:31:01Z</time><extensions><gpxtpx:TrackPointExtension><gpxtpx:hr>137</gpxtpx:hr></gpxtpx:TrackPointExtension></extensions></trkpt><trkpt lat="35.95505014" lon="120.20402525"><ele>-21.59000015258789</ele><time>2022-06-03T13:31:02Z</time><extensions><gpxtpx:TrackPointExtension><gpxtpx:hr>137</gpxtpx:hr></gpxtpx:TrackPointExtension></extensions></trkpt><trkpt lat="35.95505014" lon="120.20402558"><ele>-21.59000015258789</ele><time>2022-06-03T13:31:03Z</time><extensions><gpxtpx:TrackPointExtension><gpxtpx:hr>137</gpxtpx:hr></gpxtpx:TrackPointExtension></extensions></trkpt><trkpt lat="35.95505014" lon="120.20402591"><ele>-21.600000381469727</ele><time>2022-06-03T13:31:04Z</time><extensions><gpxtpx:TrackPointExtension><gpxtpx:hr>137</gpxtpx:hr></gpxtpx:TrackPointExtension></extensions></trkpt><trkpt lat="35.95504981" lon="120.20402425"><ele>-21.600000381469727</ele><time>2022-06-03T13:31:05Z</time><extensions><gpxtpx:TrackPointExtension><gpxtpx:hr>138</gpxtpx:hr></gpxtpx:TrackPointExtension></extensions></trkpt><trkpt lat="35.95504848" lon="120.20402259"><ele>-21.6200008392334</ele><time>2022-06-03T13:31:06Z</time><extensions><gpxtpx:TrackPointExtension><gpxtpx:hr>137</gpxtpx:hr></gpxtpx:TrackPointExtension></extensions></trkpt><trkpt lat="35.95504648" lon="120.2040206"><ele>-21.649999618530273</ele><time>2022-06-03T13:31:07Z</time><extensions><gpxtpx:TrackPointExtension><gpxtpx:hr>137</gpxtpx:hr></gpxtpx:TrackPointExtension></extensions></trkpt><trkpt lat="35.95504515" lon="120.20401994"><ele>-21.700000762939453</ele><time>2022-06-03T13:31:08Z</time><extensions><gpxtpx:TrackPointExtension><gpxtpx:hr>137</gpxtpx:hr></gpxtpx:TrackPointExtension></extensions></trkpt><trkpt lat="35.95504349" lon="120.20401961"><ele>-21.75</ele><time>2022-06-03T13:31:09Z</time><extensions><gpxtpx:TrackPointExtension><gpxtpx:hr>137</gpxtpx:hr></gpxtpx:TrackPointExtension></extensions></trkpt><trkpt lat="35.95504349" lon="120.20401994"><ele>-21.780000686645508</ele><time>2022-06-03T13:31:10Z</time><extensions><gpxtpx:TrackPointExtension><gpxtpx:hr>137</gpxtpx:hr></gpxtpx:TrackPointExtension></extensions></trkpt><trkpt lat="35.95504349" lon="120.2040206"><ele>-21.799999237060547</ele><time>2022-06-03T13:31:11Z</time><extensions><gpxtpx:TrackPointExtension><gpxtpx:hr>137</gpxtpx:hr></gpxtpx:TrackPointExtension></extensions></trkpt><trkpt lat="35.95504415" lon="120.2040206"><ele>-21.81999969482422</ele><time>2022-06-03T13:31:12Z</time><extensions><gpxtpx:TrackPointExtension><gpxtpx:hr>137</gpxtpx:hr></gpxtpx:TrackPointExtension></extensions></trkpt><trkpt lat="35.95504514" lon="120.2040206"><ele>-21.850000381469727</ele><time>2022-06-03T13:31:13Z</time><extensions><gpxtpx:TrackPointExtension><gpxtpx:hr>137</gpxtpx:hr></gpxtpx:TrackPointExtension></extensions></trkpt><trkpt lat="35.9550488" lon="120.20401894"><ele>-21.8700008392334</ele><time>2022-06-03T13:31:14Z</time><extensions><gpxtpx:TrackPointExtension><gpxtpx:hr>137</gpxtpx:hr></gpxtpx:TrackPointExtension></extensions></trkpt><trkpt lat="35.9550558" lon="120.20401561"><ele>-21.899999618530273</ele><time>2022-06-03T13:31:15Z</time><extensions><gpxtpx:TrackPointExtension><gpxtpx:hr>137</gpxtpx:hr></gpxtpx:TrackPointExtension></extensions></trkpt><trkpt lat="35.95506613" lon="120.20401161"><ele>-21.93000030517578</ele><time>2022-06-03T13:31:16Z</time><extensions><gpxtpx:TrackPointExtension><gpxtpx:hr>137</gpxtpx:hr></gpxtpx:TrackPointExtension></extensions></trkpt><trkpt lat="35.95508079" lon="120.20400962"><ele>-21.93000030517578</ele><time>2022-06-03T13:31:17Z</time><extensions><gpxtpx:TrackPointExtension><gpxtpx:hr>138</gpxtpx:hr></gpxtpx:TrackPointExtension></extensions></trkpt><trkpt lat="35.95509745" lon="120.20400763"><ele>-21.860000610351562</ele><time>2022-06-03T13:31:18Z</time><extensions><gpxtpx:TrackPointExtension><gpxtpx:hr>139</gpxtpx:hr></gpxtpx:TrackPointExtension></extensions></trkpt><trkpt lat="35.95511678" lon="120.2040053"><ele>-21.780000686645508</ele><time>2022-06-03T13:31:19Z</time><extensions><gpxtpx:TrackPointExtension><gpxtpx:hr>140</gpxtpx:hr></gpxtpx:TrackPointExtension></extensions></trkpt><trkpt lat="35.95513711" lon="120.20400197"><ele>-21.700000762939453</ele><time>2022-06-03T13:31:20Z</time><extensions><gpxtpx:TrackPointExtension><gpxtpx:hr>142</gpxtpx:hr></gpxtpx:TrackPointExtension></extensions></trkpt><trkpt lat="35.95515877" lon="120.20399764"><ele>-21.670000076293945</ele><time>2022-06-03T13:31:21Z</time><extensions><gpxtpx:TrackPointExtension><gpxtpx:hr>143</gpxtpx:hr><gpxtpx:cad>87</gpxtpx:cad></gpxtpx:TrackPointExtension></extensions></trkpt><trkpt lat="35.95518177" lon="120.20399098"><ele>-21.6200008392334</ele><time>2022-06-03T13:31:22Z</time><extensions><gpxtpx:TrackPointExtension><gpxtpx:hr>144</gpxtpx:hr><gpxtpx:cad>87</gpxtpx:cad></gpxtpx:TrackPointExtension></extensions></trkpt><trkpt lat="35.95520343" lon="120.20398298"><ele>-21.610000610351562</ele><time>2022-06-03T13:31:23Z</time><extensions><gpxtpx:TrackPointExtension><gpxtpx:hr>145</gpxtpx:hr><gpxtpx:cad>87</gpxtpx:cad></gpxtpx:TrackPointExtension></extensions></trkpt><trkpt lat="35.95522476" lon="120.20397299"><ele>-21.610000610351562</ele><time>2022-06-03T13:31:24Z</time><extensions><gpxtpx:TrackPointExtension><gpxtpx:hr>146</gpxtpx:hr><gpxtpx:cad>88</gpxtpx:cad></gpxtpx:TrackPointExtension></extensions></trkpt><trkpt lat="35.95524575" lon="120.20396299"><ele>-21.6200008392334</ele><time>2022-06-03T13:31:25Z</time><extensions><gpxtpx:TrackPointExtension><gpxtpx:hr>146</gpxtpx:hr><gpxtpx:cad>88</gpxtpx:cad></gpxtpx:TrackPointExtension></extensions></trkpt><trkpt lat="35.95526641" lon="120.20395266"><ele>-21.670000076293945</ele><time>2022-06-03T13:31:26Z</time><extensions><gpxtpx:TrackPointExtension><gpxtpx:hr>146</gpxtpx:hr><gpxtpx:cad>88</gpxtpx:cad></gpxtpx:TrackPointExtension></extensions></trkpt><trkpt lat="35.9552874" lon="120.20394433"><ele>-21.68000030517578</ele><time>2022-06-03T13:31:27Z</time><extensions><gpxtpx:TrackPointExtension><gpxtpx:hr>146</gpxtpx:hr><gpxtpx:cad>88</gpxtpx:cad></gpxtpx:TrackPointExtension></extensions></trkpt><trkpt lat="35.95530873" lon="120.20393634"><ele>-21.700000762939453</ele><time>2022-06-03T13:31:28Z</time><extensions><gpxtpx:TrackPointExtension><gpxtpx:hr>145</gpxtpx:hr><gpxtpx:cad>88</gpxtpx:cad></gpxtpx:TrackPointExtension></extensions></trkpt><trkpt lat="35.95532839" lon="120.20392901"><ele>-21.700000762939453</ele><time>2022-06-03T13:31:29Z</time><extensions><gpxtpx:TrackPointExtension><gpxtpx:hr>144</gpxtpx:hr><gpxtpx:cad>88</gpxtpx:cad></gpxtpx:TrackPointExtension></extensions></trkpt><trkpt lat="35.95534738" lon="120.20392201"><ele>-21.690000534057617</ele><time>2022-06-03T13:31:30Z</time><extensions><gpxtpx:TrackPointExtension><gpxtpx:hr>143</gpxtpx:hr><gpxtpx:cad>88</gpxtpx:cad></gpxtpx:TrackPointExtension></extensions></trkpt><trkpt lat="35.95536604" lon="120.20391535"><ele>-21.639999389648438</ele><time>2022-06-03T13:31:31Z</time><extensions><gpxtpx:TrackPointExtension><gpxtpx:hr>143</gpxtpx:hr><gpxtpx:cad>88</gpxtpx:cad></gpxtpx:TrackPointExtension></extensions></trkpt><trkpt lat="35.95538603" lon="120.20390869"><ele>-21.600000381469727</ele><time>2022-06-03T13:31:32Z</time><extensions><gpxtpx:TrackPointExtension><gpxtpx:hr>144</gpxtpx:hr><gpxtpx:cad>88</gpxtpx:cad></gpxtpx:TrackPointExtension></extensions></trkpt><trkpt lat="35.95540602" lon="120.20390236"><ele>-21.530000686645508</ele><time>2022-06-03T13:31:33Z</time><extensions><gpxtpx:TrackPointExtension><gpxtpx:hr>144</gpxtpx:hr><gpxtpx:cad>88</gpxtpx:cad></gpxtpx:TrackPointExtension></extensions></trkpt><trkpt lat="35.95542735" lon="120.20389637"><ele>-21.450000762939453</ele><time>2022-06-03T13:31:34Z</time><extensions><gpxtpx:TrackPointExtension><gpxtpx:hr>144</gpxtpx:hr><gpxtpx:cad>88</gpxtpx:cad></gpxtpx:TrackPointExtension></extensions></trkpt><trkpt lat="35.95544901" lon="120.20389071"><ele>-21.3700008392334</ele><time>2022-06-03T13:31:35Z</time><extensions><gpxtpx:TrackPointExtension><gpxtpx:hr>144</gpxtpx:hr><gpxtpx:cad>88</gpxtpx:cad></gpxtpx:TrackPointExtension></extensions></trkpt><trkpt lat="35.95547167" lon="120.20388438"><ele>-21.299999237060547</ele><time>2022-06-03T13:31:36Z</time><extensions><gpxtpx:TrackPointExtension><gpxtpx:hr>146</gpxtpx:hr><gpxtpx:cad>88</gpxtpx:cad></gpxtpx:TrackPointExtension></extensions></trkpt><trkpt lat="35.95549466" lon="120.20387839"><ele>-21.25</ele><time>2022-06-03T13:31:37Z</time><extensions><gpxtpx:TrackPointExtension><gpxtpx:hr>147</gpxtpx:hr><gpxtpx:cad>89</gpxtpx:cad></gpxtpx:TrackPointExtension></extensions></trkpt><trkpt lat="35.95551699" lon="120.20387039"><ele>-21.229999542236328</ele><time>2022-06-03T13:31:38Z</time><extensions><gpxtpx:TrackPointExtension><gpxtpx:hr>148</gpxtpx:hr><gpxtpx:cad>88</gpxtpx:cad></gpxtpx:TrackPointExtension></extensions></trkpt><trkpt lat="35.95553832" lon="120.20386206"><ele>-21.229999542236328</ele><time>2022-06-03T13:31:39Z</time><extensions><gpxtpx:TrackPointExtension><gpxtpx:hr>148</gpxtpx:hr><gpxtpx:cad>89</gpxtpx:cad></gpxtpx:TrackPointExtension></extensions></trkpt><trkpt lat="35.95555965" lon="120.2038534"><ele>-21.25</ele><time>2022-06-03T13:31:40Z</time><extensions><gpxtpx:TrackPointExtension><gpxtpx:hr>148</gpxtpx:hr><gpxtpx:cad>88</gpxtpx:cad></gpxtpx:TrackPointExtension></extensions></trkpt><trkpt lat="35.95558131" lon="120.20384541"><ele>-21.25</ele><time>2022-06-03T13:31:41Z</time><extensions><gpxtpx:TrackPointExtension><gpxtpx:hr>148</gpxtpx:hr><gpxtpx:cad>89</gpxtpx:cad></gpxtpx:TrackPointExtension></extensions></trkpt><trkpt lat="35.95560297" lon="120.20383675"><ele>-21.260000228881836</ele><time>2022-06-03T13:31:42Z</time><extensions><gpxtpx:TrackPointExtension><gpxtpx:hr>148</gpxtpx:hr><gpxtpx:cad>89</gpxtpx:cad></gpxtpx:TrackPointExtension></extensions></trkpt><trkpt lat="35.9556243" lon="120.20382709"><ele>-21.260000228881836</ele><time>2022-06-03T13:31:43Z</time><extensions><gpxtpx:TrackPointExtension><gpxtpx:hr>148</gpxtpx:hr><gpxtpx:cad>88</gpxtpx:cad></gpxtpx:TrackPointExtension></extensions></trkpt><trkpt lat="35.95564596" lon="120.20381676"><ele>-21.229999542236328</ele><time>2022-06-03T13:31:44Z</time><extensions><gpxtpx:TrackPointExtension><gpxtpx:hr>148</gpxtpx:hr><gpxtpx:cad>88</gpxtpx:cad></gpxtpx:TrackPointExtension></extensions></trkpt><trkpt lat="35.95566862" lon="120.20380643"><ele>-21.200000762939453</ele><time>2022-06-03T13:31:45Z</time><extensions><gpxtpx:TrackPointExtension><gpxtpx:hr>147</gpxtpx:hr><gpxtpx:cad>88</gpxtpx:cad></gpxtpx:TrackPointExtension></extensions></trkpt><trkpt lat="35.95568995" lon="120.20379677"><ele>-21.149999618530273</ele><time>2022-06-03T13:31:46Z</time><extensions><gpxtpx:TrackPointExtension><gpxtpx:hr>147</gpxtpx:hr><gpxtpx:cad>88</gpxtpx:cad></gpxtpx:TrackPointExtension></extensions></trkpt><trkpt lat="35.95570994" lon="120.20379044"><ele>-21.110000610351562</ele><time>2022-06-03T13:31:47Z</time><extensions><gpxtpx:TrackPointExtension><gpxtpx:hr>146</gpxtpx:hr><gpxtpx:cad>88</gpxtpx:cad></gpxtpx:TrackPointExtension></extensions></trkpt><trkpt lat="35.9557286" lon="120.20378544"><ele>-21.040000915527344</ele><time>2022-06-03T13:31:48Z</time><extensions><gpxtpx:TrackPointExtension><gpxtpx:hr>145</gpxtpx:hr><gpxtpx:cad>89</gpxtpx:cad></gpxtpx:TrackPointExtension></extensions></trkpt><trkpt lat="35.95574826" lon="120.20378044"><ele>-21.010000228881836</ele><time>2022-06-03T13:31:49Z</time><extensions><gpxtpx:TrackPointExtension><gpxtpx:hr>145</gpxtpx:hr><gpxtpx:cad>89</gpxtpx:cad></gpxtpx:TrackPointExtension></extensions></trkpt><trkpt lat="35.95576592" lon="120.20377745"><ele>-20.950000762939453</ele><time>2022-06-03T13:31:50Z</time><extensions><gpxtpx:TrackPointExtension><gpxtpx:hr>145</gpxtpx:hr><gpxtpx:cad>89</gpxtpx:cad></gpxtpx:TrackPointExtension></extensions></trkpt><trkpt lat="35.95578358" lon="120.20377245"><ele>-20.889999389648438</ele><time>2022-06-03T13:31:51Z</time><extensions><gpxtpx:TrackPointExtension><gpxtpx:hr>145</gpxtpx:hr><gpxtpx:cad>88</gpxtpx:cad></gpxtpx:TrackPointExtension></extensions></trkpt><trkpt lat="35.95580124" lon="120.20376679"><ele>-20.850000381469727</ele><time>2022-06-03T13:31:52Z</time><extensions><gpxtpx:TrackPointExtension><gpxtpx:hr>145</gpxtpx:hr><gpxtpx:cad>88</gpxtpx:cad></gpxtpx:TrackPointExtension></extensions></trkpt><trkpt lat="35.9558189" lon="120.20376279"><ele>-20.790000915527344</ele><time>2022-06-03T13:31:53Z</time><extensions><gpxtpx:TrackPointExtension><gpxtpx:hr>145</gpxtpx:hr><gpxtpx:cad>89</gpxtpx:cad></gpxtpx:TrackPointExtension></extensions></trkpt><trkpt lat="35.95583623" lon="120.20376146"><ele>-20.729999542236328</ele><time>2022-06-03T13:31:54Z</time><extensions><gpxtpx:TrackPointExtension><gpxtpx:hr>145</gpxtpx:hr><gpxtpx:cad>88</gpxtpx:cad></gpxtpx:TrackPointExtension></extensions></trkpt><trkpt lat="35.95585489" lon="120.20375913"><ele>-20.68000030517578</ele><time>2022-06-03T13:31:55Z</time><extensions><gpxtpx:TrackPointExtension><gpxtpx:hr>145</gpxtpx:hr><gpxtpx:cad>88</gpxtpx:cad></gpxtpx:TrackPointExtension></extensions></trkpt><trkpt lat="35.95587422" lon="120.2037568"><ele>-20.600000381469727</ele><time>2022-06-03T13:31:56Z</time><extensions><gpxtpx:TrackPointExtension><gpxtpx:hr>145</gpxtpx:hr><gpxtpx:cad>88</gpxtpx:cad></gpxtpx:TrackPointExtension></extensions></trkpt><trkpt lat="35.95589221" lon="120.20375647"><ele>-20.530000686645508</ele><time>2022-06-03T13:31:57Z</time><extensions><gpxtpx:TrackPointExtension><gpxtpx:hr>146</gpxtpx:hr><gpxtpx:cad>88</gpxtpx:cad></gpxtpx:TrackPointExtension></extensions></trkpt><trkpt lat="35.95590787" lon="120.20375448"><ele>-20.459999084472656</ele><time>2022-06-03T13:31:58Z</time><extensions><gpxtpx:TrackPointExtension><gpxtpx:hr>146</gpxtpx:hr><gpxtpx:cad>88</gpxtpx:cad></gpxtpx:TrackPointExtension></extensions></trkpt><trkpt lat="35.95592286" lon="120.20375315"><ele>-20.389999389648438</ele><time>2022-06-03T13:31:59Z</time><extensions><gpxtpx:TrackPointExtension><gpxtpx:hr>146</gpxtpx:hr><gpxtpx:cad>88</gpxtpx:cad></gpxtpx:TrackPointExtension></extensions></trkpt><trkpt lat="35.95593752" lon="120.20375282"><ele>-20.299999237060547</ele><time>2022-06-03T13:32:00Z</time><extensions><gpxtpx:TrackPointExtension><gpxtpx:hr>146</gpxtpx:hr><gpxtpx:cad>88</gpxtpx:cad></gpxtpx:TrackPointExtension></extensions></trkpt><trkpt lat="35.95595152" lon="120.20375216"><ele>-20.209999084472656</ele><time>2022-06-03T13:32:01Z</time><extensions><gpxtpx:TrackPointExtension><gpxtpx:hr>147</gpxtpx:hr><gpxtpx:cad>88</gpxtpx:cad></gpxtpx:TrackPointExtension></extensions></trkpt><trkpt lat="35.95596685" lon="120.20375216"><ele>-20.1299991607666</ele><time>2022-06-03T13:32:02Z</time><extensions><gpxtpx:TrackPointExtension><gpxtpx:hr>147</gpxtpx:hr><gpxtpx:cad>88</gpxtpx:cad></gpxtpx:TrackPointExtension></extensions></trkpt><trkpt lat="35.95598384" lon="120.20375282"><ele>-20.06999969482422</ele><time>2022-06-03T13:32:03Z</time><extensions><gpxtpx:TrackPointExtension><gpxtpx:hr>148</gpxtpx:hr><gpxtpx:cad>88</gpxtpx:cad></gpxtpx:TrackPointExtension></extensions></trkpt><trkpt lat="35.9560005" lon="120.20375415"><ele>-20.040000915527344</ele><time>2022-06-03T13:32:04Z</time><extensions><gpxtpx:TrackPointExtension><gpxtpx:hr>148</gpxtpx:hr><gpxtpx:cad>88</gpxtpx:cad></gpxtpx:TrackPointExtension></extensions></trkpt><trkpt lat="35.95601749" lon="120.20375514"><ele>-20.030000686645508</ele><time>2022-06-03T13:32:05Z</time><extensions><gpxtpx:TrackPointExtension><gpxtpx:hr>148</gpxtpx:hr><gpxtpx:cad>88</gpxtpx:cad></gpxtpx:TrackPointExtension></extensions></trkpt><trkpt lat="35.95603382" lon="120.2037558"><ele>-20.020000457763672</ele><time>2022-06-03T13:32:06Z</time><extensions><gpxtpx:TrackPointExtension><gpxtpx:hr>148</gpxtpx:hr><gpxtpx:cad>88</gpxtpx:cad></gpxtpx:TrackPointExtension></extensions></trkpt><trkpt lat="35.95605015" lon="120.2037558"><ele>-19.979999542236328</ele><time>2022-06-03T13:32:07Z</time><extensions><gpxtpx:TrackPointExtension><gpxtpx:hr>148</gpxtpx:hr><gpxtpx:cad>88</gpxtpx:cad></gpxtpx:TrackPointExtension></extensions></trkpt><trkpt lat="35.95606581" lon="120.20375414"><ele>-19.959999084472656</ele><time>2022-06-03T13:32:08Z</time><extensions><gpxtpx:TrackPointExtension><gpxtpx:hr>148</gpxtpx:hr><gpxtpx:cad>88</gpxtpx:cad></gpxtpx:TrackPointExtension></extensions></trkpt><trkpt lat="35.95608147" lon="120.20375081"><ele>-19.950000762939453</ele><time>2022-06-03T13:32:09Z</time><extensions><gpxtpx:TrackPointExtension><gpxtpx:hr>148</gpxtpx:hr><gpxtpx:cad>88</gpxtpx:cad></gpxtpx:TrackPointExtension></extensions></trkpt><trkpt lat="35.9561008" lon="120.20374615"><ele>-19.93000030517578</ele><time>2022-06-03T13:32:10Z</time><extensions><gpxtpx:TrackPointExtension><gpxtpx:hr>148</gpxtpx:hr><gpxtpx:cad>88</gpxtpx:cad></gpxtpx:TrackPointExtension></extensions></trkpt><trkpt lat="35.9561218" lon="120.20374115"><ele>-19.920000076293945</ele><time>2022-06-03T13:32:11Z</time><extensions><gpxtpx:TrackPointExtension><gpxtpx:hr>148</gpxtpx:hr><gpxtpx:cad>88</gpxtpx:cad></gpxtpx:TrackPointExtension></extensions></trkpt><trkpt lat="35.95614379" lon="120.20373449"><ele>-19.8700008392334</ele><time>2022-06-03T13:32:12Z</time><extensions><gpxtpx:TrackPointExtension><gpxtpx:hr>148</gpxtpx:hr><gpxtpx:cad>88</gpxtpx:cad></gpxtpx:TrackPointExtension></extensions></trkpt><trkpt lat="35.95616579" lon="120.20372883"><ele>-19.850000381469727</ele><time>2022-06-03T13:32:13Z</time><extensions><gpxtpx:TrackPointExtension><gpxtpx:hr>148</gpxtpx:hr><gpxtpx:cad>88</gpxtpx:cad></gpxtpx:TrackPointExtension></extensions></trkpt><trkpt lat="35.95618878" lon="120.20372217"><ele>-19.850000381469727</ele><time>2022-06-03T13:32:14Z</time><extensions><gpxtpx:TrackPointExtension><gpxtpx:hr>150</gpxtpx:hr><gpxtpx:cad>88</gpxtpx:cad></gpxtpx:TrackPointExtension></extensions></trkpt><trkpt lat="35.95621211" lon="120.20371451"><ele>-19.790000915527344</ele><time>2022-06-03T13:32:15Z</time><extensions><gpxtpx:TrackPointExtension><gpxtpx:hr>151</gpxtpx:hr><gpxtpx:cad>89</gpxtpx:cad></gpxtpx:TrackPointExtension></extensions></trkpt><trkpt lat="35.95623477" lon="120.20370785"><ele>-19.719999313354492</ele><time>2022-06-03T13:32:16Z</time><extensions><gpxtpx:TrackPointExtension><gpxtpx:hr>151</gpxtpx:hr><gpxtpx:cad>88</gpxtpx:cad></gpxtpx:TrackPointExtension></extensions></trkpt><trkpt lat="35.95625643" lon="120.20370019"><ele>-19.690000534057617</ele><time>2022-06-03T13:32:17Z</time><extensions><gpxtpx:TrackPointExtension><gpxtpx:hr>151</gpxtpx:hr><gpxtpx:cad>88</gpxtpx:cad></gpxtpx:TrackPointExtension></extensions></trkpt><trkpt lat="35.95627776" lon="120.2036932"><ele>-19.639999389648438</ele><time>2022-06-03T13:32:18Z</time><extensions><gpxtpx:TrackPointExtension><gpxtpx:hr>151</gpxtpx:hr><gpxtpx:cad>88</gpxtpx:cad></gpxtpx:TrackPointExtension></extensions></trkpt><trkpt lat="35.95629942" lon="120.20368621"><ele>-19.59000015258789</ele><time>2022-06-03T13:32:19Z</time><extensions><gpxtpx:TrackPointExtension><gpxtpx:hr>152</gpxtpx:hr><gpxtpx:cad>88</gpxtpx:cad></gpxtpx:TrackPointExtension></extensions></trkpt><trkpt lat="35.95632041" lon="120.20367855"><ele>-19.530000686645508</ele><time>2022-06-03T13:32:20Z</time><extensions><gpxtpx:TrackPointExtension><gpxtpx:hr>153</gpxtpx:hr><gpxtpx:cad>88</gpxtpx:cad></gpxtpx:TrackPointExtension></extensions></trkpt><trkpt lat="35.95634207" lon="120.20367189"><ele>-19.479999542236328</ele><time>2022-06-03T13:32:21Z</time><extensions><gpxtpx:TrackPointExtension><gpxtpx:hr>154</gpxtpx:hr><gpxtpx:cad>89</gpxtpx:cad></gpxtpx:TrackPointExtension></extensions></trkpt><trkpt lat="35.9563634" lon="120.20366723"><ele>-19.43000030517578</ele><time>2022-06-03T13:32:22Z</time><extensions><gpxtpx:TrackPointExtension><gpxtpx:hr>155</gpxtpx:hr><gpxtpx:cad>88</gpxtpx:cad></gpxtpx:TrackPointExtension></extensions></trkpt><trkpt lat="35.95638373" lon="120.20366157"><ele>-19.3700008392334</ele><time>2022-06-03T13:32:23Z</time><extensions><gpxtpx:TrackPointExtension><gpxtpx:hr>155</gpxtpx:hr><gpxtpx:cad>89</gpxtpx:cad></gpxtpx:TrackPointExtension></extensions></trkpt><trkpt lat="35.95640506" lon="120.20365591"><ele>-19.31999969482422</ele><time>2022-06-03T13:32:24Z</time><extensions><gpxtpx:TrackPointExtension><gpxtpx:hr>157</gpxtpx:hr><gpxtpx:cad>89</gpxtpx:cad></gpxtpx:TrackPointExtension></extensions></trkpt><trkpt lat="35.95642472" lon="120.20365025"><ele>-19.280000686645508</ele><time>2022-06-03T13:32:25Z</time><extensions><gpxtpx:TrackPointExtension><gpxtpx:hr>160</gpxtpx:hr><gpxtpx:cad>89</gpxtpx:cad></gpxtpx:TrackPointExtension></extensions></trkpt><trkpt lat="35.95644405" lon="120.20364459"><ele>-19.229999542236328</ele><time>2022-06-03T13:32:26Z</time><extensions><gpxtpx:TrackPointExtension><gpxtpx:hr>162</gpxtpx:hr><gpxtpx:cad>89</gpxtpx:cad></gpxtpx:TrackPointExtension></extensions></trkpt><trkpt lat="35.95646305" lon="120.2036366"><ele>-19.200000762939453</ele><time>2022-06-03T13:32:27Z</time><extensions><gpxtpx:TrackPointExtension><gpxtpx:hr>163</gpxtpx:hr><gpxtpx:cad>89</gpxtpx:cad></gpxtpx:TrackPointExtension></extensions></trkpt><trkpt lat="35.95648271" lon="120.20363027"><ele>-19.1299991607666</ele><time>2022-06-03T13:32:28Z</time><extensions><gpxtpx:TrackPointExtension><gpxtpx:cad>89</gpxtpx:cad></gpxtpx:TrackPointExtension></extensions></trkpt><trkpt lat="35.9565037" lon="120.20362494"><ele>-19.100000381469727</ele><time>2022-06-03T13:32:29Z</time><extensions><gpxtpx:TrackPointExtension><gpxtpx:hr>163</gpxtpx:hr><gpxtpx:cad>89</gpxtpx:cad></gpxtpx:TrackPointExtension></extensions></trkpt><trkpt lat="35.95652436" lon="120.20362361"><ele>-19.040000915527344</ele><time>2022-06-03T13:32:30Z</time><extensions><gpxtpx:TrackPointExtension><gpxtpx:hr>163</gpxtpx:hr><gpxtpx:cad>90</gpxtpx:cad></gpxtpx:TrackPointExtension></extensions></trkpt><trkpt lat="35.95654535" lon="120.20362427"><ele>-19.0</ele><time>2022-06-03T13:32:31Z</time><extensions><gpxtpx:TrackPointExtension><gpxtpx:hr>163</gpxtpx:hr><gpxtpx:cad>90</gpxtpx:cad></gpxtpx:TrackPointExtension></extensions></trkpt><trkpt lat="35.95656668" lon="120.20362194"><ele>-18.950000762939453</ele><time>2022-06-03T13:32:32Z</time><extensions><gpxtpx:TrackPointExtension><gpxtpx:hr>163</gpxtpx:hr><gpxtpx:cad>89</gpxtpx:cad></gpxtpx:TrackPointExtension></extensions></trkpt><trkpt lat="35.95658834" lon="120.20361728"><ele>-18.93000030517578</ele><time>2022-06-03T13:32:33Z</time><extensions><gpxtpx:TrackPointExtension><gpxtpx:hr>163</gpxtpx:hr><gpxtpx:cad>89</gpxtpx:cad></gpxtpx:TrackPointExtension></extensions></trkpt><trkpt lat="35.95661033" lon="120.20361029"><ele>-18.93000030517578</ele><time>2022-06-03T13:32:34Z</time><extensions><gpxtpx:TrackPointExtension><gpxtpx:hr>163</gpxtpx:hr><gpxtpx:cad>89</gpxtpx:cad></gpxtpx:TrackPointExtension></extensions></trkpt><trkpt lat="35.95663199" lon="120.20360196"><ele>-18.790000915527344</ele><time>2022-06-03T13:32:35Z</time><extensions><gpxtpx:TrackPointExtension><gpxtpx:hr>163</gpxtpx:hr><gpxtpx:cad>88</gpxtpx:cad></gpxtpx:TrackPointExtension></extensions></trkpt><trkpt lat="35.95665265" lon="120.20359396"><ele>-18.790000915527344</ele><time>2022-06-03T13:32:36Z</time><extensions><gpxtpx:TrackPointExtension><gpxtpx:hr>163</gpxtpx:hr><gpxtpx:cad>88</gpxtpx:cad></gpxtpx:TrackPointExtension></extensions></trkpt><trkpt lat="35.95667131" lon="120.2035853"><ele>-18.690000534057617</ele><time>2022-06-03T13:32:37Z</time><extensions><gpxtpx:TrackPointExtension><gpxtpx:hr>163</gpxtpx:hr><gpxtpx:cad>88</gpxtpx:cad></gpxtpx:TrackPointExtension></extensions></trkpt><trkpt lat="35.95668897" lon="120.2035783"><ele>-18.6200008392334</ele><time>2022-06-03T13:32:38Z</time><extensions><gpxtpx:TrackPointExtension><gpxtpx:cad>88</gpxtpx:cad></gpxtpx:TrackPointExtension></extensions></trkpt><trkpt lat="35.9567053" lon="120.20357297"><ele>-18.6200008392334</ele><time>2022-06-03T13:32:39Z</time><extensions><gpxtpx:TrackPointExtension><gpxtpx:hr>162</gpxtpx:hr><gpxtpx:cad>88</gpxtpx:cad></gpxtpx:TrackPointExtension></extensions></trkpt><trkpt lat="35.95672029" lon="120.20356998"><ele>-18.479999542236328</ele><time>2022-06-03T13:32:40Z</time><extensions><gpxtpx:TrackPointExtension><gpxtpx:hr>162</gpxtpx:hr><gpxtpx:cad>88</gpxtpx:cad></gpxtpx:TrackPointExtension></extensions></trkpt><trkpt lat="35.95673662" lon="120.20356932"><ele>-18.420000076293945</ele><time>2022-06-03T13:32:41Z</time><extensions><gpxtpx:TrackPointExtension><gpxtpx:hr>162</gpxtpx:hr><gpxtpx:cad>88</gpxtpx:cad></gpxtpx:TrackPointExtension></extensions></trkpt><trkpt lat="35.95675262" lon="120.20356799"><ele>-18.31999969482422</ele><time>2022-06-03T13:32:42Z</time><extensions><gpxtpx:TrackPointExtension><gpxtpx:hr>161</gpxtpx:hr><gpxtpx:cad>88</gpxtpx:cad></gpxtpx:TrackPointExtension></extensions></trkpt><trkpt lat="35.95676761" lon="120.20356799"><ele>-18.219999313354492</ele><time>2022-06-03T13:32:43Z</time><extensions><gpxtpx:TrackPointExtension><gpxtpx:cad>88</gpxtpx:cad></gpxtpx:TrackPointExtension></extensions></trkpt><trkpt lat="35.95678161" lon="120.20356898"><ele>-18.219999313354492</ele><time>2022-06-03T13:32:44Z</time><extensions><gpxtpx:TrackPointExtension><gpxtpx:hr>159</gpxtpx:hr><gpxtpx:cad>88</gpxtpx:cad></gpxtpx:TrackPointExtension></extensions></trkpt><trkpt lat="35.95679427" lon="120.20356997"><ele>-18.040000915527344</ele><time>2022-06-03T13:32:45Z</time><extensions><gpxtpx:TrackPointExtension><gpxtpx:hr>159</gpxtpx:hr><gpxtpx:cad>88</gpxtpx:cad></gpxtpx:TrackPointExtension></extensions></trkpt><trkpt lat="35.9568076" lon="120.20357397"><ele>-17.969999313354492</ele><time>2022-06-03T13:32:46Z</time><extensions><gpxtpx:TrackPointExtension><gpxtpx:hr>159</gpxtpx:hr><gpxtpx:cad>88</gpxtpx:cad></gpxtpx:TrackPointExtension></extensions></trkpt><trkpt lat="35.95681993" lon="120.20357796"><ele>-17.889999389648438</ele><time>2022-06-03T13:32:47Z</time><extensions><gpxtpx:TrackPointExtension><gpxtpx:hr>160</gpxtpx:hr><gpxtpx:cad>88</gpxtpx:cad></gpxtpx:TrackPointExtension></extensions></trkpt><trkpt lat="35.95683192" lon="120.20357996"><ele>-17.809999465942383</ele><time>2022-06-03T13:32:48Z</time><extensions><gpxtpx:TrackPointExtension><gpxtpx:hr>161</gpxtpx:hr><gpxtpx:cad>88</gpxtpx:cad></gpxtpx:TrackPointExtension></extensions></trkpt><trkpt lat="35.95684492" lon="120.20357996"><ele>-17.760000228881836</ele><time>2022-06-03T13:32:49Z</time><extensions><gpxtpx:TrackPointExtension><gpxtpx:hr>161</gpxtpx:hr><gpxtpx:cad>88</gpxtpx:cad></gpxtpx:TrackPointExtension></extensions></trkpt><trkpt lat="35.95685858" lon="120.20357763"><ele>-17.760000228881836</ele><time>2022-06-03T13:32:50Z</time><extensions><gpxtpx:TrackPointExtension><gpxtpx:hr>161</gpxtpx:hr><gpxtpx:cad>88</gpxtpx:cad></gpxtpx:TrackPointExtension></extensions></trkpt><trkpt lat="35.95687324" lon="120.20357263"><ele>-17.649999618530273</ele><time>2022-06-03T13:32:51Z</time><extensions><gpxtpx:TrackPointExtension><gpxtpx:hr>162</gpxtpx:hr><gpxtpx:cad>88</gpxtpx:cad></gpxtpx:TrackPointExtension></extensions></trkpt><trkpt lat="35.95688757" lon="120.20356763"><ele>-17.649999618530273</ele><time>2022-06-03T13:32:52Z</time><extensions><gpxtpx:TrackPointExtension><gpxtpx:hr>165</gpxtpx:hr><gpxtpx:cad>88</gpxtpx:cad></gpxtpx:TrackPointExtension></extensions></trkpt><trkpt lat="35.9569009" lon="120.20356164"><ele>-17.6299991607666</ele><time>2022-06-03T13:32:53Z</time><extensions><gpxtpx:TrackPointExtension><gpxtpx:hr>166</gpxtpx:hr><gpxtpx:cad>88</gpxtpx:cad></gpxtpx:TrackPointExtension></extensions></trkpt><trkpt lat="35.95691456" lon="120.20355398"><ele>-17.639999389648438</ele><time>2022-06-03T13:32:54Z</time><extensions><gpxtpx:TrackPointExtension><gpxtpx:hr>168</gpxtpx:hr><gpxtpx:cad>88</gpxtpx:cad></gpxtpx:TrackPointExtension></extensions></trkpt><trkpt lat="35.95693022" lon="120.20354632"><ele>-17.639999389648438</ele><time>2022-06-03T13:32:55Z</time><extensions><gpxtpx:TrackPointExtension><gpxtpx:hr>168</gpxtpx:hr><gpxtpx:cad>61</gpxtpx:cad></gpxtpx:TrackPointExtension></extensions></trkpt><trkpt lat="35.95694521" lon="120.20353899"><ele>-17.649999618530273</ele><time>2022-06-03T13:32:56Z</time><extensions><gpxtpx:TrackPointExtension><gpxtpx:hr>168</gpxtpx:hr><gpxtpx:cad>60</gpxtpx:cad></gpxtpx:TrackPointExtension></extensions></trkpt><trkpt lat="35.95696054" lon="120.20353233"><ele>-17.649999618530273</ele><time>2022-06-03T13:32:57Z</time><extensions><gpxtpx:TrackPointExtension><gpxtpx:hr>168</gpxtpx:hr><gpxtpx:cad>58</gpxtpx:cad></gpxtpx:TrackPointExtension></extensions></trkpt><trkpt lat="35.9569762" lon="120.203527"><ele>-17.670000076293945</ele><time>2022-06-03T13:32:58Z</time><extensions><gpxtpx:TrackPointExtension><gpxtpx:hr>167</gpxtpx:hr><gpxtpx:cad>57</gpxtpx:cad></gpxtpx:TrackPointExtension></extensions></trkpt><trkpt lat="35.95699253" lon="120.20352334"><ele>-17.670000076293945</ele><time>2022-06-03T13:32:59Z</time><extensions><gpxtpx:TrackPointExtension><gpxtpx:hr>167</gpxtpx:hr><gpxtpx:cad>57</gpxtpx:cad></gpxtpx:TrackPointExtension></extensions></trkpt><trkpt lat="35.95700919" lon="120.20351934"><ele>-17.649999618530273</ele><time>2022-06-03T13:33:00Z</time><extensions><gpxtpx:TrackPointExtension><gpxtpx:hr>168</gpxtpx:hr><gpxtpx:cad>57</gpxtpx:cad></gpxtpx:TrackPointExtension></extensions></trkpt><trkpt lat="35.95702685" lon="120.20351501"><ele>-17.639999389648438</ele><time>2022-06-03T13:33:01Z</time><extensions><gpxtpx:TrackPointExtension><gpxtpx:hr>168</gpxtpx:hr><gpxtpx:cad>59</gpxtpx:cad></gpxtpx:TrackPointExtension></extensions></trkpt><trkpt lat="35.95704318" lon="120.20351001"><ele>-17.6200008392334</ele><time>2022-06-03T13:33:02Z</time><extensions><gpxtpx:TrackPointExtension><gpxtpx:hr>168</gpxtpx:hr><gpxtpx:cad>59</gpxtpx:cad></gpxtpx:TrackPointExtension></extensions></trkpt><trkpt lat="35.95705918" lon="120.20350602"><ele>-17.59000015258789</ele><time>2022-06-03T13:33:03Z</time><extensions><gpxtpx:TrackPointExtension><gpxtpx:hr>168</gpxtpx:hr><gpxtpx:cad>59</gpxtpx:cad></gpxtpx:TrackPointExtension></extensions></trkpt><trkpt lat="35.95707518" lon="120.20350336"><ele>-17.559999465942383</ele><time>2022-06-03T13:33:04Z</time><extensions><gpxtpx:TrackPointExtension><gpxtpx:hr>169</gpxtpx:hr><gpxtpx:cad>61</gpxtpx:cad></gpxtpx:TrackPointExtension></extensions></trkpt><trkpt lat="35.95709184" lon="120.20350237"><ele>-17.540000915527344</ele><time>2022-06-03T13:33:05Z</time><extensions><gpxtpx:TrackPointExtension><gpxtpx:hr>170</gpxtpx:hr><gpxtpx:cad>61</gpxtpx:cad></gpxtpx:TrackPointExtension></extensions></trkpt><trkpt lat="35.95710884" lon="120.20350171"><ele>-17.5</ele><time>2022-06-03T13:33:06Z</time><extensions><gpxtpx:TrackPointExtension><gpxtpx:hr>171</gpxtpx:hr><gpxtpx:cad>61</gpxtpx:cad></gpxtpx:TrackPointExtension></extensions></trkpt><trkpt lat="35.95712717" lon="120.20350138"><ele>-17.440000534057617</ele><time>2022-06-03T13:33:07Z</time><extensions><gpxtpx:TrackPointExtension><gpxtpx:hr>172</gpxtpx:hr><gpxtpx:cad>61</gpxtpx:cad></gpxtpx:TrackPointExtension></extensions></trkpt><trkpt lat="35.95714783" lon="120.20349938"><ele>-17.389999389648438</ele><time>2022-06-03T13:33:08Z</time><extensions><gpxtpx:TrackPointExtension><gpxtpx:hr>172</gpxtpx:hr><gpxtpx:cad>61</gpxtpx:cad></gpxtpx:TrackPointExtension></extensions></trkpt><trkpt lat="35.95717083" lon="120.20349605"><ele>-17.290000915527344</ele><time>2022-06-03T13:33:09Z</time><extensions><gpxtpx:TrackPointExtension><gpxtpx:hr>171</gpxtpx:hr><gpxtpx:cad>61</gpxtpx:cad></gpxtpx:TrackPointExtension></extensions></trkpt><trkpt lat="35.95719349" lon="120.20349205"><ele>-17.200000762939453</ele><time>2022-06-03T13:33:10Z</time><extensions><gpxtpx:TrackPointExtension><gpxtpx:hr>171</gpxtpx:hr><gpxtpx:cad>61</gpxtpx:cad></gpxtpx:TrackPointExtension></extensions></trkpt><trkpt lat="35.95721682" lon="120.20348672"><ele>-17.06999969482422</ele><time>2022-06-03T13:33:11Z</time><extensions><gpxtpx:TrackPointExtension><gpxtpx:hr>171</gpxtpx:hr><gpxtpx:cad>61</gpxtpx:cad></gpxtpx:TrackPointExtension></extensions></trkpt><trkpt lat="35.95724081" lon="120.20348106"><ele>-17.049999237060547</ele><time>2022-06-03T13:33:12Z</time><extensions><gpxtpx:TrackPointExtension><gpxtpx:hr>173</gpxtpx:hr><gpxtpx:cad>61</gpxtpx:cad></gpxtpx:TrackPointExtension></extensions></trkpt><trkpt lat="35.95726681" lon="120.20347807"><ele>-16.959999084472656</ele><time>2022-06-03T13:33:13Z</time><extensions><gpxtpx:TrackPointExtension><gpxtpx:hr>174</gpxtpx:hr><gpxtpx:cad>61</gpxtpx:cad></gpxtpx:TrackPointExtension></extensions></trkpt><trkpt lat="35.95729247" lon="120.20347807"><ele>-16.950000762939453</ele><time>2022-06-03T13:33:14Z</time><extensions><gpxtpx:TrackPointExtension><gpxtpx:hr>174</gpxtpx:hr><gpxtpx:cad>61</gpxtpx:cad></gpxtpx:TrackPointExtension></extensions></trkpt><trkpt lat="35.9573188" lon="120.2034784"><ele>-16.8799991607666</ele><time>2022-06-03T13:33:15Z</time><extensions><gpxtpx:TrackPointExtension><gpxtpx:hr>174</gpxtpx:hr><gpxtpx:cad>61</gpxtpx:cad></gpxtpx:TrackPointExtension></extensions></trkpt><trkpt lat="35.95734446" lon="120.20347807"><ele>-16.850000381469727</ele><time>2022-06-03T13:33:16Z</time><extensions><gpxtpx:TrackPointExtension><gpxtpx:hr>173</gpxtpx:hr><gpxtpx:cad>61</gpxtpx:cad></gpxtpx:TrackPointExtension></extensions></trkpt><trkpt lat="35.95736912" lon="120.20347774"><ele>-16.790000915527344</ele><time>2022-06-03T13:33:17Z</time><extensions><gpxtpx:TrackPointExtension><gpxtpx:hr>173</gpxtpx:hr></gpxtpx:TrackPointExtension></extensions></trkpt><trkpt lat="35.95739245" lon="120.20347807"><ele>-16.729999542236328</ele><time>2022-06-03T13:33:18Z</time><extensions><gpxtpx:TrackPointExtension><gpxtpx:hr>172</gpxtpx:hr><gpxtpx:cad>61</gpxtpx:cad></gpxtpx:TrackPointExtension></extensions></trkpt><trkpt lat="35.95741611" lon="120.20348006"><ele>-16.68000030517578</ele><time>2022-06-03T13:33:19Z</time><extensions><gpxtpx:TrackPointExtension><gpxtpx:hr>172</gpxtpx:hr><gpxtpx:cad>61</gpxtpx:cad></gpxtpx:TrackPointExtension></extensions></trkpt><trkpt lat="35.95743977" lon="120.20348139"><ele>-16.559999465942383</ele><time>2022-06-03T13:33:20Z</time><extensions><gpxtpx:TrackPointExtension><gpxtpx:hr>171</gpxtpx:hr><gpxtpx:cad>61</gpxtpx:cad></gpxtpx:TrackPointExtension></extensions></trkpt><trkpt lat="35.95746377" lon="120.20348472"><ele>-16.450000762939453</ele><time>2022-06-03T13:33:21Z</time><extensions><gpxtpx:TrackPointExtension><gpxtpx:hr>170</gpxtpx:hr><gpxtpx:cad>88</gpxtpx:cad></gpxtpx:TrackPointExtension></extensions></trkpt><trkpt lat="35.9574861" lon="120.20348938"><ele>-16.3700008392334</ele><time>2022-06-03T13:33:22Z</time><extensions><gpxtpx:TrackPointExtension><gpxtpx:hr>169</gpxtpx:hr></gpxtpx:TrackPointExtension></extensions></trkpt><trkpt lat="35.95750909" lon="120.20349471"><ele>-16.270000457763672</ele><time>2022-06-03T13:33:23Z</time><extensions><gpxtpx:TrackPointExtension><gpxtpx:hr>167</gpxtpx:hr><gpxtpx:cad>88</gpxtpx:cad></gpxtpx:TrackPointExtension></extensions></trkpt><trkpt lat="35.95753175" lon="120.20349871"><ele>-16.200000762939453</ele><time>2022-06-03T13:33:24Z</time><extensions><gpxtpx:TrackPointExtension><gpxtpx:hr>167</gpxtpx:hr><gpxtpx:cad>89</gpxtpx:cad></gpxtpx:TrackPointExtension></extensions></trkpt><trkpt lat="35.95755508" lon="120.20350271"><ele>-16.1200008392334</ele><time>2022-06-03T13:33:25Z</time><extensions><gpxtpx:TrackPointExtension><gpxtpx:hr>167</gpxtpx:hr><gpxtpx:cad>88</gpxtpx:cad></gpxtpx:TrackPointExtension></extensions></trkpt><trkpt lat="35.95757874" lon="120.20350537"><ele>-16.1200008392334</ele><time>2022-06-03T13:33:26Z</time><extensions><gpxtpx:TrackPointExtension><gpxtpx:hr>167</gpxtpx:hr><gpxtpx:cad>89</gpxtpx:cad></gpxtpx:TrackPointExtension></extensions></trkpt><trkpt lat="35.95760207" lon="120.2035087"><ele>-15.970000267028809</ele><time>2022-06-03T13:33:27Z</time><extensions><gpxtpx:TrackPointExtension><gpxtpx:hr>167</gpxtpx:hr><gpxtpx:cad>88</gpxtpx:cad></gpxtpx:TrackPointExtension></extensions></trkpt><trkpt lat="35.95762707" lon="120.2035137"><ele>-15.890000343322754</ele><time>2022-06-03T13:33:28Z</time><extensions><gpxtpx:TrackPointExtension><gpxtpx:hr>167</gpxtpx:hr><gpxtpx:cad>88</gpxtpx:cad></gpxtpx:TrackPointExtension></extensions></trkpt><trkpt lat="35.9576514" lon="120.20351603"><ele>-15.770000457763672</ele><time>2022-06-03T13:33:29Z</time><extensions><gpxtpx:TrackPointExtension><gpxtpx:hr>167</gpxtpx:hr><gpxtpx:cad>89</gpxtpx:cad></gpxtpx:TrackPointExtension></extensions></trkpt><trkpt lat="35.9576744" lon="120.20351669"><ele>-15.680000305175781</ele><time>2022-06-03T13:33:30Z</time><extensions><gpxtpx:TrackPointExtension><gpxtpx:hr>167</gpxtpx:hr><gpxtpx:cad>88</gpxtpx:cad></gpxtpx:TrackPointExtension></extensions></trkpt><trkpt lat="35.95769706" lon="120.20351236"><ele>-15.569999694824219</ele><time>2022-06-03T13:33:31Z</time><extensions><gpxtpx:TrackPointExtension><gpxtpx:hr>167</gpxtpx:hr><gpxtpx:cad>88</gpxtpx:cad></gpxtpx:TrackPointExtension></extensions></trkpt><trkpt lat="35.95772072" lon="120.20350603"><ele>-15.4399995803833</ele><time>2022-06-03T13:33:32Z</time><extensions><gpxtpx:TrackPointExtension><gpxtpx:hr>167</gpxtpx:hr><gpxtpx:cad>88</gpxtpx:cad></gpxtpx:TrackPointExtension></extensions></trkpt><trkpt lat="35.95774572" lon="120.2034987"><ele>-15.3100004196167</ele><time>2022-06-03T13:33:33Z</time><extensions><gpxtpx:TrackPointExtension><gpxtpx:hr>167</gpxtpx:hr><gpxtpx:cad>89</gpxtpx:cad></gpxtpx:TrackPointExtension></extensions></trkpt><trkpt lat="35.95777005" lon="120.20349137"><ele>-15.1899995803833</ele><time>2022-06-03T13:33:34Z</time><extensions><gpxtpx:TrackPointExtension><gpxtpx:hr>167</gpxtpx:hr><gpxtpx:cad>89</gpxtpx:cad></gpxtpx:TrackPointExtension></extensions></trkpt><trkpt lat="35.95779571" lon="120.20348237"><ele>-15.100000381469727</ele><time>2022-06-03T13:33:35Z</time><extensions><gpxtpx:TrackPointExtension><gpxtpx:hr>167</gpxtpx:hr><gpxtpx:cad>89</gpxtpx:cad></gpxtpx:TrackPointExtension></extensions></trkpt><trkpt lat="35.95782104" lon="120.20347438"><ele>-15.020000457763672</ele><time>2022-06-03T13:33:36Z</time><extensions><gpxtpx:TrackPointExtension><gpxtpx:hr>167</gpxtpx:hr><gpxtpx:cad>88</gpxtpx:cad></gpxtpx:TrackPointExtension></extensions></trkpt><trkpt lat="35.9578457" lon="120.20346438"><ele>-14.9399995803833</ele><time>2022-06-03T13:33:37Z</time><extensions><gpxtpx:TrackPointExtension><gpxtpx:hr>168</gpxtpx:hr><gpxtpx:cad>88</gpxtpx:cad></gpxtpx:TrackPointExtension></extensions></trkpt><trkpt lat="35.9578707" lon="120.20345438"><ele>-14.859999656677246</ele><time>2022-06-03T13:33:38Z</time><extensions><gpxtpx:TrackPointExtension><gpxtpx:hr>169</gpxtpx:hr><gpxtpx:cad>88</gpxtpx:cad></gpxtpx:TrackPointExtension></extensions></trkpt><trkpt lat="35.95789236" lon="120.20344905"><ele>-14.819999694824219</ele><time>2022-06-03T13:33:39Z</time><extensions><gpxtpx:TrackPointExtension><gpxtpx:hr>168</gpxtpx:hr><gpxtpx:cad>88</gpxtpx:cad></gpxtpx:TrackPointExtension></extensions></trkpt><trkpt lat="35.95791202" lon="120.20344672"><ele>-14.760000228881836</ele><time>2022-06-03T13:33:40Z</time><extensions><gpxtpx:TrackPointExtension><gpxtpx:hr>168</gpxtpx:hr><gpxtpx:cad>88</gpxtpx:cad></gpxtpx:TrackPointExtension></extensions></trkpt><trkpt lat="35.95793102" lon="120.20344539"><ele>-14.720000267028809</ele><time>2022-06-03T13:33:41Z</time><extensions><gpxtpx:TrackPointExtension><gpxtpx:hr>168</gpxtpx:hr><gpxtpx:cad>88</gpxtpx:cad></gpxtpx:TrackPointExtension></extensions></trkpt><trkpt lat="35.95794835" lon="120.2034444"><ele>-14.680000305175781</ele><time>2022-06-03T13:33:42Z</time><extensions><gpxtpx:TrackPointExtension><gpxtpx:hr>168</gpxtpx:hr><gpxtpx:cad>88</gpxtpx:cad></gpxtpx:TrackPointExtension></extensions></trkpt><trkpt lat="35.95796601" lon="120.2034444"><ele>-14.640000343322754</ele><time>2022-06-03T13:33:43Z</time><extensions><gpxtpx:TrackPointExtension><gpxtpx:hr>168</gpxtpx:hr><gpxtpx:cad>88</gpxtpx:cad></gpxtpx:TrackPointExtension></extensions></trkpt><trkpt lat="35.95798367" lon="120.20344407"><ele>-14.600000381469727</ele><time>2022-06-03T13:33:44Z</time><extensions><gpxtpx:TrackPointExtension><gpxtpx:hr>168</gpxtpx:hr><gpxtpx:cad>88</gpxtpx:cad></gpxtpx:TrackPointExtension></extensions></trkpt><trkpt lat="35.95799967" lon="120.20344407"><ele>-14.529999732971191</ele><time>2022-06-03T13:33:45Z</time><extensions><gpxtpx:TrackPointExtension><gpxtpx:hr>168</gpxtpx:hr><gpxtpx:cad>88</gpxtpx:cad></gpxtpx:TrackPointExtension></extensions></trkpt><trkpt lat="35.95801567" lon="120.20344407"><ele>-14.470000267028809</ele><time>2022-06-03T13:33:46Z</time><extensions><gpxtpx:TrackPointExtension><gpxtpx:hr>169</gpxtpx:hr><gpxtpx:cad>88</gpxtpx:cad></gpxtpx:TrackPointExtension></extensions></trkpt><trkpt lat="35.95803166" lon="120.20344341"><ele>-14.399999618530273</ele><time>2022-06-03T13:33:47Z</time><extensions><gpxtpx:TrackPointExtension><gpxtpx:hr>169</gpxtpx:hr><gpxtpx:cad>88</gpxtpx:cad></gpxtpx:TrackPointExtension></extensions></trkpt><trkpt lat="35.95804799" lon="120.20344308"><ele>-14.399999618530273</ele><time>2022-06-03T13:33:48Z</time><extensions><gpxtpx:TrackPointExtension><gpxtpx:hr>170</gpxtpx:hr><gpxtpx:cad>88</gpxtpx:cad></gpxtpx:TrackPointExtension></extensions></trkpt><trkpt lat="35.95806332" lon="120.20344341"><ele>-14.260000228881836</ele><time>2022-06-03T13:33:49Z</time><extensions><gpxtpx:TrackPointExtension><gpxtpx:hr>170</gpxtpx:hr><gpxtpx:cad>88</gpxtpx:cad></gpxtpx:TrackPointExtension></extensions></trkpt><trkpt lat="35.95807798" lon="120.20344308"><ele>-14.180000305175781</ele><time>2022-06-03T13:33:50Z</time><extensions><gpxtpx:TrackPointExtension><gpxtpx:hr>170</gpxtpx:hr><gpxtpx:cad>88</gpxtpx:cad></gpxtpx:TrackPointExtension></extensions></trkpt><trkpt lat="35.95809331" lon="120.20344175"><ele>-14.130000114440918</ele><time>2022-06-03T13:33:51Z</time><extensions><gpxtpx:TrackPointExtension><gpxtpx:hr>170</gpxtpx:hr><gpxtpx:cad>88</gpxtpx:cad></gpxtpx:TrackPointExtension></extensions></trkpt><trkpt lat="35.95810797" lon="120.20343976"><ele>-14.069999694824219</ele><time>2022-06-03T13:33:52Z</time><extensions><gpxtpx:TrackPointExtension><gpxtpx:hr>169</gpxtpx:hr><gpxtpx:cad>88</gpxtpx:cad></gpxtpx:TrackPointExtension></extensions></trkpt><trkpt lat="35.95812096" lon="120.20343576"><ele>-14.029999732971191</ele><time>2022-06-03T13:33:53Z</time><extensions><gpxtpx:TrackPointExtension><gpxtpx:hr>169</gpxtpx:hr><gpxtpx:cad>88</gpxtpx:cad></gpxtpx:TrackPointExtension></extensions></trkpt><trkpt lat="35.95813362" lon="120.20343143"><ele>-14.029999732971191</ele><time>2022-06-03T13:33:54Z</time><extensions><gpxtpx:TrackPointExtension><gpxtpx:hr>169</gpxtpx:hr><gpxtpx:cad>88</gpxtpx:cad></gpxtpx:TrackPointExtension></extensions></trkpt><trkpt lat="35.95814595" lon="120.20342577"><ele>-13.930000305175781</ele><time>2022-06-03T13:33:55Z</time><extensions><gpxtpx:TrackPointExtension><gpxtpx:hr>170</gpxtpx:hr><gpxtpx:cad>88</gpxtpx:cad></gpxtpx:TrackPointExtension></extensions></trkpt><trkpt lat="35.95815661" lon="120.20341878"><ele>-13.930000305175781</ele><time>2022-06-03T13:33:56Z</time><extensions><gpxtpx:TrackPointExtension><gpxtpx:hr>170</gpxtpx:hr><gpxtpx:cad>88</gpxtpx:cad></gpxtpx:TrackPointExtension></extensions></trkpt><trkpt lat="35.95816727" lon="120.20341012"><ele>-13.8100004196167</ele><time>2022-06-03T13:33:57Z</time><extensions><gpxtpx:TrackPointExtension><gpxtpx:hr>169</gpxtpx:hr><gpxtpx:cad>88</gpxtpx:cad></gpxtpx:TrackPointExtension></extensions></trkpt><trkpt lat="35.95817893" lon="120.20340213"><ele>-13.75</ele><time>2022-06-03T13:33:58Z</time><extensions><gpxtpx:TrackPointExtension><gpxtpx:hr>169</gpxtpx:hr><gpxtpx:cad>88</gpxtpx:cad></gpxtpx:TrackPointExtension></extensions></trkpt><trkpt lat="35.95819092" lon="120.20339313"><ele>-13.680000305175781</ele><time>2022-06-03T13:33:59Z</time><extensions><gpxtpx:TrackPointExtension><gpxtpx:hr>169</gpxtpx:hr><gpxtpx:cad>88</gpxtpx:cad></gpxtpx:TrackPointExtension></extensions></trkpt><trkpt lat="35.95820192" lon="120.20338314"><ele>-13.630000114440918</ele><time>2022-06-03T13:34:00Z</time><extensions><gpxtpx:TrackPointExtension><gpxtpx:hr>169</gpxtpx:hr><gpxtpx:cad>88</gpxtpx:cad></gpxtpx:TrackPointExtension></extensions></trkpt><trkpt lat="35.95821425" lon="120.20337381"><ele>-13.630000114440918</ele><time>2022-06-03T13:34:01Z</time><extensions><gpxtpx:TrackPointExtension><gpxtpx:hr>169</gpxtpx:hr><gpxtpx:cad>88</gpxtpx:cad></gpxtpx:TrackPointExtension></extensions></trkpt><trkpt lat="35.95822625" lon="120.20336782"><ele>-13.529999732971191</ele><time>2022-06-03T13:34:02Z</time><extensions><gpxtpx:TrackPointExtension><gpxtpx:hr>169</gpxtpx:hr><gpxtpx:cad>88</gpxtpx:cad></gpxtpx:TrackPointExtension></extensions></trkpt><trkpt lat="35.95823824" lon="120.20336216"><ele>-13.479999542236328</ele><time>2022-06-03T13:34:03Z</time><extensions><gpxtpx:TrackPointExtension><gpxtpx:hr>170</gpxtpx:hr><gpxtpx:cad>88</gpxtpx:cad></gpxtpx:TrackPointExtension></extensions></trkpt><trkpt lat="35.9582509" lon="120.20335683"><ele>-13.430000305175781</ele><time>2022-06-03T13:34:04Z</time><extensions><gpxtpx:TrackPointExtension><gpxtpx:hr>170</gpxtpx:hr><gpxtpx:cad>88</gpxtpx:cad></gpxtpx:TrackPointExtension></extensions></trkpt><trkpt lat="35.95826356" lon="120.20335283"><ele>-13.359999656677246</ele><time>2022-06-03T13:34:05Z</time><extensions><gpxtpx:TrackPointExtension><gpxtpx:hr>170</gpxtpx:hr><gpxtpx:cad>60</gpxtpx:cad></gpxtpx:TrackPointExtension></extensions></trkpt><trkpt lat="35.95827656" lon="120.2033495"><ele>-13.3100004196167</ele><time>2022-06-03T13:34:06Z</time><extensions><gpxtpx:TrackPointExtension><gpxtpx:hr>170</gpxtpx:hr><gpxtpx:cad>60</gpxtpx:cad></gpxtpx:TrackPointExtension></extensions></trkpt><trkpt lat="35.95828955" lon="120.20334517"><ele>-13.260000228881836</ele><time>2022-06-03T13:34:07Z</time><extensions><gpxtpx:TrackPointExtension><gpxtpx:hr>170</gpxtpx:hr><gpxtpx:cad>60</gpxtpx:cad></gpxtpx:TrackPointExtension></extensions></trkpt><trkpt lat="35.95830154" lon="120.20333818"><ele>-13.1899995803833</ele><time>2022-06-03T13:34:08Z</time><extensions><gpxtpx:TrackPointExtension><gpxtpx:hr>170</gpxtpx:hr><gpxtpx:cad>60</gpxtpx:cad></gpxtpx:TrackPointExtension></extensions></trkpt><trkpt lat="35.9583142" lon="120.20333219"><ele>-13.140000343322754</ele><time>2022-06-03T13:34:09Z</time><extensions><gpxtpx:TrackPointExtension><gpxtpx:hr>170</gpxtpx:hr><gpxtpx:cad>60</gpxtpx:cad></gpxtpx:TrackPointExtension></extensions></trkpt><trkpt lat="35.95832686" lon="120.20332753"><ele>-13.09000015258789</ele><time>2022-06-03T13:34:10Z</time><extensions><gpxtpx:TrackPointExtension><gpxtpx:hr>169</gpxtpx:hr><gpxtpx:cad>60</gpxtpx:cad></gpxtpx:TrackPointExtension></extensions></trkpt><trkpt lat="35.95833986" lon="120.2033232"><ele>-13.020000457763672</ele><time>2022-06-03T13:34:11Z</time><extensions><gpxtpx:TrackPointExtension><gpxtpx:hr>168</gpxtpx:hr><gpxtpx:cad>60</gpxtpx:cad></gpxtpx:TrackPointExtension></extensions></trkpt><trkpt lat="35.95835219" lon="120.20331954"><ele>-12.970000267028809</ele><time>2022-06-03T13:34:12Z</time><extensions><gpxtpx:TrackPointExtension><gpxtpx:hr>169</gpxtpx:hr><gpxtpx:cad>60</gpxtpx:cad></gpxtpx:TrackPointExtension></extensions></trkpt><trkpt lat="35.95836552" lon="120.20331621"><ele>-12.930000305175781</ele><time>2022-06-03T13:34:13Z</time><extensions><gpxtpx:TrackPointExtension><gpxtpx:hr>169</gpxtpx:hr><gpxtpx:cad>61</gpxtpx:cad></gpxtpx:TrackPointExtension></extensions></trkpt><trkpt lat="35.95837985" lon="120.20331288"><ele>-12.880000114440918</ele><time>2022-06-03T13:34:14Z</time><extensions><gpxtpx:TrackPointExtension><gpxtpx:hr>168</gpxtpx:hr><gpxtpx:cad>61</gpxtpx:cad></gpxtpx:TrackPointExtension></extensions></trkpt><trkpt lat="35.95839418" lon="120.20331022"><ele>-12.8100004196167</ele><time>2022-06-03T13:34:15Z</time><extensions><gpxtpx:TrackPointExtension><gpxtpx:hr>168</gpxtpx:hr><gpxtpx:cad>61</gpxtpx:cad></gpxtpx:TrackPointExtension></extensions></trkpt><trkpt lat="35.95840784" lon="120.20330656"><ele>-12.729999542236328</ele><time>2022-06-03T13:34:16Z</time><extensions><gpxtpx:TrackPointExtension><gpxtpx:hr>168</gpxtpx:hr><gpxtpx:cad>64</gpxtpx:cad></gpxtpx:TrackPointExtension></extensions></trkpt><trkpt lat="35.95842217" lon="120.20330323"><ele>-12.670000076293945</ele><time>2022-06-03T13:34:17Z</time><extensions><gpxtpx:TrackPointExtension><gpxtpx:hr>168</gpxtpx:hr><gpxtpx:cad>64</gpxtpx:cad></gpxtpx:TrackPointExtension></extensions></trkpt><trkpt lat="35.9584355" lon="120.2033009"><ele>-12.569999694824219</ele><time>2022-06-03T13:34:18Z</time><extensions><gpxtpx:TrackPointExtension><gpxtpx:hr>168</gpxtpx:hr><gpxtpx:cad>65</gpxtpx:cad></gpxtpx:TrackPointExtension></extensions></trkpt><trkpt lat="35.95844783" lon="120.20329991"><ele>-12.510000228881836</ele><time>2022-06-03T13:34:19Z</time><extensions><gpxtpx:TrackPointExtension><gpxtpx:hr>167</gpxtpx:hr><gpxtpx:cad>65</gpxtpx:cad></gpxtpx:TrackPointExtension></extensions></trkpt><trkpt lat="35.95846049" lon="120.20329858"><ele>-12.430000305175781</ele><time>2022-06-03T13:34:20Z</time><extensions><gpxtpx:TrackPointExtension><gpxtpx:hr>167</gpxtpx:hr><gpxtpx:cad>61</gpxtpx:cad></gpxtpx:TrackPointExtension></extensions></trkpt><trkpt lat="35.95847315" lon="120.20329658"><ele>-12.380000114440918</ele><time>2022-06-03T13:34:21Z</time><extensions><gpxtpx:TrackPointExtension><gpxtpx:hr>167</gpxtpx:hr><gpxtpx:cad>61</gpxtpx:cad></gpxtpx:TrackPointExtension></extensions></trkpt><trkpt lat="35.95848615" lon="120.20329492"><ele>-12.319999694824219</ele><time>2022-06-03T13:34:22Z</time><extensions><gpxtpx:TrackPointExtension><gpxtpx:hr>168</gpxtpx:hr><gpxtpx:cad>61</gpxtpx:cad></gpxtpx:TrackPointExtension></extensions></trkpt><trkpt lat="35.95849948" lon="120.20329293"><ele>-12.270000457763672</ele><time>2022-06-03T13:34:23Z</time><extensions><gpxtpx:TrackPointExtension><gpxtpx:hr>168</gpxtpx:hr><gpxtpx:cad>61</gpxtpx:cad></gpxtpx:TrackPointExtension></extensions></trkpt><trkpt lat="35.95851247" lon="120.2032906"><ele>-12.25</ele><time>2022-06-03T13:34:24Z</time><extensions><gpxtpx:TrackPointExtension><gpxtpx:hr>167</gpxtpx:hr><gpxtpx:cad>63</gpxtpx:cad></gpxtpx:TrackPointExtension></extensions></trkpt><trkpt lat="35.95852747" lon="120.20328894"><ele>-12.220000267028809</ele><time>2022-06-03T13:34:25Z</time><extensions><gpxtpx:TrackPointExtension><gpxtpx:hr>167</gpxtpx:hr><gpxtpx:cad>63</gpxtpx:cad></gpxtpx:TrackPointExtension></extensions></trkpt><trkpt lat="35.95854346" lon="120.20328761"><ele>-12.180000305175781</ele><time>2022-06-03T13:34:26Z</time><extensions><gpxtpx:TrackPointExtension><gpxtpx:hr>167</gpxtpx:hr><gpxtpx:cad>63</gpxtpx:cad></gpxtpx:TrackPointExtension></extensions></trkpt><trkpt lat="35.95855846" lon="120.20328595"><ele>-12.149999618530273</ele><time>2022-06-03T13:34:27Z</time><extensions><gpxtpx:TrackPointExtension><gpxtpx:hr>167</gpxtpx:hr><gpxtpx:cad>63</gpxtpx:cad></gpxtpx:TrackPointExtension></extensions></trkpt><trkpt lat="35.95857345" lon="120.20328562"><ele>-12.130000114440918</ele><time>2022-06-03T13:34:28Z</time><extensions><gpxtpx:TrackPointExtension><gpxtpx:hr>167</gpxtpx:hr><gpxtpx:cad>63</gpxtpx:cad></gpxtpx:TrackPointExtension></extensions></trkpt><trkpt lat="35.95858844" lon="120.20328396"><ele>-12.069999694824219</ele><time>2022-06-03T13:34:29Z</time><extensions><gpxtpx:TrackPointExtension><gpxtpx:hr>168</gpxtpx:hr><gpxtpx:cad>63</gpxtpx:cad></gpxtpx:TrackPointExtension></extensions></trkpt><trkpt lat="35.9586031" lon="120.20328096"><ele>-12.029999732971191</ele><time>2022-06-03T13:34:30Z</time><extensions><gpxtpx:TrackPointExtension><gpxtpx:hr>168</gpxtpx:hr><gpxtpx:cad>63</gpxtpx:cad></gpxtpx:TrackPointExtension></extensions></trkpt><trkpt lat="35.95861643" lon="120.20327597"><ele>-12.0</ele><time>2022-06-03T13:34:31Z</time><extensions><gpxtpx:TrackPointExtension><gpxtpx:hr>168</gpxtpx:hr><gpxtpx:cad>65</gpxtpx:cad></gpxtpx:TrackPointExtension></extensions></trkpt><trkpt lat="35.95862843" lon="120.20327131"><ele>-11.960000038146973</ele><time>2022-06-03T13:34:32Z</time><extensions><gpxtpx:TrackPointExtension><gpxtpx:hr>168</gpxtpx:hr><gpxtpx:cad>65</gpxtpx:cad></gpxtpx:TrackPointExtension></extensions></trkpt><trkpt lat="35.95864076" lon="120.20326665"><ele>-11.899999618530273</ele><time>2022-06-03T13:34:33Z</time><extensions><gpxtpx:TrackPointExtension><gpxtpx:hr>168</gpxtpx:hr><gpxtpx:cad>61</gpxtpx:cad></gpxtpx:TrackPointExtension></extensions></trkpt><trkpt lat="35.95865342" lon="120.20326265"><ele>-11.899999618530273</ele><time>2022-06-03T13:34:34Z</time><extensions><gpxtpx:TrackPointExtension><gpxtpx:hr>168</gpxtpx:hr><gpxtpx:cad>61</gpxtpx:cad></gpxtpx:TrackPointExtension></extensions></trkpt><trkpt lat="35.95866575" lon="120.20325999"><ele>-11.8100004196167</ele><time>2022-06-03T13:34:35Z</time><extensions><gpxtpx:TrackPointExtension><gpxtpx:hr>168</gpxtpx:hr><gpxtpx:cad>61</gpxtpx:cad></gpxtpx:TrackPointExtension></extensions></trkpt><trkpt lat="35.95867774" lon="120.20325699"><ele>-11.760000228881836</ele><time>2022-06-03T13:34:36Z</time><extensions><gpxtpx:TrackPointExtension><gpxtpx:hr>169</gpxtpx:hr><gpxtpx:cad>59</gpxtpx:cad></gpxtpx:TrackPointExtension></extensions></trkpt><trkpt lat="35.9586894" lon="120.203254"><ele>-11.720000267028809</ele><time>2022-06-03T13:34:37Z</time><extensions><gpxtpx:TrackPointExtension><gpxtpx:hr>169</gpxtpx:hr><gpxtpx:cad>58</gpxtpx:cad></gpxtpx:TrackPointExtension></extensions></trkpt><trkpt lat="35.95870106" lon="120.20325267"><ele>-11.670000076293945</ele><time>2022-06-03T13:34:38Z</time><extensions><gpxtpx:TrackPointExtension><gpxtpx:hr>169</gpxtpx:hr><gpxtpx:cad>58</gpxtpx:cad></gpxtpx:TrackPointExtension></extensions></trkpt><trkpt lat="35.95871172" lon="120.20325267"><ele>-11.600000381469727</ele><time>2022-06-03T13:34:39Z</time><extensions><gpxtpx:TrackPointExtension><gpxtpx:hr>169</gpxtpx:hr><gpxtpx:cad>58</gpxtpx:cad></gpxtpx:TrackPointExtension></extensions></trkpt><trkpt lat="35.95872371" lon="120.20325333"><ele>-11.5600004196167</ele><time>2022-06-03T13:34:40Z</time><extensions><gpxtpx:TrackPointExtension><gpxtpx:hr>169</gpxtpx:hr><gpxtpx:cad>58</gpxtpx:cad></gpxtpx:TrackPointExtension></extensions></trkpt><trkpt lat="35.95873604" lon="120.20325366"><ele>-11.520000457763672</ele><time>2022-06-03T13:34:41Z</time><extensions><gpxtpx:TrackPointExtension><gpxtpx:hr>169</gpxtpx:hr><gpxtpx:cad>59</gpxtpx:cad></gpxtpx:TrackPointExtension></extensions></trkpt><trkpt lat="35.95874903" lon="120.20325233"><ele>-11.470000267028809</ele><time>2022-06-03T13:34:42Z</time><extensions><gpxtpx:TrackPointExtension><gpxtpx:hr>168</gpxtpx:hr><gpxtpx:cad>61</gpxtpx:cad></gpxtpx:TrackPointExtension></extensions></trkpt><trkpt lat="35.95876236" lon="120.20324967"><ele>-11.470000267028809</ele><time>2022-06-03T13:34:43Z</time><extensions><gpxtpx:TrackPointExtension><gpxtpx:hr>167</gpxtpx:hr><gpxtpx:cad>62</gpxtpx:cad></gpxtpx:TrackPointExtension></extensions></trkpt><trkpt lat="35.95877636" lon="120.20324701"><ele>-11.390000343322754</ele><time>2022-06-03T13:34:44Z</time><extensions><gpxtpx:TrackPointExtension><gpxtpx:hr>167</gpxtpx:hr><gpxtpx:cad>61</gpxtpx:cad></gpxtpx:TrackPointExtension></extensions></trkpt><trkpt lat="35.95879136" lon="120.20324435"><ele>-11.34000015258789</ele><time>2022-06-03T13:34:45Z</time><extensions><gpxtpx:TrackPointExtension><gpxtpx:hr>166</gpxtpx:hr><gpxtpx:cad>61</gpxtpx:cad></gpxtpx:TrackPointExtension></extensions></trkpt><trkpt lat="35.95880602" lon="120.20324069"><ele>-11.279999732971191</ele><time>2022-06-03T13:34:46Z</time><extensions><gpxtpx:TrackPointExtension><gpxtpx:hr>166</gpxtpx:hr><gpxtpx:cad>61</gpxtpx:cad></gpxtpx:TrackPointExtension></extensions></trkpt><trkpt lat="35.95882135" lon="120.20323736"><ele>-11.220000267028809</ele><time>2022-06-03T13:34:47Z</time><extensions><gpxtpx:TrackPointExtension><gpxtpx:hr>166</gpxtpx:hr><gpxtpx:cad>61</gpxtpx:cad></gpxtpx:TrackPointExtension></extensions></trkpt><trkpt lat="35.95883668" lon="120.20323303"><ele>-11.149999618530273</ele><time>2022-06-03T13:34:48Z</time><extensions><gpxtpx:TrackPointExtension><gpxtpx:hr>166</gpxtpx:hr><gpxtpx:cad>61</gpxtpx:cad></gpxtpx:TrackPointExtension></extensions></trkpt><trkpt lat="35.95885134" lon="120.2032297"><ele>-11.0600004196167</ele><time>2022-06-03T13:34:49Z</time><extensions><gpxtpx:TrackPointExtension><gpxtpx:hr>166</gpxtpx:hr><gpxtpx:cad>61</gpxtpx:cad></gpxtpx:TrackPointExtension></extensions></trkpt><trkpt lat="35.95886534" lon="120.20322771"><ele>-10.979999542236328</ele><time>2022-06-03T13:34:50Z</time><extensions><gpxtpx:TrackPointExtension><gpxtpx:hr>166</gpxtpx:hr><gpxtpx:cad>61</gpxtpx:cad></gpxtpx:TrackPointExtension></extensions></trkpt><trkpt lat="35.95887667" lon="120.20322605"><ele>-10.890000343322754</ele><time>2022-06-03T13:34:51Z</time><extensions><gpxtpx:TrackPointExtension><gpxtpx:hr>166</gpxtpx:hr><gpxtpx:cad>61</gpxtpx:cad></gpxtpx:TrackPointExtension></extensions></trkpt><trkpt lat="35.95888533" lon="120.20322605"><ele>-10.8100004196167</ele><time>2022-06-03T13:34:52Z</time><extensions><gpxtpx:TrackPointExtension><gpxtpx:hr>166</gpxtpx:hr><gpxtpx:cad>61</gpxtpx:cad></gpxtpx:TrackPointExtension></extensions></trkpt><trkpt lat="35.95889299" lon="120.20322605"><ele>-10.710000038146973</ele><time>2022-06-03T13:34:53Z</time><extensions><gpxtpx:TrackPointExtension><gpxtpx:hr>166</gpxtpx:hr><gpxtpx:cad>61</gpxtpx:cad></gpxtpx:TrackPointExtension></extensions></trkpt><trkpt lat="35.95890065" lon="120.20322605"><ele>-10.600000381469727</ele><time>2022-06-03T13:34:54Z</time><extensions><gpxtpx:TrackPointExtension><gpxtpx:hr>166</gpxtpx:hr><gpxtpx:cad>61</gpxtpx:cad></gpxtpx:TrackPointExtension></extensions></trkpt><trkpt lat="35.95890831" lon="120.20322539"><ele>-10.520000457763672</ele><time>2022-06-03T13:34:55Z</time><extensions><gpxtpx:TrackPointExtension><gpxtpx:hr>166</gpxtpx:hr><gpxtpx:cad>61</gpxtpx:cad></gpxtpx:TrackPointExtension></extensions></trkpt><trkpt lat="35.95891797" lon="120.20322506"><ele>-10.470000267028809</ele><time>2022-06-03T13:34:56Z</time><extensions><gpxtpx:TrackPointExtension><gpxtpx:hr>166</gpxtpx:hr><gpxtpx:cad>61</gpxtpx:cad></gpxtpx:TrackPointExtension></extensions></trkpt><trkpt lat="35.95892796" lon="120.20322772"><ele>-10.420000076293945</ele><time>2022-06-03T13:34:57Z</time><extensions><gpxtpx:TrackPointExtension><gpxtpx:hr>166</gpxtpx:hr><gpxtpx:cad>61</gpxtpx:cad></gpxtpx:TrackPointExtension></extensions></trkpt><trkpt lat="35.95893829" lon="120.20323138"><ele>-10.350000381469727</ele><time>2022-06-03T13:34:58Z</time><extensions><gpxtpx:TrackPointExtension><gpxtpx:hr>166</gpxtpx:hr><gpxtpx:cad>61</gpxtpx:cad></gpxtpx:TrackPointExtension></extensions></trkpt><trkpt lat="35.95894895" lon="120.20323737"><ele>-10.300000190734863</ele><time>2022-06-03T13:34:59Z</time><extensions><gpxtpx:TrackPointExtension><gpxtpx:hr>165</gpxtpx:hr><gpxtpx:cad>61</gpxtpx:cad></gpxtpx:TrackPointExtension></extensions></trkpt><trkpt lat="35.95895828" lon="120.20324237"><ele>-10.229999542236328</ele><time>2022-06-03T13:35:00Z</time><extensions><gpxtpx:TrackPointExtension><gpxtpx:hr>165</gpxtpx:hr><gpxtpx:cad>61</gpxtpx:cad></gpxtpx:TrackPointExtension></extensions></trkpt><trkpt lat="35.95896761" lon="120.20324636"><ele>-10.1899995803833</ele><time>2022-06-03T13:35:01Z</time><extensions><gpxtpx:TrackPointExtension><gpxtpx:hr>163</gpxtpx:hr><gpxtpx:cad>61</gpxtpx:cad></gpxtpx:TrackPointExtension></extensions></trkpt><trkpt lat="35.95897527" lon="120.20324902"><ele>-10.149999618530273</ele><time>2022-06-03T13:35:02Z</time><extensions><gpxtpx:TrackPointExtension><gpxtpx:hr>161</gpxtpx:hr><gpxtpx:cad>61</gpxtpx:cad></gpxtpx:TrackPointExtension></extensions></trkpt><trkpt lat="35.95898327" lon="120.20325101"><ele>-10.130000114440918</ele><time>2022-06-03T13:35:03Z</time><extensions><gpxtpx:TrackPointExtension><gpxtpx:hr>160</gpxtpx:hr><gpxtpx:cad>61</gpxtpx:cad></gpxtpx:TrackPointExtension></extensions></trkpt><trkpt lat="35.9589906" lon="120.20325134"><ele>-10.100000381469727</ele><time>2022-06-03T13:35:04Z</time><extensions><gpxtpx:TrackPointExtension><gpxtpx:hr>160</gpxtpx:hr><gpxtpx:cad>61</gpxtpx:cad></gpxtpx:TrackPointExtension></extensions></trkpt><trkpt lat="35.9589986" lon="120.20325101"><ele>-10.09000015258789</ele><time>2022-06-03T13:35:05Z</time><extensions><gpxtpx:TrackPointExtension><gpxtpx:hr>159</gpxtpx:hr><gpxtpx:cad>57</gpxtpx:cad></gpxtpx:TrackPointExtension></extensions></trkpt><trkpt lat="35.9590066" lon="120.20324935"><ele>-10.0600004196167</ele><time>2022-06-03T13:35:06Z</time><extensions><gpxtpx:TrackPointExtension><gpxtpx:hr>159</gpxtpx:hr><gpxtpx:cad>57</gpxtpx:cad></gpxtpx:TrackPointExtension></extensions></trkpt><trkpt lat="35.95901559" lon="120.20324702"><ele>-10.029999732971191</ele><time>2022-06-03T13:35:07Z</time><extensions><gpxtpx:TrackPointExtension><gpxtpx:hr>158</gpxtpx:hr><gpxtpx:cad>58</gpxtpx:cad></gpxtpx:TrackPointExtension></extensions></trkpt><trkpt lat="35.95902458" lon="120.20324436"><ele>-10.010000228881836</ele><time>2022-06-03T13:35:08Z</time><extensions><gpxtpx:TrackPointExtension><gpxtpx:hr>155</gpxtpx:hr><gpxtpx:cad>58</gpxtpx:cad></gpxtpx:TrackPointExtension></extensions></trkpt><trkpt lat="35.95903424" lon="120.20324237"><ele>-9.970000267028809</ele><time>2022-06-03T13:35:09Z</time><extensions><gpxtpx:TrackPointExtension><gpxtpx:hr>154</gpxtpx:hr><gpxtpx:cad>59</gpxtpx:cad></gpxtpx:TrackPointExtension></extensions></trkpt><trkpt lat="35.95904457" lon="120.20323971"><ele>-9.930000305175781</ele><time>2022-06-03T13:35:10Z</time><extensions><gpxtpx:TrackPointExtension><gpxtpx:hr>153</gpxtpx:hr><gpxtpx:cad>59</gpxtpx:cad></gpxtpx:TrackPointExtension></extensions></trkpt><trkpt lat="35.9590549" lon="120.20323672"><ele>-9.890000343322754</ele><time>2022-06-03T13:35:11Z</time><extensions><gpxtpx:TrackPointExtension><gpxtpx:hr>150</gpxtpx:hr><gpxtpx:cad>59</gpxtpx:cad></gpxtpx:TrackPointExtension></extensions></trkpt><trkpt lat="35.95906689" lon="120.20323705"><ele>-9.84000015258789</ele><time>2022-06-03T13:35:12Z</time><extensions><gpxtpx:TrackPointExtension><gpxtpx:hr>148</gpxtpx:hr><gpxtpx:cad>59</gpxtpx:cad></gpxtpx:TrackPointExtension></extensions></trkpt><trkpt lat="35.95907922" lon="120.20323771"><ele>-9.770000457763672</ele><time>2022-06-03T13:35:13Z</time><extensions><gpxtpx:TrackPointExtension><gpxtpx:hr>147</gpxtpx:hr><gpxtpx:cad>59</gpxtpx:cad></gpxtpx:TrackPointExtension></extensions></trkpt><trkpt lat="35.95909221" lon="120.20324337"><ele>-9.710000038146973</ele><time>2022-06-03T13:35:14Z</time><extensions><gpxtpx:TrackPointExtension><gpxtpx:hr>146</gpxtpx:hr><gpxtpx:cad>59</gpxtpx:cad></gpxtpx:TrackPointExtension></extensions></trkpt><trkpt lat="35.95910721" lon="120.20325636"><ele>-9.609999656677246</ele><time>2022-06-03T13:35:15Z</time><extensions><gpxtpx:TrackPointExtension><gpxtpx:hr>146</gpxtpx:hr><gpxtpx:cad>56</gpxtpx:cad></gpxtpx:TrackPointExtension></extensions></trkpt><trkpt lat="35.95912187" lon="120.20327335"><ele>-9.520000457763672</ele><time>2022-06-03T13:35:16Z</time><extensions><gpxtpx:TrackPointExtension><gpxtpx:hr>145</gpxtpx:hr><gpxtpx:cad>56</gpxtpx:cad></gpxtpx:TrackPointExtension></extensions></trkpt><trkpt lat="35.95913653" lon="120.20329101"><ele>-9.4399995803833</ele><time>2022-06-03T13:35:17Z</time><extensions><gpxtpx:TrackPointExtension><gpxtpx:hr>143</gpxtpx:hr><gpxtpx:cad>56</gpxtpx:cad></gpxtpx:TrackPointExtension></extensions></trkpt><trkpt lat="35.95915053" lon="120.20330867"><ele>-9.359999656677246</ele><time>2022-06-03T13:35:18Z</time><extensions><gpxtpx:TrackPointExtension><gpxtpx:hr>143</gpxtpx:hr><gpxtpx:cad>56</gpxtpx:cad></gpxtpx:TrackPointExtension></extensions></trkpt><trkpt lat="35.95916319" lon="120.20332566"><ele>-9.300000190734863</ele><time>2022-06-03T13:35:19Z</time><extensions><gpxtpx:TrackPointExtension><gpxtpx:hr>142</gpxtpx:hr><gpxtpx:cad>56</gpxtpx:cad></gpxtpx:TrackPointExtension></extensions></trkpt><trkpt lat="35.95917518" lon="120.20334299"><ele>-9.229999542236328</ele><time>2022-06-03T13:35:20Z</time><extensions><gpxtpx:TrackPointExtension><gpxtpx:hr>140</gpxtpx:hr><gpxtpx:cad>58</gpxtpx:cad></gpxtpx:TrackPointExtension></extensions></trkpt><trkpt lat="35.95918684" lon="120.20336032"><ele>-9.149999618530273</ele><time>2022-06-03T13:35:21Z</time><extensions><gpxtpx:TrackPointExtension><gpxtpx:hr>139</gpxtpx:hr><gpxtpx:cad>58</gpxtpx:cad></gpxtpx:TrackPointExtension></extensions></trkpt><trkpt lat="35.95919684" lon="120.20337631"><ele>-9.100000381469727</ele><time>2022-06-03T13:35:22Z</time><extensions><gpxtpx:TrackPointExtension><gpxtpx:hr>137</gpxtpx:hr><gpxtpx:cad>58</gpxtpx:cad></gpxtpx:TrackPointExtension></extensions></trkpt><trkpt lat="35.9592065" lon="120.20339164"><ele>-9.050000190734863</ele><time>2022-06-03T13:35:23Z</time><extensions><gpxtpx:TrackPointExtension><gpxtpx:hr>137</gpxtpx:hr><gpxtpx:cad>58</gpxtpx:cad></gpxtpx:TrackPointExtension></extensions></trkpt><trkpt lat="35.95921549" lon="120.20340664"><ele>-9.010000228881836</ele><time>2022-06-03T13:35:24Z</time><extensions><gpxtpx:TrackPointExtension><gpxtpx:hr>137</gpxtpx:hr><gpxtpx:cad>58</gpxtpx:cad></gpxtpx:TrackPointExtension></extensions></trkpt><trkpt lat="35.95922382" lon="120.2034213"><ele>-8.960000038146973</ele><time>2022-06-03T13:35:25Z</time><extensions><gpxtpx:TrackPointExtension><gpxtpx:hr>136</gpxtpx:hr><gpxtpx:cad>58</gpxtpx:cad></gpxtpx:TrackPointExtension></extensions></trkpt><trkpt lat="35.95923281" lon="120.2034353"><ele>-8.920000076293945</ele><time>2022-06-03T13:35:26Z</time><extensions><gpxtpx:TrackPointExtension><gpxtpx:hr>136</gpxtpx:hr><gpxtpx:cad>59</gpxtpx:cad></gpxtpx:TrackPointExtension></extensions></trkpt><trkpt lat="35.95924081" lon="120.20344963"><ele>-8.880000114440918</ele><time>2022-06-03T13:35:27Z</time><extensions><gpxtpx:TrackPointExtension><gpxtpx:hr>136</gpxtpx:hr><gpxtpx:cad>59</gpxtpx:cad></gpxtpx:TrackPointExtension></extensions></trkpt><trkpt lat="35.95924914" lon="120.20346496"><ele>-8.84000015258789</ele><time>2022-06-03T13:35:28Z</time><extensions><gpxtpx:TrackPointExtension><gpxtpx:hr>136</gpxtpx:hr><gpxtpx:cad>58</gpxtpx:cad></gpxtpx:TrackPointExtension></extensions></trkpt><trkpt lat="35.95925747" lon="120.20348062"><ele>-8.8100004196167</ele><time>2022-06-03T13:35:29Z</time><extensions><gpxtpx:TrackPointExtension><gpxtpx:hr>135</gpxtpx:hr><gpxtpx:cad>57</gpxtpx:cad></gpxtpx:TrackPointExtension></extensions></trkpt><trkpt lat="35.95926513" lon="120.20349662"><ele>-8.770000457763672</ele><time>2022-06-03T13:35:30Z</time><extensions><gpxtpx:TrackPointExtension><gpxtpx:hr>133</gpxtpx:hr><gpxtpx:cad>57</gpxtpx:cad></gpxtpx:TrackPointExtension></extensions></trkpt><trkpt lat="35.95927179" lon="120.20351295"><ele>-8.729999542236328</ele><time>2022-06-03T13:35:31Z</time><extensions><gpxtpx:TrackPointExtension><gpxtpx:hr>131</gpxtpx:hr><gpxtpx:cad>57</gpxtpx:cad></gpxtpx:TrackPointExtension></extensions></trkpt><trkpt lat="35.95927645" lon="120.20352861"><ele>-8.6899995803833</ele><time>2022-06-03T13:35:32Z</time><extensions><gpxtpx:TrackPointExtension><gpxtpx:hr>130</gpxtpx:hr><gpxtpx:cad>57</gpxtpx:cad></gpxtpx:TrackPointExtension></extensions></trkpt><trkpt lat="35.95928011" lon="120.20354427"><ele>-8.649999618530273</ele><time>2022-06-03T13:35:33Z</time><extensions><gpxtpx:TrackPointExtension><gpxtpx:hr>130</gpxtpx:hr><gpxtpx:cad>57</gpxtpx:cad></gpxtpx:TrackPointExtension></extensions></trkpt><trkpt lat="35.9592831" lon="120.2035596"><ele>-8.600000381469727</ele><time>2022-06-03T13:35:34Z</time><extensions><gpxtpx:TrackPointExtension><gpxtpx:hr>130</gpxtpx:hr><gpxtpx:cad>57</gpxtpx:cad></gpxtpx:TrackPointExtension></extensions></trkpt><trkpt lat="35.9592851" lon="120.20357493"><ele>-8.5600004196167</ele><time>2022-06-03T13:35:35Z</time><extensions><gpxtpx:TrackPointExtension><gpxtpx:hr>130</gpxtpx:hr><gpxtpx:cad>57</gpxtpx:cad></gpxtpx:TrackPointExtension></extensions></trkpt><trkpt lat="35.9592871" lon="120.20358992"><ele>-8.520000457763672</ele><time>2022-06-03T13:35:36Z</time><extensions><gpxtpx:TrackPointExtension><gpxtpx:hr>130</gpxtpx:hr><gpxtpx:cad>57</gpxtpx:cad></gpxtpx:TrackPointExtension></extensions></trkpt><trkpt lat="35.95928943" lon="120.20360558"><ele>-8.470000267028809</ele><time>2022-06-03T13:35:37Z</time><extensions><gpxtpx:TrackPointExtension><gpxtpx:hr>130</gpxtpx:hr><gpxtpx:cad>57</gpxtpx:cad></gpxtpx:TrackPointExtension></extensions></trkpt><trkpt lat="35.95929076" lon="120.20362091"><ele>-8.430000305175781</ele><time>2022-06-03T13:35:38Z</time><extensions><gpxtpx:TrackPointExtension><gpxtpx:hr>129</gpxtpx:hr><gpxtpx:cad>57</gpxtpx:cad></gpxtpx:TrackPointExtension></extensions></trkpt><trkpt lat="35.95929309" lon="120.20363557"><ele>-8.380000114440918</ele><time>2022-06-03T13:35:39Z</time><extensions><gpxtpx:TrackPointExtension><gpxtpx:hr>129</gpxtpx:hr><gpxtpx:cad>57</gpxtpx:cad></gpxtpx:TrackPointExtension></extensions></trkpt><trkpt lat="35.95929675" lon="120.20365123"><ele>-8.34000015258789</ele><time>2022-06-03T13:35:40Z</time><extensions><gpxtpx:TrackPointExtension><gpxtpx:hr>129</gpxtpx:hr><gpxtpx:cad>57</gpxtpx:cad></gpxtpx:TrackPointExtension></extensions></trkpt><trkpt lat="35.95929941" lon="120.20366623"><ele>-8.279999732971191</ele><time>2022-06-03T13:35:41Z</time><extensions><gpxtpx:TrackPointExtension><gpxtpx:hr>129</gpxtpx:hr><gpxtpx:cad>58</gpxtpx:cad></gpxtpx:TrackPointExtension></extensions></trkpt><trkpt lat="35.95930107" lon="120.20368189"><ele>-8.25</ele><time>2022-06-03T13:35:42Z</time><extensions><gpxtpx:TrackPointExtension><gpxtpx:hr>129</gpxtpx:hr><gpxtpx:cad>59</gpxtpx:cad></gpxtpx:TrackPointExtension></extensions></trkpt><trkpt lat="35.95930173" lon="120.20369755"><ele>-8.1899995803833</ele><time>2022-06-03T13:35:43Z</time><extensions><gpxtpx:TrackPointExtension><gpxtpx:hr>128</gpxtpx:hr><gpxtpx:cad>59</gpxtpx:cad></gpxtpx:TrackPointExtension></extensions></trkpt><trkpt lat="35.9593014" lon="120.20371354"><ele>-8.170000076293945</ele><time>2022-06-03T13:35:44Z</time><extensions><gpxtpx:TrackPointExtension><gpxtpx:hr>128</gpxtpx:hr><gpxtpx:cad>59</gpxtpx:cad></gpxtpx:TrackPointExtension></extensions></trkpt><trkpt lat="35.95930173" lon="120.2037302"><ele>-8.130000114440918</ele><time>2022-06-03T13:35:45Z</time><extensions><gpxtpx:TrackPointExtension><gpxtpx:hr>128</gpxtpx:hr><gpxtpx:cad>59</gpxtpx:cad></gpxtpx:TrackPointExtension></extensions></trkpt><trkpt lat="35.9593014" lon="120.20374686"><ele>-8.09000015258789</ele><time>2022-06-03T13:35:46Z</time><extensions><gpxtpx:TrackPointExtension><gpxtpx:hr>127</gpxtpx:hr><gpxtpx:cad>59</gpxtpx:cad></gpxtpx:TrackPointExtension></extensions></trkpt><trkpt lat="35.9593014" lon="120.20376286"><ele>-8.0600004196167</ele><time>2022-06-03T13:35:47Z</time><extensions><gpxtpx:TrackPointExtension><gpxtpx:hr>126</gpxtpx:hr><gpxtpx:cad>59</gpxtpx:cad></gpxtpx:TrackPointExtension></extensions></trkpt><trkpt lat="35.95930074" lon="120.20377985"><ele>-8.0600004196167</ele><time>2022-06-03T13:35:48Z</time><extensions><gpxtpx:TrackPointExtension><gpxtpx:hr>125</gpxtpx:hr><gpxtpx:cad>59</gpxtpx:cad></gpxtpx:TrackPointExtension></extensions></trkpt><trkpt lat="35.95930008" lon="120.20379618"><ele>-8.010000228881836</ele><time>2022-06-03T13:35:49Z</time><extensions><gpxtpx:TrackPointExtension><gpxtpx:hr>125</gpxtpx:hr><gpxtpx:cad>59</gpxtpx:cad></gpxtpx:TrackPointExtension></extensions></trkpt><trkpt lat="35.95929975" lon="120.20381184"><ele>-7.980000019073486</ele><time>2022-06-03T13:35:50Z</time><extensions><gpxtpx:TrackPointExtension><gpxtpx:hr>124</gpxtpx:hr><gpxtpx:cad>59</gpxtpx:cad></gpxtpx:TrackPointExtension></extensions></trkpt><trkpt lat="35.95929975" lon="120.20382683"><ele>-7.940000057220459</ele><time>2022-06-03T13:35:51Z</time><extensions><gpxtpx:TrackPointExtension><gpxtpx:hr>124</gpxtpx:hr><gpxtpx:cad>58</gpxtpx:cad></gpxtpx:TrackPointExtension></extensions></trkpt><trkpt lat="35.95930008" lon="120.20384183"><ele>-7.900000095367432</ele><time>2022-06-03T13:35:52Z</time><extensions><gpxtpx:TrackPointExtension><gpxtpx:hr>124</gpxtpx:hr><gpxtpx:cad>58</gpxtpx:cad></gpxtpx:TrackPointExtension></extensions></trkpt><trkpt lat="35.95930074" lon="120.20385749"><ele>-7.840000152587891</ele><time>2022-06-03T13:35:53Z</time><extensions><gpxtpx:TrackPointExtension><gpxtpx:hr>124</gpxtpx:hr><gpxtpx:cad>57</gpxtpx:cad></gpxtpx:TrackPointExtension></extensions></trkpt><trkpt lat="35.95930207" lon="120.20387282"><ele>-7.800000190734863</ele><time>2022-06-03T13:35:54Z</time><extensions><gpxtpx:TrackPointExtension><gpxtpx:hr>124</gpxtpx:hr><gpxtpx:cad>58</gpxtpx:cad></gpxtpx:TrackPointExtension></extensions></trkpt><trkpt lat="35.95930273" lon="120.20388748"><ele>-7.760000228881836</ele><time>2022-06-03T13:35:55Z</time><extensions><gpxtpx:TrackPointExtension><gpxtpx:hr>123</gpxtpx:hr><gpxtpx:cad>59</gpxtpx:cad></gpxtpx:TrackPointExtension></extensions></trkpt><trkpt lat="35.95930273" lon="120.20390181"><ele>-7.730000019073486</ele><time>2022-06-03T13:35:56Z</time><extensions><gpxtpx:TrackPointExtension><gpxtpx:hr>123</gpxtpx:hr><gpxtpx:cad>58</gpxtpx:cad></gpxtpx:TrackPointExtension></extensions></trkpt><trkpt lat="35.95930306" lon="120.20391614"><ele>-7.690000057220459</ele><time>2022-06-03T13:35:57Z</time><extensions><gpxtpx:TrackPointExtension><gpxtpx:hr>123</gpxtpx:hr><gpxtpx:cad>58</gpxtpx:cad></gpxtpx:TrackPointExtension></extensions></trkpt><trkpt lat="35.95930406" lon="120.2039308"><ele>-7.670000076293945</ele><time>2022-06-03T13:35:58Z</time><extensions><gpxtpx:TrackPointExtension><gpxtpx:hr>123</gpxtpx:hr><gpxtpx:cad>57</gpxtpx:cad></gpxtpx:TrackPointExtension></extensions></trkpt><trkpt lat="35.95930505" lon="120.20394513"><ele>-7.650000095367432</ele><time>2022-06-03T13:35:59Z</time><extensions><gpxtpx:TrackPointExtension><gpxtpx:hr>122</gpxtpx:hr><gpxtpx:cad>57</gpxtpx:cad></gpxtpx:TrackPointExtension></extensions></trkpt><trkpt lat="35.95930538" lon="120.20395946"><ele>-7.610000133514404</ele><time>2022-06-03T13:36:00Z</time><extensions><gpxtpx:TrackPointExtension><gpxtpx:hr>121</gpxtpx:hr><gpxtpx:cad>56</gpxtpx:cad></gpxtpx:TrackPointExtension></extensions></trkpt><trkpt lat="35.95930505" lon="120.20397346"><ele>-7.550000190734863</ele><time>2022-06-03T13:36:01Z</time><extensions><gpxtpx:TrackPointExtension><gpxtpx:hr>120</gpxtpx:hr><gpxtpx:cad>57</gpxtpx:cad></gpxtpx:TrackPointExtension></extensions></trkpt><trkpt lat="35.95930472" lon="120.20398812"><ele>-7.5</ele><time>2022-06-03T13:36:02Z</time><extensions><gpxtpx:TrackPointExtension><gpxtpx:hr>120</gpxtpx:hr><gpxtpx:cad>58</gpxtpx:cad></gpxtpx:TrackPointExtension></extensions></trkpt><trkpt lat="35.95930339" lon="120.20400312"><ele>-7.440000057220459</ele><time>2022-06-03T13:36:03Z</time><extensions><gpxtpx:TrackPointExtension><gpxtpx:hr>120</gpxtpx:hr><gpxtpx:cad>58</gpxtpx:cad></gpxtpx:TrackPointExtension></extensions></trkpt><trkpt lat="35.95930206" lon="120.20401778"><ele>-7.380000114440918</ele><time>2022-06-03T13:36:04Z</time><extensions><gpxtpx:TrackPointExtension><gpxtpx:hr>119</gpxtpx:hr><gpxtpx:cad>58</gpxtpx:cad></gpxtpx:TrackPointExtension></extensions></trkpt><trkpt lat="35.9593004" lon="120.20403178"><ele>-7.340000152587891</ele><time>2022-06-03T13:36:05Z</time><extensions><gpxtpx:TrackPointExtension><gpxtpx:hr>119</gpxtpx:hr><gpxtpx:cad>57</gpxtpx:cad></gpxtpx:TrackPointExtension></extensions></trkpt><trkpt lat="35.95929907" lon="120.20404577"><ele>-7.320000171661377</ele><time>2022-06-03T13:36:06Z</time><extensions><gpxtpx:TrackPointExtension><gpxtpx:hr>120</gpxtpx:hr><gpxtpx:cad>58</gpxtpx:cad></gpxtpx:TrackPointExtension></extensions></trkpt><trkpt lat="35.95929808" lon="120.20405943"><ele>-7.320000171661377</ele><time>2022-06-03T13:36:07Z</time><extensions><gpxtpx:TrackPointExtension><gpxtpx:hr>121</gpxtpx:hr><gpxtpx:cad>57</gpxtpx:cad></gpxtpx:TrackPointExtension></extensions></trkpt><trkpt lat="35.95929775" lon="120.20407409"><ele>-7.320000171661377</ele><time>2022-06-03T13:36:08Z</time><extensions><gpxtpx:TrackPointExtension><gpxtpx:hr>121</gpxtpx:hr><gpxtpx:cad>57</gpxtpx:cad></gpxtpx:TrackPointExtension></extensions></trkpt><trkpt lat="35.95929709" lon="120.20408875"><ele>-7.320000171661377</ele><time>2022-06-03T13:36:09Z</time><extensions><gpxtpx:TrackPointExtension><gpxtpx:hr>122</gpxtpx:hr><gpxtpx:cad>57</gpxtpx:cad></gpxtpx:TrackPointExtension></extensions></trkpt><trkpt lat="35.95929676" lon="120.20410375"><ele>-7.300000190734863</ele><time>2022-06-03T13:36:10Z</time><extensions><gpxtpx:TrackPointExtension><gpxtpx:hr>121</gpxtpx:hr><gpxtpx:cad>55</gpxtpx:cad></gpxtpx:TrackPointExtension></extensions></trkpt><trkpt lat="35.95929643" lon="120.20411874"><ele>-7.28000020980835</ele><time>2022-06-03T13:36:11Z</time><extensions><gpxtpx:TrackPointExtension><gpxtpx:hr>121</gpxtpx:hr><gpxtpx:cad>55</gpxtpx:cad></gpxtpx:TrackPointExtension></extensions></trkpt><trkpt lat="35.95929809" lon="120.20413374"><ele>-7.28000020980835</ele><time>2022-06-03T13:36:12Z</time><extensions><gpxtpx:TrackPointExtension><gpxtpx:hr>121</gpxtpx:hr><gpxtpx:cad>55</gpxtpx:cad></gpxtpx:TrackPointExtension></extensions></trkpt><trkpt lat="35.95929942" lon="120.20414907"><ele>-7.260000228881836</ele><time>2022-06-03T13:36:13Z</time><extensions><gpxtpx:TrackPointExtension><gpxtpx:hr>122</gpxtpx:hr><gpxtpx:cad>56</gpxtpx:cad></gpxtpx:TrackPointExtension></extensions></trkpt><trkpt lat="35.95930142" lon="120.2041644"><ele>-7.230000019073486</ele><time>2022-06-03T13:36:14Z</time><extensions><gpxtpx:TrackPointExtension><gpxtpx:hr>123</gpxtpx:hr><gpxtpx:cad>57</gpxtpx:cad></gpxtpx:TrackPointExtension></extensions></trkpt><trkpt lat="35.95930342" lon="120.20417973"><ele>-7.170000076293945</ele><time>2022-06-03T13:36:15Z</time><extensions><gpxtpx:TrackPointExtension><gpxtpx:hr>124</gpxtpx:hr><gpxtpx:cad>58</gpxtpx:cad></gpxtpx:TrackPointExtension></extensions></trkpt><trkpt lat="35.95930475" lon="120.20419406"><ele>-7.110000133514404</ele><time>2022-06-03T13:36:16Z</time><extensions><gpxtpx:TrackPointExtension><gpxtpx:hr>124</gpxtpx:hr><gpxtpx:cad>58</gpxtpx:cad></gpxtpx:TrackPointExtension></extensions></trkpt><trkpt lat="35.95930641" lon="120.20420939"><ele>-7.070000171661377</ele><time>2022-06-03T13:36:17Z</time><extensions><gpxtpx:TrackPointExtension><gpxtpx:hr>124</gpxtpx:hr><gpxtpx:cad>59</gpxtpx:cad></gpxtpx:TrackPointExtension></extensions></trkpt><trkpt lat="35.95930707" lon="120.20422505"><ele>-7.050000190734863</ele><time>2022-06-03T13:36:18Z</time><extensions><gpxtpx:TrackPointExtension><gpxtpx:hr>125</gpxtpx:hr><gpxtpx:cad>59</gpxtpx:cad></gpxtpx:TrackPointExtension></extensions></trkpt><trkpt lat="35.95930773" lon="120.20424071"><ele>-7.010000228881836</ele><time>2022-06-03T13:36:19Z</time><extensions><gpxtpx:TrackPointExtension><gpxtpx:hr>125</gpxtpx:hr><gpxtpx:cad>59</gpxtpx:cad></gpxtpx:TrackPointExtension></extensions></trkpt><trkpt lat="35.95930839" lon="120.20425537"><ele>-7.0</ele><time>2022-06-03T13:36:20Z</time><extensions><gpxtpx:TrackPointExtension><gpxtpx:hr>126</gpxtpx:hr><gpxtpx:cad>59</gpxtpx:cad></gpxtpx:TrackPointExtension></extensions></trkpt><trkpt lat="35.95930972" lon="120.2042697"><ele>-6.980000019073486</ele><time>2022-06-03T13:36:21Z</time><extensions><gpxtpx:TrackPointExtension><gpxtpx:hr>126</gpxtpx:hr><gpxtpx:cad>59</gpxtpx:cad></gpxtpx:TrackPointExtension></extensions></trkpt><trkpt lat="35.95931172" lon="120.20428436"><ele>-6.960000038146973</ele><time>2022-06-03T13:36:22Z</time><extensions><gpxtpx:TrackPointExtension><gpxtpx:hr>126</gpxtpx:hr><gpxtpx:cad>59</gpxtpx:cad></gpxtpx:TrackPointExtension></extensions></trkpt><trkpt lat="35.95931471" lon="120.20429935"><ele>-6.940000057220459</ele><time>2022-06-03T13:36:23Z</time><extensions><gpxtpx:TrackPointExtension><gpxtpx:hr>126</gpxtpx:hr><gpxtpx:cad>58</gpxtpx:cad></gpxtpx:TrackPointExtension></extensions></trkpt><trkpt lat="35.95931804" lon="120.20431568"><ele>-6.940000057220459</ele><time>2022-06-03T13:36:24Z</time><extensions><gpxtpx:TrackPointExtension><gpxtpx:hr>126</gpxtpx:hr><gpxtpx:cad>58</gpxtpx:cad></gpxtpx:TrackPointExtension></extensions></trkpt><trkpt lat="35.95932103" lon="120.20433101"><ele>-6.920000076293945</ele><time>2022-06-03T13:36:25Z</time><extensions><gpxtpx:TrackPointExtension><gpxtpx:hr>127</gpxtpx:hr><gpxtpx:cad>58</gpxtpx:cad></gpxtpx:TrackPointExtension></extensions></trkpt><trkpt lat="35.95932536" lon="120.20434667"><ele>-6.880000114440918</ele><time>2022-06-03T13:36:26Z</time><extensions><gpxtpx:TrackPointExtension><gpxtpx:hr>127</gpxtpx:hr><gpxtpx:cad>58</gpxtpx:cad></gpxtpx:TrackPointExtension></extensions></trkpt><trkpt lat="35.95932869" lon="120.20436333"><ele>-6.880000114440918</ele><time>2022-06-03T13:36:27Z</time><extensions><gpxtpx:TrackPointExtension><gpxtpx:hr>127</gpxtpx:hr><gpxtpx:cad>58</gpxtpx:cad></gpxtpx:TrackPointExtension></extensions></trkpt><trkpt lat="35.95933168" lon="120.20438232"><ele>-6.860000133514404</ele><time>2022-06-03T13:36:28Z</time><extensions><gpxtpx:TrackPointExtension><gpxtpx:hr>128</gpxtpx:hr><gpxtpx:cad>58</gpxtpx:cad></gpxtpx:TrackPointExtension></extensions></trkpt><trkpt lat="35.95933334" lon="120.20440365"><ele>-6.840000152587891</ele><time>2022-06-03T13:36:29Z</time><extensions><gpxtpx:TrackPointExtension><gpxtpx:hr>128</gpxtpx:hr><gpxtpx:cad>58</gpxtpx:cad></gpxtpx:TrackPointExtension></extensions></trkpt><trkpt lat="35.959334" lon="120.20442598"><ele>-6.710000038146973</ele><time>2022-06-03T13:36:30Z</time><extensions><gpxtpx:TrackPointExtension><gpxtpx:hr>128</gpxtpx:hr><gpxtpx:cad>58</gpxtpx:cad></gpxtpx:TrackPointExtension></extensions></trkpt><trkpt lat="35.959334" lon="120.20444964"><ele>-6.590000152587891</ele><time>2022-06-03T13:36:31Z</time><extensions><gpxtpx:TrackPointExtension><gpxtpx:hr>128</gpxtpx:hr><gpxtpx:cad>58</gpxtpx:cad></gpxtpx:TrackPointExtension></extensions></trkpt><trkpt lat="35.95933301" lon="120.20447397"><ele>-6.510000228881836</ele><time>2022-06-03T13:36:32Z</time><extensions><gpxtpx:TrackPointExtension><gpxtpx:hr>128</gpxtpx:hr><gpxtpx:cad>58</gpxtpx:cad></gpxtpx:TrackPointExtension></extensions></trkpt><trkpt lat="35.95933235" lon="120.20449863"><ele>-6.420000076293945</ele><time>2022-06-03T13:36:33Z</time><extensions><gpxtpx:TrackPointExtension><gpxtpx:cad>58</gpxtpx:cad></gpxtpx:TrackPointExtension></extensions></trkpt><trkpt lat="35.95933268" lon="120.20452329"><ele>-6.400000095367432</ele><time>2022-06-03T13:36:34Z</time><extensions><gpxtpx:TrackPointExtension><gpxtpx:hr>128</gpxtpx:hr><gpxtpx:cad>58</gpxtpx:cad></gpxtpx:TrackPointExtension></extensions></trkpt><trkpt lat="35.95933367" lon="120.20454929"><ele>-6.360000133514404</ele><time>2022-06-03T13:36:35Z</time><extensions><gpxtpx:TrackPointExtension><gpxtpx:hr>128</gpxtpx:hr><gpxtpx:cad>58</gpxtpx:cad></gpxtpx:TrackPointExtension></extensions></trkpt><trkpt lat="35.95933334" lon="120.20457528"><ele>-6.440000057220459</ele><time>2022-06-03T13:36:36Z</time><extensions><gpxtpx:TrackPointExtension><gpxtpx:hr>128</gpxtpx:hr><gpxtpx:cad>58</gpxtpx:cad></gpxtpx:TrackPointExtension></extensions></trkpt><trkpt lat="35.95933235" lon="120.20460228"><ele>-6.400000095367432</ele><time>2022-06-03T13:36:37Z</time><extensions><gpxtpx:TrackPointExtension><gpxtpx:hr>128</gpxtpx:hr><gpxtpx:cad>58</gpxtpx:cad></gpxtpx:TrackPointExtension></extensions></trkpt><trkpt lat="35.95932969" lon="120.20462928"><ele>-6.420000076293945</ele><time>2022-06-03T13:36:38Z</time><extensions><gpxtpx:TrackPointExtension><gpxtpx:hr>128</gpxtpx:hr><gpxtpx:cad>88</gpxtpx:cad></gpxtpx:TrackPointExtension></extensions></trkpt><trkpt lat="35.9593257" lon="120.20465461"><ele>-6.420000076293945</ele><time>2022-06-03T13:36:39Z</time><extensions><gpxtpx:TrackPointExtension><gpxtpx:hr>128</gpxtpx:hr><gpxtpx:cad>88</gpxtpx:cad></gpxtpx:TrackPointExtension></extensions></trkpt><trkpt lat="35.95932237" lon="120.2046796"><ele>-6.400000095367432</ele><time>2022-06-03T13:36:40Z</time><extensions><gpxtpx:TrackPointExtension><gpxtpx:hr>129</gpxtpx:hr><gpxtpx:cad>88</gpxtpx:cad></gpxtpx:TrackPointExtension></extensions></trkpt><trkpt lat="35.95932237" lon="120.20470459"><ele>-6.400000095367432</ele><time>2022-06-03T13:36:41Z</time><extensions><gpxtpx:TrackPointExtension><gpxtpx:hr>129</gpxtpx:hr><gpxtpx:cad>89</gpxtpx:cad></gpxtpx:TrackPointExtension></extensions></trkpt><trkpt lat="35.9593247" lon="120.20472959"><ele>-6.28000020980835</ele><time>2022-06-03T13:36:42Z</time><extensions><gpxtpx:TrackPointExtension><gpxtpx:hr>129</gpxtpx:hr><gpxtpx:cad>88</gpxtpx:cad></gpxtpx:TrackPointExtension></extensions></trkpt><trkpt lat="35.95932769" lon="120.20475625"><ele>-6.170000076293945</ele><time>2022-06-03T13:36:43Z</time><extensions><gpxtpx:TrackPointExtension><gpxtpx:hr>129</gpxtpx:hr><gpxtpx:cad>88</gpxtpx:cad></gpxtpx:TrackPointExtension></extensions></trkpt><trkpt lat="35.95933135" lon="120.20478291"><ele>-6.170000076293945</ele><time>2022-06-03T13:36:44Z</time><extensions><gpxtpx:TrackPointExtension><gpxtpx:hr>129</gpxtpx:hr><gpxtpx:cad>88</gpxtpx:cad></gpxtpx:TrackPointExtension></extensions></trkpt><trkpt lat="35.95933501" lon="120.20480957"><ele>-6.070000171661377</ele><time>2022-06-03T13:36:45Z</time><extensions><gpxtpx:TrackPointExtension><gpxtpx:hr>129</gpxtpx:hr><gpxtpx:cad>88</gpxtpx:cad></gpxtpx:TrackPointExtension></extensions></trkpt><trkpt lat="35.95934234" lon="120.20483823"><ele>-6.090000152587891</ele><time>2022-06-03T13:36:46Z</time><extensions><gpxtpx:TrackPointExtension><gpxtpx:hr>129</gpxtpx:hr><gpxtpx:cad>88</gpxtpx:cad></gpxtpx:TrackPointExtension></extensions></trkpt><trkpt lat="35.959351" lon="120.20486722"><ele>-6.0</ele><time>2022-06-03T13:36:47Z</time><extensions><gpxtpx:TrackPointExtension><gpxtpx:hr>129</gpxtpx:hr><gpxtpx:cad>89</gpxtpx:cad></gpxtpx:TrackPointExtension></extensions></trkpt><trkpt lat="35.95936033" lon="120.20489788"><ele>-6.03000020980835</ele><time>2022-06-03T13:36:48Z</time><extensions><gpxtpx:TrackPointExtension><gpxtpx:hr>129</gpxtpx:hr><gpxtpx:cad>88</gpxtpx:cad></gpxtpx:TrackPointExtension></extensions></trkpt><trkpt lat="35.95936866" lon="120.20492821"><ele>-5.960000038146973</ele><time>2022-06-03T13:36:49Z</time><extensions><gpxtpx:TrackPointExtension><gpxtpx:hr>129</gpxtpx:hr><gpxtpx:cad>88</gpxtpx:cad></gpxtpx:TrackPointExtension></extensions></trkpt><trkpt lat="35.95937432" lon="120.20495654"><ele>-5.840000152587891</ele><time>2022-06-03T13:36:50Z</time><extensions><gpxtpx:TrackPointExtension><gpxtpx:hr>128</gpxtpx:hr><gpxtpx:cad>88</gpxtpx:cad></gpxtpx:TrackPointExtension></extensions></trkpt><trkpt lat="35.95937632" lon="120.2049842"><ele>-5.650000095367432</ele><time>2022-06-03T13:36:51Z</time><extensions><gpxtpx:TrackPointExtension><gpxtpx:hr>128</gpxtpx:hr><gpxtpx:cad>88</gpxtpx:cad></gpxtpx:TrackPointExtension></extensions></trkpt><trkpt lat="35.95937831" lon="120.20501453"><ele>-5.590000152587891</ele><time>2022-06-03T13:36:52Z</time><extensions><gpxtpx:TrackPointExtension><gpxtpx:hr>128</gpxtpx:hr><gpxtpx:cad>88</gpxtpx:cad></gpxtpx:TrackPointExtension></extensions></trkpt><trkpt lat="35.9593813" lon="120.20504552"><ele>-5.420000076293945</ele><time>2022-06-03T13:36:53Z</time><extensions><gpxtpx:TrackPointExtension><gpxtpx:hr>129</gpxtpx:hr><gpxtpx:cad>88</gpxtpx:cad></gpxtpx:TrackPointExtension></extensions></trkpt><trkpt lat="35.95938563" lon="120.20507852"><ele>-5.380000114440918</ele><time>2022-06-03T13:36:54Z</time><extensions><gpxtpx:TrackPointExtension><gpxtpx:hr>131</gpxtpx:hr><gpxtpx:cad>88</gpxtpx:cad></gpxtpx:TrackPointExtension></extensions></trkpt><trkpt lat="35.95939063" lon="120.20511152"><ele>-5.320000171661377</ele><time>2022-06-03T13:36:55Z</time><extensions><gpxtpx:TrackPointExtension><gpxtpx:hr>132</gpxtpx:hr><gpxtpx:cad>88</gpxtpx:cad></gpxtpx:TrackPointExtension></extensions></trkpt><trkpt lat="35.95939496" lon="120.20514385"><ele>-5.300000190734863</ele><time>2022-06-03T13:36:56Z</time><extensions><gpxtpx:TrackPointExtension><gpxtpx:hr>132</gpxtpx:hr><gpxtpx:cad>87</gpxtpx:cad></gpxtpx:TrackPointExtension></extensions></trkpt><trkpt lat="35.95939762" lon="120.20517651"><ele>-5.260000228881836</ele><time>2022-06-03T13:36:57Z</time><extensions><gpxtpx:TrackPointExtension><gpxtpx:hr>132</gpxtpx:hr><gpxtpx:cad>88</gpxtpx:cad></gpxtpx:TrackPointExtension></extensions></trkpt><trkpt lat="35.95940028" lon="120.20520951"><ele>-5.25</ele><time>2022-06-03T13:36:58Z</time><extensions><gpxtpx:TrackPointExtension><gpxtpx:hr>132</gpxtpx:hr><gpxtpx:cad>88</gpxtpx:cad></gpxtpx:TrackPointExtension></extensions></trkpt><trkpt lat="35.95940494" lon="120.20524284"><ele>-5.230000019073486</ele><time>2022-06-03T13:36:59Z</time><extensions><gpxtpx:TrackPointExtension><gpxtpx:hr>132</gpxtpx:hr><gpxtpx:cad>89</gpxtpx:cad></gpxtpx:TrackPointExtension></extensions></trkpt><trkpt lat="35.9594106" lon="120.20527484"><ele>-5.190000057220459</ele><time>2022-06-03T13:37:00Z</time><extensions><gpxtpx:TrackPointExtension><gpxtpx:hr>132</gpxtpx:hr><gpxtpx:cad>89</gpxtpx:cad></gpxtpx:TrackPointExtension></extensions></trkpt><trkpt lat="35.95941726" lon="120.20530583"><ele>-5.170000076293945</ele><time>2022-06-03T13:37:01Z</time><extensions><gpxtpx:TrackPointExtension><gpxtpx:hr>132</gpxtpx:hr><gpxtpx:cad>89</gpxtpx:cad></gpxtpx:TrackPointExtension></extensions></trkpt><trkpt lat="35.95942226" lon="120.20533516"><ele>-5.150000095367432</ele><time>2022-06-03T13:37:02Z</time><extensions><gpxtpx:TrackPointExtension><gpxtpx:hr>132</gpxtpx:hr><gpxtpx:cad>88</gpxtpx:cad></gpxtpx:TrackPointExtension></extensions></trkpt><trkpt lat="35.95942525" lon="120.20536382"><ele>-5.170000076293945</ele><time>2022-06-03T13:37:03Z</time><extensions><gpxtpx:TrackPointExtension><gpxtpx:hr>133</gpxtpx:hr><gpxtpx:cad>87</gpxtpx:cad></gpxtpx:TrackPointExtension></extensions></trkpt><trkpt lat="35.95942591" lon="120.20539281"><ele>-5.150000095367432</ele><time>2022-06-03T13:37:04Z</time><extensions><gpxtpx:TrackPointExtension><gpxtpx:hr>133</gpxtpx:hr><gpxtpx:cad>89</gpxtpx:cad></gpxtpx:TrackPointExtension></extensions></trkpt><trkpt lat="35.95942657" lon="120.20542147"><ele>-5.170000076293945</ele><time>2022-06-03T13:37:05Z</time><extensions><gpxtpx:TrackPointExtension><gpxtpx:hr>133</gpxtpx:hr><gpxtpx:cad>89</gpxtpx:cad></gpxtpx:TrackPointExtension></extensions></trkpt><trkpt lat="35.95942391" lon="120.2054508"><ele>-5.070000171661377</ele><time>2022-06-03T13:37:06Z</time><extensions><gpxtpx:TrackPointExtension><gpxtpx:hr>133</gpxtpx:hr><gpxtpx:cad>88</gpxtpx:cad></gpxtpx:TrackPointExtension></extensions></trkpt><trkpt lat="35.95942624" lon="120.20548079"><ele>-5.070000171661377</ele><time>2022-06-03T13:37:07Z</time><extensions><gpxtpx:TrackPointExtension><gpxtpx:hr>132</gpxtpx:hr><gpxtpx:cad>88</gpxtpx:cad></gpxtpx:TrackPointExtension></extensions></trkpt><trkpt lat="35.95942591" lon="120.20550812"><ele>-4.980000019073486</ele><time>2022-06-03T13:37:08Z</time><extensions><gpxtpx:TrackPointExtension><gpxtpx:hr>133</gpxtpx:hr><gpxtpx:cad>88</gpxtpx:cad></gpxtpx:TrackPointExtension></extensions></trkpt><trkpt lat="35.95942358" lon="120.20553512"><ele>-4.880000114440918</ele><time>2022-06-03T13:37:09Z</time><extensions><gpxtpx:TrackPointExtension><gpxtpx:hr>134</gpxtpx:hr><gpxtpx:cad>88</gpxtpx:cad></gpxtpx:TrackPointExtension></extensions></trkpt><trkpt lat="35.95942159" lon="120.20556078"><ele>-4.760000228881836</ele><time>2022-06-03T13:37:10Z</time><extensions><gpxtpx:TrackPointExtension><gpxtpx:hr>134</gpxtpx:hr><gpxtpx:cad>88</gpxtpx:cad></gpxtpx:TrackPointExtension></extensions></trkpt><trkpt lat="35.95941959" lon="120.20558744"><ele>-4.710000038146973</ele><time>2022-06-03T13:37:11Z</time><extensions><gpxtpx:TrackPointExtension><gpxtpx:hr>134</gpxtpx:hr><gpxtpx:cad>88</gpxtpx:cad></gpxtpx:TrackPointExtension></extensions></trkpt><trkpt lat="35.95942425" lon="120.2056141"><ele>-4.610000133514404</ele><time>2022-06-03T13:37:12Z</time><extensions><gpxtpx:TrackPointExtension><gpxtpx:hr>134</gpxtpx:hr><gpxtpx:cad>88</gpxtpx:cad></gpxtpx:TrackPointExtension></extensions></trkpt><trkpt lat="35.95943391" lon="120.20564143"><ele>-4.550000190734863</ele><time>2022-06-03T13:37:13Z</time><extensions><gpxtpx:TrackPointExtension><gpxtpx:hr>134</gpxtpx:hr><gpxtpx:cad>87</gpxtpx:cad></gpxtpx:TrackPointExtension></extensions></trkpt><trkpt lat="35.95943891" lon="120.20566743"><ele>-4.480000019073486</ele><time>2022-06-03T13:37:14Z</time><extensions><gpxtpx:TrackPointExtension><gpxtpx:hr>134</gpxtpx:hr><gpxtpx:cad>88</gpxtpx:cad></gpxtpx:TrackPointExtension></extensions></trkpt><trkpt lat="35.9594429" lon="120.20569242"><ele>-4.400000095367432</ele><time>2022-06-03T13:37:15Z</time><extensions><gpxtpx:TrackPointExtension><gpxtpx:hr>134</gpxtpx:hr><gpxtpx:cad>88</gpxtpx:cad></gpxtpx:TrackPointExtension></extensions></trkpt><trkpt lat="35.95944823" lon="120.20571808"><ele>-4.340000152587891</ele><time>2022-06-03T13:37:16Z</time><extensions><gpxtpx:TrackPointExtension><gpxtpx:hr>135</gpxtpx:hr><gpxtpx:cad>88</gpxtpx:cad></gpxtpx:TrackPointExtension></extensions></trkpt><trkpt lat="35.95945489" lon="120.20574507"><ele>-4.300000190734863</ele><time>2022-06-03T13:37:17Z</time><extensions><gpxtpx:TrackPointExtension><gpxtpx:hr>135</gpxtpx:hr><gpxtpx:cad>88</gpxtpx:cad></gpxtpx:TrackPointExtension></extensions></trkpt><trkpt lat="35.95946155" lon="120.20577307"><ele>-4.25</ele><time>2022-06-03T13:37:18Z</time><extensions><gpxtpx:TrackPointExtension><gpxtpx:hr>135</gpxtpx:hr><gpxtpx:cad>88</gpxtpx:cad></gpxtpx:TrackPointExtension></extensions></trkpt><trkpt lat="35.95947121" lon="120.20580173"><ele>-4.150000095367432</ele><time>2022-06-03T13:37:19Z</time><extensions><gpxtpx:TrackPointExtension><gpxtpx:hr>134</gpxtpx:hr><gpxtpx:cad>88</gpxtpx:cad></gpxtpx:TrackPointExtension></extensions></trkpt><trkpt lat="35.95948121" lon="120.20583073"><ele>-4.070000171661377</ele><time>2022-06-03T13:37:20Z</time><extensions><gpxtpx:TrackPointExtension><gpxtpx:hr>134</gpxtpx:hr><gpxtpx:cad>88</gpxtpx:cad></gpxtpx:TrackPointExtension></extensions></trkpt><trkpt lat="35.9594902" lon="120.20586072"><ele>-3.990000009536743</ele><time>2022-06-03T13:37:21Z</time><extensions><gpxtpx:TrackPointExtension><gpxtpx:hr>134</gpxtpx:hr><gpxtpx:cad>88</gpxtpx:cad></gpxtpx:TrackPointExtension></extensions></trkpt><trkpt lat="35.95949753" lon="120.20589171"><ele>-3.9100000858306885</ele><time>2022-06-03T13:37:22Z</time><extensions><gpxtpx:TrackPointExtension><gpxtpx:hr>135</gpxtpx:hr><gpxtpx:cad>88</gpxtpx:cad></gpxtpx:TrackPointExtension></extensions></trkpt><trkpt lat="35.95950286" lon="120.20592237"><ele>-3.819999933242798</ele><time>2022-06-03T13:37:23Z</time><extensions><gpxtpx:TrackPointExtension><gpxtpx:hr>135</gpxtpx:hr></gpxtpx:TrackPointExtension></extensions></trkpt><trkpt lat="35.95950752" lon="120.20595336"><ele>-3.819999933242798</ele><time>2022-06-03T13:37:24Z</time><extensions><gpxtpx:TrackPointExtension><gpxtpx:hr>135</gpxtpx:hr><gpxtpx:cad>88</gpxtpx:cad></gpxtpx:TrackPointExtension></extensions></trkpt><trkpt lat="35.95951351" lon="120.20598469"><ele>-3.7799999713897705</ele><time>2022-06-03T13:37:25Z</time><extensions><gpxtpx:TrackPointExtension><gpxtpx:hr>135</gpxtpx:hr><gpxtpx:cad>88</gpxtpx:cad></gpxtpx:TrackPointExtension></extensions></trkpt><trkpt lat="35.95951917" lon="120.20601602"><ele>-3.890000104904175</ele><time>2022-06-03T13:37:26Z</time><extensions><gpxtpx:TrackPointExtension><gpxtpx:hr>135</gpxtpx:hr><gpxtpx:cad>88</gpxtpx:cad></gpxtpx:TrackPointExtension></extensions></trkpt><trkpt lat="35.9595245" lon="120.20604768"><ele>-3.8299999237060547</ele><time>2022-06-03T13:37:27Z</time><extensions><gpxtpx:TrackPointExtension><gpxtpx:hr>135</gpxtpx:hr></gpxtpx:TrackPointExtension></extensions></trkpt><trkpt lat="35.95952983" lon="120.20607868"><ele>-3.930000066757202</ele><time>2022-06-03T13:37:28Z</time><extensions><gpxtpx:TrackPointExtension><gpxtpx:hr>135</gpxtpx:hr><gpxtpx:cad>88</gpxtpx:cad></gpxtpx:TrackPointExtension></extensions></trkpt><trkpt lat="35.95953549" lon="120.20610967"><ele>-3.890000104904175</ele><time>2022-06-03T13:37:29Z</time><extensions><gpxtpx:TrackPointExtension><gpxtpx:hr>135</gpxtpx:hr><gpxtpx:cad>87</gpxtpx:cad></gpxtpx:TrackPointExtension></extensions></trkpt><trkpt lat="35.95954315" lon="120.20614167"><ele>-3.930000066757202</ele><time>2022-06-03T13:37:30Z</time><extensions><gpxtpx:TrackPointExtension><gpxtpx:hr>135</gpxtpx:hr><gpxtpx:cad>88</gpxtpx:cad></gpxtpx:TrackPointExtension></extensions></trkpt><trkpt lat="35.95955281" lon="120.206173"><ele>-3.9200000762939453</ele><time>2022-06-03T13:37:31Z</time><extensions><gpxtpx:TrackPointExtension><gpxtpx:hr>135</gpxtpx:hr><gpxtpx:cad>88</gpxtpx:cad></gpxtpx:TrackPointExtension></extensions></trkpt><trkpt lat="35.95956381" lon="120.206205"><ele>-3.940000057220459</ele><time>2022-06-03T13:37:32Z</time><extensions><gpxtpx:TrackPointExtension><gpxtpx:hr>135</gpxtpx:hr><gpxtpx:cad>88</gpxtpx:cad></gpxtpx:TrackPointExtension></extensions></trkpt><trkpt lat="35.95957747" lon="120.20623733"><ele>-3.9200000762939453</ele><time>2022-06-03T13:37:33Z</time><extensions><gpxtpx:TrackPointExtension><gpxtpx:hr>135</gpxtpx:hr><gpxtpx:cad>88</gpxtpx:cad></gpxtpx:TrackPointExtension></extensions></trkpt><trkpt lat="35.95958847" lon="120.20626966"><ele>-3.940000057220459</ele><time>2022-06-03T13:37:34Z</time><extensions><gpxtpx:TrackPointExtension><gpxtpx:hr>135</gpxtpx:hr><gpxtpx:cad>88</gpxtpx:cad></gpxtpx:TrackPointExtension></extensions></trkpt><trkpt lat="35.95959947" lon="120.20630132"><ele>-3.930000066757202</ele><time>2022-06-03T13:37:35Z</time><extensions><gpxtpx:TrackPointExtension><gpxtpx:hr>135</gpxtpx:hr><gpxtpx:cad>88</gpxtpx:cad></gpxtpx:TrackPointExtension></extensions></trkpt><trkpt lat="35.95960913" lon="120.20633265"><ele>-3.950000047683716</ele><time>2022-06-03T13:37:36Z</time><extensions><gpxtpx:TrackPointExtension><gpxtpx:hr>135</gpxtpx:hr><gpxtpx:cad>88</gpxtpx:cad></gpxtpx:TrackPointExtension></extensions></trkpt><trkpt lat="35.95961779" lon="120.20636431"><ele>-3.880000114440918</ele><time>2022-06-03T13:37:37Z</time><extensions><gpxtpx:TrackPointExtension><gpxtpx:hr>136</gpxtpx:hr><gpxtpx:cad>88</gpxtpx:cad></gpxtpx:TrackPointExtension></extensions></trkpt><trkpt lat="35.95962612" lon="120.20639531"><ele>-3.8499999046325684</ele><time>2022-06-03T13:37:38Z</time><extensions><gpxtpx:TrackPointExtension><gpxtpx:hr>136</gpxtpx:hr><gpxtpx:cad>87</gpxtpx:cad></gpxtpx:TrackPointExtension></extensions></trkpt><trkpt lat="35.95962712" lon="120.20642364"><ele>-3.809999942779541</ele><time>2022-06-03T13:37:39Z</time><extensions><gpxtpx:TrackPointExtension><gpxtpx:hr>136</gpxtpx:hr><gpxtpx:cad>88</gpxtpx:cad></gpxtpx:TrackPointExtension></extensions></trkpt><trkpt lat="35.95962379" lon="120.2064483"><ele>-3.7699999809265137</ele><time>2022-06-03T13:37:40Z</time><extensions><gpxtpx:TrackPointExtension><gpxtpx:hr>138</gpxtpx:hr><gpxtpx:cad>87</gpxtpx:cad></gpxtpx:TrackPointExtension></extensions></trkpt><trkpt lat="35.95962213" lon="120.2064703"><ele>-3.75</ele><time>2022-06-03T13:37:41Z</time><extensions><gpxtpx:TrackPointExtension><gpxtpx:hr>139</gpxtpx:hr><gpxtpx:cad>87</gpxtpx:cad></gpxtpx:TrackPointExtension></extensions></trkpt><trkpt lat="35.95961947" lon="120.20648896"><ele>-3.75</ele><time>2022-06-03T13:37:42Z</time><extensions><gpxtpx:TrackPointExtension><gpxtpx:hr>139</gpxtpx:hr><gpxtpx:cad>87</gpxtpx:cad></gpxtpx:TrackPointExtension></extensions></trkpt><trkpt lat="35.95961814" lon="120.20650695"><ele>-3.7799999713897705</ele><time>2022-06-03T13:37:43Z</time><extensions><gpxtpx:TrackPointExtension><gpxtpx:hr>140</gpxtpx:hr><gpxtpx:cad>87</gpxtpx:cad></gpxtpx:TrackPointExtension></extensions></trkpt><trkpt lat="35.95961614" lon="120.20652394"><ele>-3.809999942779541</ele><time>2022-06-03T13:37:44Z</time><extensions><gpxtpx:TrackPointExtension><gpxtpx:hr>141</gpxtpx:hr><gpxtpx:cad>87</gpxtpx:cad></gpxtpx:TrackPointExtension></extensions></trkpt><trkpt lat="35.95961548" lon="120.20653927"><ele>-3.8399999141693115</ele><time>2022-06-03T13:37:45Z</time><extensions><gpxtpx:TrackPointExtension><gpxtpx:hr>141</gpxtpx:hr><gpxtpx:cad>87</gpxtpx:cad></gpxtpx:TrackPointExtension></extensions></trkpt><trkpt lat="35.95961382" lon="120.20655393"><ele>-3.880000114440918</ele><time>2022-06-03T13:37:46Z</time><extensions><gpxtpx:TrackPointExtension><gpxtpx:hr>141</gpxtpx:hr><gpxtpx:cad>87</gpxtpx:cad></gpxtpx:TrackPointExtension></extensions></trkpt><trkpt lat="35.95961182" lon="120.20656793"><ele>-3.9100000858306885</ele><time>2022-06-03T13:37:47Z</time><extensions><gpxtpx:TrackPointExtension><gpxtpx:hr>141</gpxtpx:hr><gpxtpx:cad>87</gpxtpx:cad></gpxtpx:TrackPointExtension></extensions></trkpt><trkpt lat="35.95960716" lon="120.20658126"><ele>-3.930000066757202</ele><time>2022-06-03T13:37:48Z</time><extensions><gpxtpx:TrackPointExtension><gpxtpx:hr>141</gpxtpx:hr><gpxtpx:cad>87</gpxtpx:cad></gpxtpx:TrackPointExtension></extensions></trkpt><trkpt lat="35.95960016" lon="120.20659292"><ele>-3.950000047683716</ele><time>2022-06-03T13:37:49Z</time><extensions><gpxtpx:TrackPointExtension><gpxtpx:hr>141</gpxtpx:hr><gpxtpx:cad>87</gpxtpx:cad></gpxtpx:TrackPointExtension></extensions></trkpt><trkpt lat="35.95958483" lon="120.20660325"><ele>-3.9600000381469727</ele><time>2022-06-03T13:37:50Z</time><extensions><gpxtpx:TrackPointExtension><gpxtpx:hr>140</gpxtpx:hr><gpxtpx:cad>87</gpxtpx:cad></gpxtpx:TrackPointExtension></extensions></trkpt><trkpt lat="35.95956817" lon="120.20661358"><ele>-3.9700000286102295</ele><time>2022-06-03T13:37:51Z</time><extensions><gpxtpx:TrackPointExtension><gpxtpx:hr>138</gpxtpx:hr><gpxtpx:cad>87</gpxtpx:cad></gpxtpx:TrackPointExtension></extensions></trkpt><trkpt lat="35.95955084" lon="120.20662291"><ele>-3.950000047683716</ele><time>2022-06-03T13:37:52Z</time><extensions><gpxtpx:TrackPointExtension><gpxtpx:hr>137</gpxtpx:hr><gpxtpx:cad>87</gpxtpx:cad></gpxtpx:TrackPointExtension></extensions></trkpt><trkpt lat="35.95953385" lon="120.20663024"><ele>-3.940000057220459</ele><time>2022-06-03T13:37:53Z</time><extensions><gpxtpx:TrackPointExtension><gpxtpx:hr>137</gpxtpx:hr><gpxtpx:cad>87</gpxtpx:cad></gpxtpx:TrackPointExtension></extensions></trkpt><trkpt lat="35.95951585" lon="120.2066369"><ele>-3.9200000762939453</ele><time>2022-06-03T13:37:54Z</time><extensions><gpxtpx:TrackPointExtension><gpxtpx:hr>137</gpxtpx:hr><gpxtpx:cad>87</gpxtpx:cad></gpxtpx:TrackPointExtension></extensions></trkpt><trkpt lat="35.95949619" lon="120.20664356"><ele>-3.9100000858306885</ele><time>2022-06-03T13:37:55Z</time><extensions><gpxtpx:TrackPointExtension><gpxtpx:hr>137</gpxtpx:hr><gpxtpx:cad>87</gpxtpx:cad></gpxtpx:TrackPointExtension></extensions></trkpt><trkpt lat="35.95947586" lon="120.20665055"><ele>-3.950000047683716</ele><time>2022-06-03T13:37:56Z</time><extensions><gpxtpx:TrackPointExtension><gpxtpx:hr>137</gpxtpx:hr><gpxtpx:cad>87</gpxtpx:cad></gpxtpx:TrackPointExtension></extensions></trkpt><trkpt lat="35.95945386" lon="120.20665821"><ele>-4.03000020980835</ele><time>2022-06-03T13:37:57Z</time><extensions><gpxtpx:TrackPointExtension><gpxtpx:hr>137</gpxtpx:hr><gpxtpx:cad>87</gpxtpx:cad></gpxtpx:TrackPointExtension></extensions></trkpt><trkpt lat="35.95943153" lon="120.2066672"><ele>-4.090000152587891</ele><time>2022-06-03T13:37:58Z</time><extensions><gpxtpx:TrackPointExtension><gpxtpx:hr>137</gpxtpx:hr><gpxtpx:cad>87</gpxtpx:cad></gpxtpx:TrackPointExtension></extensions></trkpt><trkpt lat="35.95941087" lon="120.20667586"><ele>-4.150000095367432</ele><time>2022-06-03T13:37:59Z</time><extensions><gpxtpx:TrackPointExtension><gpxtpx:hr>137</gpxtpx:hr><gpxtpx:cad>87</gpxtpx:cad></gpxtpx:TrackPointExtension></extensions></trkpt><trkpt lat="35.95938954" lon="120.20668919"><ele>-4.210000038146973</ele><time>2022-06-03T13:38:00Z</time><extensions><gpxtpx:TrackPointExtension><gpxtpx:hr>138</gpxtpx:hr><gpxtpx:cad>87</gpxtpx:cad></gpxtpx:TrackPointExtension></extensions></trkpt><trkpt lat="35.95936855" lon="120.20670285"><ele>-4.25</ele><time>2022-06-03T13:38:01Z</time><extensions><gpxtpx:TrackPointExtension><gpxtpx:hr>138</gpxtpx:hr><gpxtpx:cad>87</gpxtpx:cad></gpxtpx:TrackPointExtension></extensions></trkpt><trkpt lat="35.95934989" lon="120.20671618"><ele>-4.230000019073486</ele><time>2022-06-03T13:38:02Z</time><extensions><gpxtpx:TrackPointExtension><gpxtpx:hr>138</gpxtpx:hr><gpxtpx:cad>87</gpxtpx:cad></gpxtpx:TrackPointExtension></extensions></trkpt><trkpt lat="35.95933156" lon="120.20672884"><ele>-4.210000038146973</ele><time>2022-06-03T13:38:03Z</time><extensions><gpxtpx:TrackPointExtension><gpxtpx:hr>141</gpxtpx:hr><gpxtpx:cad>88</gpxtpx:cad></gpxtpx:TrackPointExtension></extensions></trkpt><trkpt lat="35.95931423" lon="120.20674083"><ele>-4.150000095367432</ele><time>2022-06-03T13:38:04Z</time><extensions><gpxtpx:TrackPointExtension><gpxtpx:hr>144</gpxtpx:hr><gpxtpx:cad>88</gpxtpx:cad></gpxtpx:TrackPointExtension></extensions></trkpt><trkpt lat="35.95929724" lon="120.20675149"><ele>-4.210000038146973</ele><time>2022-06-03T13:38:05Z</time><extensions><gpxtpx:TrackPointExtension><gpxtpx:hr>146</gpxtpx:hr><gpxtpx:cad>88</gpxtpx:cad></gpxtpx:TrackPointExtension></extensions></trkpt><trkpt lat="35.95927825" lon="120.20676482"><ele>-4.170000076293945</ele><time>2022-06-03T13:38:06Z</time><extensions><gpxtpx:TrackPointExtension><gpxtpx:hr>149</gpxtpx:hr><gpxtpx:cad>88</gpxtpx:cad></gpxtpx:TrackPointExtension></extensions></trkpt><trkpt lat="35.95925725" lon="120.20678015"><ele>-4.300000190734863</ele><time>2022-06-03T13:38:07Z</time><extensions><gpxtpx:TrackPointExtension><gpxtpx:hr>150</gpxtpx:hr><gpxtpx:cad>88</gpxtpx:cad></gpxtpx:TrackPointExtension></extensions></trkpt><trkpt lat="35.95923525" lon="120.20679381"><ele>-4.260000228881836</ele><time>2022-06-03T13:38:08Z</time><extensions><gpxtpx:TrackPointExtension><gpxtpx:hr>152</gpxtpx:hr><gpxtpx:cad>88</gpxtpx:cad></gpxtpx:TrackPointExtension></extensions></trkpt><trkpt lat="35.95921259" lon="120.2068058"><ele>-4.420000076293945</ele><time>2022-06-03T13:38:09Z</time><extensions><gpxtpx:TrackPointExtension><gpxtpx:hr>155</gpxtpx:hr><gpxtpx:cad>88</gpxtpx:cad></gpxtpx:TrackPointExtension></extensions></trkpt><trkpt lat="35.95918793" lon="120.20681479"><ele>-4.420000076293945</ele><time>2022-06-03T13:38:10Z</time><extensions><gpxtpx:TrackPointExtension><gpxtpx:hr>157</gpxtpx:hr><gpxtpx:cad>88</gpxtpx:cad></gpxtpx:TrackPointExtension></extensions></trkpt><trkpt lat="35.95916427" lon="120.20682312"><ele>-4.710000038146973</ele><time>2022-06-03T13:38:11Z</time><extensions><gpxtpx:TrackPointExtension><gpxtpx:hr>158</gpxtpx:hr><gpxtpx:cad>89</gpxtpx:cad></gpxtpx:TrackPointExtension></extensions></trkpt><trkpt lat="35.95914028" lon="120.20683245"><ele>-4.880000114440918</ele><time>2022-06-03T13:38:12Z</time><extensions><gpxtpx:TrackPointExtension><gpxtpx:hr>159</gpxtpx:hr><gpxtpx:cad>89</gpxtpx:cad></gpxtpx:TrackPointExtension></extensions></trkpt><trkpt lat="35.95911662" lon="120.20684011"><ele>-5.110000133514404</ele><time>2022-06-03T13:38:13Z</time><extensions><gpxtpx:TrackPointExtension><gpxtpx:hr>161</gpxtpx:hr><gpxtpx:cad>89</gpxtpx:cad></gpxtpx:TrackPointExtension></extensions></trkpt><trkpt lat="35.95909396" lon="120.20684777"><ele>-5.260000228881836</ele><time>2022-06-03T13:38:14Z</time><extensions><gpxtpx:TrackPointExtension><gpxtpx:hr>162</gpxtpx:hr><gpxtpx:cad>88</gpxtpx:cad></gpxtpx:TrackPointExtension></extensions></trkpt><trkpt lat="35.95907163" lon="120.2068571"><ele>-5.440000057220459</ele><time>2022-06-03T13:38:15Z</time><extensions><gpxtpx:TrackPointExtension><gpxtpx:hr>165</gpxtpx:hr><gpxtpx:cad>88</gpxtpx:cad></gpxtpx:TrackPointExtension></extensions></trkpt><trkpt lat="35.9590483" lon="120.20686943"><ele>-5.690000057220459</ele><time>2022-06-03T13:38:16Z</time><extensions><gpxtpx:TrackPointExtension><gpxtpx:hr>171</gpxtpx:hr><gpxtpx:cad>88</gpxtpx:cad></gpxtpx:TrackPointExtension></extensions></trkpt><trkpt lat="35.95902497" lon="120.20688176"><ele>-5.920000076293945</ele><time>2022-06-03T13:38:17Z</time><extensions><gpxtpx:TrackPointExtension><gpxtpx:hr>174</gpxtpx:hr><gpxtpx:cad>88</gpxtpx:cad></gpxtpx:TrackPointExtension></extensions></trkpt><trkpt lat="35.95900297" lon="120.20689375"><ele>-6.070000171661377</ele><time>2022-06-03T13:38:18Z</time><extensions><gpxtpx:TrackPointExtension><gpxtpx:hr>176</gpxtpx:hr><gpxtpx:cad>88</gpxtpx:cad></gpxtpx:TrackPointExtension></extensions></trkpt><trkpt lat="35.95898097" lon="120.20690675"><ele>-6.230000019073486</ele><time>2022-06-03T13:38:19Z</time><extensions><gpxtpx:TrackPointExtension><gpxtpx:hr>178</gpxtpx:hr><gpxtpx:cad>89</gpxtpx:cad></gpxtpx:TrackPointExtension></extensions></trkpt><trkpt lat="35.95895831" lon="120.20691808"><ele>-6.340000152587891</ele><time>2022-06-03T13:38:20Z</time><extensions><gpxtpx:TrackPointExtension><gpxtpx:hr>179</gpxtpx:hr><gpxtpx:cad>89</gpxtpx:cad></gpxtpx:TrackPointExtension></extensions></trkpt><trkpt lat="35.95893631" lon="120.20693007"><ele>-6.460000038146973</ele><time>2022-06-03T13:38:21Z</time><extensions><gpxtpx:TrackPointExtension><gpxtpx:hr>179</gpxtpx:hr><gpxtpx:cad>89</gpxtpx:cad></gpxtpx:TrackPointExtension></extensions></trkpt><trkpt lat="35.95891398" lon="120.20694073"><ele>-6.510000228881836</ele><time>2022-06-03T13:38:22Z</time><extensions><gpxtpx:TrackPointExtension><gpxtpx:hr>179</gpxtpx:hr><gpxtpx:cad>88</gpxtpx:cad></gpxtpx:TrackPointExtension></extensions></trkpt><trkpt lat="35.95889332" lon="120.20695139"><ele>-6.610000133514404</ele><time>2022-06-03T13:38:23Z</time><extensions><gpxtpx:TrackPointExtension><gpxtpx:hr>179</gpxtpx:hr><gpxtpx:cad>88</gpxtpx:cad></gpxtpx:TrackPointExtension></extensions></trkpt><trkpt lat="35.95887066" lon="120.20695705"><ele>-6.610000133514404</ele><time>2022-06-03T13:38:24Z</time><extensions><gpxtpx:TrackPointExtension><gpxtpx:hr>179</gpxtpx:hr><gpxtpx:cad>88</gpxtpx:cad></gpxtpx:TrackPointExtension></extensions></trkpt><trkpt lat="35.95884767" lon="120.20696038"><ele>-6.570000171661377</ele><time>2022-06-03T13:38:25Z</time><extensions><gpxtpx:TrackPointExtension><gpxtpx:hr>179</gpxtpx:hr><gpxtpx:cad>88</gpxtpx:cad></gpxtpx:TrackPointExtension></extensions></trkpt><trkpt lat="35.95882301" lon="120.20696204"><ele>-6.510000228881836</ele><time>2022-06-03T13:38:26Z</time><extensions><gpxtpx:TrackPointExtension><gpxtpx:hr>177</gpxtpx:hr><gpxtpx:cad>89</gpxtpx:cad></gpxtpx:TrackPointExtension></extensions></trkpt><trkpt lat="35.95879868" lon="120.20696403"><ele>-6.440000057220459</ele><time>2022-06-03T13:38:27Z</time><extensions><gpxtpx:TrackPointExtension><gpxtpx:hr>176</gpxtpx:hr><gpxtpx:cad>89</gpxtpx:cad></gpxtpx:TrackPointExtension></extensions></trkpt><trkpt lat="35.95877535" lon="120.20696636"><ele>-6.380000114440918</ele><time>2022-06-03T13:38:28Z</time><extensions><gpxtpx:TrackPointExtension><gpxtpx:hr>177</gpxtpx:hr><gpxtpx:cad>89</gpxtpx:cad></gpxtpx:TrackPointExtension></extensions></trkpt><trkpt lat="35.95875302" lon="120.20697036"><ele>-6.210000038146973</ele><time>2022-06-03T13:38:29Z</time><extensions><gpxtpx:TrackPointExtension><gpxtpx:hr>177</gpxtpx:hr><gpxtpx:cad>89</gpxtpx:cad></gpxtpx:TrackPointExtension></extensions></trkpt><trkpt lat="35.95872869" lon="120.20697302"><ele>-6.070000171661377</ele><time>2022-06-03T13:38:30Z</time><extensions><gpxtpx:TrackPointExtension><gpxtpx:hr>177</gpxtpx:hr><gpxtpx:cad>88</gpxtpx:cad></gpxtpx:TrackPointExtension></extensions></trkpt><trkpt lat="35.95870303" lon="120.20697868"><ele>-5.860000133514404</ele><time>2022-06-03T13:38:31Z</time><extensions><gpxtpx:TrackPointExtension><gpxtpx:hr>177</gpxtpx:hr><gpxtpx:cad>88</gpxtpx:cad></gpxtpx:TrackPointExtension></extensions></trkpt><trkpt lat="35.9586767" lon="120.20698634"><ele>-6.170000076293945</ele><time>2022-06-03T13:38:32Z</time><extensions><gpxtpx:TrackPointExtension><gpxtpx:hr>177</gpxtpx:hr><gpxtpx:cad>88</gpxtpx:cad></gpxtpx:TrackPointExtension></extensions></trkpt><trkpt lat="35.95865004" lon="120.20699467"><ele>-6.460000038146973</ele><time>2022-06-03T13:38:33Z</time><extensions><gpxtpx:TrackPointExtension><gpxtpx:hr>176</gpxtpx:hr><gpxtpx:cad>89</gpxtpx:cad></gpxtpx:TrackPointExtension></extensions></trkpt><trkpt lat="35.95862305" lon="120.207003"><ele>-6.960000038146973</ele><time>2022-06-03T13:38:34Z</time><extensions><gpxtpx:TrackPointExtension><gpxtpx:hr>173</gpxtpx:hr><gpxtpx:cad>88</gpxtpx:cad></gpxtpx:TrackPointExtension></extensions></trkpt><trkpt lat="35.95859605" lon="120.207012"><ele>-7.230000019073486</ele><time>2022-06-03T13:38:35Z</time><extensions><gpxtpx:TrackPointExtension><gpxtpx:hr>172</gpxtpx:hr><gpxtpx:cad>88</gpxtpx:cad></gpxtpx:TrackPointExtension></extensions></trkpt><trkpt lat="35.95856939" lon="120.20702133"><ele>-7.650000095367432</ele><time>2022-06-03T13:38:36Z</time><extensions><gpxtpx:TrackPointExtension><gpxtpx:hr>176</gpxtpx:hr><gpxtpx:cad>88</gpxtpx:cad></gpxtpx:TrackPointExtension></extensions></trkpt><trkpt lat="35.95854306" lon="120.20702999"><ele>-7.820000171661377</ele><time>2022-06-03T13:38:37Z</time><extensions><gpxtpx:TrackPointExtension><gpxtpx:hr>181</gpxtpx:hr><gpxtpx:cad>88</gpxtpx:cad></gpxtpx:TrackPointExtension></extensions></trkpt><trkpt lat="35.95851707" lon="120.20703998"><ele>-8.180000305175781</ele><time>2022-06-03T13:38:38Z</time><extensions><gpxtpx:TrackPointExtension><gpxtpx:hr>182</gpxtpx:hr><gpxtpx:cad>88</gpxtpx:cad></gpxtpx:TrackPointExtension></extensions></trkpt><trkpt lat="35.95849108" lon="120.20704931"><ele>-8.390000343322754</ele><time>2022-06-03T13:38:39Z</time><extensions><gpxtpx:TrackPointExtension><gpxtpx:hr>180</gpxtpx:hr><gpxtpx:cad>88</gpxtpx:cad></gpxtpx:TrackPointExtension></extensions></trkpt><trkpt lat="35.95846308" lon="120.20705997"><ele>-8.729999542236328</ele><time>2022-06-03T13:38:40Z</time><extensions><gpxtpx:TrackPointExtension><gpxtpx:hr>179</gpxtpx:hr><gpxtpx:cad>88</gpxtpx:cad></gpxtpx:TrackPointExtension></extensions></trkpt><trkpt lat="35.95843709" lon="120.20706997"><ele>-8.729999542236328</ele><time>2022-06-03T13:38:41Z</time><extensions><gpxtpx:TrackPointExtension><gpxtpx:hr>178</gpxtpx:hr><gpxtpx:cad>88</gpxtpx:cad></gpxtpx:TrackPointExtension></extensions></trkpt><trkpt lat="35.95841143" lon="120.20707896"><ele>-9.210000038146973</ele><time>2022-06-03T13:38:42Z</time><extensions><gpxtpx:TrackPointExtension><gpxtpx:hr>178</gpxtpx:hr><gpxtpx:cad>87</gpxtpx:cad></gpxtpx:TrackPointExtension></extensions></trkpt><trkpt lat="35.9583861" lon="120.20708929"><ele>-9.399999618530273</ele><time>2022-06-03T13:38:43Z</time><extensions><gpxtpx:TrackPointExtension><gpxtpx:hr>176</gpxtpx:hr><gpxtpx:cad>87</gpxtpx:cad></gpxtpx:TrackPointExtension></extensions></trkpt><trkpt lat="35.95836077" lon="120.20709995"><ele>-9.569999694824219</ele><time>2022-06-03T13:38:44Z</time><extensions><gpxtpx:TrackPointExtension><gpxtpx:hr>176</gpxtpx:hr><gpxtpx:cad>88</gpxtpx:cad></gpxtpx:TrackPointExtension></extensions></trkpt><trkpt lat="35.95833511" lon="120.20710928"><ele>-9.710000038146973</ele><time>2022-06-03T13:38:45Z</time><extensions><gpxtpx:TrackPointExtension><gpxtpx:hr>177</gpxtpx:hr><gpxtpx:cad>88</gpxtpx:cad></gpxtpx:TrackPointExtension></extensions></trkpt><trkpt lat="35.95831045" lon="120.20711727"><ele>-9.819999694824219</ele><time>2022-06-03T13:38:46Z</time><extensions><gpxtpx:TrackPointExtension><gpxtpx:hr>177</gpxtpx:hr><gpxtpx:cad>88</gpxtpx:cad></gpxtpx:TrackPointExtension></extensions></trkpt><trkpt lat="35.95828479" lon="120.20712393"><ele>-9.920000076293945</ele><time>2022-06-03T13:38:47Z</time><extensions><gpxtpx:TrackPointExtension><gpxtpx:hr>177</gpxtpx:hr><gpxtpx:cad>88</gpxtpx:cad></gpxtpx:TrackPointExtension></extensions></trkpt><trkpt lat="35.95825779" lon="120.20713093"><ele>-10.0</ele><time>2022-06-03T13:38:48Z</time><extensions><gpxtpx:TrackPointExtension><gpxtpx:hr>177</gpxtpx:hr><gpxtpx:cad>88</gpxtpx:cad></gpxtpx:TrackPointExtension></extensions></trkpt><trkpt lat="35.95822979" lon="120.20713492"><ele>-10.0600004196167</ele><time>2022-06-03T13:38:49Z</time><extensions><gpxtpx:TrackPointExtension><gpxtpx:hr>178</gpxtpx:hr><gpxtpx:cad>88</gpxtpx:cad></gpxtpx:TrackPointExtension></extensions></trkpt><trkpt lat="35.95820246" lon="120.20713792"><ele>-10.109999656677246</ele><time>2022-06-03T13:38:50Z</time><extensions><gpxtpx:TrackPointExtension><gpxtpx:hr>179</gpxtpx:hr><gpxtpx:cad>88</gpxtpx:cad></gpxtpx:TrackPointExtension></extensions></trkpt><trkpt lat="35.95817446" lon="120.20713958"><ele>-10.1899995803833</ele><time>2022-06-03T13:38:51Z</time><extensions><gpxtpx:TrackPointExtension><gpxtpx:hr>180</gpxtpx:hr><gpxtpx:cad>88</gpxtpx:cad></gpxtpx:TrackPointExtension></extensions></trkpt><trkpt lat="35.95814646" lon="120.20714358"><ele>-10.279999732971191</ele><time>2022-06-03T13:38:52Z</time><extensions><gpxtpx:TrackPointExtension><gpxtpx:hr>181</gpxtpx:hr><gpxtpx:cad>88</gpxtpx:cad></gpxtpx:TrackPointExtension></extensions></trkpt><trkpt lat="35.95811747" lon="120.20714624"><ele>-10.430000305175781</ele><time>2022-06-03T13:38:53Z</time><extensions><gpxtpx:TrackPointExtension><gpxtpx:hr>182</gpxtpx:hr><gpxtpx:cad>88</gpxtpx:cad></gpxtpx:TrackPointExtension></extensions></trkpt><trkpt lat="35.95808914" lon="120.2071489"><ele>-10.5600004196167</ele><time>2022-06-03T13:38:54Z</time><extensions><gpxtpx:TrackPointExtension><gpxtpx:hr>181</gpxtpx:hr><gpxtpx:cad>88</gpxtpx:cad></gpxtpx:TrackPointExtension></extensions></trkpt><trkpt lat="35.95806181" lon="120.20715323"><ele>-10.670000076293945</ele><time>2022-06-03T13:38:55Z</time><extensions><gpxtpx:TrackPointExtension><gpxtpx:hr>181</gpxtpx:hr><gpxtpx:cad>88</gpxtpx:cad></gpxtpx:TrackPointExtension></extensions></trkpt><trkpt lat="35.95803582" lon="120.20715856"><ele>-10.770000457763672</ele><time>2022-06-03T13:38:56Z</time><extensions><gpxtpx:TrackPointExtension><gpxtpx:hr>180</gpxtpx:hr><gpxtpx:cad>87</gpxtpx:cad></gpxtpx:TrackPointExtension></extensions></trkpt><trkpt lat="35.95801016" lon="120.20716455"><ele>-10.859999656677246</ele><time>2022-06-03T13:38:57Z</time><extensions><gpxtpx:TrackPointExtension><gpxtpx:hr>179</gpxtpx:hr><gpxtpx:cad>87</gpxtpx:cad></gpxtpx:TrackPointExtension></extensions></trkpt><trkpt lat="35.95798417" lon="120.20717054"><ele>-10.970000267028809</ele><time>2022-06-03T13:38:58Z</time><extensions><gpxtpx:TrackPointExtension><gpxtpx:hr>177</gpxtpx:hr><gpxtpx:cad>87</gpxtpx:cad></gpxtpx:TrackPointExtension></extensions></trkpt><trkpt lat="35.95795851" lon="120.20717587"><ele>-11.0600004196167</ele><time>2022-06-03T13:38:59Z</time><extensions><gpxtpx:TrackPointExtension><gpxtpx:hr>177</gpxtpx:hr><gpxtpx:cad>88</gpxtpx:cad></gpxtpx:TrackPointExtension></extensions></trkpt><trkpt lat="35.95793251" lon="120.20717886"><ele>-11.130000114440918</ele><time>2022-06-03T13:39:00Z</time><extensions><gpxtpx:TrackPointExtension><gpxtpx:hr>177</gpxtpx:hr><gpxtpx:cad>88</gpxtpx:cad></gpxtpx:TrackPointExtension></extensions></trkpt><trkpt lat="35.95790852" lon="120.20717919"><ele>-11.220000267028809</ele><time>2022-06-03T13:39:01Z</time><extensions><gpxtpx:TrackPointExtension><gpxtpx:hr>176</gpxtpx:hr><gpxtpx:cad>88</gpxtpx:cad></gpxtpx:TrackPointExtension></extensions></trkpt><trkpt lat="35.95788352" lon="120.20717952"><ele>-11.279999732971191</ele><time>2022-06-03T13:39:02Z</time><extensions><gpxtpx:TrackPointExtension><gpxtpx:hr>176</gpxtpx:hr><gpxtpx:cad>88</gpxtpx:cad></gpxtpx:TrackPointExtension></extensions></trkpt><trkpt lat="35.95785819" lon="120.20718118"><ele>-11.359999656677246</ele><time>2022-06-03T13:39:03Z</time><extensions><gpxtpx:TrackPointExtension><gpxtpx:hr>176</gpxtpx:hr><gpxtpx:cad>87</gpxtpx:cad></gpxtpx:TrackPointExtension></extensions></trkpt><trkpt lat="35.95783119" lon="120.20718118"><ele>-11.430000305175781</ele><time>2022-06-03T13:39:04Z</time><extensions><gpxtpx:TrackPointExtension><gpxtpx:hr>176</gpxtpx:hr><gpxtpx:cad>87</gpxtpx:cad></gpxtpx:TrackPointExtension></extensions></trkpt><trkpt lat="35.95780486" lon="120.20718417"><ele>-11.5600004196167</ele><time>2022-06-03T13:39:05Z</time><extensions><gpxtpx:TrackPointExtension><gpxtpx:hr>176</gpxtpx:hr><gpxtpx:cad>88</gpxtpx:cad></gpxtpx:TrackPointExtension></extensions></trkpt><trkpt lat="35.95777887" lon="120.20718983"><ele>-11.6899995803833</ele><time>2022-06-03T13:39:06Z</time><extensions><gpxtpx:TrackPointExtension><gpxtpx:hr>177</gpxtpx:hr><gpxtpx:cad>88</gpxtpx:cad></gpxtpx:TrackPointExtension></extensions></trkpt><trkpt lat="35.95775354" lon="120.20719649"><ele>-11.8100004196167</ele><time>2022-06-03T13:39:07Z</time><extensions><gpxtpx:TrackPointExtension><gpxtpx:hr>178</gpxtpx:hr><gpxtpx:cad>88</gpxtpx:cad></gpxtpx:TrackPointExtension></extensions></trkpt><trkpt lat="35.95772755" lon="120.20720315"><ele>-12.09000015258789</ele><time>2022-06-03T13:39:08Z</time><extensions><gpxtpx:TrackPointExtension><gpxtpx:hr>178</gpxtpx:hr><gpxtpx:cad>88</gpxtpx:cad></gpxtpx:TrackPointExtension></extensions></trkpt><trkpt lat="35.95770189" lon="120.20720848"><ele>-12.210000038146973</ele><time>2022-06-03T13:39:09Z</time><extensions><gpxtpx:TrackPointExtension><gpxtpx:hr>178</gpxtpx:hr><gpxtpx:cad>88</gpxtpx:cad></gpxtpx:TrackPointExtension></extensions></trkpt><trkpt lat="35.9576759" lon="120.20721514"><ele>-12.430000305175781</ele><time>2022-06-03T13:39:10Z</time><extensions><gpxtpx:TrackPointExtension><gpxtpx:hr>179</gpxtpx:hr><gpxtpx:cad>89</gpxtpx:cad></gpxtpx:TrackPointExtension></extensions></trkpt><trkpt lat="35.95764957" lon="120.20721947"><ele>-12.510000228881836</ele><time>2022-06-03T13:39:11Z</time><extensions><gpxtpx:TrackPointExtension><gpxtpx:hr>180</gpxtpx:hr><gpxtpx:cad>89</gpxtpx:cad></gpxtpx:TrackPointExtension></extensions></trkpt><trkpt lat="35.95762224" lon="120.20722447"><ele>-12.720000267028809</ele><time>2022-06-03T13:39:12Z</time><extensions><gpxtpx:TrackPointExtension><gpxtpx:hr>181</gpxtpx:hr><gpxtpx:cad>89</gpxtpx:cad></gpxtpx:TrackPointExtension></extensions></trkpt><trkpt lat="35.95759558" lon="120.20722947"><ele>-12.800000190734863</ele><time>2022-06-03T13:39:13Z</time><extensions><gpxtpx:TrackPointExtension><gpxtpx:hr>182</gpxtpx:hr><gpxtpx:cad>89</gpxtpx:cad></gpxtpx:TrackPointExtension></extensions></trkpt><trkpt lat="35.95756725" lon="120.20723613"><ele>-13.0</ele><time>2022-06-03T13:39:14Z</time><extensions><gpxtpx:TrackPointExtension><gpxtpx:hr>181</gpxtpx:hr><gpxtpx:cad>88</gpxtpx:cad></gpxtpx:TrackPointExtension></extensions></trkpt><trkpt lat="35.95753892" lon="120.20724212"><ele>-13.09000015258789</ele><time>2022-06-03T13:39:15Z</time><extensions><gpxtpx:TrackPointExtension><gpxtpx:hr>181</gpxtpx:hr><gpxtpx:cad>88</gpxtpx:cad></gpxtpx:TrackPointExtension></extensions></trkpt><trkpt lat="35.95751026" lon="120.20724845"><ele>-13.279999732971191</ele><time>2022-06-03T13:39:16Z</time><extensions><gpxtpx:TrackPointExtension><gpxtpx:hr>181</gpxtpx:hr><gpxtpx:cad>88</gpxtpx:cad></gpxtpx:TrackPointExtension></extensions></trkpt><trkpt lat="35.95748027" lon="120.20725678"><ele>-13.350000381469727</ele><time>2022-06-03T13:39:17Z</time><extensions><gpxtpx:TrackPointExtension><gpxtpx:hr>181</gpxtpx:hr><gpxtpx:cad>88</gpxtpx:cad></gpxtpx:TrackPointExtension></extensions></trkpt><trkpt lat="35.95745061" lon="120.20726578"><ele>-13.430000305175781</ele><time>2022-06-03T13:39:18Z</time><extensions><gpxtpx:TrackPointExtension><gpxtpx:hr>182</gpxtpx:hr><gpxtpx:cad>87</gpxtpx:cad></gpxtpx:TrackPointExtension></extensions></trkpt><trkpt lat="35.95742128" lon="120.20727444"><ele>-13.470000267028809</ele><time>2022-06-03T13:39:19Z</time><extensions><gpxtpx:TrackPointExtension><gpxtpx:hr>182</gpxtpx:hr><gpxtpx:cad>87</gpxtpx:cad></gpxtpx:TrackPointExtension></extensions></trkpt><trkpt lat="35.95739162" lon="120.20728377"><ele>-13.5600004196167</ele><time>2022-06-03T13:39:20Z</time><extensions><gpxtpx:TrackPointExtension><gpxtpx:hr>182</gpxtpx:hr><gpxtpx:cad>88</gpxtpx:cad></gpxtpx:TrackPointExtension></extensions></trkpt><trkpt lat="35.95736362" lon="120.20729243"><ele>-13.640000343322754</ele><time>2022-06-03T13:39:21Z</time><extensions><gpxtpx:TrackPointExtension><gpxtpx:hr>182</gpxtpx:hr><gpxtpx:cad>87</gpxtpx:cad></gpxtpx:TrackPointExtension></extensions></trkpt><trkpt lat="35.95733696" lon="120.20729809"><ele>-13.720000267028809</ele><time>2022-06-03T13:39:22Z</time><extensions><gpxtpx:TrackPointExtension><gpxtpx:hr>182</gpxtpx:hr><gpxtpx:cad>87</gpxtpx:cad></gpxtpx:TrackPointExtension></extensions></trkpt><trkpt lat="35.95731063" lon="120.20730575"><ele>-13.850000381469727</ele><time>2022-06-03T13:39:23Z</time><extensions><gpxtpx:TrackPointExtension><gpxtpx:hr>182</gpxtpx:hr><gpxtpx:cad>87</gpxtpx:cad></gpxtpx:TrackPointExtension></extensions></trkpt><trkpt lat="35.95728464" lon="120.20731441"><ele>-14.069999694824219</ele><time>2022-06-03T13:39:24Z</time><extensions><gpxtpx:TrackPointExtension><gpxtpx:hr>182</gpxtpx:hr><gpxtpx:cad>87</gpxtpx:cad></gpxtpx:TrackPointExtension></extensions></trkpt><trkpt lat="35.95725831" lon="120.20732207"><ele>-14.270000457763672</ele><time>2022-06-03T13:39:25Z</time><extensions><gpxtpx:TrackPointExtension><gpxtpx:hr>181</gpxtpx:hr><gpxtpx:cad>88</gpxtpx:cad></gpxtpx:TrackPointExtension></extensions></trkpt><trkpt lat="35.95723232" lon="120.20732806"><ele>-14.4399995803833</ele><time>2022-06-03T13:39:26Z</time><extensions><gpxtpx:TrackPointExtension><gpxtpx:hr>180</gpxtpx:hr><gpxtpx:cad>88</gpxtpx:cad></gpxtpx:TrackPointExtension></extensions></trkpt><trkpt lat="35.95720799" lon="120.20733172"><ele>-14.630000114440918</ele><time>2022-06-03T13:39:27Z</time><extensions><gpxtpx:TrackPointExtension><gpxtpx:hr>180</gpxtpx:hr><gpxtpx:cad>88</gpxtpx:cad></gpxtpx:TrackPointExtension></extensions></trkpt><trkpt lat="35.95718266" lon="120.20733672"><ele>-14.760000228881836</ele><time>2022-06-03T13:39:28Z</time><extensions><gpxtpx:TrackPointExtension><gpxtpx:hr>179</gpxtpx:hr><gpxtpx:cad>88</gpxtpx:cad></gpxtpx:TrackPointExtension></extensions></trkpt><trkpt lat="35.957158" lon="120.20733872"><ele>-14.890000343322754</ele><time>2022-06-03T13:39:29Z</time><extensions><gpxtpx:TrackPointExtension><gpxtpx:hr>179</gpxtpx:hr><gpxtpx:cad>89</gpxtpx:cad></gpxtpx:TrackPointExtension></extensions></trkpt><trkpt lat="35.957133" lon="120.20733971"><ele>-15.0600004196167</ele><time>2022-06-03T13:39:30Z</time><extensions><gpxtpx:TrackPointExtension><gpxtpx:hr>180</gpxtpx:hr><gpxtpx:cad>88</gpxtpx:cad></gpxtpx:TrackPointExtension></extensions></trkpt><trkpt lat="35.95710701" lon="120.20734137"><ele>-15.210000038146973</ele><time>2022-06-03T13:39:31Z</time><extensions><gpxtpx:TrackPointExtension><gpxtpx:hr>181</gpxtpx:hr><gpxtpx:cad>88</gpxtpx:cad></gpxtpx:TrackPointExtension></extensions></trkpt><trkpt lat="35.95708168" lon="120.20734137"><ele>-15.350000381469727</ele><time>2022-06-03T13:39:32Z</time><extensions><gpxtpx:TrackPointExtension><gpxtpx:hr>182</gpxtpx:hr><gpxtpx:cad>88</gpxtpx:cad></gpxtpx:TrackPointExtension></extensions></trkpt><trkpt lat="35.95705968" lon="120.20734503"><ele>-15.470000267028809</ele><time>2022-06-03T13:39:33Z</time><extensions><gpxtpx:TrackPointExtension><gpxtpx:hr>182</gpxtpx:hr><gpxtpx:cad>88</gpxtpx:cad></gpxtpx:TrackPointExtension></extensions></trkpt><trkpt lat="35.95703768" lon="120.20735102"><ele>-15.5600004196167</ele><time>2022-06-03T13:39:34Z</time><extensions><gpxtpx:TrackPointExtension><gpxtpx:hr>182</gpxtpx:hr><gpxtpx:cad>88</gpxtpx:cad></gpxtpx:TrackPointExtension></extensions></trkpt><trkpt lat="35.95701635" lon="120.20735668"><ele>-15.649999618530273</ele><time>2022-06-03T13:39:35Z</time><extensions><gpxtpx:TrackPointExtension><gpxtpx:hr>181</gpxtpx:hr><gpxtpx:cad>88</gpxtpx:cad></gpxtpx:TrackPointExtension></extensions></trkpt><trkpt lat="35.95699435" lon="120.20736101"><ele>-15.75</ele><time>2022-06-03T13:39:36Z</time><extensions><gpxtpx:TrackPointExtension><gpxtpx:hr>181</gpxtpx:hr><gpxtpx:cad>88</gpxtpx:cad></gpxtpx:TrackPointExtension></extensions></trkpt><trkpt lat="35.95697369" lon="120.207364"><ele>-15.75</ele><time>2022-06-03T13:39:37Z</time><extensions><gpxtpx:TrackPointExtension><gpxtpx:hr>181</gpxtpx:hr><gpxtpx:cad>88</gpxtpx:cad></gpxtpx:TrackPointExtension></extensions></trkpt><trkpt lat="35.95695436" lon="120.20736566"><ele>-15.8100004196167</ele><time>2022-06-03T13:39:38Z</time><extensions><gpxtpx:TrackPointExtension><gpxtpx:hr>182</gpxtpx:hr><gpxtpx:cad>88</gpxtpx:cad></gpxtpx:TrackPointExtension></extensions></trkpt><trkpt lat="35.9569347" lon="120.20737132"><ele>-15.880000114440918</ele><time>2022-06-03T13:39:39Z</time><extensions><gpxtpx:TrackPointExtension><gpxtpx:hr>182</gpxtpx:hr><gpxtpx:cad>88</gpxtpx:cad></gpxtpx:TrackPointExtension></extensions></trkpt><trkpt lat="35.95691404" lon="120.20737731"><ele>-15.930000305175781</ele><time>2022-06-03T13:39:40Z</time><extensions><gpxtpx:TrackPointExtension><gpxtpx:hr>182</gpxtpx:hr><gpxtpx:cad>87</gpxtpx:cad></gpxtpx:TrackPointExtension></extensions></trkpt><trkpt lat="35.95689171" lon="120.20738197"><ele>-16.0</ele><time>2022-06-03T13:39:41Z</time><extensions><gpxtpx:TrackPointExtension><gpxtpx:hr>182</gpxtpx:hr><gpxtpx:cad>88</gpxtpx:cad></gpxtpx:TrackPointExtension></extensions></trkpt><trkpt lat="35.95686905" lon="120.20738563"><ele>-16.040000915527344</ele><time>2022-06-03T13:39:42Z</time><extensions><gpxtpx:TrackPointExtension><gpxtpx:hr>182</gpxtpx:hr><gpxtpx:cad>88</gpxtpx:cad></gpxtpx:TrackPointExtension></extensions></trkpt><trkpt lat="35.95684372" lon="120.20739362"><ele>-16.06999969482422</ele><time>2022-06-03T13:39:43Z</time><extensions><gpxtpx:TrackPointExtension><gpxtpx:hr>182</gpxtpx:hr><gpxtpx:cad>88</gpxtpx:cad></gpxtpx:TrackPointExtension></extensions></trkpt><trkpt lat="35.95681706" lon="120.20739928"><ele>-16.1200008392334</ele><time>2022-06-03T13:39:44Z</time><extensions><gpxtpx:TrackPointExtension><gpxtpx:hr>182</gpxtpx:hr><gpxtpx:cad>88</gpxtpx:cad></gpxtpx:TrackPointExtension></extensions></trkpt><trkpt lat="35.95679006" lon="120.20740394"><ele>-16.170000076293945</ele><time>2022-06-03T13:39:45Z</time><extensions><gpxtpx:TrackPointExtension><gpxtpx:hr>182</gpxtpx:hr><gpxtpx:cad>88</gpxtpx:cad></gpxtpx:TrackPointExtension></extensions></trkpt><trkpt lat="35.95676407" lon="120.20740794"><ele>-16.200000762939453</ele><time>2022-06-03T13:39:46Z</time><extensions><gpxtpx:TrackPointExtension><gpxtpx:hr>182</gpxtpx:hr><gpxtpx:cad>88</gpxtpx:cad></gpxtpx:TrackPointExtension></extensions></trkpt><trkpt lat="35.95673708" lon="120.2074146"><ele>-16.290000915527344</ele><time>2022-06-03T13:39:47Z</time><extensions><gpxtpx:TrackPointExtension><gpxtpx:hr>182</gpxtpx:hr><gpxtpx:cad>88</gpxtpx:cad></gpxtpx:TrackPointExtension></extensions></trkpt><trkpt lat="35.95671008" lon="120.20742059"><ele>-16.350000381469727</ele><time>2022-06-03T13:39:48Z</time><extensions><gpxtpx:TrackPointExtension><gpxtpx:hr>181</gpxtpx:hr><gpxtpx:cad>88</gpxtpx:cad></gpxtpx:TrackPointExtension></extensions></trkpt><trkpt lat="35.95668475" lon="120.20742692"><ele>-16.450000762939453</ele><time>2022-06-03T13:39:49Z</time><extensions><gpxtpx:TrackPointExtension><gpxtpx:hr>181</gpxtpx:hr><gpxtpx:cad>88</gpxtpx:cad></gpxtpx:TrackPointExtension></extensions></trkpt><trkpt lat="35.95666176" lon="120.20743558"><ele>-16.600000381469727</ele><time>2022-06-03T13:39:50Z</time><extensions><gpxtpx:TrackPointExtension><gpxtpx:hr>181</gpxtpx:hr><gpxtpx:cad>88</gpxtpx:cad></gpxtpx:TrackPointExtension></extensions></trkpt><trkpt lat="35.95664076" lon="120.20744658"><ele>-16.729999542236328</ele><time>2022-06-03T13:39:51Z</time><extensions><gpxtpx:TrackPointExtension><gpxtpx:hr>180</gpxtpx:hr><gpxtpx:cad>88</gpxtpx:cad></gpxtpx:TrackPointExtension></extensions></trkpt><trkpt lat="35.9566211" lon="120.20745824"><ele>-16.8700008392334</ele><time>2022-06-03T13:39:52Z</time><extensions><gpxtpx:TrackPointExtension><gpxtpx:hr>180</gpxtpx:hr><gpxtpx:cad>88</gpxtpx:cad></gpxtpx:TrackPointExtension></extensions></trkpt><trkpt lat="35.95660144" lon="120.2074699"><ele>-17.040000915527344</ele><time>2022-06-03T13:39:53Z</time><extensions><gpxtpx:TrackPointExtension><gpxtpx:hr>179</gpxtpx:hr><gpxtpx:cad>88</gpxtpx:cad></gpxtpx:TrackPointExtension></extensions></trkpt><trkpt lat="35.95658378" lon="120.2074799"><ele>-17.139999389648438</ele><time>2022-06-03T13:39:54Z</time><extensions><gpxtpx:TrackPointExtension><gpxtpx:hr>179</gpxtpx:hr><gpxtpx:cad>88</gpxtpx:cad></gpxtpx:TrackPointExtension></extensions></trkpt><trkpt lat="35.95656978" lon="120.20748856"><ele>-17.290000915527344</ele><time>2022-06-03T13:39:55Z</time><extensions><gpxtpx:TrackPointExtension><gpxtpx:hr>178</gpxtpx:hr><gpxtpx:cad>88</gpxtpx:cad></gpxtpx:TrackPointExtension></extensions></trkpt><trkpt lat="35.95655878" lon="120.20749822"><ele>-17.420000076293945</ele><time>2022-06-03T13:39:56Z</time><extensions><gpxtpx:TrackPointExtension><gpxtpx:hr>178</gpxtpx:hr><gpxtpx:cad>88</gpxtpx:cad></gpxtpx:TrackPointExtension></extensions></trkpt><trkpt lat="35.95655145" lon="120.20750855"><ele>-17.540000915527344</ele><time>2022-06-03T13:39:57Z</time><extensions><gpxtpx:TrackPointExtension><gpxtpx:hr>178</gpxtpx:hr><gpxtpx:cad>84</gpxtpx:cad></gpxtpx:TrackPointExtension></extensions></trkpt><trkpt lat="35.95654812" lon="120.20752088"><ele>-17.639999389648438</ele><time>2022-06-03T13:39:58Z</time><extensions><gpxtpx:TrackPointExtension><gpxtpx:hr>178</gpxtpx:hr><gpxtpx:cad>84</gpxtpx:cad></gpxtpx:TrackPointExtension></extensions></trkpt><trkpt lat="35.95654679" lon="120.20753688"><ele>-17.770000457763672</ele><time>2022-06-03T13:39:59Z</time><extensions><gpxtpx:TrackPointExtension><gpxtpx:hr>178</gpxtpx:hr><gpxtpx:cad>84</gpxtpx:cad></gpxtpx:TrackPointExtension></extensions></trkpt><trkpt lat="35.95654679" lon="120.20755654"><ele>-17.860000610351562</ele><time>2022-06-03T13:40:00Z</time><extensions><gpxtpx:TrackPointExtension><gpxtpx:hr>178</gpxtpx:hr><gpxtpx:cad>85</gpxtpx:cad></gpxtpx:TrackPointExtension></extensions></trkpt><trkpt lat="35.95654745" lon="120.20757787"><ele>-17.959999084472656</ele><time>2022-06-03T13:40:01Z</time><extensions><gpxtpx:TrackPointExtension><gpxtpx:hr>178</gpxtpx:hr><gpxtpx:cad>87</gpxtpx:cad></gpxtpx:TrackPointExtension></extensions></trkpt><trkpt lat="35.95655044" lon="120.20760287"><ele>-18.100000381469727</ele><time>2022-06-03T13:40:02Z</time><extensions><gpxtpx:TrackPointExtension><gpxtpx:hr>178</gpxtpx:hr><gpxtpx:cad>88</gpxtpx:cad></gpxtpx:TrackPointExtension></extensions></trkpt><trkpt lat="35.95655343" lon="120.20762986"><ele>-18.100000381469727</ele><time>2022-06-03T13:40:03Z</time><extensions><gpxtpx:TrackPointExtension><gpxtpx:hr>178</gpxtpx:hr><gpxtpx:cad>88</gpxtpx:cad></gpxtpx:TrackPointExtension></extensions></trkpt><trkpt lat="35.95655642" lon="120.20765752"><ele>-18.260000228881836</ele><time>2022-06-03T13:40:04Z</time><extensions><gpxtpx:TrackPointExtension><gpxtpx:hr>178</gpxtpx:hr><gpxtpx:cad>88</gpxtpx:cad></gpxtpx:TrackPointExtension></extensions></trkpt><trkpt lat="35.95656175" lon="120.20768518"><ele>-18.309999465942383</ele><time>2022-06-03T13:40:05Z</time><extensions><gpxtpx:TrackPointExtension><gpxtpx:hr>177</gpxtpx:hr><gpxtpx:cad>88</gpxtpx:cad></gpxtpx:TrackPointExtension></extensions></trkpt><trkpt lat="35.95656774" lon="120.20771284"><ele>-18.360000610351562</ele><time>2022-06-03T13:40:06Z</time><extensions><gpxtpx:TrackPointExtension><gpxtpx:hr>176</gpxtpx:hr><gpxtpx:cad>87</gpxtpx:cad></gpxtpx:TrackPointExtension></extensions></trkpt><trkpt lat="35.9565754" lon="120.20774017"><ele>-18.389999389648438</ele><time>2022-06-03T13:40:07Z</time><extensions><gpxtpx:TrackPointExtension><gpxtpx:hr>176</gpxtpx:hr><gpxtpx:cad>88</gpxtpx:cad></gpxtpx:TrackPointExtension></extensions></trkpt><trkpt lat="35.95658373" lon="120.20776683"><ele>-18.420000076293945</ele><time>2022-06-03T13:40:08Z</time><extensions><gpxtpx:TrackPointExtension><gpxtpx:hr>175</gpxtpx:hr><gpxtpx:cad>89</gpxtpx:cad></gpxtpx:TrackPointExtension></extensions></trkpt><trkpt lat="35.95659339" lon="120.20779216"><ele>-18.440000534057617</ele><time>2022-06-03T13:40:09Z</time><extensions><gpxtpx:TrackPointExtension><gpxtpx:hr>174</gpxtpx:hr><gpxtpx:cad>88</gpxtpx:cad></gpxtpx:TrackPointExtension></extensions></trkpt><trkpt lat="35.95660405" lon="120.20781649"><ele>-18.5</ele><time>2022-06-03T13:40:10Z</time><extensions><gpxtpx:TrackPointExtension><gpxtpx:hr>173</gpxtpx:hr><gpxtpx:cad>89</gpxtpx:cad></gpxtpx:TrackPointExtension></extensions></trkpt><trkpt lat="35.95661238" lon="120.20784382"><ele>-18.639999389648438</ele><time>2022-06-03T13:40:11Z</time><extensions><gpxtpx:TrackPointExtension><gpxtpx:hr>173</gpxtpx:hr><gpxtpx:cad>89</gpxtpx:cad></gpxtpx:TrackPointExtension></extensions></trkpt><trkpt lat="35.95662171" lon="120.20787182"><ele>-18.670000076293945</ele><time>2022-06-03T13:40:12Z</time><extensions><gpxtpx:TrackPointExtension><gpxtpx:hr>173</gpxtpx:hr><gpxtpx:cad>88</gpxtpx:cad></gpxtpx:TrackPointExtension></extensions></trkpt><trkpt lat="35.95663104" lon="120.20790015"><ele>-18.790000915527344</ele><time>2022-06-03T13:40:13Z</time><extensions><gpxtpx:TrackPointExtension><gpxtpx:hr>173</gpxtpx:hr><gpxtpx:cad>88</gpxtpx:cad></gpxtpx:TrackPointExtension></extensions></trkpt><trkpt lat="35.9566397" lon="120.20792615"><ele>-18.790000915527344</ele><time>2022-06-03T13:40:14Z</time><extensions><gpxtpx:TrackPointExtension><gpxtpx:hr>173</gpxtpx:hr><gpxtpx:cad>88</gpxtpx:cad></gpxtpx:TrackPointExtension></extensions></trkpt><trkpt lat="35.95664869" lon="120.20795181"><ele>-18.93000030517578</ele><time>2022-06-03T13:40:15Z</time><extensions><gpxtpx:TrackPointExtension><gpxtpx:hr>173</gpxtpx:hr><gpxtpx:cad>88</gpxtpx:cad></gpxtpx:TrackPointExtension></extensions></trkpt><trkpt lat="35.95665835" lon="120.20797714"><ele>-18.889999389648438</ele><time>2022-06-03T13:40:16Z</time><extensions><gpxtpx:TrackPointExtension><gpxtpx:hr>173</gpxtpx:hr><gpxtpx:cad>88</gpxtpx:cad></gpxtpx:TrackPointExtension></extensions></trkpt><trkpt lat="35.95666701" lon="120.20800414"><ele>-18.979999542236328</ele><time>2022-06-03T13:40:17Z</time><extensions><gpxtpx:TrackPointExtension><gpxtpx:hr>173</gpxtpx:hr><gpxtpx:cad>88</gpxtpx:cad></gpxtpx:TrackPointExtension></extensions></trkpt><trkpt lat="35.95667534" lon="120.20803047"><ele>-18.950000762939453</ele><time>2022-06-03T13:40:18Z</time><extensions><gpxtpx:TrackPointExtension><gpxtpx:hr>173</gpxtpx:hr><gpxtpx:cad>88</gpxtpx:cad></gpxtpx:TrackPointExtension></extensions></trkpt><trkpt lat="35.95668267" lon="120.20805813"><ele>-19.030000686645508</ele><time>2022-06-03T13:40:19Z</time><extensions><gpxtpx:TrackPointExtension><gpxtpx:hr>173</gpxtpx:hr><gpxtpx:cad>88</gpxtpx:cad></gpxtpx:TrackPointExtension></extensions></trkpt><trkpt lat="35.95668866" lon="120.20808713"><ele>-18.979999542236328</ele><time>2022-06-03T13:40:20Z</time><extensions><gpxtpx:TrackPointExtension><gpxtpx:hr>173</gpxtpx:hr><gpxtpx:cad>88</gpxtpx:cad></gpxtpx:TrackPointExtension></extensions></trkpt><trkpt lat="35.95669432" lon="120.20811612"><ele>-19.040000915527344</ele><time>2022-06-03T13:40:21Z</time><extensions><gpxtpx:TrackPointExtension><gpxtpx:hr>173</gpxtpx:hr><gpxtpx:cad>89</gpxtpx:cad></gpxtpx:TrackPointExtension></extensions></trkpt><trkpt lat="35.95669865" lon="120.20814645"><ele>-18.979999542236328</ele><time>2022-06-03T13:40:22Z</time><extensions><gpxtpx:TrackPointExtension><gpxtpx:hr>173</gpxtpx:hr><gpxtpx:cad>88</gpxtpx:cad></gpxtpx:TrackPointExtension></extensions></trkpt><trkpt lat="35.95670131" lon="120.20817911"><ele>-19.020000457763672</ele><time>2022-06-03T13:40:23Z</time><extensions><gpxtpx:TrackPointExtension><gpxtpx:hr>173</gpxtpx:hr><gpxtpx:cad>89</gpxtpx:cad></gpxtpx:TrackPointExtension></extensions></trkpt><trkpt lat="35.95670331" lon="120.20821044"><ele>-19.0</ele><time>2022-06-03T13:40:24Z</time><extensions><gpxtpx:TrackPointExtension><gpxtpx:hr>173</gpxtpx:hr><gpxtpx:cad>89</gpxtpx:cad></gpxtpx:TrackPointExtension></extensions></trkpt><trkpt lat="35.95670165" lon="120.2082461"><ele>-19.030000686645508</ele><time>2022-06-03T13:40:25Z</time><extensions><gpxtpx:TrackPointExtension><gpxtpx:hr>173</gpxtpx:hr><gpxtpx:cad>89</gpxtpx:cad></gpxtpx:TrackPointExtension></extensions></trkpt><trkpt lat="35.95669899" lon="120.20828109"><ele>-19.0</ele><time>2022-06-03T13:40:26Z</time><extensions><gpxtpx:TrackPointExtension><gpxtpx:hr>173</gpxtpx:hr><gpxtpx:cad>89</gpxtpx:cad></gpxtpx:TrackPointExtension></extensions></trkpt><trkpt lat="35.95669466" lon="120.20831675"><ele>-19.030000686645508</ele><time>2022-06-03T13:40:27Z</time><extensions><gpxtpx:TrackPointExtension><gpxtpx:hr>174</gpxtpx:hr><gpxtpx:cad>89</gpxtpx:cad></gpxtpx:TrackPointExtension></extensions></trkpt><trkpt lat="35.95669266" lon="120.20835108"><ele>-19.0</ele><time>2022-06-03T13:40:28Z</time><extensions><gpxtpx:TrackPointExtension><gpxtpx:hr>175</gpxtpx:hr><gpxtpx:cad>89</gpxtpx:cad></gpxtpx:TrackPointExtension></extensions></trkpt><trkpt lat="35.956692" lon="120.20838374"><ele>-19.010000228881836</ele><time>2022-06-03T13:40:29Z</time><extensions><gpxtpx:TrackPointExtension><gpxtpx:cad>88</gpxtpx:cad></gpxtpx:TrackPointExtension></extensions></trkpt><trkpt lat="35.95669167" lon="120.20841307"><ele>-18.959999084472656</ele><time>2022-06-03T13:40:30Z</time><extensions><gpxtpx:TrackPointExtension><gpxtpx:hr>175</gpxtpx:hr><gpxtpx:cad>88</gpxtpx:cad></gpxtpx:TrackPointExtension></extensions></trkpt><trkpt lat="35.95669267" lon="120.2084394"><ele>-18.940000534057617</ele><time>2022-06-03T13:40:31Z</time><extensions><gpxtpx:TrackPointExtension><gpxtpx:hr>175</gpxtpx:hr><gpxtpx:cad>88</gpxtpx:cad></gpxtpx:TrackPointExtension></extensions></trkpt><trkpt lat="35.95669366" lon="120.20846506"><ele>-18.899999618530273</ele><time>2022-06-03T13:40:32Z</time><extensions><gpxtpx:TrackPointExtension><gpxtpx:hr>175</gpxtpx:hr><gpxtpx:cad>88</gpxtpx:cad></gpxtpx:TrackPointExtension></extensions></trkpt><trkpt lat="35.95669399" lon="120.20849005"><ele>-18.889999389648438</ele><time>2022-06-03T13:40:33Z</time><extensions><gpxtpx:TrackPointExtension><gpxtpx:hr>176</gpxtpx:hr><gpxtpx:cad>88</gpxtpx:cad></gpxtpx:TrackPointExtension></extensions></trkpt><trkpt lat="35.95669233" lon="120.20851404"><ele>-18.8799991607666</ele><time>2022-06-03T13:40:34Z</time><extensions><gpxtpx:TrackPointExtension><gpxtpx:hr>175</gpxtpx:hr><gpxtpx:cad>88</gpxtpx:cad></gpxtpx:TrackPointExtension></extensions></trkpt><trkpt lat="35.956691" lon="120.20853637"><ele>-18.8799991607666</ele><time>2022-06-03T13:40:35Z</time><extensions><gpxtpx:TrackPointExtension><gpxtpx:hr>175</gpxtpx:hr><gpxtpx:cad>88</gpxtpx:cad></gpxtpx:TrackPointExtension></extensions></trkpt><trkpt lat="35.95669034" lon="120.2085587"><ele>-18.940000534057617</ele><time>2022-06-03T13:40:36Z</time><extensions><gpxtpx:TrackPointExtension><gpxtpx:hr>176</gpxtpx:hr><gpxtpx:cad>88</gpxtpx:cad></gpxtpx:TrackPointExtension></extensions></trkpt><trkpt lat="35.95669167" lon="120.20858136"><ele>-18.979999542236328</ele><time>2022-06-03T13:40:37Z</time><extensions><gpxtpx:TrackPointExtension><gpxtpx:hr>176</gpxtpx:hr><gpxtpx:cad>88</gpxtpx:cad></gpxtpx:TrackPointExtension></extensions></trkpt><trkpt lat="35.95669433" lon="120.20860469"><ele>-18.979999542236328</ele><time>2022-06-03T13:40:38Z</time><extensions><gpxtpx:TrackPointExtension><gpxtpx:hr>176</gpxtpx:hr><gpxtpx:cad>88</gpxtpx:cad></gpxtpx:TrackPointExtension></extensions></trkpt><trkpt lat="35.95669766" lon="120.20862768"><ele>-19.1200008392334</ele><time>2022-06-03T13:40:39Z</time><extensions><gpxtpx:TrackPointExtension><gpxtpx:hr>175</gpxtpx:hr><gpxtpx:cad>88</gpxtpx:cad></gpxtpx:TrackPointExtension></extensions></trkpt><trkpt lat="35.95670299" lon="120.20864901"><ele>-19.18000030517578</ele><time>2022-06-03T13:40:40Z</time><extensions><gpxtpx:TrackPointExtension><gpxtpx:hr>175</gpxtpx:hr><gpxtpx:cad>88</gpxtpx:cad></gpxtpx:TrackPointExtension></extensions></trkpt><trkpt lat="35.95670865" lon="120.20866934"><ele>-19.209999084472656</ele><time>2022-06-03T13:40:41Z</time><extensions><gpxtpx:TrackPointExtension><gpxtpx:hr>175</gpxtpx:hr><gpxtpx:cad>60</gpxtpx:cad></gpxtpx:TrackPointExtension></extensions></trkpt><trkpt lat="35.95671365" lon="120.208689"><ele>-19.25</ele><time>2022-06-03T13:40:42Z</time><extensions><gpxtpx:TrackPointExtension><gpxtpx:hr>175</gpxtpx:hr><gpxtpx:cad>60</gpxtpx:cad></gpxtpx:TrackPointExtension></extensions></trkpt><trkpt lat="35.95672065" lon="120.20870833"><ele>-19.270000457763672</ele><time>2022-06-03T13:40:43Z</time><extensions><gpxtpx:TrackPointExtension><gpxtpx:hr>175</gpxtpx:hr><gpxtpx:cad>61</gpxtpx:cad></gpxtpx:TrackPointExtension></extensions></trkpt><trkpt lat="35.95672565" lon="120.20872666"><ele>-19.270000457763672</ele><time>2022-06-03T13:40:44Z</time><extensions><gpxtpx:TrackPointExtension><gpxtpx:hr>174</gpxtpx:hr><gpxtpx:cad>61</gpxtpx:cad></gpxtpx:TrackPointExtension></extensions></trkpt><trkpt lat="35.95672964" lon="120.20874465"><ele>-19.270000457763672</ele><time>2022-06-03T13:40:45Z</time><extensions><gpxtpx:TrackPointExtension><gpxtpx:hr>174</gpxtpx:hr><gpxtpx:cad>61</gpxtpx:cad></gpxtpx:TrackPointExtension></extensions></trkpt><trkpt lat="35.95673297" lon="120.20876198"><ele>-19.270000457763672</ele><time>2022-06-03T13:40:46Z</time><extensions><gpxtpx:TrackPointExtension><gpxtpx:hr>176</gpxtpx:hr><gpxtpx:cad>61</gpxtpx:cad></gpxtpx:TrackPointExtension></extensions></trkpt><trkpt lat="35.95673497" lon="120.20877897"><ele>-19.280000686645508</ele><time>2022-06-03T13:40:47Z</time><extensions><gpxtpx:TrackPointExtension><gpxtpx:hr>178</gpxtpx:hr><gpxtpx:cad>61</gpxtpx:cad></gpxtpx:TrackPointExtension></extensions></trkpt><trkpt lat="35.95673697" lon="120.20879596"><ele>-19.290000915527344</ele><time>2022-06-03T13:40:48Z</time><extensions><gpxtpx:TrackPointExtension><gpxtpx:hr>179</gpxtpx:hr><gpxtpx:cad>60</gpxtpx:cad></gpxtpx:TrackPointExtension></extensions></trkpt><trkpt lat="35.9567383" lon="120.20881362"><ele>-19.299999237060547</ele><time>2022-06-03T13:40:49Z</time><extensions><gpxtpx:TrackPointExtension><gpxtpx:hr>179</gpxtpx:hr><gpxtpx:cad>61</gpxtpx:cad></gpxtpx:TrackPointExtension></extensions></trkpt><trkpt lat="35.9567383" lon="120.20883395"><ele>-19.299999237060547</ele><time>2022-06-03T13:40:50Z</time><extensions><gpxtpx:TrackPointExtension><gpxtpx:hr>179</gpxtpx:hr><gpxtpx:cad>61</gpxtpx:cad></gpxtpx:TrackPointExtension></extensions></trkpt><trkpt lat="35.95673863" lon="120.20885328"><ele>-19.309999465942383</ele><time>2022-06-03T13:40:51Z</time><extensions><gpxtpx:TrackPointExtension><gpxtpx:hr>177</gpxtpx:hr><gpxtpx:cad>60</gpxtpx:cad></gpxtpx:TrackPointExtension></extensions></trkpt><trkpt lat="35.9567383" lon="120.20887061"><ele>-19.309999465942383</ele><time>2022-06-03T13:40:52Z</time><extensions><gpxtpx:TrackPointExtension><gpxtpx:hr>176</gpxtpx:hr><gpxtpx:cad>61</gpxtpx:cad></gpxtpx:TrackPointExtension></extensions></trkpt><trkpt lat="35.95673764" lon="120.20888661"><ele>-19.360000610351562</ele><time>2022-06-03T13:40:53Z</time><extensions><gpxtpx:TrackPointExtension><gpxtpx:hr>175</gpxtpx:hr><gpxtpx:cad>61</gpxtpx:cad></gpxtpx:TrackPointExtension></extensions></trkpt><trkpt lat="35.95673598" lon="120.20890327"><ele>-19.3700008392334</ele><time>2022-06-03T13:40:54Z</time><extensions><gpxtpx:TrackPointExtension><gpxtpx:hr>172</gpxtpx:hr><gpxtpx:cad>61</gpxtpx:cad></gpxtpx:TrackPointExtension></extensions></trkpt><trkpt lat="35.95673465" lon="120.20891893"><ele>-19.3700008392334</ele><time>2022-06-03T13:40:55Z</time><extensions><gpxtpx:TrackPointExtension><gpxtpx:hr>172</gpxtpx:hr><gpxtpx:cad>61</gpxtpx:cad></gpxtpx:TrackPointExtension></extensions></trkpt><trkpt lat="35.95673465" lon="120.20893426"><ele>-19.3799991607666</ele><time>2022-06-03T13:40:56Z</time><extensions><gpxtpx:TrackPointExtension><gpxtpx:hr>173</gpxtpx:hr><gpxtpx:cad>61</gpxtpx:cad></gpxtpx:TrackPointExtension></extensions></trkpt><trkpt lat="35.95673232" lon="120.20894859"><ele>-19.3799991607666</ele><time>2022-06-03T13:40:57Z</time><extensions><gpxtpx:TrackPointExtension><gpxtpx:cad>61</gpxtpx:cad></gpxtpx:TrackPointExtension></extensions></trkpt><trkpt lat="35.95673032" lon="120.20896192"><ele>-19.3799991607666</ele><time>2022-06-03T13:40:58Z</time><extensions><gpxtpx:TrackPointExtension><gpxtpx:hr>170</gpxtpx:hr><gpxtpx:cad>61</gpxtpx:cad></gpxtpx:TrackPointExtension></extensions></trkpt></trkseg></trk></gpx>