<?xml version='1.0' encoding='utf-8'?>
<gpx xmlns:xsi="http://www.w3.org/2001/XMLSchema-instance" xmlns="http://www.brytonsport.com/BDX/2/2" version="2.2.0.3" creator="bryton">
  <metadata>
    <name>2015/05/23 05:28</name>
    <time>2015-05-22T21:28:46Z</time>
    <bounds minlat="35.952277" maxlon="120.226877" minlon="120.207504" maxlat="35.965031"/>
    <extensions>
      <user>
        <bike>0<wheel>204.00</wheel></bike>
        <weight>68</weight>
        <gender>1</gender>
        <height>172</height>
        <age>28</age>
        <mhr>190</mhr>
        <lthr>172</lthr>
        <map>0</map>
        <ftp>0</ftp>
        <zonedef type="1">
          <zone high="74" id="1" low="0"/>
          <zone high="80" id="2" low="74"/>
          <zone high="85" id="3" low="80"/>
          <zone high="91" id="4" low="85"/>
          <zone high="93" id="5" low="91"/>
          <zone high="95" id="6" low="93"/>
          <zone high="0" id="7" low="95"/>
        </zonedef>
        <zonedef type="2">
          <zone high="80" id="1" low="0"/>
          <zone high="87" id="2" low="80"/>
          <zone high="91" id="3" low="87"/>
          <zone high="100" id="4" low="91"/>
          <zone high="101" id="5" low="100"/>
          <zone high="105" id="6" low="101"/>
          <zone high="0" id="7" low="105"/>
        </zonedef>
        <zonedef type="3">
          <zone high="40" id="1" low="17"/>
          <zone high="55" id="2" low="40"/>
          <zone high="65" id="3" low="55"/>
          <zone high="75" id="4" low="65"/>
          <zone high="85" id="5" low="75"/>
          <zone high="110" id="6" low="85"/>
          <zone high="65535" id="7" low="110"/>
        </zonedef>
        <zonedef type="4">
          <zone high="55" id="1" low="23"/>
          <zone high="75" id="2" low="55"/>
          <zone high="90" id="3" low="75"/>
          <zone high="105" id="4" low="90"/>
          <zone high="120" id="5" low="105"/>
          <zone high="150" id="6" low="120"/>
          <zone high="65535" id="7" low="150"/>
        </zonedef>
      </user>
      <sys version="1.0.0.R041 BB2.8.0.14">Cardio60<apps><app version="148" name="bc"/></apps></sys>
      <sharetype>2</sharetype>
      <acttype subtype="0">1</acttype>
      <trvTime>30</trvTime>
      <trvDist>5072</trvDist>
      <stime>1432330126</stime>
      <etime>1432331970</etime>
    </extensions>
  </metadata>
  <rte>
    <number>2</number>
    <rtept lat="35.956827" lon="120.209766">
      <type>1</type>
    </rtept>
    <rtept lat="35.956632" lon="120.208515">
      <type>2</type>
    </rtept>
  </rte>
  <trk>
    <trkseg>
      <trkpt lat="35.956827" lon="120.209766">
        <ele>12.9</ele>
        <time>2015-05-22T21:28:59Z</time>
      </trkpt>
      <trkpt lat="35.956948" lon="120.209721">
        <ele>12.9</ele>
        <time>2015-05-22T21:29:03Z</time>
      </trkpt>
      <trkpt lat="35.957021" lon="120.209717">
        <ele>12.9</ele>
        <time>2015-05-22T21:29:07Z</time>
      </trkpt>
      <trkpt lat="35.957089" lon="120.209713">
        <ele>12.8</ele>
        <time>2015-05-22T21:29:15Z</time>
      </trkpt>
      <trkpt lat="35.957278" lon="120.209707">
        <ele>12.8</ele>
        <time>2015-05-22T21:29:19Z</time>
      </trkpt>
      <trkpt lat="35.957363" lon="120.209713">
        <ele>12.8</ele>
        <time>2015-05-22T21:29:23Z</time>
      </trkpt>
      <trkpt lat="35.957434" lon="120.20971">
        <ele>12.8</ele>
        <time>2015-05-22T21:29:27Z</time>
      </trkpt>
      <trkpt lat="35.957532" lon="120.209701">
        <ele>12.8</ele>
        <time>2015-05-22T21:29:35Z</time>
      </trkpt>
      <trkpt lat="35.957728" lon="120.209822">
        <ele>12.8</ele>
        <time>2015-05-22T21:29:39Z</time>
      </trkpt>
      <trkpt lat="35.957793" lon="120.209913">
        <ele>12.9</ele>
        <time>2015-05-22T21:29:43Z</time>
      </trkpt>
      <trkpt lat="35.95783" lon="120.210005">
        <ele>13.0</ele>
        <time>2015-05-22T21:29:47Z</time>
      </trkpt>
      <trkpt lat="35.957868" lon="120.210109">
        <ele>13.2</ele>
        <time>2015-05-22T21:29:55Z</time>
      </trkpt>
      <trkpt lat="35.957907" lon="120.210214">
        <ele>13.4</ele>
        <time>2015-05-22T21:29:59Z</time>
      </trkpt>
      <trkpt lat="35.957931" lon="120.210314">
        <ele>13.6</ele>
        <time>2015-05-22T21:30:03Z</time>
      </trkpt>
      <trkpt lat="35.957959" lon="120.210425">
        <ele>13.9</ele>
        <time>2015-05-22T21:30:07Z</time>
      </trkpt>
      <trkpt lat="35.958003" lon="120.210535">
        <ele>14.2</ele>
        <time>2015-05-22T21:30:11Z</time>
      </trkpt>
      <trkpt lat="35.958043" lon="120.210614">
        <ele>14.5</ele>
        <time>2015-05-22T21:30:15Z</time>
      </trkpt>
      <trkpt lat="35.958098" lon="120.21065">
        <ele>14.7</ele>
        <time>2015-05-22T21:30:19Z</time>
      </trkpt>
      <trkpt lat="35.958146" lon="120.210645">
        <ele>15.1</ele>
        <time>2015-05-22T21:30:23Z</time>
      </trkpt>
      <trkpt lat="35.958195" lon="120.210622">
        <ele>15.4</ele>
        <time>2015-05-22T21:30:27Z</time>
      </trkpt>
      <trkpt lat="35.958275" lon="120.210613">
        <ele>15.8</ele>
        <time>2015-05-22T21:30:31Z</time>
      </trkpt>
      <trkpt lat="35.958371" lon="120.210607">
        <ele>16.2</ele>
        <time>2015-05-22T21:30:35Z</time>
      </trkpt>
      <trkpt lat="35.958559" lon="120.210566">
        <ele>16.6</ele>
        <time>2015-05-22T21:30:39Z</time>
      </trkpt>
      <trkpt lat="35.958636" lon="120.21052">
        <ele>17.0</ele>
        <time>2015-05-22T21:30:43Z</time>
      </trkpt>
      <trkpt lat="35.958687" lon="120.210461">
        <ele>17.5</ele>
        <time>2015-05-22T21:30:51Z</time>
      </trkpt>
      <trkpt lat="35.958733" lon="120.21046">
        <ele>18.0</ele>
        <time>2015-05-22T21:30:55Z</time>
      </trkpt>
      <trkpt lat="35.958794" lon="120.210469">
        <ele>18.5</ele>
        <time>2015-05-22T21:30:59Z</time>
      </trkpt>
      <trkpt lat="35.95887" lon="120.21044">
        <ele>18.9</ele>
        <time>2015-05-22T21:31:03Z</time>
      </trkpt>
      <trkpt lat="35.959128" lon="120.210376">
        <ele>19.4</ele>
        <time>2015-05-22T21:31:07Z</time>
      </trkpt>
      <trkpt lat="35.959239" lon="120.210337">
        <ele>19.9</ele>
        <time>2015-05-22T21:31:11Z</time>
      </trkpt>
      <trkpt lat="35.959326" lon="120.210303">
        <ele>20.3</ele>
        <time>2015-05-22T21:31:15Z</time>
      </trkpt>
      <trkpt lat="35.959405" lon="120.21028">
        <ele>20.8</ele>
        <time>2015-05-22T21:31:19Z</time>
      </trkpt>
      <trkpt lat="35.959487" lon="120.210257">
        <ele>21.2</ele>
        <time>2015-05-22T21:31:23Z</time>
      </trkpt>
      <trkpt lat="35.959561" lon="120.210239">
        <ele>21.5</ele>
        <time>2015-05-22T21:31:31Z</time>
      </trkpt>
      <trkpt lat="35.959632" lon="120.210215">
        <ele>21.7</ele>
        <time>2015-05-22T21:31:35Z</time>
      </trkpt>
      <trkpt lat="35.959718" lon="120.210202">
        <ele>21.9</ele>
        <time>2015-05-22T21:31:39Z</time>
      </trkpt>
      <trkpt lat="35.959812" lon="120.210202">
        <ele>22.0</ele>
        <time>2015-05-22T21:31:43Z</time>
      </trkpt>
      <trkpt lat="35.959887" lon="120.210215">
        <ele>22.2</ele>
        <time>2015-05-22T21:31:47Z</time>
      </trkpt>
      <trkpt lat="35.959971" lon="120.210193">
        <ele>22.3</ele>
        <time>2015-05-22T21:31:51Z</time>
      </trkpt>
      <trkpt lat="35.96005" lon="120.210174">
        <ele>22.3</ele>
        <time>2015-05-22T21:31:55Z</time>
      </trkpt>
      <trkpt lat="35.960159" lon="120.210147">
        <ele>22.3</ele>
        <time>2015-05-22T21:31:59Z</time>
      </trkpt>
      <trkpt lat="35.960285" lon="120.210187">
        <ele>22.3</ele>
        <time>2015-05-22T21:32:03Z</time>
      </trkpt>
      <trkpt lat="35.960408" lon="120.210303">
        <ele>22.2</ele>
        <time>2015-05-22T21:32:07Z</time>
      </trkpt>
      <trkpt lat="35.96049" lon="120.210437">
        <ele>22.1</ele>
        <time>2015-05-22T21:32:11Z</time>
      </trkpt>
      <trkpt lat="35.960543" lon="120.210592">
        <ele>21.9</ele>
        <time>2015-05-22T21:32:15Z</time>
      </trkpt>
      <trkpt lat="35.960569" lon="120.21073">
        <ele>21.8</ele>
        <time>2015-05-22T21:32:19Z</time>
      </trkpt>
      <trkpt lat="35.960601" lon="120.210847">
        <ele>21.6</ele>
        <time>2015-05-22T21:32:23Z</time>
      </trkpt>
      <trkpt lat="35.960643" lon="120.210975">
        <ele>21.4</ele>
        <time>2015-05-22T21:32:27Z</time>
      </trkpt>
      <trkpt lat="35.960698" lon="120.211094">
        <ele>21.1</ele>
        <time>2015-05-22T21:32:31Z</time>
      </trkpt>
      <trkpt lat="35.960738" lon="120.21121">
        <ele>20.9</ele>
        <time>2015-05-22T21:32:35Z</time>
      </trkpt>
      <trkpt lat="35.96078" lon="120.21133">
        <ele>20.7</ele>
        <time>2015-05-22T21:32:39Z</time>
      </trkpt>
      <trkpt lat="35.960813" lon="120.211444">
        <ele>20.4</ele>
        <time>2015-05-22T21:32:43Z</time>
      </trkpt>
      <trkpt lat="35.960828" lon="120.211555">
        <ele>20.1</ele>
        <time>2015-05-22T21:32:47Z</time>
      </trkpt>
      <trkpt lat="35.960831" lon="120.211686">
        <ele>19.8</ele>
        <time>2015-05-22T21:32:51Z</time>
      </trkpt>
      <trkpt lat="35.960803" lon="120.211853">
        <ele>19.5</ele>
        <time>2015-05-22T21:32:55Z</time>
      </trkpt>
      <trkpt lat="35.960818" lon="120.211993">
        <ele>19.3</ele>
        <time>2015-05-22T21:32:59Z</time>
      </trkpt>
      <trkpt lat="35.960822" lon="120.212137">
        <ele>19.0</ele>
        <time>2015-05-22T21:33:03Z</time>
      </trkpt>
      <trkpt lat="35.96085" lon="120.212273">
        <ele>18.7</ele>
        <time>2015-05-22T21:33:07Z</time>
      </trkpt>
      <trkpt lat="35.960887" lon="120.212409">
        <ele>18.4</ele>
        <time>2015-05-22T21:33:11Z</time>
      </trkpt>
      <trkpt lat="35.960929" lon="120.212541">
        <ele>18.1</ele>
        <time>2015-05-22T21:33:15Z</time>
      </trkpt>
      <trkpt lat="35.96097" lon="120.212673">
        <ele>17.9</ele>
        <time>2015-05-22T21:33:19Z</time>
      </trkpt>
      <trkpt lat="35.961002" lon="120.212804">
        <ele>17.7</ele>
        <time>2015-05-22T21:33:23Z</time>
      </trkpt>
      <trkpt lat="35.961024" lon="120.212926">
        <ele>17.5</ele>
        <time>2015-05-22T21:33:27Z</time>
      </trkpt>
      <trkpt lat="35.961012" lon="120.213047">
        <ele>17.4</ele>
        <time>2015-05-22T21:33:31Z</time>
      </trkpt>
      <trkpt lat="35.960971" lon="120.213159">
        <ele>17.3</ele>
        <time>2015-05-22T21:33:35Z</time>
      </trkpt>
      <trkpt lat="35.960986" lon="120.21327">
        <ele>17.2</ele>
        <time>2015-05-22T21:33:39Z</time>
      </trkpt>
      <trkpt lat="35.961025" lon="120.213397">
        <ele>17.2</ele>
        <time>2015-05-22T21:33:43Z</time>
      </trkpt>
      <trkpt lat="35.961048" lon="120.213525">
        <ele>17.2</ele>
        <time>2015-05-22T21:33:47Z</time>
      </trkpt>
      <trkpt lat="35.961067" lon="120.213649">
        <ele>17.3</ele>
        <time>2015-05-22T21:33:51Z</time>
      </trkpt>
      <trkpt lat="35.961095" lon="120.213768">
        <ele>17.3</ele>
        <time>2015-05-22T21:33:55Z</time>
      </trkpt>
      <trkpt lat="35.961118" lon="120.213891">
        <ele>17.4</ele>
        <time>2015-05-22T21:33:59Z</time>
      </trkpt>
      <trkpt lat="35.961188" lon="120.213998">
        <ele>17.5</ele>
        <time>2015-05-22T21:34:03Z</time>
      </trkpt>
      <trkpt lat="35.961241" lon="120.214099">
        <ele>17.6</ele>
        <time>2015-05-22T21:34:07Z</time>
      </trkpt>
      <trkpt lat="35.961274" lon="120.214215">
        <ele>17.7</ele>
        <time>2015-05-22T21:34:11Z</time>
      </trkpt>
      <trkpt lat="35.961326" lon="120.214315">
        <ele>17.8</ele>
        <time>2015-05-22T21:34:15Z</time>
      </trkpt>
      <trkpt lat="35.961363" lon="120.214437">
        <ele>18.0</ele>
        <time>2015-05-22T21:34:19Z</time>
      </trkpt>
      <trkpt lat="35.961356" lon="120.214583">
        <ele>18.2</ele>
        <time>2015-05-22T21:34:23Z</time>
      </trkpt>
      <trkpt lat="35.961359" lon="120.214715">
        <ele>18.4</ele>
        <time>2015-05-22T21:34:27Z</time>
      </trkpt>
      <trkpt lat="35.961362" lon="120.214847">
        <ele>18.6</ele>
        <time>2015-05-22T21:34:31Z</time>
      </trkpt>
      <trkpt lat="35.961371" lon="120.214973">
        <ele>18.9</ele>
        <time>2015-05-22T21:34:35Z</time>
      </trkpt>
      <trkpt lat="35.961413" lon="120.215086">
        <ele>19.2</ele>
        <time>2015-05-22T21:34:39Z</time>
      </trkpt>
      <trkpt lat="35.961482" lon="120.215192">
        <ele>19.4</ele>
        <time>2015-05-22T21:34:43Z</time>
      </trkpt>
      <trkpt lat="35.96153" lon="120.21529">
        <ele>19.6</ele>
        <time>2015-05-22T21:34:47Z</time>
      </trkpt>
      <trkpt lat="35.961573" lon="120.215382">
        <ele>19.8</ele>
        <time>2015-05-22T21:34:51Z</time>
      </trkpt>
      <trkpt lat="35.9616" lon="120.215499">
        <ele>19.9</ele>
        <time>2015-05-22T21:34:55Z</time>
      </trkpt>
      <trkpt lat="35.961607" lon="120.215639">
        <ele>19.9</ele>
        <time>2015-05-22T21:34:59Z</time>
      </trkpt>
      <trkpt lat="35.96163" lon="120.215775">
        <ele>20.0</ele>
        <time>2015-05-22T21:35:03Z</time>
      </trkpt>
      <trkpt lat="35.961668" lon="120.21593">
        <ele>20.0</ele>
        <time>2015-05-22T21:35:07Z</time>
      </trkpt>
      <trkpt lat="35.961708" lon="120.216061">
        <ele>20.0</ele>
        <time>2015-05-22T21:35:11Z</time>
      </trkpt>
      <trkpt lat="35.961764" lon="120.216166">
        <ele>20.0</ele>
        <time>2015-05-22T21:35:15Z</time>
      </trkpt>
      <trkpt lat="35.961828" lon="120.216259">
        <ele>19.9</ele>
        <time>2015-05-22T21:35:19Z</time>
      </trkpt>
      <trkpt lat="35.961873" lon="120.216382">
        <ele>19.9</ele>
        <time>2015-05-22T21:35:27Z</time>
      </trkpt>
      <trkpt lat="35.961911" lon="120.216507">
        <ele>19.8</ele>
        <time>2015-05-22T21:35:31Z</time>
      </trkpt>
      <trkpt lat="35.961938" lon="120.216633">
        <ele>19.6</ele>
        <time>2015-05-22T21:35:35Z</time>
      </trkpt>
      <trkpt lat="35.962005" lon="120.216893">
        <ele>19.5</ele>
        <time>2015-05-22T21:35:39Z</time>
      </trkpt>
      <trkpt lat="35.962031" lon="120.217007">
        <ele>19.4</ele>
        <time>2015-05-22T21:35:43Z</time>
      </trkpt>
      <trkpt lat="35.962065" lon="120.217122">
        <ele>19.2</ele>
        <time>2015-05-22T21:35:47Z</time>
      </trkpt>
      <trkpt lat="35.962126" lon="120.217222">
        <ele>19.0</ele>
        <time>2015-05-22T21:35:51Z</time>
      </trkpt>
      <trkpt lat="35.962171" lon="120.217309">
        <ele>18.8</ele>
        <time>2015-05-22T21:35:59Z</time>
      </trkpt>
      <trkpt lat="35.962237" lon="120.217426">
        <ele>18.7</ele>
        <time>2015-05-22T21:36:03Z</time>
      </trkpt>
      <trkpt lat="35.962325" lon="120.217694">
        <ele>18.5</ele>
        <time>2015-05-22T21:36:07Z</time>
      </trkpt>
      <trkpt lat="35.96237" lon="120.217822">
        <ele>18.4</ele>
        <time>2015-05-22T21:36:11Z</time>
      </trkpt>
      <trkpt lat="35.962409" lon="120.217954">
        <ele>18.2</ele>
        <time>2015-05-22T21:36:19Z</time>
      </trkpt>
      <trkpt lat="35.962478" lon="120.218203">
        <ele>18.2</ele>
        <time>2015-05-22T21:36:23Z</time>
      </trkpt>
      <trkpt lat="35.962524" lon="120.218323">
        <ele>18.1</ele>
        <time>2015-05-22T21:36:31Z</time>
      </trkpt>
      <trkpt lat="35.96257" lon="120.218445">
        <ele>18.1</ele>
        <time>2015-05-22T21:36:35Z</time>
      </trkpt>
      <trkpt lat="35.962622" lon="120.218563">
        <ele>18.1</ele>
        <time>2015-05-22T21:36:39Z</time>
      </trkpt>
      <trkpt lat="35.962716" lon="120.21879">
        <ele>18.1</ele>
        <time>2015-05-22T21:36:43Z</time>
      </trkpt>
      <trkpt lat="35.962752" lon="120.218902">
        <ele>18.1</ele>
        <time>2015-05-22T21:36:51Z</time>
      </trkpt>
      <trkpt lat="35.962803" lon="120.219001">
        <ele>18.1</ele>
        <time>2015-05-22T21:36:55Z</time>
      </trkpt>
      <trkpt lat="35.962848" lon="120.219107">
        <ele>18.0</ele>
        <time>2015-05-22T21:36:59Z</time>
      </trkpt>
      <trkpt lat="35.962907" lon="120.219315">
        <ele>18.0</ele>
        <time>2015-05-22T21:37:03Z</time>
      </trkpt>
      <trkpt lat="35.962942" lon="120.219424">
        <ele>18.0</ele>
        <time>2015-05-22T21:37:07Z</time>
      </trkpt>
      <trkpt lat="35.962984" lon="120.219532">
        <ele>18.0</ele>
        <time>2015-05-22T21:37:15Z</time>
      </trkpt>
      <trkpt lat="35.963034" lon="120.219654">
        <ele>18.0</ele>
        <time>2015-05-22T21:37:19Z</time>
      </trkpt>
      <trkpt lat="35.963086" lon="120.219768">
        <ele>18.0</ele>
        <time>2015-05-22T21:37:23Z</time>
      </trkpt>
      <trkpt lat="35.963148" lon="120.219893">
        <ele>18.0</ele>
        <time>2015-05-22T21:37:27Z</time>
      </trkpt>
      <trkpt lat="35.963248" lon="120.220128">
        <ele>18.0</ele>
        <time>2015-05-22T21:37:31Z</time>
      </trkpt>
      <trkpt lat="35.963281" lon="120.220242">
        <ele>17.9</ele>
        <time>2015-05-22T21:37:35Z</time>
      </trkpt>
      <trkpt lat="35.963335" lon="120.220356">
        <ele>17.7</ele>
        <time>2015-05-22T21:37:39Z</time>
      </trkpt>
      <trkpt lat="35.963407" lon="120.220466">
        <ele>17.6</ele>
        <time>2015-05-22T21:37:43Z</time>
      </trkpt>
      <trkpt lat="35.963486" lon="120.220593">
        <ele>17.4</ele>
        <time>2015-05-22T21:37:47Z</time>
      </trkpt>
      <trkpt lat="35.963554" lon="120.220722">
        <ele>17.1</ele>
        <time>2015-05-22T21:37:55Z</time>
      </trkpt>
      <trkpt lat="35.963633" lon="120.220845">
        <ele>16.9</ele>
        <time>2015-05-22T21:37:59Z</time>
      </trkpt>
      <trkpt lat="35.96379" lon="120.221043">
        <ele>16.5</ele>
        <time>2015-05-22T21:38:03Z</time>
      </trkpt>
      <trkpt lat="35.963839" lon="120.221148">
        <ele>16.2</ele>
        <time>2015-05-22T21:38:07Z</time>
      </trkpt>
      <trkpt lat="35.963839" lon="120.221297">
        <ele>15.7</ele>
        <time>2015-05-22T21:38:15Z</time>
      </trkpt>
      <trkpt lat="35.963886" lon="120.221422">
        <ele>15.1</ele>
        <time>2015-05-22T21:38:19Z</time>
      </trkpt>
      <trkpt lat="35.963984" lon="120.221668">
        <ele>14.5</ele>
        <time>2015-05-22T21:38:23Z</time>
      </trkpt>
      <trkpt lat="35.963982" lon="120.221826">
        <ele>13.9</ele>
        <time>2015-05-22T21:38:27Z</time>
      </trkpt>
      <trkpt lat="35.964047" lon="120.221948">
        <ele>13.3</ele>
        <time>2015-05-22T21:38:31Z</time>
      </trkpt>
      <trkpt lat="35.964118" lon="120.222052">
        <ele>12.7</ele>
        <time>2015-05-22T21:38:35Z</time>
      </trkpt>
      <trkpt lat="35.964182" lon="120.222154">
        <ele>12.1</ele>
        <time>2015-05-22T21:38:39Z</time>
      </trkpt>
      <trkpt lat="35.964239" lon="120.222245">
        <ele>11.4</ele>
        <time>2015-05-22T21:38:47Z</time>
      </trkpt>
      <trkpt lat="35.964282" lon="120.222355">
        <ele>10.8</ele>
        <time>2015-05-22T21:38:51Z</time>
      </trkpt>
      <trkpt lat="35.964303" lon="120.222482">
        <ele>10.2</ele>
        <time>2015-05-22T21:38:55Z</time>
      </trkpt>
      <trkpt lat="35.964417" lon="120.222697">
        <ele>9.5</ele>
        <time>2015-05-22T21:38:59Z</time>
      </trkpt>
      <trkpt lat="35.964503" lon="120.222781">
        <ele>8.9</ele>
        <time>2015-05-22T21:39:03Z</time>
      </trkpt>
      <trkpt lat="35.964595" lon="120.222884">
        <ele>8.3</ele>
        <time>2015-05-22T21:39:07Z</time>
      </trkpt>
      <trkpt lat="35.964687" lon="120.223003">
        <ele>7.7</ele>
        <time>2015-05-22T21:39:15Z</time>
      </trkpt>
      <trkpt lat="35.964829" lon="120.223232">
        <ele>7.2</ele>
        <time>2015-05-22T21:39:19Z</time>
      </trkpt>
      <trkpt lat="35.964906" lon="120.223343">
        <ele>6.7</ele>
        <time>2015-05-22T21:39:23Z</time>
      </trkpt>
      <trkpt lat="35.964962" lon="120.223457">
        <ele>6.2</ele>
        <time>2015-05-22T21:39:27Z</time>
      </trkpt>
      <trkpt lat="35.96499" lon="120.22358">
        <ele>5.7</ele>
        <time>2015-05-22T21:39:31Z</time>
      </trkpt>
      <trkpt lat="35.965024" lon="120.223682">
        <ele>5.2</ele>
        <time>2015-05-22T21:39:35Z</time>
      </trkpt>
      <trkpt lat="35.965031" lon="120.223827">
        <ele>4.8</ele>
        <time>2015-05-22T21:39:43Z</time>
      </trkpt>
      <trkpt lat="35.965023" lon="120.223995">
        <ele>4.5</ele>
        <time>2015-05-22T21:39:47Z</time>
      </trkpt>
      <trkpt lat="35.964987" lon="120.22415">
        <ele>4.3</ele>
        <time>2015-05-22T21:39:51Z</time>
      </trkpt>
      <trkpt lat="35.96494" lon="120.224271">
        <ele>4.1</ele>
        <time>2015-05-22T21:39:55Z</time>
      </trkpt>
      <trkpt lat="35.964782" lon="120.224386">
        <ele>4.0</ele>
        <time>2015-05-22T21:39:59Z</time>
      </trkpt>
      <trkpt lat="35.964694" lon="120.224419">
        <ele>3.9</ele>
        <time>2015-05-22T21:40:07Z</time>
      </trkpt>
      <trkpt lat="35.964596" lon="120.224452">
        <ele>3.9</ele>
        <time>2015-05-22T21:40:11Z</time>
      </trkpt>
      <trkpt lat="35.9645" lon="120.224484">
        <ele>3.8</ele>
        <time>2015-05-22T21:40:15Z</time>
      </trkpt>
      <trkpt lat="35.96432" lon="120.224535">
        <ele>3.8</ele>
        <time>2015-05-22T21:40:19Z</time>
      </trkpt>
      <trkpt lat="35.964226" lon="120.224576">
        <ele>3.8</ele>
        <time>2015-05-22T21:40:23Z</time>
      </trkpt>
      <trkpt lat="35.964137" lon="120.224604">
        <ele>3.8</ele>
        <time>2015-05-22T21:40:27Z</time>
      </trkpt>
      <trkpt lat="35.964046" lon="120.224633">
        <ele>3.8</ele>
        <time>2015-05-22T21:40:35Z</time>
      </trkpt>
      <trkpt lat="35.963935" lon="120.224678">
        <ele>3.9</ele>
        <time>2015-05-22T21:40:39Z</time>
      </trkpt>
      <trkpt lat="35.963832" lon="120.224726">
        <ele>4.0</ele>
        <time>2015-05-22T21:40:43Z</time>
      </trkpt>
      <trkpt lat="35.96372" lon="120.224762">
        <ele>4.1</ele>
        <time>2015-05-22T21:40:47Z</time>
      </trkpt>
      <trkpt lat="35.963605" lon="120.224797">
        <ele>4.3</ele>
        <time>2015-05-22T21:40:51Z</time>
      </trkpt>
      <trkpt lat="35.963499" lon="120.224828">
        <ele>4.5</ele>
        <time>2015-05-22T21:40:55Z</time>
      </trkpt>
      <trkpt lat="35.963274" lon="120.224954">
        <ele>4.7</ele>
        <time>2015-05-22T21:40:59Z</time>
      </trkpt>
      <trkpt lat="35.963165" lon="120.224997">
        <ele>4.9</ele>
        <time>2015-05-22T21:41:03Z</time>
      </trkpt>
      <trkpt lat="35.963081" lon="120.22502">
        <ele>5.1</ele>
        <time>2015-05-22T21:41:07Z</time>
      </trkpt>
      <trkpt lat="35.962996" lon="120.225036">
        <ele>5.3</ele>
        <time>2015-05-22T21:41:15Z</time>
      </trkpt>
      <trkpt lat="35.962916" lon="120.225066">
        <ele>5.5</ele>
        <time>2015-05-22T21:41:19Z</time>
      </trkpt>
      <trkpt lat="35.962836" lon="120.225097">
        <ele>5.7</ele>
        <time>2015-05-22T21:41:23Z</time>
      </trkpt>
      <trkpt lat="35.962653" lon="120.225188">
        <ele>6.0</ele>
        <time>2015-05-22T21:41:27Z</time>
      </trkpt>
      <trkpt lat="35.962563" lon="120.225227">
        <ele>6.2</ele>
        <time>2015-05-22T21:41:35Z</time>
      </trkpt>
      <trkpt lat="35.962471" lon="120.225279">
        <ele>6.4</ele>
        <time>2015-05-22T21:41:39Z</time>
      </trkpt>
      <trkpt lat="35.962374" lon="120.225328">
        <ele>6.7</ele>
        <time>2015-05-22T21:41:43Z</time>
      </trkpt>
      <trkpt lat="35.962283" lon="120.225364">
        <ele>6.9</ele>
        <time>2015-05-22T21:41:47Z</time>
      </trkpt>
      <trkpt lat="35.962189" lon="120.225435">
        <ele>7.2</ele>
        <time>2015-05-22T21:41:51Z</time>
      </trkpt>
      <trkpt lat="35.962084" lon="120.225496">
        <ele>7.5</ele>
        <time>2015-05-22T21:41:55Z</time>
      </trkpt>
      <trkpt lat="35.961997" lon="120.225538">
        <ele>7.9</ele>
        <time>2015-05-22T21:41:59Z</time>
      </trkpt>
      <trkpt lat="35.961923" lon="120.225573">
        <ele>8.3</ele>
        <time>2015-05-22T21:42:03Z</time>
      </trkpt>
      <trkpt lat="35.961831" lon="120.225621">
        <ele>8.6</ele>
        <time>2015-05-22T21:42:07Z</time>
      </trkpt>
      <trkpt lat="35.961749" lon="120.225663">
        <ele>9.0</ele>
        <time>2015-05-22T21:42:11Z</time>
      </trkpt>
      <trkpt lat="35.961669" lon="120.225696">
        <ele>9.4</ele>
        <time>2015-05-22T21:42:15Z</time>
      </trkpt>
      <trkpt lat="35.961591" lon="120.225718">
        <ele>9.8</ele>
        <time>2015-05-22T21:42:19Z</time>
      </trkpt>
      <trkpt lat="35.961503" lon="120.225753">
        <ele>10.3</ele>
        <time>2015-05-22T21:42:23Z</time>
      </trkpt>
      <trkpt lat="35.961329" lon="120.225837">
        <ele>10.7</ele>
        <time>2015-05-22T21:42:27Z</time>
      </trkpt>
      <trkpt lat="35.961234" lon="120.225862">
        <ele>11.1</ele>
        <time>2015-05-22T21:42:31Z</time>
      </trkpt>
      <trkpt lat="35.961147" lon="120.225885">
        <ele>11.6</ele>
        <time>2015-05-22T21:42:35Z</time>
      </trkpt>
      <trkpt lat="35.961065" lon="120.225912">
        <ele>12.0</ele>
        <time>2015-05-22T21:42:43Z</time>
      </trkpt>
      <trkpt lat="35.960982" lon="120.225935">
        <ele>12.5</ele>
        <time>2015-05-22T21:42:47Z</time>
      </trkpt>
      <trkpt lat="35.960893" lon="120.225955">
        <ele>12.9</ele>
        <time>2015-05-22T21:42:51Z</time>
      </trkpt>
      <trkpt lat="35.960805" lon="120.22598">
        <ele>13.4</ele>
        <time>2015-05-22T21:42:55Z</time>
      </trkpt>
      <trkpt lat="35.960627" lon="120.225996">
        <ele>13.9</ele>
        <time>2015-05-22T21:42:59Z</time>
      </trkpt>
      <trkpt lat="35.960533" lon="120.22601">
        <ele>14.4</ele>
        <time>2015-05-22T21:43:03Z</time>
      </trkpt>
      <trkpt lat="35.960435" lon="120.226047">
        <ele>14.9</ele>
        <time>2015-05-22T21:43:11Z</time>
      </trkpt>
      <trkpt lat="35.960351" lon="120.226096">
        <ele>15.4</ele>
        <time>2015-05-22T21:43:15Z</time>
      </trkpt>
      <trkpt lat="35.960262" lon="120.226145">
        <ele>15.9</ele>
        <time>2015-05-22T21:43:19Z</time>
      </trkpt>
      <trkpt lat="35.960169" lon="120.226193">
        <ele>16.4</ele>
        <time>2015-05-22T21:43:23Z</time>
      </trkpt>
      <trkpt lat="35.960077" lon="120.22623">
        <ele>16.9</ele>
        <time>2015-05-22T21:43:27Z</time>
      </trkpt>
      <trkpt lat="35.959993" lon="120.226274">
        <ele>17.3</ele>
        <time>2015-05-22T21:43:31Z</time>
      </trkpt>
      <trkpt lat="35.959919" lon="120.226317">
        <ele>17.8</ele>
        <time>2015-05-22T21:43:35Z</time>
      </trkpt>
      <trkpt lat="35.95983" lon="120.226354">
        <ele>18.2</ele>
        <time>2015-05-22T21:43:39Z</time>
      </trkpt>
      <trkpt lat="35.95973" lon="120.226382">
        <ele>18.6</ele>
        <time>2015-05-22T21:43:43Z</time>
      </trkpt>
      <trkpt lat="35.959555" lon="120.226448">
        <ele>19.0</ele>
        <time>2015-05-22T21:43:47Z</time>
      </trkpt>
      <trkpt lat="35.959483" lon="120.226484">
        <ele>19.4</ele>
        <time>2015-05-22T21:43:51Z</time>
      </trkpt>
      <trkpt lat="35.959418" lon="120.226521">
        <ele>19.7</ele>
        <time>2015-05-22T21:43:55Z</time>
      </trkpt>
      <trkpt lat="35.959343" lon="120.226558">
        <ele>20.0</ele>
        <time>2015-05-22T21:44:03Z</time>
      </trkpt>
      <trkpt lat="35.959258" lon="120.226598">
        <ele>20.2</ele>
        <time>2015-05-22T21:44:07Z</time>
      </trkpt>
      <trkpt lat="35.959174" lon="120.22664">
        <ele>20.5</ele>
        <time>2015-05-22T21:44:11Z</time>
      </trkpt>
      <trkpt lat="35.959005" lon="120.226722">
        <ele>20.7</ele>
        <time>2015-05-22T21:44:15Z</time>
      </trkpt>
      <trkpt lat="35.958921" lon="120.226773">
        <ele>20.9</ele>
        <time>2015-05-22T21:44:19Z</time>
      </trkpt>
      <trkpt lat="35.958834" lon="120.226811">
        <ele>21.1</ele>
        <time>2015-05-22T21:44:23Z</time>
      </trkpt>
      <trkpt lat="35.958747" lon="120.226852">
        <ele>21.3</ele>
        <time>2015-05-22T21:44:31Z</time>
      </trkpt>
      <trkpt lat="35.958661" lon="120.226877">
        <ele>21.5</ele>
        <time>2015-05-22T21:44:35Z</time>
      </trkpt>
      <trkpt lat="35.958567" lon="120.22687">
        <ele>21.6</ele>
        <time>2015-05-22T21:44:39Z</time>
      </trkpt>
      <trkpt lat="35.958475" lon="120.226821">
        <ele>21.7</ele>
        <time>2015-05-22T21:44:43Z</time>
      </trkpt>
      <trkpt lat="35.958319" lon="120.226664">
        <ele>21.8</ele>
        <time>2015-05-22T21:44:47Z</time>
      </trkpt>
      <trkpt lat="35.958258" lon="120.226576">
        <ele>21.8</ele>
        <time>2015-05-22T21:44:51Z</time>
      </trkpt>
      <trkpt lat="35.958192" lon="120.226486">
        <ele>21.8</ele>
        <time>2015-05-22T21:44:55Z</time>
      </trkpt>
      <trkpt lat="35.958138" lon="120.226396">
        <ele>21.9</ele>
        <time>2015-05-22T21:44:59Z</time>
      </trkpt>
      <trkpt lat="35.95807" lon="120.226294">
        <ele>21.8</ele>
        <time>2015-05-22T21:45:03Z</time>
      </trkpt>
      <trkpt lat="35.957997" lon="120.226188">
        <ele>21.8</ele>
        <time>2015-05-22T21:45:11Z</time>
      </trkpt>
      <trkpt lat="35.957826" lon="120.226006">
        <ele>21.8</ele>
        <time>2015-05-22T21:45:15Z</time>
      </trkpt>
      <trkpt lat="35.957734" lon="120.22593">
        <ele>21.7</ele>
        <time>2015-05-22T21:45:19Z</time>
      </trkpt>
      <trkpt lat="35.957645" lon="120.225856">
        <ele>21.7</ele>
        <time>2015-05-22T21:45:23Z</time>
      </trkpt>
      <trkpt lat="35.957563" lon="120.225768">
        <ele>21.6</ele>
        <time>2015-05-22T21:45:31Z</time>
      </trkpt>
      <trkpt lat="35.957503" lon="120.225666">
        <ele>21.5</ele>
        <time>2015-05-22T21:45:35Z</time>
      </trkpt>
      <trkpt lat="35.957456" lon="120.225554">
        <ele>21.5</ele>
        <time>2015-05-22T21:45:39Z</time>
      </trkpt>
      <trkpt lat="35.957352" lon="120.225318">
        <ele>21.4</ele>
        <time>2015-05-22T21:45:43Z</time>
      </trkpt>
      <trkpt lat="35.957308" lon="120.225212">
        <ele>21.2</ele>
        <time>2015-05-22T21:45:47Z</time>
      </trkpt>
      <trkpt lat="35.957253" lon="120.225118">
        <ele>21.1</ele>
        <time>2015-05-22T21:45:51Z</time>
      </trkpt>
      <trkpt lat="35.957186" lon="120.225027">
        <ele>20.9</ele>
        <time>2015-05-22T21:45:55Z</time>
      </trkpt>
      <trkpt lat="35.957113" lon="120.224946">
        <ele>20.8</ele>
        <time>2015-05-22T21:45:59Z</time>
      </trkpt>
      <trkpt lat="35.956973" lon="120.224792">
        <ele>20.6</ele>
        <time>2015-05-22T21:46:07Z</time>
      </trkpt>
      <trkpt lat="35.956919" lon="120.224705">
        <ele>20.4</ele>
        <time>2015-05-22T21:46:11Z</time>
      </trkpt>
      <trkpt lat="35.956854" lon="120.224617">
        <ele>20.2</ele>
        <time>2015-05-22T21:46:15Z</time>
      </trkpt>
      <trkpt lat="35.956784" lon="120.22452">
        <ele>19.9</ele>
        <time>2015-05-22T21:46:19Z</time>
      </trkpt>
      <trkpt lat="35.956702" lon="120.224436">
        <ele>19.7</ele>
        <time>2015-05-22T21:46:27Z</time>
      </trkpt>
      <trkpt lat="35.956629" lon="120.224331">
        <ele>19.5</ele>
        <time>2015-05-22T21:46:31Z</time>
      </trkpt>
      <trkpt lat="35.956504" lon="120.224105">
        <ele>19.2</ele>
        <time>2015-05-22T21:46:35Z</time>
      </trkpt>
      <trkpt lat="35.95644" lon="120.224015">
        <ele>19.0</ele>
        <time>2015-05-22T21:46:39Z</time>
      </trkpt>
      <trkpt lat="35.956381" lon="120.223913">
        <ele>18.8</ele>
        <time>2015-05-22T21:46:43Z</time>
      </trkpt>
      <trkpt lat="35.956346" lon="120.223804">
        <ele>18.5</ele>
        <time>2015-05-22T21:46:47Z</time>
      </trkpt>
      <trkpt lat="35.956302" lon="120.223706">
        <ele>18.3</ele>
        <time>2015-05-22T21:46:51Z</time>
      </trkpt>
      <trkpt lat="35.956237" lon="120.223609">
        <ele>18.0</ele>
        <time>2015-05-22T21:46:59Z</time>
      </trkpt>
      <trkpt lat="35.956172" lon="120.223484">
        <ele>17.7</ele>
        <time>2015-05-22T21:47:03Z</time>
      </trkpt>
      <trkpt lat="35.95611" lon="120.223356">
        <ele>17.5</ele>
        <time>2015-05-22T21:47:07Z</time>
      </trkpt>
      <trkpt lat="35.955993" lon="120.223137">
        <ele>17.3</ele>
        <time>2015-05-22T21:47:11Z</time>
      </trkpt>
      <trkpt lat="35.955935" lon="120.223033">
        <ele>17.0</ele>
        <time>2015-05-22T21:47:19Z</time>
      </trkpt>
      <trkpt lat="35.955831" lon="120.222815">
        <ele>16.8</ele>
        <time>2015-05-22T21:47:23Z</time>
      </trkpt>
      <trkpt lat="35.955765" lon="120.222722">
        <ele>16.7</ele>
        <time>2015-05-22T21:47:27Z</time>
      </trkpt>
      <trkpt lat="35.955694" lon="120.222641">
        <ele>16.6</ele>
        <time>2015-05-22T21:47:31Z</time>
      </trkpt>
      <trkpt lat="35.955619" lon="120.222552">
        <ele>16.5</ele>
        <time>2015-05-22T21:47:35Z</time>
      </trkpt>
      <trkpt lat="35.955545" lon="120.222462">
        <ele>16.5</ele>
        <time>2015-05-22T21:47:39Z</time>
      </trkpt>
      <trkpt lat="35.95546" lon="120.222388">
        <ele>16.4</ele>
        <time>2015-05-22T21:47:47Z</time>
      </trkpt>
      <trkpt lat="35.955346" lon="120.222194">
        <ele>16.4</ele>
        <time>2015-05-22T21:47:51Z</time>
      </trkpt>
      <trkpt lat="35.955332" lon="120.222072">
        <ele>16.4</ele>
        <time>2015-05-22T21:47:55Z</time>
      </trkpt>
      <trkpt lat="35.955276" lon="120.221973">
        <ele>16.5</ele>
        <time>2015-05-22T21:48:03Z</time>
      </trkpt>
      <trkpt lat="35.955223" lon="120.221862">
        <ele>16.5</ele>
        <time>2015-05-22T21:48:07Z</time>
      </trkpt>
      <trkpt lat="35.955191" lon="120.221741">
        <ele>16.6</ele>
        <time>2015-05-22T21:48:11Z</time>
      </trkpt>
      <trkpt lat="35.955116" lon="120.221507">
        <ele>16.6</ele>
        <time>2015-05-22T21:48:15Z</time>
      </trkpt>
      <trkpt lat="35.955059" lon="120.221397">
        <ele>16.7</ele>
        <time>2015-05-22T21:48:19Z</time>
      </trkpt>
      <trkpt lat="35.955" lon="120.221293">
        <ele>16.8</ele>
        <time>2015-05-22T21:48:23Z</time>
      </trkpt>
      <trkpt lat="35.954946" lon="120.221189">
        <ele>16.9</ele>
        <time>2015-05-22T21:48:27Z</time>
      </trkpt>
      <trkpt lat="35.954891" lon="120.221069">
        <ele>16.9</ele>
        <time>2015-05-22T21:48:35Z</time>
      </trkpt>
      <trkpt lat="35.954837" lon="120.220944">
        <ele>17.0</ele>
        <time>2015-05-22T21:48:39Z</time>
      </trkpt>
      <trkpt lat="35.954723" lon="120.220727">
        <ele>17.1</ele>
        <time>2015-05-22T21:48:43Z</time>
      </trkpt>
      <trkpt lat="35.954672" lon="120.220623">
        <ele>17.2</ele>
        <time>2015-05-22T21:48:47Z</time>
      </trkpt>
      <trkpt lat="35.954618" lon="120.220523">
        <ele>17.3</ele>
        <time>2015-05-22T21:48:51Z</time>
      </trkpt>
      <trkpt lat="35.95457" lon="120.220418">
        <ele>17.3</ele>
        <time>2015-05-22T21:48:55Z</time>
      </trkpt>
      <trkpt lat="35.954522" lon="120.220316">
        <ele>17.3</ele>
        <time>2015-05-22T21:48:59Z</time>
      </trkpt>
      <trkpt lat="35.954476" lon="120.220211">
        <ele>17.3</ele>
        <time>2015-05-22T21:49:07Z</time>
      </trkpt>
      <trkpt lat="35.954439" lon="120.220098">
        <ele>17.3</ele>
        <time>2015-05-22T21:49:11Z</time>
      </trkpt>
      <trkpt lat="35.954359" lon="120.219847">
        <ele>17.2</ele>
        <time>2015-05-22T21:49:15Z</time>
      </trkpt>
      <trkpt lat="35.954315" lon="120.219729">
        <ele>17.0</ele>
        <time>2015-05-22T21:49:19Z</time>
      </trkpt>
      <trkpt lat="35.95426" lon="120.219609">
        <ele>16.9</ele>
        <time>2015-05-22T21:49:23Z</time>
      </trkpt>
      <trkpt lat="35.954207" lon="120.219495">
        <ele>16.6</ele>
        <time>2015-05-22T21:49:27Z</time>
      </trkpt>
      <trkpt lat="35.954163" lon="120.219384">
        <ele>16.4</ele>
        <time>2015-05-22T21:49:35Z</time>
      </trkpt>
      <trkpt lat="35.954123" lon="120.21928">
        <ele>16.1</ele>
        <time>2015-05-22T21:49:39Z</time>
      </trkpt>
      <trkpt lat="35.954026" lon="120.219043">
        <ele>15.8</ele>
        <time>2015-05-22T21:49:43Z</time>
      </trkpt>
      <trkpt lat="35.953974" lon="120.218922">
        <ele>15.4</ele>
        <time>2015-05-22T21:49:47Z</time>
      </trkpt>
      <trkpt lat="35.953926" lon="120.218815">
        <ele>15.0</ele>
        <time>2015-05-22T21:49:51Z</time>
      </trkpt>
      <trkpt lat="35.953886" lon="120.218711">
        <ele>14.6</ele>
        <time>2015-05-22T21:49:55Z</time>
      </trkpt>
      <trkpt lat="35.953797" lon="120.218478">
        <ele>14.2</ele>
        <time>2015-05-22T21:50:03Z</time>
      </trkpt>
      <trkpt lat="35.953748" lon="120.218359">
        <ele>13.7</ele>
        <time>2015-05-22T21:50:07Z</time>
      </trkpt>
      <trkpt lat="35.953708" lon="120.218235">
        <ele>13.2</ele>
        <time>2015-05-22T21:50:11Z</time>
      </trkpt>
      <trkpt lat="35.953683" lon="120.218108">
        <ele>12.8</ele>
        <time>2015-05-22T21:50:15Z</time>
      </trkpt>
      <trkpt lat="35.953654" lon="120.217985">
        <ele>12.2</ele>
        <time>2015-05-22T21:50:19Z</time>
      </trkpt>
      <trkpt lat="35.953621" lon="120.21787">
        <ele>11.7</ele>
        <time>2015-05-22T21:50:23Z</time>
      </trkpt>
      <trkpt lat="35.953584" lon="120.217756">
        <ele>11.1</ele>
        <time>2015-05-22T21:50:27Z</time>
      </trkpt>
      <trkpt lat="35.953559" lon="120.217642">
        <ele>10.6</ele>
        <time>2015-05-22T21:50:35Z</time>
      </trkpt>
      <trkpt lat="35.953494" lon="120.217407">
        <ele>10.0</ele>
        <time>2015-05-22T21:50:39Z</time>
      </trkpt>
      <trkpt lat="35.953459" lon="120.217285">
        <ele>9.4</ele>
        <time>2015-05-22T21:50:43Z</time>
      </trkpt>
      <trkpt lat="35.953422" lon="120.217165">
        <ele>8.9</ele>
        <time>2015-05-22T21:50:47Z</time>
      </trkpt>
      <trkpt lat="35.953383" lon="120.217056">
        <ele>8.4</ele>
        <time>2015-05-22T21:50:55Z</time>
      </trkpt>
      <trkpt lat="35.953347" lon="120.216934">
        <ele>7.8</ele>
        <time>2015-05-22T21:50:59Z</time>
      </trkpt>
      <trkpt lat="35.953312" lon="120.216806">
        <ele>7.4</ele>
        <time>2015-05-22T21:51:03Z</time>
      </trkpt>
      <trkpt lat="35.953284" lon="120.216681">
        <ele>6.9</ele>
        <time>2015-05-22T21:51:07Z</time>
      </trkpt>
      <trkpt lat="35.953216" lon="120.216435">
        <ele>6.4</ele>
        <time>2015-05-22T21:51:11Z</time>
      </trkpt>
      <trkpt lat="35.953197" lon="120.216311">
        <ele>5.9</ele>
        <time>2015-05-22T21:51:15Z</time>
      </trkpt>
      <trkpt lat="35.953167" lon="120.216182">
        <ele>5.5</ele>
        <time>2015-05-22T21:51:19Z</time>
      </trkpt>
      <trkpt lat="35.953147" lon="120.216063">
        <ele>5.0</ele>
        <time>2015-05-22T21:51:23Z</time>
      </trkpt>
      <trkpt lat="35.953128" lon="120.215947">
        <ele>4.6</ele>
        <time>2015-05-22T21:51:27Z</time>
      </trkpt>
      <trkpt lat="35.953107" lon="120.215834">
        <ele>4.2</ele>
        <time>2015-05-22T21:51:31Z</time>
      </trkpt>
      <trkpt lat="35.953071" lon="120.215707">
        <ele>3.9</ele>
        <time>2015-05-22T21:51:35Z</time>
      </trkpt>
      <trkpt lat="35.953038" lon="120.21558">
        <ele>3.6</ele>
        <time>2015-05-22T21:51:39Z</time>
      </trkpt>
      <trkpt lat="35.953013" lon="120.215457">
        <ele>3.3</ele>
        <time>2015-05-22T21:51:43Z</time>
      </trkpt>
      <trkpt lat="35.952989" lon="120.215347">
        <ele>3.0</ele>
        <time>2015-05-22T21:51:47Z</time>
      </trkpt>
      <trkpt lat="35.952971" lon="120.215209">
        <ele>2.8</ele>
        <time>2015-05-22T21:51:55Z</time>
      </trkpt>
      <trkpt lat="35.952921" lon="120.214959">
        <ele>2.6</ele>
        <time>2015-05-22T21:51:59Z</time>
      </trkpt>
      <trkpt lat="35.952889" lon="120.214829">
        <ele>2.4</ele>
        <time>2015-05-22T21:52:03Z</time>
      </trkpt>
      <trkpt lat="35.952848" lon="120.214697">
        <ele>2.3</ele>
        <time>2015-05-22T21:52:07Z</time>
      </trkpt>
      <trkpt lat="35.952813" lon="120.214569">
        <ele>2.2</ele>
        <time>2015-05-22T21:52:11Z</time>
      </trkpt>
      <trkpt lat="35.952787" lon="120.214437">
        <ele>2.1</ele>
        <time>2015-05-22T21:52:15Z</time>
      </trkpt>
      <trkpt lat="35.952759" lon="120.214307">
        <ele>2.0</ele>
        <time>2015-05-22T21:52:19Z</time>
      </trkpt>
      <trkpt lat="35.952716" lon="120.214211">
        <ele>1.9</ele>
        <time>2015-05-22T21:52:23Z</time>
      </trkpt>
      <trkpt lat="35.952676" lon="120.21399">
        <ele>1.9</ele>
        <time>2015-05-22T21:52:31Z</time>
      </trkpt>
      <trkpt lat="35.952646" lon="120.21386">
        <ele>1.8</ele>
        <time>2015-05-22T21:52:35Z</time>
      </trkpt>
      <trkpt lat="35.952616" lon="120.213738">
        <ele>1.8</ele>
        <time>2015-05-22T21:52:39Z</time>
      </trkpt>
      <trkpt lat="35.952595" lon="120.213609">
        <ele>1.7</ele>
        <time>2015-05-22T21:52:43Z</time>
      </trkpt>
      <trkpt lat="35.952559" lon="120.213493">
        <ele>1.7</ele>
        <time>2015-05-22T21:52:47Z</time>
      </trkpt>
      <trkpt lat="35.952539" lon="120.213377">
        <ele>1.7</ele>
        <time>2015-05-22T21:52:51Z</time>
      </trkpt>
      <trkpt lat="35.952524" lon="120.213242">
        <ele>1.7</ele>
        <time>2015-05-22T21:52:55Z</time>
      </trkpt>
      <trkpt lat="35.952496" lon="120.213129">
        <ele>1.7</ele>
        <time>2015-05-22T21:53:03Z</time>
      </trkpt>
      <trkpt lat="35.95247" lon="120.21302">
        <ele>1.7</ele>
        <time>2015-05-22T21:53:07Z</time>
      </trkpt>
      <trkpt lat="35.952454" lon="120.212894">
        <ele>1.7</ele>
        <time>2015-05-22T21:53:11Z</time>
      </trkpt>
      <trkpt lat="35.952423" lon="120.212781">
        <ele>1.8</ele>
        <time>2015-05-22T21:53:15Z</time>
      </trkpt>
      <trkpt lat="35.952363" lon="120.212584">
        <ele>1.8</ele>
        <time>2015-05-22T21:53:19Z</time>
      </trkpt>
      <trkpt lat="35.95233" lon="120.212478">
        <ele>1.8</ele>
        <time>2015-05-22T21:53:23Z</time>
      </trkpt>
      <trkpt lat="35.952296" lon="120.212364">
        <ele>1.8</ele>
        <time>2015-05-22T21:53:27Z</time>
      </trkpt>
      <trkpt lat="35.952277" lon="120.212253">
        <ele>1.8</ele>
        <time>2015-05-22T21:53:31Z</time>
      </trkpt>
      <trkpt lat="35.952305" lon="120.21216">
        <ele>1.8</ele>
        <time>2015-05-22T21:53:35Z</time>
      </trkpt>
      <trkpt lat="35.952336" lon="120.212054">
        <ele>1.8</ele>
        <time>2015-05-22T21:53:39Z</time>
      </trkpt>
      <trkpt lat="35.952365" lon="120.211955">
        <ele>1.8</ele>
        <time>2015-05-22T21:53:43Z</time>
      </trkpt>
      <trkpt lat="35.952412" lon="120.211874">
        <ele>1.7</ele>
        <time>2015-05-22T21:53:47Z</time>
      </trkpt>
      <trkpt lat="35.95246" lon="120.211841">
        <ele>1.7</ele>
        <time>2015-05-22T21:53:51Z</time>
      </trkpt>
      <trkpt lat="35.952534" lon="120.211878">
        <ele>1.6</ele>
        <time>2015-05-22T21:53:55Z</time>
      </trkpt>
      <trkpt lat="35.952644" lon="120.211892">
        <ele>1.6</ele>
        <time>2015-05-22T21:53:59Z</time>
      </trkpt>
      <trkpt lat="35.952759" lon="120.211912">
        <ele>1.5</ele>
        <time>2015-05-22T21:54:03Z</time>
      </trkpt>
      <trkpt lat="35.952866" lon="120.211918">
        <ele>1.5</ele>
        <time>2015-05-22T21:54:07Z</time>
      </trkpt>
      <trkpt lat="35.952962" lon="120.211885">
        <ele>1.4</ele>
        <time>2015-05-22T21:54:11Z</time>
      </trkpt>
      <trkpt lat="35.953062" lon="120.211852">
        <ele>1.3</ele>
        <time>2015-05-22T21:54:15Z</time>
      </trkpt>
      <trkpt lat="35.953161" lon="120.211818">
        <ele>1.3</ele>
        <time>2015-05-22T21:54:19Z</time>
      </trkpt>
      <trkpt lat="35.953261" lon="120.211767">
        <ele>1.3</ele>
        <time>2015-05-22T21:54:23Z</time>
      </trkpt>
      <trkpt lat="35.953372" lon="120.211716">
        <ele>1.3</ele>
        <time>2015-05-22T21:54:27Z</time>
      </trkpt>
      <trkpt lat="35.953471" lon="120.211675">
        <ele>1.3</ele>
        <time>2015-05-22T21:54:31Z</time>
      </trkpt>
      <trkpt lat="35.953563" lon="120.211636">
        <ele>1.3</ele>
        <time>2015-05-22T21:54:35Z</time>
      </trkpt>
      <trkpt lat="35.953651" lon="120.211606">
        <ele>1.4</ele>
        <time>2015-05-22T21:54:39Z</time>
      </trkpt>
      <trkpt lat="35.953735" lon="120.211574">
        <ele>1.4</ele>
        <time>2015-05-22T21:54:43Z</time>
      </trkpt>
      <trkpt lat="35.953791" lon="120.211485">
        <ele>1.5</ele>
        <time>2015-05-22T21:54:47Z</time>
      </trkpt>
      <trkpt lat="35.953785" lon="120.21139">
        <ele>1.5</ele>
        <time>2015-05-22T21:54:51Z</time>
      </trkpt>
      <trkpt lat="35.953767" lon="120.211299">
        <ele>1.6</ele>
        <time>2015-05-22T21:54:59Z</time>
      </trkpt>
      <trkpt lat="35.953747" lon="120.211194">
        <ele>1.6</ele>
        <time>2015-05-22T21:55:03Z</time>
      </trkpt>
      <trkpt lat="35.953726" lon="120.210966">
        <ele>1.7</ele>
        <time>2015-05-22T21:55:07Z</time>
      </trkpt>
      <trkpt lat="35.953745" lon="120.210858">
        <ele>1.8</ele>
        <time>2015-05-22T21:55:11Z</time>
      </trkpt>
      <trkpt lat="35.953767" lon="120.210753">
        <ele>1.8</ele>
        <time>2015-05-22T21:55:15Z</time>
      </trkpt>
      <trkpt lat="35.953784" lon="120.210653">
        <ele>1.9</ele>
        <time>2015-05-22T21:55:19Z</time>
      </trkpt>
      <trkpt lat="35.953787" lon="120.210549">
        <ele>1.9</ele>
        <time>2015-05-22T21:55:23Z</time>
      </trkpt>
      <trkpt lat="35.953772" lon="120.210441">
        <ele>1.9</ele>
        <time>2015-05-22T21:55:31Z</time>
      </trkpt>
      <trkpt lat="35.953719" lon="120.210205">
        <ele>2.0</ele>
        <time>2015-05-22T21:55:35Z</time>
      </trkpt>
      <trkpt lat="35.953703" lon="120.210095">
        <ele>2.0</ele>
        <time>2015-05-22T21:55:39Z</time>
      </trkpt>
      <trkpt lat="35.953687" lon="120.209985">
        <ele>2.0</ele>
        <time>2015-05-22T21:55:43Z</time>
      </trkpt>
      <trkpt lat="35.953669" lon="120.209871">
        <ele>2.0</ele>
        <time>2015-05-22T21:55:51Z</time>
      </trkpt>
      <trkpt lat="35.953631" lon="120.209638">
        <ele>2.1</ele>
        <time>2015-05-22T21:55:55Z</time>
      </trkpt>
      <trkpt lat="35.953609" lon="120.209526">
        <ele>2.1</ele>
        <time>2015-05-22T21:55:59Z</time>
      </trkpt>
      <trkpt lat="35.953588" lon="120.209412">
        <ele>2.1</ele>
        <time>2015-05-22T21:56:03Z</time>
      </trkpt>
      <trkpt lat="35.953561" lon="120.209295">
        <ele>2.1</ele>
        <time>2015-05-22T21:56:07Z</time>
      </trkpt>
      <trkpt lat="35.953531" lon="120.209181">
        <ele>2.1</ele>
        <time>2015-05-22T21:56:11Z</time>
      </trkpt>
      <trkpt lat="35.953501" lon="120.209069">
        <ele>2.0</ele>
        <time>2015-05-22T21:56:15Z</time>
      </trkpt>
      <trkpt lat="35.953475" lon="120.208952">
        <ele>2.0</ele>
        <time>2015-05-22T21:56:19Z</time>
      </trkpt>
      <trkpt lat="35.953428" lon="120.20873">
        <ele>1.9</ele>
        <time>2015-05-22T21:56:27Z</time>
      </trkpt>
      <trkpt lat="35.953407" lon="120.208617">
        <ele>1.9</ele>
        <time>2015-05-22T21:56:31Z</time>
      </trkpt>
      <trkpt lat="35.953385" lon="120.208505">
        <ele>1.8</ele>
        <time>2015-05-22T21:56:35Z</time>
      </trkpt>
      <trkpt lat="35.95336" lon="120.208388">
        <ele>1.8</ele>
        <time>2015-05-22T21:56:39Z</time>
      </trkpt>
      <trkpt lat="35.953359" lon="120.208282">
        <ele>1.7</ele>
        <time>2015-05-22T21:56:43Z</time>
      </trkpt>
      <trkpt lat="35.953428" lon="120.208226">
        <ele>1.7</ele>
        <time>2015-05-22T21:56:51Z</time>
      </trkpt>
      <trkpt lat="35.953517" lon="120.208202">
        <ele>1.8</ele>
        <time>2015-05-22T21:56:55Z</time>
      </trkpt>
      <trkpt lat="35.95361" lon="120.208197">
        <ele>1.8</ele>
        <time>2015-05-22T21:56:59Z</time>
      </trkpt>
      <trkpt lat="35.953807" lon="120.208198">
        <ele>2.0</ele>
        <time>2015-05-22T21:57:03Z</time>
      </trkpt>
      <trkpt lat="35.953895" lon="120.208191">
        <ele>2.1</ele>
        <time>2015-05-22T21:57:07Z</time>
      </trkpt>
      <trkpt lat="35.953973" lon="120.20817">
        <ele>2.4</ele>
        <time>2015-05-22T21:57:11Z</time>
      </trkpt>
      <trkpt lat="35.954063" lon="120.208151">
        <ele>2.7</ele>
        <time>2015-05-22T21:57:19Z</time>
      </trkpt>
      <trkpt lat="35.954161" lon="120.208129">
        <ele>3.0</ele>
        <time>2015-05-22T21:57:23Z</time>
      </trkpt>
      <trkpt lat="35.954256" lon="120.208106">
        <ele>3.4</ele>
        <time>2015-05-22T21:57:27Z</time>
      </trkpt>
      <trkpt lat="35.954348" lon="120.208078">
        <ele>3.8</ele>
        <time>2015-05-22T21:57:31Z</time>
      </trkpt>
      <trkpt lat="35.954528" lon="120.208028">
        <ele>4.2</ele>
        <time>2015-05-22T21:57:35Z</time>
      </trkpt>
      <trkpt lat="35.954624" lon="120.207992">
        <ele>4.6</ele>
        <time>2015-05-22T21:57:39Z</time>
      </trkpt>
      <trkpt lat="35.954721" lon="120.207967">
        <ele>5.1</ele>
        <time>2015-05-22T21:57:47Z</time>
      </trkpt>
      <trkpt lat="35.954819" lon="120.20794">
        <ele>5.6</ele>
        <time>2015-05-22T21:57:51Z</time>
      </trkpt>
      <trkpt lat="35.955012" lon="120.207858">
        <ele>6.1</ele>
        <time>2015-05-22T21:57:55Z</time>
      </trkpt>
      <trkpt lat="35.955101" lon="120.207809">
        <ele>6.6</ele>
        <time>2015-05-22T21:57:59Z</time>
      </trkpt>
      <trkpt lat="35.955183" lon="120.207779">
        <ele>7.1</ele>
        <time>2015-05-22T21:58:07Z</time>
      </trkpt>
      <trkpt lat="35.955354" lon="120.207693">
        <ele>7.6</ele>
        <time>2015-05-22T21:58:11Z</time>
      </trkpt>
      <trkpt lat="35.955442" lon="120.207655">
        <ele>8.1</ele>
        <time>2015-05-22T21:58:15Z</time>
      </trkpt>
      <trkpt lat="35.95553" lon="120.207638">
        <ele>8.6</ele>
        <time>2015-05-22T21:58:19Z</time>
      </trkpt>
      <trkpt lat="35.955622" lon="120.207623">
        <ele>9.0</ele>
        <time>2015-05-22T21:58:27Z</time>
      </trkpt>
      <trkpt lat="35.955797" lon="120.207598">
        <ele>9.5</ele>
        <time>2015-05-22T21:58:31Z</time>
      </trkpt>
      <trkpt lat="35.955886" lon="120.20758">
        <ele>9.9</ele>
        <time>2015-05-22T21:58:35Z</time>
      </trkpt>
      <trkpt lat="35.955977" lon="120.207545">
        <ele>10.3</ele>
        <time>2015-05-22T21:58:39Z</time>
      </trkpt>
      <trkpt lat="35.956064" lon="120.207504">
        <ele>10.7</ele>
        <time>2015-05-22T21:58:47Z</time>
      </trkpt>
      <trkpt lat="35.95622" lon="120.20753">
        <ele>10.9</ele>
        <time>2015-05-22T21:58:51Z</time>
      </trkpt>
      <trkpt lat="35.956278" lon="120.20764">
        <ele>11.2</ele>
        <time>2015-05-22T21:58:55Z</time>
      </trkpt>
      <trkpt lat="35.956334" lon="120.207759">
        <ele>11.4</ele>
        <time>2015-05-22T21:58:59Z</time>
      </trkpt>
      <trkpt lat="35.95638" lon="120.207877">
        <ele>11.6</ele>
        <time>2015-05-22T21:59:03Z</time>
      </trkpt>
      <trkpt lat="35.95642" lon="120.207987">
        <ele>11.7</ele>
        <time>2015-05-22T21:59:07Z</time>
      </trkpt>
      <trkpt lat="35.956473" lon="120.20809">
        <ele>11.9</ele>
        <time>2015-05-22T21:59:11Z</time>
      </trkpt>
      <trkpt lat="35.95652" lon="120.208194">
        <ele>12.0</ele>
        <time>2015-05-22T21:59:15Z</time>
      </trkpt>
      <trkpt lat="35.956568" lon="120.208292">
        <ele>12.1</ele>
        <time>2015-05-22T21:59:19Z</time>
      </trkpt>
      <trkpt lat="35.956607" lon="120.208397">
        <ele>12.2</ele>
        <time>2015-05-22T21:59:27Z</time>
      </trkpt>
      <trkpt lat="35.956632" lon="120.208515">
        <ele>12.3</ele>
        <time>2015-05-22T21:59:31Z</time>
      </trkpt>
      <extensions>
        <breaktype>2</breaktype>
      </extensions>
    </trkseg>
  </trk>
  <extensions>
    <ssrlog>
      <logseg>
        <logpt time="2015-05-22T21:28:46Z">
          <spd>0.0</spd>
          <str>0.0</str>
        </logpt>
        <logpt time="2015-05-22T21:28:50Z">
          <spd>0.0</spd>
          <str>0.0</str>
        </logpt>
        <logpt time="2015-05-22T21:28:54Z">
          <spd>0.0</spd>
          <str>54.0</str>
        </logpt>
        <logpt time="2015-05-22T21:28:58Z">
          <spd>4.0</spd>
          <str>70.0</str>
        </logpt>
        <logpt time="2015-05-22T21:28:59Z">
          <spd>5.0</spd>
          <str>76.0</str>
        </logpt>
        <logpt time="2015-05-22T21:29:03Z">
          <spd>5.8</spd>
          <str>79.0</str>
        </logpt>
        <logpt time="2015-05-22T21:29:07Z">
          <spd>6.3</spd>
          <str>80.0</str>
        </logpt>
        <logpt time="2015-05-22T21:29:11Z">
          <spd>6.3</spd>
          <str>81.0</str>
        </logpt>
        <logpt time="2015-05-22T21:29:15Z">
          <spd>7.2</spd>
          <str>83.0</str>
        </logpt>
        <logpt time="2015-05-22T21:29:19Z">
          <spd>8.6</spd>
          <str>84.0</str>
        </logpt>
        <logpt time="2015-05-22T21:29:23Z">
          <spd>8.6</spd>
          <str>84.0</str>
        </logpt>
        <logpt time="2015-05-22T21:29:27Z">
          <spd>7.7</spd>
          <str>85.0</str>
        </logpt>
        <logpt time="2015-05-22T21:29:31Z">
          <spd>8.1</spd>
          <str>85.0</str>
        </logpt>
        <logpt time="2015-05-22T21:29:35Z">
          <spd>8.6</spd>
          <str>86.0</str>
        </logpt>
        <logpt time="2015-05-22T21:29:39Z">
          <spd>8.6</spd>
          <str>86.0</str>
        </logpt>
        <logpt time="2015-05-22T21:29:43Z">
          <spd>9.0</spd>
          <str>86.0</str>
        </logpt>
        <logpt time="2015-05-22T21:29:47Z">
          <spd>8.6</spd>
          <str>87.0</str>
        </logpt>
        <logpt time="2015-05-22T21:29:51Z">
          <spd>8.6</spd>
          <str>87.0</str>
        </logpt>
        <logpt time="2015-05-22T21:29:55Z">
          <spd>9.0</spd>
          <str>90.0</str>
        </logpt>
        <logpt time="2015-05-22T21:29:59Z">
          <spd>9.0</spd>
          <str>90.0</str>
        </logpt>
        <logpt time="2015-05-22T21:30:03Z">
          <spd>9.0</spd>
          <str>90.0</str>
        </logpt>
        <logpt time="2015-05-22T21:30:07Z">
          <spd>9.0</spd>
          <str>90.0</str>
        </logpt>
        <logpt time="2015-05-22T21:30:11Z">
          <spd>9.0</spd>
          <str>90.0</str>
        </logpt>
        <logpt time="2015-05-22T21:30:15Z">
          <spd>8.6</spd>
          <str>90.0</str>
        </logpt>
        <logpt time="2015-05-22T21:30:19Z">
          <spd>8.1</spd>
          <str>89.0</str>
        </logpt>
        <logpt time="2015-05-22T21:30:23Z">
          <spd>7.2</spd>
          <str>89.0</str>
        </logpt>
        <logpt time="2015-05-22T21:30:27Z">
          <spd>6.8</spd>
          <str>90.0</str>
        </logpt>
        <logpt time="2015-05-22T21:30:31Z">
          <spd>7.2</spd>
          <str>90.0</str>
        </logpt>
        <logpt time="2015-05-22T21:30:35Z">
          <spd>8.1</spd>
          <str>90.0</str>
        </logpt>
        <logpt time="2015-05-22T21:30:39Z">
          <spd>8.1</spd>
          <str>89.0</str>
        </logpt>
        <logpt time="2015-05-22T21:30:43Z">
          <spd>8.6</spd>
          <str>90.0</str>
        </logpt>
        <logpt time="2015-05-22T21:30:47Z">
          <spd>8.6</spd>
          <str>90.0</str>
        </logpt>
        <logpt time="2015-05-22T21:30:51Z">
          <spd>7.7</spd>
          <str>90.0</str>
        </logpt>
        <logpt time="2015-05-22T21:30:55Z">
          <spd>7.2</spd>
          <str>89.0</str>
        </logpt>
        <logpt time="2015-05-22T21:30:59Z">
          <spd>7.7</spd>
          <str>89.0</str>
        </logpt>
        <logpt time="2015-05-22T21:31:03Z">
          <spd>7.7</spd>
          <str>89.0</str>
        </logpt>
        <logpt time="2015-05-22T21:31:07Z">
          <spd>8.1</spd>
          <str>89.0</str>
        </logpt>
        <logpt time="2015-05-22T21:31:11Z">
          <spd>8.1</spd>
          <str>89.0</str>
        </logpt>
        <logpt time="2015-05-22T21:31:15Z">
          <spd>8.6</spd>
          <str>89.0</str>
        </logpt>
        <logpt time="2015-05-22T21:31:19Z">
          <spd>8.6</spd>
          <str>89.0</str>
        </logpt>
        <logpt time="2015-05-22T21:31:23Z">
          <spd>8.6</spd>
          <str>89.0</str>
        </logpt>
        <logpt time="2015-05-22T21:31:27Z">
          <spd>8.6</spd>
          <str>89.0</str>
        </logpt>
        <logpt time="2015-05-22T21:31:31Z">
          <spd>8.1</spd>
          <str>89.0</str>
        </logpt>
        <logpt time="2015-05-22T21:31:35Z">
          <spd>8.1</spd>
          <str>89.0</str>
        </logpt>
        <logpt time="2015-05-22T21:31:39Z">
          <spd>8.1</spd>
          <str>89.0</str>
        </logpt>
        <logpt time="2015-05-22T21:31:43Z">
          <spd>8.1</spd>
          <str>89.0</str>
        </logpt>
        <logpt time="2015-05-22T21:31:47Z">
          <spd>8.1</spd>
          <str>89.0</str>
        </logpt>
        <logpt time="2015-05-22T21:31:51Z">
          <spd>8.1</spd>
          <str>89.0</str>
        </logpt>
        <logpt time="2015-05-22T21:31:55Z">
          <spd>8.1</spd>
          <str>89.0</str>
        </logpt>
        <logpt time="2015-05-22T21:31:59Z">
          <spd>8.6</spd>
          <str>89.0</str>
        </logpt>
        <logpt time="2015-05-22T21:32:03Z">
          <spd>8.6</spd>
          <str>89.0</str>
        </logpt>
        <logpt time="2015-05-22T21:32:07Z">
          <spd>9.0</spd>
          <str>89.0</str>
        </logpt>
        <logpt time="2015-05-22T21:32:11Z">
          <spd>9.4</spd>
          <str>89.0</str>
        </logpt>
        <logpt time="2015-05-22T21:32:15Z">
          <spd>12.2</spd>
          <str>89.0</str>
        </logpt>
        <logpt time="2015-05-22T21:32:19Z">
          <spd>11.7</spd>
          <str>88.0</str>
        </logpt>
        <logpt time="2015-05-22T21:32:23Z">
          <spd>10.8</spd>
          <str>88.0</str>
        </logpt>
        <logpt time="2015-05-22T21:32:27Z">
          <spd>10.8</spd>
          <str>89.0</str>
        </logpt>
        <logpt time="2015-05-22T21:32:31Z">
          <spd>10.8</spd>
          <str>89.0</str>
        </logpt>
        <logpt time="2015-05-22T21:32:35Z">
          <spd>10.8</spd>
          <str>89.0</str>
        </logpt>
        <logpt time="2015-05-22T21:32:39Z">
          <spd>10.8</spd>
          <str>89.0</str>
        </logpt>
        <logpt time="2015-05-22T21:32:43Z">
          <spd>10.8</spd>
          <str>89.0</str>
        </logpt>
        <logpt time="2015-05-22T21:32:47Z">
          <spd>10.3</spd>
          <str>89.0</str>
        </logpt>
        <logpt time="2015-05-22T21:32:51Z">
          <spd>10.3</spd>
          <str>89.0</str>
        </logpt>
        <logpt time="2015-05-22T21:32:55Z">
          <spd>10.8</spd>
          <str>90.0</str>
        </logpt>
        <logpt time="2015-05-22T21:32:59Z">
          <spd>10.8</spd>
          <str>89.0</str>
        </logpt>
        <logpt time="2015-05-22T21:33:03Z">
          <spd>10.8</spd>
          <str>89.0</str>
        </logpt>
        <logpt time="2015-05-22T21:33:07Z">
          <spd>11.3</spd>
          <str>90.0</str>
        </logpt>
        <logpt time="2015-05-22T21:33:11Z">
          <spd>11.3</spd>
          <str>89.0</str>
        </logpt>
        <logpt time="2015-05-22T21:33:15Z">
          <spd>11.3</spd>
          <str>90.0</str>
        </logpt>
        <logpt time="2015-05-22T21:33:19Z">
          <spd>11.3</spd>
          <str>90.0</str>
        </logpt>
        <logpt time="2015-05-22T21:33:23Z">
          <spd>11.3</spd>
          <str>90.0</str>
        </logpt>
        <logpt time="2015-05-22T21:33:27Z">
          <spd>10.8</spd>
          <str>90.0</str>
        </logpt>
        <logpt time="2015-05-22T21:33:31Z">
          <spd>10.8</spd>
          <str>90.0</str>
        </logpt>
        <logpt time="2015-05-22T21:33:35Z">
          <spd>10.3</spd>
          <str>90.0</str>
        </logpt>
        <logpt time="2015-05-22T21:33:39Z">
          <spd>10.3</spd>
          <str>90.0</str>
        </logpt>
        <logpt time="2015-05-22T21:33:43Z">
          <spd>10.3</spd>
          <str>90.0</str>
        </logpt>
        <logpt time="2015-05-22T21:33:47Z">
          <spd>10.8</spd>
          <str>90.0</str>
        </logpt>
        <logpt time="2015-05-22T21:33:51Z">
          <spd>10.3</spd>
          <str>90.0</str>
        </logpt>
        <logpt time="2015-05-22T21:33:55Z">
          <spd>10.3</spd>
          <str>90.0</str>
        </logpt>
        <logpt time="2015-05-22T21:33:59Z">
          <spd>10.3</spd>
          <str>90.0</str>
        </logpt>
        <logpt time="2015-05-22T21:34:03Z">
          <spd>10.8</spd>
          <str>90.0</str>
        </logpt>
        <logpt time="2015-05-22T21:34:07Z">
          <spd>10.3</spd>
          <str>90.0</str>
        </logpt>
        <logpt time="2015-05-22T21:34:11Z">
          <spd>10.3</spd>
          <str>90.0</str>
        </logpt>
        <logpt time="2015-05-22T21:34:15Z">
          <spd>10.3</spd>
          <str>90.0</str>
        </logpt>
        <logpt time="2015-05-22T21:34:19Z">
          <spd>10.3</spd>
          <str>89.0</str>
        </logpt>
        <logpt time="2015-05-22T21:34:23Z">
          <spd>10.8</spd>
          <str>90.0</str>
        </logpt>
        <logpt time="2015-05-22T21:34:27Z">
          <spd>10.8</spd>
          <str>90.0</str>
        </logpt>
        <logpt time="2015-05-22T21:34:31Z">
          <spd>10.8</spd>
          <str>89.0</str>
        </logpt>
        <logpt time="2015-05-22T21:34:35Z">
          <spd>10.3</spd>
          <str>89.0</str>
        </logpt>
        <logpt time="2015-05-22T21:34:39Z">
          <spd>10.3</spd>
          <str>89.0</str>
        </logpt>
        <logpt time="2015-05-22T21:34:43Z">
          <spd>10.8</spd>
          <str>89.0</str>
        </logpt>
        <logpt time="2015-05-22T21:34:47Z">
          <spd>10.3</spd>
          <str>89.0</str>
        </logpt>
        <logpt time="2015-05-22T21:34:51Z">
          <spd>9.9</spd>
          <str>89.0</str>
        </logpt>
        <logpt time="2015-05-22T21:34:55Z">
          <spd>9.9</spd>
          <str>88.0</str>
        </logpt>
        <logpt time="2015-05-22T21:34:59Z">
          <spd>10.3</spd>
          <str>89.0</str>
        </logpt>
        <logpt time="2015-05-22T21:35:03Z">
          <spd>10.3</spd>
          <str>89.0</str>
        </logpt>
        <logpt time="2015-05-22T21:35:07Z">
          <spd>10.8</spd>
          <str>89.0</str>
        </logpt>
        <logpt time="2015-05-22T21:35:11Z">
          <spd>10.8</spd>
          <str>89.0</str>
        </logpt>
        <logpt time="2015-05-22T21:35:15Z">
          <spd>10.8</spd>
          <str>89.0</str>
        </logpt>
        <logpt time="2015-05-22T21:35:19Z">
          <spd>10.8</spd>
          <str>89.0</str>
        </logpt>
        <logpt time="2015-05-22T21:35:23Z">
          <spd>10.8</spd>
          <str>89.0</str>
        </logpt>
        <logpt time="2015-05-22T21:35:27Z">
          <spd>10.8</spd>
          <str>89.0</str>
        </logpt>
        <logpt time="2015-05-22T21:35:31Z">
          <spd>10.8</spd>
          <str>89.0</str>
        </logpt>
        <logpt time="2015-05-22T21:35:35Z">
          <spd>10.8</spd>
          <str>89.0</str>
        </logpt>
        <logpt time="2015-05-22T21:35:39Z">
          <spd>10.8</spd>
          <str>89.0</str>
        </logpt>
        <logpt time="2015-05-22T21:35:43Z">
          <spd>10.3</spd>
          <str>89.0</str>
        </logpt>
        <logpt time="2015-05-22T21:35:47Z">
          <spd>10.3</spd>
          <str>89.0</str>
        </logpt>
        <logpt time="2015-05-22T21:35:51Z">
          <spd>10.3</spd>
          <str>89.0</str>
        </logpt>
        <logpt time="2015-05-22T21:35:55Z">
          <spd>9.9</spd>
          <str>89.0</str>
        </logpt>
        <logpt time="2015-05-22T21:35:59Z">
          <spd>10.3</spd>
          <str>89.0</str>
        </logpt>
        <logpt time="2015-05-22T21:36:03Z">
          <spd>10.8</spd>
          <str>89.0</str>
        </logpt>
        <logpt time="2015-05-22T21:36:07Z">
          <spd>10.8</spd>
          <str>89.0</str>
        </logpt>
        <logpt time="2015-05-22T21:36:11Z">
          <spd>10.8</spd>
          <str>89.0</str>
        </logpt>
        <logpt time="2015-05-22T21:36:15Z">
          <spd>11.3</spd>
          <str>89.0</str>
        </logpt>
        <logpt time="2015-05-22T21:36:19Z">
          <spd>11.3</spd>
          <str>89.0</str>
        </logpt>
        <logpt time="2015-05-22T21:36:23Z">
          <spd>10.8</spd>
          <str>89.0</str>
        </logpt>
        <logpt time="2015-05-22T21:36:27Z">
          <spd>10.8</spd>
          <str>89.0</str>
        </logpt>
        <logpt time="2015-05-22T21:36:31Z">
          <spd>10.8</spd>
          <str>89.0</str>
        </logpt>
        <logpt time="2015-05-22T21:36:35Z">
          <spd>10.8</spd>
          <str>89.0</str>
        </logpt>
        <logpt time="2015-05-22T21:36:39Z">
          <spd>10.8</spd>
          <str>89.0</str>
        </logpt>
        <logpt time="2015-05-22T21:36:43Z">
          <spd>10.8</spd>
          <str>89.0</str>
        </logpt>
        <logpt time="2015-05-22T21:36:47Z">
          <spd>10.3</spd>
          <str>89.0</str>
        </logpt>
        <logpt time="2015-05-22T21:36:51Z">
          <spd>10.3</spd>
          <str>89.0</str>
        </logpt>
        <logpt time="2015-05-22T21:36:55Z">
          <spd>10.3</spd>
          <str>89.0</str>
        </logpt>
        <logpt time="2015-05-22T21:36:59Z">
          <spd>9.9</spd>
          <str>89.0</str>
        </logpt>
        <logpt time="2015-05-22T21:37:03Z">
          <spd>9.4</spd>
          <str>89.0</str>
        </logpt>
        <logpt time="2015-05-22T21:37:07Z">
          <spd>9.4</spd>
          <str>89.0</str>
        </logpt>
        <logpt time="2015-05-22T21:37:11Z">
          <spd>9.4</spd>
          <str>89.0</str>
        </logpt>
        <logpt time="2015-05-22T21:37:15Z">
          <spd>9.9</spd>
          <str>89.0</str>
        </logpt>
        <logpt time="2015-05-22T21:37:19Z">
          <spd>9.9</spd>
          <str>89.0</str>
        </logpt>
        <logpt time="2015-05-22T21:37:23Z">
          <spd>10.3</spd>
          <str>89.0</str>
        </logpt>
        <logpt time="2015-05-22T21:37:27Z">
          <spd>10.8</spd>
          <str>89.0</str>
        </logpt>
        <logpt time="2015-05-22T21:37:31Z">
          <spd>10.8</spd>
          <str>89.0</str>
        </logpt>
        <logpt time="2015-05-22T21:37:35Z">
          <spd>10.3</spd>
          <str>89.0</str>
        </logpt>
        <logpt time="2015-05-22T21:37:39Z">
          <spd>10.3</spd>
          <str>89.0</str>
        </logpt>
        <logpt time="2015-05-22T21:37:43Z">
          <spd>10.8</spd>
          <str>89.0</str>
        </logpt>
        <logpt time="2015-05-22T21:37:47Z">
          <spd>11.3</spd>
          <str>89.0</str>
        </logpt>
        <logpt time="2015-05-22T21:37:51Z">
          <spd>11.3</spd>
          <str>89.0</str>
        </logpt>
        <logpt time="2015-05-22T21:37:55Z">
          <spd>11.7</spd>
          <str>89.0</str>
        </logpt>
        <logpt time="2015-05-22T21:37:59Z">
          <spd>11.7</spd>
          <str>89.0</str>
        </logpt>
        <logpt time="2015-05-22T21:38:03Z">
          <spd>11.7</spd>
          <str>89.0</str>
        </logpt>
        <logpt time="2015-05-22T21:38:07Z">
          <spd>11.3</spd>
          <str>89.0</str>
        </logpt>
        <logpt time="2015-05-22T21:38:11Z">
          <spd>11.3</spd>
          <str>89.0</str>
        </logpt>
        <logpt time="2015-05-22T21:38:15Z">
          <spd>11.3</spd>
          <str>89.0</str>
        </logpt>
        <logpt time="2015-05-22T21:38:19Z">
          <spd>11.3</spd>
          <str>89.0</str>
        </logpt>
        <logpt time="2015-05-22T21:38:23Z">
          <spd>11.3</spd>
          <str>89.0</str>
        </logpt>
        <logpt time="2015-05-22T21:38:27Z">
          <spd>11.7</spd>
          <str>89.0</str>
        </logpt>
        <logpt time="2015-05-22T21:38:31Z">
          <spd>11.7</spd>
          <str>89.0</str>
        </logpt>
        <logpt time="2015-05-22T21:38:35Z">
          <spd>11.7</spd>
          <str>89.0</str>
        </logpt>
        <logpt time="2015-05-22T21:38:39Z">
          <spd>11.3</spd>
          <str>89.0</str>
        </logpt>
        <logpt time="2015-05-22T21:38:43Z">
          <spd>11.3</spd>
          <str>89.0</str>
        </logpt>
        <logpt time="2015-05-22T21:38:47Z">
          <spd>10.8</spd>
          <str>90.0</str>
        </logpt>
        <logpt time="2015-05-22T21:38:51Z">
          <spd>10.8</spd>
          <str>90.0</str>
        </logpt>
        <logpt time="2015-05-22T21:38:55Z">
          <spd>10.8</spd>
          <str>89.0</str>
        </logpt>
        <logpt time="2015-05-22T21:38:59Z">
          <spd>10.8</spd>
          <str>89.0</str>
        </logpt>
        <logpt time="2015-05-22T21:39:03Z">
          <spd>10.8</spd>
          <str>90.0</str>
        </logpt>
        <logpt time="2015-05-22T21:39:07Z">
          <spd>11.3</spd>
          <str>90.0</str>
        </logpt>
        <logpt time="2015-05-22T21:39:11Z">
          <spd>11.3</spd>
          <str>90.0</str>
        </logpt>
        <logpt time="2015-05-22T21:39:15Z">
          <spd>11.7</spd>
          <str>90.0</str>
        </logpt>
        <logpt time="2015-05-22T21:39:19Z">
          <spd>11.7</spd>
          <str>90.0</str>
        </logpt>
        <logpt time="2015-05-22T21:39:23Z">
          <spd>11.7</spd>
          <str>89.0</str>
        </logpt>
        <logpt time="2015-05-22T21:39:27Z">
          <spd>11.3</spd>
          <str>89.0</str>
        </logpt>
        <logpt time="2015-05-22T21:39:31Z">
          <spd>11.3</spd>
          <str>90.0</str>
        </logpt>
        <logpt time="2015-05-22T21:39:35Z">
          <spd>10.8</spd>
          <str>89.0</str>
        </logpt>
        <logpt time="2015-05-22T21:39:39Z">
          <spd>10.8</spd>
          <str>89.0</str>
        </logpt>
        <logpt time="2015-05-22T21:39:43Z">
          <spd>11.3</spd>
          <str>89.0</str>
        </logpt>
        <logpt time="2015-05-22T21:39:47Z">
          <spd>11.7</spd>
          <str>89.0</str>
        </logpt>
        <logpt time="2015-05-22T21:39:51Z">
          <spd>11.7</spd>
          <str>89.0</str>
        </logpt>
        <logpt time="2015-05-22T21:39:55Z">
          <spd>11.3</spd>
          <str>89.0</str>
        </logpt>
        <logpt time="2015-05-22T21:39:59Z">
          <spd>10.8</spd>
          <str>89.0</str>
        </logpt>
        <logpt time="2015-05-22T21:40:03Z">
          <spd>10.3</spd>
          <str>89.0</str>
        </logpt>
        <logpt time="2015-05-22T21:40:07Z">
          <spd>10.3</spd>
          <str>89.0</str>
        </logpt>
        <logpt time="2015-05-22T21:40:11Z">
          <spd>10.3</spd>
          <str>89.0</str>
        </logpt>
        <logpt time="2015-05-22T21:40:15Z">
          <spd>10.3</spd>
          <str>88.0</str>
        </logpt>
        <logpt time="2015-05-22T21:40:19Z">
          <spd>9.9</spd>
          <str>88.0</str>
        </logpt>
        <logpt time="2015-05-22T21:40:23Z">
          <spd>9.9</spd>
          <str>89.0</str>
        </logpt>
        <logpt time="2015-05-22T21:40:27Z">
          <spd>9.9</spd>
          <str>88.0</str>
        </logpt>
        <logpt time="2015-05-22T21:40:31Z">
          <spd>9.9</spd>
          <str>88.0</str>
        </logpt>
        <logpt time="2015-05-22T21:40:35Z">
          <spd>10.3</spd>
          <str>89.0</str>
        </logpt>
        <logpt time="2015-05-22T21:40:39Z">
          <spd>10.3</spd>
          <str>89.0</str>
        </logpt>
        <logpt time="2015-05-22T21:40:43Z">
          <spd>10.8</spd>
          <str>88.0</str>
        </logpt>
        <logpt time="2015-05-22T21:40:47Z">
          <spd>10.8</spd>
          <str>89.0</str>
        </logpt>
        <logpt time="2015-05-22T21:40:51Z">
          <spd>10.8</spd>
          <str>89.0</str>
        </logpt>
        <logpt time="2015-05-22T21:40:55Z">
          <spd>10.8</spd>
          <str>89.0</str>
        </logpt>
        <logpt time="2015-05-22T21:40:59Z">
          <spd>10.8</spd>
          <str>89.0</str>
        </logpt>
        <logpt time="2015-05-22T21:41:03Z">
          <spd>11.3</spd>
          <str>89.0</str>
        </logpt>
        <logpt time="2015-05-22T21:41:07Z">
          <spd>10.8</spd>
          <str>89.0</str>
        </logpt>
        <logpt time="2015-05-22T21:41:11Z">
          <spd>10.3</spd>
          <str>89.0</str>
        </logpt>
        <logpt time="2015-05-22T21:41:15Z">
          <spd>9.9</spd>
          <str>89.0</str>
        </logpt>
        <logpt time="2015-05-22T21:41:19Z">
          <spd>9.4</spd>
          <str>89.0</str>
        </logpt>
        <logpt time="2015-05-22T21:41:23Z">
          <spd>9.4</spd>
          <str>89.0</str>
        </logpt>
        <logpt time="2015-05-22T21:41:27Z">
          <spd>9.4</spd>
          <str>88.0</str>
        </logpt>
        <logpt time="2015-05-22T21:41:31Z">
          <spd>9.9</spd>
          <str>89.0</str>
        </logpt>
        <logpt time="2015-05-22T21:41:35Z">
          <spd>9.9</spd>
          <str>89.0</str>
        </logpt>
        <logpt time="2015-05-22T21:41:39Z">
          <spd>9.9</spd>
          <str>88.0</str>
        </logpt>
        <logpt time="2015-05-22T21:41:43Z">
          <spd>9.9</spd>
          <str>89.0</str>
        </logpt>
        <logpt time="2015-05-22T21:41:47Z">
          <spd>9.9</spd>
          <str>89.0</str>
        </logpt>
        <logpt time="2015-05-22T21:41:51Z">
          <spd>10.3</spd>
          <str>88.0</str>
        </logpt>
        <logpt time="2015-05-22T21:41:55Z">
          <spd>10.3</spd>
          <str>88.0</str>
        </logpt>
        <logpt time="2015-05-22T21:41:59Z">
          <spd>9.9</spd>
          <str>89.0</str>
        </logpt>
        <logpt time="2015-05-22T21:42:03Z">
          <spd>9.9</spd>
          <str>88.0</str>
        </logpt>
        <logpt time="2015-05-22T21:42:07Z">
          <spd>9.4</spd>
          <str>88.0</str>
        </logpt>
        <logpt time="2015-05-22T21:42:11Z">
          <spd>9.4</spd>
          <str>88.0</str>
        </logpt>
        <logpt time="2015-05-22T21:42:15Z">
          <spd>9.0</spd>
          <str>88.0</str>
        </logpt>
        <logpt time="2015-05-22T21:42:19Z">
          <spd>9.0</spd>
          <str>88.0</str>
        </logpt>
        <logpt time="2015-05-22T21:42:23Z">
          <spd>9.0</spd>
          <str>88.0</str>
        </logpt>
        <logpt time="2015-05-22T21:42:27Z">
          <spd>9.0</spd>
          <str>88.0</str>
        </logpt>
        <logpt time="2015-05-22T21:42:31Z">
          <spd>9.4</spd>
          <str>88.0</str>
        </logpt>
        <logpt time="2015-05-22T21:42:35Z">
          <spd>9.0</spd>
          <str>87.0</str>
        </logpt>
        <logpt time="2015-05-22T21:42:39Z">
          <spd>9.0</spd>
          <str>88.0</str>
        </logpt>
        <logpt time="2015-05-22T21:42:43Z">
          <spd>9.0</spd>
          <str>87.0</str>
        </logpt>
        <logpt time="2015-05-22T21:42:47Z">
          <spd>9.0</spd>
          <str>87.0</str>
        </logpt>
        <logpt time="2015-05-22T21:42:51Z">
          <spd>9.0</spd>
          <str>87.0</str>
        </logpt>
        <logpt time="2015-05-22T21:42:55Z">
          <spd>9.0</spd>
          <str>87.0</str>
        </logpt>
        <logpt time="2015-05-22T21:42:59Z">
          <spd>9.0</spd>
          <str>87.0</str>
        </logpt>
        <logpt time="2015-05-22T21:43:03Z">
          <spd>9.0</spd>
          <str>87.0</str>
        </logpt>
        <logpt time="2015-05-22T21:43:07Z">
          <spd>9.4</spd>
          <str>87.0</str>
        </logpt>
        <logpt time="2015-05-22T21:43:11Z">
          <spd>9.4</spd>
          <str>87.0</str>
        </logpt>
        <logpt time="2015-05-22T21:43:15Z">
          <spd>9.4</spd>
          <str>87.0</str>
        </logpt>
        <logpt time="2015-05-22T21:43:19Z">
          <spd>9.4</spd>
          <str>87.0</str>
        </logpt>
        <logpt time="2015-05-22T21:43:23Z">
          <spd>9.4</spd>
          <str>87.0</str>
        </logpt>
        <logpt time="2015-05-22T21:43:27Z">
          <spd>9.4</spd>
          <str>87.0</str>
        </logpt>
        <logpt time="2015-05-22T21:43:31Z">
          <spd>9.4</spd>
          <str>87.0</str>
        </logpt>
        <logpt time="2015-05-22T21:43:35Z">
          <spd>9.0</spd>
          <str>87.0</str>
        </logpt>
        <logpt time="2015-05-22T21:43:39Z">
          <spd>9.4</spd>
          <str>87.0</str>
        </logpt>
        <logpt time="2015-05-22T21:43:43Z">
          <spd>9.4</spd>
          <str>87.0</str>
        </logpt>
        <logpt time="2015-05-22T21:43:47Z">
          <spd>9.4</spd>
          <str>87.0</str>
        </logpt>
        <logpt time="2015-05-22T21:43:51Z">
          <spd>9.0</spd>
          <str>87.0</str>
        </logpt>
        <logpt time="2015-05-22T21:43:55Z">
          <spd>8.6</spd>
          <str>87.0</str>
        </logpt>
        <logpt time="2015-05-22T21:43:59Z">
          <spd>8.6</spd>
          <str>87.0</str>
        </logpt>
        <logpt time="2015-05-22T21:44:03Z">
          <spd>8.6</spd>
          <str>87.0</str>
        </logpt>
        <logpt time="2015-05-22T21:44:07Z">
          <spd>8.6</spd>
          <str>87.0</str>
        </logpt>
        <logpt time="2015-05-22T21:44:11Z">
          <spd>9.0</spd>
          <str>87.0</str>
        </logpt>
        <logpt time="2015-05-22T21:44:15Z">
          <spd>9.0</spd>
          <str>87.0</str>
        </logpt>
        <logpt time="2015-05-22T21:44:19Z">
          <spd>9.0</spd>
          <str>87.0</str>
        </logpt>
        <logpt time="2015-05-22T21:44:23Z">
          <spd>9.0</spd>
          <str>87.0</str>
        </logpt>
        <logpt time="2015-05-22T21:44:27Z">
          <spd>9.0</spd>
          <str>87.0</str>
        </logpt>
        <logpt time="2015-05-22T21:44:31Z">
          <spd>9.0</spd>
          <str>87.0</str>
        </logpt>
        <logpt time="2015-05-22T21:44:35Z">
          <spd>9.0</spd>
          <str>87.0</str>
        </logpt>
        <logpt time="2015-05-22T21:44:39Z">
          <spd>9.4</spd>
          <str>87.0</str>
        </logpt>
        <logpt time="2015-05-22T21:44:43Z">
          <spd>9.4</spd>
          <str>87.0</str>
        </logpt>
        <logpt time="2015-05-22T21:44:47Z">
          <spd>9.4</spd>
          <str>87.0</str>
        </logpt>
        <logpt time="2015-05-22T21:44:51Z">
          <spd>9.4</spd>
          <str>88.0</str>
        </logpt>
        <logpt time="2015-05-22T21:44:55Z">
          <spd>9.4</spd>
          <str>88.0</str>
        </logpt>
        <logpt time="2015-05-22T21:44:59Z">
          <spd>9.4</spd>
          <str>88.0</str>
        </logpt>
        <logpt time="2015-05-22T21:45:03Z">
          <spd>9.4</spd>
          <str>88.0</str>
        </logpt>
        <logpt time="2015-05-22T21:45:07Z">
          <spd>9.9</spd>
          <str>88.0</str>
        </logpt>
        <logpt time="2015-05-22T21:45:11Z">
          <spd>10.3</spd>
          <str>88.0</str>
        </logpt>
        <logpt time="2015-05-22T21:45:15Z">
          <spd>10.3</spd>
          <str>89.0</str>
        </logpt>
        <logpt time="2015-05-22T21:45:19Z">
          <spd>10.3</spd>
          <str>89.0</str>
        </logpt>
        <logpt time="2015-05-22T21:45:23Z">
          <spd>10.3</spd>
          <str>89.0</str>
        </logpt>
        <logpt time="2015-05-22T21:45:27Z">
          <spd>10.8</spd>
          <str>89.0</str>
        </logpt>
        <logpt time="2015-05-22T21:45:31Z">
          <spd>10.3</spd>
          <str>89.0</str>
        </logpt>
        <logpt time="2015-05-22T21:45:35Z">
          <spd>10.3</spd>
          <str>89.0</str>
        </logpt>
        <logpt time="2015-05-22T21:45:39Z">
          <spd>10.3</spd>
          <str>89.0</str>
        </logpt>
        <logpt time="2015-05-22T21:45:43Z">
          <spd>10.8</spd>
          <str>90.0</str>
        </logpt>
        <logpt time="2015-05-22T21:45:47Z">
          <spd>10.3</spd>
          <str>89.0</str>
        </logpt>
        <logpt time="2015-05-22T21:45:51Z">
          <spd>10.3</spd>
          <str>89.0</str>
        </logpt>
        <logpt time="2015-05-22T21:45:55Z">
          <spd>10.3</spd>
          <str>89.0</str>
        </logpt>
        <logpt time="2015-05-22T21:45:59Z">
          <spd>9.9</spd>
          <str>89.0</str>
        </logpt>
        <logpt time="2015-05-22T21:46:03Z">
          <spd>9.9</spd>
          <str>89.0</str>
        </logpt>
        <logpt time="2015-05-22T21:46:07Z">
          <spd>9.9</spd>
          <str>89.0</str>
        </logpt>
        <logpt time="2015-05-22T21:46:11Z">
          <spd>9.4</spd>
          <str>89.0</str>
        </logpt>
        <logpt time="2015-05-22T21:46:15Z">
          <spd>9.4</spd>
          <str>89.0</str>
        </logpt>
        <logpt time="2015-05-22T21:46:19Z">
          <spd>9.9</spd>
          <str>89.0</str>
        </logpt>
        <logpt time="2015-05-22T21:46:23Z">
          <spd>9.9</spd>
          <str>89.0</str>
        </logpt>
        <logpt time="2015-05-22T21:46:27Z">
          <spd>10.3</spd>
          <str>88.0</str>
        </logpt>
        <logpt time="2015-05-22T21:46:31Z">
          <spd>10.3</spd>
          <str>89.0</str>
        </logpt>
        <logpt time="2015-05-22T21:46:35Z">
          <spd>10.8</spd>
          <str>89.0</str>
        </logpt>
        <logpt time="2015-05-22T21:46:39Z">
          <spd>10.3</spd>
          <str>89.0</str>
        </logpt>
        <logpt time="2015-05-22T21:46:43Z">
          <spd>10.3</spd>
          <str>89.0</str>
        </logpt>
        <logpt time="2015-05-22T21:46:47Z">
          <spd>10.3</spd>
          <str>89.0</str>
        </logpt>
        <logpt time="2015-05-22T21:46:51Z">
          <spd>9.9</spd>
          <str>89.0</str>
        </logpt>
        <logpt time="2015-05-22T21:46:55Z">
          <spd>9.9</spd>
          <str>89.0</str>
        </logpt>
        <logpt time="2015-05-22T21:46:59Z">
          <spd>10.3</spd>
          <str>89.0</str>
        </logpt>
        <logpt time="2015-05-22T21:47:03Z">
          <spd>10.8</spd>
          <str>89.0</str>
        </logpt>
        <logpt time="2015-05-22T21:47:07Z">
          <spd>10.8</spd>
          <str>89.0</str>
        </logpt>
        <logpt time="2015-05-22T21:47:11Z">
          <spd>10.8</spd>
          <str>90.0</str>
        </logpt>
        <logpt time="2015-05-22T21:47:15Z">
          <spd>10.8</spd>
          <str>90.0</str>
        </logpt>
        <logpt time="2015-05-22T21:47:19Z">
          <spd>10.3</spd>
          <str>89.0</str>
        </logpt>
        <logpt time="2015-05-22T21:47:23Z">
          <spd>10.3</spd>
          <str>89.0</str>
        </logpt>
        <logpt time="2015-05-22T21:47:27Z">
          <spd>10.3</spd>
          <str>90.0</str>
        </logpt>
        <logpt time="2015-05-22T21:47:31Z">
          <spd>10.3</spd>
          <str>90.0</str>
        </logpt>
        <logpt time="2015-05-22T21:47:35Z">
          <spd>10.3</spd>
          <str>90.0</str>
        </logpt>
        <logpt time="2015-05-22T21:47:39Z">
          <spd>10.3</spd>
          <str>90.0</str>
        </logpt>
        <logpt time="2015-05-22T21:47:43Z">
          <spd>10.3</spd>
          <str>89.0</str>
        </logpt>
        <logpt time="2015-05-22T21:47:47Z">
          <spd>10.3</spd>
          <str>89.0</str>
        </logpt>
        <logpt time="2015-05-22T21:47:51Z">
          <spd>10.3</spd>
          <str>90.0</str>
        </logpt>
        <logpt time="2015-05-22T21:47:55Z">
          <spd>10.3</spd>
          <str>90.0</str>
        </logpt>
        <logpt time="2015-05-22T21:47:59Z">
          <spd>9.9</spd>
          <str>90.0</str>
        </logpt>
        <logpt time="2015-05-22T21:48:03Z">
          <spd>10.3</spd>
          <str>90.0</str>
        </logpt>
        <logpt time="2015-05-22T21:48:07Z">
          <spd>10.3</spd>
          <str>90.0</str>
        </logpt>
        <logpt time="2015-05-22T21:48:11Z">
          <spd>10.3</spd>
          <str>90.0</str>
        </logpt>
        <logpt time="2015-05-22T21:48:15Z">
          <spd>10.3</spd>
          <str>89.0</str>
        </logpt>
        <logpt time="2015-05-22T21:48:19Z">
          <spd>10.3</spd>
          <str>90.0</str>
        </logpt>
        <logpt time="2015-05-22T21:48:23Z">
          <spd>10.3</spd>
          <str>90.0</str>
        </logpt>
        <logpt time="2015-05-22T21:48:27Z">
          <spd>10.3</spd>
          <str>89.0</str>
        </logpt>
        <logpt time="2015-05-22T21:48:31Z">
          <spd>10.3</spd>
          <str>89.0</str>
        </logpt>
        <logpt time="2015-05-22T21:48:35Z">
          <spd>10.8</spd>
          <str>89.0</str>
        </logpt>
        <logpt time="2015-05-22T21:48:39Z">
          <spd>10.8</spd>
          <str>89.0</str>
        </logpt>
        <logpt time="2015-05-22T21:48:43Z">
          <spd>10.8</spd>
          <str>90.0</str>
        </logpt>
        <logpt time="2015-05-22T21:48:47Z">
          <spd>10.3</spd>
          <str>89.0</str>
        </logpt>
        <logpt time="2015-05-22T21:48:51Z">
          <spd>10.3</spd>
          <str>89.0</str>
        </logpt>
        <logpt time="2015-05-22T21:48:55Z">
          <spd>10.3</spd>
          <str>89.0</str>
        </logpt>
        <logpt time="2015-05-22T21:48:59Z">
          <spd>9.9</spd>
          <str>89.0</str>
        </logpt>
        <logpt time="2015-05-22T21:49:03Z">
          <spd>9.9</spd>
          <str>89.0</str>
        </logpt>
        <logpt time="2015-05-22T21:49:07Z">
          <spd>9.9</spd>
          <str>89.0</str>
        </logpt>
        <logpt time="2015-05-22T21:49:11Z">
          <spd>9.9</spd>
          <str>89.0</str>
        </logpt>
        <logpt time="2015-05-22T21:49:15Z">
          <spd>10.3</spd>
          <str>90.0</str>
        </logpt>
        <logpt time="2015-05-22T21:49:19Z">
          <spd>10.3</spd>
          <str>90.0</str>
        </logpt>
        <logpt time="2015-05-22T21:49:23Z">
          <spd>10.3</spd>
          <str>89.0</str>
        </logpt>
        <logpt time="2015-05-22T21:49:27Z">
          <spd>10.8</spd>
          <str>90.0</str>
        </logpt>
        <logpt time="2015-05-22T21:49:31Z">
          <spd>10.3</spd>
          <str>90.0</str>
        </logpt>
        <logpt time="2015-05-22T21:49:35Z">
          <spd>10.3</spd>
          <str>90.0</str>
        </logpt>
        <logpt time="2015-05-22T21:49:39Z">
          <spd>10.3</spd>
          <str>89.0</str>
        </logpt>
        <logpt time="2015-05-22T21:49:43Z">
          <spd>10.3</spd>
          <str>89.0</str>
        </logpt>
        <logpt time="2015-05-22T21:49:47Z">
          <spd>10.8</spd>
          <str>90.0</str>
        </logpt>
        <logpt time="2015-05-22T21:49:51Z">
          <spd>10.3</spd>
          <str>90.0</str>
        </logpt>
        <logpt time="2015-05-22T21:49:55Z">
          <spd>10.3</spd>
          <str>90.0</str>
        </logpt>
        <logpt time="2015-05-22T21:49:59Z">
          <spd>10.3</spd>
          <str>90.0</str>
        </logpt>
        <logpt time="2015-05-22T21:50:03Z">
          <spd>10.3</spd>
          <str>90.0</str>
        </logpt>
        <logpt time="2015-05-22T21:50:07Z">
          <spd>10.3</spd>
          <str>89.0</str>
        </logpt>
        <logpt time="2015-05-22T21:50:11Z">
          <spd>10.3</spd>
          <str>89.0</str>
        </logpt>
        <logpt time="2015-05-22T21:50:15Z">
          <spd>10.3</spd>
          <str>89.0</str>
        </logpt>
        <logpt time="2015-05-22T21:50:19Z">
          <spd>10.3</spd>
          <str>89.0</str>
        </logpt>
        <logpt time="2015-05-22T21:50:23Z">
          <spd>10.3</spd>
          <str>90.0</str>
        </logpt>
        <logpt time="2015-05-22T21:50:27Z">
          <spd>10.3</spd>
          <str>89.0</str>
        </logpt>
        <logpt time="2015-05-22T21:50:31Z">
          <spd>9.9</spd>
          <str>90.0</str>
        </logpt>
        <logpt time="2015-05-22T21:50:35Z">
          <spd>10.3</spd>
          <str>90.0</str>
        </logpt>
        <logpt time="2015-05-22T21:50:39Z">
          <spd>9.9</spd>
          <str>90.0</str>
        </logpt>
        <logpt time="2015-05-22T21:50:43Z">
          <spd>10.3</spd>
          <str>90.0</str>
        </logpt>
        <logpt time="2015-05-22T21:50:47Z">
          <spd>10.3</spd>
          <str>90.0</str>
        </logpt>
        <logpt time="2015-05-22T21:50:51Z">
          <spd>10.3</spd>
          <str>90.0</str>
        </logpt>
        <logpt time="2015-05-22T21:50:55Z">
          <spd>10.3</spd>
          <str>90.0</str>
        </logpt>
        <logpt time="2015-05-22T21:50:59Z">
          <spd>10.3</spd>
          <str>90.0</str>
        </logpt>
        <logpt time="2015-05-22T21:51:03Z">
          <spd>10.3</spd>
          <str>90.0</str>
        </logpt>
        <logpt time="2015-05-22T21:51:07Z">
          <spd>10.3</spd>
          <str>90.0</str>
        </logpt>
        <logpt time="2015-05-22T21:51:11Z">
          <spd>10.3</spd>
          <str>90.0</str>
        </logpt>
        <logpt time="2015-05-22T21:51:15Z">
          <spd>10.3</spd>
          <str>90.0</str>
        </logpt>
        <logpt time="2015-05-22T21:51:19Z">
          <spd>10.3</spd>
          <str>90.0</str>
        </logpt>
        <logpt time="2015-05-22T21:51:23Z">
          <spd>10.3</spd>
          <str>90.0</str>
        </logpt>
        <logpt time="2015-05-22T21:51:27Z">
          <spd>10.3</spd>
          <str>90.0</str>
        </logpt>
        <logpt time="2015-05-22T21:51:31Z">
          <spd>9.9</spd>
          <str>90.0</str>
        </logpt>
        <logpt time="2015-05-22T21:51:35Z">
          <spd>10.3</spd>
          <str>90.0</str>
        </logpt>
        <logpt time="2015-05-22T21:51:39Z">
          <spd>10.3</spd>
          <str>90.0</str>
        </logpt>
        <logpt time="2015-05-22T21:51:43Z">
          <spd>10.3</spd>
          <str>91.0</str>
        </logpt>
        <logpt time="2015-05-22T21:51:47Z">
          <spd>9.9</spd>
          <str>91.0</str>
        </logpt>
        <logpt time="2015-05-22T21:51:51Z">
          <spd>10.3</spd>
          <str>90.0</str>
        </logpt>
        <logpt time="2015-05-22T21:51:55Z">
          <spd>10.3</spd>
          <str>90.0</str>
        </logpt>
        <logpt time="2015-05-22T21:51:59Z">
          <spd>10.3</spd>
          <str>90.0</str>
        </logpt>
        <logpt time="2015-05-22T21:52:03Z">
          <spd>10.3</spd>
          <str>90.0</str>
        </logpt>
        <logpt time="2015-05-22T21:52:07Z">
          <spd>10.8</spd>
          <str>90.0</str>
        </logpt>
        <logpt time="2015-05-22T21:52:11Z">
          <spd>10.8</spd>
          <str>90.0</str>
        </logpt>
        <logpt time="2015-05-22T21:52:15Z">
          <spd>10.8</spd>
          <str>90.0</str>
        </logpt>
        <logpt time="2015-05-22T21:52:19Z">
          <spd>10.8</spd>
          <str>90.0</str>
        </logpt>
        <logpt time="2015-05-22T21:52:23Z">
          <spd>10.8</spd>
          <str>90.0</str>
        </logpt>
        <logpt time="2015-05-22T21:52:27Z">
          <spd>9.9</spd>
          <str>90.0</str>
        </logpt>
        <logpt time="2015-05-22T21:52:31Z">
          <spd>9.9</spd>
          <str>90.0</str>
        </logpt>
        <logpt time="2015-05-22T21:52:35Z">
          <spd>10.3</spd>
          <str>90.0</str>
        </logpt>
        <logpt time="2015-05-22T21:52:39Z">
          <spd>10.3</spd>
          <str>90.0</str>
        </logpt>
        <logpt time="2015-05-22T21:52:43Z">
          <spd>10.3</spd>
          <str>90.0</str>
        </logpt>
        <logpt time="2015-05-22T21:52:47Z">
          <spd>10.3</spd>
          <str>90.0</str>
        </logpt>
        <logpt time="2015-05-22T21:52:51Z">
          <spd>10.3</spd>
          <str>90.0</str>
        </logpt>
        <logpt time="2015-05-22T21:52:55Z">
          <spd>10.3</spd>
          <str>90.0</str>
        </logpt>
        <logpt time="2015-05-22T21:52:59Z">
          <spd>10.3</spd>
          <str>90.0</str>
        </logpt>
        <logpt time="2015-05-22T21:53:03Z">
          <spd>9.9</spd>
          <str>90.0</str>
        </logpt>
        <logpt time="2015-05-22T21:53:07Z">
          <spd>9.9</spd>
          <str>90.0</str>
        </logpt>
        <logpt time="2015-05-22T21:53:11Z">
          <spd>9.9</spd>
          <str>90.0</str>
        </logpt>
        <logpt time="2015-05-22T21:53:15Z">
          <spd>9.9</spd>
          <str>90.0</str>
        </logpt>
        <logpt time="2015-05-22T21:53:19Z">
          <spd>9.4</spd>
          <str>91.0</str>
        </logpt>
        <logpt time="2015-05-22T21:53:23Z">
          <spd>9.4</spd>
          <str>91.0</str>
        </logpt>
        <logpt time="2015-05-22T21:53:27Z">
          <spd>9.4</spd>
          <str>90.0</str>
        </logpt>
        <logpt time="2015-05-22T21:53:31Z">
          <spd>9.4</spd>
          <str>91.0</str>
        </logpt>
        <logpt time="2015-05-22T21:53:35Z">
          <spd>9.0</spd>
          <str>90.0</str>
        </logpt>
        <logpt time="2015-05-22T21:53:39Z">
          <spd>9.0</spd>
          <str>90.0</str>
        </logpt>
        <logpt time="2015-05-22T21:53:43Z">
          <spd>9.0</spd>
          <str>90.0</str>
        </logpt>
        <logpt time="2015-05-22T21:53:47Z">
          <spd>9.0</spd>
          <str>89.0</str>
        </logpt>
        <logpt time="2015-05-22T21:53:51Z">
          <spd>9.0</spd>
          <str>89.0</str>
        </logpt>
        <logpt time="2015-05-22T21:53:55Z">
          <spd>9.0</spd>
          <str>89.0</str>
        </logpt>
        <logpt time="2015-05-22T21:53:59Z">
          <spd>9.0</spd>
          <str>88.0</str>
        </logpt>
        <logpt time="2015-05-22T21:54:03Z">
          <spd>9.9</spd>
          <str>88.0</str>
        </logpt>
        <logpt time="2015-05-22T21:54:07Z">
          <spd>9.9</spd>
          <str>88.0</str>
        </logpt>
        <logpt time="2015-05-22T21:54:11Z">
          <spd>9.9</spd>
          <str>88.0</str>
        </logpt>
        <logpt time="2015-05-22T21:54:15Z">
          <spd>9.9</spd>
          <str>88.0</str>
        </logpt>
        <logpt time="2015-05-22T21:54:19Z">
          <spd>9.9</spd>
          <str>87.0</str>
        </logpt>
        <logpt time="2015-05-22T21:54:23Z">
          <spd>10.3</spd>
          <str>87.0</str>
        </logpt>
        <logpt time="2015-05-22T21:54:27Z">
          <spd>10.3</spd>
          <str>87.0</str>
        </logpt>
        <logpt time="2015-05-22T21:54:31Z">
          <spd>10.8</spd>
          <str>87.0</str>
        </logpt>
        <logpt time="2015-05-22T21:54:35Z">
          <spd>10.3</spd>
          <str>86.0</str>
        </logpt>
        <logpt time="2015-05-22T21:54:39Z">
          <spd>10.3</spd>
          <str>86.0</str>
        </logpt>
        <logpt time="2015-05-22T21:54:43Z">
          <spd>9.9</spd>
          <str>86.0</str>
        </logpt>
        <logpt time="2015-05-22T21:54:47Z">
          <spd>9.9</spd>
          <str>86.0</str>
        </logpt>
        <logpt time="2015-05-22T21:54:51Z">
          <spd>9.4</spd>
          <str>87.0</str>
        </logpt>
        <logpt time="2015-05-22T21:54:55Z">
          <spd>9.4</spd>
          <str>87.0</str>
        </logpt>
        <logpt time="2015-05-22T21:54:59Z">
          <spd>9.4</spd>
          <str>87.0</str>
        </logpt>
        <logpt time="2015-05-22T21:55:03Z">
          <spd>9.4</spd>
          <str>87.0</str>
        </logpt>
        <logpt time="2015-05-22T21:55:07Z">
          <spd>9.4</spd>
          <str>87.0</str>
        </logpt>
        <logpt time="2015-05-22T21:55:11Z">
          <spd>9.4</spd>
          <str>87.0</str>
        </logpt>
        <logpt time="2015-05-22T21:55:15Z">
          <spd>9.4</spd>
          <str>87.0</str>
        </logpt>
        <logpt time="2015-05-22T21:55:19Z">
          <spd>9.0</spd>
          <str>88.0</str>
        </logpt>
        <logpt time="2015-05-22T21:55:23Z">
          <spd>9.0</spd>
          <str>87.0</str>
        </logpt>
        <logpt time="2015-05-22T21:55:27Z">
          <spd>9.0</spd>
          <str>88.0</str>
        </logpt>
        <logpt time="2015-05-22T21:55:31Z">
          <spd>9.0</spd>
          <str>88.0</str>
        </logpt>
        <logpt time="2015-05-22T21:55:35Z">
          <spd>9.4</spd>
          <str>88.0</str>
        </logpt>
        <logpt time="2015-05-22T21:55:39Z">
          <spd>9.4</spd>
          <str>88.0</str>
        </logpt>
        <logpt time="2015-05-22T21:55:43Z">
          <spd>9.4</spd>
          <str>88.0</str>
        </logpt>
        <logpt time="2015-05-22T21:55:47Z">
          <spd>9.4</spd>
          <str>89.0</str>
        </logpt>
        <logpt time="2015-05-22T21:55:51Z">
          <spd>9.4</spd>
          <str>89.0</str>
        </logpt>
        <logpt time="2015-05-22T21:55:55Z">
          <spd>9.4</spd>
          <str>88.0</str>
        </logpt>
        <logpt time="2015-05-22T21:55:59Z">
          <spd>9.4</spd>
          <str>89.0</str>
        </logpt>
        <logpt time="2015-05-22T21:56:03Z">
          <spd>9.4</spd>
          <str>89.0</str>
        </logpt>
        <logpt time="2015-05-22T21:56:07Z">
          <spd>9.4</spd>
          <str>89.0</str>
        </logpt>
        <logpt time="2015-05-22T21:56:11Z">
          <spd>9.4</spd>
          <str>89.0</str>
        </logpt>
        <logpt time="2015-05-22T21:56:15Z">
          <spd>9.4</spd>
          <str>89.0</str>
        </logpt>
        <logpt time="2015-05-22T21:56:19Z">
          <spd>9.4</spd>
          <str>89.0</str>
        </logpt>
        <logpt time="2015-05-22T21:56:23Z">
          <spd>9.4</spd>
          <str>89.0</str>
        </logpt>
        <logpt time="2015-05-22T21:56:27Z">
          <spd>9.4</spd>
          <str>89.0</str>
        </logpt>
        <logpt time="2015-05-22T21:56:31Z">
          <spd>9.4</spd>
          <str>89.0</str>
        </logpt>
        <logpt time="2015-05-22T21:56:35Z">
          <spd>9.4</spd>
          <str>89.0</str>
        </logpt>
        <logpt time="2015-05-22T21:56:39Z">
          <spd>9.4</spd>
          <str>89.0</str>
        </logpt>
        <logpt time="2015-05-22T21:56:43Z">
          <spd>9.4</spd>
          <str>89.0</str>
        </logpt>
        <logpt time="2015-05-22T21:56:47Z">
          <spd>9.4</spd>
          <str>89.0</str>
        </logpt>
        <logpt time="2015-05-22T21:56:51Z">
          <spd>9.4</spd>
          <str>89.0</str>
        </logpt>
        <logpt time="2015-05-22T21:56:55Z">
          <spd>9.4</spd>
          <str>89.0</str>
        </logpt>
        <logpt time="2015-05-22T21:56:59Z">
          <spd>9.4</spd>
          <str>89.0</str>
        </logpt>
        <logpt time="2015-05-22T21:57:03Z">
          <spd>9.4</spd>
          <str>89.0</str>
        </logpt>
        <logpt time="2015-05-22T21:57:07Z">
          <spd>9.4</spd>
          <str>89.0</str>
        </logpt>
        <logpt time="2015-05-22T21:57:11Z">
          <spd>9.0</spd>
          <str>89.0</str>
        </logpt>
        <logpt time="2015-05-22T21:57:15Z">
          <spd>9.0</spd>
          <str>89.0</str>
        </logpt>
        <logpt time="2015-05-22T21:57:19Z">
          <spd>9.0</spd>
          <str>89.0</str>
        </logpt>
        <logpt time="2015-05-22T21:57:23Z">
          <spd>9.4</spd>
          <str>89.0</str>
        </logpt>
        <logpt time="2015-05-22T21:57:27Z">
          <spd>9.4</spd>
          <str>89.0</str>
        </logpt>
        <logpt time="2015-05-22T21:57:31Z">
          <spd>9.4</spd>
          <str>89.0</str>
        </logpt>
        <logpt time="2015-05-22T21:57:35Z">
          <spd>9.4</spd>
          <str>89.0</str>
        </logpt>
        <logpt time="2015-05-22T21:57:39Z">
          <spd>9.4</spd>
          <str>89.0</str>
        </logpt>
        <logpt time="2015-05-22T21:57:43Z">
          <spd>9.4</spd>
          <str>89.0</str>
        </logpt>
        <logpt time="2015-05-22T21:57:47Z">
          <spd>9.4</spd>
          <str>89.0</str>
        </logpt>
        <logpt time="2015-05-22T21:57:51Z">
          <spd>9.9</spd>
          <str>89.0</str>
        </logpt>
        <logpt time="2015-05-22T21:57:55Z">
          <spd>9.9</spd>
          <str>89.0</str>
        </logpt>
        <logpt time="2015-05-22T21:57:59Z">
          <spd>9.9</spd>
          <str>89.0</str>
        </logpt>
        <logpt time="2015-05-22T21:58:03Z">
          <spd>9.9</spd>
          <str>89.0</str>
        </logpt>
        <logpt time="2015-05-22T21:58:07Z">
          <spd>9.4</spd>
          <str>88.0</str>
        </logpt>
        <logpt time="2015-05-22T21:58:11Z">
          <spd>9.4</spd>
          <str>88.0</str>
        </logpt>
        <logpt time="2015-05-22T21:58:15Z">
          <spd>9.4</spd>
          <str>89.0</str>
        </logpt>
        <logpt time="2015-05-22T21:58:19Z">
          <spd>9.4</spd>
          <str>88.0</str>
        </logpt>
        <logpt time="2015-05-22T21:58:23Z">
          <spd>9.4</spd>
          <str>88.0</str>
        </logpt>
        <logpt time="2015-05-22T21:58:27Z">
          <spd>9.4</spd>
          <str>88.0</str>
        </logpt>
        <logpt time="2015-05-22T21:58:31Z">
          <spd>9.0</spd>
          <str>88.0</str>
        </logpt>
        <logpt time="2015-05-22T21:58:35Z">
          <spd>9.0</spd>
          <str>88.0</str>
        </logpt>
        <logpt time="2015-05-22T21:58:39Z">
          <spd>9.0</spd>
          <str>88.0</str>
        </logpt>
        <logpt time="2015-05-22T21:58:43Z">
          <spd>9.4</spd>
          <str>88.0</str>
        </logpt>
        <logpt time="2015-05-22T21:58:47Z">
          <spd>9.0</spd>
          <str>88.0</str>
        </logpt>
        <logpt time="2015-05-22T21:58:51Z">
          <spd>9.0</spd>
          <str>88.0</str>
        </logpt>
        <logpt time="2015-05-22T21:58:55Z">
          <spd>9.0</spd>
          <str>87.0</str>
        </logpt>
        <logpt time="2015-05-22T21:58:59Z">
          <spd>9.0</spd>
          <str>88.0</str>
        </logpt>
        <logpt time="2015-05-22T21:59:03Z">
          <spd>9.4</spd>
          <str>88.0</str>
        </logpt>
        <logpt time="2015-05-22T21:59:07Z">
          <spd>9.4</spd>
          <str>88.0</str>
        </logpt>
        <logpt time="2015-05-22T21:59:11Z">
          <spd>9.4</spd>
          <str>88.0</str>
        </logpt>
        <logpt time="2015-05-22T21:59:15Z">
          <spd>9.9</spd>
          <str>88.0</str>
        </logpt>
        <logpt time="2015-05-22T21:59:19Z">
          <spd>9.4</spd>
          <str>88.0</str>
        </logpt>
        <logpt time="2015-05-22T21:59:23Z">
          <spd>9.4</spd>
          <str>88.0</str>
        </logpt>
        <logpt time="2015-05-22T21:59:27Z">
          <spd>9.4</spd>
          <str>88.0</str>
        </logpt>
        <logpt time="2015-05-22T21:59:31Z">
          <spd>9.4</spd>
          <str>88.0</str>
        </logpt>
        <breaktype>2</breaktype>
      </logseg>
    </ssrlog>
    <laps>
      <summary start="2015-05-22T21:28:46Z" type="0" end="2015-05-22T21:59:30Z" isautolap="0">
        <distance>5072</distance>
        <calorie>309</calorie>
        <speed max="11.25" avg="9.9"/>
        <cad max="91" avg="88"/>
        <rtime>1835</rtime>
        <acttype subtype="0">1</acttype>
      </summary>
    </laps>
  </extensions>
</gpx>
