<?xml version='1.0' encoding='utf-8'?>
<gpx xmlns:xsi="http://www.w3.org/2001/XMLSchema-instance" xmlns="http://www.brytonsport.com/BDX/2/2" version="2.2.0.3" creator="bryton">
  <metadata>
    <name>2015/08/29 05:46</name>
    <time>2015-08-28T21:46:02Z</time>
    <bounds minlat="35.935643" maxlon="120.213121" minlon="120.204332" maxlat="35.957069"/>
    <extensions>
      <user>
        <bike>0<wheel>204.00</wheel></bike>
        <weight>68</weight>
        <gender>1</gender>
        <height>172</height>
        <age>28</age>
        <mhr>190</mhr>
        <lthr>172</lthr>
        <map>0</map>
        <ftp>0</ftp>
        <zonedef type="1">
          <zone high="74" id="1" low="0"/>
          <zone high="80" id="2" low="74"/>
          <zone high="85" id="3" low="80"/>
          <zone high="91" id="4" low="85"/>
          <zone high="93" id="5" low="91"/>
          <zone high="95" id="6" low="93"/>
          <zone high="0" id="7" low="95"/>
        </zonedef>
        <zonedef type="2">
          <zone high="80" id="1" low="0"/>
          <zone high="87" id="2" low="80"/>
          <zone high="91" id="3" low="87"/>
          <zone high="100" id="4" low="91"/>
          <zone high="101" id="5" low="100"/>
          <zone high="105" id="6" low="101"/>
          <zone high="0" id="7" low="105"/>
        </zonedef>
        <zonedef type="3">
          <zone high="40" id="1" low="17"/>
          <zone high="55" id="2" low="40"/>
          <zone high="65" id="3" low="55"/>
          <zone high="75" id="4" low="65"/>
          <zone high="85" id="5" low="75"/>
          <zone high="110" id="6" low="85"/>
          <zone high="65535" id="7" low="110"/>
        </zonedef>
        <zonedef type="4">
          <zone high="55" id="1" low="23"/>
          <zone high="75" id="2" low="55"/>
          <zone high="90" id="3" low="75"/>
          <zone high="105" id="4" low="90"/>
          <zone high="120" id="5" low="105"/>
          <zone high="150" id="6" low="120"/>
          <zone high="65535" id="7" low="150"/>
        </zonedef>
      </user>
      <sys version="1.0.0.R041 BB2.8.0.14">Cardio60<apps><app version="148" name="bc"/></apps></sys>
      <sharetype>2</sharetype>
      <acttype subtype="0">1</acttype>
      <trvTime>39</trvTime>
      <trvDist>6469</trvDist>
      <stime>1440798362</stime>
      <etime>1440800744</etime>
    </extensions>
  </metadata>
  <rte>
    <number>2</number>
    <rtept lat="35.957055" lon="120.2089">
      <type>1</type>
    </rtept>
    <rtept lat="35.956923" lon="120.208464">
      <type>2</type>
    </rtept>
  </rte>
  <trk>
    <trkseg/>
    <trkseg>
      <trkpt lat="35.957055" lon="120.2089">
        <ele>13.5</ele>
        <time>2015-08-28T21:47:58Z</time>
      </trkpt>
      <trkpt lat="35.957065" lon="120.208871">
        <ele>13.6</ele>
        <time>2015-08-28T21:48:02Z</time>
      </trkpt>
      <trkpt lat="35.957069" lon="120.208786">
        <ele>13.7</ele>
        <time>2015-08-28T21:48:06Z</time>
      </trkpt>
      <trkpt lat="35.957063" lon="120.20871">
        <ele>13.8</ele>
        <time>2015-08-28T21:48:10Z</time>
      </trkpt>
      <trkpt lat="35.957046" lon="120.208612">
        <ele>13.8</ele>
        <time>2015-08-28T21:48:14Z</time>
      </trkpt>
      <trkpt lat="35.957029" lon="120.208501">
        <ele>13.8</ele>
        <time>2015-08-28T21:48:18Z</time>
      </trkpt>
      <trkpt lat="35.957015" lon="120.208404">
        <ele>13.7</ele>
        <time>2015-08-28T21:48:22Z</time>
      </trkpt>
      <trkpt lat="35.956992" lon="120.208297">
        <ele>13.7</ele>
        <time>2015-08-28T21:48:26Z</time>
      </trkpt>
      <trkpt lat="35.956975" lon="120.208176">
        <ele>13.6</ele>
        <time>2015-08-28T21:48:30Z</time>
      </trkpt>
      <trkpt lat="35.956967" lon="120.208049">
        <ele>13.5</ele>
        <time>2015-08-28T21:48:34Z</time>
      </trkpt>
      <trkpt lat="35.956952" lon="120.20791">
        <ele>13.4</ele>
        <time>2015-08-28T21:48:38Z</time>
      </trkpt>
      <trkpt lat="35.956916" lon="120.207756">
        <ele>13.2</ele>
        <time>2015-08-28T21:48:42Z</time>
      </trkpt>
      <trkpt lat="35.956874" lon="120.207636">
        <ele>13.0</ele>
        <time>2015-08-28T21:48:46Z</time>
      </trkpt>
      <trkpt lat="35.956804" lon="120.207586">
        <ele>12.8</ele>
        <time>2015-08-28T21:48:50Z</time>
      </trkpt>
      <trkpt lat="35.956695" lon="120.207594">
        <ele>12.6</ele>
        <time>2015-08-28T21:48:54Z</time>
      </trkpt>
      <trkpt lat="35.956577" lon="120.207634">
        <ele>12.3</ele>
        <time>2015-08-28T21:48:58Z</time>
      </trkpt>
      <trkpt lat="35.956448" lon="120.207674">
        <ele>11.9</ele>
        <time>2015-08-28T21:49:02Z</time>
      </trkpt>
      <trkpt lat="35.956325" lon="120.207711">
        <ele>11.5</ele>
        <time>2015-08-28T21:49:06Z</time>
      </trkpt>
      <trkpt lat="35.956196" lon="120.207724">
        <ele>11.1</ele>
        <time>2015-08-28T21:49:10Z</time>
      </trkpt>
      <trkpt lat="35.956064" lon="120.207745">
        <ele>10.6</ele>
        <time>2015-08-28T21:49:14Z</time>
      </trkpt>
      <trkpt lat="35.955932" lon="120.207788">
        <ele>10.1</ele>
        <time>2015-08-28T21:49:18Z</time>
      </trkpt>
      <trkpt lat="35.955804" lon="120.207846">
        <ele>9.5</ele>
        <time>2015-08-28T21:49:22Z</time>
      </trkpt>
      <trkpt lat="35.955671" lon="120.207925">
        <ele>8.9</ele>
        <time>2015-08-28T21:49:26Z</time>
      </trkpt>
      <trkpt lat="35.955532" lon="120.207996">
        <ele>8.3</ele>
        <time>2015-08-28T21:49:30Z</time>
      </trkpt>
      <trkpt lat="35.955397" lon="120.208047">
        <ele>7.7</ele>
        <time>2015-08-28T21:49:34Z</time>
      </trkpt>
      <trkpt lat="35.955266" lon="120.208085">
        <ele>7.1</ele>
        <time>2015-08-28T21:49:38Z</time>
      </trkpt>
      <trkpt lat="35.955143" lon="120.208103">
        <ele>6.5</ele>
        <time>2015-08-28T21:49:42Z</time>
      </trkpt>
      <trkpt lat="35.955023" lon="120.208122">
        <ele>5.9</ele>
        <time>2015-08-28T21:49:46Z</time>
      </trkpt>
      <trkpt lat="35.954905" lon="120.208158">
        <ele>5.4</ele>
        <time>2015-08-28T21:49:50Z</time>
      </trkpt>
      <trkpt lat="35.95479" lon="120.20819">
        <ele>4.8</ele>
        <time>2015-08-28T21:49:54Z</time>
      </trkpt>
      <trkpt lat="35.954681" lon="120.208216">
        <ele>4.4</ele>
        <time>2015-08-28T21:49:58Z</time>
      </trkpt>
      <trkpt lat="35.954567" lon="120.208254">
        <ele>3.9</ele>
        <time>2015-08-28T21:50:02Z</time>
      </trkpt>
      <trkpt lat="35.954456" lon="120.208286">
        <ele>3.5</ele>
        <time>2015-08-28T21:50:06Z</time>
      </trkpt>
      <trkpt lat="35.954341" lon="120.208296">
        <ele>3.1</ele>
        <time>2015-08-28T21:50:10Z</time>
      </trkpt>
      <trkpt lat="35.95423" lon="120.208314">
        <ele>2.8</ele>
        <time>2015-08-28T21:50:14Z</time>
      </trkpt>
      <trkpt lat="35.954121" lon="120.208343">
        <ele>2.5</ele>
        <time>2015-08-28T21:50:18Z</time>
      </trkpt>
      <trkpt lat="35.954015" lon="120.208373">
        <ele>2.3</ele>
        <time>2015-08-28T21:50:22Z</time>
      </trkpt>
      <trkpt lat="35.953896" lon="120.208405">
        <ele>2.1</ele>
        <time>2015-08-28T21:50:26Z</time>
      </trkpt>
      <trkpt lat="35.953775" lon="120.208403">
        <ele>1.9</ele>
        <time>2015-08-28T21:50:30Z</time>
      </trkpt>
      <trkpt lat="35.953667" lon="120.208393">
        <ele>1.8</ele>
        <time>2015-08-28T21:50:34Z</time>
      </trkpt>
      <trkpt lat="35.95355" lon="120.208407">
        <ele>1.6</ele>
        <time>2015-08-28T21:50:38Z</time>
      </trkpt>
      <trkpt lat="35.953429" lon="120.208431">
        <ele>1.5</ele>
        <time>2015-08-28T21:50:42Z</time>
      </trkpt>
      <trkpt lat="35.953301" lon="120.208461">
        <ele>1.4</ele>
        <time>2015-08-28T21:50:46Z</time>
      </trkpt>
      <trkpt lat="35.953195" lon="120.208484">
        <ele>1.4</ele>
        <time>2015-08-28T21:50:50Z</time>
      </trkpt>
      <trkpt lat="35.953101" lon="120.208519">
        <ele>1.3</ele>
        <time>2015-08-28T21:50:54Z</time>
      </trkpt>
      <trkpt lat="35.953005" lon="120.208559">
        <ele>1.2</ele>
        <time>2015-08-28T21:50:58Z</time>
      </trkpt>
      <trkpt lat="35.952918" lon="120.208593">
        <ele>1.1</ele>
        <time>2015-08-28T21:51:02Z</time>
      </trkpt>
      <trkpt lat="35.952811" lon="120.208638">
        <ele>1.1</ele>
        <time>2015-08-28T21:51:06Z</time>
      </trkpt>
      <trkpt lat="35.952706" lon="120.208667">
        <ele>1.0</ele>
        <time>2015-08-28T21:51:10Z</time>
      </trkpt>
      <trkpt lat="35.952609" lon="120.208675">
        <ele>1.0</ele>
        <time>2015-08-28T21:51:14Z</time>
      </trkpt>
      <trkpt lat="35.952506" lon="120.208691">
        <ele>1.0</ele>
        <time>2015-08-28T21:51:18Z</time>
      </trkpt>
      <trkpt lat="35.952414" lon="120.208698">
        <ele>1.0</ele>
        <time>2015-08-28T21:51:22Z</time>
      </trkpt>
      <trkpt lat="35.952341" lon="120.208712">
        <ele>0.9</ele>
        <time>2015-08-28T21:51:26Z</time>
      </trkpt>
      <trkpt lat="35.95228" lon="120.208814">
        <ele>0.9</ele>
        <time>2015-08-28T21:51:30Z</time>
      </trkpt>
      <trkpt lat="35.952225" lon="120.208925">
        <ele>0.9</ele>
        <time>2015-08-28T21:51:34Z</time>
      </trkpt>
      <trkpt lat="35.952172" lon="120.209023">
        <ele>0.9</ele>
        <time>2015-08-28T21:51:38Z</time>
      </trkpt>
      <trkpt lat="35.952145" lon="120.209124">
        <ele>0.8</ele>
        <time>2015-08-28T21:51:42Z</time>
      </trkpt>
      <trkpt lat="35.952141" lon="120.209237">
        <ele>0.8</ele>
        <time>2015-08-28T21:51:46Z</time>
      </trkpt>
      <trkpt lat="35.952139" lon="120.209351">
        <ele>0.8</ele>
        <time>2015-08-28T21:51:50Z</time>
      </trkpt>
      <trkpt lat="35.952149" lon="120.209472">
        <ele>0.8</ele>
        <time>2015-08-28T21:51:54Z</time>
      </trkpt>
      <trkpt lat="35.952166" lon="120.209604">
        <ele>0.7</ele>
        <time>2015-08-28T21:51:58Z</time>
      </trkpt>
      <trkpt lat="35.95219" lon="120.20972">
        <ele>0.7</ele>
        <time>2015-08-28T21:52:02Z</time>
      </trkpt>
      <trkpt lat="35.952209" lon="120.209831">
        <ele>0.8</ele>
        <time>2015-08-28T21:52:06Z</time>
      </trkpt>
      <trkpt lat="35.952228" lon="120.209951">
        <ele>0.8</ele>
        <time>2015-08-28T21:52:10Z</time>
      </trkpt>
      <trkpt lat="35.952257" lon="120.210069">
        <ele>0.8</ele>
        <time>2015-08-28T21:52:14Z</time>
      </trkpt>
      <trkpt lat="35.95228" lon="120.210189">
        <ele>0.8</ele>
        <time>2015-08-28T21:52:18Z</time>
      </trkpt>
      <trkpt lat="35.952301" lon="120.210313">
        <ele>0.8</ele>
        <time>2015-08-28T21:52:22Z</time>
      </trkpt>
      <trkpt lat="35.952316" lon="120.210426">
        <ele>0.8</ele>
        <time>2015-08-28T21:52:26Z</time>
      </trkpt>
      <trkpt lat="35.952279" lon="120.210503">
        <ele>0.9</ele>
        <time>2015-08-28T21:52:30Z</time>
      </trkpt>
      <trkpt lat="35.95221" lon="120.210542">
        <ele>0.9</ele>
        <time>2015-08-28T21:52:34Z</time>
      </trkpt>
      <trkpt lat="35.952188" lon="120.210519">
        <ele>0.9</ele>
        <time>2015-08-28T21:52:38Z</time>
      </trkpt>
      <trkpt lat="35.952135" lon="120.210537">
        <ele>0.9</ele>
        <time>2015-08-28T21:52:42Z</time>
      </trkpt>
      <trkpt lat="35.952052" lon="120.210618">
        <ele>0.9</ele>
        <time>2015-08-28T21:52:46Z</time>
      </trkpt>
      <trkpt lat="35.951949" lon="120.210691">
        <ele>0.9</ele>
        <time>2015-08-28T21:52:54Z</time>
      </trkpt>
      <trkpt lat="35.95181" lon="120.210744">
        <ele>0.9</ele>
        <time>2015-08-28T21:52:58Z</time>
      </trkpt>
      <trkpt lat="35.951707" lon="120.210775">
        <ele>1.0</ele>
        <time>2015-08-28T21:53:02Z</time>
      </trkpt>
      <trkpt lat="35.951609" lon="120.21081">
        <ele>1.0</ele>
        <time>2015-08-28T21:53:06Z</time>
      </trkpt>
      <trkpt lat="35.95151" lon="120.210841">
        <ele>1.0</ele>
        <time>2015-08-28T21:53:10Z</time>
      </trkpt>
      <trkpt lat="35.95141" lon="120.210884">
        <ele>1.0</ele>
        <time>2015-08-28T21:53:14Z</time>
      </trkpt>
      <trkpt lat="35.951332" lon="120.210933">
        <ele>1.1</ele>
        <time>2015-08-28T21:53:18Z</time>
      </trkpt>
      <trkpt lat="35.951188" lon="120.211027">
        <ele>1.1</ele>
        <time>2015-08-28T21:53:22Z</time>
      </trkpt>
      <trkpt lat="35.951067" lon="120.211077">
        <ele>1.1</ele>
        <time>2015-08-28T21:53:30Z</time>
      </trkpt>
      <trkpt lat="35.950952" lon="120.211105">
        <ele>1.1</ele>
        <time>2015-08-28T21:53:34Z</time>
      </trkpt>
      <trkpt lat="35.950851" lon="120.211123">
        <ele>1.1</ele>
        <time>2015-08-28T21:53:38Z</time>
      </trkpt>
      <trkpt lat="35.950659" lon="120.211179">
        <ele>1.1</ele>
        <time>2015-08-28T21:53:42Z</time>
      </trkpt>
      <trkpt lat="35.950546" lon="120.211208">
        <ele>1.1</ele>
        <time>2015-08-28T21:53:50Z</time>
      </trkpt>
      <trkpt lat="35.950439" lon="120.211251">
        <ele>1.0</ele>
        <time>2015-08-28T21:53:54Z</time>
      </trkpt>
      <trkpt lat="35.95034" lon="120.211308">
        <ele>1.0</ele>
        <time>2015-08-28T21:53:58Z</time>
      </trkpt>
      <trkpt lat="35.950127" lon="120.211397">
        <ele>0.9</ele>
        <time>2015-08-28T21:54:02Z</time>
      </trkpt>
      <trkpt lat="35.950009" lon="120.211429">
        <ele>0.9</ele>
        <time>2015-08-28T21:54:10Z</time>
      </trkpt>
      <trkpt lat="35.949885" lon="120.211459">
        <ele>0.8</ele>
        <time>2015-08-28T21:54:14Z</time>
      </trkpt>
      <trkpt lat="35.949764" lon="120.211446">
        <ele>0.8</ele>
        <time>2015-08-28T21:54:18Z</time>
      </trkpt>
      <trkpt lat="35.949647" lon="120.211441">
        <ele>0.8</ele>
        <time>2015-08-28T21:54:22Z</time>
      </trkpt>
      <trkpt lat="35.949518" lon="120.211469">
        <ele>0.8</ele>
        <time>2015-08-28T21:54:26Z</time>
      </trkpt>
      <trkpt lat="35.949394" lon="120.211472">
        <ele>0.8</ele>
        <time>2015-08-28T21:54:30Z</time>
      </trkpt>
      <trkpt lat="35.949267" lon="120.211485">
        <ele>0.7</ele>
        <time>2015-08-28T21:54:34Z</time>
      </trkpt>
      <trkpt lat="35.949152" lon="120.211516">
        <ele>0.7</ele>
        <time>2015-08-28T21:54:38Z</time>
      </trkpt>
      <trkpt lat="35.949047" lon="120.211533">
        <ele>0.7</ele>
        <time>2015-08-28T21:54:42Z</time>
      </trkpt>
      <trkpt lat="35.948951" lon="120.211544">
        <ele>0.7</ele>
        <time>2015-08-28T21:54:46Z</time>
      </trkpt>
      <trkpt lat="35.948748" lon="120.211575">
        <ele>0.7</ele>
        <time>2015-08-28T21:54:50Z</time>
      </trkpt>
      <trkpt lat="35.948652" lon="120.21161">
        <ele>0.7</ele>
        <time>2015-08-28T21:54:54Z</time>
      </trkpt>
      <trkpt lat="35.948542" lon="120.211632">
        <ele>0.6</ele>
        <time>2015-08-28T21:55:02Z</time>
      </trkpt>
      <trkpt lat="35.94843" lon="120.211654">
        <ele>0.6</ele>
        <time>2015-08-28T21:55:06Z</time>
      </trkpt>
      <trkpt lat="35.948324" lon="120.211684">
        <ele>0.6</ele>
        <time>2015-08-28T21:55:10Z</time>
      </trkpt>
      <trkpt lat="35.948233" lon="120.211713">
        <ele>0.6</ele>
        <time>2015-08-28T21:55:14Z</time>
      </trkpt>
      <trkpt lat="35.948127" lon="120.211724">
        <ele>0.7</ele>
        <time>2015-08-28T21:55:18Z</time>
      </trkpt>
      <trkpt lat="35.947904" lon="120.211754">
        <ele>0.8</ele>
        <time>2015-08-28T21:55:22Z</time>
      </trkpt>
      <trkpt lat="35.947781" lon="120.211773">
        <ele>0.9</ele>
        <time>2015-08-28T21:55:26Z</time>
      </trkpt>
      <trkpt lat="35.947668" lon="120.211803">
        <ele>1.0</ele>
        <time>2015-08-28T21:55:30Z</time>
      </trkpt>
      <trkpt lat="35.947451" lon="120.211861">
        <ele>1.2</ele>
        <time>2015-08-28T21:55:38Z</time>
      </trkpt>
      <trkpt lat="35.947345" lon="120.211904">
        <ele>1.3</ele>
        <time>2015-08-28T21:55:46Z</time>
      </trkpt>
      <trkpt lat="35.947133" lon="120.211993">
        <ele>1.5</ele>
        <time>2015-08-28T21:55:50Z</time>
      </trkpt>
      <trkpt lat="35.947014" lon="120.212018">
        <ele>1.6</ele>
        <time>2015-08-28T21:55:58Z</time>
      </trkpt>
      <trkpt lat="35.9469" lon="120.212047">
        <ele>1.8</ele>
        <time>2015-08-28T21:56:02Z</time>
      </trkpt>
      <trkpt lat="35.946787" lon="120.212089">
        <ele>1.9</ele>
        <time>2015-08-28T21:56:06Z</time>
      </trkpt>
      <trkpt lat="35.946569" lon="120.212153">
        <ele>2.1</ele>
        <time>2015-08-28T21:56:10Z</time>
      </trkpt>
      <trkpt lat="35.946473" lon="120.212187">
        <ele>2.2</ele>
        <time>2015-08-28T21:56:18Z</time>
      </trkpt>
      <trkpt lat="35.946377" lon="120.212218">
        <ele>2.4</ele>
        <time>2015-08-28T21:56:22Z</time>
      </trkpt>
      <trkpt lat="35.946268" lon="120.212253">
        <ele>2.5</ele>
        <time>2015-08-28T21:56:26Z</time>
      </trkpt>
      <trkpt lat="35.946042" lon="120.212331">
        <ele>2.7</ele>
        <time>2015-08-28T21:56:30Z</time>
      </trkpt>
      <trkpt lat="35.945932" lon="120.212372">
        <ele>2.9</ele>
        <time>2015-08-28T21:56:38Z</time>
      </trkpt>
      <trkpt lat="35.945825" lon="120.212418">
        <ele>3.1</ele>
        <time>2015-08-28T21:56:42Z</time>
      </trkpt>
      <trkpt lat="35.945614" lon="120.212489">
        <ele>3.4</ele>
        <time>2015-08-28T21:56:46Z</time>
      </trkpt>
      <trkpt lat="35.945506" lon="120.212533">
        <ele>3.6</ele>
        <time>2015-08-28T21:56:54Z</time>
      </trkpt>
      <trkpt lat="35.945302" lon="120.212619">
        <ele>3.9</ele>
        <time>2015-08-28T21:56:58Z</time>
      </trkpt>
      <trkpt lat="35.9452" lon="120.212669">
        <ele>4.1</ele>
        <time>2015-08-28T21:57:06Z</time>
      </trkpt>
      <trkpt lat="35.945103" lon="120.212709">
        <ele>4.3</ele>
        <time>2015-08-28T21:57:10Z</time>
      </trkpt>
      <trkpt lat="35.945018" lon="120.212743">
        <ele>4.5</ele>
        <time>2015-08-28T21:57:14Z</time>
      </trkpt>
      <trkpt lat="35.944925" lon="120.212791">
        <ele>4.7</ele>
        <time>2015-08-28T21:57:18Z</time>
      </trkpt>
      <trkpt lat="35.94482" lon="120.212852">
        <ele>4.8</ele>
        <time>2015-08-28T21:57:22Z</time>
      </trkpt>
      <trkpt lat="35.944706" lon="120.212912">
        <ele>5.0</ele>
        <time>2015-08-28T21:57:26Z</time>
      </trkpt>
      <trkpt lat="35.944609" lon="120.212968">
        <ele>5.1</ele>
        <time>2015-08-28T21:57:30Z</time>
      </trkpt>
      <trkpt lat="35.944506" lon="120.213021">
        <ele>5.2</ele>
        <time>2015-08-28T21:57:34Z</time>
      </trkpt>
      <trkpt lat="35.94439" lon="120.213069">
        <ele>5.3</ele>
        <time>2015-08-28T21:57:38Z</time>
      </trkpt>
      <trkpt lat="35.944269" lon="120.21311">
        <ele>5.4</ele>
        <time>2015-08-28T21:57:42Z</time>
      </trkpt>
      <trkpt lat="35.944165" lon="120.213121">
        <ele>5.5</ele>
        <time>2015-08-28T21:57:46Z</time>
      </trkpt>
      <trkpt lat="35.944101" lon="120.213065">
        <ele>5.5</ele>
        <time>2015-08-28T21:57:50Z</time>
      </trkpt>
      <trkpt lat="35.944057" lon="120.21299">
        <ele>5.5</ele>
        <time>2015-08-28T21:57:54Z</time>
      </trkpt>
      <trkpt lat="35.944016" lon="120.212892">
        <ele>5.5</ele>
        <time>2015-08-28T21:57:58Z</time>
      </trkpt>
      <trkpt lat="35.943969" lon="120.212788">
        <ele>5.4</ele>
        <time>2015-08-28T21:58:02Z</time>
      </trkpt>
      <trkpt lat="35.943929" lon="120.21269">
        <ele>5.3</ele>
        <time>2015-08-28T21:58:06Z</time>
      </trkpt>
      <trkpt lat="35.943869" lon="120.212593">
        <ele>5.1</ele>
        <time>2015-08-28T21:58:10Z</time>
      </trkpt>
      <trkpt lat="35.943822" lon="120.212496">
        <ele>4.8</ele>
        <time>2015-08-28T21:58:14Z</time>
      </trkpt>
      <trkpt lat="35.943779" lon="120.212397">
        <ele>4.6</ele>
        <time>2015-08-28T21:58:18Z</time>
      </trkpt>
      <trkpt lat="35.943735" lon="120.212318">
        <ele>4.3</ele>
        <time>2015-08-28T21:58:22Z</time>
      </trkpt>
      <trkpt lat="35.94369" lon="120.212217">
        <ele>4.1</ele>
        <time>2015-08-28T21:58:26Z</time>
      </trkpt>
      <trkpt lat="35.943636" lon="120.212104">
        <ele>3.8</ele>
        <time>2015-08-28T21:58:30Z</time>
      </trkpt>
      <trkpt lat="35.943593" lon="120.211995">
        <ele>3.6</ele>
        <time>2015-08-28T21:58:34Z</time>
      </trkpt>
      <trkpt lat="35.943536" lon="120.211902">
        <ele>3.4</ele>
        <time>2015-08-28T21:58:38Z</time>
      </trkpt>
      <trkpt lat="35.943483" lon="120.211805">
        <ele>3.2</ele>
        <time>2015-08-28T21:58:42Z</time>
      </trkpt>
      <trkpt lat="35.943468" lon="120.211679">
        <ele>3.0</ele>
        <time>2015-08-28T21:58:46Z</time>
      </trkpt>
      <trkpt lat="35.943428" lon="120.211551">
        <ele>2.8</ele>
        <time>2015-08-28T21:58:50Z</time>
      </trkpt>
      <trkpt lat="35.943357" lon="120.21143">
        <ele>2.6</ele>
        <time>2015-08-28T21:58:54Z</time>
      </trkpt>
      <trkpt lat="35.94328" lon="120.211321">
        <ele>2.3</ele>
        <time>2015-08-28T21:58:58Z</time>
      </trkpt>
      <trkpt lat="35.943212" lon="120.211213">
        <ele>2.1</ele>
        <time>2015-08-28T21:59:02Z</time>
      </trkpt>
      <trkpt lat="35.94309" lon="120.210986">
        <ele>1.9</ele>
        <time>2015-08-28T21:59:06Z</time>
      </trkpt>
      <trkpt lat="35.943036" lon="120.210899">
        <ele>1.7</ele>
        <time>2015-08-28T21:59:14Z</time>
      </trkpt>
      <trkpt lat="35.942989" lon="120.210797">
        <ele>1.5</ele>
        <time>2015-08-28T21:59:18Z</time>
      </trkpt>
      <trkpt lat="35.942926" lon="120.210706">
        <ele>1.3</ele>
        <time>2015-08-28T21:59:22Z</time>
      </trkpt>
      <trkpt lat="35.94284" lon="120.210638">
        <ele>1.2</ele>
        <time>2015-08-28T21:59:26Z</time>
      </trkpt>
      <trkpt lat="35.942756" lon="120.210561">
        <ele>1.1</ele>
        <time>2015-08-28T21:59:30Z</time>
      </trkpt>
      <trkpt lat="35.942689" lon="120.210461">
        <ele>1.0</ele>
        <time>2015-08-28T21:59:34Z</time>
      </trkpt>
      <trkpt lat="35.942618" lon="120.210371">
        <ele>0.9</ele>
        <time>2015-08-28T21:59:38Z</time>
      </trkpt>
      <trkpt lat="35.94256" lon="120.210283">
        <ele>0.9</ele>
        <time>2015-08-28T21:59:42Z</time>
      </trkpt>
      <trkpt lat="35.942502" lon="120.210191">
        <ele>0.8</ele>
        <time>2015-08-28T21:59:46Z</time>
      </trkpt>
      <trkpt lat="35.942442" lon="120.210082">
        <ele>0.8</ele>
        <time>2015-08-28T21:59:50Z</time>
      </trkpt>
      <trkpt lat="35.942383" lon="120.209968">
        <ele>0.7</ele>
        <time>2015-08-28T21:59:54Z</time>
      </trkpt>
      <trkpt lat="35.942316" lon="120.209864">
        <ele>0.6</ele>
        <time>2015-08-28T21:59:58Z</time>
      </trkpt>
      <trkpt lat="35.942242" lon="120.209728">
        <ele>0.5</ele>
        <time>2015-08-28T22:00:02Z</time>
      </trkpt>
      <trkpt lat="35.942209" lon="120.209599">
        <ele>0.4</ele>
        <time>2015-08-28T22:00:06Z</time>
      </trkpt>
      <trkpt lat="35.942175" lon="120.20949">
        <ele>0.4</ele>
        <time>2015-08-28T22:00:10Z</time>
      </trkpt>
      <trkpt lat="35.942088" lon="120.209404">
        <ele>0.3</ele>
        <time>2015-08-28T22:00:14Z</time>
      </trkpt>
      <trkpt lat="35.941992" lon="120.209369">
        <ele>0.3</ele>
        <time>2015-08-28T22:00:18Z</time>
      </trkpt>
      <trkpt lat="35.941887" lon="120.209346">
        <ele>0.3</ele>
        <time>2015-08-28T22:00:22Z</time>
      </trkpt>
      <trkpt lat="35.941813" lon="120.209256">
        <ele>0.3</ele>
        <time>2015-08-28T22:00:26Z</time>
      </trkpt>
      <trkpt lat="35.941741" lon="120.209144">
        <ele>0.3</ele>
        <time>2015-08-28T22:00:30Z</time>
      </trkpt>
      <trkpt lat="35.941665" lon="120.209046">
        <ele>0.3</ele>
        <time>2015-08-28T22:00:34Z</time>
      </trkpt>
      <trkpt lat="35.941577" lon="120.20897">
        <ele>0.2</ele>
        <time>2015-08-28T22:00:38Z</time>
      </trkpt>
      <trkpt lat="35.941472" lon="120.208926">
        <ele>0.3</ele>
        <time>2015-08-28T22:00:42Z</time>
      </trkpt>
      <trkpt lat="35.941364" lon="120.208907">
        <ele>0.3</ele>
        <time>2015-08-28T22:00:46Z</time>
      </trkpt>
      <trkpt lat="35.941253" lon="120.208913">
        <ele>0.2</ele>
        <time>2015-08-28T22:00:50Z</time>
      </trkpt>
      <trkpt lat="35.941151" lon="120.208933">
        <ele>0.2</ele>
        <time>2015-08-28T22:00:54Z</time>
      </trkpt>
      <trkpt lat="35.941054" lon="120.208971">
        <ele>0.2</ele>
        <time>2015-08-28T22:00:58Z</time>
      </trkpt>
      <trkpt lat="35.940958" lon="120.209025">
        <ele>0.2</ele>
        <time>2015-08-28T22:01:02Z</time>
      </trkpt>
      <trkpt lat="35.940878" lon="120.20909">
        <ele>0.3</ele>
        <time>2015-08-28T22:01:06Z</time>
      </trkpt>
      <trkpt lat="35.940803" lon="120.209185">
        <ele>0.3</ele>
        <time>2015-08-28T22:01:10Z</time>
      </trkpt>
      <trkpt lat="35.940743" lon="120.20931">
        <ele>0.3</ele>
        <time>2015-08-28T22:01:14Z</time>
      </trkpt>
      <trkpt lat="35.94068" lon="120.20943">
        <ele>0.4</ele>
        <time>2015-08-28T22:01:22Z</time>
      </trkpt>
      <trkpt lat="35.940565" lon="120.209622">
        <ele>0.4</ele>
        <time>2015-08-28T22:01:26Z</time>
      </trkpt>
      <trkpt lat="35.940434" lon="120.209706">
        <ele>0.4</ele>
        <time>2015-08-28T22:01:34Z</time>
      </trkpt>
      <trkpt lat="35.940355" lon="120.20976">
        <ele>0.4</ele>
        <time>2015-08-28T22:01:42Z</time>
      </trkpt>
      <trkpt lat="35.940273" lon="120.20982">
        <ele>0.4</ele>
        <time>2015-08-28T22:01:46Z</time>
      </trkpt>
      <trkpt lat="35.94018" lon="120.209866">
        <ele>0.4</ele>
        <time>2015-08-28T22:01:50Z</time>
      </trkpt>
      <trkpt lat="35.940084" lon="120.209893">
        <ele>0.4</ele>
        <time>2015-08-28T22:01:54Z</time>
      </trkpt>
      <trkpt lat="35.939984" lon="120.209925">
        <ele>0.4</ele>
        <time>2015-08-28T22:01:58Z</time>
      </trkpt>
      <trkpt lat="35.939896" lon="120.20996">
        <ele>0.3</ele>
        <time>2015-08-28T22:02:02Z</time>
      </trkpt>
      <trkpt lat="35.939807" lon="120.209989">
        <ele>0.3</ele>
        <time>2015-08-28T22:02:06Z</time>
      </trkpt>
      <trkpt lat="35.939714" lon="120.21001">
        <ele>0.3</ele>
        <time>2015-08-28T22:02:10Z</time>
      </trkpt>
      <trkpt lat="35.939507" lon="120.210054">
        <ele>0.3</ele>
        <time>2015-08-28T22:02:14Z</time>
      </trkpt>
      <trkpt lat="35.939404" lon="120.210082">
        <ele>0.3</ele>
        <time>2015-08-28T22:02:22Z</time>
      </trkpt>
      <trkpt lat="35.939307" lon="120.210102">
        <ele>0.3</ele>
        <time>2015-08-28T22:02:26Z</time>
      </trkpt>
      <trkpt lat="35.939204" lon="120.210119">
        <ele>0.3</ele>
        <time>2015-08-28T22:02:30Z</time>
      </trkpt>
      <trkpt lat="35.939004" lon="120.210108">
        <ele>0.3</ele>
        <time>2015-08-28T22:02:34Z</time>
      </trkpt>
      <trkpt lat="35.938912" lon="120.210091">
        <ele>0.2</ele>
        <time>2015-08-28T22:02:38Z</time>
      </trkpt>
      <trkpt lat="35.938814" lon="120.210059">
        <ele>0.2</ele>
        <time>2015-08-28T22:02:46Z</time>
      </trkpt>
      <trkpt lat="35.938703" lon="120.210031">
        <ele>0.1</ele>
        <time>2015-08-28T22:02:50Z</time>
      </trkpt>
      <trkpt lat="35.938509" lon="120.209939">
        <ele>0.1</ele>
        <time>2015-08-28T22:02:54Z</time>
      </trkpt>
      <trkpt lat="35.938414" lon="120.209884">
        <ele>0.1</ele>
        <time>2015-08-28T22:03:02Z</time>
      </trkpt>
      <trkpt lat="35.938318" lon="120.209843">
        <ele>0.0</ele>
        <time>2015-08-28T22:03:06Z</time>
      </trkpt>
      <trkpt lat="35.938216" lon="120.20979">
        <ele>-0.0</ele>
        <time>2015-08-28T22:03:10Z</time>
      </trkpt>
      <trkpt lat="35.938125" lon="120.209727">
        <ele>-0.0</ele>
        <time>2015-08-28T22:03:14Z</time>
      </trkpt>
      <trkpt lat="35.937938" lon="120.20959">
        <ele>-0.1</ele>
        <time>2015-08-28T22:03:18Z</time>
      </trkpt>
      <trkpt lat="35.937831" lon="120.209537">
        <ele>-0.1</ele>
        <time>2015-08-28T22:03:22Z</time>
      </trkpt>
      <trkpt lat="35.937734" lon="120.209476">
        <ele>-0.1</ele>
        <time>2015-08-28T22:03:30Z</time>
      </trkpt>
      <trkpt lat="35.937647" lon="120.209398">
        <ele>-0.1</ele>
        <time>2015-08-28T22:03:34Z</time>
      </trkpt>
      <trkpt lat="35.937565" lon="120.209319">
        <ele>-0.1</ele>
        <time>2015-08-28T22:03:38Z</time>
      </trkpt>
      <trkpt lat="35.937481" lon="120.209245">
        <ele>-0.1</ele>
        <time>2015-08-28T22:03:42Z</time>
      </trkpt>
      <trkpt lat="35.937396" lon="120.209169">
        <ele>-0.1</ele>
        <time>2015-08-28T22:03:46Z</time>
      </trkpt>
      <trkpt lat="35.937319" lon="120.209101">
        <ele>-0.1</ele>
        <time>2015-08-28T22:03:50Z</time>
      </trkpt>
      <trkpt lat="35.937246" lon="120.209023">
        <ele>-0.2</ele>
        <time>2015-08-28T22:03:54Z</time>
      </trkpt>
      <trkpt lat="35.937166" lon="120.208942">
        <ele>-0.2</ele>
        <time>2015-08-28T22:03:58Z</time>
      </trkpt>
      <trkpt lat="35.937084" lon="120.208863">
        <ele>-0.2</ele>
        <time>2015-08-28T22:04:02Z</time>
      </trkpt>
      <trkpt lat="35.937004" lon="120.208789">
        <ele>-0.2</ele>
        <time>2015-08-28T22:04:06Z</time>
      </trkpt>
      <trkpt lat="35.936928" lon="120.208713">
        <ele>-0.2</ele>
        <time>2015-08-28T22:04:10Z</time>
      </trkpt>
      <trkpt lat="35.936852" lon="120.208623">
        <ele>-0.1</ele>
        <time>2015-08-28T22:04:14Z</time>
      </trkpt>
      <trkpt lat="35.936781" lon="120.208537">
        <ele>-0.1</ele>
        <time>2015-08-28T22:04:18Z</time>
      </trkpt>
      <trkpt lat="35.936628" lon="120.208372">
        <ele>-0.0</ele>
        <time>2015-08-28T22:04:22Z</time>
      </trkpt>
      <trkpt lat="35.936552" lon="120.208281">
        <ele>0.0</ele>
        <time>2015-08-28T22:04:30Z</time>
      </trkpt>
      <trkpt lat="35.936485" lon="120.208185">
        <ele>0.1</ele>
        <time>2015-08-28T22:04:34Z</time>
      </trkpt>
      <trkpt lat="35.936424" lon="120.208078">
        <ele>0.2</ele>
        <time>2015-08-28T22:04:38Z</time>
      </trkpt>
      <trkpt lat="35.936281" lon="120.20789">
        <ele>0.2</ele>
        <time>2015-08-28T22:04:42Z</time>
      </trkpt>
      <trkpt lat="35.936209" lon="120.207788">
        <ele>0.3</ele>
        <time>2015-08-28T22:04:50Z</time>
      </trkpt>
      <trkpt lat="35.936145" lon="120.207684">
        <ele>0.4</ele>
        <time>2015-08-28T22:04:54Z</time>
      </trkpt>
      <trkpt lat="35.936076" lon="120.207591">
        <ele>0.5</ele>
        <time>2015-08-28T22:04:58Z</time>
      </trkpt>
      <trkpt lat="35.935959" lon="120.207389">
        <ele>0.5</ele>
        <time>2015-08-28T22:05:02Z</time>
      </trkpt>
      <trkpt lat="35.935904" lon="120.207278">
        <ele>0.5</ele>
        <time>2015-08-28T22:05:10Z</time>
      </trkpt>
      <trkpt lat="35.935854" lon="120.207173">
        <ele>0.5</ele>
        <time>2015-08-28T22:05:14Z</time>
      </trkpt>
      <trkpt lat="35.935802" lon="120.207062">
        <ele>0.6</ele>
        <time>2015-08-28T22:05:18Z</time>
      </trkpt>
      <trkpt lat="35.93575" lon="120.206945">
        <ele>0.6</ele>
        <time>2015-08-28T22:05:22Z</time>
      </trkpt>
      <trkpt lat="35.935703" lon="120.20684">
        <ele>0.6</ele>
        <time>2015-08-28T22:05:26Z</time>
      </trkpt>
      <trkpt lat="35.935659" lon="120.2068">
        <ele>0.6</ele>
        <time>2015-08-28T22:05:30Z</time>
      </trkpt>
      <trkpt lat="35.935643" lon="120.206864">
        <ele>0.7</ele>
        <time>2015-08-28T22:05:34Z</time>
      </trkpt>
      <trkpt lat="35.935662" lon="120.206951">
        <ele>0.7</ele>
        <time>2015-08-28T22:05:38Z</time>
      </trkpt>
      <trkpt lat="35.935688" lon="120.207048">
        <ele>0.6</ele>
        <time>2015-08-28T22:05:42Z</time>
      </trkpt>
      <trkpt lat="35.935735" lon="120.207146">
        <ele>0.6</ele>
        <time>2015-08-28T22:05:46Z</time>
      </trkpt>
      <trkpt lat="35.935784" lon="120.20724">
        <ele>0.6</ele>
        <time>2015-08-28T22:05:50Z</time>
      </trkpt>
      <trkpt lat="35.935834" lon="120.20734">
        <ele>0.6</ele>
        <time>2015-08-28T22:05:54Z</time>
      </trkpt>
      <trkpt lat="35.935883" lon="120.207431">
        <ele>0.5</ele>
        <time>2015-08-28T22:05:58Z</time>
      </trkpt>
      <trkpt lat="35.935948" lon="120.207523">
        <ele>0.5</ele>
        <time>2015-08-28T22:06:02Z</time>
      </trkpt>
      <trkpt lat="35.935996" lon="120.207623">
        <ele>0.5</ele>
        <time>2015-08-28T22:06:06Z</time>
      </trkpt>
      <trkpt lat="35.936051" lon="120.207723">
        <ele>0.4</ele>
        <time>2015-08-28T22:06:10Z</time>
      </trkpt>
      <trkpt lat="35.93612" lon="120.207809">
        <ele>0.3</ele>
        <time>2015-08-28T22:06:14Z</time>
      </trkpt>
      <trkpt lat="35.936184" lon="120.207892">
        <ele>0.2</ele>
        <time>2015-08-28T22:06:18Z</time>
      </trkpt>
      <trkpt lat="35.936241" lon="120.208077">
        <ele>0.1</ele>
        <time>2015-08-28T22:06:22Z</time>
      </trkpt>
      <trkpt lat="35.936268" lon="120.208169">
        <ele>0.0</ele>
        <time>2015-08-28T22:06:26Z</time>
      </trkpt>
      <trkpt lat="35.936331" lon="120.20826">
        <ele>-0.0</ele>
        <time>2015-08-28T22:06:30Z</time>
      </trkpt>
      <trkpt lat="35.936398" lon="120.208354">
        <ele>-0.1</ele>
        <time>2015-08-28T22:06:38Z</time>
      </trkpt>
      <trkpt lat="35.936461" lon="120.208431">
        <ele>-0.1</ele>
        <time>2015-08-28T22:06:42Z</time>
      </trkpt>
      <trkpt lat="35.936517" lon="120.208492">
        <ele>-0.2</ele>
        <time>2015-08-28T22:06:46Z</time>
      </trkpt>
      <trkpt lat="35.936642" lon="120.208642">
        <ele>-0.2</ele>
        <time>2015-08-28T22:06:50Z</time>
      </trkpt>
      <trkpt lat="35.936714" lon="120.208718">
        <ele>-0.3</ele>
        <time>2015-08-28T22:06:58Z</time>
      </trkpt>
      <trkpt lat="35.93679" lon="120.208807">
        <ele>-0.3</ele>
        <time>2015-08-28T22:07:02Z</time>
      </trkpt>
      <trkpt lat="35.936861" lon="120.208889">
        <ele>-0.3</ele>
        <time>2015-08-28T22:07:06Z</time>
      </trkpt>
      <trkpt lat="35.937009" lon="120.209037">
        <ele>-0.3</ele>
        <time>2015-08-28T22:07:10Z</time>
      </trkpt>
      <trkpt lat="35.937082" lon="120.209107">
        <ele>-0.3</ele>
        <time>2015-08-28T22:07:18Z</time>
      </trkpt>
      <trkpt lat="35.937158" lon="120.209173">
        <ele>-0.2</ele>
        <time>2015-08-28T22:07:22Z</time>
      </trkpt>
      <trkpt lat="35.937248" lon="120.209241">
        <ele>-0.2</ele>
        <time>2015-08-28T22:07:26Z</time>
      </trkpt>
      <trkpt lat="35.937338" lon="120.209305">
        <ele>-0.1</ele>
        <time>2015-08-28T22:07:30Z</time>
      </trkpt>
      <trkpt lat="35.937423" lon="120.209379">
        <ele>-0.1</ele>
        <time>2015-08-28T22:07:34Z</time>
      </trkpt>
      <trkpt lat="35.937505" lon="120.209449">
        <ele>-0.1</ele>
        <time>2015-08-28T22:07:38Z</time>
      </trkpt>
      <trkpt lat="35.937585" lon="120.209519">
        <ele>-0.1</ele>
        <time>2015-08-28T22:07:42Z</time>
      </trkpt>
      <trkpt lat="35.93766" lon="120.209581">
        <ele>-0.1</ele>
        <time>2015-08-28T22:07:46Z</time>
      </trkpt>
      <trkpt lat="35.937742" lon="120.209633">
        <ele>-0.0</ele>
        <time>2015-08-28T22:07:50Z</time>
      </trkpt>
      <trkpt lat="35.937827" lon="120.209682">
        <ele>0.0</ele>
        <time>2015-08-28T22:07:54Z</time>
      </trkpt>
      <trkpt lat="35.937913" lon="120.209725">
        <ele>0.1</ele>
        <time>2015-08-28T22:07:58Z</time>
      </trkpt>
      <trkpt lat="35.938002" lon="120.209769">
        <ele>0.1</ele>
        <time>2015-08-28T22:08:02Z</time>
      </trkpt>
      <trkpt lat="35.938085" lon="120.20982">
        <ele>0.1</ele>
        <time>2015-08-28T22:08:06Z</time>
      </trkpt>
      <trkpt lat="35.938173" lon="120.209869">
        <ele>0.2</ele>
        <time>2015-08-28T22:08:10Z</time>
      </trkpt>
      <trkpt lat="35.938265" lon="120.209918">
        <ele>0.2</ele>
        <time>2015-08-28T22:08:14Z</time>
      </trkpt>
      <trkpt lat="35.938362" lon="120.209957">
        <ele>0.2</ele>
        <time>2015-08-28T22:08:18Z</time>
      </trkpt>
      <trkpt lat="35.938461" lon="120.20999">
        <ele>0.3</ele>
        <time>2015-08-28T22:08:22Z</time>
      </trkpt>
      <trkpt lat="35.938569" lon="120.210016">
        <ele>0.3</ele>
        <time>2015-08-28T22:08:26Z</time>
      </trkpt>
      <trkpt lat="35.938777" lon="120.210055">
        <ele>0.4</ele>
        <time>2015-08-28T22:08:30Z</time>
      </trkpt>
      <trkpt lat="35.93898" lon="120.210051">
        <ele>0.4</ele>
        <time>2015-08-28T22:08:38Z</time>
      </trkpt>
      <trkpt lat="35.939085" lon="120.210042">
        <ele>0.4</ele>
        <time>2015-08-28T22:08:46Z</time>
      </trkpt>
      <trkpt lat="35.939189" lon="120.210022">
        <ele>0.4</ele>
        <time>2015-08-28T22:08:50Z</time>
      </trkpt>
      <trkpt lat="35.939289" lon="120.209981">
        <ele>0.4</ele>
        <time>2015-08-28T22:08:54Z</time>
      </trkpt>
      <trkpt lat="35.939398" lon="120.209939">
        <ele>0.3</ele>
        <time>2015-08-28T22:08:58Z</time>
      </trkpt>
      <trkpt lat="35.939508" lon="120.209904">
        <ele>0.3</ele>
        <time>2015-08-28T22:09:02Z</time>
      </trkpt>
      <trkpt lat="35.939612" lon="120.209869">
        <ele>0.3</ele>
        <time>2015-08-28T22:09:06Z</time>
      </trkpt>
      <trkpt lat="35.939715" lon="120.209834">
        <ele>0.3</ele>
        <time>2015-08-28T22:09:10Z</time>
      </trkpt>
      <trkpt lat="35.939818" lon="120.2098">
        <ele>0.3</ele>
        <time>2015-08-28T22:09:14Z</time>
      </trkpt>
      <trkpt lat="35.939935" lon="120.20976">
        <ele>0.4</ele>
        <time>2015-08-28T22:09:18Z</time>
      </trkpt>
      <trkpt lat="35.940046" lon="120.209715">
        <ele>0.4</ele>
        <time>2015-08-28T22:09:22Z</time>
      </trkpt>
      <trkpt lat="35.94014" lon="120.209664">
        <ele>0.4</ele>
        <time>2015-08-28T22:09:26Z</time>
      </trkpt>
      <trkpt lat="35.940241" lon="120.209617">
        <ele>0.4</ele>
        <time>2015-08-28T22:09:30Z</time>
      </trkpt>
      <trkpt lat="35.940342" lon="120.209574">
        <ele>0.5</ele>
        <time>2015-08-28T22:09:34Z</time>
      </trkpt>
      <trkpt lat="35.940439" lon="120.209536">
        <ele>0.5</ele>
        <time>2015-08-28T22:09:38Z</time>
      </trkpt>
      <trkpt lat="35.94052" lon="120.209514">
        <ele>0.5</ele>
        <time>2015-08-28T22:09:42Z</time>
      </trkpt>
      <trkpt lat="35.940573" lon="120.209436">
        <ele>0.5</ele>
        <time>2015-08-28T22:09:46Z</time>
      </trkpt>
      <trkpt lat="35.940612" lon="120.209328">
        <ele>0.5</ele>
        <time>2015-08-28T22:09:50Z</time>
      </trkpt>
      <trkpt lat="35.940642" lon="120.209218">
        <ele>0.4</ele>
        <time>2015-08-28T22:09:54Z</time>
      </trkpt>
      <trkpt lat="35.940685" lon="120.209104">
        <ele>0.4</ele>
        <time>2015-08-28T22:09:58Z</time>
      </trkpt>
      <trkpt lat="35.940744" lon="120.209001">
        <ele>0.4</ele>
        <time>2015-08-28T22:10:02Z</time>
      </trkpt>
      <trkpt lat="35.940813" lon="120.208905">
        <ele>0.3</ele>
        <time>2015-08-28T22:10:06Z</time>
      </trkpt>
      <trkpt lat="35.940902" lon="120.208846">
        <ele>0.3</ele>
        <time>2015-08-28T22:10:10Z</time>
      </trkpt>
      <trkpt lat="35.940999" lon="120.208805">
        <ele>0.3</ele>
        <time>2015-08-28T22:10:14Z</time>
      </trkpt>
      <trkpt lat="35.941098" lon="120.208799">
        <ele>0.2</ele>
        <time>2015-08-28T22:10:18Z</time>
      </trkpt>
      <trkpt lat="35.941198" lon="120.208815">
        <ele>0.2</ele>
        <time>2015-08-28T22:10:22Z</time>
      </trkpt>
      <trkpt lat="35.941294" lon="120.208846">
        <ele>0.2</ele>
        <time>2015-08-28T22:10:26Z</time>
      </trkpt>
      <trkpt lat="35.941379" lon="120.208916">
        <ele>0.2</ele>
        <time>2015-08-28T22:10:30Z</time>
      </trkpt>
      <trkpt lat="35.941449" lon="120.20902">
        <ele>0.1</ele>
        <time>2015-08-28T22:10:34Z</time>
      </trkpt>
      <trkpt lat="35.9415" lon="120.209146">
        <ele>0.1</ele>
        <time>2015-08-28T22:10:38Z</time>
      </trkpt>
      <trkpt lat="35.941546" lon="120.209261">
        <ele>0.1</ele>
        <time>2015-08-28T22:10:42Z</time>
      </trkpt>
      <trkpt lat="35.941623" lon="120.209306">
        <ele>0.0</ele>
        <time>2015-08-28T22:10:46Z</time>
      </trkpt>
      <trkpt lat="35.941728" lon="120.209308">
        <ele>0.0</ele>
        <time>2015-08-28T22:10:50Z</time>
      </trkpt>
      <trkpt lat="35.941837" lon="120.209304">
        <ele>0.0</ele>
        <time>2015-08-28T22:10:54Z</time>
      </trkpt>
      <trkpt lat="35.941955" lon="120.209289">
        <ele>0.1</ele>
        <time>2015-08-28T22:10:58Z</time>
      </trkpt>
      <trkpt lat="35.942061" lon="120.209277">
        <ele>0.1</ele>
        <time>2015-08-28T22:11:02Z</time>
      </trkpt>
      <trkpt lat="35.942164" lon="120.209253">
        <ele>0.1</ele>
        <time>2015-08-28T22:11:06Z</time>
      </trkpt>
      <trkpt lat="35.942264" lon="120.209217">
        <ele>0.2</ele>
        <time>2015-08-28T22:11:10Z</time>
      </trkpt>
      <trkpt lat="35.942365" lon="120.209164">
        <ele>0.2</ele>
        <time>2015-08-28T22:11:18Z</time>
      </trkpt>
      <trkpt lat="35.942476" lon="120.209097">
        <ele>0.3</ele>
        <time>2015-08-28T22:11:22Z</time>
      </trkpt>
      <trkpt lat="35.942658" lon="120.208984">
        <ele>0.3</ele>
        <time>2015-08-28T22:11:26Z</time>
      </trkpt>
      <trkpt lat="35.942747" lon="120.208931">
        <ele>0.3</ele>
        <time>2015-08-28T22:11:34Z</time>
      </trkpt>
      <trkpt lat="35.942837" lon="120.208891">
        <ele>0.3</ele>
        <time>2015-08-28T22:11:38Z</time>
      </trkpt>
      <trkpt lat="35.942934" lon="120.208857">
        <ele>0.3</ele>
        <time>2015-08-28T22:11:42Z</time>
      </trkpt>
      <trkpt lat="35.943037" lon="120.20884">
        <ele>0.3</ele>
        <time>2015-08-28T22:11:46Z</time>
      </trkpt>
      <trkpt lat="35.943144" lon="120.208821">
        <ele>0.3</ele>
        <time>2015-08-28T22:11:50Z</time>
      </trkpt>
      <trkpt lat="35.943257" lon="120.208817">
        <ele>0.3</ele>
        <time>2015-08-28T22:11:54Z</time>
      </trkpt>
      <trkpt lat="35.943368" lon="120.208804">
        <ele>0.3</ele>
        <time>2015-08-28T22:11:58Z</time>
      </trkpt>
      <trkpt lat="35.943469" lon="120.208798">
        <ele>0.3</ele>
        <time>2015-08-28T22:12:02Z</time>
      </trkpt>
      <trkpt lat="35.943563" lon="120.208778">
        <ele>0.3</ele>
        <time>2015-08-28T22:12:06Z</time>
      </trkpt>
      <trkpt lat="35.943656" lon="120.208733">
        <ele>0.3</ele>
        <time>2015-08-28T22:12:10Z</time>
      </trkpt>
      <trkpt lat="35.943744" lon="120.208687">
        <ele>0.3</ele>
        <time>2015-08-28T22:12:14Z</time>
      </trkpt>
      <trkpt lat="35.943839" lon="120.208663">
        <ele>0.3</ele>
        <time>2015-08-28T22:12:18Z</time>
      </trkpt>
      <trkpt lat="35.943943" lon="120.208692">
        <ele>0.3</ele>
        <time>2015-08-28T22:12:22Z</time>
      </trkpt>
      <trkpt lat="35.94414" lon="120.208773">
        <ele>0.3</ele>
        <time>2015-08-28T22:12:26Z</time>
      </trkpt>
      <trkpt lat="35.944231" lon="120.208821">
        <ele>0.2</ele>
        <time>2015-08-28T22:12:34Z</time>
      </trkpt>
      <trkpt lat="35.944334" lon="120.208859">
        <ele>0.2</ele>
        <time>2015-08-28T22:12:38Z</time>
      </trkpt>
      <trkpt lat="35.94445" lon="120.208871">
        <ele>0.1</ele>
        <time>2015-08-28T22:12:42Z</time>
      </trkpt>
      <trkpt lat="35.944551" lon="120.208868">
        <ele>0.1</ele>
        <time>2015-08-28T22:12:46Z</time>
      </trkpt>
      <trkpt lat="35.944657" lon="120.208857">
        <ele>0.0</ele>
        <time>2015-08-28T22:12:50Z</time>
      </trkpt>
      <trkpt lat="35.944759" lon="120.208845">
        <ele>0.0</ele>
        <time>2015-08-28T22:12:54Z</time>
      </trkpt>
      <trkpt lat="35.944868" lon="120.208829">
        <ele>0.0</ele>
        <time>2015-08-28T22:12:58Z</time>
      </trkpt>
      <trkpt lat="35.944984" lon="120.208814">
        <ele>0.0</ele>
        <time>2015-08-28T22:13:02Z</time>
      </trkpt>
      <trkpt lat="35.9451" lon="120.208789">
        <ele>0.0</ele>
        <time>2015-08-28T22:13:06Z</time>
      </trkpt>
      <trkpt lat="35.945208" lon="120.208763">
        <ele>0.0</ele>
        <time>2015-08-28T22:13:10Z</time>
      </trkpt>
      <trkpt lat="35.945319" lon="120.208746">
        <ele>0.0</ele>
        <time>2015-08-28T22:13:14Z</time>
      </trkpt>
      <trkpt lat="35.945423" lon="120.208736">
        <ele>0.0</ele>
        <time>2015-08-28T22:13:18Z</time>
      </trkpt>
      <trkpt lat="35.945526" lon="120.208733">
        <ele>0.0</ele>
        <time>2015-08-28T22:13:22Z</time>
      </trkpt>
      <trkpt lat="35.945632" lon="120.208728">
        <ele>0.0</ele>
        <time>2015-08-28T22:13:26Z</time>
      </trkpt>
      <trkpt lat="35.945734" lon="120.208724">
        <ele>0.0</ele>
        <time>2015-08-28T22:13:30Z</time>
      </trkpt>
      <trkpt lat="35.945827" lon="120.208719">
        <ele>0.0</ele>
        <time>2015-08-28T22:13:34Z</time>
      </trkpt>
      <trkpt lat="35.945921" lon="120.2087">
        <ele>0.0</ele>
        <time>2015-08-28T22:13:38Z</time>
      </trkpt>
      <trkpt lat="35.946017" lon="120.208699">
        <ele>0.0</ele>
        <time>2015-08-28T22:13:42Z</time>
      </trkpt>
      <trkpt lat="35.946129" lon="120.208712">
        <ele>0.0</ele>
        <time>2015-08-28T22:13:46Z</time>
      </trkpt>
      <trkpt lat="35.946229" lon="120.208706">
        <ele>0.0</ele>
        <time>2015-08-28T22:13:50Z</time>
      </trkpt>
      <trkpt lat="35.946325" lon="120.208687">
        <ele>0.0</ele>
        <time>2015-08-28T22:13:54Z</time>
      </trkpt>
      <trkpt lat="35.946415" lon="120.20867">
        <ele>0.0</ele>
        <time>2015-08-28T22:13:58Z</time>
      </trkpt>
      <trkpt lat="35.946509" lon="120.208653">
        <ele>0.0</ele>
        <time>2015-08-28T22:14:02Z</time>
      </trkpt>
      <trkpt lat="35.946615" lon="120.208632">
        <ele>0.0</ele>
        <time>2015-08-28T22:14:06Z</time>
      </trkpt>
      <trkpt lat="35.946723" lon="120.208618">
        <ele>0.0</ele>
        <time>2015-08-28T22:14:10Z</time>
      </trkpt>
      <trkpt lat="35.946828" lon="120.208611">
        <ele>0.0</ele>
        <time>2015-08-28T22:14:14Z</time>
      </trkpt>
      <trkpt lat="35.946934" lon="120.208602">
        <ele>0.0</ele>
        <time>2015-08-28T22:14:18Z</time>
      </trkpt>
      <trkpt lat="35.947036" lon="120.208603">
        <ele>0.0</ele>
        <time>2015-08-28T22:14:22Z</time>
      </trkpt>
      <trkpt lat="35.947124" lon="120.208586">
        <ele>0.0</ele>
        <time>2015-08-28T22:14:26Z</time>
      </trkpt>
      <trkpt lat="35.947182" lon="120.208502">
        <ele>0.0</ele>
        <time>2015-08-28T22:14:30Z</time>
      </trkpt>
      <trkpt lat="35.947206" lon="120.208375">
        <ele>0.0</ele>
        <time>2015-08-28T22:14:34Z</time>
      </trkpt>
      <trkpt lat="35.947214" lon="120.208247">
        <ele>0.0</ele>
        <time>2015-08-28T22:14:38Z</time>
      </trkpt>
      <trkpt lat="35.947218" lon="120.208143">
        <ele>0.0</ele>
        <time>2015-08-28T22:14:42Z</time>
      </trkpt>
      <trkpt lat="35.947224" lon="120.208048">
        <ele>0.0</ele>
        <time>2015-08-28T22:14:46Z</time>
      </trkpt>
      <trkpt lat="35.947222" lon="120.207936">
        <ele>0.0</ele>
        <time>2015-08-28T22:14:50Z</time>
      </trkpt>
      <trkpt lat="35.947223" lon="120.207799">
        <ele>0.0</ele>
        <time>2015-08-28T22:14:54Z</time>
      </trkpt>
      <trkpt lat="35.947218" lon="120.207661">
        <ele>0.0</ele>
        <time>2015-08-28T22:14:58Z</time>
      </trkpt>
      <trkpt lat="35.947213" lon="120.207517">
        <ele>0.0</ele>
        <time>2015-08-28T22:15:02Z</time>
      </trkpt>
      <trkpt lat="35.94721" lon="120.20738">
        <ele>0.0</ele>
        <time>2015-08-28T22:15:06Z</time>
      </trkpt>
      <trkpt lat="35.947221" lon="120.207249">
        <ele>0.0</ele>
        <time>2015-08-28T22:15:10Z</time>
      </trkpt>
      <trkpt lat="35.947262" lon="120.207123">
        <ele>0.0</ele>
        <time>2015-08-28T22:15:14Z</time>
      </trkpt>
      <trkpt lat="35.947314" lon="120.207001">
        <ele>0.0</ele>
        <time>2015-08-28T22:15:18Z</time>
      </trkpt>
      <trkpt lat="35.94735" lon="120.206872">
        <ele>0.0</ele>
        <time>2015-08-28T22:15:22Z</time>
      </trkpt>
      <trkpt lat="35.947396" lon="120.206743">
        <ele>0.0</ele>
        <time>2015-08-28T22:15:26Z</time>
      </trkpt>
      <trkpt lat="35.947444" lon="120.206623">
        <ele>0.0</ele>
        <time>2015-08-28T22:15:30Z</time>
      </trkpt>
      <trkpt lat="35.947496" lon="120.206504">
        <ele>0.0</ele>
        <time>2015-08-28T22:15:34Z</time>
      </trkpt>
      <trkpt lat="35.947547" lon="120.206377">
        <ele>0.0</ele>
        <time>2015-08-28T22:15:38Z</time>
      </trkpt>
      <trkpt lat="35.947602" lon="120.206247">
        <ele>0.0</ele>
        <time>2015-08-28T22:15:42Z</time>
      </trkpt>
      <trkpt lat="35.947653" lon="120.206116">
        <ele>0.0</ele>
        <time>2015-08-28T22:15:46Z</time>
      </trkpt>
      <trkpt lat="35.947713" lon="120.206009">
        <ele>0.0</ele>
        <time>2015-08-28T22:15:50Z</time>
      </trkpt>
      <trkpt lat="35.947771" lon="120.20592">
        <ele>0.0</ele>
        <time>2015-08-28T22:15:54Z</time>
      </trkpt>
      <trkpt lat="35.947815" lon="120.205795">
        <ele>0.0</ele>
        <time>2015-08-28T22:15:58Z</time>
      </trkpt>
      <trkpt lat="35.94786" lon="120.205666">
        <ele>0.0</ele>
        <time>2015-08-28T22:16:02Z</time>
      </trkpt>
      <trkpt lat="35.947905" lon="120.205543">
        <ele>0.0</ele>
        <time>2015-08-28T22:16:06Z</time>
      </trkpt>
      <trkpt lat="35.947949" lon="120.205432">
        <ele>0.0</ele>
        <time>2015-08-28T22:16:10Z</time>
      </trkpt>
      <trkpt lat="35.948002" lon="120.205321">
        <ele>0.0</ele>
        <time>2015-08-28T22:16:14Z</time>
      </trkpt>
      <trkpt lat="35.948055" lon="120.205221">
        <ele>0.0</ele>
        <time>2015-08-28T22:16:18Z</time>
      </trkpt>
      <trkpt lat="35.948104" lon="120.205116">
        <ele>0.0</ele>
        <time>2015-08-28T22:16:22Z</time>
      </trkpt>
      <trkpt lat="35.948153" lon="120.205006">
        <ele>0.0</ele>
        <time>2015-08-28T22:16:26Z</time>
      </trkpt>
      <trkpt lat="35.94818" lon="120.204883">
        <ele>0.0</ele>
        <time>2015-08-28T22:16:30Z</time>
      </trkpt>
      <trkpt lat="35.948198" lon="120.204754">
        <ele>0.0</ele>
        <time>2015-08-28T22:16:34Z</time>
      </trkpt>
      <trkpt lat="35.948204" lon="120.204629">
        <ele>0.0</ele>
        <time>2015-08-28T22:16:38Z</time>
      </trkpt>
      <trkpt lat="35.948187" lon="120.204498">
        <ele>0.0</ele>
        <time>2015-08-28T22:16:42Z</time>
      </trkpt>
      <trkpt lat="35.948159" lon="120.204385">
        <ele>0.0</ele>
        <time>2015-08-28T22:16:46Z</time>
      </trkpt>
      <trkpt lat="35.948134" lon="120.204332">
        <ele>0.0</ele>
        <time>2015-08-28T22:16:50Z</time>
      </trkpt>
      <trkpt lat="35.94816" lon="120.20439">
        <ele>0.0</ele>
        <time>2015-08-28T22:16:54Z</time>
      </trkpt>
      <trkpt lat="35.948218" lon="120.204458">
        <ele>0.0</ele>
        <time>2015-08-28T22:16:58Z</time>
      </trkpt>
      <trkpt lat="35.948286" lon="120.20454">
        <ele>0.0</ele>
        <time>2015-08-28T22:17:02Z</time>
      </trkpt>
      <trkpt lat="35.948356" lon="120.204623">
        <ele>0.0</ele>
        <time>2015-08-28T22:17:06Z</time>
      </trkpt>
      <trkpt lat="35.948424" lon="120.204701">
        <ele>0.0</ele>
        <time>2015-08-28T22:17:10Z</time>
      </trkpt>
      <trkpt lat="35.948495" lon="120.204783">
        <ele>0.0</ele>
        <time>2015-08-28T22:17:14Z</time>
      </trkpt>
      <trkpt lat="35.948572" lon="120.204866">
        <ele>0.0</ele>
        <time>2015-08-28T22:17:18Z</time>
      </trkpt>
      <trkpt lat="35.948646" lon="120.204949">
        <ele>0.0</ele>
        <time>2015-08-28T22:17:22Z</time>
      </trkpt>
      <trkpt lat="35.948721" lon="120.205023">
        <ele>0.0</ele>
        <time>2015-08-28T22:17:26Z</time>
      </trkpt>
      <trkpt lat="35.948803" lon="120.205101">
        <ele>0.0</ele>
        <time>2015-08-28T22:17:30Z</time>
      </trkpt>
      <trkpt lat="35.948883" lon="120.205184">
        <ele>0.0</ele>
        <time>2015-08-28T22:17:34Z</time>
      </trkpt>
      <trkpt lat="35.948969" lon="120.205274">
        <ele>0.0</ele>
        <time>2015-08-28T22:17:38Z</time>
      </trkpt>
      <trkpt lat="35.949064" lon="120.205368">
        <ele>0.0</ele>
        <time>2015-08-28T22:17:42Z</time>
      </trkpt>
      <trkpt lat="35.949139" lon="120.205445">
        <ele>0.0</ele>
        <time>2015-08-28T22:17:46Z</time>
      </trkpt>
      <trkpt lat="35.949218" lon="120.20552">
        <ele>0.0</ele>
        <time>2015-08-28T22:17:50Z</time>
      </trkpt>
      <trkpt lat="35.949297" lon="120.205592">
        <ele>0.0</ele>
        <time>2015-08-28T22:17:54Z</time>
      </trkpt>
      <trkpt lat="35.949377" lon="120.205662">
        <ele>0.0</ele>
        <time>2015-08-28T22:17:58Z</time>
      </trkpt>
      <trkpt lat="35.94946" lon="120.205737">
        <ele>0.0</ele>
        <time>2015-08-28T22:18:02Z</time>
      </trkpt>
      <trkpt lat="35.949544" lon="120.205808">
        <ele>0.0</ele>
        <time>2015-08-28T22:18:06Z</time>
      </trkpt>
      <trkpt lat="35.949634" lon="120.205874">
        <ele>0.0</ele>
        <time>2015-08-28T22:18:10Z</time>
      </trkpt>
      <trkpt lat="35.94972" lon="120.205947">
        <ele>-0.1</ele>
        <time>2015-08-28T22:18:14Z</time>
      </trkpt>
      <trkpt lat="35.949802" lon="120.206015">
        <ele>-0.2</ele>
        <time>2015-08-28T22:18:18Z</time>
      </trkpt>
      <trkpt lat="35.949879" lon="120.206073">
        <ele>-0.3</ele>
        <time>2015-08-28T22:18:22Z</time>
      </trkpt>
      <trkpt lat="35.94996" lon="120.206148">
        <ele>-0.4</ele>
        <time>2015-08-28T22:18:26Z</time>
      </trkpt>
      <trkpt lat="35.95004" lon="120.206238">
        <ele>-0.5</ele>
        <time>2015-08-28T22:18:30Z</time>
      </trkpt>
      <trkpt lat="35.950116" lon="120.206323">
        <ele>-0.6</ele>
        <time>2015-08-28T22:18:34Z</time>
      </trkpt>
      <trkpt lat="35.950185" lon="120.206403">
        <ele>-0.8</ele>
        <time>2015-08-28T22:18:38Z</time>
      </trkpt>
      <trkpt lat="35.950255" lon="120.206493">
        <ele>-1.0</ele>
        <time>2015-08-28T22:18:42Z</time>
      </trkpt>
      <trkpt lat="35.950323" lon="120.206574">
        <ele>-1.1</ele>
        <time>2015-08-28T22:18:46Z</time>
      </trkpt>
      <trkpt lat="35.950389" lon="120.206654">
        <ele>-1.3</ele>
        <time>2015-08-28T22:18:50Z</time>
      </trkpt>
      <trkpt lat="35.950454" lon="120.206728">
        <ele>-1.5</ele>
        <time>2015-08-28T22:18:54Z</time>
      </trkpt>
      <trkpt lat="35.950528" lon="120.206802">
        <ele>-1.6</ele>
        <time>2015-08-28T22:18:58Z</time>
      </trkpt>
      <trkpt lat="35.950605" lon="120.206884">
        <ele>-1.8</ele>
        <time>2015-08-28T22:19:02Z</time>
      </trkpt>
      <trkpt lat="35.950678" lon="120.206979">
        <ele>-2.0</ele>
        <time>2015-08-28T22:19:06Z</time>
      </trkpt>
      <trkpt lat="35.950735" lon="120.20707">
        <ele>-2.1</ele>
        <time>2015-08-28T22:19:10Z</time>
      </trkpt>
      <trkpt lat="35.95079" lon="120.207177">
        <ele>-2.3</ele>
        <time>2015-08-28T22:19:14Z</time>
      </trkpt>
      <trkpt lat="35.950847" lon="120.207289">
        <ele>-2.3</ele>
        <time>2015-08-28T22:19:18Z</time>
      </trkpt>
      <trkpt lat="35.950914" lon="120.207396">
        <ele>-2.4</ele>
        <time>2015-08-28T22:19:22Z</time>
      </trkpt>
      <trkpt lat="35.950982" lon="120.207497">
        <ele>-2.4</ele>
        <time>2015-08-28T22:19:26Z</time>
      </trkpt>
      <trkpt lat="35.951039" lon="120.207586">
        <ele>-2.5</ele>
        <time>2015-08-28T22:19:30Z</time>
      </trkpt>
      <trkpt lat="35.951091" lon="120.20766">
        <ele>-2.5</ele>
        <time>2015-08-28T22:19:34Z</time>
      </trkpt>
      <trkpt lat="35.951157" lon="120.20774">
        <ele>-2.4</ele>
        <time>2015-08-28T22:19:38Z</time>
      </trkpt>
      <trkpt lat="35.951228" lon="120.207826">
        <ele>-2.3</ele>
        <time>2015-08-28T22:19:42Z</time>
      </trkpt>
      <trkpt lat="35.951275" lon="120.207929">
        <ele>-2.2</ele>
        <time>2015-08-28T22:19:46Z</time>
      </trkpt>
      <trkpt lat="35.951309" lon="120.208051">
        <ele>-2.1</ele>
        <time>2015-08-28T22:19:50Z</time>
      </trkpt>
      <trkpt lat="35.951328" lon="120.20817">
        <ele>-2.0</ele>
        <time>2015-08-28T22:19:54Z</time>
      </trkpt>
      <trkpt lat="35.951333" lon="120.208288">
        <ele>-1.8</ele>
        <time>2015-08-28T22:19:58Z</time>
      </trkpt>
      <trkpt lat="35.951364" lon="120.20842">
        <ele>-1.6</ele>
        <time>2015-08-28T22:20:02Z</time>
      </trkpt>
      <trkpt lat="35.951395" lon="120.208559">
        <ele>-1.5</ele>
        <time>2015-08-28T22:20:06Z</time>
      </trkpt>
      <trkpt lat="35.951423" lon="120.208687">
        <ele>-1.3</ele>
        <time>2015-08-28T22:20:10Z</time>
      </trkpt>
      <trkpt lat="35.951452" lon="120.208817">
        <ele>-1.1</ele>
        <time>2015-08-28T22:20:14Z</time>
      </trkpt>
      <trkpt lat="35.951476" lon="120.208943">
        <ele>-0.9</ele>
        <time>2015-08-28T22:20:18Z</time>
      </trkpt>
      <trkpt lat="35.951503" lon="120.209063">
        <ele>-0.6</ele>
        <time>2015-08-28T22:20:22Z</time>
      </trkpt>
      <trkpt lat="35.95153" lon="120.209193">
        <ele>-0.4</ele>
        <time>2015-08-28T22:20:26Z</time>
      </trkpt>
      <trkpt lat="35.95156" lon="120.209322">
        <ele>-0.2</ele>
        <time>2015-08-28T22:20:30Z</time>
      </trkpt>
      <trkpt lat="35.951593" lon="120.209453">
        <ele>-0.0</ele>
        <time>2015-08-28T22:20:34Z</time>
      </trkpt>
      <trkpt lat="35.951638" lon="120.20959">
        <ele>0.2</ele>
        <time>2015-08-28T22:20:38Z</time>
      </trkpt>
      <trkpt lat="35.95168" lon="120.209736">
        <ele>0.3</ele>
        <time>2015-08-28T22:20:42Z</time>
      </trkpt>
      <trkpt lat="35.951718" lon="120.209875">
        <ele>0.4</ele>
        <time>2015-08-28T22:20:46Z</time>
      </trkpt>
      <trkpt lat="35.951744" lon="120.210006">
        <ele>0.5</ele>
        <time>2015-08-28T22:20:50Z</time>
      </trkpt>
      <trkpt lat="35.95177" lon="120.210144">
        <ele>0.6</ele>
        <time>2015-08-28T22:20:54Z</time>
      </trkpt>
      <trkpt lat="35.951797" lon="120.210279">
        <ele>0.6</ele>
        <time>2015-08-28T22:20:58Z</time>
      </trkpt>
      <trkpt lat="35.95183" lon="120.210409">
        <ele>0.7</ele>
        <time>2015-08-28T22:21:02Z</time>
      </trkpt>
      <trkpt lat="35.951876" lon="120.210516">
        <ele>0.7</ele>
        <time>2015-08-28T22:21:06Z</time>
      </trkpt>
      <trkpt lat="35.951956" lon="120.210546">
        <ele>0.7</ele>
        <time>2015-08-28T22:21:10Z</time>
      </trkpt>
      <trkpt lat="35.95208" lon="120.210527">
        <ele>0.8</ele>
        <time>2015-08-28T22:21:14Z</time>
      </trkpt>
      <trkpt lat="35.952223" lon="120.210502">
        <ele>0.8</ele>
        <time>2015-08-28T22:21:18Z</time>
      </trkpt>
      <trkpt lat="35.952306" lon="120.210455">
        <ele>0.8</ele>
        <time>2015-08-28T22:21:22Z</time>
      </trkpt>
      <trkpt lat="35.952303" lon="120.210354">
        <ele>0.8</ele>
        <time>2015-08-28T22:21:26Z</time>
      </trkpt>
      <trkpt lat="35.952286" lon="120.210233">
        <ele>0.9</ele>
        <time>2015-08-28T22:21:30Z</time>
      </trkpt>
      <trkpt lat="35.952262" lon="120.210096">
        <ele>0.9</ele>
        <time>2015-08-28T22:21:34Z</time>
      </trkpt>
      <trkpt lat="35.95224" lon="120.209975">
        <ele>0.9</ele>
        <time>2015-08-28T22:21:38Z</time>
      </trkpt>
      <trkpt lat="35.952206" lon="120.209848">
        <ele>0.9</ele>
        <time>2015-08-28T22:21:42Z</time>
      </trkpt>
      <trkpt lat="35.952187" lon="120.209713">
        <ele>0.9</ele>
        <time>2015-08-28T22:21:46Z</time>
      </trkpt>
      <trkpt lat="35.952184" lon="120.209589">
        <ele>0.9</ele>
        <time>2015-08-28T22:21:50Z</time>
      </trkpt>
      <trkpt lat="35.952212" lon="120.209464">
        <ele>0.9</ele>
        <time>2015-08-28T22:21:54Z</time>
      </trkpt>
      <trkpt lat="35.952249" lon="120.209337">
        <ele>1.0</ele>
        <time>2015-08-28T22:21:58Z</time>
      </trkpt>
      <trkpt lat="35.952279" lon="120.209213">
        <ele>1.0</ele>
        <time>2015-08-28T22:22:02Z</time>
      </trkpt>
      <trkpt lat="35.952288" lon="120.209076">
        <ele>1.0</ele>
        <time>2015-08-28T22:22:06Z</time>
      </trkpt>
      <trkpt lat="35.952285" lon="120.208939">
        <ele>1.0</ele>
        <time>2015-08-28T22:22:10Z</time>
      </trkpt>
      <trkpt lat="35.952294" lon="120.208819">
        <ele>1.0</ele>
        <time>2015-08-28T22:22:14Z</time>
      </trkpt>
      <trkpt lat="35.952335" lon="120.208745">
        <ele>1.0</ele>
        <time>2015-08-28T22:22:18Z</time>
      </trkpt>
      <trkpt lat="35.952427" lon="120.208697">
        <ele>1.0</ele>
        <time>2015-08-28T22:22:22Z</time>
      </trkpt>
      <trkpt lat="35.952555" lon="120.208664">
        <ele>1.1</ele>
        <time>2015-08-28T22:22:26Z</time>
      </trkpt>
      <trkpt lat="35.952685" lon="120.208629">
        <ele>1.1</ele>
        <time>2015-08-28T22:22:30Z</time>
      </trkpt>
      <trkpt lat="35.952817" lon="120.208584">
        <ele>1.1</ele>
        <time>2015-08-28T22:22:34Z</time>
      </trkpt>
      <trkpt lat="35.952937" lon="120.208537">
        <ele>1.2</ele>
        <time>2015-08-28T22:22:38Z</time>
      </trkpt>
      <trkpt lat="35.953053" lon="120.208502">
        <ele>1.2</ele>
        <time>2015-08-28T22:22:42Z</time>
      </trkpt>
      <trkpt lat="35.953161" lon="120.208491">
        <ele>1.3</ele>
        <time>2015-08-28T22:22:46Z</time>
      </trkpt>
      <trkpt lat="35.953249" lon="120.208474">
        <ele>1.3</ele>
        <time>2015-08-28T22:22:50Z</time>
      </trkpt>
      <trkpt lat="35.953351" lon="120.208434">
        <ele>1.4</ele>
        <time>2015-08-28T22:22:54Z</time>
      </trkpt>
      <trkpt lat="35.953465" lon="120.208413">
        <ele>1.5</ele>
        <time>2015-08-28T22:22:58Z</time>
      </trkpt>
      <trkpt lat="35.953582" lon="120.2084">
        <ele>1.7</ele>
        <time>2015-08-28T22:23:02Z</time>
      </trkpt>
      <trkpt lat="35.953695" lon="120.208399">
        <ele>1.8</ele>
        <time>2015-08-28T22:23:06Z</time>
      </trkpt>
      <trkpt lat="35.953818" lon="120.208402">
        <ele>2.0</ele>
        <time>2015-08-28T22:23:10Z</time>
      </trkpt>
      <trkpt lat="35.953932" lon="120.208391">
        <ele>2.2</ele>
        <time>2015-08-28T22:23:14Z</time>
      </trkpt>
      <trkpt lat="35.95406" lon="120.208367">
        <ele>2.5</ele>
        <time>2015-08-28T22:23:22Z</time>
      </trkpt>
      <trkpt lat="35.954184" lon="120.208344">
        <ele>2.7</ele>
        <time>2015-08-28T22:23:26Z</time>
      </trkpt>
      <trkpt lat="35.954302" lon="120.208322">
        <ele>3.0</ele>
        <time>2015-08-28T22:23:30Z</time>
      </trkpt>
      <trkpt lat="35.954418" lon="120.208316">
        <ele>3.4</ele>
        <time>2015-08-28T22:23:34Z</time>
      </trkpt>
      <trkpt lat="35.954526" lon="120.208306">
        <ele>3.8</ele>
        <time>2015-08-28T22:23:38Z</time>
      </trkpt>
      <trkpt lat="35.954625" lon="120.208281">
        <ele>4.2</ele>
        <time>2015-08-28T22:23:42Z</time>
      </trkpt>
      <trkpt lat="35.954732" lon="120.208246">
        <ele>4.7</ele>
        <time>2015-08-28T22:23:46Z</time>
      </trkpt>
      <trkpt lat="35.954838" lon="120.208214">
        <ele>5.2</ele>
        <time>2015-08-28T22:23:50Z</time>
      </trkpt>
      <trkpt lat="35.95507" lon="120.208173">
        <ele>5.7</ele>
        <time>2015-08-28T22:23:54Z</time>
      </trkpt>
      <trkpt lat="35.955171" lon="120.208139">
        <ele>6.3</ele>
        <time>2015-08-28T22:24:02Z</time>
      </trkpt>
      <trkpt lat="35.95527" lon="120.208107">
        <ele>6.8</ele>
        <time>2015-08-28T22:24:06Z</time>
      </trkpt>
      <trkpt lat="35.955365" lon="120.208073">
        <ele>7.4</ele>
        <time>2015-08-28T22:24:10Z</time>
      </trkpt>
      <trkpt lat="35.955552" lon="120.207979">
        <ele>8.0</ele>
        <time>2015-08-28T22:24:14Z</time>
      </trkpt>
      <trkpt lat="35.955642" lon="120.207934">
        <ele>8.6</ele>
        <time>2015-08-28T22:24:22Z</time>
      </trkpt>
      <trkpt lat="35.955734" lon="120.207898">
        <ele>9.1</ele>
        <time>2015-08-28T22:24:26Z</time>
      </trkpt>
      <trkpt lat="35.955825" lon="120.207863">
        <ele>9.7</ele>
        <time>2015-08-28T22:24:30Z</time>
      </trkpt>
      <trkpt lat="35.956017" lon="120.207768">
        <ele>10.2</ele>
        <time>2015-08-28T22:24:34Z</time>
      </trkpt>
      <trkpt lat="35.956121" lon="120.20774">
        <ele>10.7</ele>
        <time>2015-08-28T22:24:42Z</time>
      </trkpt>
      <trkpt lat="35.956226" lon="120.207721">
        <ele>11.2</ele>
        <time>2015-08-28T22:24:46Z</time>
      </trkpt>
      <trkpt lat="35.956327" lon="120.207701">
        <ele>11.6</ele>
        <time>2015-08-28T22:24:50Z</time>
      </trkpt>
      <trkpt lat="35.95643" lon="120.207676">
        <ele>11.9</ele>
        <time>2015-08-28T22:24:54Z</time>
      </trkpt>
      <trkpt lat="35.956525" lon="120.207638">
        <ele>12.2</ele>
        <time>2015-08-28T22:24:58Z</time>
      </trkpt>
      <trkpt lat="35.956614" lon="120.207616">
        <ele>12.4</ele>
        <time>2015-08-28T22:25:02Z</time>
      </trkpt>
      <trkpt lat="35.956711" lon="120.207595">
        <ele>12.6</ele>
        <time>2015-08-28T22:25:06Z</time>
      </trkpt>
      <trkpt lat="35.956791" lon="120.207662">
        <ele>12.9</ele>
        <time>2015-08-28T22:25:10Z</time>
      </trkpt>
      <trkpt lat="35.956827" lon="120.207798">
        <ele>13.1</ele>
        <time>2015-08-28T22:25:14Z</time>
      </trkpt>
      <trkpt lat="35.956852" lon="120.207935">
        <ele>13.3</ele>
        <time>2015-08-28T22:25:18Z</time>
      </trkpt>
      <trkpt lat="35.956877" lon="120.208074">
        <ele>13.4</ele>
        <time>2015-08-28T22:25:22Z</time>
      </trkpt>
      <trkpt lat="35.95689" lon="120.208208">
        <ele>13.5</ele>
        <time>2015-08-28T22:25:26Z</time>
      </trkpt>
      <trkpt lat="35.956902" lon="120.208328">
        <ele>13.7</ele>
        <time>2015-08-28T22:25:30Z</time>
      </trkpt>
      <trkpt lat="35.956923" lon="120.208464">
        <ele>13.8</ele>
        <time>2015-08-28T22:25:34Z</time>
      </trkpt>
      <extensions>
        <breaktype>2</breaktype>
      </extensions>
    </trkseg>
  </trk>
  <extensions>
    <ssrlog>
      <logseg>
        <logpt time="2015-08-28T21:46:02Z">
          <spd>8.1</spd>
          <str>0.0</str>
        </logpt>
        <breaktype>2</breaktype>
      </logseg>
      <logseg>
        <logpt time="2015-08-28T21:47:58Z">
          <spd>4.0</spd>
          <str>0.0</str>
        </logpt>
        <logpt time="2015-08-28T21:48:02Z">
          <spd>4.0</spd>
          <str>0.0</str>
        </logpt>
        <logpt time="2015-08-28T21:48:06Z">
          <spd>5.0</spd>
          <str>90.0</str>
        </logpt>
        <logpt time="2015-08-28T21:48:10Z">
          <spd>5.8</spd>
          <str>86.0</str>
        </logpt>
        <logpt time="2015-08-28T21:48:14Z">
          <spd>7.2</spd>
          <str>87.0</str>
        </logpt>
        <logpt time="2015-08-28T21:48:18Z">
          <spd>8.1</spd>
          <str>88.0</str>
        </logpt>
        <logpt time="2015-08-28T21:48:22Z">
          <spd>8.1</spd>
          <str>89.0</str>
        </logpt>
        <logpt time="2015-08-28T21:48:26Z">
          <spd>9.0</spd>
          <str>89.0</str>
        </logpt>
        <logpt time="2015-08-28T21:48:30Z">
          <spd>9.4</spd>
          <str>89.0</str>
        </logpt>
        <logpt time="2015-08-28T21:48:34Z">
          <spd>10.3</spd>
          <str>89.0</str>
        </logpt>
        <logpt time="2015-08-28T21:48:38Z">
          <spd>11.3</spd>
          <str>89.0</str>
        </logpt>
        <logpt time="2015-08-28T21:48:42Z">
          <spd>11.7</spd>
          <str>89.0</str>
        </logpt>
        <logpt time="2015-08-28T21:48:46Z">
          <spd>9.9</spd>
          <str>89.0</str>
        </logpt>
        <logpt time="2015-08-28T21:48:50Z">
          <spd>9.0</spd>
          <str>89.0</str>
        </logpt>
        <logpt time="2015-08-28T21:48:54Z">
          <spd>8.6</spd>
          <str>89.0</str>
        </logpt>
        <logpt time="2015-08-28T21:48:58Z">
          <spd>8.1</spd>
          <str>89.0</str>
        </logpt>
        <logpt time="2015-08-28T21:49:02Z">
          <spd>9.4</spd>
          <str>89.0</str>
        </logpt>
        <logpt time="2015-08-28T21:49:06Z">
          <spd>11.7</spd>
          <str>89.0</str>
        </logpt>
        <logpt time="2015-08-28T21:49:10Z">
          <spd>12.2</spd>
          <str>89.0</str>
        </logpt>
        <logpt time="2015-08-28T21:49:14Z">
          <spd>13.1</spd>
          <str>89.0</str>
        </logpt>
        <logpt time="2015-08-28T21:49:18Z">
          <spd>13.1</spd>
          <str>89.0</str>
        </logpt>
        <logpt time="2015-08-28T21:49:22Z">
          <spd>13.5</spd>
          <str>88.0</str>
        </logpt>
        <logpt time="2015-08-28T21:49:26Z">
          <spd>14.4</spd>
          <str>88.0</str>
        </logpt>
        <logpt time="2015-08-28T21:49:30Z">
          <spd>14.4</spd>
          <str>88.0</str>
        </logpt>
        <logpt time="2015-08-28T21:49:34Z">
          <spd>14.4</spd>
          <str>88.0</str>
        </logpt>
        <logpt time="2015-08-28T21:49:38Z">
          <spd>13.5</spd>
          <str>88.0</str>
        </logpt>
        <logpt time="2015-08-28T21:49:42Z">
          <spd>13.5</spd>
          <str>88.0</str>
        </logpt>
        <logpt time="2015-08-28T21:49:46Z">
          <spd>13.1</spd>
          <str>88.0</str>
        </logpt>
        <logpt time="2015-08-28T21:49:50Z">
          <spd>13.1</spd>
          <str>88.0</str>
        </logpt>
        <logpt time="2015-08-28T21:49:54Z">
          <spd>12.6</spd>
          <str>88.0</str>
        </logpt>
        <logpt time="2015-08-28T21:49:58Z">
          <spd>12.2</spd>
          <str>87.0</str>
        </logpt>
        <logpt time="2015-08-28T21:50:02Z">
          <spd>12.2</spd>
          <str>88.0</str>
        </logpt>
        <logpt time="2015-08-28T21:50:06Z">
          <spd>12.2</spd>
          <str>87.0</str>
        </logpt>
        <logpt time="2015-08-28T21:50:10Z">
          <spd>11.7</spd>
          <str>87.0</str>
        </logpt>
        <logpt time="2015-08-28T21:50:14Z">
          <spd>11.7</spd>
          <str>87.0</str>
        </logpt>
        <logpt time="2015-08-28T21:50:18Z">
          <spd>11.7</spd>
          <str>88.0</str>
        </logpt>
        <logpt time="2015-08-28T21:50:22Z">
          <spd>11.7</spd>
          <str>88.0</str>
        </logpt>
        <logpt time="2015-08-28T21:50:26Z">
          <spd>11.7</spd>
          <str>88.0</str>
        </logpt>
        <logpt time="2015-08-28T21:50:30Z">
          <spd>11.7</spd>
          <str>88.0</str>
        </logpt>
        <logpt time="2015-08-28T21:50:34Z">
          <spd>11.7</spd>
          <str>88.0</str>
        </logpt>
        <logpt time="2015-08-28T21:50:38Z">
          <spd>11.7</spd>
          <str>88.0</str>
        </logpt>
        <logpt time="2015-08-28T21:50:42Z">
          <spd>11.7</spd>
          <str>88.0</str>
        </logpt>
        <logpt time="2015-08-28T21:50:46Z">
          <spd>11.7</spd>
          <str>88.0</str>
        </logpt>
        <logpt time="2015-08-28T21:50:50Z">
          <spd>11.7</spd>
          <str>89.0</str>
        </logpt>
        <logpt time="2015-08-28T21:50:54Z">
          <spd>11.3</spd>
          <str>88.0</str>
        </logpt>
        <logpt time="2015-08-28T21:50:58Z">
          <spd>11.7</spd>
          <str>89.0</str>
        </logpt>
        <logpt time="2015-08-28T21:51:02Z">
          <spd>10.8</spd>
          <str>89.0</str>
        </logpt>
        <logpt time="2015-08-28T21:51:06Z">
          <spd>11.3</spd>
          <str>89.0</str>
        </logpt>
        <logpt time="2015-08-28T21:51:10Z">
          <spd>11.3</spd>
          <str>89.0</str>
        </logpt>
        <logpt time="2015-08-28T21:51:14Z">
          <spd>10.8</spd>
          <str>88.0</str>
        </logpt>
        <logpt time="2015-08-28T21:51:18Z">
          <spd>10.8</spd>
          <str>88.0</str>
        </logpt>
        <logpt time="2015-08-28T21:51:22Z">
          <spd>10.3</spd>
          <str>89.0</str>
        </logpt>
        <logpt time="2015-08-28T21:51:26Z">
          <spd>9.9</spd>
          <str>88.0</str>
        </logpt>
        <logpt time="2015-08-28T21:51:30Z">
          <spd>9.9</spd>
          <str>88.0</str>
        </logpt>
        <logpt time="2015-08-28T21:51:34Z">
          <spd>10.3</spd>
          <str>88.0</str>
        </logpt>
        <logpt time="2015-08-28T21:51:38Z">
          <spd>9.9</spd>
          <str>88.0</str>
        </logpt>
        <logpt time="2015-08-28T21:51:42Z">
          <spd>9.9</spd>
          <str>88.0</str>
        </logpt>
        <logpt time="2015-08-28T21:51:46Z">
          <spd>9.4</spd>
          <str>88.0</str>
        </logpt>
        <logpt time="2015-08-28T21:51:50Z">
          <spd>9.4</spd>
          <str>88.0</str>
        </logpt>
        <logpt time="2015-08-28T21:51:54Z">
          <spd>9.4</spd>
          <str>88.0</str>
        </logpt>
        <logpt time="2015-08-28T21:51:58Z">
          <spd>9.9</spd>
          <str>88.0</str>
        </logpt>
        <logpt time="2015-08-28T21:52:02Z">
          <spd>9.9</spd>
          <str>88.0</str>
        </logpt>
        <logpt time="2015-08-28T21:52:06Z">
          <spd>9.9</spd>
          <str>89.0</str>
        </logpt>
        <logpt time="2015-08-28T21:52:10Z">
          <spd>9.9</spd>
          <str>89.0</str>
        </logpt>
        <logpt time="2015-08-28T21:52:14Z">
          <spd>9.9</spd>
          <str>89.0</str>
        </logpt>
        <logpt time="2015-08-28T21:52:18Z">
          <spd>9.9</spd>
          <str>89.0</str>
        </logpt>
        <logpt time="2015-08-28T21:52:22Z">
          <spd>9.9</spd>
          <str>89.0</str>
        </logpt>
        <logpt time="2015-08-28T21:52:26Z">
          <spd>9.9</spd>
          <str>89.0</str>
        </logpt>
        <logpt time="2015-08-28T21:52:30Z">
          <spd>9.4</spd>
          <str>89.0</str>
        </logpt>
        <logpt time="2015-08-28T21:52:34Z">
          <spd>9.4</spd>
          <str>88.0</str>
        </logpt>
        <logpt time="2015-08-28T21:52:38Z">
          <spd>9.4</spd>
          <str>87.0</str>
        </logpt>
        <logpt time="2015-08-28T21:52:42Z">
          <spd>9.0</spd>
          <str>86.0</str>
        </logpt>
        <logpt time="2015-08-28T21:52:46Z">
          <spd>9.4</spd>
          <str>86.0</str>
        </logpt>
        <logpt time="2015-08-28T21:52:50Z">
          <spd>9.9</spd>
          <str>86.0</str>
        </logpt>
        <logpt time="2015-08-28T21:52:54Z">
          <spd>10.3</spd>
          <str>86.0</str>
        </logpt>
        <logpt time="2015-08-28T21:52:58Z">
          <spd>10.3</spd>
          <str>86.0</str>
        </logpt>
        <logpt time="2015-08-28T21:53:02Z">
          <spd>10.3</spd>
          <str>86.0</str>
        </logpt>
        <logpt time="2015-08-28T21:53:06Z">
          <spd>10.3</spd>
          <str>86.0</str>
        </logpt>
        <logpt time="2015-08-28T21:53:10Z">
          <spd>10.3</spd>
          <str>86.0</str>
        </logpt>
        <logpt time="2015-08-28T21:53:14Z">
          <spd>10.3</spd>
          <str>86.0</str>
        </logpt>
        <logpt time="2015-08-28T21:53:18Z">
          <spd>9.9</spd>
          <str>86.0</str>
        </logpt>
        <logpt time="2015-08-28T21:53:22Z">
          <spd>9.9</spd>
          <str>86.0</str>
        </logpt>
        <logpt time="2015-08-28T21:53:26Z">
          <spd>9.9</spd>
          <str>86.0</str>
        </logpt>
        <logpt time="2015-08-28T21:53:30Z">
          <spd>10.3</spd>
          <str>86.0</str>
        </logpt>
        <logpt time="2015-08-28T21:53:34Z">
          <spd>10.3</spd>
          <str>86.0</str>
        </logpt>
        <logpt time="2015-08-28T21:53:38Z">
          <spd>10.3</spd>
          <str>88.0</str>
        </logpt>
        <logpt time="2015-08-28T21:53:42Z">
          <spd>9.9</spd>
          <str>89.0</str>
        </logpt>
        <logpt time="2015-08-28T21:53:46Z">
          <spd>10.3</spd>
          <str>89.0</str>
        </logpt>
        <logpt time="2015-08-28T21:53:50Z">
          <spd>10.3</spd>
          <str>90.0</str>
        </logpt>
        <logpt time="2015-08-28T21:53:54Z">
          <spd>10.3</spd>
          <str>89.0</str>
        </logpt>
        <logpt time="2015-08-28T21:53:58Z">
          <spd>10.8</spd>
          <str>90.0</str>
        </logpt>
        <logpt time="2015-08-28T21:54:02Z">
          <spd>10.8</spd>
          <str>90.0</str>
        </logpt>
        <logpt time="2015-08-28T21:54:06Z">
          <spd>10.8</spd>
          <str>90.0</str>
        </logpt>
        <logpt time="2015-08-28T21:54:10Z">
          <spd>10.8</spd>
          <str>90.0</str>
        </logpt>
        <logpt time="2015-08-28T21:54:14Z">
          <spd>10.8</spd>
          <str>90.0</str>
        </logpt>
        <logpt time="2015-08-28T21:54:18Z">
          <spd>11.3</spd>
          <str>90.0</str>
        </logpt>
        <logpt time="2015-08-28T21:54:22Z">
          <spd>11.3</spd>
          <str>90.0</str>
        </logpt>
        <logpt time="2015-08-28T21:54:26Z">
          <spd>11.7</spd>
          <str>90.0</str>
        </logpt>
        <logpt time="2015-08-28T21:54:30Z">
          <spd>11.7</spd>
          <str>89.0</str>
        </logpt>
        <logpt time="2015-08-28T21:54:34Z">
          <spd>11.7</spd>
          <str>90.0</str>
        </logpt>
        <logpt time="2015-08-28T21:54:38Z">
          <spd>11.7</spd>
          <str>89.0</str>
        </logpt>
        <logpt time="2015-08-28T21:54:42Z">
          <spd>11.3</spd>
          <str>89.0</str>
        </logpt>
        <logpt time="2015-08-28T21:54:46Z">
          <spd>11.3</spd>
          <str>89.0</str>
        </logpt>
        <logpt time="2015-08-28T21:54:50Z">
          <spd>10.8</spd>
          <str>89.0</str>
        </logpt>
        <logpt time="2015-08-28T21:54:54Z">
          <spd>10.8</spd>
          <str>89.0</str>
        </logpt>
        <logpt time="2015-08-28T21:54:58Z">
          <spd>10.8</spd>
          <str>88.0</str>
        </logpt>
        <logpt time="2015-08-28T21:55:02Z">
          <spd>10.8</spd>
          <str>89.0</str>
        </logpt>
        <logpt time="2015-08-28T21:55:06Z">
          <spd>10.8</spd>
          <str>88.0</str>
        </logpt>
        <logpt time="2015-08-28T21:55:10Z">
          <spd>10.8</spd>
          <str>88.0</str>
        </logpt>
        <logpt time="2015-08-28T21:55:14Z">
          <spd>10.8</spd>
          <str>88.0</str>
        </logpt>
        <logpt time="2015-08-28T21:55:18Z">
          <spd>10.3</spd>
          <str>88.0</str>
        </logpt>
        <logpt time="2015-08-28T21:55:22Z">
          <spd>10.8</spd>
          <str>89.0</str>
        </logpt>
        <logpt time="2015-08-28T21:55:26Z">
          <spd>11.3</spd>
          <str>88.0</str>
        </logpt>
        <logpt time="2015-08-28T21:55:30Z">
          <spd>11.3</spd>
          <str>89.0</str>
        </logpt>
        <logpt time="2015-08-28T21:55:34Z">
          <spd>11.3</spd>
          <str>89.0</str>
        </logpt>
        <logpt time="2015-08-28T21:55:38Z">
          <spd>11.3</spd>
          <str>89.0</str>
        </logpt>
        <logpt time="2015-08-28T21:55:42Z">
          <spd>11.3</spd>
          <str>89.0</str>
        </logpt>
        <logpt time="2015-08-28T21:55:46Z">
          <spd>11.3</spd>
          <str>89.0</str>
        </logpt>
        <logpt time="2015-08-28T21:55:50Z">
          <spd>11.3</spd>
          <str>89.0</str>
        </logpt>
        <logpt time="2015-08-28T21:55:54Z">
          <spd>11.3</spd>
          <str>89.0</str>
        </logpt>
        <logpt time="2015-08-28T21:55:58Z">
          <spd>11.3</spd>
          <str>89.0</str>
        </logpt>
        <logpt time="2015-08-28T21:56:02Z">
          <spd>11.7</spd>
          <str>89.0</str>
        </logpt>
        <logpt time="2015-08-28T21:56:06Z">
          <spd>11.7</spd>
          <str>89.0</str>
        </logpt>
        <logpt time="2015-08-28T21:56:10Z">
          <spd>11.3</spd>
          <str>89.0</str>
        </logpt>
        <logpt time="2015-08-28T21:56:14Z">
          <spd>11.3</spd>
          <str>89.0</str>
        </logpt>
        <logpt time="2015-08-28T21:56:18Z">
          <spd>10.8</spd>
          <str>89.0</str>
        </logpt>
        <logpt time="2015-08-28T21:56:22Z">
          <spd>10.8</spd>
          <str>88.0</str>
        </logpt>
        <logpt time="2015-08-28T21:56:26Z">
          <spd>11.3</spd>
          <str>88.0</str>
        </logpt>
        <logpt time="2015-08-28T21:56:30Z">
          <spd>11.3</spd>
          <str>89.0</str>
        </logpt>
        <logpt time="2015-08-28T21:56:34Z">
          <spd>11.3</spd>
          <str>89.0</str>
        </logpt>
        <logpt time="2015-08-28T21:56:38Z">
          <spd>11.3</spd>
          <str>89.0</str>
        </logpt>
        <logpt time="2015-08-28T21:56:42Z">
          <spd>11.3</spd>
          <str>89.0</str>
        </logpt>
        <logpt time="2015-08-28T21:56:46Z">
          <spd>11.3</spd>
          <str>89.0</str>
        </logpt>
        <logpt time="2015-08-28T21:56:50Z">
          <spd>11.3</spd>
          <str>89.0</str>
        </logpt>
        <logpt time="2015-08-28T21:56:54Z">
          <spd>11.3</spd>
          <str>89.0</str>
        </logpt>
        <logpt time="2015-08-28T21:56:58Z">
          <spd>11.3</spd>
          <str>89.0</str>
        </logpt>
        <logpt time="2015-08-28T21:57:02Z">
          <spd>11.3</spd>
          <str>89.0</str>
        </logpt>
        <logpt time="2015-08-28T21:57:06Z">
          <spd>10.8</spd>
          <str>89.0</str>
        </logpt>
        <logpt time="2015-08-28T21:57:10Z">
          <spd>10.8</spd>
          <str>89.0</str>
        </logpt>
        <logpt time="2015-08-28T21:57:14Z">
          <spd>10.3</spd>
          <str>89.0</str>
        </logpt>
        <logpt time="2015-08-28T21:57:18Z">
          <spd>10.3</spd>
          <str>89.0</str>
        </logpt>
        <logpt time="2015-08-28T21:57:22Z">
          <spd>10.8</spd>
          <str>89.0</str>
        </logpt>
        <logpt time="2015-08-28T21:57:26Z">
          <spd>10.8</spd>
          <str>89.0</str>
        </logpt>
        <logpt time="2015-08-28T21:57:30Z">
          <spd>10.8</spd>
          <str>89.0</str>
        </logpt>
        <logpt time="2015-08-28T21:57:34Z">
          <spd>10.8</spd>
          <str>89.0</str>
        </logpt>
        <logpt time="2015-08-28T21:57:38Z">
          <spd>11.3</spd>
          <str>89.0</str>
        </logpt>
        <logpt time="2015-08-28T21:57:42Z">
          <spd>11.7</spd>
          <str>89.0</str>
        </logpt>
        <logpt time="2015-08-28T21:57:46Z">
          <spd>11.3</spd>
          <str>89.0</str>
        </logpt>
        <logpt time="2015-08-28T21:57:50Z">
          <spd>10.3</spd>
          <str>89.0</str>
        </logpt>
        <logpt time="2015-08-28T21:57:54Z">
          <spd>10.3</spd>
          <str>89.0</str>
        </logpt>
        <logpt time="2015-08-28T21:57:58Z">
          <spd>10.3</spd>
          <str>89.0</str>
        </logpt>
        <logpt time="2015-08-28T21:58:02Z">
          <spd>9.9</spd>
          <str>89.0</str>
        </logpt>
        <logpt time="2015-08-28T21:58:06Z">
          <spd>9.9</spd>
          <str>89.0</str>
        </logpt>
        <logpt time="2015-08-28T21:58:10Z">
          <spd>9.9</spd>
          <str>89.0</str>
        </logpt>
        <logpt time="2015-08-28T21:58:14Z">
          <spd>9.9</spd>
          <str>89.0</str>
        </logpt>
        <logpt time="2015-08-28T21:58:18Z">
          <spd>9.4</spd>
          <str>89.0</str>
        </logpt>
        <logpt time="2015-08-28T21:58:22Z">
          <spd>9.0</spd>
          <str>89.0</str>
        </logpt>
        <logpt time="2015-08-28T21:58:26Z">
          <spd>9.4</spd>
          <str>89.0</str>
        </logpt>
        <logpt time="2015-08-28T21:58:30Z">
          <spd>9.4</spd>
          <str>89.0</str>
        </logpt>
        <logpt time="2015-08-28T21:58:34Z">
          <spd>9.4</spd>
          <str>89.0</str>
        </logpt>
        <logpt time="2015-08-28T21:58:38Z">
          <spd>9.4</spd>
          <str>89.0</str>
        </logpt>
        <logpt time="2015-08-28T21:58:42Z">
          <spd>9.4</spd>
          <str>89.0</str>
        </logpt>
        <logpt time="2015-08-28T21:58:46Z">
          <spd>9.9</spd>
          <str>89.0</str>
        </logpt>
        <logpt time="2015-08-28T21:58:50Z">
          <spd>10.3</spd>
          <str>89.0</str>
        </logpt>
        <logpt time="2015-08-28T21:58:54Z">
          <spd>10.3</spd>
          <str>89.0</str>
        </logpt>
        <logpt time="2015-08-28T21:58:58Z">
          <spd>10.3</spd>
          <str>89.0</str>
        </logpt>
        <logpt time="2015-08-28T21:59:02Z">
          <spd>10.8</spd>
          <str>89.0</str>
        </logpt>
        <logpt time="2015-08-28T21:59:06Z">
          <spd>10.8</spd>
          <str>89.0</str>
        </logpt>
        <logpt time="2015-08-28T21:59:10Z">
          <spd>10.8</spd>
          <str>89.0</str>
        </logpt>
        <logpt time="2015-08-28T21:59:14Z">
          <spd>10.3</spd>
          <str>89.0</str>
        </logpt>
        <logpt time="2015-08-28T21:59:18Z">
          <spd>9.9</spd>
          <str>89.0</str>
        </logpt>
        <logpt time="2015-08-28T21:59:22Z">
          <spd>9.9</spd>
          <str>89.0</str>
        </logpt>
        <logpt time="2015-08-28T21:59:26Z">
          <spd>9.9</spd>
          <str>89.0</str>
        </logpt>
        <logpt time="2015-08-28T21:59:30Z">
          <spd>9.9</spd>
          <str>89.0</str>
        </logpt>
        <logpt time="2015-08-28T21:59:34Z">
          <spd>9.9</spd>
          <str>89.0</str>
        </logpt>
        <logpt time="2015-08-28T21:59:38Z">
          <spd>9.9</spd>
          <str>89.0</str>
        </logpt>
        <logpt time="2015-08-28T21:59:42Z">
          <spd>9.9</spd>
          <str>89.0</str>
        </logpt>
        <logpt time="2015-08-28T21:59:46Z">
          <spd>9.4</spd>
          <str>89.0</str>
        </logpt>
        <logpt time="2015-08-28T21:59:50Z">
          <spd>9.9</spd>
          <str>89.0</str>
        </logpt>
        <logpt time="2015-08-28T21:59:54Z">
          <spd>9.9</spd>
          <str>89.0</str>
        </logpt>
        <logpt time="2015-08-28T21:59:58Z">
          <spd>10.3</spd>
          <str>88.0</str>
        </logpt>
        <logpt time="2015-08-28T22:00:02Z">
          <spd>10.8</spd>
          <str>89.0</str>
        </logpt>
        <logpt time="2015-08-28T22:00:06Z">
          <spd>10.8</spd>
          <str>89.0</str>
        </logpt>
        <logpt time="2015-08-28T22:00:10Z">
          <spd>10.3</spd>
          <str>88.0</str>
        </logpt>
        <logpt time="2015-08-28T22:00:14Z">
          <spd>10.8</spd>
          <str>88.0</str>
        </logpt>
        <logpt time="2015-08-28T22:00:18Z">
          <spd>10.3</spd>
          <str>89.0</str>
        </logpt>
        <logpt time="2015-08-28T22:00:22Z">
          <spd>10.3</spd>
          <str>88.0</str>
        </logpt>
        <logpt time="2015-08-28T22:00:26Z">
          <spd>10.3</spd>
          <str>88.0</str>
        </logpt>
        <logpt time="2015-08-28T22:00:30Z">
          <spd>10.8</spd>
          <str>88.0</str>
        </logpt>
        <logpt time="2015-08-28T22:00:34Z">
          <spd>10.8</spd>
          <str>88.0</str>
        </logpt>
        <logpt time="2015-08-28T22:00:38Z">
          <spd>10.8</spd>
          <str>89.0</str>
        </logpt>
        <logpt time="2015-08-28T22:00:42Z">
          <spd>10.8</spd>
          <str>89.0</str>
        </logpt>
        <logpt time="2015-08-28T22:00:46Z">
          <spd>10.8</spd>
          <str>88.0</str>
        </logpt>
        <logpt time="2015-08-28T22:00:50Z">
          <spd>10.8</spd>
          <str>89.0</str>
        </logpt>
        <logpt time="2015-08-28T22:00:54Z">
          <spd>10.8</spd>
          <str>89.0</str>
        </logpt>
        <logpt time="2015-08-28T22:00:58Z">
          <spd>10.8</spd>
          <str>89.0</str>
        </logpt>
        <logpt time="2015-08-28T22:01:02Z">
          <spd>10.8</spd>
          <str>89.0</str>
        </logpt>
        <logpt time="2015-08-28T22:01:06Z">
          <spd>10.3</spd>
          <str>89.0</str>
        </logpt>
        <logpt time="2015-08-28T22:01:10Z">
          <spd>10.3</spd>
          <str>89.0</str>
        </logpt>
        <logpt time="2015-08-28T22:01:14Z">
          <spd>10.8</spd>
          <str>89.0</str>
        </logpt>
        <logpt time="2015-08-28T22:01:18Z">
          <spd>10.8</spd>
          <str>89.0</str>
        </logpt>
        <logpt time="2015-08-28T22:01:22Z">
          <spd>10.8</spd>
          <str>89.0</str>
        </logpt>
        <logpt time="2015-08-28T22:01:26Z">
          <spd>10.3</spd>
          <str>89.0</str>
        </logpt>
        <logpt time="2015-08-28T22:01:30Z">
          <spd>9.9</spd>
          <str>89.0</str>
        </logpt>
        <logpt time="2015-08-28T22:01:34Z">
          <spd>9.4</spd>
          <str>89.0</str>
        </logpt>
        <logpt time="2015-08-28T22:01:38Z">
          <spd>9.0</spd>
          <str>89.0</str>
        </logpt>
        <logpt time="2015-08-28T22:01:42Z">
          <spd>9.0</spd>
          <str>89.0</str>
        </logpt>
        <logpt time="2015-08-28T22:01:46Z">
          <spd>9.4</spd>
          <str>89.0</str>
        </logpt>
        <logpt time="2015-08-28T22:01:50Z">
          <spd>9.4</spd>
          <str>89.0</str>
        </logpt>
        <logpt time="2015-08-28T22:01:54Z">
          <spd>9.9</spd>
          <str>89.0</str>
        </logpt>
        <logpt time="2015-08-28T22:01:58Z">
          <spd>9.9</spd>
          <str>88.0</str>
        </logpt>
        <logpt time="2015-08-28T22:02:02Z">
          <spd>9.4</spd>
          <str>89.0</str>
        </logpt>
        <logpt time="2015-08-28T22:02:06Z">
          <spd>9.4</spd>
          <str>89.0</str>
        </logpt>
        <logpt time="2015-08-28T22:02:10Z">
          <spd>9.4</spd>
          <str>89.0</str>
        </logpt>
        <logpt time="2015-08-28T22:02:14Z">
          <spd>9.9</spd>
          <str>89.0</str>
        </logpt>
        <logpt time="2015-08-28T22:02:18Z">
          <spd>9.9</spd>
          <str>89.0</str>
        </logpt>
        <logpt time="2015-08-28T22:02:22Z">
          <spd>9.9</spd>
          <str>89.0</str>
        </logpt>
        <logpt time="2015-08-28T22:02:26Z">
          <spd>9.9</spd>
          <str>89.0</str>
        </logpt>
        <logpt time="2015-08-28T22:02:30Z">
          <spd>10.3</spd>
          <str>89.0</str>
        </logpt>
        <logpt time="2015-08-28T22:02:34Z">
          <spd>9.9</spd>
          <str>89.0</str>
        </logpt>
        <logpt time="2015-08-28T22:02:38Z">
          <spd>9.9</spd>
          <str>89.0</str>
        </logpt>
        <logpt time="2015-08-28T22:02:42Z">
          <spd>9.9</spd>
          <str>89.0</str>
        </logpt>
        <logpt time="2015-08-28T22:02:46Z">
          <spd>9.9</spd>
          <str>90.0</str>
        </logpt>
        <logpt time="2015-08-28T22:02:50Z">
          <spd>10.3</spd>
          <str>90.0</str>
        </logpt>
        <logpt time="2015-08-28T22:02:54Z">
          <spd>10.3</spd>
          <str>90.0</str>
        </logpt>
        <logpt time="2015-08-28T22:02:58Z">
          <spd>10.3</spd>
          <str>90.0</str>
        </logpt>
        <logpt time="2015-08-28T22:03:02Z">
          <spd>10.3</spd>
          <str>90.0</str>
        </logpt>
        <logpt time="2015-08-28T22:03:06Z">
          <spd>10.3</spd>
          <str>90.0</str>
        </logpt>
        <logpt time="2015-08-28T22:03:10Z">
          <spd>10.3</spd>
          <str>90.0</str>
        </logpt>
        <logpt time="2015-08-28T22:03:14Z">
          <spd>10.3</spd>
          <str>90.0</str>
        </logpt>
        <logpt time="2015-08-28T22:03:18Z">
          <spd>10.8</spd>
          <str>90.0</str>
        </logpt>
        <logpt time="2015-08-28T22:03:22Z">
          <spd>10.8</spd>
          <str>90.0</str>
        </logpt>
        <logpt time="2015-08-28T22:03:26Z">
          <spd>10.8</spd>
          <str>90.0</str>
        </logpt>
        <logpt time="2015-08-28T22:03:30Z">
          <spd>10.8</spd>
          <str>90.0</str>
        </logpt>
        <logpt time="2015-08-28T22:03:34Z">
          <spd>10.8</spd>
          <str>90.0</str>
        </logpt>
        <logpt time="2015-08-28T22:03:38Z">
          <spd>10.8</spd>
          <str>90.0</str>
        </logpt>
        <logpt time="2015-08-28T22:03:42Z">
          <spd>10.8</spd>
          <str>90.0</str>
        </logpt>
        <logpt time="2015-08-28T22:03:46Z">
          <spd>10.3</spd>
          <str>90.0</str>
        </logpt>
        <logpt time="2015-08-28T22:03:50Z">
          <spd>10.3</spd>
          <str>90.0</str>
        </logpt>
        <logpt time="2015-08-28T22:03:54Z">
          <spd>10.3</spd>
          <str>90.0</str>
        </logpt>
        <logpt time="2015-08-28T22:03:58Z">
          <spd>10.3</spd>
          <str>90.0</str>
        </logpt>
        <logpt time="2015-08-28T22:04:02Z">
          <spd>10.3</spd>
          <str>90.0</str>
        </logpt>
        <logpt time="2015-08-28T22:04:06Z">
          <spd>10.3</spd>
          <str>90.0</str>
        </logpt>
        <logpt time="2015-08-28T22:04:10Z">
          <spd>10.3</spd>
          <str>90.0</str>
        </logpt>
        <logpt time="2015-08-28T22:04:14Z">
          <spd>10.3</spd>
          <str>90.0</str>
        </logpt>
        <logpt time="2015-08-28T22:04:18Z">
          <spd>10.3</spd>
          <str>90.0</str>
        </logpt>
        <logpt time="2015-08-28T22:04:22Z">
          <spd>10.3</spd>
          <str>90.0</str>
        </logpt>
        <logpt time="2015-08-28T22:04:26Z">
          <spd>10.3</spd>
          <str>90.0</str>
        </logpt>
        <logpt time="2015-08-28T22:04:30Z">
          <spd>10.3</spd>
          <str>90.0</str>
        </logpt>
        <logpt time="2015-08-28T22:04:34Z">
          <spd>10.3</spd>
          <str>90.0</str>
        </logpt>
        <logpt time="2015-08-28T22:04:38Z">
          <spd>10.3</spd>
          <str>90.0</str>
        </logpt>
        <logpt time="2015-08-28T22:04:42Z">
          <spd>10.3</spd>
          <str>90.0</str>
        </logpt>
        <logpt time="2015-08-28T22:04:46Z">
          <spd>10.3</spd>
          <str>90.0</str>
        </logpt>
        <logpt time="2015-08-28T22:04:50Z">
          <spd>10.8</spd>
          <str>90.0</str>
        </logpt>
        <logpt time="2015-08-28T22:04:54Z">
          <spd>10.3</spd>
          <str>90.0</str>
        </logpt>
        <logpt time="2015-08-28T22:04:58Z">
          <spd>10.3</spd>
          <str>90.0</str>
        </logpt>
        <logpt time="2015-08-28T22:05:02Z">
          <spd>10.3</spd>
          <str>89.0</str>
        </logpt>
        <logpt time="2015-08-28T22:05:06Z">
          <spd>10.3</spd>
          <str>89.0</str>
        </logpt>
        <logpt time="2015-08-28T22:05:10Z">
          <spd>10.3</spd>
          <str>89.0</str>
        </logpt>
        <logpt time="2015-08-28T22:05:14Z">
          <spd>10.3</spd>
          <str>89.0</str>
        </logpt>
        <logpt time="2015-08-28T22:05:18Z">
          <spd>10.3</spd>
          <str>90.0</str>
        </logpt>
        <logpt time="2015-08-28T22:05:22Z">
          <spd>10.3</spd>
          <str>90.0</str>
        </logpt>
        <logpt time="2015-08-28T22:05:26Z">
          <spd>9.9</spd>
          <str>89.0</str>
        </logpt>
        <logpt time="2015-08-28T22:05:30Z">
          <spd>9.4</spd>
          <str>89.0</str>
        </logpt>
        <logpt time="2015-08-28T22:05:34Z">
          <spd>9.4</spd>
          <str>89.0</str>
        </logpt>
        <logpt time="2015-08-28T22:05:38Z">
          <spd>9.9</spd>
          <str>89.0</str>
        </logpt>
        <logpt time="2015-08-28T22:05:42Z">
          <spd>9.9</spd>
          <str>89.0</str>
        </logpt>
        <logpt time="2015-08-28T22:05:46Z">
          <spd>9.4</spd>
          <str>89.0</str>
        </logpt>
        <logpt time="2015-08-28T22:05:50Z">
          <spd>9.4</spd>
          <str>89.0</str>
        </logpt>
        <logpt time="2015-08-28T22:05:54Z">
          <spd>9.4</spd>
          <str>89.0</str>
        </logpt>
        <logpt time="2015-08-28T22:05:58Z">
          <spd>9.4</spd>
          <str>89.0</str>
        </logpt>
        <logpt time="2015-08-28T22:06:02Z">
          <spd>9.4</spd>
          <str>89.0</str>
        </logpt>
        <logpt time="2015-08-28T22:06:06Z">
          <spd>9.4</spd>
          <str>89.0</str>
        </logpt>
        <logpt time="2015-08-28T22:06:10Z">
          <spd>9.4</spd>
          <str>89.0</str>
        </logpt>
        <logpt time="2015-08-28T22:06:14Z">
          <spd>9.4</spd>
          <str>89.0</str>
        </logpt>
        <logpt time="2015-08-28T22:06:18Z">
          <spd>9.4</spd>
          <str>89.0</str>
        </logpt>
        <logpt time="2015-08-28T22:06:22Z">
          <spd>9.4</spd>
          <str>89.0</str>
        </logpt>
        <logpt time="2015-08-28T22:06:26Z">
          <spd>9.0</spd>
          <str>90.0</str>
        </logpt>
        <logpt time="2015-08-28T22:06:30Z">
          <spd>9.0</spd>
          <str>90.0</str>
        </logpt>
        <logpt time="2015-08-28T22:06:34Z">
          <spd>9.4</spd>
          <str>90.0</str>
        </logpt>
        <logpt time="2015-08-28T22:06:38Z">
          <spd>9.4</spd>
          <str>90.0</str>
        </logpt>
        <logpt time="2015-08-28T22:06:42Z">
          <spd>9.0</spd>
          <str>90.0</str>
        </logpt>
        <logpt time="2015-08-28T22:06:46Z">
          <spd>9.0</spd>
          <str>90.0</str>
        </logpt>
        <logpt time="2015-08-28T22:06:50Z">
          <spd>9.0</spd>
          <str>90.0</str>
        </logpt>
        <logpt time="2015-08-28T22:06:54Z">
          <spd>9.0</spd>
          <str>90.0</str>
        </logpt>
        <logpt time="2015-08-28T22:06:58Z">
          <spd>9.0</spd>
          <str>90.0</str>
        </logpt>
        <logpt time="2015-08-28T22:07:02Z">
          <spd>9.4</spd>
          <str>90.0</str>
        </logpt>
        <logpt time="2015-08-28T22:07:06Z">
          <spd>9.4</spd>
          <str>90.0</str>
        </logpt>
        <logpt time="2015-08-28T22:07:10Z">
          <spd>9.4</spd>
          <str>90.0</str>
        </logpt>
        <logpt time="2015-08-28T22:07:14Z">
          <spd>9.4</spd>
          <str>90.0</str>
        </logpt>
        <logpt time="2015-08-28T22:07:18Z">
          <spd>9.4</spd>
          <str>90.0</str>
        </logpt>
        <logpt time="2015-08-28T22:07:22Z">
          <spd>9.4</spd>
          <str>90.0</str>
        </logpt>
        <logpt time="2015-08-28T22:07:26Z">
          <spd>9.9</spd>
          <str>89.0</str>
        </logpt>
        <logpt time="2015-08-28T22:07:30Z">
          <spd>9.9</spd>
          <str>90.0</str>
        </logpt>
        <logpt time="2015-08-28T22:07:34Z">
          <spd>9.9</spd>
          <str>90.0</str>
        </logpt>
        <logpt time="2015-08-28T22:07:38Z">
          <spd>9.9</spd>
          <str>90.0</str>
        </logpt>
        <logpt time="2015-08-28T22:07:42Z">
          <spd>9.9</spd>
          <str>90.0</str>
        </logpt>
        <logpt time="2015-08-28T22:07:46Z">
          <spd>9.4</spd>
          <str>90.0</str>
        </logpt>
        <logpt time="2015-08-28T22:07:50Z">
          <spd>9.4</spd>
          <str>90.0</str>
        </logpt>
        <logpt time="2015-08-28T22:07:54Z">
          <spd>9.4</spd>
          <str>90.0</str>
        </logpt>
        <logpt time="2015-08-28T22:07:58Z">
          <spd>9.4</spd>
          <str>90.0</str>
        </logpt>
        <logpt time="2015-08-28T22:08:02Z">
          <spd>9.4</spd>
          <str>90.0</str>
        </logpt>
        <logpt time="2015-08-28T22:08:06Z">
          <spd>9.4</spd>
          <str>90.0</str>
        </logpt>
        <logpt time="2015-08-28T22:08:10Z">
          <spd>9.4</spd>
          <str>90.0</str>
        </logpt>
        <logpt time="2015-08-28T22:08:14Z">
          <spd>9.9</spd>
          <str>90.0</str>
        </logpt>
        <logpt time="2015-08-28T22:08:18Z">
          <spd>9.9</spd>
          <str>90.0</str>
        </logpt>
        <logpt time="2015-08-28T22:08:22Z">
          <spd>9.9</spd>
          <str>90.0</str>
        </logpt>
        <logpt time="2015-08-28T22:08:26Z">
          <spd>10.3</spd>
          <str>91.0</str>
        </logpt>
        <logpt time="2015-08-28T22:08:30Z">
          <spd>10.3</spd>
          <str>91.0</str>
        </logpt>
        <logpt time="2015-08-28T22:08:34Z">
          <spd>10.3</spd>
          <str>91.0</str>
        </logpt>
        <logpt time="2015-08-28T22:08:38Z">
          <spd>10.3</spd>
          <str>90.0</str>
        </logpt>
        <logpt time="2015-08-28T22:08:42Z">
          <spd>10.3</spd>
          <str>90.0</str>
        </logpt>
        <logpt time="2015-08-28T22:08:46Z">
          <spd>10.3</spd>
          <str>90.0</str>
        </logpt>
        <logpt time="2015-08-28T22:08:50Z">
          <spd>10.3</spd>
          <str>90.0</str>
        </logpt>
        <logpt time="2015-08-28T22:08:54Z">
          <spd>10.3</spd>
          <str>90.0</str>
        </logpt>
        <logpt time="2015-08-28T22:08:58Z">
          <spd>10.8</spd>
          <str>90.0</str>
        </logpt>
        <logpt time="2015-08-28T22:09:02Z">
          <spd>10.8</spd>
          <str>90.0</str>
        </logpt>
        <logpt time="2015-08-28T22:09:06Z">
          <spd>10.8</spd>
          <str>90.0</str>
        </logpt>
        <logpt time="2015-08-28T22:09:10Z">
          <spd>10.8</spd>
          <str>90.0</str>
        </logpt>
        <logpt time="2015-08-28T22:09:14Z">
          <spd>10.8</spd>
          <str>90.0</str>
        </logpt>
        <logpt time="2015-08-28T22:09:18Z">
          <spd>11.3</spd>
          <str>90.0</str>
        </logpt>
        <logpt time="2015-08-28T22:09:22Z">
          <spd>11.3</spd>
          <str>90.0</str>
        </logpt>
        <logpt time="2015-08-28T22:09:26Z">
          <spd>10.8</spd>
          <str>90.0</str>
        </logpt>
        <logpt time="2015-08-28T22:09:30Z">
          <spd>10.8</spd>
          <str>89.0</str>
        </logpt>
        <logpt time="2015-08-28T22:09:34Z">
          <spd>10.8</spd>
          <str>89.0</str>
        </logpt>
        <logpt time="2015-08-28T22:09:38Z">
          <spd>10.8</spd>
          <str>90.0</str>
        </logpt>
        <logpt time="2015-08-28T22:09:42Z">
          <spd>9.9</spd>
          <str>90.0</str>
        </logpt>
        <logpt time="2015-08-28T22:09:46Z">
          <spd>9.9</spd>
          <str>89.0</str>
        </logpt>
        <logpt time="2015-08-28T22:09:50Z">
          <spd>9.9</spd>
          <str>89.0</str>
        </logpt>
        <logpt time="2015-08-28T22:09:54Z">
          <spd>9.9</spd>
          <str>89.0</str>
        </logpt>
        <logpt time="2015-08-28T22:09:58Z">
          <spd>9.9</spd>
          <str>89.0</str>
        </logpt>
        <logpt time="2015-08-28T22:10:02Z">
          <spd>9.9</spd>
          <str>89.0</str>
        </logpt>
        <logpt time="2015-08-28T22:10:06Z">
          <spd>9.9</spd>
          <str>89.0</str>
        </logpt>
        <logpt time="2015-08-28T22:10:10Z">
          <spd>9.9</spd>
          <str>89.0</str>
        </logpt>
        <logpt time="2015-08-28T22:10:14Z">
          <spd>10.3</spd>
          <str>89.0</str>
        </logpt>
        <logpt time="2015-08-28T22:10:18Z">
          <spd>9.9</spd>
          <str>89.0</str>
        </logpt>
        <logpt time="2015-08-28T22:10:22Z">
          <spd>9.9</spd>
          <str>89.0</str>
        </logpt>
        <logpt time="2015-08-28T22:10:26Z">
          <spd>9.9</spd>
          <str>89.0</str>
        </logpt>
        <logpt time="2015-08-28T22:10:30Z">
          <spd>10.3</spd>
          <str>90.0</str>
        </logpt>
        <logpt time="2015-08-28T22:10:34Z">
          <spd>10.3</spd>
          <str>90.0</str>
        </logpt>
        <logpt time="2015-08-28T22:10:38Z">
          <spd>10.8</spd>
          <str>90.0</str>
        </logpt>
        <logpt time="2015-08-28T22:10:42Z">
          <spd>10.3</spd>
          <str>90.0</str>
        </logpt>
        <logpt time="2015-08-28T22:10:46Z">
          <spd>10.3</spd>
          <str>90.0</str>
        </logpt>
        <logpt time="2015-08-28T22:10:50Z">
          <spd>10.3</spd>
          <str>90.0</str>
        </logpt>
        <logpt time="2015-08-28T22:10:54Z">
          <spd>10.3</spd>
          <str>90.0</str>
        </logpt>
        <logpt time="2015-08-28T22:10:58Z">
          <spd>10.3</spd>
          <str>90.0</str>
        </logpt>
        <logpt time="2015-08-28T22:11:02Z">
          <spd>10.3</spd>
          <str>90.0</str>
        </logpt>
        <logpt time="2015-08-28T22:11:06Z">
          <spd>10.3</spd>
          <str>90.0</str>
        </logpt>
        <logpt time="2015-08-28T22:11:10Z">
          <spd>10.3</spd>
          <str>90.0</str>
        </logpt>
        <logpt time="2015-08-28T22:11:14Z">
          <spd>10.3</spd>
          <str>90.0</str>
        </logpt>
        <logpt time="2015-08-28T22:11:18Z">
          <spd>10.8</spd>
          <str>90.0</str>
        </logpt>
        <logpt time="2015-08-28T22:11:22Z">
          <spd>10.8</spd>
          <str>90.0</str>
        </logpt>
        <logpt time="2015-08-28T22:11:26Z">
          <spd>10.8</spd>
          <str>90.0</str>
        </logpt>
        <logpt time="2015-08-28T22:11:30Z">
          <spd>10.3</spd>
          <str>90.0</str>
        </logpt>
        <logpt time="2015-08-28T22:11:34Z">
          <spd>10.3</spd>
          <str>90.0</str>
        </logpt>
        <logpt time="2015-08-28T22:11:38Z">
          <spd>10.3</spd>
          <str>90.0</str>
        </logpt>
        <logpt time="2015-08-28T22:11:42Z">
          <spd>10.3</spd>
          <str>90.0</str>
        </logpt>
        <logpt time="2015-08-28T22:11:46Z">
          <spd>10.3</spd>
          <str>89.0</str>
        </logpt>
        <logpt time="2015-08-28T22:11:50Z">
          <spd>10.3</spd>
          <str>89.0</str>
        </logpt>
        <logpt time="2015-08-28T22:11:54Z">
          <spd>10.8</spd>
          <str>89.0</str>
        </logpt>
        <logpt time="2015-08-28T22:11:58Z">
          <spd>10.8</spd>
          <str>90.0</str>
        </logpt>
        <logpt time="2015-08-28T22:12:02Z">
          <spd>10.3</spd>
          <str>90.0</str>
        </logpt>
        <logpt time="2015-08-28T22:12:06Z">
          <spd>10.3</spd>
          <str>90.0</str>
        </logpt>
        <logpt time="2015-08-28T22:12:10Z">
          <spd>10.3</spd>
          <str>90.0</str>
        </logpt>
        <logpt time="2015-08-28T22:12:14Z">
          <spd>9.9</spd>
          <str>89.0</str>
        </logpt>
        <logpt time="2015-08-28T22:12:18Z">
          <spd>9.9</spd>
          <str>89.0</str>
        </logpt>
        <logpt time="2015-08-28T22:12:22Z">
          <spd>10.3</spd>
          <str>89.0</str>
        </logpt>
        <logpt time="2015-08-28T22:12:26Z">
          <spd>10.3</spd>
          <str>90.0</str>
        </logpt>
        <logpt time="2015-08-28T22:12:30Z">
          <spd>10.3</spd>
          <str>90.0</str>
        </logpt>
        <logpt time="2015-08-28T22:12:34Z">
          <spd>10.3</spd>
          <str>90.0</str>
        </logpt>
        <logpt time="2015-08-28T22:12:38Z">
          <spd>10.3</spd>
          <str>89.0</str>
        </logpt>
        <logpt time="2015-08-28T22:12:42Z">
          <spd>10.3</spd>
          <str>89.0</str>
        </logpt>
        <logpt time="2015-08-28T22:12:46Z">
          <spd>10.3</spd>
          <str>90.0</str>
        </logpt>
        <logpt time="2015-08-28T22:12:50Z">
          <spd>10.3</spd>
          <str>90.0</str>
        </logpt>
        <logpt time="2015-08-28T22:12:54Z">
          <spd>10.3</spd>
          <str>90.0</str>
        </logpt>
        <logpt time="2015-08-28T22:12:58Z">
          <spd>10.8</spd>
          <str>90.0</str>
        </logpt>
        <logpt time="2015-08-28T22:13:02Z">
          <spd>10.8</spd>
          <str>90.0</str>
        </logpt>
        <logpt time="2015-08-28T22:13:06Z">
          <spd>10.8</spd>
          <str>89.0</str>
        </logpt>
        <logpt time="2015-08-28T22:13:10Z">
          <spd>11.3</spd>
          <str>89.0</str>
        </logpt>
        <logpt time="2015-08-28T22:13:14Z">
          <spd>11.3</spd>
          <str>90.0</str>
        </logpt>
        <logpt time="2015-08-28T22:13:18Z">
          <spd>10.8</spd>
          <str>90.0</str>
        </logpt>
        <logpt time="2015-08-28T22:13:22Z">
          <spd>10.8</spd>
          <str>90.0</str>
        </logpt>
        <logpt time="2015-08-28T22:13:26Z">
          <spd>10.8</spd>
          <str>89.0</str>
        </logpt>
        <logpt time="2015-08-28T22:13:30Z">
          <spd>10.3</spd>
          <str>89.0</str>
        </logpt>
        <logpt time="2015-08-28T22:13:34Z">
          <spd>10.3</spd>
          <str>89.0</str>
        </logpt>
        <logpt time="2015-08-28T22:13:38Z">
          <spd>9.9</spd>
          <str>90.0</str>
        </logpt>
        <logpt time="2015-08-28T22:13:42Z">
          <spd>9.9</spd>
          <str>89.0</str>
        </logpt>
        <logpt time="2015-08-28T22:13:46Z">
          <spd>10.3</spd>
          <str>89.0</str>
        </logpt>
        <logpt time="2015-08-28T22:13:50Z">
          <spd>10.3</spd>
          <str>89.0</str>
        </logpt>
        <logpt time="2015-08-28T22:13:54Z">
          <spd>9.9</spd>
          <str>89.0</str>
        </logpt>
        <logpt time="2015-08-28T22:13:58Z">
          <spd>9.9</spd>
          <str>89.0</str>
        </logpt>
        <logpt time="2015-08-28T22:14:02Z">
          <spd>9.9</spd>
          <str>89.0</str>
        </logpt>
        <logpt time="2015-08-28T22:14:06Z">
          <spd>9.9</spd>
          <str>89.0</str>
        </logpt>
        <logpt time="2015-08-28T22:14:10Z">
          <spd>10.3</spd>
          <str>89.0</str>
        </logpt>
        <logpt time="2015-08-28T22:14:14Z">
          <spd>10.3</spd>
          <str>89.0</str>
        </logpt>
        <logpt time="2015-08-28T22:14:18Z">
          <spd>10.3</spd>
          <str>89.0</str>
        </logpt>
        <logpt time="2015-08-28T22:14:22Z">
          <spd>10.3</spd>
          <str>89.0</str>
        </logpt>
        <logpt time="2015-08-28T22:14:26Z">
          <spd>9.9</spd>
          <str>90.0</str>
        </logpt>
        <logpt time="2015-08-28T22:14:30Z">
          <spd>9.9</spd>
          <str>90.0</str>
        </logpt>
        <logpt time="2015-08-28T22:14:34Z">
          <spd>9.9</spd>
          <str>90.0</str>
        </logpt>
        <logpt time="2015-08-28T22:14:38Z">
          <spd>9.9</spd>
          <str>90.0</str>
        </logpt>
        <logpt time="2015-08-28T22:14:42Z">
          <spd>9.4</spd>
          <str>90.0</str>
        </logpt>
        <logpt time="2015-08-28T22:14:46Z">
          <spd>9.0</spd>
          <str>89.0</str>
        </logpt>
        <logpt time="2015-08-28T22:14:50Z">
          <spd>9.0</spd>
          <str>89.0</str>
        </logpt>
        <logpt time="2015-08-28T22:14:54Z">
          <spd>9.9</spd>
          <str>89.0</str>
        </logpt>
        <logpt time="2015-08-28T22:14:58Z">
          <spd>9.9</spd>
          <str>89.0</str>
        </logpt>
        <logpt time="2015-08-28T22:15:02Z">
          <spd>10.3</spd>
          <str>89.0</str>
        </logpt>
        <logpt time="2015-08-28T22:15:06Z">
          <spd>10.3</spd>
          <str>89.0</str>
        </logpt>
        <logpt time="2015-08-28T22:15:10Z">
          <spd>10.8</spd>
          <str>89.0</str>
        </logpt>
        <logpt time="2015-08-28T22:15:14Z">
          <spd>10.8</spd>
          <str>89.0</str>
        </logpt>
        <logpt time="2015-08-28T22:15:18Z">
          <spd>10.8</spd>
          <str>89.0</str>
        </logpt>
        <logpt time="2015-08-28T22:15:22Z">
          <spd>10.8</spd>
          <str>89.0</str>
        </logpt>
        <logpt time="2015-08-28T22:15:26Z">
          <spd>10.8</spd>
          <str>89.0</str>
        </logpt>
        <logpt time="2015-08-28T22:15:30Z">
          <spd>10.8</spd>
          <str>89.0</str>
        </logpt>
        <logpt time="2015-08-28T22:15:34Z">
          <spd>10.8</spd>
          <str>89.0</str>
        </logpt>
        <logpt time="2015-08-28T22:15:38Z">
          <spd>11.3</spd>
          <str>88.0</str>
        </logpt>
        <logpt time="2015-08-28T22:15:42Z">
          <spd>11.3</spd>
          <str>89.0</str>
        </logpt>
        <logpt time="2015-08-28T22:15:46Z">
          <spd>11.3</spd>
          <str>89.0</str>
        </logpt>
        <logpt time="2015-08-28T22:15:50Z">
          <spd>11.3</spd>
          <str>89.0</str>
        </logpt>
        <logpt time="2015-08-28T22:15:54Z">
          <spd>10.8</spd>
          <str>89.0</str>
        </logpt>
        <logpt time="2015-08-28T22:15:58Z">
          <spd>10.8</spd>
          <str>89.0</str>
        </logpt>
        <logpt time="2015-08-28T22:16:02Z">
          <spd>10.8</spd>
          <str>89.0</str>
        </logpt>
        <logpt time="2015-08-28T22:16:06Z">
          <spd>10.8</spd>
          <str>90.0</str>
        </logpt>
        <logpt time="2015-08-28T22:16:10Z">
          <spd>10.8</spd>
          <str>90.0</str>
        </logpt>
        <logpt time="2015-08-28T22:16:14Z">
          <spd>10.8</spd>
          <str>90.0</str>
        </logpt>
        <logpt time="2015-08-28T22:16:18Z">
          <spd>10.3</spd>
          <str>89.0</str>
        </logpt>
        <logpt time="2015-08-28T22:16:22Z">
          <spd>10.3</spd>
          <str>89.0</str>
        </logpt>
        <logpt time="2015-08-28T22:16:26Z">
          <spd>10.3</spd>
          <str>89.0</str>
        </logpt>
        <logpt time="2015-08-28T22:16:30Z">
          <spd>10.3</spd>
          <str>89.0</str>
        </logpt>
        <logpt time="2015-08-28T22:16:34Z">
          <spd>10.3</spd>
          <str>89.0</str>
        </logpt>
        <logpt time="2015-08-28T22:16:38Z">
          <spd>10.3</spd>
          <str>90.0</str>
        </logpt>
        <logpt time="2015-08-28T22:16:42Z">
          <spd>10.3</spd>
          <str>90.0</str>
        </logpt>
        <logpt time="2015-08-28T22:16:46Z">
          <spd>10.3</spd>
          <str>89.0</str>
        </logpt>
        <logpt time="2015-08-28T22:16:50Z">
          <spd>9.4</spd>
          <str>89.0</str>
        </logpt>
        <logpt time="2015-08-28T22:16:54Z">
          <spd>9.9</spd>
          <str>90.0</str>
        </logpt>
        <logpt time="2015-08-28T22:16:58Z">
          <spd>9.9</spd>
          <str>90.0</str>
        </logpt>
        <logpt time="2015-08-28T22:17:02Z">
          <spd>9.9</spd>
          <str>90.0</str>
        </logpt>
        <logpt time="2015-08-28T22:17:06Z">
          <spd>9.9</spd>
          <str>90.0</str>
        </logpt>
        <logpt time="2015-08-28T22:17:10Z">
          <spd>9.9</spd>
          <str>90.0</str>
        </logpt>
        <logpt time="2015-08-28T22:17:14Z">
          <spd>9.9</spd>
          <str>90.0</str>
        </logpt>
        <logpt time="2015-08-28T22:17:18Z">
          <spd>9.9</spd>
          <str>90.0</str>
        </logpt>
        <logpt time="2015-08-28T22:17:22Z">
          <spd>9.9</spd>
          <str>90.0</str>
        </logpt>
        <logpt time="2015-08-28T22:17:26Z">
          <spd>9.9</spd>
          <str>90.0</str>
        </logpt>
        <logpt time="2015-08-28T22:17:30Z">
          <spd>9.9</spd>
          <str>90.0</str>
        </logpt>
        <logpt time="2015-08-28T22:17:34Z">
          <spd>9.9</spd>
          <str>90.0</str>
        </logpt>
        <logpt time="2015-08-28T22:17:38Z">
          <spd>10.3</spd>
          <str>90.0</str>
        </logpt>
        <logpt time="2015-08-28T22:17:42Z">
          <spd>10.8</spd>
          <str>90.0</str>
        </logpt>
        <logpt time="2015-08-28T22:17:46Z">
          <spd>10.8</spd>
          <str>90.0</str>
        </logpt>
        <logpt time="2015-08-28T22:17:50Z">
          <spd>10.3</spd>
          <str>90.0</str>
        </logpt>
        <logpt time="2015-08-28T22:17:54Z">
          <spd>10.3</spd>
          <str>90.0</str>
        </logpt>
        <logpt time="2015-08-28T22:17:58Z">
          <spd>10.3</spd>
          <str>90.0</str>
        </logpt>
        <logpt time="2015-08-28T22:18:02Z">
          <spd>10.3</spd>
          <str>90.0</str>
        </logpt>
        <logpt time="2015-08-28T22:18:06Z">
          <spd>10.3</spd>
          <str>90.0</str>
        </logpt>
        <logpt time="2015-08-28T22:18:10Z">
          <spd>10.3</spd>
          <str>90.0</str>
        </logpt>
        <logpt time="2015-08-28T22:18:14Z">
          <spd>10.3</spd>
          <str>90.0</str>
        </logpt>
        <logpt time="2015-08-28T22:18:18Z">
          <spd>10.3</spd>
          <str>90.0</str>
        </logpt>
        <logpt time="2015-08-28T22:18:22Z">
          <spd>9.9</spd>
          <str>90.0</str>
        </logpt>
        <logpt time="2015-08-28T22:18:26Z">
          <spd>9.9</spd>
          <str>90.0</str>
        </logpt>
        <logpt time="2015-08-28T22:18:30Z">
          <spd>9.9</spd>
          <str>90.0</str>
        </logpt>
        <logpt time="2015-08-28T22:18:34Z">
          <spd>10.3</spd>
          <str>90.0</str>
        </logpt>
        <logpt time="2015-08-28T22:18:38Z">
          <spd>9.9</spd>
          <str>90.0</str>
        </logpt>
        <logpt time="2015-08-28T22:18:42Z">
          <spd>9.9</spd>
          <str>90.0</str>
        </logpt>
        <logpt time="2015-08-28T22:18:46Z">
          <spd>9.9</spd>
          <str>90.0</str>
        </logpt>
        <logpt time="2015-08-28T22:18:50Z">
          <spd>9.9</spd>
          <str>89.0</str>
        </logpt>
        <logpt time="2015-08-28T22:18:54Z">
          <spd>9.4</spd>
          <str>89.0</str>
        </logpt>
        <logpt time="2015-08-28T22:18:58Z">
          <spd>9.4</spd>
          <str>89.0</str>
        </logpt>
        <logpt time="2015-08-28T22:19:02Z">
          <spd>9.4</spd>
          <str>89.0</str>
        </logpt>
        <logpt time="2015-08-28T22:19:06Z">
          <spd>9.9</spd>
          <str>90.0</str>
        </logpt>
        <logpt time="2015-08-28T22:19:10Z">
          <spd>9.9</spd>
          <str>90.0</str>
        </logpt>
        <logpt time="2015-08-28T22:19:14Z">
          <spd>9.9</spd>
          <str>90.0</str>
        </logpt>
        <logpt time="2015-08-28T22:19:18Z">
          <spd>9.9</spd>
          <str>90.0</str>
        </logpt>
        <logpt time="2015-08-28T22:19:22Z">
          <spd>10.3</spd>
          <str>90.0</str>
        </logpt>
        <logpt time="2015-08-28T22:19:26Z">
          <spd>10.3</spd>
          <str>90.0</str>
        </logpt>
        <logpt time="2015-08-28T22:19:30Z">
          <spd>9.9</spd>
          <str>90.0</str>
        </logpt>
        <logpt time="2015-08-28T22:19:34Z">
          <spd>9.4</spd>
          <str>90.0</str>
        </logpt>
        <logpt time="2015-08-28T22:19:38Z">
          <spd>9.4</spd>
          <str>90.0</str>
        </logpt>
        <logpt time="2015-08-28T22:19:42Z">
          <spd>9.4</spd>
          <str>90.0</str>
        </logpt>
        <logpt time="2015-08-28T22:19:46Z">
          <spd>9.4</spd>
          <str>90.0</str>
        </logpt>
        <logpt time="2015-08-28T22:19:50Z">
          <spd>9.9</spd>
          <str>90.0</str>
        </logpt>
        <logpt time="2015-08-28T22:19:54Z">
          <spd>9.9</spd>
          <str>90.0</str>
        </logpt>
        <logpt time="2015-08-28T22:19:58Z">
          <spd>9.9</spd>
          <str>90.0</str>
        </logpt>
        <logpt time="2015-08-28T22:20:02Z">
          <spd>9.9</spd>
          <str>90.0</str>
        </logpt>
        <logpt time="2015-08-28T22:20:06Z">
          <spd>10.3</spd>
          <str>90.0</str>
        </logpt>
        <logpt time="2015-08-28T22:20:10Z">
          <spd>10.3</spd>
          <str>90.0</str>
        </logpt>
        <logpt time="2015-08-28T22:20:14Z">
          <spd>10.3</spd>
          <str>90.0</str>
        </logpt>
        <logpt time="2015-08-28T22:20:18Z">
          <spd>10.3</spd>
          <str>90.0</str>
        </logpt>
        <logpt time="2015-08-28T22:20:22Z">
          <spd>10.3</spd>
          <str>90.0</str>
        </logpt>
        <logpt time="2015-08-28T22:20:26Z">
          <spd>10.3</spd>
          <str>90.0</str>
        </logpt>
        <logpt time="2015-08-28T22:20:30Z">
          <spd>10.8</spd>
          <str>90.0</str>
        </logpt>
        <logpt time="2015-08-28T22:20:34Z">
          <spd>10.8</spd>
          <str>90.0</str>
        </logpt>
        <logpt time="2015-08-28T22:20:38Z">
          <spd>11.3</spd>
          <str>90.0</str>
        </logpt>
        <logpt time="2015-08-28T22:20:42Z">
          <spd>11.3</spd>
          <str>90.0</str>
        </logpt>
        <logpt time="2015-08-28T22:20:46Z">
          <spd>11.3</spd>
          <str>90.0</str>
        </logpt>
        <logpt time="2015-08-28T22:20:50Z">
          <spd>11.3</spd>
          <str>90.0</str>
        </logpt>
        <logpt time="2015-08-28T22:20:54Z">
          <spd>11.3</spd>
          <str>90.0</str>
        </logpt>
        <logpt time="2015-08-28T22:20:58Z">
          <spd>11.3</spd>
          <str>90.0</str>
        </logpt>
        <logpt time="2015-08-28T22:21:02Z">
          <spd>11.3</spd>
          <str>90.0</str>
        </logpt>
        <logpt time="2015-08-28T22:21:06Z">
          <spd>10.8</spd>
          <str>90.0</str>
        </logpt>
        <logpt time="2015-08-28T22:21:10Z">
          <spd>10.3</spd>
          <str>89.0</str>
        </logpt>
        <logpt time="2015-08-28T22:21:14Z">
          <spd>10.3</spd>
          <str>89.0</str>
        </logpt>
        <logpt time="2015-08-28T22:21:18Z">
          <spd>10.3</spd>
          <str>89.0</str>
        </logpt>
        <logpt time="2015-08-28T22:21:22Z">
          <spd>10.3</spd>
          <str>89.0</str>
        </logpt>
        <logpt time="2015-08-28T22:21:26Z">
          <spd>10.3</spd>
          <str>88.0</str>
        </logpt>
        <logpt time="2015-08-28T22:21:30Z">
          <spd>10.3</spd>
          <str>88.0</str>
        </logpt>
        <logpt time="2015-08-28T22:21:34Z">
          <spd>10.3</spd>
          <str>88.0</str>
        </logpt>
        <logpt time="2015-08-28T22:21:38Z">
          <spd>10.3</spd>
          <str>88.0</str>
        </logpt>
        <logpt time="2015-08-28T22:21:42Z">
          <spd>10.3</spd>
          <str>88.0</str>
        </logpt>
        <logpt time="2015-08-28T22:21:46Z">
          <spd>10.8</spd>
          <str>88.0</str>
        </logpt>
        <logpt time="2015-08-28T22:21:50Z">
          <spd>10.3</spd>
          <str>88.0</str>
        </logpt>
        <logpt time="2015-08-28T22:21:54Z">
          <spd>10.3</spd>
          <str>88.0</str>
        </logpt>
        <logpt time="2015-08-28T22:21:58Z">
          <spd>10.8</spd>
          <str>88.0</str>
        </logpt>
        <logpt time="2015-08-28T22:22:02Z">
          <spd>10.8</spd>
          <str>88.0</str>
        </logpt>
        <logpt time="2015-08-28T22:22:06Z">
          <spd>10.8</spd>
          <str>88.0</str>
        </logpt>
        <logpt time="2015-08-28T22:22:10Z">
          <spd>10.8</spd>
          <str>89.0</str>
        </logpt>
        <logpt time="2015-08-28T22:22:14Z">
          <spd>10.8</spd>
          <str>89.0</str>
        </logpt>
        <logpt time="2015-08-28T22:22:18Z">
          <spd>10.3</spd>
          <str>89.0</str>
        </logpt>
        <logpt time="2015-08-28T22:22:22Z">
          <spd>9.9</spd>
          <str>89.0</str>
        </logpt>
        <logpt time="2015-08-28T22:22:26Z">
          <spd>10.3</spd>
          <str>88.0</str>
        </logpt>
        <logpt time="2015-08-28T22:22:30Z">
          <spd>10.8</spd>
          <str>88.0</str>
        </logpt>
        <logpt time="2015-08-28T22:22:34Z">
          <spd>10.8</spd>
          <str>88.0</str>
        </logpt>
        <logpt time="2015-08-28T22:22:38Z">
          <spd>11.3</spd>
          <str>88.0</str>
        </logpt>
        <logpt time="2015-08-28T22:22:42Z">
          <spd>11.3</spd>
          <str>88.0</str>
        </logpt>
        <logpt time="2015-08-28T22:22:46Z">
          <spd>11.3</spd>
          <str>88.0</str>
        </logpt>
        <logpt time="2015-08-28T22:22:50Z">
          <spd>10.8</spd>
          <str>87.0</str>
        </logpt>
        <logpt time="2015-08-28T22:22:54Z">
          <spd>10.8</spd>
          <str>87.0</str>
        </logpt>
        <logpt time="2015-08-28T22:22:58Z">
          <spd>10.8</spd>
          <str>88.0</str>
        </logpt>
        <logpt time="2015-08-28T22:23:02Z">
          <spd>11.3</spd>
          <str>87.0</str>
        </logpt>
        <logpt time="2015-08-28T22:23:06Z">
          <spd>11.3</spd>
          <str>87.0</str>
        </logpt>
        <logpt time="2015-08-28T22:23:10Z">
          <spd>11.3</spd>
          <str>88.0</str>
        </logpt>
        <logpt time="2015-08-28T22:23:14Z">
          <spd>11.7</spd>
          <str>88.0</str>
        </logpt>
        <logpt time="2015-08-28T22:23:18Z">
          <spd>11.7</spd>
          <str>88.0</str>
        </logpt>
        <logpt time="2015-08-28T22:23:22Z">
          <spd>12.2</spd>
          <str>88.0</str>
        </logpt>
        <logpt time="2015-08-28T22:23:26Z">
          <spd>11.7</spd>
          <str>88.0</str>
        </logpt>
        <logpt time="2015-08-28T22:23:30Z">
          <spd>12.2</spd>
          <str>88.0</str>
        </logpt>
        <logpt time="2015-08-28T22:23:34Z">
          <spd>11.7</spd>
          <str>88.0</str>
        </logpt>
        <logpt time="2015-08-28T22:23:38Z">
          <spd>11.3</spd>
          <str>88.0</str>
        </logpt>
        <logpt time="2015-08-28T22:23:42Z">
          <spd>11.3</spd>
          <str>88.0</str>
        </logpt>
        <logpt time="2015-08-28T22:23:46Z">
          <spd>11.3</spd>
          <str>88.0</str>
        </logpt>
        <logpt time="2015-08-28T22:23:50Z">
          <spd>11.3</spd>
          <str>88.0</str>
        </logpt>
        <logpt time="2015-08-28T22:23:54Z">
          <spd>11.3</spd>
          <str>88.0</str>
        </logpt>
        <logpt time="2015-08-28T22:23:58Z">
          <spd>11.3</spd>
          <str>88.0</str>
        </logpt>
        <logpt time="2015-08-28T22:24:02Z">
          <spd>11.3</spd>
          <str>88.0</str>
        </logpt>
        <logpt time="2015-08-28T22:24:06Z">
          <spd>10.8</spd>
          <str>88.0</str>
        </logpt>
        <logpt time="2015-08-28T22:24:10Z">
          <spd>10.8</spd>
          <str>88.0</str>
        </logpt>
        <logpt time="2015-08-28T22:24:14Z">
          <spd>10.3</spd>
          <str>88.0</str>
        </logpt>
        <logpt time="2015-08-28T22:24:18Z">
          <spd>10.3</spd>
          <str>89.0</str>
        </logpt>
        <logpt time="2015-08-28T22:24:22Z">
          <spd>10.3</spd>
          <str>88.0</str>
        </logpt>
        <logpt time="2015-08-28T22:24:26Z">
          <spd>9.9</spd>
          <str>88.0</str>
        </logpt>
        <logpt time="2015-08-28T22:24:30Z">
          <spd>9.9</spd>
          <str>89.0</str>
        </logpt>
        <logpt time="2015-08-28T22:24:34Z">
          <spd>9.9</spd>
          <str>89.0</str>
        </logpt>
        <logpt time="2015-08-28T22:24:38Z">
          <spd>10.3</spd>
          <str>89.0</str>
        </logpt>
        <logpt time="2015-08-28T22:24:42Z">
          <spd>10.3</spd>
          <str>88.0</str>
        </logpt>
        <logpt time="2015-08-28T22:24:46Z">
          <spd>10.3</spd>
          <str>88.0</str>
        </logpt>
        <logpt time="2015-08-28T22:24:50Z">
          <spd>10.3</spd>
          <str>89.0</str>
        </logpt>
        <logpt time="2015-08-28T22:24:54Z">
          <spd>10.3</spd>
          <str>88.0</str>
        </logpt>
        <logpt time="2015-08-28T22:24:58Z">
          <spd>10.3</spd>
          <str>88.0</str>
        </logpt>
        <logpt time="2015-08-28T22:25:02Z">
          <spd>9.9</spd>
          <str>89.0</str>
        </logpt>
        <logpt time="2015-08-28T22:25:06Z">
          <spd>9.9</spd>
          <str>88.0</str>
        </logpt>
        <logpt time="2015-08-28T22:25:10Z">
          <spd>9.9</spd>
          <str>88.0</str>
        </logpt>
        <logpt time="2015-08-28T22:25:14Z">
          <spd>10.3</spd>
          <str>88.0</str>
        </logpt>
        <logpt time="2015-08-28T22:25:18Z">
          <spd>10.3</spd>
          <str>88.0</str>
        </logpt>
        <logpt time="2015-08-28T22:25:22Z">
          <spd>10.3</spd>
          <str>88.0</str>
        </logpt>
        <logpt time="2015-08-28T22:25:26Z">
          <spd>10.3</spd>
          <str>88.0</str>
        </logpt>
        <logpt time="2015-08-28T22:25:30Z">
          <spd>10.3</spd>
          <str>88.0</str>
        </logpt>
        <logpt time="2015-08-28T22:25:34Z">
          <spd>10.8</spd>
          <str>88.0</str>
        </logpt>
        <breaktype>2</breaktype>
      </logseg>
    </ssrlog>
    <laps>
      <summary start="2015-08-28T21:46:02Z" type="0" end="2015-08-28T22:25:44Z" isautolap="0">
        <distance>6469</distance>
        <calorie>406</calorie>
        <speed max="12.15" avg="10.35"/>
        <cad max="91" avg="88"/>
        <rtime>2257</rtime>
        <acttype subtype="0">1</acttype>
      </summary>
    </laps>
  </extensions>
</gpx>
