<?xml version='1.0' encoding='utf-8'?>
<gpx xmlns:xsi="http://www.w3.org/2001/XMLSchema-instance" xmlns="http://www.brytonsport.com/BDX/2/2" version="2.2.0.3" creator="bryton">
  <metadata>
    <name>2015/08/07 05:37</name>
    <time>2015-08-06T21:37:23Z</time>
    <bounds minlat="35.9518" maxlon="120.226991" minlon="120.207503" maxlat="35.958343"/>
    <extensions>
      <user>
        <bike>0<wheel>204.00</wheel></bike>
        <weight>68</weight>
        <gender>1</gender>
        <height>172</height>
        <age>28</age>
        <mhr>190</mhr>
        <lthr>172</lthr>
        <map>0</map>
        <ftp>0</ftp>
        <zonedef type="1">
          <zone high="74" id="1" low="0"/>
          <zone high="80" id="2" low="74"/>
          <zone high="85" id="3" low="80"/>
          <zone high="91" id="4" low="85"/>
          <zone high="93" id="5" low="91"/>
          <zone high="95" id="6" low="93"/>
          <zone high="0" id="7" low="95"/>
        </zonedef>
        <zonedef type="2">
          <zone high="80" id="1" low="0"/>
          <zone high="87" id="2" low="80"/>
          <zone high="91" id="3" low="87"/>
          <zone high="100" id="4" low="91"/>
          <zone high="101" id="5" low="100"/>
          <zone high="105" id="6" low="101"/>
          <zone high="0" id="7" low="105"/>
        </zonedef>
        <zonedef type="3">
          <zone high="40" id="1" low="17"/>
          <zone high="55" id="2" low="40"/>
          <zone high="65" id="3" low="55"/>
          <zone high="75" id="4" low="65"/>
          <zone high="85" id="5" low="75"/>
          <zone high="110" id="6" low="85"/>
          <zone high="65535" id="7" low="110"/>
        </zonedef>
        <zonedef type="4">
          <zone high="55" id="1" low="23"/>
          <zone high="75" id="2" low="55"/>
          <zone high="90" id="3" low="75"/>
          <zone high="105" id="4" low="90"/>
          <zone high="120" id="5" low="105"/>
          <zone high="150" id="6" low="120"/>
          <zone high="65535" id="7" low="150"/>
        </zonedef>
      </user>
      <sys version="1.0.0.R041 BB2.8.0.14">Cardio60<apps><app version="148" name="bc"/></apps></sys>
      <sharetype>2</sharetype>
      <acttype subtype="0">1</acttype>
      <trvTime>34</trvTime>
      <trvDist>4921</trvDist>
      <stime>1438897042</stime>
      <etime>1438899085</etime>
    </extensions>
  </metadata>
  <rte>
    <number>4</number>
    <rtept lat="35.956572" lon="120.209765">
      <type>1</type>
    </rtept>
    <rtept lat="35.956572" lon="120.209765">
      <type>3</type>
    </rtept>
    <rtept lat="35.956612" lon="120.208764">
      <type>5</type>
    </rtept>
    <rtept lat="35.956748" lon="120.208338">
      <type>2</type>
    </rtept>
  </rte>
  <trk>
    <trkseg>
      <trkpt lat="35.956572" lon="120.209765">
        <ele>10.2</ele>
        <time>2015-08-06T21:37:30Z</time>
      </trkpt>
      <extensions>
        <breaktype>2</breaktype>
      </extensions>
    </trkseg>
    <trkseg>
      <trkpt lat="35.956612" lon="120.208764">
        <ele>12.1</ele>
        <time>2015-08-06T21:40:10Z</time>
      </trkpt>
      <trkpt lat="35.956615" lon="120.208719">
        <ele>12.2</ele>
        <time>2015-08-06T21:40:14Z</time>
      </trkpt>
      <trkpt lat="35.956613" lon="120.208677">
        <ele>12.3</ele>
        <time>2015-08-06T21:40:18Z</time>
      </trkpt>
      <trkpt lat="35.956613" lon="120.208615">
        <ele>12.3</ele>
        <time>2015-08-06T21:40:22Z</time>
      </trkpt>
      <trkpt lat="35.956623" lon="120.208513">
        <ele>12.4</ele>
        <time>2015-08-06T21:40:26Z</time>
      </trkpt>
      <trkpt lat="35.95662" lon="120.208433">
        <ele>12.4</ele>
        <time>2015-08-06T21:40:30Z</time>
      </trkpt>
      <trkpt lat="35.956603" lon="120.208333">
        <ele>12.4</ele>
        <time>2015-08-06T21:40:34Z</time>
      </trkpt>
      <trkpt lat="35.956592" lon="120.208227">
        <ele>12.4</ele>
        <time>2015-08-06T21:40:38Z</time>
      </trkpt>
      <trkpt lat="35.956568" lon="120.208132">
        <ele>12.4</ele>
        <time>2015-08-06T21:40:42Z</time>
      </trkpt>
      <trkpt lat="35.956546" lon="120.208025">
        <ele>12.3</ele>
        <time>2015-08-06T21:40:46Z</time>
      </trkpt>
      <trkpt lat="35.956525" lon="120.207913">
        <ele>12.3</ele>
        <time>2015-08-06T21:40:50Z</time>
      </trkpt>
      <trkpt lat="35.956507" lon="120.207798">
        <ele>12.2</ele>
        <time>2015-08-06T21:40:54Z</time>
      </trkpt>
      <trkpt lat="35.956481" lon="120.207685">
        <ele>12.1</ele>
        <time>2015-08-06T21:40:58Z</time>
      </trkpt>
      <trkpt lat="35.956449" lon="120.207576">
        <ele>12.0</ele>
        <time>2015-08-06T21:41:02Z</time>
      </trkpt>
      <trkpt lat="35.956417" lon="120.207503">
        <ele>11.9</ele>
        <time>2015-08-06T21:41:06Z</time>
      </trkpt>
      <trkpt lat="35.956349" lon="120.207504">
        <ele>11.7</ele>
        <time>2015-08-06T21:41:10Z</time>
      </trkpt>
      <trkpt lat="35.956261" lon="120.207523">
        <ele>11.5</ele>
        <time>2015-08-06T21:41:14Z</time>
      </trkpt>
      <trkpt lat="35.956171" lon="120.207542">
        <ele>11.2</ele>
        <time>2015-08-06T21:41:18Z</time>
      </trkpt>
      <trkpt lat="35.956087" lon="120.20755">
        <ele>10.9</ele>
        <time>2015-08-06T21:41:22Z</time>
      </trkpt>
      <trkpt lat="35.955985" lon="120.207572">
        <ele>10.5</ele>
        <time>2015-08-06T21:41:26Z</time>
      </trkpt>
      <trkpt lat="35.955873" lon="120.207603">
        <ele>10.1</ele>
        <time>2015-08-06T21:41:30Z</time>
      </trkpt>
      <trkpt lat="35.955768" lon="120.207633">
        <ele>9.7</ele>
        <time>2015-08-06T21:41:34Z</time>
      </trkpt>
      <trkpt lat="35.95566" lon="120.207665">
        <ele>9.2</ele>
        <time>2015-08-06T21:41:38Z</time>
      </trkpt>
      <trkpt lat="35.955558" lon="120.20771">
        <ele>8.7</ele>
        <time>2015-08-06T21:41:42Z</time>
      </trkpt>
      <trkpt lat="35.955456" lon="120.20775">
        <ele>8.2</ele>
        <time>2015-08-06T21:41:46Z</time>
      </trkpt>
      <trkpt lat="35.955355" lon="120.207779">
        <ele>7.7</ele>
        <time>2015-08-06T21:41:50Z</time>
      </trkpt>
      <trkpt lat="35.955257" lon="120.207833">
        <ele>7.2</ele>
        <time>2015-08-06T21:41:54Z</time>
      </trkpt>
      <trkpt lat="35.955153" lon="120.207895">
        <ele>6.7</ele>
        <time>2015-08-06T21:41:58Z</time>
      </trkpt>
      <trkpt lat="35.955046" lon="120.207945">
        <ele>6.2</ele>
        <time>2015-08-06T21:42:02Z</time>
      </trkpt>
      <trkpt lat="35.954933" lon="120.207991">
        <ele>5.7</ele>
        <time>2015-08-06T21:42:06Z</time>
      </trkpt>
      <trkpt lat="35.954823" lon="120.208022">
        <ele>5.2</ele>
        <time>2015-08-06T21:42:10Z</time>
      </trkpt>
      <trkpt lat="35.954718" lon="120.208051">
        <ele>4.7</ele>
        <time>2015-08-06T21:42:14Z</time>
      </trkpt>
      <trkpt lat="35.954613" lon="120.208072">
        <ele>4.3</ele>
        <time>2015-08-06T21:42:18Z</time>
      </trkpt>
      <trkpt lat="35.954512" lon="120.208088">
        <ele>3.9</ele>
        <time>2015-08-06T21:42:22Z</time>
      </trkpt>
      <trkpt lat="35.954412" lon="120.208116">
        <ele>3.5</ele>
        <time>2015-08-06T21:42:26Z</time>
      </trkpt>
      <trkpt lat="35.954311" lon="120.208146">
        <ele>3.2</ele>
        <time>2015-08-06T21:42:30Z</time>
      </trkpt>
      <trkpt lat="35.954209" lon="120.208172">
        <ele>2.8</ele>
        <time>2015-08-06T21:42:34Z</time>
      </trkpt>
      <trkpt lat="35.954099" lon="120.208197">
        <ele>2.6</ele>
        <time>2015-08-06T21:42:38Z</time>
      </trkpt>
      <trkpt lat="35.953987" lon="120.208215">
        <ele>2.4</ele>
        <time>2015-08-06T21:42:42Z</time>
      </trkpt>
      <trkpt lat="35.953882" lon="120.208231">
        <ele>2.2</ele>
        <time>2015-08-06T21:42:46Z</time>
      </trkpt>
      <trkpt lat="35.953779" lon="120.208257">
        <ele>2.0</ele>
        <time>2015-08-06T21:42:50Z</time>
      </trkpt>
      <trkpt lat="35.953669" lon="120.20829">
        <ele>1.9</ele>
        <time>2015-08-06T21:42:54Z</time>
      </trkpt>
      <trkpt lat="35.953563" lon="120.208326">
        <ele>1.8</ele>
        <time>2015-08-06T21:42:58Z</time>
      </trkpt>
      <trkpt lat="35.95346" lon="120.208345">
        <ele>1.7</ele>
        <time>2015-08-06T21:43:02Z</time>
      </trkpt>
      <trkpt lat="35.953354" lon="120.208359">
        <ele>1.6</ele>
        <time>2015-08-06T21:43:06Z</time>
      </trkpt>
      <trkpt lat="35.953248" lon="120.208368">
        <ele>1.5</ele>
        <time>2015-08-06T21:43:10Z</time>
      </trkpt>
      <trkpt lat="35.95315" lon="120.208385">
        <ele>1.4</ele>
        <time>2015-08-06T21:43:14Z</time>
      </trkpt>
      <trkpt lat="35.953053" lon="120.208408">
        <ele>1.3</ele>
        <time>2015-08-06T21:43:18Z</time>
      </trkpt>
      <trkpt lat="35.952958" lon="120.208432">
        <ele>1.2</ele>
        <time>2015-08-06T21:43:22Z</time>
      </trkpt>
      <trkpt lat="35.952855" lon="120.208461">
        <ele>1.1</ele>
        <time>2015-08-06T21:43:26Z</time>
      </trkpt>
      <trkpt lat="35.952747" lon="120.208496">
        <ele>1.1</ele>
        <time>2015-08-06T21:43:30Z</time>
      </trkpt>
      <trkpt lat="35.95264" lon="120.208519">
        <ele>1.0</ele>
        <time>2015-08-06T21:43:34Z</time>
      </trkpt>
      <trkpt lat="35.952537" lon="120.208528">
        <ele>0.9</ele>
        <time>2015-08-06T21:43:38Z</time>
      </trkpt>
      <trkpt lat="35.95243" lon="120.208547">
        <ele>0.9</ele>
        <time>2015-08-06T21:43:42Z</time>
      </trkpt>
      <trkpt lat="35.95232" lon="120.208567">
        <ele>0.8</ele>
        <time>2015-08-06T21:43:46Z</time>
      </trkpt>
      <trkpt lat="35.95222" lon="120.208581">
        <ele>0.8</ele>
        <time>2015-08-06T21:43:50Z</time>
      </trkpt>
      <trkpt lat="35.952125" lon="120.208603">
        <ele>0.7</ele>
        <time>2015-08-06T21:43:54Z</time>
      </trkpt>
      <trkpt lat="35.952033" lon="120.208618">
        <ele>0.6</ele>
        <time>2015-08-06T21:43:58Z</time>
      </trkpt>
      <trkpt lat="35.951974" lon="120.208665">
        <ele>0.5</ele>
        <time>2015-08-06T21:44:02Z</time>
      </trkpt>
      <trkpt lat="35.951932" lon="120.208763">
        <ele>0.4</ele>
        <time>2015-08-06T21:44:06Z</time>
      </trkpt>
      <trkpt lat="35.95188" lon="120.208851">
        <ele>0.4</ele>
        <time>2015-08-06T21:44:10Z</time>
      </trkpt>
      <trkpt lat="35.951836" lon="120.208938">
        <ele>0.3</ele>
        <time>2015-08-06T21:44:14Z</time>
      </trkpt>
      <trkpt lat="35.951829" lon="120.209044">
        <ele>0.3</ele>
        <time>2015-08-06T21:44:18Z</time>
      </trkpt>
      <trkpt lat="35.951828" lon="120.209172">
        <ele>0.3</ele>
        <time>2015-08-06T21:44:22Z</time>
      </trkpt>
      <trkpt lat="35.951842" lon="120.209293">
        <ele>0.3</ele>
        <time>2015-08-06T21:44:26Z</time>
      </trkpt>
      <trkpt lat="35.951867" lon="120.209403">
        <ele>0.3</ele>
        <time>2015-08-06T21:44:30Z</time>
      </trkpt>
      <trkpt lat="35.951891" lon="120.209514">
        <ele>0.3</ele>
        <time>2015-08-06T21:44:34Z</time>
      </trkpt>
      <trkpt lat="35.951918" lon="120.209624">
        <ele>0.3</ele>
        <time>2015-08-06T21:44:38Z</time>
      </trkpt>
      <trkpt lat="35.951937" lon="120.209736">
        <ele>0.4</ele>
        <time>2015-08-06T21:44:42Z</time>
      </trkpt>
      <trkpt lat="35.951961" lon="120.209852">
        <ele>0.4</ele>
        <time>2015-08-06T21:44:46Z</time>
      </trkpt>
      <trkpt lat="35.951996" lon="120.209966">
        <ele>0.5</ele>
        <time>2015-08-06T21:44:50Z</time>
      </trkpt>
      <trkpt lat="35.952029" lon="120.210077">
        <ele>0.5</ele>
        <time>2015-08-06T21:44:54Z</time>
      </trkpt>
      <trkpt lat="35.952061" lon="120.210186">
        <ele>0.6</ele>
        <time>2015-08-06T21:44:58Z</time>
      </trkpt>
      <trkpt lat="35.952088" lon="120.210302">
        <ele>0.6</ele>
        <time>2015-08-06T21:45:02Z</time>
      </trkpt>
      <trkpt lat="35.952089" lon="120.210393">
        <ele>0.6</ele>
        <time>2015-08-06T21:45:06Z</time>
      </trkpt>
      <trkpt lat="35.952022" lon="120.210439">
        <ele>0.7</ele>
        <time>2015-08-06T21:45:10Z</time>
      </trkpt>
      <trkpt lat="35.951948" lon="120.210446">
        <ele>0.7</ele>
        <time>2015-08-06T21:45:14Z</time>
      </trkpt>
      <trkpt lat="35.951907" lon="120.210441">
        <ele>0.8</ele>
        <time>2015-08-06T21:45:18Z</time>
      </trkpt>
      <trkpt lat="35.951843" lon="120.210473">
        <ele>0.8</ele>
        <time>2015-08-06T21:45:22Z</time>
      </trkpt>
      <trkpt lat="35.951813" lon="120.210569">
        <ele>0.9</ele>
        <time>2015-08-06T21:45:26Z</time>
      </trkpt>
      <trkpt lat="35.951813" lon="120.210657">
        <ele>0.9</ele>
        <time>2015-08-06T21:45:30Z</time>
      </trkpt>
      <trkpt lat="35.9518" lon="120.210704">
        <ele>0.9</ele>
        <time>2015-08-06T21:45:34Z</time>
      </trkpt>
      <trkpt lat="35.951822" lon="120.210799">
        <ele>0.9</ele>
        <time>2015-08-06T21:45:38Z</time>
      </trkpt>
      <trkpt lat="35.95188" lon="120.210892">
        <ele>1.0</ele>
        <time>2015-08-06T21:45:42Z</time>
      </trkpt>
      <trkpt lat="35.95192" lon="120.211003">
        <ele>1.0</ele>
        <time>2015-08-06T21:45:46Z</time>
      </trkpt>
      <trkpt lat="35.951954" lon="120.211125">
        <ele>1.0</ele>
        <time>2015-08-06T21:45:50Z</time>
      </trkpt>
      <trkpt lat="35.951989" lon="120.211253">
        <ele>1.0</ele>
        <time>2015-08-06T21:45:54Z</time>
      </trkpt>
      <trkpt lat="35.952027" lon="120.211383">
        <ele>1.1</ele>
        <time>2015-08-06T21:45:58Z</time>
      </trkpt>
      <trkpt lat="35.952044" lon="120.211511">
        <ele>1.1</ele>
        <time>2015-08-06T21:46:02Z</time>
      </trkpt>
      <trkpt lat="35.952055" lon="120.211639">
        <ele>1.2</ele>
        <time>2015-08-06T21:46:06Z</time>
      </trkpt>
      <trkpt lat="35.952081" lon="120.211757">
        <ele>1.3</ele>
        <time>2015-08-06T21:46:10Z</time>
      </trkpt>
      <trkpt lat="35.952103" lon="120.211888">
        <ele>1.3</ele>
        <time>2015-08-06T21:46:14Z</time>
      </trkpt>
      <trkpt lat="35.952137" lon="120.21202">
        <ele>1.4</ele>
        <time>2015-08-06T21:46:18Z</time>
      </trkpt>
      <trkpt lat="35.95217" lon="120.212143">
        <ele>1.4</ele>
        <time>2015-08-06T21:46:22Z</time>
      </trkpt>
      <trkpt lat="35.952196" lon="120.212267">
        <ele>1.5</ele>
        <time>2015-08-06T21:46:26Z</time>
      </trkpt>
      <trkpt lat="35.952212" lon="120.212398">
        <ele>1.5</ele>
        <time>2015-08-06T21:46:30Z</time>
      </trkpt>
      <trkpt lat="35.952234" lon="120.212523">
        <ele>1.5</ele>
        <time>2015-08-06T21:46:34Z</time>
      </trkpt>
      <trkpt lat="35.952272" lon="120.212635">
        <ele>1.6</ele>
        <time>2015-08-06T21:46:38Z</time>
      </trkpt>
      <trkpt lat="35.952309" lon="120.212743">
        <ele>1.6</ele>
        <time>2015-08-06T21:46:42Z</time>
      </trkpt>
      <trkpt lat="35.95232" lon="120.212854">
        <ele>1.6</ele>
        <time>2015-08-06T21:46:46Z</time>
      </trkpt>
      <trkpt lat="35.952338" lon="120.212977">
        <ele>1.6</ele>
        <time>2015-08-06T21:46:50Z</time>
      </trkpt>
      <trkpt lat="35.952369" lon="120.213099">
        <ele>1.6</ele>
        <time>2015-08-06T21:46:54Z</time>
      </trkpt>
      <trkpt lat="35.952401" lon="120.213226">
        <ele>1.6</ele>
        <time>2015-08-06T21:46:58Z</time>
      </trkpt>
      <trkpt lat="35.952418" lon="120.21336">
        <ele>1.6</ele>
        <time>2015-08-06T21:47:02Z</time>
      </trkpt>
      <trkpt lat="35.952435" lon="120.213481">
        <ele>1.6</ele>
        <time>2015-08-06T21:47:06Z</time>
      </trkpt>
      <trkpt lat="35.952466" lon="120.213596">
        <ele>1.6</ele>
        <time>2015-08-06T21:47:10Z</time>
      </trkpt>
      <trkpt lat="35.9525" lon="120.213711">
        <ele>1.6</ele>
        <time>2015-08-06T21:47:14Z</time>
      </trkpt>
      <trkpt lat="35.952545" lon="120.213829">
        <ele>1.7</ele>
        <time>2015-08-06T21:47:18Z</time>
      </trkpt>
      <trkpt lat="35.952572" lon="120.21395">
        <ele>1.7</ele>
        <time>2015-08-06T21:47:22Z</time>
      </trkpt>
      <trkpt lat="35.952594" lon="120.214069">
        <ele>1.7</ele>
        <time>2015-08-06T21:47:26Z</time>
      </trkpt>
      <trkpt lat="35.952621" lon="120.214188">
        <ele>1.8</ele>
        <time>2015-08-06T21:47:30Z</time>
      </trkpt>
      <trkpt lat="35.95265" lon="120.214314">
        <ele>1.8</ele>
        <time>2015-08-06T21:47:34Z</time>
      </trkpt>
      <trkpt lat="35.952679" lon="120.214433">
        <ele>1.9</ele>
        <time>2015-08-06T21:47:38Z</time>
      </trkpt>
      <trkpt lat="35.952702" lon="120.21455">
        <ele>1.9</ele>
        <time>2015-08-06T21:47:42Z</time>
      </trkpt>
      <trkpt lat="35.95272" lon="120.214666">
        <ele>2.0</ele>
        <time>2015-08-06T21:47:46Z</time>
      </trkpt>
      <trkpt lat="35.952753" lon="120.214785">
        <ele>2.2</ele>
        <time>2015-08-06T21:47:50Z</time>
      </trkpt>
      <trkpt lat="35.952785" lon="120.214902">
        <ele>2.3</ele>
        <time>2015-08-06T21:47:54Z</time>
      </trkpt>
      <trkpt lat="35.952806" lon="120.215023">
        <ele>2.5</ele>
        <time>2015-08-06T21:47:58Z</time>
      </trkpt>
      <trkpt lat="35.95282" lon="120.215137">
        <ele>2.6</ele>
        <time>2015-08-06T21:48:02Z</time>
      </trkpt>
      <trkpt lat="35.952846" lon="120.21525">
        <ele>2.8</ele>
        <time>2015-08-06T21:48:06Z</time>
      </trkpt>
      <trkpt lat="35.952873" lon="120.215363">
        <ele>3.0</ele>
        <time>2015-08-06T21:48:10Z</time>
      </trkpt>
      <trkpt lat="35.952895" lon="120.215475">
        <ele>3.3</ele>
        <time>2015-08-06T21:48:14Z</time>
      </trkpt>
      <trkpt lat="35.952922" lon="120.215586">
        <ele>3.6</ele>
        <time>2015-08-06T21:48:18Z</time>
      </trkpt>
      <trkpt lat="35.952949" lon="120.215696">
        <ele>3.8</ele>
        <time>2015-08-06T21:48:22Z</time>
      </trkpt>
      <trkpt lat="35.952971" lon="120.215812">
        <ele>4.2</ele>
        <time>2015-08-06T21:48:26Z</time>
      </trkpt>
      <trkpt lat="35.953001" lon="120.215933">
        <ele>4.5</ele>
        <time>2015-08-06T21:48:30Z</time>
      </trkpt>
      <trkpt lat="35.953046" lon="120.216053">
        <ele>4.8</ele>
        <time>2015-08-06T21:48:34Z</time>
      </trkpt>
      <trkpt lat="35.953075" lon="120.216168">
        <ele>5.2</ele>
        <time>2015-08-06T21:48:38Z</time>
      </trkpt>
      <trkpt lat="35.953089" lon="120.216291">
        <ele>5.6</ele>
        <time>2015-08-06T21:48:42Z</time>
      </trkpt>
      <trkpt lat="35.953107" lon="120.216411">
        <ele>5.9</ele>
        <time>2015-08-06T21:48:46Z</time>
      </trkpt>
      <trkpt lat="35.953143" lon="120.216528">
        <ele>6.3</ele>
        <time>2015-08-06T21:48:50Z</time>
      </trkpt>
      <trkpt lat="35.953175" lon="120.216642">
        <ele>6.7</ele>
        <time>2015-08-06T21:48:54Z</time>
      </trkpt>
      <trkpt lat="35.953203" lon="120.216757">
        <ele>7.2</ele>
        <time>2015-08-06T21:48:58Z</time>
      </trkpt>
      <trkpt lat="35.953232" lon="120.216874">
        <ele>7.6</ele>
        <time>2015-08-06T21:49:02Z</time>
      </trkpt>
      <trkpt lat="35.953259" lon="120.216989">
        <ele>8.1</ele>
        <time>2015-08-06T21:49:06Z</time>
      </trkpt>
      <trkpt lat="35.953282" lon="120.217102">
        <ele>8.5</ele>
        <time>2015-08-06T21:49:10Z</time>
      </trkpt>
      <trkpt lat="35.953313" lon="120.217214">
        <ele>9.0</ele>
        <time>2015-08-06T21:49:14Z</time>
      </trkpt>
      <trkpt lat="35.953341" lon="120.217325">
        <ele>9.5</ele>
        <time>2015-08-06T21:49:18Z</time>
      </trkpt>
      <trkpt lat="35.953377" lon="120.217435">
        <ele>10.0</ele>
        <time>2015-08-06T21:49:22Z</time>
      </trkpt>
      <trkpt lat="35.953414" lon="120.217548">
        <ele>10.5</ele>
        <time>2015-08-06T21:49:26Z</time>
      </trkpt>
      <trkpt lat="35.953437" lon="120.217661">
        <ele>11.0</ele>
        <time>2015-08-06T21:49:30Z</time>
      </trkpt>
      <trkpt lat="35.953468" lon="120.21778">
        <ele>11.5</ele>
        <time>2015-08-06T21:49:34Z</time>
      </trkpt>
      <trkpt lat="35.953499" lon="120.217904">
        <ele>12.0</ele>
        <time>2015-08-06T21:49:38Z</time>
      </trkpt>
      <trkpt lat="35.953535" lon="120.218028">
        <ele>12.5</ele>
        <time>2015-08-06T21:49:42Z</time>
      </trkpt>
      <trkpt lat="35.953577" lon="120.218148">
        <ele>12.9</ele>
        <time>2015-08-06T21:49:46Z</time>
      </trkpt>
      <trkpt lat="35.953623" lon="120.218255">
        <ele>13.4</ele>
        <time>2015-08-06T21:49:50Z</time>
      </trkpt>
      <trkpt lat="35.953669" lon="120.218361">
        <ele>13.8</ele>
        <time>2015-08-06T21:49:54Z</time>
      </trkpt>
      <trkpt lat="35.953701" lon="120.218476">
        <ele>14.3</ele>
        <time>2015-08-06T21:49:58Z</time>
      </trkpt>
      <trkpt lat="35.953736" lon="120.218587">
        <ele>14.7</ele>
        <time>2015-08-06T21:50:02Z</time>
      </trkpt>
      <trkpt lat="35.953778" lon="120.218695">
        <ele>15.0</ele>
        <time>2015-08-06T21:50:06Z</time>
      </trkpt>
      <trkpt lat="35.953818" lon="120.218809">
        <ele>15.4</ele>
        <time>2015-08-06T21:50:10Z</time>
      </trkpt>
      <trkpt lat="35.953855" lon="120.218927">
        <ele>15.7</ele>
        <time>2015-08-06T21:50:14Z</time>
      </trkpt>
      <trkpt lat="35.953893" lon="120.219053">
        <ele>16.0</ele>
        <time>2015-08-06T21:50:18Z</time>
      </trkpt>
      <trkpt lat="35.953929" lon="120.219174">
        <ele>16.3</ele>
        <time>2015-08-06T21:50:22Z</time>
      </trkpt>
      <trkpt lat="35.953974" lon="120.219283">
        <ele>16.5</ele>
        <time>2015-08-06T21:50:26Z</time>
      </trkpt>
      <trkpt lat="35.954021" lon="120.219383">
        <ele>16.7</ele>
        <time>2015-08-06T21:50:30Z</time>
      </trkpt>
      <trkpt lat="35.954061" lon="120.219487">
        <ele>16.9</ele>
        <time>2015-08-06T21:50:34Z</time>
      </trkpt>
      <trkpt lat="35.954095" lon="120.219597">
        <ele>17.1</ele>
        <time>2015-08-06T21:50:38Z</time>
      </trkpt>
      <trkpt lat="35.954137" lon="120.219708">
        <ele>17.3</ele>
        <time>2015-08-06T21:50:42Z</time>
      </trkpt>
      <trkpt lat="35.954188" lon="120.219821">
        <ele>17.5</ele>
        <time>2015-08-06T21:50:46Z</time>
      </trkpt>
      <trkpt lat="35.95423" lon="120.219932">
        <ele>17.6</ele>
        <time>2015-08-06T21:50:50Z</time>
      </trkpt>
      <trkpt lat="35.954271" lon="120.220035">
        <ele>17.7</ele>
        <time>2015-08-06T21:50:54Z</time>
      </trkpt>
      <trkpt lat="35.95431" lon="120.220141">
        <ele>17.8</ele>
        <time>2015-08-06T21:50:58Z</time>
      </trkpt>
      <trkpt lat="35.954349" lon="120.220248">
        <ele>17.8</ele>
        <time>2015-08-06T21:51:02Z</time>
      </trkpt>
      <trkpt lat="35.954387" lon="120.220352">
        <ele>17.9</ele>
        <time>2015-08-06T21:51:06Z</time>
      </trkpt>
      <trkpt lat="35.954432" lon="120.220455">
        <ele>17.9</ele>
        <time>2015-08-06T21:51:10Z</time>
      </trkpt>
      <trkpt lat="35.95448" lon="120.220561">
        <ele>17.9</ele>
        <time>2015-08-06T21:51:14Z</time>
      </trkpt>
      <trkpt lat="35.954534" lon="120.220668">
        <ele>17.8</ele>
        <time>2015-08-06T21:51:18Z</time>
      </trkpt>
      <trkpt lat="35.954579" lon="120.220773">
        <ele>17.8</ele>
        <time>2015-08-06T21:51:22Z</time>
      </trkpt>
      <trkpt lat="35.954632" lon="120.22088">
        <ele>17.7</ele>
        <time>2015-08-06T21:51:26Z</time>
      </trkpt>
      <trkpt lat="35.954683" lon="120.220981">
        <ele>17.6</ele>
        <time>2015-08-06T21:51:30Z</time>
      </trkpt>
      <trkpt lat="35.954724" lon="120.221081">
        <ele>17.5</ele>
        <time>2015-08-06T21:51:34Z</time>
      </trkpt>
      <trkpt lat="35.954766" lon="120.221183">
        <ele>17.4</ele>
        <time>2015-08-06T21:51:38Z</time>
      </trkpt>
      <trkpt lat="35.954806" lon="120.221286">
        <ele>17.3</ele>
        <time>2015-08-06T21:51:42Z</time>
      </trkpt>
      <trkpt lat="35.95485" lon="120.221387">
        <ele>17.2</ele>
        <time>2015-08-06T21:51:46Z</time>
      </trkpt>
      <trkpt lat="35.954903" lon="120.221491">
        <ele>17.1</ele>
        <time>2015-08-06T21:51:50Z</time>
      </trkpt>
      <trkpt lat="35.954954" lon="120.2216">
        <ele>17.0</ele>
        <time>2015-08-06T21:51:54Z</time>
      </trkpt>
      <trkpt lat="35.955006" lon="120.221704">
        <ele>16.9</ele>
        <time>2015-08-06T21:51:58Z</time>
      </trkpt>
      <trkpt lat="35.95505" lon="120.221804">
        <ele>16.8</ele>
        <time>2015-08-06T21:52:02Z</time>
      </trkpt>
      <trkpt lat="35.955097" lon="120.221909">
        <ele>16.7</ele>
        <time>2015-08-06T21:52:06Z</time>
      </trkpt>
      <trkpt lat="35.955149" lon="120.222013">
        <ele>16.6</ele>
        <time>2015-08-06T21:52:10Z</time>
      </trkpt>
      <trkpt lat="35.955206" lon="120.222109">
        <ele>16.5</ele>
        <time>2015-08-06T21:52:14Z</time>
      </trkpt>
      <trkpt lat="35.955259" lon="120.222209">
        <ele>16.4</ele>
        <time>2015-08-06T21:52:18Z</time>
      </trkpt>
      <trkpt lat="35.955307" lon="120.222306">
        <ele>16.4</ele>
        <time>2015-08-06T21:52:22Z</time>
      </trkpt>
      <trkpt lat="35.95535" lon="120.222408">
        <ele>16.3</ele>
        <time>2015-08-06T21:52:26Z</time>
      </trkpt>
      <trkpt lat="35.955401" lon="120.222503">
        <ele>16.3</ele>
        <time>2015-08-06T21:52:30Z</time>
      </trkpt>
      <trkpt lat="35.955456" lon="120.222599">
        <ele>16.3</ele>
        <time>2015-08-06T21:52:34Z</time>
      </trkpt>
      <trkpt lat="35.955519" lon="120.222698">
        <ele>16.4</ele>
        <time>2015-08-06T21:52:38Z</time>
      </trkpt>
      <trkpt lat="35.955574" lon="120.222796">
        <ele>16.4</ele>
        <time>2015-08-06T21:52:42Z</time>
      </trkpt>
      <trkpt lat="35.955622" lon="120.222897">
        <ele>16.5</ele>
        <time>2015-08-06T21:52:46Z</time>
      </trkpt>
      <trkpt lat="35.955673" lon="120.222996">
        <ele>16.6</ele>
        <time>2015-08-06T21:52:50Z</time>
      </trkpt>
      <trkpt lat="35.955717" lon="120.223077">
        <ele>16.7</ele>
        <time>2015-08-06T21:52:54Z</time>
      </trkpt>
      <trkpt lat="35.955758" lon="120.22316">
        <ele>16.9</ele>
        <time>2015-08-06T21:52:58Z</time>
      </trkpt>
      <trkpt lat="35.955826" lon="120.223248">
        <ele>17.0</ele>
        <time>2015-08-06T21:53:02Z</time>
      </trkpt>
      <trkpt lat="35.955891" lon="120.223339">
        <ele>17.2</ele>
        <time>2015-08-06T21:53:06Z</time>
      </trkpt>
      <trkpt lat="35.955946" lon="120.22343">
        <ele>17.4</ele>
        <time>2015-08-06T21:53:10Z</time>
      </trkpt>
      <trkpt lat="35.956007" lon="120.223522">
        <ele>17.6</ele>
        <time>2015-08-06T21:53:14Z</time>
      </trkpt>
      <trkpt lat="35.956069" lon="120.223611">
        <ele>17.9</ele>
        <time>2015-08-06T21:53:18Z</time>
      </trkpt>
      <trkpt lat="35.956125" lon="120.223703">
        <ele>18.1</ele>
        <time>2015-08-06T21:53:22Z</time>
      </trkpt>
      <trkpt lat="35.956179" lon="120.223794">
        <ele>18.3</ele>
        <time>2015-08-06T21:53:26Z</time>
      </trkpt>
      <trkpt lat="35.956227" lon="120.223887">
        <ele>18.5</ele>
        <time>2015-08-06T21:53:30Z</time>
      </trkpt>
      <trkpt lat="35.956282" lon="120.223983">
        <ele>18.7</ele>
        <time>2015-08-06T21:53:34Z</time>
      </trkpt>
      <trkpt lat="35.956343" lon="120.224069">
        <ele>18.9</ele>
        <time>2015-08-06T21:53:38Z</time>
      </trkpt>
      <trkpt lat="35.956397" lon="120.224152">
        <ele>19.1</ele>
        <time>2015-08-06T21:53:42Z</time>
      </trkpt>
      <trkpt lat="35.956455" lon="120.224244">
        <ele>19.3</ele>
        <time>2015-08-06T21:53:46Z</time>
      </trkpt>
      <trkpt lat="35.956518" lon="120.224339">
        <ele>19.5</ele>
        <time>2015-08-06T21:53:50Z</time>
      </trkpt>
      <trkpt lat="35.956587" lon="120.224436">
        <ele>19.7</ele>
        <time>2015-08-06T21:53:54Z</time>
      </trkpt>
      <trkpt lat="35.95665" lon="120.224535">
        <ele>19.9</ele>
        <time>2015-08-06T21:53:58Z</time>
      </trkpt>
      <trkpt lat="35.956714" lon="120.224634">
        <ele>20.1</ele>
        <time>2015-08-06T21:54:02Z</time>
      </trkpt>
      <trkpt lat="35.956782" lon="120.22473">
        <ele>20.3</ele>
        <time>2015-08-06T21:54:06Z</time>
      </trkpt>
      <trkpt lat="35.956842" lon="120.224829">
        <ele>20.5</ele>
        <time>2015-08-06T21:54:10Z</time>
      </trkpt>
      <trkpt lat="35.956883" lon="120.224924">
        <ele>20.7</ele>
        <time>2015-08-06T21:54:14Z</time>
      </trkpt>
      <trkpt lat="35.956943" lon="120.225026">
        <ele>20.8</ele>
        <time>2015-08-06T21:54:18Z</time>
      </trkpt>
      <trkpt lat="35.957017" lon="120.22514">
        <ele>21.0</ele>
        <time>2015-08-06T21:54:22Z</time>
      </trkpt>
      <trkpt lat="35.95709" lon="120.225248">
        <ele>21.1</ele>
        <time>2015-08-06T21:54:26Z</time>
      </trkpt>
      <trkpt lat="35.957164" lon="120.225351">
        <ele>21.3</ele>
        <time>2015-08-06T21:54:30Z</time>
      </trkpt>
      <trkpt lat="35.957252" lon="120.225453">
        <ele>21.4</ele>
        <time>2015-08-06T21:54:34Z</time>
      </trkpt>
      <trkpt lat="35.957317" lon="120.225553">
        <ele>21.5</ele>
        <time>2015-08-06T21:54:38Z</time>
      </trkpt>
      <trkpt lat="35.957383" lon="120.225653">
        <ele>21.5</ele>
        <time>2015-08-06T21:54:42Z</time>
      </trkpt>
      <trkpt lat="35.957443" lon="120.225756">
        <ele>21.6</ele>
        <time>2015-08-06T21:54:46Z</time>
      </trkpt>
      <trkpt lat="35.957487" lon="120.225853">
        <ele>21.7</ele>
        <time>2015-08-06T21:54:50Z</time>
      </trkpt>
      <trkpt lat="35.957544" lon="120.225948">
        <ele>21.7</ele>
        <time>2015-08-06T21:54:54Z</time>
      </trkpt>
      <trkpt lat="35.957606" lon="120.226044">
        <ele>21.8</ele>
        <time>2015-08-06T21:54:58Z</time>
      </trkpt>
      <trkpt lat="35.957669" lon="120.226139">
        <ele>21.8</ele>
        <time>2015-08-06T21:55:02Z</time>
      </trkpt>
      <trkpt lat="35.957727" lon="120.226235">
        <ele>21.9</ele>
        <time>2015-08-06T21:55:06Z</time>
      </trkpt>
      <trkpt lat="35.957788" lon="120.226328">
        <ele>21.9</ele>
        <time>2015-08-06T21:55:10Z</time>
      </trkpt>
      <trkpt lat="35.957834" lon="120.226422">
        <ele>22.0</ele>
        <time>2015-08-06T21:55:14Z</time>
      </trkpt>
      <trkpt lat="35.957866" lon="120.226517">
        <ele>22.0</ele>
        <time>2015-08-06T21:55:18Z</time>
      </trkpt>
      <trkpt lat="35.957924" lon="120.226619">
        <ele>22.0</ele>
        <time>2015-08-06T21:55:22Z</time>
      </trkpt>
      <trkpt lat="35.957999" lon="120.226717">
        <ele>22.0</ele>
        <time>2015-08-06T21:55:26Z</time>
      </trkpt>
      <trkpt lat="35.958063" lon="120.226806">
        <ele>22.1</ele>
        <time>2015-08-06T21:55:30Z</time>
      </trkpt>
      <trkpt lat="35.958116" lon="120.226884">
        <ele>22.1</ele>
        <time>2015-08-06T21:55:34Z</time>
      </trkpt>
      <trkpt lat="35.958156" lon="120.226933">
        <ele>22.0</ele>
        <time>2015-08-06T21:55:38Z</time>
      </trkpt>
      <trkpt lat="35.958183" lon="120.226974">
        <ele>22.0</ele>
        <time>2015-08-06T21:55:42Z</time>
      </trkpt>
      <trkpt lat="35.958198" lon="120.226991">
        <ele>22.0</ele>
        <time>2015-08-06T21:55:46Z</time>
      </trkpt>
      <trkpt lat="35.958234" lon="120.226962">
        <ele>22.0</ele>
        <time>2015-08-06T21:55:50Z</time>
      </trkpt>
      <trkpt lat="35.958293" lon="120.226908">
        <ele>22.0</ele>
        <time>2015-08-06T21:55:54Z</time>
      </trkpt>
      <trkpt lat="35.95834" lon="120.226829">
        <ele>22.0</ele>
        <time>2015-08-06T21:55:58Z</time>
      </trkpt>
      <trkpt lat="35.958343" lon="120.226733">
        <ele>22.0</ele>
        <time>2015-08-06T21:56:02Z</time>
      </trkpt>
      <trkpt lat="35.958304" lon="120.226645">
        <ele>22.0</ele>
        <time>2015-08-06T21:56:06Z</time>
      </trkpt>
      <trkpt lat="35.958251" lon="120.226561">
        <ele>22.0</ele>
        <time>2015-08-06T21:56:10Z</time>
      </trkpt>
      <trkpt lat="35.958191" lon="120.226474">
        <ele>22.0</ele>
        <time>2015-08-06T21:56:14Z</time>
      </trkpt>
      <trkpt lat="35.958136" lon="120.226384">
        <ele>22.0</ele>
        <time>2015-08-06T21:56:18Z</time>
      </trkpt>
      <trkpt lat="35.958073" lon="120.226291">
        <ele>21.9</ele>
        <time>2015-08-06T21:56:22Z</time>
      </trkpt>
      <trkpt lat="35.958004" lon="120.226197">
        <ele>21.9</ele>
        <time>2015-08-06T21:56:26Z</time>
      </trkpt>
      <trkpt lat="35.957935" lon="120.226103">
        <ele>21.9</ele>
        <time>2015-08-06T21:56:30Z</time>
      </trkpt>
      <trkpt lat="35.957867" lon="120.22601">
        <ele>21.8</ele>
        <time>2015-08-06T21:56:34Z</time>
      </trkpt>
      <trkpt lat="35.957801" lon="120.225918">
        <ele>21.8</ele>
        <time>2015-08-06T21:56:38Z</time>
      </trkpt>
      <trkpt lat="35.957741" lon="120.225818">
        <ele>21.7</ele>
        <time>2015-08-06T21:56:42Z</time>
      </trkpt>
      <trkpt lat="35.95768" lon="120.225725">
        <ele>21.7</ele>
        <time>2015-08-06T21:56:46Z</time>
      </trkpt>
      <trkpt lat="35.957625" lon="120.225631">
        <ele>21.6</ele>
        <time>2015-08-06T21:56:50Z</time>
      </trkpt>
      <trkpt lat="35.957577" lon="120.225531">
        <ele>21.6</ele>
        <time>2015-08-06T21:56:54Z</time>
      </trkpt>
      <trkpt lat="35.957527" lon="120.225429">
        <ele>21.5</ele>
        <time>2015-08-06T21:56:58Z</time>
      </trkpt>
      <trkpt lat="35.957464" lon="120.225327">
        <ele>21.4</ele>
        <time>2015-08-06T21:57:02Z</time>
      </trkpt>
      <trkpt lat="35.957397" lon="120.225229">
        <ele>21.4</ele>
        <time>2015-08-06T21:57:06Z</time>
      </trkpt>
      <trkpt lat="35.957323" lon="120.225134">
        <ele>21.3</ele>
        <time>2015-08-06T21:57:10Z</time>
      </trkpt>
      <trkpt lat="35.957267" lon="120.225045">
        <ele>21.2</ele>
        <time>2015-08-06T21:57:14Z</time>
      </trkpt>
      <trkpt lat="35.957208" lon="120.224955">
        <ele>21.0</ele>
        <time>2015-08-06T21:57:18Z</time>
      </trkpt>
      <trkpt lat="35.957149" lon="120.224862">
        <ele>20.9</ele>
        <time>2015-08-06T21:57:22Z</time>
      </trkpt>
      <trkpt lat="35.957096" lon="120.224773">
        <ele>20.7</ele>
        <time>2015-08-06T21:57:26Z</time>
      </trkpt>
      <trkpt lat="35.95704" lon="120.224681">
        <ele>20.6</ele>
        <time>2015-08-06T21:57:30Z</time>
      </trkpt>
      <trkpt lat="35.956992" lon="120.224591">
        <ele>20.4</ele>
        <time>2015-08-06T21:57:34Z</time>
      </trkpt>
      <trkpt lat="35.956943" lon="120.224499">
        <ele>20.2</ele>
        <time>2015-08-06T21:57:38Z</time>
      </trkpt>
      <trkpt lat="35.95689" lon="120.224407">
        <ele>20.0</ele>
        <time>2015-08-06T21:57:42Z</time>
      </trkpt>
      <trkpt lat="35.956831" lon="120.22431">
        <ele>19.8</ele>
        <time>2015-08-06T21:57:46Z</time>
      </trkpt>
      <trkpt lat="35.956765" lon="120.224209">
        <ele>19.7</ele>
        <time>2015-08-06T21:57:50Z</time>
      </trkpt>
      <trkpt lat="35.956705" lon="120.224114">
        <ele>19.5</ele>
        <time>2015-08-06T21:57:54Z</time>
      </trkpt>
      <trkpt lat="35.956646" lon="120.224024">
        <ele>19.3</ele>
        <time>2015-08-06T21:57:58Z</time>
      </trkpt>
      <trkpt lat="35.956575" lon="120.223925">
        <ele>19.1</ele>
        <time>2015-08-06T21:58:02Z</time>
      </trkpt>
      <trkpt lat="35.956509" lon="120.223824">
        <ele>18.8</ele>
        <time>2015-08-06T21:58:06Z</time>
      </trkpt>
      <trkpt lat="35.956451" lon="120.22373">
        <ele>18.6</ele>
        <time>2015-08-06T21:58:10Z</time>
      </trkpt>
      <trkpt lat="35.956395" lon="120.223634">
        <ele>18.4</ele>
        <time>2015-08-06T21:58:14Z</time>
      </trkpt>
      <trkpt lat="35.956335" lon="120.223536">
        <ele>18.2</ele>
        <time>2015-08-06T21:58:18Z</time>
      </trkpt>
      <trkpt lat="35.956279" lon="120.223437">
        <ele>18.0</ele>
        <time>2015-08-06T21:58:22Z</time>
      </trkpt>
      <trkpt lat="35.95622" lon="120.223342">
        <ele>17.7</ele>
        <time>2015-08-06T21:58:26Z</time>
      </trkpt>
      <trkpt lat="35.95616" lon="120.223244">
        <ele>17.5</ele>
        <time>2015-08-06T21:58:30Z</time>
      </trkpt>
      <trkpt lat="35.956107" lon="120.223148">
        <ele>17.3</ele>
        <time>2015-08-06T21:58:34Z</time>
      </trkpt>
      <trkpt lat="35.95605" lon="120.223054">
        <ele>17.1</ele>
        <time>2015-08-06T21:58:38Z</time>
      </trkpt>
      <trkpt lat="35.955982" lon="120.222964">
        <ele>16.9</ele>
        <time>2015-08-06T21:58:42Z</time>
      </trkpt>
      <trkpt lat="35.955927" lon="120.222868">
        <ele>16.7</ele>
        <time>2015-08-06T21:58:46Z</time>
      </trkpt>
      <trkpt lat="35.955861" lon="120.222785">
        <ele>16.5</ele>
        <time>2015-08-06T21:58:50Z</time>
      </trkpt>
      <trkpt lat="35.955789" lon="120.222702">
        <ele>16.4</ele>
        <time>2015-08-06T21:58:54Z</time>
      </trkpt>
      <trkpt lat="35.955731" lon="120.222607">
        <ele>16.2</ele>
        <time>2015-08-06T21:58:58Z</time>
      </trkpt>
      <trkpt lat="35.955697" lon="120.222493">
        <ele>16.2</ele>
        <time>2015-08-06T21:59:02Z</time>
      </trkpt>
      <trkpt lat="35.955642" lon="120.22239">
        <ele>16.1</ele>
        <time>2015-08-06T21:59:06Z</time>
      </trkpt>
      <trkpt lat="35.955591" lon="120.222287">
        <ele>16.0</ele>
        <time>2015-08-06T21:59:10Z</time>
      </trkpt>
      <trkpt lat="35.955538" lon="120.222192">
        <ele>16.0</ele>
        <time>2015-08-06T21:59:14Z</time>
      </trkpt>
      <trkpt lat="35.955496" lon="120.222091">
        <ele>16.0</ele>
        <time>2015-08-06T21:59:18Z</time>
      </trkpt>
      <trkpt lat="35.955455" lon="120.221987">
        <ele>16.0</ele>
        <time>2015-08-06T21:59:22Z</time>
      </trkpt>
      <trkpt lat="35.9554" lon="120.221886">
        <ele>16.0</ele>
        <time>2015-08-06T21:59:26Z</time>
      </trkpt>
      <trkpt lat="35.955351" lon="120.221792">
        <ele>16.1</ele>
        <time>2015-08-06T21:59:30Z</time>
      </trkpt>
      <trkpt lat="35.955303" lon="120.221698">
        <ele>16.1</ele>
        <time>2015-08-06T21:59:34Z</time>
      </trkpt>
      <trkpt lat="35.95525" lon="120.221599">
        <ele>16.2</ele>
        <time>2015-08-06T21:59:38Z</time>
      </trkpt>
      <trkpt lat="35.955199" lon="120.221493">
        <ele>16.3</ele>
        <time>2015-08-06T21:59:42Z</time>
      </trkpt>
      <trkpt lat="35.955148" lon="120.221396">
        <ele>16.3</ele>
        <time>2015-08-06T21:59:46Z</time>
      </trkpt>
      <trkpt lat="35.955104" lon="120.221299">
        <ele>16.4</ele>
        <time>2015-08-06T21:59:50Z</time>
      </trkpt>
      <trkpt lat="35.955065" lon="120.221197">
        <ele>16.5</ele>
        <time>2015-08-06T21:59:54Z</time>
      </trkpt>
      <trkpt lat="35.955024" lon="120.221098">
        <ele>16.6</ele>
        <time>2015-08-06T21:59:58Z</time>
      </trkpt>
      <trkpt lat="35.954974" lon="120.221">
        <ele>16.7</ele>
        <time>2015-08-06T22:00:02Z</time>
      </trkpt>
      <trkpt lat="35.954925" lon="120.220894">
        <ele>16.8</ele>
        <time>2015-08-06T22:00:06Z</time>
      </trkpt>
      <trkpt lat="35.954882" lon="120.220789">
        <ele>16.9</ele>
        <time>2015-08-06T22:00:10Z</time>
      </trkpt>
      <trkpt lat="35.954837" lon="120.220688">
        <ele>17.0</ele>
        <time>2015-08-06T22:00:14Z</time>
      </trkpt>
      <trkpt lat="35.954792" lon="120.220588">
        <ele>17.1</ele>
        <time>2015-08-06T22:00:18Z</time>
      </trkpt>
      <trkpt lat="35.954745" lon="120.220484">
        <ele>17.2</ele>
        <time>2015-08-06T22:00:22Z</time>
      </trkpt>
      <trkpt lat="35.954701" lon="120.220377">
        <ele>17.2</ele>
        <time>2015-08-06T22:00:26Z</time>
      </trkpt>
      <trkpt lat="35.954655" lon="120.220266">
        <ele>17.3</ele>
        <time>2015-08-06T22:00:30Z</time>
      </trkpt>
      <trkpt lat="35.954614" lon="120.220158">
        <ele>17.3</ele>
        <time>2015-08-06T22:00:34Z</time>
      </trkpt>
      <trkpt lat="35.954565" lon="120.220048">
        <ele>17.3</ele>
        <time>2015-08-06T22:00:38Z</time>
      </trkpt>
      <trkpt lat="35.954522" lon="120.219946">
        <ele>17.2</ele>
        <time>2015-08-06T22:00:42Z</time>
      </trkpt>
      <trkpt lat="35.954485" lon="120.219842">
        <ele>17.2</ele>
        <time>2015-08-06T22:00:46Z</time>
      </trkpt>
      <trkpt lat="35.954448" lon="120.219741">
        <ele>17.1</ele>
        <time>2015-08-06T22:00:50Z</time>
      </trkpt>
      <trkpt lat="35.954401" lon="120.219636">
        <ele>17.0</ele>
        <time>2015-08-06T22:00:54Z</time>
      </trkpt>
      <trkpt lat="35.954353" lon="120.219534">
        <ele>16.9</ele>
        <time>2015-08-06T22:00:58Z</time>
      </trkpt>
      <trkpt lat="35.95431" lon="120.219432">
        <ele>16.7</ele>
        <time>2015-08-06T22:01:02Z</time>
      </trkpt>
      <trkpt lat="35.954275" lon="120.219336">
        <ele>16.5</ele>
        <time>2015-08-06T22:01:06Z</time>
      </trkpt>
      <trkpt lat="35.954247" lon="120.21923">
        <ele>16.3</ele>
        <time>2015-08-06T22:01:10Z</time>
      </trkpt>
      <trkpt lat="35.954214" lon="120.219121">
        <ele>16.1</ele>
        <time>2015-08-06T22:01:14Z</time>
      </trkpt>
      <trkpt lat="35.954178" lon="120.219014">
        <ele>15.8</ele>
        <time>2015-08-06T22:01:18Z</time>
      </trkpt>
      <trkpt lat="35.95414" lon="120.21891">
        <ele>15.6</ele>
        <time>2015-08-06T22:01:22Z</time>
      </trkpt>
      <trkpt lat="35.954101" lon="120.218807">
        <ele>15.2</ele>
        <time>2015-08-06T22:01:26Z</time>
      </trkpt>
      <trkpt lat="35.95406" lon="120.218701">
        <ele>14.9</ele>
        <time>2015-08-06T22:01:30Z</time>
      </trkpt>
      <trkpt lat="35.95402" lon="120.218591">
        <ele>14.6</ele>
        <time>2015-08-06T22:01:34Z</time>
      </trkpt>
      <trkpt lat="35.95398" lon="120.218478">
        <ele>14.2</ele>
        <time>2015-08-06T22:01:38Z</time>
      </trkpt>
      <trkpt lat="35.953951" lon="120.21837">
        <ele>13.8</ele>
        <time>2015-08-06T22:01:42Z</time>
      </trkpt>
      <trkpt lat="35.953922" lon="120.21826">
        <ele>13.4</ele>
        <time>2015-08-06T22:01:46Z</time>
      </trkpt>
      <trkpt lat="35.953891" lon="120.218151">
        <ele>12.9</ele>
        <time>2015-08-06T22:01:50Z</time>
      </trkpt>
      <trkpt lat="35.953849" lon="120.218043">
        <ele>12.5</ele>
        <time>2015-08-06T22:01:54Z</time>
      </trkpt>
      <trkpt lat="35.953813" lon="120.217936">
        <ele>12.0</ele>
        <time>2015-08-06T22:01:58Z</time>
      </trkpt>
      <trkpt lat="35.953774" lon="120.217829">
        <ele>11.5</ele>
        <time>2015-08-06T22:02:02Z</time>
      </trkpt>
      <trkpt lat="35.953749" lon="120.21771">
        <ele>11.1</ele>
        <time>2015-08-06T22:02:06Z</time>
      </trkpt>
      <trkpt lat="35.953719" lon="120.217587">
        <ele>10.6</ele>
        <time>2015-08-06T22:02:10Z</time>
      </trkpt>
      <trkpt lat="35.953687" lon="120.217474">
        <ele>10.1</ele>
        <time>2015-08-06T22:02:14Z</time>
      </trkpt>
      <trkpt lat="35.95366" lon="120.217365">
        <ele>9.6</ele>
        <time>2015-08-06T22:02:18Z</time>
      </trkpt>
      <trkpt lat="35.95363" lon="120.217251">
        <ele>9.1</ele>
        <time>2015-08-06T22:02:22Z</time>
      </trkpt>
      <trkpt lat="35.953597" lon="120.217134">
        <ele>8.6</ele>
        <time>2015-08-06T22:02:26Z</time>
      </trkpt>
      <trkpt lat="35.953564" lon="120.217019">
        <ele>8.1</ele>
        <time>2015-08-06T22:02:30Z</time>
      </trkpt>
      <trkpt lat="35.953533" lon="120.216904">
        <ele>7.7</ele>
        <time>2015-08-06T22:02:34Z</time>
      </trkpt>
      <trkpt lat="35.953501" lon="120.216789">
        <ele>7.3</ele>
        <time>2015-08-06T22:02:38Z</time>
      </trkpt>
      <trkpt lat="35.953466" lon="120.216663">
        <ele>6.8</ele>
        <time>2015-08-06T22:02:42Z</time>
      </trkpt>
      <trkpt lat="35.95343" lon="120.216539">
        <ele>6.4</ele>
        <time>2015-08-06T22:02:46Z</time>
      </trkpt>
      <trkpt lat="35.95341" lon="120.216426">
        <ele>6.0</ele>
        <time>2015-08-06T22:02:50Z</time>
      </trkpt>
      <trkpt lat="35.953383" lon="120.216317">
        <ele>5.6</ele>
        <time>2015-08-06T22:02:54Z</time>
      </trkpt>
      <trkpt lat="35.953346" lon="120.216212">
        <ele>5.3</ele>
        <time>2015-08-06T22:02:58Z</time>
      </trkpt>
      <trkpt lat="35.953314" lon="120.216105">
        <ele>4.9</ele>
        <time>2015-08-06T22:03:02Z</time>
      </trkpt>
      <trkpt lat="35.953294" lon="120.215993">
        <ele>4.6</ele>
        <time>2015-08-06T22:03:06Z</time>
      </trkpt>
      <trkpt lat="35.953275" lon="120.215881">
        <ele>4.2</ele>
        <time>2015-08-06T22:03:10Z</time>
      </trkpt>
      <trkpt lat="35.953257" lon="120.215764">
        <ele>3.9</ele>
        <time>2015-08-06T22:03:14Z</time>
      </trkpt>
      <trkpt lat="35.953228" lon="120.215637">
        <ele>3.6</ele>
        <time>2015-08-06T22:03:18Z</time>
      </trkpt>
      <trkpt lat="35.953195" lon="120.215504">
        <ele>3.3</ele>
        <time>2015-08-06T22:03:22Z</time>
      </trkpt>
      <trkpt lat="35.95317" lon="120.215378">
        <ele>3.1</ele>
        <time>2015-08-06T22:03:26Z</time>
      </trkpt>
      <trkpt lat="35.953145" lon="120.215254">
        <ele>2.9</ele>
        <time>2015-08-06T22:03:30Z</time>
      </trkpt>
      <trkpt lat="35.953119" lon="120.215129">
        <ele>2.7</ele>
        <time>2015-08-06T22:03:34Z</time>
      </trkpt>
      <trkpt lat="35.9531" lon="120.215013">
        <ele>2.5</ele>
        <time>2015-08-06T22:03:38Z</time>
      </trkpt>
      <trkpt lat="35.953073" lon="120.214895">
        <ele>2.4</ele>
        <time>2015-08-06T22:03:42Z</time>
      </trkpt>
      <trkpt lat="35.953032" lon="120.214775">
        <ele>2.2</ele>
        <time>2015-08-06T22:03:46Z</time>
      </trkpt>
      <trkpt lat="35.953" lon="120.214661">
        <ele>2.1</ele>
        <time>2015-08-06T22:03:50Z</time>
      </trkpt>
      <trkpt lat="35.952981" lon="120.214568">
        <ele>2.0</ele>
        <time>2015-08-06T22:03:54Z</time>
      </trkpt>
      <trkpt lat="35.952968" lon="120.214504">
        <ele>1.9</ele>
        <time>2015-08-06T22:03:58Z</time>
      </trkpt>
      <trkpt lat="35.952945" lon="120.214417">
        <ele>1.9</ele>
        <time>2015-08-06T22:04:02Z</time>
      </trkpt>
      <trkpt lat="35.952913" lon="120.214324">
        <ele>1.8</ele>
        <time>2015-08-06T22:04:06Z</time>
      </trkpt>
      <trkpt lat="35.952883" lon="120.214229">
        <ele>1.8</ele>
        <time>2015-08-06T22:04:10Z</time>
      </trkpt>
      <trkpt lat="35.952873" lon="120.214092">
        <ele>1.8</ele>
        <time>2015-08-06T22:04:14Z</time>
      </trkpt>
      <trkpt lat="35.952849" lon="120.213955">
        <ele>1.8</ele>
        <time>2015-08-06T22:04:18Z</time>
      </trkpt>
      <trkpt lat="35.952816" lon="120.213835">
        <ele>1.8</ele>
        <time>2015-08-06T22:04:22Z</time>
      </trkpt>
      <trkpt lat="35.952782" lon="120.213722">
        <ele>1.8</ele>
        <time>2015-08-06T22:04:26Z</time>
      </trkpt>
      <trkpt lat="35.952748" lon="120.213615">
        <ele>1.9</ele>
        <time>2015-08-06T22:04:30Z</time>
      </trkpt>
      <trkpt lat="35.952726" lon="120.213536">
        <ele>1.9</ele>
        <time>2015-08-06T22:04:34Z</time>
      </trkpt>
      <trkpt lat="35.952705" lon="120.213444">
        <ele>1.9</ele>
        <time>2015-08-06T22:04:38Z</time>
      </trkpt>
      <trkpt lat="35.952701" lon="120.213309">
        <ele>1.9</ele>
        <time>2015-08-06T22:04:42Z</time>
      </trkpt>
      <trkpt lat="35.952689" lon="120.213206">
        <ele>1.9</ele>
        <time>2015-08-06T22:04:46Z</time>
      </trkpt>
      <trkpt lat="35.952664" lon="120.21312">
        <ele>2.0</ele>
        <time>2015-08-06T22:04:50Z</time>
      </trkpt>
      <trkpt lat="35.952594" lon="120.212902">
        <ele>2.0</ele>
        <time>2015-08-06T22:04:58Z</time>
      </trkpt>
      <trkpt lat="35.952563" lon="120.212793">
        <ele>2.0</ele>
        <time>2015-08-06T22:05:02Z</time>
      </trkpt>
      <trkpt lat="35.952545" lon="120.21267">
        <ele>2.0</ele>
        <time>2015-08-06T22:05:06Z</time>
      </trkpt>
      <trkpt lat="35.952524" lon="120.21255">
        <ele>2.0</ele>
        <time>2015-08-06T22:05:10Z</time>
      </trkpt>
      <trkpt lat="35.95251" lon="120.21244">
        <ele>2.0</ele>
        <time>2015-08-06T22:05:14Z</time>
      </trkpt>
      <trkpt lat="35.952491" lon="120.212341">
        <ele>2.0</ele>
        <time>2015-08-06T22:05:18Z</time>
      </trkpt>
      <trkpt lat="35.952492" lon="120.21224">
        <ele>2.0</ele>
        <time>2015-08-06T22:05:22Z</time>
      </trkpt>
      <trkpt lat="35.952533" lon="120.212139">
        <ele>2.0</ele>
        <time>2015-08-06T22:05:26Z</time>
      </trkpt>
      <trkpt lat="35.952571" lon="120.212026">
        <ele>2.0</ele>
        <time>2015-08-06T22:05:30Z</time>
      </trkpt>
      <trkpt lat="35.9526" lon="120.211924">
        <ele>1.9</ele>
        <time>2015-08-06T22:05:34Z</time>
      </trkpt>
      <trkpt lat="35.952635" lon="120.211864">
        <ele>1.9</ele>
        <time>2015-08-06T22:05:38Z</time>
      </trkpt>
      <trkpt lat="35.95268" lon="120.211859">
        <ele>1.8</ele>
        <time>2015-08-06T22:05:42Z</time>
      </trkpt>
      <trkpt lat="35.95273" lon="120.211885">
        <ele>1.8</ele>
        <time>2015-08-06T22:05:46Z</time>
      </trkpt>
      <trkpt lat="35.952816" lon="120.211905">
        <ele>1.7</ele>
        <time>2015-08-06T22:05:50Z</time>
      </trkpt>
      <trkpt lat="35.95292" lon="120.211919">
        <ele>1.7</ele>
        <time>2015-08-06T22:05:54Z</time>
      </trkpt>
      <trkpt lat="35.953016" lon="120.211946">
        <ele>1.7</ele>
        <time>2015-08-06T22:05:58Z</time>
      </trkpt>
      <trkpt lat="35.953113" lon="120.211954">
        <ele>1.7</ele>
        <time>2015-08-06T22:06:02Z</time>
      </trkpt>
      <trkpt lat="35.953215" lon="120.21195">
        <ele>1.6</ele>
        <time>2015-08-06T22:06:06Z</time>
      </trkpt>
      <trkpt lat="35.953312" lon="120.211928">
        <ele>1.6</ele>
        <time>2015-08-06T22:06:10Z</time>
      </trkpt>
      <trkpt lat="35.953408" lon="120.211903">
        <ele>1.6</ele>
        <time>2015-08-06T22:06:14Z</time>
      </trkpt>
      <trkpt lat="35.953507" lon="120.211886">
        <ele>1.5</ele>
        <time>2015-08-06T22:06:18Z</time>
      </trkpt>
      <trkpt lat="35.953605" lon="120.21186">
        <ele>1.5</ele>
        <time>2015-08-06T22:06:22Z</time>
      </trkpt>
      <trkpt lat="35.953698" lon="120.211829">
        <ele>1.5</ele>
        <time>2015-08-06T22:06:26Z</time>
      </trkpt>
      <trkpt lat="35.953791" lon="120.211785">
        <ele>1.5</ele>
        <time>2015-08-06T22:06:30Z</time>
      </trkpt>
      <trkpt lat="35.953886" lon="120.21175">
        <ele>1.5</ele>
        <time>2015-08-06T22:06:34Z</time>
      </trkpt>
      <trkpt lat="35.953973" lon="120.211724">
        <ele>1.5</ele>
        <time>2015-08-06T22:06:38Z</time>
      </trkpt>
      <trkpt lat="35.954019" lon="120.211644">
        <ele>1.5</ele>
        <time>2015-08-06T22:06:42Z</time>
      </trkpt>
      <trkpt lat="35.954022" lon="120.211533">
        <ele>1.5</ele>
        <time>2015-08-06T22:06:46Z</time>
      </trkpt>
      <trkpt lat="35.954003" lon="120.211413">
        <ele>1.6</ele>
        <time>2015-08-06T22:06:50Z</time>
      </trkpt>
      <trkpt lat="35.953987" lon="120.211291">
        <ele>1.6</ele>
        <time>2015-08-06T22:06:54Z</time>
      </trkpt>
      <trkpt lat="35.953974" lon="120.211173">
        <ele>1.7</ele>
        <time>2015-08-06T22:06:58Z</time>
      </trkpt>
      <trkpt lat="35.953977" lon="120.211057">
        <ele>1.7</ele>
        <time>2015-08-06T22:07:02Z</time>
      </trkpt>
      <trkpt lat="35.953999" lon="120.210941">
        <ele>1.8</ele>
        <time>2015-08-06T22:07:06Z</time>
      </trkpt>
      <trkpt lat="35.954018" lon="120.210825">
        <ele>1.9</ele>
        <time>2015-08-06T22:07:10Z</time>
      </trkpt>
      <trkpt lat="35.954011" lon="120.210705">
        <ele>2.0</ele>
        <time>2015-08-06T22:07:14Z</time>
      </trkpt>
      <trkpt lat="35.953994" lon="120.210596">
        <ele>2.0</ele>
        <time>2015-08-06T22:07:18Z</time>
      </trkpt>
      <trkpt lat="35.953975" lon="120.210485">
        <ele>2.1</ele>
        <time>2015-08-06T22:07:22Z</time>
      </trkpt>
      <trkpt lat="35.953952" lon="120.210376">
        <ele>2.1</ele>
        <time>2015-08-06T22:07:26Z</time>
      </trkpt>
      <trkpt lat="35.953921" lon="120.210269">
        <ele>2.1</ele>
        <time>2015-08-06T22:07:30Z</time>
      </trkpt>
      <trkpt lat="35.953889" lon="120.21016">
        <ele>2.1</ele>
        <time>2015-08-06T22:07:34Z</time>
      </trkpt>
      <trkpt lat="35.953866" lon="120.210044">
        <ele>2.1</ele>
        <time>2015-08-06T22:07:38Z</time>
      </trkpt>
      <trkpt lat="35.953846" lon="120.209932">
        <ele>2.1</ele>
        <time>2015-08-06T22:07:42Z</time>
      </trkpt>
      <trkpt lat="35.953814" lon="120.209821">
        <ele>2.1</ele>
        <time>2015-08-06T22:07:46Z</time>
      </trkpt>
      <trkpt lat="35.953798" lon="120.209709">
        <ele>2.1</ele>
        <time>2015-08-06T22:07:50Z</time>
      </trkpt>
      <trkpt lat="35.953775" lon="120.209597">
        <ele>2.0</ele>
        <time>2015-08-06T22:07:54Z</time>
      </trkpt>
      <trkpt lat="35.953748" lon="120.209488">
        <ele>2.0</ele>
        <time>2015-08-06T22:07:58Z</time>
      </trkpt>
      <trkpt lat="35.953717" lon="120.209374">
        <ele>1.9</ele>
        <time>2015-08-06T22:08:02Z</time>
      </trkpt>
      <trkpt lat="35.953694" lon="120.209259">
        <ele>1.9</ele>
        <time>2015-08-06T22:08:06Z</time>
      </trkpt>
      <trkpt lat="35.953679" lon="120.209147">
        <ele>1.8</ele>
        <time>2015-08-06T22:08:10Z</time>
      </trkpt>
      <trkpt lat="35.953658" lon="120.209036">
        <ele>1.7</ele>
        <time>2015-08-06T22:08:14Z</time>
      </trkpt>
      <trkpt lat="35.953632" lon="120.208923">
        <ele>1.7</ele>
        <time>2015-08-06T22:08:18Z</time>
      </trkpt>
      <trkpt lat="35.953615" lon="120.208829">
        <ele>1.6</ele>
        <time>2015-08-06T22:08:22Z</time>
      </trkpt>
      <trkpt lat="35.953599" lon="120.208739">
        <ele>1.6</ele>
        <time>2015-08-06T22:08:26Z</time>
      </trkpt>
      <trkpt lat="35.953579" lon="120.208625">
        <ele>1.5</ele>
        <time>2015-08-06T22:08:30Z</time>
      </trkpt>
      <trkpt lat="35.953552" lon="120.208508">
        <ele>1.5</ele>
        <time>2015-08-06T22:08:34Z</time>
      </trkpt>
      <trkpt lat="35.953545" lon="120.208396">
        <ele>1.5</ele>
        <time>2015-08-06T22:08:38Z</time>
      </trkpt>
      <trkpt lat="35.953602" lon="120.20833">
        <ele>1.5</ele>
        <time>2015-08-06T22:08:42Z</time>
      </trkpt>
      <trkpt lat="35.953689" lon="120.208301">
        <ele>1.5</ele>
        <time>2015-08-06T22:08:46Z</time>
      </trkpt>
      <trkpt lat="35.953789" lon="120.208277">
        <ele>1.6</ele>
        <time>2015-08-06T22:08:50Z</time>
      </trkpt>
      <trkpt lat="35.953884" lon="120.208258">
        <ele>1.7</ele>
        <time>2015-08-06T22:08:54Z</time>
      </trkpt>
      <trkpt lat="35.953975" lon="120.208249">
        <ele>1.8</ele>
        <time>2015-08-06T22:08:58Z</time>
      </trkpt>
      <trkpt lat="35.954052" lon="120.208239">
        <ele>2.1</ele>
        <time>2015-08-06T22:09:02Z</time>
      </trkpt>
      <trkpt lat="35.954097" lon="120.208241">
        <ele>2.3</ele>
        <time>2015-08-06T22:09:06Z</time>
      </trkpt>
      <trkpt lat="35.954143" lon="120.208224">
        <ele>2.7</ele>
        <time>2015-08-06T22:09:10Z</time>
      </trkpt>
      <trkpt lat="35.954243" lon="120.208185">
        <ele>3.1</ele>
        <time>2015-08-06T22:09:14Z</time>
      </trkpt>
      <trkpt lat="35.954359" lon="120.20813">
        <ele>3.5</ele>
        <time>2015-08-06T22:09:18Z</time>
      </trkpt>
      <trkpt lat="35.954461" lon="120.208095">
        <ele>3.9</ele>
        <time>2015-08-06T22:09:22Z</time>
      </trkpt>
      <trkpt lat="35.954566" lon="120.20807">
        <ele>4.3</ele>
        <time>2015-08-06T22:09:26Z</time>
      </trkpt>
      <trkpt lat="35.954675" lon="120.208043">
        <ele>4.7</ele>
        <time>2015-08-06T22:09:30Z</time>
      </trkpt>
      <trkpt lat="35.954786" lon="120.208009">
        <ele>5.2</ele>
        <time>2015-08-06T22:09:38Z</time>
      </trkpt>
      <trkpt lat="35.954887" lon="120.207975">
        <ele>5.7</ele>
        <time>2015-08-06T22:09:42Z</time>
      </trkpt>
      <trkpt lat="35.954977" lon="120.207938">
        <ele>6.2</ele>
        <time>2015-08-06T22:09:46Z</time>
      </trkpt>
      <trkpt lat="35.955154" lon="120.207868">
        <ele>6.6</ele>
        <time>2015-08-06T22:09:50Z</time>
      </trkpt>
      <trkpt lat="35.955307" lon="120.207777">
        <ele>7.1</ele>
        <time>2015-08-06T22:09:58Z</time>
      </trkpt>
      <trkpt lat="35.955398" lon="120.207736">
        <ele>7.6</ele>
        <time>2015-08-06T22:10:02Z</time>
      </trkpt>
      <trkpt lat="35.955489" lon="120.207684">
        <ele>8.2</ele>
        <time>2015-08-06T22:10:06Z</time>
      </trkpt>
      <trkpt lat="35.955587" lon="120.207637">
        <ele>8.7</ele>
        <time>2015-08-06T22:10:10Z</time>
      </trkpt>
      <trkpt lat="35.955685" lon="120.207615">
        <ele>9.2</ele>
        <time>2015-08-06T22:10:14Z</time>
      </trkpt>
      <trkpt lat="35.955779" lon="120.207595">
        <ele>9.7</ele>
        <time>2015-08-06T22:10:18Z</time>
      </trkpt>
      <trkpt lat="35.955873" lon="120.207582">
        <ele>10.1</ele>
        <time>2015-08-06T22:10:22Z</time>
      </trkpt>
      <trkpt lat="35.955961" lon="120.207578">
        <ele>10.6</ele>
        <time>2015-08-06T22:10:26Z</time>
      </trkpt>
      <trkpt lat="35.956046" lon="120.207575">
        <ele>11.0</ele>
        <time>2015-08-06T22:10:30Z</time>
      </trkpt>
      <trkpt lat="35.956122" lon="120.207564">
        <ele>11.3</ele>
        <time>2015-08-06T22:10:34Z</time>
      </trkpt>
      <trkpt lat="35.956204" lon="120.207542">
        <ele>11.7</ele>
        <time>2015-08-06T22:10:38Z</time>
      </trkpt>
      <trkpt lat="35.956269" lon="120.207528">
        <ele>11.9</ele>
        <time>2015-08-06T22:10:42Z</time>
      </trkpt>
      <trkpt lat="35.956334" lon="120.207505">
        <ele>12.1</ele>
        <time>2015-08-06T22:10:46Z</time>
      </trkpt>
      <trkpt lat="35.956411" lon="120.207521">
        <ele>12.2</ele>
        <time>2015-08-06T22:10:50Z</time>
      </trkpt>
      <trkpt lat="35.956472" lon="120.207593">
        <ele>12.4</ele>
        <time>2015-08-06T22:10:54Z</time>
      </trkpt>
      <trkpt lat="35.95651" lon="120.207693">
        <ele>12.5</ele>
        <time>2015-08-06T22:10:58Z</time>
      </trkpt>
      <trkpt lat="35.956539" lon="120.207803">
        <ele>12.6</ele>
        <time>2015-08-06T22:11:02Z</time>
      </trkpt>
      <trkpt lat="35.956574" lon="120.207905">
        <ele>12.7</ele>
        <time>2015-08-06T22:11:06Z</time>
      </trkpt>
      <trkpt lat="35.956608" lon="120.207994">
        <ele>12.8</ele>
        <time>2015-08-06T22:11:10Z</time>
      </trkpt>
      <trkpt lat="35.956646" lon="120.208077">
        <ele>12.9</ele>
        <time>2015-08-06T22:11:14Z</time>
      </trkpt>
      <trkpt lat="35.956686" lon="120.208158">
        <ele>13.0</ele>
        <time>2015-08-06T22:11:18Z</time>
      </trkpt>
      <trkpt lat="35.956725" lon="120.208245">
        <ele>13.0</ele>
        <time>2015-08-06T22:11:22Z</time>
      </trkpt>
      <trkpt lat="35.956748" lon="120.208338">
        <ele>13.1</ele>
        <time>2015-08-06T22:11:26Z</time>
      </trkpt>
      <extensions>
        <breaktype>2</breaktype>
      </extensions>
    </trkseg>
  </trk>
  <extensions>
    <ssrlog>
      <logseg>
        <logpt time="2015-08-06T21:37:23Z">
          <spd>5.0</spd>
          <str>0.0</str>
        </logpt>
        <logpt time="2015-08-06T21:37:27Z">
          <spd>5.0</spd>
          <str>0.0</str>
        </logpt>
        <logpt time="2015-08-06T21:37:30Z">
          <spd>4.5</spd>
          <str>22.0</str>
        </logpt>
        <breaktype>2</breaktype>
      </logseg>
      <logseg>
        <logpt time="2015-08-06T21:40:10Z">
          <spd>4.0</spd>
          <str>0.0</str>
        </logpt>
        <logpt time="2015-08-06T21:40:14Z">
          <spd>4.0</spd>
          <str>0.0</str>
        </logpt>
        <logpt time="2015-08-06T21:40:18Z">
          <spd>4.5</spd>
          <str>60.0</str>
        </logpt>
        <logpt time="2015-08-06T21:40:22Z">
          <spd>5.4</spd>
          <str>77.0</str>
        </logpt>
        <logpt time="2015-08-06T21:40:26Z">
          <spd>5.8</spd>
          <str>78.0</str>
        </logpt>
        <logpt time="2015-08-06T21:40:30Z">
          <spd>6.3</spd>
          <str>82.0</str>
        </logpt>
        <logpt time="2015-08-06T21:40:34Z">
          <spd>7.2</spd>
          <str>82.0</str>
        </logpt>
        <logpt time="2015-08-06T21:40:38Z">
          <spd>7.7</spd>
          <str>84.0</str>
        </logpt>
        <logpt time="2015-08-06T21:40:42Z">
          <spd>7.7</spd>
          <str>85.0</str>
        </logpt>
        <logpt time="2015-08-06T21:40:46Z">
          <spd>8.6</spd>
          <str>85.0</str>
        </logpt>
        <logpt time="2015-08-06T21:40:50Z">
          <spd>9.0</spd>
          <str>85.0</str>
        </logpt>
        <logpt time="2015-08-06T21:40:54Z">
          <spd>9.0</spd>
          <str>86.0</str>
        </logpt>
        <logpt time="2015-08-06T21:40:58Z">
          <spd>9.4</spd>
          <str>86.0</str>
        </logpt>
        <logpt time="2015-08-06T21:41:02Z">
          <spd>9.4</spd>
          <str>86.0</str>
        </logpt>
        <logpt time="2015-08-06T21:41:06Z">
          <spd>7.7</spd>
          <str>86.0</str>
        </logpt>
        <logpt time="2015-08-06T21:41:10Z">
          <spd>7.2</spd>
          <str>86.0</str>
        </logpt>
        <logpt time="2015-08-06T21:41:14Z">
          <spd>6.8</spd>
          <str>86.0</str>
        </logpt>
        <logpt time="2015-08-06T21:41:18Z">
          <spd>6.8</spd>
          <str>87.0</str>
        </logpt>
        <logpt time="2015-08-06T21:41:22Z">
          <spd>7.2</spd>
          <str>88.0</str>
        </logpt>
        <logpt time="2015-08-06T21:41:26Z">
          <spd>8.1</spd>
          <str>88.0</str>
        </logpt>
        <logpt time="2015-08-06T21:41:30Z">
          <spd>10.3</spd>
          <str>88.0</str>
        </logpt>
        <logpt time="2015-08-06T21:41:34Z">
          <spd>10.8</spd>
          <str>88.0</str>
        </logpt>
        <logpt time="2015-08-06T21:41:38Z">
          <spd>10.8</spd>
          <str>88.0</str>
        </logpt>
        <logpt time="2015-08-06T21:41:42Z">
          <spd>10.8</spd>
          <str>87.0</str>
        </logpt>
        <logpt time="2015-08-06T21:41:46Z">
          <spd>10.8</spd>
          <str>88.0</str>
        </logpt>
        <logpt time="2015-08-06T21:41:50Z">
          <spd>10.8</spd>
          <str>88.0</str>
        </logpt>
        <logpt time="2015-08-06T21:41:54Z">
          <spd>10.8</spd>
          <str>87.0</str>
        </logpt>
        <logpt time="2015-08-06T21:41:58Z">
          <spd>10.8</spd>
          <str>87.0</str>
        </logpt>
        <logpt time="2015-08-06T21:42:02Z">
          <spd>10.8</spd>
          <str>87.0</str>
        </logpt>
        <logpt time="2015-08-06T21:42:06Z">
          <spd>11.3</spd>
          <str>87.0</str>
        </logpt>
        <logpt time="2015-08-06T21:42:10Z">
          <spd>11.3</spd>
          <str>87.0</str>
        </logpt>
        <logpt time="2015-08-06T21:42:14Z">
          <spd>11.3</spd>
          <str>87.0</str>
        </logpt>
        <logpt time="2015-08-06T21:42:18Z">
          <spd>10.8</spd>
          <str>87.0</str>
        </logpt>
        <logpt time="2015-08-06T21:42:22Z">
          <spd>10.8</spd>
          <str>87.0</str>
        </logpt>
        <logpt time="2015-08-06T21:42:26Z">
          <spd>10.8</spd>
          <str>87.0</str>
        </logpt>
        <logpt time="2015-08-06T21:42:30Z">
          <spd>10.8</spd>
          <str>87.0</str>
        </logpt>
        <logpt time="2015-08-06T21:42:34Z">
          <spd>10.8</spd>
          <str>88.0</str>
        </logpt>
        <logpt time="2015-08-06T21:42:38Z">
          <spd>10.8</spd>
          <str>87.0</str>
        </logpt>
        <logpt time="2015-08-06T21:42:42Z">
          <spd>10.8</spd>
          <str>87.0</str>
        </logpt>
        <logpt time="2015-08-06T21:42:46Z">
          <spd>10.8</spd>
          <str>88.0</str>
        </logpt>
        <logpt time="2015-08-06T21:42:50Z">
          <spd>10.8</spd>
          <str>87.0</str>
        </logpt>
        <logpt time="2015-08-06T21:42:54Z">
          <spd>10.8</spd>
          <str>88.0</str>
        </logpt>
        <logpt time="2015-08-06T21:42:58Z">
          <spd>10.8</spd>
          <str>88.0</str>
        </logpt>
        <logpt time="2015-08-06T21:43:02Z">
          <spd>10.8</spd>
          <str>88.0</str>
        </logpt>
        <logpt time="2015-08-06T21:43:06Z">
          <spd>10.8</spd>
          <str>88.0</str>
        </logpt>
        <logpt time="2015-08-06T21:43:10Z">
          <spd>10.8</spd>
          <str>88.0</str>
        </logpt>
        <logpt time="2015-08-06T21:43:14Z">
          <spd>10.3</spd>
          <str>88.0</str>
        </logpt>
        <logpt time="2015-08-06T21:43:18Z">
          <spd>10.3</spd>
          <str>88.0</str>
        </logpt>
        <logpt time="2015-08-06T21:43:22Z">
          <spd>10.3</spd>
          <str>88.0</str>
        </logpt>
        <logpt time="2015-08-06T21:43:26Z">
          <spd>10.3</spd>
          <str>89.0</str>
        </logpt>
        <logpt time="2015-08-06T21:43:30Z">
          <spd>10.3</spd>
          <str>89.0</str>
        </logpt>
        <logpt time="2015-08-06T21:43:34Z">
          <spd>10.8</spd>
          <str>88.0</str>
        </logpt>
        <logpt time="2015-08-06T21:43:38Z">
          <spd>10.8</spd>
          <str>89.0</str>
        </logpt>
        <logpt time="2015-08-06T21:43:42Z">
          <spd>10.8</spd>
          <str>88.0</str>
        </logpt>
        <logpt time="2015-08-06T21:43:46Z">
          <spd>10.8</spd>
          <str>88.0</str>
        </logpt>
        <logpt time="2015-08-06T21:43:50Z">
          <spd>10.8</spd>
          <str>88.0</str>
        </logpt>
        <logpt time="2015-08-06T21:43:54Z">
          <spd>10.3</spd>
          <str>88.0</str>
        </logpt>
        <logpt time="2015-08-06T21:43:58Z">
          <spd>10.3</spd>
          <str>88.0</str>
        </logpt>
        <logpt time="2015-08-06T21:44:02Z">
          <spd>9.4</spd>
          <str>88.0</str>
        </logpt>
        <logpt time="2015-08-06T21:44:06Z">
          <spd>9.4</spd>
          <str>88.0</str>
        </logpt>
        <logpt time="2015-08-06T21:44:10Z">
          <spd>9.4</spd>
          <str>88.0</str>
        </logpt>
        <logpt time="2015-08-06T21:44:14Z">
          <spd>9.0</spd>
          <str>87.0</str>
        </logpt>
        <logpt time="2015-08-06T21:44:18Z">
          <spd>9.0</spd>
          <str>88.0</str>
        </logpt>
        <logpt time="2015-08-06T21:44:22Z">
          <spd>9.4</spd>
          <str>87.0</str>
        </logpt>
        <logpt time="2015-08-06T21:44:26Z">
          <spd>9.4</spd>
          <str>87.0</str>
        </logpt>
        <logpt time="2015-08-06T21:44:30Z">
          <spd>9.4</spd>
          <str>87.0</str>
        </logpt>
        <logpt time="2015-08-06T21:44:34Z">
          <spd>9.4</spd>
          <str>87.0</str>
        </logpt>
        <logpt time="2015-08-06T21:44:38Z">
          <spd>9.4</spd>
          <str>87.0</str>
        </logpt>
        <logpt time="2015-08-06T21:44:42Z">
          <spd>9.4</spd>
          <str>88.0</str>
        </logpt>
        <logpt time="2015-08-06T21:44:46Z">
          <spd>9.4</spd>
          <str>87.0</str>
        </logpt>
        <logpt time="2015-08-06T21:44:50Z">
          <spd>9.4</spd>
          <str>88.0</str>
        </logpt>
        <logpt time="2015-08-06T21:44:54Z">
          <spd>9.4</spd>
          <str>88.0</str>
        </logpt>
        <logpt time="2015-08-06T21:44:58Z">
          <spd>9.4</spd>
          <str>87.0</str>
        </logpt>
        <logpt time="2015-08-06T21:45:02Z">
          <spd>9.4</spd>
          <str>88.0</str>
        </logpt>
        <logpt time="2015-08-06T21:45:06Z">
          <spd>9.0</spd>
          <str>87.0</str>
        </logpt>
        <logpt time="2015-08-06T21:45:10Z">
          <spd>9.0</spd>
          <str>87.0</str>
        </logpt>
        <logpt time="2015-08-06T21:45:14Z">
          <spd>9.0</spd>
          <str>86.0</str>
        </logpt>
        <logpt time="2015-08-06T21:45:18Z">
          <spd>9.4</spd>
          <str>86.0</str>
        </logpt>
        <logpt time="2015-08-06T21:45:22Z">
          <spd>9.0</spd>
          <str>86.0</str>
        </logpt>
        <logpt time="2015-08-06T21:45:26Z">
          <spd>9.0</spd>
          <str>85.0</str>
        </logpt>
        <logpt time="2015-08-06T21:45:30Z">
          <spd>9.0</spd>
          <str>84.0</str>
        </logpt>
        <logpt time="2015-08-06T21:45:34Z">
          <spd>8.1</spd>
          <str>84.0</str>
        </logpt>
        <logpt time="2015-08-06T21:45:38Z">
          <spd>8.1</spd>
          <str>83.0</str>
        </logpt>
        <logpt time="2015-08-06T21:45:42Z">
          <spd>8.6</spd>
          <str>83.0</str>
        </logpt>
        <logpt time="2015-08-06T21:45:46Z">
          <spd>9.0</spd>
          <str>84.0</str>
        </logpt>
        <logpt time="2015-08-06T21:45:50Z">
          <spd>9.0</spd>
          <str>83.0</str>
        </logpt>
        <logpt time="2015-08-06T21:45:54Z">
          <spd>9.4</spd>
          <str>83.0</str>
        </logpt>
        <logpt time="2015-08-06T21:45:58Z">
          <spd>9.9</spd>
          <str>84.0</str>
        </logpt>
        <logpt time="2015-08-06T21:46:02Z">
          <spd>9.9</spd>
          <str>83.0</str>
        </logpt>
        <logpt time="2015-08-06T21:46:06Z">
          <spd>10.3</spd>
          <str>84.0</str>
        </logpt>
        <logpt time="2015-08-06T21:46:10Z">
          <spd>10.3</spd>
          <str>84.0</str>
        </logpt>
        <logpt time="2015-08-06T21:46:14Z">
          <spd>10.3</spd>
          <str>85.0</str>
        </logpt>
        <logpt time="2015-08-06T21:46:18Z">
          <spd>10.3</spd>
          <str>86.0</str>
        </logpt>
        <logpt time="2015-08-06T21:46:22Z">
          <spd>10.3</spd>
          <str>86.0</str>
        </logpt>
        <logpt time="2015-08-06T21:46:26Z">
          <spd>10.3</spd>
          <str>86.0</str>
        </logpt>
        <logpt time="2015-08-06T21:46:30Z">
          <spd>10.3</spd>
          <str>88.0</str>
        </logpt>
        <logpt time="2015-08-06T21:46:34Z">
          <spd>10.3</spd>
          <str>88.0</str>
        </logpt>
        <logpt time="2015-08-06T21:46:38Z">
          <spd>10.3</spd>
          <str>89.0</str>
        </logpt>
        <logpt time="2015-08-06T21:46:42Z">
          <spd>10.3</spd>
          <str>89.0</str>
        </logpt>
        <logpt time="2015-08-06T21:46:46Z">
          <spd>9.9</spd>
          <str>89.0</str>
        </logpt>
        <logpt time="2015-08-06T21:46:50Z">
          <spd>9.9</spd>
          <str>89.0</str>
        </logpt>
        <logpt time="2015-08-06T21:46:54Z">
          <spd>9.9</spd>
          <str>89.0</str>
        </logpt>
        <logpt time="2015-08-06T21:46:58Z">
          <spd>10.3</spd>
          <str>89.0</str>
        </logpt>
        <logpt time="2015-08-06T21:47:02Z">
          <spd>10.3</spd>
          <str>90.0</str>
        </logpt>
        <logpt time="2015-08-06T21:47:06Z">
          <spd>10.3</spd>
          <str>89.0</str>
        </logpt>
        <logpt time="2015-08-06T21:47:10Z">
          <spd>10.3</spd>
          <str>90.0</str>
        </logpt>
        <logpt time="2015-08-06T21:47:14Z">
          <spd>10.3</spd>
          <str>90.0</str>
        </logpt>
        <logpt time="2015-08-06T21:47:18Z">
          <spd>10.3</spd>
          <str>90.0</str>
        </logpt>
        <logpt time="2015-08-06T21:47:22Z">
          <spd>10.3</spd>
          <str>89.0</str>
        </logpt>
        <logpt time="2015-08-06T21:47:26Z">
          <spd>10.3</spd>
          <str>90.0</str>
        </logpt>
        <logpt time="2015-08-06T21:47:30Z">
          <spd>9.9</spd>
          <str>90.0</str>
        </logpt>
        <logpt time="2015-08-06T21:47:34Z">
          <spd>10.3</spd>
          <str>90.0</str>
        </logpt>
        <logpt time="2015-08-06T21:47:38Z">
          <spd>10.3</spd>
          <str>90.0</str>
        </logpt>
        <logpt time="2015-08-06T21:47:42Z">
          <spd>9.9</spd>
          <str>89.0</str>
        </logpt>
        <logpt time="2015-08-06T21:47:46Z">
          <spd>9.9</spd>
          <str>89.0</str>
        </logpt>
        <logpt time="2015-08-06T21:47:50Z">
          <spd>9.9</spd>
          <str>89.0</str>
        </logpt>
        <logpt time="2015-08-06T21:47:54Z">
          <spd>9.9</spd>
          <str>89.0</str>
        </logpt>
        <logpt time="2015-08-06T21:47:58Z">
          <spd>9.9</spd>
          <str>89.0</str>
        </logpt>
        <logpt time="2015-08-06T21:48:02Z">
          <spd>9.9</spd>
          <str>89.0</str>
        </logpt>
        <logpt time="2015-08-06T21:48:06Z">
          <spd>9.9</spd>
          <str>89.0</str>
        </logpt>
        <logpt time="2015-08-06T21:48:10Z">
          <spd>9.9</spd>
          <str>89.0</str>
        </logpt>
        <logpt time="2015-08-06T21:48:14Z">
          <spd>9.4</spd>
          <str>89.0</str>
        </logpt>
        <logpt time="2015-08-06T21:48:18Z">
          <spd>9.4</spd>
          <str>89.0</str>
        </logpt>
        <logpt time="2015-08-06T21:48:22Z">
          <spd>9.4</spd>
          <str>89.0</str>
        </logpt>
        <logpt time="2015-08-06T21:48:26Z">
          <spd>9.4</spd>
          <str>89.0</str>
        </logpt>
        <logpt time="2015-08-06T21:48:30Z">
          <spd>9.9</spd>
          <str>89.0</str>
        </logpt>
        <logpt time="2015-08-06T21:48:34Z">
          <spd>9.9</spd>
          <str>89.0</str>
        </logpt>
        <logpt time="2015-08-06T21:48:38Z">
          <spd>9.9</spd>
          <str>89.0</str>
        </logpt>
        <logpt time="2015-08-06T21:48:42Z">
          <spd>9.9</spd>
          <str>89.0</str>
        </logpt>
        <logpt time="2015-08-06T21:48:46Z">
          <spd>9.9</spd>
          <str>89.0</str>
        </logpt>
        <logpt time="2015-08-06T21:48:50Z">
          <spd>9.9</spd>
          <str>89.0</str>
        </logpt>
        <logpt time="2015-08-06T21:48:54Z">
          <spd>9.9</spd>
          <str>89.0</str>
        </logpt>
        <logpt time="2015-08-06T21:48:58Z">
          <spd>9.9</spd>
          <str>89.0</str>
        </logpt>
        <logpt time="2015-08-06T21:49:02Z">
          <spd>9.9</spd>
          <str>89.0</str>
        </logpt>
        <logpt time="2015-08-06T21:49:06Z">
          <spd>9.9</spd>
          <str>89.0</str>
        </logpt>
        <logpt time="2015-08-06T21:49:10Z">
          <spd>9.9</spd>
          <str>89.0</str>
        </logpt>
        <logpt time="2015-08-06T21:49:14Z">
          <spd>9.9</spd>
          <str>89.0</str>
        </logpt>
        <logpt time="2015-08-06T21:49:18Z">
          <spd>9.4</spd>
          <str>89.0</str>
        </logpt>
        <logpt time="2015-08-06T21:49:22Z">
          <spd>9.4</spd>
          <str>89.0</str>
        </logpt>
        <logpt time="2015-08-06T21:49:26Z">
          <spd>9.9</spd>
          <str>89.0</str>
        </logpt>
        <logpt time="2015-08-06T21:49:30Z">
          <spd>9.4</spd>
          <str>89.0</str>
        </logpt>
        <logpt time="2015-08-06T21:49:34Z">
          <spd>9.9</spd>
          <str>89.0</str>
        </logpt>
        <logpt time="2015-08-06T21:49:38Z">
          <spd>9.9</spd>
          <str>89.0</str>
        </logpt>
        <logpt time="2015-08-06T21:49:42Z">
          <spd>9.9</spd>
          <str>89.0</str>
        </logpt>
        <logpt time="2015-08-06T21:49:46Z">
          <spd>10.3</spd>
          <str>88.0</str>
        </logpt>
        <logpt time="2015-08-06T21:49:50Z">
          <spd>9.9</spd>
          <str>89.0</str>
        </logpt>
        <logpt time="2015-08-06T21:49:54Z">
          <spd>9.9</spd>
          <str>89.0</str>
        </logpt>
        <logpt time="2015-08-06T21:49:58Z">
          <spd>9.9</spd>
          <str>88.0</str>
        </logpt>
        <logpt time="2015-08-06T21:50:02Z">
          <spd>9.9</spd>
          <str>88.0</str>
        </logpt>
        <logpt time="2015-08-06T21:50:06Z">
          <spd>9.9</spd>
          <str>88.0</str>
        </logpt>
        <logpt time="2015-08-06T21:50:10Z">
          <spd>9.9</spd>
          <str>89.0</str>
        </logpt>
        <logpt time="2015-08-06T21:50:14Z">
          <spd>9.9</spd>
          <str>88.0</str>
        </logpt>
        <logpt time="2015-08-06T21:50:18Z">
          <spd>10.3</spd>
          <str>88.0</str>
        </logpt>
        <logpt time="2015-08-06T21:50:22Z">
          <spd>10.3</spd>
          <str>88.0</str>
        </logpt>
        <logpt time="2015-08-06T21:50:26Z">
          <spd>10.3</spd>
          <str>88.0</str>
        </logpt>
        <logpt time="2015-08-06T21:50:30Z">
          <spd>9.9</spd>
          <str>88.0</str>
        </logpt>
        <logpt time="2015-08-06T21:50:34Z">
          <spd>9.9</spd>
          <str>88.0</str>
        </logpt>
        <logpt time="2015-08-06T21:50:38Z">
          <spd>9.9</spd>
          <str>88.0</str>
        </logpt>
        <logpt time="2015-08-06T21:50:42Z">
          <spd>9.9</spd>
          <str>88.0</str>
        </logpt>
        <logpt time="2015-08-06T21:50:46Z">
          <spd>9.9</spd>
          <str>89.0</str>
        </logpt>
        <logpt time="2015-08-06T21:50:50Z">
          <spd>9.9</spd>
          <str>89.0</str>
        </logpt>
        <logpt time="2015-08-06T21:50:54Z">
          <spd>9.9</spd>
          <str>88.0</str>
        </logpt>
        <logpt time="2015-08-06T21:50:58Z">
          <spd>9.9</spd>
          <str>89.0</str>
        </logpt>
        <logpt time="2015-08-06T21:51:02Z">
          <spd>9.9</spd>
          <str>89.0</str>
        </logpt>
        <logpt time="2015-08-06T21:51:06Z">
          <spd>9.4</spd>
          <str>88.0</str>
        </logpt>
        <logpt time="2015-08-06T21:51:10Z">
          <spd>9.4</spd>
          <str>88.0</str>
        </logpt>
        <logpt time="2015-08-06T21:51:14Z">
          <spd>9.4</spd>
          <str>89.0</str>
        </logpt>
        <logpt time="2015-08-06T21:51:18Z">
          <spd>9.9</spd>
          <str>89.0</str>
        </logpt>
        <logpt time="2015-08-06T21:51:22Z">
          <spd>9.9</spd>
          <str>89.0</str>
        </logpt>
        <logpt time="2015-08-06T21:51:26Z">
          <spd>9.9</spd>
          <str>89.0</str>
        </logpt>
        <logpt time="2015-08-06T21:51:30Z">
          <spd>9.9</spd>
          <str>89.0</str>
        </logpt>
        <logpt time="2015-08-06T21:51:34Z">
          <spd>9.4</spd>
          <str>88.0</str>
        </logpt>
        <logpt time="2015-08-06T21:51:38Z">
          <spd>9.4</spd>
          <str>89.0</str>
        </logpt>
        <logpt time="2015-08-06T21:51:42Z">
          <spd>9.4</spd>
          <str>89.0</str>
        </logpt>
        <logpt time="2015-08-06T21:51:46Z">
          <spd>9.4</spd>
          <str>88.0</str>
        </logpt>
        <logpt time="2015-08-06T21:51:50Z">
          <spd>9.4</spd>
          <str>88.0</str>
        </logpt>
        <logpt time="2015-08-06T21:51:54Z">
          <spd>9.9</spd>
          <str>89.0</str>
        </logpt>
        <logpt time="2015-08-06T21:51:58Z">
          <spd>9.9</spd>
          <str>88.0</str>
        </logpt>
        <logpt time="2015-08-06T21:52:02Z">
          <spd>9.4</spd>
          <str>88.0</str>
        </logpt>
        <logpt time="2015-08-06T21:52:06Z">
          <spd>9.4</spd>
          <str>89.0</str>
        </logpt>
        <logpt time="2015-08-06T21:52:10Z">
          <spd>9.9</spd>
          <str>88.0</str>
        </logpt>
        <logpt time="2015-08-06T21:52:14Z">
          <spd>9.9</spd>
          <str>88.0</str>
        </logpt>
        <logpt time="2015-08-06T21:52:18Z">
          <spd>9.9</spd>
          <str>88.0</str>
        </logpt>
        <logpt time="2015-08-06T21:52:22Z">
          <spd>9.4</spd>
          <str>88.0</str>
        </logpt>
        <logpt time="2015-08-06T21:52:26Z">
          <spd>9.4</spd>
          <str>88.0</str>
        </logpt>
        <logpt time="2015-08-06T21:52:30Z">
          <spd>9.4</spd>
          <str>88.0</str>
        </logpt>
        <logpt time="2015-08-06T21:52:34Z">
          <spd>9.4</spd>
          <str>88.0</str>
        </logpt>
        <logpt time="2015-08-06T21:52:38Z">
          <spd>9.4</spd>
          <str>88.0</str>
        </logpt>
        <logpt time="2015-08-06T21:52:42Z">
          <spd>9.4</spd>
          <str>88.0</str>
        </logpt>
        <logpt time="2015-08-06T21:52:46Z">
          <spd>9.4</spd>
          <str>88.0</str>
        </logpt>
        <logpt time="2015-08-06T21:52:50Z">
          <spd>9.4</spd>
          <str>88.0</str>
        </logpt>
        <logpt time="2015-08-06T21:52:54Z">
          <spd>9.0</spd>
          <str>88.0</str>
        </logpt>
        <logpt time="2015-08-06T21:52:58Z">
          <spd>9.0</spd>
          <str>88.0</str>
        </logpt>
        <logpt time="2015-08-06T21:53:02Z">
          <spd>9.0</spd>
          <str>88.0</str>
        </logpt>
        <logpt time="2015-08-06T21:53:06Z">
          <spd>9.4</spd>
          <str>88.0</str>
        </logpt>
        <logpt time="2015-08-06T21:53:10Z">
          <spd>9.4</spd>
          <str>88.0</str>
        </logpt>
        <logpt time="2015-08-06T21:53:14Z">
          <spd>9.4</spd>
          <str>88.0</str>
        </logpt>
        <logpt time="2015-08-06T21:53:18Z">
          <spd>9.4</spd>
          <str>89.0</str>
        </logpt>
        <logpt time="2015-08-06T21:53:22Z">
          <spd>9.4</spd>
          <str>88.0</str>
        </logpt>
        <logpt time="2015-08-06T21:53:26Z">
          <spd>9.4</spd>
          <str>88.0</str>
        </logpt>
        <logpt time="2015-08-06T21:53:30Z">
          <spd>9.4</spd>
          <str>88.0</str>
        </logpt>
        <logpt time="2015-08-06T21:53:34Z">
          <spd>9.4</spd>
          <str>88.0</str>
        </logpt>
        <logpt time="2015-08-06T21:53:38Z">
          <spd>9.4</spd>
          <str>88.0</str>
        </logpt>
        <logpt time="2015-08-06T21:53:42Z">
          <spd>9.0</spd>
          <str>89.0</str>
        </logpt>
        <logpt time="2015-08-06T21:53:46Z">
          <spd>9.4</spd>
          <str>88.0</str>
        </logpt>
        <logpt time="2015-08-06T21:53:50Z">
          <spd>9.4</spd>
          <str>88.0</str>
        </logpt>
        <logpt time="2015-08-06T21:53:54Z">
          <spd>9.4</spd>
          <str>88.0</str>
        </logpt>
        <logpt time="2015-08-06T21:53:58Z">
          <spd>9.9</spd>
          <str>88.0</str>
        </logpt>
        <logpt time="2015-08-06T21:54:02Z">
          <spd>9.9</spd>
          <str>88.0</str>
        </logpt>
        <logpt time="2015-08-06T21:54:06Z">
          <spd>9.9</spd>
          <str>88.0</str>
        </logpt>
        <logpt time="2015-08-06T21:54:10Z">
          <spd>9.9</spd>
          <str>88.0</str>
        </logpt>
        <logpt time="2015-08-06T21:54:14Z">
          <spd>9.9</spd>
          <str>88.0</str>
        </logpt>
        <logpt time="2015-08-06T21:54:18Z">
          <spd>9.9</spd>
          <str>88.0</str>
        </logpt>
        <logpt time="2015-08-06T21:54:22Z">
          <spd>10.3</spd>
          <str>88.0</str>
        </logpt>
        <logpt time="2015-08-06T21:54:26Z">
          <spd>10.3</spd>
          <str>88.0</str>
        </logpt>
        <logpt time="2015-08-06T21:54:30Z">
          <spd>10.8</spd>
          <str>88.0</str>
        </logpt>
        <logpt time="2015-08-06T21:54:34Z">
          <spd>10.8</spd>
          <str>88.0</str>
        </logpt>
        <logpt time="2015-08-06T21:54:38Z">
          <spd>10.8</spd>
          <str>88.0</str>
        </logpt>
        <logpt time="2015-08-06T21:54:42Z">
          <spd>10.8</spd>
          <str>88.0</str>
        </logpt>
        <logpt time="2015-08-06T21:54:46Z">
          <spd>10.8</spd>
          <str>88.0</str>
        </logpt>
        <logpt time="2015-08-06T21:54:50Z">
          <spd>10.3</spd>
          <str>88.0</str>
        </logpt>
        <logpt time="2015-08-06T21:54:54Z">
          <spd>10.3</spd>
          <str>88.0</str>
        </logpt>
        <logpt time="2015-08-06T21:54:58Z">
          <spd>9.9</spd>
          <str>88.0</str>
        </logpt>
        <logpt time="2015-08-06T21:55:02Z">
          <spd>9.9</spd>
          <str>88.0</str>
        </logpt>
        <logpt time="2015-08-06T21:55:06Z">
          <spd>9.9</spd>
          <str>88.0</str>
        </logpt>
        <logpt time="2015-08-06T21:55:10Z">
          <spd>9.9</spd>
          <str>88.0</str>
        </logpt>
        <logpt time="2015-08-06T21:55:14Z">
          <spd>9.4</spd>
          <str>88.0</str>
        </logpt>
        <logpt time="2015-08-06T21:55:18Z">
          <spd>9.4</spd>
          <str>88.0</str>
        </logpt>
        <logpt time="2015-08-06T21:55:22Z">
          <spd>9.4</spd>
          <str>88.0</str>
        </logpt>
        <logpt time="2015-08-06T21:55:26Z">
          <spd>9.9</spd>
          <str>88.0</str>
        </logpt>
        <logpt time="2015-08-06T21:55:30Z">
          <spd>9.9</spd>
          <str>88.0</str>
        </logpt>
        <logpt time="2015-08-06T21:55:34Z">
          <spd>9.4</spd>
          <str>88.0</str>
        </logpt>
        <logpt time="2015-08-06T21:55:38Z">
          <spd>8.6</spd>
          <str>87.0</str>
        </logpt>
        <logpt time="2015-08-06T21:55:42Z">
          <spd>7.2</spd>
          <str>85.0</str>
        </logpt>
        <logpt time="2015-08-06T21:55:46Z">
          <spd>6.3</spd>
          <str>83.0</str>
        </logpt>
        <logpt time="2015-08-06T21:55:50Z">
          <spd>5.8</spd>
          <str>82.0</str>
        </logpt>
        <logpt time="2015-08-06T21:55:54Z">
          <spd>6.3</spd>
          <str>82.0</str>
        </logpt>
        <logpt time="2015-08-06T21:55:58Z">
          <spd>6.8</spd>
          <str>81.0</str>
        </logpt>
        <logpt time="2015-08-06T21:56:02Z">
          <spd>7.2</spd>
          <str>81.0</str>
        </logpt>
        <logpt time="2015-08-06T21:56:06Z">
          <spd>7.7</spd>
          <str>81.0</str>
        </logpt>
        <logpt time="2015-08-06T21:56:10Z">
          <spd>8.1</spd>
          <str>81.0</str>
        </logpt>
        <logpt time="2015-08-06T21:56:14Z">
          <spd>8.1</spd>
          <str>81.0</str>
        </logpt>
        <logpt time="2015-08-06T21:56:18Z">
          <spd>8.6</spd>
          <str>81.0</str>
        </logpt>
        <logpt time="2015-08-06T21:56:22Z">
          <spd>9.0</spd>
          <str>81.0</str>
        </logpt>
        <logpt time="2015-08-06T21:56:26Z">
          <spd>9.0</spd>
          <str>81.0</str>
        </logpt>
        <logpt time="2015-08-06T21:56:30Z">
          <spd>9.4</spd>
          <str>81.0</str>
        </logpt>
        <logpt time="2015-08-06T21:56:34Z">
          <spd>9.4</spd>
          <str>81.0</str>
        </logpt>
        <logpt time="2015-08-06T21:56:38Z">
          <spd>9.9</spd>
          <str>83.0</str>
        </logpt>
        <logpt time="2015-08-06T21:56:42Z">
          <spd>9.9</spd>
          <str>84.0</str>
        </logpt>
        <logpt time="2015-08-06T21:56:46Z">
          <spd>9.9</spd>
          <str>86.0</str>
        </logpt>
        <logpt time="2015-08-06T21:56:50Z">
          <spd>9.4</spd>
          <str>87.0</str>
        </logpt>
        <logpt time="2015-08-06T21:56:54Z">
          <spd>9.4</spd>
          <str>88.0</str>
        </logpt>
        <logpt time="2015-08-06T21:56:58Z">
          <spd>9.9</spd>
          <str>88.0</str>
        </logpt>
        <logpt time="2015-08-06T21:57:02Z">
          <spd>9.9</spd>
          <str>89.0</str>
        </logpt>
        <logpt time="2015-08-06T21:57:06Z">
          <spd>9.9</spd>
          <str>89.0</str>
        </logpt>
        <logpt time="2015-08-06T21:57:10Z">
          <spd>9.9</spd>
          <str>89.0</str>
        </logpt>
        <logpt time="2015-08-06T21:57:14Z">
          <spd>9.9</spd>
          <str>88.0</str>
        </logpt>
        <logpt time="2015-08-06T21:57:18Z">
          <spd>9.9</spd>
          <str>89.0</str>
        </logpt>
        <logpt time="2015-08-06T21:57:22Z">
          <spd>9.4</spd>
          <str>88.0</str>
        </logpt>
        <logpt time="2015-08-06T21:57:26Z">
          <spd>9.4</spd>
          <str>89.0</str>
        </logpt>
        <logpt time="2015-08-06T21:57:30Z">
          <spd>9.4</spd>
          <str>89.0</str>
        </logpt>
        <logpt time="2015-08-06T21:57:34Z">
          <spd>9.4</spd>
          <str>89.0</str>
        </logpt>
        <logpt time="2015-08-06T21:57:38Z">
          <spd>9.4</spd>
          <str>88.0</str>
        </logpt>
        <logpt time="2015-08-06T21:57:42Z">
          <spd>9.4</spd>
          <str>89.0</str>
        </logpt>
        <logpt time="2015-08-06T21:57:46Z">
          <spd>9.4</spd>
          <str>89.0</str>
        </logpt>
        <logpt time="2015-08-06T21:57:50Z">
          <spd>9.4</spd>
          <str>89.0</str>
        </logpt>
        <logpt time="2015-08-06T21:57:54Z">
          <spd>9.4</spd>
          <str>88.0</str>
        </logpt>
        <logpt time="2015-08-06T21:57:58Z">
          <spd>9.4</spd>
          <str>89.0</str>
        </logpt>
        <logpt time="2015-08-06T21:58:02Z">
          <spd>9.9</spd>
          <str>89.0</str>
        </logpt>
        <logpt time="2015-08-06T21:58:06Z">
          <spd>9.9</spd>
          <str>89.0</str>
        </logpt>
        <logpt time="2015-08-06T21:58:10Z">
          <spd>9.9</spd>
          <str>88.0</str>
        </logpt>
        <logpt time="2015-08-06T21:58:14Z">
          <spd>9.9</spd>
          <str>89.0</str>
        </logpt>
        <logpt time="2015-08-06T21:58:18Z">
          <spd>9.9</spd>
          <str>89.0</str>
        </logpt>
        <logpt time="2015-08-06T21:58:22Z">
          <spd>9.9</spd>
          <str>89.0</str>
        </logpt>
        <logpt time="2015-08-06T21:58:26Z">
          <spd>9.9</spd>
          <str>89.0</str>
        </logpt>
        <logpt time="2015-08-06T21:58:30Z">
          <spd>9.9</spd>
          <str>89.0</str>
        </logpt>
        <logpt time="2015-08-06T21:58:34Z">
          <spd>9.9</spd>
          <str>89.0</str>
        </logpt>
        <logpt time="2015-08-06T21:58:38Z">
          <spd>9.9</spd>
          <str>89.0</str>
        </logpt>
        <logpt time="2015-08-06T21:58:42Z">
          <spd>9.9</spd>
          <str>89.0</str>
        </logpt>
        <logpt time="2015-08-06T21:58:46Z">
          <spd>9.9</spd>
          <str>89.0</str>
        </logpt>
        <logpt time="2015-08-06T21:58:50Z">
          <spd>9.4</spd>
          <str>89.0</str>
        </logpt>
        <logpt time="2015-08-06T21:58:54Z">
          <spd>9.9</spd>
          <str>90.0</str>
        </logpt>
        <logpt time="2015-08-06T21:58:58Z">
          <spd>9.9</spd>
          <str>90.0</str>
        </logpt>
        <logpt time="2015-08-06T21:59:02Z">
          <spd>9.9</spd>
          <str>89.0</str>
        </logpt>
        <logpt time="2015-08-06T21:59:06Z">
          <spd>9.9</spd>
          <str>89.0</str>
        </logpt>
        <logpt time="2015-08-06T21:59:10Z">
          <spd>9.9</spd>
          <str>90.0</str>
        </logpt>
        <logpt time="2015-08-06T21:59:14Z">
          <spd>9.4</spd>
          <str>90.0</str>
        </logpt>
        <logpt time="2015-08-06T21:59:18Z">
          <spd>9.4</spd>
          <str>89.0</str>
        </logpt>
        <logpt time="2015-08-06T21:59:22Z">
          <spd>9.4</spd>
          <str>89.0</str>
        </logpt>
        <logpt time="2015-08-06T21:59:26Z">
          <spd>9.4</spd>
          <str>89.0</str>
        </logpt>
        <logpt time="2015-08-06T21:59:30Z">
          <spd>9.4</spd>
          <str>89.0</str>
        </logpt>
        <logpt time="2015-08-06T21:59:34Z">
          <spd>9.4</spd>
          <str>89.0</str>
        </logpt>
        <logpt time="2015-08-06T21:59:38Z">
          <spd>9.4</spd>
          <str>89.0</str>
        </logpt>
        <logpt time="2015-08-06T21:59:42Z">
          <spd>9.4</spd>
          <str>89.0</str>
        </logpt>
        <logpt time="2015-08-06T21:59:46Z">
          <spd>9.4</spd>
          <str>89.0</str>
        </logpt>
        <logpt time="2015-08-06T21:59:50Z">
          <spd>9.4</spd>
          <str>89.0</str>
        </logpt>
        <logpt time="2015-08-06T21:59:54Z">
          <spd>9.4</spd>
          <str>89.0</str>
        </logpt>
        <logpt time="2015-08-06T21:59:58Z">
          <spd>9.4</spd>
          <str>89.0</str>
        </logpt>
        <logpt time="2015-08-06T22:00:02Z">
          <spd>9.4</spd>
          <str>89.0</str>
        </logpt>
        <logpt time="2015-08-06T22:00:06Z">
          <spd>9.4</spd>
          <str>89.0</str>
        </logpt>
        <logpt time="2015-08-06T22:00:10Z">
          <spd>9.4</spd>
          <str>89.0</str>
        </logpt>
        <logpt time="2015-08-06T22:00:14Z">
          <spd>9.4</spd>
          <str>89.0</str>
        </logpt>
        <logpt time="2015-08-06T22:00:18Z">
          <spd>9.4</spd>
          <str>89.0</str>
        </logpt>
        <logpt time="2015-08-06T22:00:22Z">
          <spd>9.4</spd>
          <str>89.0</str>
        </logpt>
        <logpt time="2015-08-06T22:00:26Z">
          <spd>9.4</spd>
          <str>89.0</str>
        </logpt>
        <logpt time="2015-08-06T22:00:30Z">
          <spd>9.4</spd>
          <str>89.0</str>
        </logpt>
        <logpt time="2015-08-06T22:00:34Z">
          <spd>9.4</spd>
          <str>90.0</str>
        </logpt>
        <logpt time="2015-08-06T22:00:38Z">
          <spd>9.9</spd>
          <str>89.0</str>
        </logpt>
        <logpt time="2015-08-06T22:00:42Z">
          <spd>9.4</spd>
          <str>89.0</str>
        </logpt>
        <logpt time="2015-08-06T22:00:46Z">
          <spd>9.4</spd>
          <str>89.0</str>
        </logpt>
        <logpt time="2015-08-06T22:00:50Z">
          <spd>9.4</spd>
          <str>89.0</str>
        </logpt>
        <logpt time="2015-08-06T22:00:54Z">
          <spd>9.4</spd>
          <str>89.0</str>
        </logpt>
        <logpt time="2015-08-06T22:00:58Z">
          <spd>9.4</spd>
          <str>89.0</str>
        </logpt>
        <logpt time="2015-08-06T22:01:02Z">
          <spd>9.4</spd>
          <str>89.0</str>
        </logpt>
        <logpt time="2015-08-06T22:01:06Z">
          <spd>9.0</spd>
          <str>89.0</str>
        </logpt>
        <logpt time="2015-08-06T22:01:10Z">
          <spd>9.0</spd>
          <str>89.0</str>
        </logpt>
        <logpt time="2015-08-06T22:01:14Z">
          <spd>9.4</spd>
          <str>89.0</str>
        </logpt>
        <logpt time="2015-08-06T22:01:18Z">
          <spd>9.4</spd>
          <str>89.0</str>
        </logpt>
        <logpt time="2015-08-06T22:01:22Z">
          <spd>9.4</spd>
          <str>89.0</str>
        </logpt>
        <logpt time="2015-08-06T22:01:26Z">
          <spd>9.4</spd>
          <str>89.0</str>
        </logpt>
        <logpt time="2015-08-06T22:01:30Z">
          <spd>9.4</spd>
          <str>89.0</str>
        </logpt>
        <logpt time="2015-08-06T22:01:34Z">
          <spd>9.4</spd>
          <str>89.0</str>
        </logpt>
        <logpt time="2015-08-06T22:01:38Z">
          <spd>9.4</spd>
          <str>89.0</str>
        </logpt>
        <logpt time="2015-08-06T22:01:42Z">
          <spd>9.4</spd>
          <str>89.0</str>
        </logpt>
        <logpt time="2015-08-06T22:01:46Z">
          <spd>9.4</spd>
          <str>89.0</str>
        </logpt>
        <logpt time="2015-08-06T22:01:50Z">
          <spd>9.4</spd>
          <str>89.0</str>
        </logpt>
        <logpt time="2015-08-06T22:01:54Z">
          <spd>9.4</spd>
          <str>89.0</str>
        </logpt>
        <logpt time="2015-08-06T22:01:58Z">
          <spd>9.4</spd>
          <str>89.0</str>
        </logpt>
        <logpt time="2015-08-06T22:02:02Z">
          <spd>9.4</spd>
          <str>89.0</str>
        </logpt>
        <logpt time="2015-08-06T22:02:06Z">
          <spd>9.4</spd>
          <str>89.0</str>
        </logpt>
        <logpt time="2015-08-06T22:02:10Z">
          <spd>9.9</spd>
          <str>89.0</str>
        </logpt>
        <logpt time="2015-08-06T22:02:14Z">
          <spd>9.9</spd>
          <str>89.0</str>
        </logpt>
        <logpt time="2015-08-06T22:02:18Z">
          <spd>9.4</spd>
          <str>89.0</str>
        </logpt>
        <logpt time="2015-08-06T22:02:22Z">
          <spd>9.9</spd>
          <str>89.0</str>
        </logpt>
        <logpt time="2015-08-06T22:02:26Z">
          <spd>9.9</spd>
          <str>89.0</str>
        </logpt>
        <logpt time="2015-08-06T22:02:30Z">
          <spd>9.9</spd>
          <str>89.0</str>
        </logpt>
        <logpt time="2015-08-06T22:02:34Z">
          <spd>9.9</spd>
          <str>89.0</str>
        </logpt>
        <logpt time="2015-08-06T22:02:38Z">
          <spd>9.9</spd>
          <str>89.0</str>
        </logpt>
        <logpt time="2015-08-06T22:02:42Z">
          <spd>9.9</spd>
          <str>89.0</str>
        </logpt>
        <logpt time="2015-08-06T22:02:46Z">
          <spd>10.3</spd>
          <str>89.0</str>
        </logpt>
        <logpt time="2015-08-06T22:02:50Z">
          <spd>9.9</spd>
          <str>89.0</str>
        </logpt>
        <logpt time="2015-08-06T22:02:54Z">
          <spd>9.9</spd>
          <str>89.0</str>
        </logpt>
        <logpt time="2015-08-06T22:02:58Z">
          <spd>9.9</spd>
          <str>89.0</str>
        </logpt>
        <logpt time="2015-08-06T22:03:02Z">
          <spd>9.4</spd>
          <str>89.0</str>
        </logpt>
        <logpt time="2015-08-06T22:03:06Z">
          <spd>9.4</spd>
          <str>89.0</str>
        </logpt>
        <logpt time="2015-08-06T22:03:10Z">
          <spd>9.4</spd>
          <str>89.0</str>
        </logpt>
        <logpt time="2015-08-06T22:03:14Z">
          <spd>9.4</spd>
          <str>89.0</str>
        </logpt>
        <logpt time="2015-08-06T22:03:18Z">
          <spd>9.9</spd>
          <str>89.0</str>
        </logpt>
        <logpt time="2015-08-06T22:03:22Z">
          <spd>10.3</spd>
          <str>89.0</str>
        </logpt>
        <logpt time="2015-08-06T22:03:26Z">
          <spd>10.3</spd>
          <str>89.0</str>
        </logpt>
        <logpt time="2015-08-06T22:03:30Z">
          <spd>10.3</spd>
          <str>88.0</str>
        </logpt>
        <logpt time="2015-08-06T22:03:34Z">
          <spd>10.3</spd>
          <str>89.0</str>
        </logpt>
        <logpt time="2015-08-06T22:03:38Z">
          <spd>9.9</spd>
          <str>89.0</str>
        </logpt>
        <logpt time="2015-08-06T22:03:42Z">
          <spd>10.3</spd>
          <str>88.0</str>
        </logpt>
        <logpt time="2015-08-06T22:03:46Z">
          <spd>10.3</spd>
          <str>88.0</str>
        </logpt>
        <logpt time="2015-08-06T22:03:50Z">
          <spd>9.9</spd>
          <str>89.0</str>
        </logpt>
        <logpt time="2015-08-06T22:03:54Z">
          <spd>9.4</spd>
          <str>87.0</str>
        </logpt>
        <logpt time="2015-08-06T22:03:58Z">
          <spd>8.6</spd>
          <str>87.0</str>
        </logpt>
        <logpt time="2015-08-06T22:04:02Z">
          <spd>8.6</spd>
          <str>87.0</str>
        </logpt>
        <logpt time="2015-08-06T22:04:06Z">
          <spd>8.1</spd>
          <str>87.0</str>
        </logpt>
        <logpt time="2015-08-06T22:04:10Z">
          <spd>8.1</spd>
          <str>87.0</str>
        </logpt>
        <logpt time="2015-08-06T22:04:14Z">
          <spd>9.0</spd>
          <str>87.0</str>
        </logpt>
        <logpt time="2015-08-06T22:04:18Z">
          <spd>9.4</spd>
          <str>87.0</str>
        </logpt>
        <logpt time="2015-08-06T22:04:22Z">
          <spd>9.4</spd>
          <str>87.0</str>
        </logpt>
        <logpt time="2015-08-06T22:04:26Z">
          <spd>9.4</spd>
          <str>87.0</str>
        </logpt>
        <logpt time="2015-08-06T22:04:30Z">
          <spd>9.4</spd>
          <str>87.0</str>
        </logpt>
        <logpt time="2015-08-06T22:04:34Z">
          <spd>9.0</spd>
          <str>86.0</str>
        </logpt>
        <logpt time="2015-08-06T22:04:38Z">
          <spd>9.0</spd>
          <str>86.0</str>
        </logpt>
        <logpt time="2015-08-06T22:04:42Z">
          <spd>9.0</spd>
          <str>86.0</str>
        </logpt>
        <logpt time="2015-08-06T22:04:46Z">
          <spd>9.0</spd>
          <str>84.0</str>
        </logpt>
        <logpt time="2015-08-06T22:04:50Z">
          <spd>8.6</spd>
          <str>84.0</str>
        </logpt>
        <logpt time="2015-08-06T22:04:54Z">
          <spd>8.6</spd>
          <str>85.0</str>
        </logpt>
        <logpt time="2015-08-06T22:04:58Z">
          <spd>9.0</spd>
          <str>85.0</str>
        </logpt>
        <logpt time="2015-08-06T22:05:02Z">
          <spd>9.0</spd>
          <str>85.0</str>
        </logpt>
        <logpt time="2015-08-06T22:05:06Z">
          <spd>9.0</spd>
          <str>85.0</str>
        </logpt>
        <logpt time="2015-08-06T22:05:10Z">
          <spd>9.4</spd>
          <str>85.0</str>
        </logpt>
        <logpt time="2015-08-06T22:05:14Z">
          <spd>9.4</spd>
          <str>85.0</str>
        </logpt>
        <logpt time="2015-08-06T22:05:18Z">
          <spd>9.0</spd>
          <str>85.0</str>
        </logpt>
        <logpt time="2015-08-06T22:05:22Z">
          <spd>9.0</spd>
          <str>85.0</str>
        </logpt>
        <logpt time="2015-08-06T22:05:26Z">
          <spd>9.0</spd>
          <str>85.0</str>
        </logpt>
        <logpt time="2015-08-06T22:05:30Z">
          <spd>9.0</spd>
          <str>85.0</str>
        </logpt>
        <logpt time="2015-08-06T22:05:34Z">
          <spd>9.0</spd>
          <str>86.0</str>
        </logpt>
        <logpt time="2015-08-06T22:05:38Z">
          <spd>8.6</spd>
          <str>86.0</str>
        </logpt>
        <logpt time="2015-08-06T22:05:42Z">
          <spd>8.6</spd>
          <str>86.0</str>
        </logpt>
        <logpt time="2015-08-06T22:05:46Z">
          <spd>8.6</spd>
          <str>87.0</str>
        </logpt>
        <logpt time="2015-08-06T22:05:50Z">
          <spd>9.0</spd>
          <str>87.0</str>
        </logpt>
        <logpt time="2015-08-06T22:05:54Z">
          <spd>9.0</spd>
          <str>87.0</str>
        </logpt>
        <logpt time="2015-08-06T22:05:58Z">
          <spd>9.4</spd>
          <str>87.0</str>
        </logpt>
        <logpt time="2015-08-06T22:06:02Z">
          <spd>9.4</spd>
          <str>86.0</str>
        </logpt>
        <logpt time="2015-08-06T22:06:06Z">
          <spd>9.4</spd>
          <str>86.0</str>
        </logpt>
        <logpt time="2015-08-06T22:06:10Z">
          <spd>9.4</spd>
          <str>86.0</str>
        </logpt>
        <logpt time="2015-08-06T22:06:14Z">
          <spd>9.9</spd>
          <str>86.0</str>
        </logpt>
        <logpt time="2015-08-06T22:06:18Z">
          <spd>9.9</spd>
          <str>86.0</str>
        </logpt>
        <logpt time="2015-08-06T22:06:22Z">
          <spd>9.9</spd>
          <str>86.0</str>
        </logpt>
        <logpt time="2015-08-06T22:06:26Z">
          <spd>9.9</spd>
          <str>86.0</str>
        </logpt>
        <logpt time="2015-08-06T22:06:30Z">
          <spd>9.9</spd>
          <str>86.0</str>
        </logpt>
        <logpt time="2015-08-06T22:06:34Z">
          <spd>9.9</spd>
          <str>85.0</str>
        </logpt>
        <logpt time="2015-08-06T22:06:38Z">
          <spd>9.4</spd>
          <str>85.0</str>
        </logpt>
        <logpt time="2015-08-06T22:06:42Z">
          <spd>9.4</spd>
          <str>86.0</str>
        </logpt>
        <logpt time="2015-08-06T22:06:46Z">
          <spd>9.0</spd>
          <str>86.0</str>
        </logpt>
        <logpt time="2015-08-06T22:06:50Z">
          <spd>9.0</spd>
          <str>86.0</str>
        </logpt>
        <logpt time="2015-08-06T22:06:54Z">
          <spd>9.4</spd>
          <str>86.0</str>
        </logpt>
        <logpt time="2015-08-06T22:06:58Z">
          <spd>9.4</spd>
          <str>87.0</str>
        </logpt>
        <logpt time="2015-08-06T22:07:02Z">
          <spd>9.4</spd>
          <str>87.0</str>
        </logpt>
        <logpt time="2015-08-06T22:07:06Z">
          <spd>9.4</spd>
          <str>87.0</str>
        </logpt>
        <logpt time="2015-08-06T22:07:10Z">
          <spd>9.4</spd>
          <str>87.0</str>
        </logpt>
        <logpt time="2015-08-06T22:07:14Z">
          <spd>9.4</spd>
          <str>87.0</str>
        </logpt>
        <logpt time="2015-08-06T22:07:18Z">
          <spd>9.4</spd>
          <str>87.0</str>
        </logpt>
        <logpt time="2015-08-06T22:07:22Z">
          <spd>9.4</spd>
          <str>87.0</str>
        </logpt>
        <logpt time="2015-08-06T22:07:26Z">
          <spd>9.4</spd>
          <str>87.0</str>
        </logpt>
        <logpt time="2015-08-06T22:07:30Z">
          <spd>9.4</spd>
          <str>87.0</str>
        </logpt>
        <logpt time="2015-08-06T22:07:34Z">
          <spd>9.4</spd>
          <str>88.0</str>
        </logpt>
        <logpt time="2015-08-06T22:07:38Z">
          <spd>9.4</spd>
          <str>88.0</str>
        </logpt>
        <logpt time="2015-08-06T22:07:42Z">
          <spd>9.4</spd>
          <str>88.0</str>
        </logpt>
        <logpt time="2015-08-06T22:07:46Z">
          <spd>9.4</spd>
          <str>88.0</str>
        </logpt>
        <logpt time="2015-08-06T22:07:50Z">
          <spd>9.4</spd>
          <str>88.0</str>
        </logpt>
        <logpt time="2015-08-06T22:07:54Z">
          <spd>9.4</spd>
          <str>89.0</str>
        </logpt>
        <logpt time="2015-08-06T22:07:58Z">
          <spd>9.4</spd>
          <str>88.0</str>
        </logpt>
        <logpt time="2015-08-06T22:08:02Z">
          <spd>9.4</spd>
          <str>88.0</str>
        </logpt>
        <logpt time="2015-08-06T22:08:06Z">
          <spd>9.4</spd>
          <str>89.0</str>
        </logpt>
        <logpt time="2015-08-06T22:08:10Z">
          <spd>9.4</spd>
          <str>88.0</str>
        </logpt>
        <logpt time="2015-08-06T22:08:14Z">
          <spd>9.4</spd>
          <str>89.0</str>
        </logpt>
        <logpt time="2015-08-06T22:08:18Z">
          <spd>9.4</spd>
          <str>89.0</str>
        </logpt>
        <logpt time="2015-08-06T22:08:22Z">
          <spd>9.0</spd>
          <str>88.0</str>
        </logpt>
        <logpt time="2015-08-06T22:08:26Z">
          <spd>9.0</spd>
          <str>87.0</str>
        </logpt>
        <logpt time="2015-08-06T22:08:30Z">
          <spd>9.0</spd>
          <str>88.0</str>
        </logpt>
        <logpt time="2015-08-06T22:08:34Z">
          <spd>9.0</spd>
          <str>88.0</str>
        </logpt>
        <logpt time="2015-08-06T22:08:38Z">
          <spd>9.4</spd>
          <str>88.0</str>
        </logpt>
        <logpt time="2015-08-06T22:08:42Z">
          <spd>9.0</spd>
          <str>88.0</str>
        </logpt>
        <logpt time="2015-08-06T22:08:46Z">
          <spd>9.0</spd>
          <str>87.0</str>
        </logpt>
        <logpt time="2015-08-06T22:08:50Z">
          <spd>9.4</spd>
          <str>87.0</str>
        </logpt>
        <logpt time="2015-08-06T22:08:54Z">
          <spd>9.4</spd>
          <str>87.0</str>
        </logpt>
        <logpt time="2015-08-06T22:08:58Z">
          <spd>9.4</spd>
          <str>87.0</str>
        </logpt>
        <logpt time="2015-08-06T22:09:02Z">
          <spd>9.0</spd>
          <str>86.0</str>
        </logpt>
        <logpt time="2015-08-06T22:09:06Z">
          <spd>8.1</spd>
          <str>86.0</str>
        </logpt>
        <logpt time="2015-08-06T22:09:10Z">
          <spd>8.1</spd>
          <str>86.0</str>
        </logpt>
        <logpt time="2015-08-06T22:09:14Z">
          <spd>8.1</spd>
          <str>85.0</str>
        </logpt>
        <logpt time="2015-08-06T22:09:18Z">
          <spd>8.1</spd>
          <str>85.0</str>
        </logpt>
        <logpt time="2015-08-06T22:09:22Z">
          <spd>9.0</spd>
          <str>86.0</str>
        </logpt>
        <logpt time="2015-08-06T22:09:26Z">
          <spd>9.4</spd>
          <str>86.0</str>
        </logpt>
        <logpt time="2015-08-06T22:09:30Z">
          <spd>9.9</spd>
          <str>86.0</str>
        </logpt>
        <logpt time="2015-08-06T22:09:34Z">
          <spd>9.9</spd>
          <str>86.0</str>
        </logpt>
        <logpt time="2015-08-06T22:09:38Z">
          <spd>10.3</spd>
          <str>86.0</str>
        </logpt>
        <logpt time="2015-08-06T22:09:42Z">
          <spd>9.9</spd>
          <str>86.0</str>
        </logpt>
        <logpt time="2015-08-06T22:09:46Z">
          <spd>9.9</spd>
          <str>86.0</str>
        </logpt>
        <logpt time="2015-08-06T22:09:50Z">
          <spd>9.9</spd>
          <str>86.0</str>
        </logpt>
        <logpt time="2015-08-06T22:09:54Z">
          <spd>9.4</spd>
          <str>86.0</str>
        </logpt>
        <logpt time="2015-08-06T22:09:58Z">
          <spd>9.4</spd>
          <str>86.0</str>
        </logpt>
        <logpt time="2015-08-06T22:10:02Z">
          <spd>9.4</spd>
          <str>86.0</str>
        </logpt>
        <logpt time="2015-08-06T22:10:06Z">
          <spd>9.4</spd>
          <str>87.0</str>
        </logpt>
        <logpt time="2015-08-06T22:10:10Z">
          <spd>9.9</spd>
          <str>87.0</str>
        </logpt>
        <logpt time="2015-08-06T22:10:14Z">
          <spd>9.9</spd>
          <str>87.0</str>
        </logpt>
        <logpt time="2015-08-06T22:10:18Z">
          <spd>9.9</spd>
          <str>87.0</str>
        </logpt>
        <logpt time="2015-08-06T22:10:22Z">
          <spd>9.9</spd>
          <str>87.0</str>
        </logpt>
        <logpt time="2015-08-06T22:10:26Z">
          <spd>9.4</spd>
          <str>87.0</str>
        </logpt>
        <logpt time="2015-08-06T22:10:30Z">
          <spd>9.4</spd>
          <str>87.0</str>
        </logpt>
        <logpt time="2015-08-06T22:10:34Z">
          <spd>9.0</spd>
          <str>87.0</str>
        </logpt>
        <logpt time="2015-08-06T22:10:38Z">
          <spd>9.0</spd>
          <str>87.0</str>
        </logpt>
        <logpt time="2015-08-06T22:10:42Z">
          <spd>8.6</spd>
          <str>87.0</str>
        </logpt>
        <logpt time="2015-08-06T22:10:46Z">
          <spd>8.1</spd>
          <str>87.0</str>
        </logpt>
        <logpt time="2015-08-06T22:10:50Z">
          <spd>8.1</spd>
          <str>87.0</str>
        </logpt>
        <logpt time="2015-08-06T22:10:54Z">
          <spd>8.1</spd>
          <str>87.0</str>
        </logpt>
        <logpt time="2015-08-06T22:10:58Z">
          <spd>8.6</spd>
          <str>87.0</str>
        </logpt>
        <logpt time="2015-08-06T22:11:02Z">
          <spd>8.6</spd>
          <str>87.0</str>
        </logpt>
        <logpt time="2015-08-06T22:11:06Z">
          <spd>8.6</spd>
          <str>87.0</str>
        </logpt>
        <logpt time="2015-08-06T22:11:10Z">
          <spd>8.6</spd>
          <str>87.0</str>
        </logpt>
        <logpt time="2015-08-06T22:11:14Z">
          <spd>8.6</spd>
          <str>87.0</str>
        </logpt>
        <logpt time="2015-08-06T22:11:18Z">
          <spd>8.1</spd>
          <str>87.0</str>
        </logpt>
        <logpt time="2015-08-06T22:11:22Z">
          <spd>8.1</spd>
          <str>87.0</str>
        </logpt>
        <logpt time="2015-08-06T22:11:26Z">
          <spd>8.1</spd>
          <str>87.0</str>
        </logpt>
        <breaktype>2</breaktype>
      </logseg>
    </ssrlog>
    <laps>
      <summary start="2015-08-06T21:37:22Z" type="0" end="2015-08-06T22:11:25Z" isautolap="0">
        <distance>4921</distance>
        <calorie>290</calorie>
        <speed max="10.35" avg="9.45"/>
        <cad max="90" avg="86"/>
        <rtime>1878</rtime>
        <acttype subtype="0">1</acttype>
      </summary>
    </laps>
  </extensions>
</gpx>
