<?xml version='1.0' encoding='utf-8'?>
<gpx xmlns:xsi="http://www.w3.org/2001/XMLSchema-instance" xmlns="http://www.brytonsport.com/BDX/2/2" version="2.2.0.3" creator="bryton">
  <metadata>
    <name>2015/07/18 05:52</name>
    <time>2015-07-17T21:52:52Z</time>
    <bounds minlat="35.952531" maxlon="120.226869" minlon="120.207329" maxlat="35.965074"/>
    <extensions>
      <user>
        <bike>0<wheel>204.00</wheel></bike>
        <weight>68</weight>
        <gender>1</gender>
        <height>172</height>
        <age>28</age>
        <mhr>190</mhr>
        <lthr>172</lthr>
        <map>0</map>
        <ftp>0</ftp>
        <zonedef type="1">
          <zone high="74" id="1" low="0"/>
          <zone high="80" id="2" low="74"/>
          <zone high="85" id="3" low="80"/>
          <zone high="91" id="4" low="85"/>
          <zone high="93" id="5" low="91"/>
          <zone high="95" id="6" low="93"/>
          <zone high="0" id="7" low="95"/>
        </zonedef>
        <zonedef type="2">
          <zone high="80" id="1" low="0"/>
          <zone high="87" id="2" low="80"/>
          <zone high="91" id="3" low="87"/>
          <zone high="100" id="4" low="91"/>
          <zone high="101" id="5" low="100"/>
          <zone high="105" id="6" low="101"/>
          <zone high="0" id="7" low="105"/>
        </zonedef>
        <zonedef type="3">
          <zone high="40" id="1" low="17"/>
          <zone high="55" id="2" low="40"/>
          <zone high="65" id="3" low="55"/>
          <zone high="75" id="4" low="65"/>
          <zone high="85" id="5" low="75"/>
          <zone high="110" id="6" low="85"/>
          <zone high="65535" id="7" low="110"/>
        </zonedef>
        <zonedef type="4">
          <zone high="55" id="1" low="23"/>
          <zone high="75" id="2" low="55"/>
          <zone high="90" id="3" low="75"/>
          <zone high="105" id="4" low="90"/>
          <zone high="120" id="5" low="105"/>
          <zone high="150" id="6" low="120"/>
          <zone high="65535" id="7" low="150"/>
        </zonedef>
      </user>
      <sys version="1.0.0.R041 BB2.8.0.14">Cardio60<apps><app version="148" name="bc"/></apps></sys>
      <sharetype>2</sharetype>
      <acttype subtype="0">1</acttype>
      <trvTime>31</trvTime>
      <trvDist>5012</trvDist>
      <stime>1437169972</stime>
      <etime>1437171865</etime>
    </extensions>
  </metadata>
  <rte>
    <number>2</number>
    <rtept lat="35.957826" lon="120.209863">
      <type>1</type>
    </rtept>
    <rtept lat="35.956574" lon="120.208415">
      <type>2</type>
    </rtept>
  </rte>
  <trk>
    <trkseg>
      <trkpt lat="35.957826" lon="120.209863">
        <ele>14.5</ele>
        <time>2015-07-17T21:52:59Z</time>
      </trkpt>
      <trkpt lat="35.957876" lon="120.209892">
        <ele>14.4</ele>
        <time>2015-07-17T21:53:03Z</time>
      </trkpt>
      <trkpt lat="35.957985" lon="120.209602">
        <ele>14.4</ele>
        <time>2015-07-17T21:53:39Z</time>
      </trkpt>
      <trkpt lat="35.958018" lon="120.209658">
        <ele>14.4</ele>
        <time>2015-07-17T21:53:43Z</time>
      </trkpt>
      <trkpt lat="35.958029" lon="120.20974">
        <ele>14.4</ele>
        <time>2015-07-17T21:53:47Z</time>
      </trkpt>
      <trkpt lat="35.958044" lon="120.209835">
        <ele>14.5</ele>
        <time>2015-07-17T21:53:51Z</time>
      </trkpt>
      <trkpt lat="35.958055" lon="120.20994">
        <ele>14.6</ele>
        <time>2015-07-17T21:53:55Z</time>
      </trkpt>
      <trkpt lat="35.958062" lon="120.210044">
        <ele>14.7</ele>
        <time>2015-07-17T21:53:59Z</time>
      </trkpt>
      <trkpt lat="35.958068" lon="120.210154">
        <ele>14.8</ele>
        <time>2015-07-17T21:54:03Z</time>
      </trkpt>
      <trkpt lat="35.958073" lon="120.210273">
        <ele>15.0</ele>
        <time>2015-07-17T21:54:07Z</time>
      </trkpt>
      <trkpt lat="35.958105" lon="120.210385">
        <ele>15.2</ele>
        <time>2015-07-17T21:54:15Z</time>
      </trkpt>
      <trkpt lat="35.95815" lon="120.21055">
        <ele>15.5</ele>
        <time>2015-07-17T21:54:19Z</time>
      </trkpt>
      <trkpt lat="35.958198" lon="120.210586">
        <ele>15.7</ele>
        <time>2015-07-17T21:54:23Z</time>
      </trkpt>
      <trkpt lat="35.958279" lon="120.210598">
        <ele>16.0</ele>
        <time>2015-07-17T21:54:27Z</time>
      </trkpt>
      <trkpt lat="35.958362" lon="120.210596">
        <ele>16.2</ele>
        <time>2015-07-17T21:54:31Z</time>
      </trkpt>
      <trkpt lat="35.958417" lon="120.210586">
        <ele>16.5</ele>
        <time>2015-07-17T21:54:35Z</time>
      </trkpt>
      <trkpt lat="35.958472" lon="120.210587">
        <ele>16.8</ele>
        <time>2015-07-17T21:54:39Z</time>
      </trkpt>
      <trkpt lat="35.95853" lon="120.21061">
        <ele>17.1</ele>
        <time>2015-07-17T21:54:43Z</time>
      </trkpt>
      <trkpt lat="35.958619" lon="120.210621">
        <ele>17.5</ele>
        <time>2015-07-17T21:54:47Z</time>
      </trkpt>
      <trkpt lat="35.958771" lon="120.210564">
        <ele>17.9</ele>
        <time>2015-07-17T21:54:51Z</time>
      </trkpt>
      <trkpt lat="35.958887" lon="120.21051">
        <ele>18.4</ele>
        <time>2015-07-17T21:54:55Z</time>
      </trkpt>
      <trkpt lat="35.958971" lon="120.210503">
        <ele>18.8</ele>
        <time>2015-07-17T21:54:59Z</time>
      </trkpt>
      <trkpt lat="35.959061" lon="120.210516">
        <ele>19.3</ele>
        <time>2015-07-17T21:55:03Z</time>
      </trkpt>
      <trkpt lat="35.959139" lon="120.210521">
        <ele>19.8</ele>
        <time>2015-07-17T21:55:07Z</time>
      </trkpt>
      <trkpt lat="35.959196" lon="120.210499">
        <ele>20.2</ele>
        <time>2015-07-17T21:55:15Z</time>
      </trkpt>
      <trkpt lat="35.959268" lon="120.210445">
        <ele>20.7</ele>
        <time>2015-07-17T21:55:19Z</time>
      </trkpt>
      <trkpt lat="35.959361" lon="120.210366">
        <ele>21.1</ele>
        <time>2015-07-17T21:55:23Z</time>
      </trkpt>
      <trkpt lat="35.959589" lon="120.210233">
        <ele>21.5</ele>
        <time>2015-07-17T21:55:27Z</time>
      </trkpt>
      <trkpt lat="35.959796" lon="120.210125">
        <ele>21.9</ele>
        <time>2015-07-17T21:55:35Z</time>
      </trkpt>
      <trkpt lat="35.959863" lon="120.210089">
        <ele>22.2</ele>
        <time>2015-07-17T21:55:39Z</time>
      </trkpt>
      <trkpt lat="35.959913" lon="120.210052">
        <ele>22.4</ele>
        <time>2015-07-17T21:55:43Z</time>
      </trkpt>
      <trkpt lat="35.959954" lon="120.210011">
        <ele>22.6</ele>
        <time>2015-07-17T21:55:47Z</time>
      </trkpt>
      <trkpt lat="35.959982" lon="120.209974">
        <ele>22.7</ele>
        <time>2015-07-17T21:55:51Z</time>
      </trkpt>
      <trkpt lat="35.960076" lon="120.209961">
        <ele>22.8</ele>
        <time>2015-07-17T21:55:55Z</time>
      </trkpt>
      <trkpt lat="35.960197" lon="120.209955">
        <ele>22.9</ele>
        <time>2015-07-17T21:55:59Z</time>
      </trkpt>
      <trkpt lat="35.960286" lon="120.209938">
        <ele>22.9</ele>
        <time>2015-07-17T21:56:03Z</time>
      </trkpt>
      <trkpt lat="35.960383" lon="120.209963">
        <ele>22.9</ele>
        <time>2015-07-17T21:56:07Z</time>
      </trkpt>
      <trkpt lat="35.960476" lon="120.210047">
        <ele>22.8</ele>
        <time>2015-07-17T21:56:11Z</time>
      </trkpt>
      <trkpt lat="35.960541" lon="120.210158">
        <ele>22.7</ele>
        <time>2015-07-17T21:56:15Z</time>
      </trkpt>
      <trkpt lat="35.960569" lon="120.210292">
        <ele>22.6</ele>
        <time>2015-07-17T21:56:19Z</time>
      </trkpt>
      <trkpt lat="35.960589" lon="120.210419">
        <ele>22.3</ele>
        <time>2015-07-17T21:56:23Z</time>
      </trkpt>
      <trkpt lat="35.960626" lon="120.210537">
        <ele>22.1</ele>
        <time>2015-07-17T21:56:27Z</time>
      </trkpt>
      <trkpt lat="35.960649" lon="120.210662">
        <ele>21.9</ele>
        <time>2015-07-17T21:56:35Z</time>
      </trkpt>
      <trkpt lat="35.96071" lon="120.21086">
        <ele>21.7</ele>
        <time>2015-07-17T21:56:39Z</time>
      </trkpt>
      <trkpt lat="35.960751" lon="120.211121">
        <ele>21.4</ele>
        <time>2015-07-17T21:56:47Z</time>
      </trkpt>
      <trkpt lat="35.960763" lon="120.211228">
        <ele>21.1</ele>
        <time>2015-07-17T21:56:55Z</time>
      </trkpt>
      <trkpt lat="35.960763" lon="120.211455">
        <ele>20.8</ele>
        <time>2015-07-17T21:56:59Z</time>
      </trkpt>
      <trkpt lat="35.960769" lon="120.21157">
        <ele>20.6</ele>
        <time>2015-07-17T21:57:03Z</time>
      </trkpt>
      <trkpt lat="35.960783" lon="120.211683">
        <ele>20.3</ele>
        <time>2015-07-17T21:57:07Z</time>
      </trkpt>
      <trkpt lat="35.96081" lon="120.211796">
        <ele>20.0</ele>
        <time>2015-07-17T21:57:15Z</time>
      </trkpt>
      <trkpt lat="35.96089" lon="120.212043">
        <ele>19.7</ele>
        <time>2015-07-17T21:57:19Z</time>
      </trkpt>
      <trkpt lat="35.960939" lon="120.212134">
        <ele>19.5</ele>
        <time>2015-07-17T21:57:23Z</time>
      </trkpt>
      <trkpt lat="35.960983" lon="120.212204">
        <ele>19.3</ele>
        <time>2015-07-17T21:57:31Z</time>
      </trkpt>
      <trkpt lat="35.960983" lon="120.212252">
        <ele>19.0</ele>
        <time>2015-07-17T21:57:35Z</time>
      </trkpt>
      <trkpt lat="35.961003" lon="120.212346">
        <ele>18.8</ele>
        <time>2015-07-17T21:57:39Z</time>
      </trkpt>
      <trkpt lat="35.961041" lon="120.212448">
        <ele>18.5</ele>
        <time>2015-07-17T21:57:43Z</time>
      </trkpt>
      <trkpt lat="35.961083" lon="120.212561">
        <ele>18.3</ele>
        <time>2015-07-17T21:57:47Z</time>
      </trkpt>
      <trkpt lat="35.961102" lon="120.212677">
        <ele>18.1</ele>
        <time>2015-07-17T21:57:51Z</time>
      </trkpt>
      <trkpt lat="35.961105" lon="120.212792">
        <ele>18.0</ele>
        <time>2015-07-17T21:57:55Z</time>
      </trkpt>
      <trkpt lat="35.961117" lon="120.212901">
        <ele>17.9</ele>
        <time>2015-07-17T21:57:59Z</time>
      </trkpt>
      <trkpt lat="35.961134" lon="120.213003">
        <ele>17.9</ele>
        <time>2015-07-17T21:58:03Z</time>
      </trkpt>
      <trkpt lat="35.961159" lon="120.213113">
        <ele>17.9</ele>
        <time>2015-07-17T21:58:07Z</time>
      </trkpt>
      <trkpt lat="35.961182" lon="120.213227">
        <ele>18.0</ele>
        <time>2015-07-17T21:58:11Z</time>
      </trkpt>
      <trkpt lat="35.961206" lon="120.213351">
        <ele>18.0</ele>
        <time>2015-07-17T21:58:15Z</time>
      </trkpt>
      <trkpt lat="35.96122" lon="120.213492">
        <ele>18.1</ele>
        <time>2015-07-17T21:58:19Z</time>
      </trkpt>
      <trkpt lat="35.961246" lon="120.213633">
        <ele>18.2</ele>
        <time>2015-07-17T21:58:23Z</time>
      </trkpt>
      <trkpt lat="35.961292" lon="120.213762">
        <ele>18.3</ele>
        <time>2015-07-17T21:58:27Z</time>
      </trkpt>
      <trkpt lat="35.961344" lon="120.213881">
        <ele>18.3</ele>
        <time>2015-07-17T21:58:31Z</time>
      </trkpt>
      <trkpt lat="35.961385" lon="120.214013">
        <ele>18.5</ele>
        <time>2015-07-17T21:58:35Z</time>
      </trkpt>
      <trkpt lat="35.961402" lon="120.214157">
        <ele>18.6</ele>
        <time>2015-07-17T21:58:43Z</time>
      </trkpt>
      <trkpt lat="35.961435" lon="120.214392">
        <ele>18.7</ele>
        <time>2015-07-17T21:58:47Z</time>
      </trkpt>
      <trkpt lat="35.961477" lon="120.214611">
        <ele>18.8</ele>
        <time>2015-07-17T21:58:55Z</time>
      </trkpt>
      <trkpt lat="35.961481" lon="120.214745">
        <ele>19.0</ele>
        <time>2015-07-17T21:59:03Z</time>
      </trkpt>
      <trkpt lat="35.961516" lon="120.21499">
        <ele>19.2</ele>
        <time>2015-07-17T21:59:07Z</time>
      </trkpt>
      <trkpt lat="35.961543" lon="120.215103">
        <ele>19.4</ele>
        <time>2015-07-17T21:59:11Z</time>
      </trkpt>
      <trkpt lat="35.961571" lon="120.215225">
        <ele>19.6</ele>
        <time>2015-07-17T21:59:15Z</time>
      </trkpt>
      <trkpt lat="35.961595" lon="120.215344">
        <ele>19.8</ele>
        <time>2015-07-17T21:59:19Z</time>
      </trkpt>
      <trkpt lat="35.961629" lon="120.21545">
        <ele>20.0</ele>
        <time>2015-07-17T21:59:23Z</time>
      </trkpt>
      <trkpt lat="35.961673" lon="120.215561">
        <ele>20.1</ele>
        <time>2015-07-17T21:59:27Z</time>
      </trkpt>
      <trkpt lat="35.961712" lon="120.215666">
        <ele>20.2</ele>
        <time>2015-07-17T21:59:31Z</time>
      </trkpt>
      <trkpt lat="35.961752" lon="120.215899">
        <ele>20.3</ele>
        <time>2015-07-17T21:59:39Z</time>
      </trkpt>
      <trkpt lat="35.961798" lon="120.216002">
        <ele>20.3</ele>
        <time>2015-07-17T21:59:43Z</time>
      </trkpt>
      <trkpt lat="35.961837" lon="120.216112">
        <ele>20.3</ele>
        <time>2015-07-17T21:59:47Z</time>
      </trkpt>
      <trkpt lat="35.961867" lon="120.216246">
        <ele>20.3</ele>
        <time>2015-07-17T21:59:51Z</time>
      </trkpt>
      <trkpt lat="35.961902" lon="120.216372">
        <ele>20.3</ele>
        <time>2015-07-17T21:59:55Z</time>
      </trkpt>
      <trkpt lat="35.961946" lon="120.216479">
        <ele>20.2</ele>
        <time>2015-07-17T21:59:59Z</time>
      </trkpt>
      <trkpt lat="35.961983" lon="120.216578">
        <ele>20.2</ele>
        <time>2015-07-17T22:00:03Z</time>
      </trkpt>
      <trkpt lat="35.962031" lon="120.216684">
        <ele>20.1</ele>
        <time>2015-07-17T22:00:07Z</time>
      </trkpt>
      <trkpt lat="35.962067" lon="120.216786">
        <ele>20.0</ele>
        <time>2015-07-17T22:00:11Z</time>
      </trkpt>
      <trkpt lat="35.962101" lon="120.216878">
        <ele>19.8</ele>
        <time>2015-07-17T22:00:15Z</time>
      </trkpt>
      <trkpt lat="35.962154" lon="120.216977">
        <ele>19.7</ele>
        <time>2015-07-17T22:00:19Z</time>
      </trkpt>
      <trkpt lat="35.962196" lon="120.21708">
        <ele>19.5</ele>
        <time>2015-07-17T22:00:23Z</time>
      </trkpt>
      <trkpt lat="35.962239" lon="120.217185">
        <ele>19.3</ele>
        <time>2015-07-17T22:00:27Z</time>
      </trkpt>
      <trkpt lat="35.962287" lon="120.217307">
        <ele>19.1</ele>
        <time>2015-07-17T22:00:31Z</time>
      </trkpt>
      <trkpt lat="35.962324" lon="120.21743">
        <ele>18.9</ele>
        <time>2015-07-17T22:00:35Z</time>
      </trkpt>
      <trkpt lat="35.962359" lon="120.217535">
        <ele>18.7</ele>
        <time>2015-07-17T22:00:39Z</time>
      </trkpt>
      <trkpt lat="35.962403" lon="120.217635">
        <ele>18.6</ele>
        <time>2015-07-17T22:00:43Z</time>
      </trkpt>
      <trkpt lat="35.962457" lon="120.217749">
        <ele>18.5</ele>
        <time>2015-07-17T22:00:51Z</time>
      </trkpt>
      <trkpt lat="35.962573" lon="120.217994">
        <ele>18.4</ele>
        <time>2015-07-17T22:00:55Z</time>
      </trkpt>
      <trkpt lat="35.962661" lon="120.218235">
        <ele>18.4</ele>
        <time>2015-07-17T22:01:03Z</time>
      </trkpt>
      <trkpt lat="35.962703" lon="120.218327">
        <ele>18.4</ele>
        <time>2015-07-17T22:01:11Z</time>
      </trkpt>
      <trkpt lat="35.962798" lon="120.218529">
        <ele>18.3</ele>
        <time>2015-07-17T22:01:15Z</time>
      </trkpt>
      <trkpt lat="35.96285" lon="120.218628">
        <ele>18.3</ele>
        <time>2015-07-17T22:01:19Z</time>
      </trkpt>
      <trkpt lat="35.962897" lon="120.218738">
        <ele>18.3</ele>
        <time>2015-07-17T22:01:23Z</time>
      </trkpt>
      <trkpt lat="35.962946" lon="120.218859">
        <ele>18.3</ele>
        <time>2015-07-17T22:01:27Z</time>
      </trkpt>
      <trkpt lat="35.962975" lon="120.218983">
        <ele>18.3</ele>
        <time>2015-07-17T22:01:31Z</time>
      </trkpt>
      <trkpt lat="35.963027" lon="120.219084">
        <ele>18.3</ele>
        <time>2015-07-17T22:01:35Z</time>
      </trkpt>
      <trkpt lat="35.963083" lon="120.21917">
        <ele>18.3</ele>
        <time>2015-07-17T22:01:39Z</time>
      </trkpt>
      <trkpt lat="35.963192" lon="120.21939">
        <ele>18.4</ele>
        <time>2015-07-17T22:01:47Z</time>
      </trkpt>
      <trkpt lat="35.963219" lon="120.219494">
        <ele>18.4</ele>
        <time>2015-07-17T22:01:51Z</time>
      </trkpt>
      <trkpt lat="35.963254" lon="120.219599">
        <ele>18.4</ele>
        <time>2015-07-17T22:01:55Z</time>
      </trkpt>
      <trkpt lat="35.963288" lon="120.219708">
        <ele>18.4</ele>
        <time>2015-07-17T22:01:59Z</time>
      </trkpt>
      <trkpt lat="35.963317" lon="120.219809">
        <ele>18.4</ele>
        <time>2015-07-17T22:02:03Z</time>
      </trkpt>
      <trkpt lat="35.963351" lon="120.219926">
        <ele>18.5</ele>
        <time>2015-07-17T22:02:07Z</time>
      </trkpt>
      <trkpt lat="35.963394" lon="120.220048">
        <ele>18.5</ele>
        <time>2015-07-17T22:02:11Z</time>
      </trkpt>
      <trkpt lat="35.96346" lon="120.220156">
        <ele>18.4</ele>
        <time>2015-07-17T22:02:15Z</time>
      </trkpt>
      <trkpt lat="35.96353" lon="120.220257">
        <ele>18.4</ele>
        <time>2015-07-17T22:02:19Z</time>
      </trkpt>
      <trkpt lat="35.963596" lon="120.220368">
        <ele>18.3</ele>
        <time>2015-07-17T22:02:23Z</time>
      </trkpt>
      <trkpt lat="35.963665" lon="120.220492">
        <ele>18.2</ele>
        <time>2015-07-17T22:02:27Z</time>
      </trkpt>
      <trkpt lat="35.963731" lon="120.22062">
        <ele>18.0</ele>
        <time>2015-07-17T22:02:31Z</time>
      </trkpt>
      <trkpt lat="35.963807" lon="120.220726">
        <ele>17.7</ele>
        <time>2015-07-17T22:02:35Z</time>
      </trkpt>
      <trkpt lat="35.963832" lon="120.220848">
        <ele>17.5</ele>
        <time>2015-07-17T22:02:39Z</time>
      </trkpt>
      <trkpt lat="35.963864" lon="120.220957">
        <ele>17.2</ele>
        <time>2015-07-17T22:02:43Z</time>
      </trkpt>
      <trkpt lat="35.963931" lon="120.221076">
        <ele>16.9</ele>
        <time>2015-07-17T22:02:47Z</time>
      </trkpt>
      <trkpt lat="35.963978" lon="120.221208">
        <ele>16.7</ele>
        <time>2015-07-17T22:02:51Z</time>
      </trkpt>
      <trkpt lat="35.964012" lon="120.22133">
        <ele>16.4</ele>
        <time>2015-07-17T22:02:55Z</time>
      </trkpt>
      <trkpt lat="35.964043" lon="120.221437">
        <ele>16.0</ele>
        <time>2015-07-17T22:02:59Z</time>
      </trkpt>
      <trkpt lat="35.964057" lon="120.221542">
        <ele>15.6</ele>
        <time>2015-07-17T22:03:03Z</time>
      </trkpt>
      <trkpt lat="35.964078" lon="120.221648">
        <ele>15.1</ele>
        <time>2015-07-17T22:03:07Z</time>
      </trkpt>
      <trkpt lat="35.964073" lon="120.221766">
        <ele>14.6</ele>
        <time>2015-07-17T22:03:11Z</time>
      </trkpt>
      <trkpt lat="35.964074" lon="120.221877">
        <ele>14.0</ele>
        <time>2015-07-17T22:03:15Z</time>
      </trkpt>
      <trkpt lat="35.964069" lon="120.221984">
        <ele>13.4</ele>
        <time>2015-07-17T22:03:19Z</time>
      </trkpt>
      <trkpt lat="35.96409" lon="120.222079">
        <ele>12.8</ele>
        <time>2015-07-17T22:03:23Z</time>
      </trkpt>
      <trkpt lat="35.9642" lon="120.222166">
        <ele>12.2</ele>
        <time>2015-07-17T22:03:27Z</time>
      </trkpt>
      <trkpt lat="35.964327" lon="120.222251">
        <ele>11.6</ele>
        <time>2015-07-17T22:03:31Z</time>
      </trkpt>
      <trkpt lat="35.964405" lon="120.222351">
        <ele>11.0</ele>
        <time>2015-07-17T22:03:35Z</time>
      </trkpt>
      <trkpt lat="35.964464" lon="120.222464">
        <ele>10.4</ele>
        <time>2015-07-17T22:03:39Z</time>
      </trkpt>
      <trkpt lat="35.96454" lon="120.222574">
        <ele>9.9</ele>
        <time>2015-07-17T22:03:43Z</time>
      </trkpt>
      <trkpt lat="35.964607" lon="120.222684">
        <ele>9.3</ele>
        <time>2015-07-17T22:03:47Z</time>
      </trkpt>
      <trkpt lat="35.964677" lon="120.222807">
        <ele>8.7</ele>
        <time>2015-07-17T22:03:51Z</time>
      </trkpt>
      <trkpt lat="35.964737" lon="120.222929">
        <ele>8.2</ele>
        <time>2015-07-17T22:03:55Z</time>
      </trkpt>
      <trkpt lat="35.96478" lon="120.223033">
        <ele>7.7</ele>
        <time>2015-07-17T22:03:59Z</time>
      </trkpt>
      <trkpt lat="35.964821" lon="120.223133">
        <ele>7.2</ele>
        <time>2015-07-17T22:04:03Z</time>
      </trkpt>
      <trkpt lat="35.964865" lon="120.223266">
        <ele>6.7</ele>
        <time>2015-07-17T22:04:07Z</time>
      </trkpt>
      <trkpt lat="35.96491" lon="120.223413">
        <ele>6.2</ele>
        <time>2015-07-17T22:04:11Z</time>
      </trkpt>
      <trkpt lat="35.964976" lon="120.223539">
        <ele>5.7</ele>
        <time>2015-07-17T22:04:15Z</time>
      </trkpt>
      <trkpt lat="35.96503" lon="120.223637">
        <ele>5.3</ele>
        <time>2015-07-17T22:04:19Z</time>
      </trkpt>
      <trkpt lat="35.965074" lon="120.223738">
        <ele>4.9</ele>
        <time>2015-07-17T22:04:23Z</time>
      </trkpt>
      <trkpt lat="35.96507" lon="120.22388">
        <ele>4.6</ele>
        <time>2015-07-17T22:04:27Z</time>
      </trkpt>
      <trkpt lat="35.965033" lon="120.224028">
        <ele>4.3</ele>
        <time>2015-07-17T22:04:31Z</time>
      </trkpt>
      <trkpt lat="35.964971" lon="120.224142">
        <ele>4.1</ele>
        <time>2015-07-17T22:04:35Z</time>
      </trkpt>
      <trkpt lat="35.964875" lon="120.224225">
        <ele>4.0</ele>
        <time>2015-07-17T22:04:39Z</time>
      </trkpt>
      <trkpt lat="35.964762" lon="120.224284">
        <ele>4.0</ele>
        <time>2015-07-17T22:04:43Z</time>
      </trkpt>
      <trkpt lat="35.964654" lon="120.224325">
        <ele>3.9</ele>
        <time>2015-07-17T22:04:47Z</time>
      </trkpt>
      <trkpt lat="35.964544" lon="120.224368">
        <ele>3.9</ele>
        <time>2015-07-17T22:04:51Z</time>
      </trkpt>
      <trkpt lat="35.964428" lon="120.224426">
        <ele>3.8</ele>
        <time>2015-07-17T22:04:55Z</time>
      </trkpt>
      <trkpt lat="35.964309" lon="120.224467">
        <ele>3.8</ele>
        <time>2015-07-17T22:04:59Z</time>
      </trkpt>
      <trkpt lat="35.964189" lon="120.224502">
        <ele>3.8</ele>
        <time>2015-07-17T22:05:03Z</time>
      </trkpt>
      <trkpt lat="35.964078" lon="120.224551">
        <ele>3.9</ele>
        <time>2015-07-17T22:05:07Z</time>
      </trkpt>
      <trkpt lat="35.963981" lon="120.224606">
        <ele>3.9</ele>
        <time>2015-07-17T22:05:11Z</time>
      </trkpt>
      <trkpt lat="35.963885" lon="120.224664">
        <ele>3.9</ele>
        <time>2015-07-17T22:05:15Z</time>
      </trkpt>
      <trkpt lat="35.963788" lon="120.224704">
        <ele>4.0</ele>
        <time>2015-07-17T22:05:19Z</time>
      </trkpt>
      <trkpt lat="35.963691" lon="120.224728">
        <ele>4.0</ele>
        <time>2015-07-17T22:05:23Z</time>
      </trkpt>
      <trkpt lat="35.963607" lon="120.224788">
        <ele>4.1</ele>
        <time>2015-07-17T22:05:27Z</time>
      </trkpt>
      <trkpt lat="35.963516" lon="120.224843">
        <ele>4.3</ele>
        <time>2015-07-17T22:05:31Z</time>
      </trkpt>
      <trkpt lat="35.963421" lon="120.224901">
        <ele>4.4</ele>
        <time>2015-07-17T22:05:35Z</time>
      </trkpt>
      <trkpt lat="35.963318" lon="120.224965">
        <ele>4.6</ele>
        <time>2015-07-17T22:05:39Z</time>
      </trkpt>
      <trkpt lat="35.963217" lon="120.225025">
        <ele>4.7</ele>
        <time>2015-07-17T22:05:43Z</time>
      </trkpt>
      <trkpt lat="35.963124" lon="120.225075">
        <ele>4.9</ele>
        <time>2015-07-17T22:05:47Z</time>
      </trkpt>
      <trkpt lat="35.96303" lon="120.225104">
        <ele>5.1</ele>
        <time>2015-07-17T22:05:51Z</time>
      </trkpt>
      <trkpt lat="35.962945" lon="120.225137">
        <ele>5.3</ele>
        <time>2015-07-17T22:05:55Z</time>
      </trkpt>
      <trkpt lat="35.962852" lon="120.225181">
        <ele>5.5</ele>
        <time>2015-07-17T22:05:59Z</time>
      </trkpt>
      <trkpt lat="35.962774" lon="120.225215">
        <ele>5.7</ele>
        <time>2015-07-17T22:06:03Z</time>
      </trkpt>
      <trkpt lat="35.96269" lon="120.225263">
        <ele>5.9</ele>
        <time>2015-07-17T22:06:07Z</time>
      </trkpt>
      <trkpt lat="35.962595" lon="120.225305">
        <ele>6.1</ele>
        <time>2015-07-17T22:06:11Z</time>
      </trkpt>
      <trkpt lat="35.962498" lon="120.225354">
        <ele>6.4</ele>
        <time>2015-07-17T22:06:15Z</time>
      </trkpt>
      <trkpt lat="35.962407" lon="120.225409">
        <ele>6.6</ele>
        <time>2015-07-17T22:06:19Z</time>
      </trkpt>
      <trkpt lat="35.962308" lon="120.225447">
        <ele>6.9</ele>
        <time>2015-07-17T22:06:23Z</time>
      </trkpt>
      <trkpt lat="35.962212" lon="120.225479">
        <ele>7.1</ele>
        <time>2015-07-17T22:06:27Z</time>
      </trkpt>
      <trkpt lat="35.962112" lon="120.225505">
        <ele>7.4</ele>
        <time>2015-07-17T22:06:31Z</time>
      </trkpt>
      <trkpt lat="35.962014" lon="120.225537">
        <ele>7.8</ele>
        <time>2015-07-17T22:06:35Z</time>
      </trkpt>
      <trkpt lat="35.961916" lon="120.225546">
        <ele>8.1</ele>
        <time>2015-07-17T22:06:39Z</time>
      </trkpt>
      <trkpt lat="35.961818" lon="120.225563">
        <ele>8.5</ele>
        <time>2015-07-17T22:06:43Z</time>
      </trkpt>
      <trkpt lat="35.961742" lon="120.225581">
        <ele>8.9</ele>
        <time>2015-07-17T22:06:47Z</time>
      </trkpt>
      <trkpt lat="35.961647" lon="120.225623">
        <ele>9.3</ele>
        <time>2015-07-17T22:06:51Z</time>
      </trkpt>
      <trkpt lat="35.961527" lon="120.225669">
        <ele>9.6</ele>
        <time>2015-07-17T22:06:55Z</time>
      </trkpt>
      <trkpt lat="35.961438" lon="120.225684">
        <ele>10.1</ele>
        <time>2015-07-17T22:06:59Z</time>
      </trkpt>
      <trkpt lat="35.961368" lon="120.225721">
        <ele>10.5</ele>
        <time>2015-07-17T22:07:03Z</time>
      </trkpt>
      <trkpt lat="35.961285" lon="120.225756">
        <ele>10.9</ele>
        <time>2015-07-17T22:07:07Z</time>
      </trkpt>
      <trkpt lat="35.961194" lon="120.225805">
        <ele>11.3</ele>
        <time>2015-07-17T22:07:11Z</time>
      </trkpt>
      <trkpt lat="35.961116" lon="120.225854">
        <ele>11.8</ele>
        <time>2015-07-17T22:07:15Z</time>
      </trkpt>
      <trkpt lat="35.96103" lon="120.225895">
        <ele>12.2</ele>
        <time>2015-07-17T22:07:19Z</time>
      </trkpt>
      <trkpt lat="35.960933" lon="120.225934">
        <ele>12.7</ele>
        <time>2015-07-17T22:07:23Z</time>
      </trkpt>
      <trkpt lat="35.96084" lon="120.225963">
        <ele>13.1</ele>
        <time>2015-07-17T22:07:27Z</time>
      </trkpt>
      <trkpt lat="35.960744" lon="120.225984">
        <ele>13.6</ele>
        <time>2015-07-17T22:07:31Z</time>
      </trkpt>
      <trkpt lat="35.960645" lon="120.226015">
        <ele>14.1</ele>
        <time>2015-07-17T22:07:35Z</time>
      </trkpt>
      <trkpt lat="35.960548" lon="120.226056">
        <ele>14.6</ele>
        <time>2015-07-17T22:07:39Z</time>
      </trkpt>
      <trkpt lat="35.960459" lon="120.226088">
        <ele>15.1</ele>
        <time>2015-07-17T22:07:43Z</time>
      </trkpt>
      <trkpt lat="35.960377" lon="120.226126">
        <ele>15.6</ele>
        <time>2015-07-17T22:07:47Z</time>
      </trkpt>
      <trkpt lat="35.96027" lon="120.226171">
        <ele>16.1</ele>
        <time>2015-07-17T22:07:51Z</time>
      </trkpt>
      <trkpt lat="35.960172" lon="120.226226">
        <ele>16.6</ele>
        <time>2015-07-17T22:07:55Z</time>
      </trkpt>
      <trkpt lat="35.960067" lon="120.226276">
        <ele>17.1</ele>
        <time>2015-07-17T22:07:59Z</time>
      </trkpt>
      <trkpt lat="35.959959" lon="120.226315">
        <ele>17.5</ele>
        <time>2015-07-17T22:08:03Z</time>
      </trkpt>
      <trkpt lat="35.959859" lon="120.226356">
        <ele>18.0</ele>
        <time>2015-07-17T22:08:07Z</time>
      </trkpt>
      <trkpt lat="35.959773" lon="120.226395">
        <ele>18.4</ele>
        <time>2015-07-17T22:08:11Z</time>
      </trkpt>
      <trkpt lat="35.959669" lon="120.226442">
        <ele>18.8</ele>
        <time>2015-07-17T22:08:15Z</time>
      </trkpt>
      <trkpt lat="35.959554" lon="120.226492">
        <ele>19.2</ele>
        <time>2015-07-17T22:08:19Z</time>
      </trkpt>
      <trkpt lat="35.959458" lon="120.22654">
        <ele>19.5</ele>
        <time>2015-07-17T22:08:23Z</time>
      </trkpt>
      <trkpt lat="35.959365" lon="120.22658">
        <ele>19.8</ele>
        <time>2015-07-17T22:08:27Z</time>
      </trkpt>
      <trkpt lat="35.959258" lon="120.226624">
        <ele>20.1</ele>
        <time>2015-07-17T22:08:31Z</time>
      </trkpt>
      <trkpt lat="35.959152" lon="120.226663">
        <ele>20.4</ele>
        <time>2015-07-17T22:08:35Z</time>
      </trkpt>
      <trkpt lat="35.959049" lon="120.226706">
        <ele>20.6</ele>
        <time>2015-07-17T22:08:39Z</time>
      </trkpt>
      <trkpt lat="35.958956" lon="120.226757">
        <ele>20.9</ele>
        <time>2015-07-17T22:08:43Z</time>
      </trkpt>
      <trkpt lat="35.958869" lon="120.226796">
        <ele>21.1</ele>
        <time>2015-07-17T22:08:47Z</time>
      </trkpt>
      <trkpt lat="35.95878" lon="120.226824">
        <ele>21.2</ele>
        <time>2015-07-17T22:08:51Z</time>
      </trkpt>
      <trkpt lat="35.958693" lon="120.226857">
        <ele>21.4</ele>
        <time>2015-07-17T22:08:55Z</time>
      </trkpt>
      <trkpt lat="35.958598" lon="120.226869">
        <ele>21.5</ele>
        <time>2015-07-17T22:08:59Z</time>
      </trkpt>
      <trkpt lat="35.958515" lon="120.226849">
        <ele>21.6</ele>
        <time>2015-07-17T22:09:03Z</time>
      </trkpt>
      <trkpt lat="35.958443" lon="120.226793">
        <ele>21.7</ele>
        <time>2015-07-17T22:09:07Z</time>
      </trkpt>
      <trkpt lat="35.958381" lon="120.226706">
        <ele>21.8</ele>
        <time>2015-07-17T22:09:11Z</time>
      </trkpt>
      <trkpt lat="35.95834" lon="120.22659">
        <ele>21.9</ele>
        <time>2015-07-17T22:09:15Z</time>
      </trkpt>
      <trkpt lat="35.958303" lon="120.226476">
        <ele>21.9</ele>
        <time>2015-07-17T22:09:19Z</time>
      </trkpt>
      <trkpt lat="35.958254" lon="120.226375">
        <ele>21.9</ele>
        <time>2015-07-17T22:09:23Z</time>
      </trkpt>
      <trkpt lat="35.958192" lon="120.226285">
        <ele>21.9</ele>
        <time>2015-07-17T22:09:27Z</time>
      </trkpt>
      <trkpt lat="35.958129" lon="120.226191">
        <ele>21.9</ele>
        <time>2015-07-17T22:09:31Z</time>
      </trkpt>
      <trkpt lat="35.95806" lon="120.226095">
        <ele>21.9</ele>
        <time>2015-07-17T22:09:35Z</time>
      </trkpt>
      <trkpt lat="35.957999" lon="120.225996">
        <ele>21.8</ele>
        <time>2015-07-17T22:09:39Z</time>
      </trkpt>
      <trkpt lat="35.957944" lon="120.225889">
        <ele>21.8</ele>
        <time>2015-07-17T22:09:43Z</time>
      </trkpt>
      <trkpt lat="35.957882" lon="120.225796">
        <ele>21.7</ele>
        <time>2015-07-17T22:09:47Z</time>
      </trkpt>
      <trkpt lat="35.957825" lon="120.225698">
        <ele>21.7</ele>
        <time>2015-07-17T22:09:51Z</time>
      </trkpt>
      <trkpt lat="35.957763" lon="120.225596">
        <ele>21.6</ele>
        <time>2015-07-17T22:09:55Z</time>
      </trkpt>
      <trkpt lat="35.957705" lon="120.22549">
        <ele>21.6</ele>
        <time>2015-07-17T22:09:59Z</time>
      </trkpt>
      <trkpt lat="35.95765" lon="120.225372">
        <ele>21.5</ele>
        <time>2015-07-17T22:10:03Z</time>
      </trkpt>
      <trkpt lat="35.957595" lon="120.225271">
        <ele>21.4</ele>
        <time>2015-07-17T22:10:07Z</time>
      </trkpt>
      <trkpt lat="35.957532" lon="120.225169">
        <ele>21.3</ele>
        <time>2015-07-17T22:10:11Z</time>
      </trkpt>
      <trkpt lat="35.957478" lon="120.225068">
        <ele>21.2</ele>
        <time>2015-07-17T22:10:15Z</time>
      </trkpt>
      <trkpt lat="35.957409" lon="120.224977">
        <ele>21.1</ele>
        <time>2015-07-17T22:10:23Z</time>
      </trkpt>
      <trkpt lat="35.957344" lon="120.224876">
        <ele>21.0</ele>
        <time>2015-07-17T22:10:27Z</time>
      </trkpt>
      <trkpt lat="35.957293" lon="120.224761">
        <ele>20.8</ele>
        <time>2015-07-17T22:10:31Z</time>
      </trkpt>
      <trkpt lat="35.957165" lon="120.224572">
        <ele>20.7</ele>
        <time>2015-07-17T22:10:35Z</time>
      </trkpt>
      <trkpt lat="35.957111" lon="120.224478">
        <ele>20.5</ele>
        <time>2015-07-17T22:10:39Z</time>
      </trkpt>
      <trkpt lat="35.957057" lon="120.224385">
        <ele>20.3</ele>
        <time>2015-07-17T22:10:43Z</time>
      </trkpt>
      <trkpt lat="35.957011" lon="120.224299">
        <ele>20.1</ele>
        <time>2015-07-17T22:10:47Z</time>
      </trkpt>
      <trkpt lat="35.956951" lon="120.224209">
        <ele>19.9</ele>
        <time>2015-07-17T22:10:51Z</time>
      </trkpt>
      <trkpt lat="35.956891" lon="120.224119">
        <ele>19.7</ele>
        <time>2015-07-17T22:10:55Z</time>
      </trkpt>
      <trkpt lat="35.956843" lon="120.224013">
        <ele>19.5</ele>
        <time>2015-07-17T22:10:59Z</time>
      </trkpt>
      <trkpt lat="35.956788" lon="120.223902">
        <ele>19.3</ele>
        <time>2015-07-17T22:11:03Z</time>
      </trkpt>
      <trkpt lat="35.956728" lon="120.223785">
        <ele>19.1</ele>
        <time>2015-07-17T22:11:07Z</time>
      </trkpt>
      <trkpt lat="35.956669" lon="120.223684">
        <ele>18.9</ele>
        <time>2015-07-17T22:11:11Z</time>
      </trkpt>
      <trkpt lat="35.956598" lon="120.223598">
        <ele>18.7</ele>
        <time>2015-07-17T22:11:15Z</time>
      </trkpt>
      <trkpt lat="35.956526" lon="120.223508">
        <ele>18.5</ele>
        <time>2015-07-17T22:11:19Z</time>
      </trkpt>
      <trkpt lat="35.956452" lon="120.223412">
        <ele>18.2</ele>
        <time>2015-07-17T22:11:23Z</time>
      </trkpt>
      <trkpt lat="35.95639" lon="120.223306">
        <ele>18.0</ele>
        <time>2015-07-17T22:11:27Z</time>
      </trkpt>
      <trkpt lat="35.956333" lon="120.223206">
        <ele>17.8</ele>
        <time>2015-07-17T22:11:31Z</time>
      </trkpt>
      <trkpt lat="35.956274" lon="120.223115">
        <ele>17.6</ele>
        <time>2015-07-17T22:11:35Z</time>
      </trkpt>
      <trkpt lat="35.956216" lon="120.223022">
        <ele>17.4</ele>
        <time>2015-07-17T22:11:39Z</time>
      </trkpt>
      <trkpt lat="35.956151" lon="120.222927">
        <ele>17.2</ele>
        <time>2015-07-17T22:11:43Z</time>
      </trkpt>
      <trkpt lat="35.956103" lon="120.222827">
        <ele>17.0</ele>
        <time>2015-07-17T22:11:47Z</time>
      </trkpt>
      <trkpt lat="35.956047" lon="120.222734">
        <ele>16.8</ele>
        <time>2015-07-17T22:11:51Z</time>
      </trkpt>
      <trkpt lat="35.955985" lon="120.222644">
        <ele>16.6</ele>
        <time>2015-07-17T22:11:55Z</time>
      </trkpt>
      <trkpt lat="35.955923" lon="120.222555">
        <ele>16.4</ele>
        <time>2015-07-17T22:11:59Z</time>
      </trkpt>
      <trkpt lat="35.955862" lon="120.222471">
        <ele>16.3</ele>
        <time>2015-07-17T22:12:03Z</time>
      </trkpt>
      <trkpt lat="35.955793" lon="120.222402">
        <ele>16.2</ele>
        <time>2015-07-17T22:12:07Z</time>
      </trkpt>
      <trkpt lat="35.95574" lon="120.222326">
        <ele>16.1</ele>
        <time>2015-07-17T22:12:11Z</time>
      </trkpt>
      <trkpt lat="35.955693" lon="120.222231">
        <ele>16.1</ele>
        <time>2015-07-17T22:12:15Z</time>
      </trkpt>
      <trkpt lat="35.955651" lon="120.222109">
        <ele>16.0</ele>
        <time>2015-07-17T22:12:19Z</time>
      </trkpt>
      <trkpt lat="35.955607" lon="120.221989">
        <ele>16.0</ele>
        <time>2015-07-17T22:12:23Z</time>
      </trkpt>
      <trkpt lat="35.955561" lon="120.221873">
        <ele>16.0</ele>
        <time>2015-07-17T22:12:31Z</time>
      </trkpt>
      <trkpt lat="35.955505" lon="120.221763">
        <ele>16.1</ele>
        <time>2015-07-17T22:12:35Z</time>
      </trkpt>
      <trkpt lat="35.95545" lon="120.221655">
        <ele>16.1</ele>
        <time>2015-07-17T22:12:39Z</time>
      </trkpt>
      <trkpt lat="35.955345" lon="120.221451">
        <ele>16.1</ele>
        <time>2015-07-17T22:12:43Z</time>
      </trkpt>
      <trkpt lat="35.955292" lon="120.221342">
        <ele>16.1</ele>
        <time>2015-07-17T22:12:47Z</time>
      </trkpt>
      <trkpt lat="35.955243" lon="120.221228">
        <ele>16.2</ele>
        <time>2015-07-17T22:12:51Z</time>
      </trkpt>
      <trkpt lat="35.955192" lon="120.221113">
        <ele>16.2</ele>
        <time>2015-07-17T22:12:55Z</time>
      </trkpt>
      <trkpt lat="35.955149" lon="120.221002">
        <ele>16.3</ele>
        <time>2015-07-17T22:12:59Z</time>
      </trkpt>
      <trkpt lat="35.955108" lon="120.220888">
        <ele>16.4</ele>
        <time>2015-07-17T22:13:03Z</time>
      </trkpt>
      <trkpt lat="35.955056" lon="120.220781">
        <ele>16.5</ele>
        <time>2015-07-17T22:13:07Z</time>
      </trkpt>
      <trkpt lat="35.95501" lon="120.22067">
        <ele>16.5</ele>
        <time>2015-07-17T22:13:11Z</time>
      </trkpt>
      <trkpt lat="35.954955" lon="120.220559">
        <ele>16.6</ele>
        <time>2015-07-17T22:13:15Z</time>
      </trkpt>
      <trkpt lat="35.954894" lon="120.220449">
        <ele>16.7</ele>
        <time>2015-07-17T22:13:19Z</time>
      </trkpt>
      <trkpt lat="35.95483" lon="120.220342">
        <ele>16.8</ele>
        <time>2015-07-17T22:13:23Z</time>
      </trkpt>
      <trkpt lat="35.954767" lon="120.220236">
        <ele>16.8</ele>
        <time>2015-07-17T22:13:27Z</time>
      </trkpt>
      <trkpt lat="35.954709" lon="120.220127">
        <ele>16.8</ele>
        <time>2015-07-17T22:13:31Z</time>
      </trkpt>
      <trkpt lat="35.954655" lon="120.220014">
        <ele>16.9</ele>
        <time>2015-07-17T22:13:39Z</time>
      </trkpt>
      <trkpt lat="35.954552" lon="120.219785">
        <ele>16.8</ele>
        <time>2015-07-17T22:13:43Z</time>
      </trkpt>
      <trkpt lat="35.954504" lon="120.219682">
        <ele>16.8</ele>
        <time>2015-07-17T22:13:47Z</time>
      </trkpt>
      <trkpt lat="35.954449" lon="120.219579">
        <ele>16.7</ele>
        <time>2015-07-17T22:13:51Z</time>
      </trkpt>
      <trkpt lat="35.954407" lon="120.219471">
        <ele>16.5</ele>
        <time>2015-07-17T22:13:55Z</time>
      </trkpt>
      <trkpt lat="35.95437" lon="120.219361">
        <ele>16.4</ele>
        <time>2015-07-17T22:13:59Z</time>
      </trkpt>
      <trkpt lat="35.954344" lon="120.21925">
        <ele>16.1</ele>
        <time>2015-07-17T22:14:03Z</time>
      </trkpt>
      <trkpt lat="35.954314" lon="120.219138">
        <ele>15.9</ele>
        <time>2015-07-17T22:14:07Z</time>
      </trkpt>
      <trkpt lat="35.954293" lon="120.219018">
        <ele>15.6</ele>
        <time>2015-07-17T22:14:11Z</time>
      </trkpt>
      <trkpt lat="35.954279" lon="120.218895">
        <ele>15.4</ele>
        <time>2015-07-17T22:14:15Z</time>
      </trkpt>
      <trkpt lat="35.954253" lon="120.218777">
        <ele>15.0</ele>
        <time>2015-07-17T22:14:19Z</time>
      </trkpt>
      <trkpt lat="35.954226" lon="120.218664">
        <ele>14.7</ele>
        <time>2015-07-17T22:14:23Z</time>
      </trkpt>
      <trkpt lat="35.954198" lon="120.21857">
        <ele>14.3</ele>
        <time>2015-07-17T22:14:27Z</time>
      </trkpt>
      <trkpt lat="35.95414" lon="120.21836">
        <ele>13.8</ele>
        <time>2015-07-17T22:14:35Z</time>
      </trkpt>
      <trkpt lat="35.954098" lon="120.218246">
        <ele>13.4</ele>
        <time>2015-07-17T22:14:39Z</time>
      </trkpt>
      <trkpt lat="35.954062" lon="120.218131">
        <ele>12.9</ele>
        <time>2015-07-17T22:14:43Z</time>
      </trkpt>
      <trkpt lat="35.954038" lon="120.218013">
        <ele>12.4</ele>
        <time>2015-07-17T22:14:47Z</time>
      </trkpt>
      <trkpt lat="35.954002" lon="120.217894">
        <ele>11.9</ele>
        <time>2015-07-17T22:14:51Z</time>
      </trkpt>
      <trkpt lat="35.953957" lon="120.217788">
        <ele>11.4</ele>
        <time>2015-07-17T22:14:59Z</time>
      </trkpt>
      <trkpt lat="35.953924" lon="120.217679">
        <ele>10.9</ele>
        <time>2015-07-17T22:15:03Z</time>
      </trkpt>
      <trkpt lat="35.953893" lon="120.21757">
        <ele>10.4</ele>
        <time>2015-07-17T22:15:07Z</time>
      </trkpt>
      <trkpt lat="35.953846" lon="120.217336">
        <ele>9.8</ele>
        <time>2015-07-17T22:15:11Z</time>
      </trkpt>
      <trkpt lat="35.953814" lon="120.217221">
        <ele>9.3</ele>
        <time>2015-07-17T22:15:15Z</time>
      </trkpt>
      <trkpt lat="35.953761" lon="120.217115">
        <ele>8.8</ele>
        <time>2015-07-17T22:15:19Z</time>
      </trkpt>
      <trkpt lat="35.953702" lon="120.216978">
        <ele>8.3</ele>
        <time>2015-07-17T22:15:27Z</time>
      </trkpt>
      <trkpt lat="35.953663" lon="120.216846">
        <ele>7.8</ele>
        <time>2015-07-17T22:15:31Z</time>
      </trkpt>
      <trkpt lat="35.953638" lon="120.216735">
        <ele>7.3</ele>
        <time>2015-07-17T22:15:35Z</time>
      </trkpt>
      <trkpt lat="35.953612" lon="120.216623">
        <ele>6.9</ele>
        <time>2015-07-17T22:15:39Z</time>
      </trkpt>
      <trkpt lat="35.953588" lon="120.2165">
        <ele>6.4</ele>
        <time>2015-07-17T22:15:43Z</time>
      </trkpt>
      <trkpt lat="35.953566" lon="120.216388">
        <ele>6.0</ele>
        <time>2015-07-17T22:15:47Z</time>
      </trkpt>
      <trkpt lat="35.953547" lon="120.216274">
        <ele>5.6</ele>
        <time>2015-07-17T22:15:51Z</time>
      </trkpt>
      <trkpt lat="35.953513" lon="120.216166">
        <ele>5.2</ele>
        <time>2015-07-17T22:15:55Z</time>
      </trkpt>
      <trkpt lat="35.953482" lon="120.216053">
        <ele>4.9</ele>
        <time>2015-07-17T22:15:59Z</time>
      </trkpt>
      <trkpt lat="35.953447" lon="120.215943">
        <ele>4.5</ele>
        <time>2015-07-17T22:16:03Z</time>
      </trkpt>
      <trkpt lat="35.953422" lon="120.215836">
        <ele>4.2</ele>
        <time>2015-07-17T22:16:07Z</time>
      </trkpt>
      <trkpt lat="35.953386" lon="120.215732">
        <ele>3.9</ele>
        <time>2015-07-17T22:16:11Z</time>
      </trkpt>
      <trkpt lat="35.95335" lon="120.215623">
        <ele>3.6</ele>
        <time>2015-07-17T22:16:15Z</time>
      </trkpt>
      <trkpt lat="35.953317" lon="120.215511">
        <ele>3.4</ele>
        <time>2015-07-17T22:16:19Z</time>
      </trkpt>
      <trkpt lat="35.953292" lon="120.215399">
        <ele>3.1</ele>
        <time>2015-07-17T22:16:23Z</time>
      </trkpt>
      <trkpt lat="35.953269" lon="120.215293">
        <ele>2.9</ele>
        <time>2015-07-17T22:16:27Z</time>
      </trkpt>
      <trkpt lat="35.953259" lon="120.215174">
        <ele>2.8</ele>
        <time>2015-07-17T22:16:31Z</time>
      </trkpt>
      <trkpt lat="35.953234" lon="120.215054">
        <ele>2.6</ele>
        <time>2015-07-17T22:16:35Z</time>
      </trkpt>
      <trkpt lat="35.95321" lon="120.21494">
        <ele>2.4</ele>
        <time>2015-07-17T22:16:39Z</time>
      </trkpt>
      <trkpt lat="35.953185" lon="120.214825">
        <ele>2.3</ele>
        <time>2015-07-17T22:16:43Z</time>
      </trkpt>
      <trkpt lat="35.953157" lon="120.214699">
        <ele>2.2</ele>
        <time>2015-07-17T22:16:47Z</time>
      </trkpt>
      <trkpt lat="35.953133" lon="120.214573">
        <ele>2.1</ele>
        <time>2015-07-17T22:16:51Z</time>
      </trkpt>
      <trkpt lat="35.953108" lon="120.214454">
        <ele>2.1</ele>
        <time>2015-07-17T22:16:55Z</time>
      </trkpt>
      <trkpt lat="35.953079" lon="120.214363">
        <ele>2.0</ele>
        <time>2015-07-17T22:16:59Z</time>
      </trkpt>
      <trkpt lat="35.953056" lon="120.214302">
        <ele>2.0</ele>
        <time>2015-07-17T22:17:03Z</time>
      </trkpt>
      <trkpt lat="35.953036" lon="120.214272">
        <ele>1.9</ele>
        <time>2015-07-17T22:17:07Z</time>
      </trkpt>
      <trkpt lat="35.953023" lon="120.214204">
        <ele>1.9</ele>
        <time>2015-07-17T22:17:11Z</time>
      </trkpt>
      <trkpt lat="35.953001" lon="120.21409">
        <ele>2.0</ele>
        <time>2015-07-17T22:17:15Z</time>
      </trkpt>
      <trkpt lat="35.952973" lon="120.213972">
        <ele>2.0</ele>
        <time>2015-07-17T22:17:19Z</time>
      </trkpt>
      <trkpt lat="35.952946" lon="120.213849">
        <ele>2.0</ele>
        <time>2015-07-17T22:17:23Z</time>
      </trkpt>
      <trkpt lat="35.95292" lon="120.21373">
        <ele>2.0</ele>
        <time>2015-07-17T22:17:27Z</time>
      </trkpt>
      <trkpt lat="35.95289" lon="120.213614">
        <ele>2.0</ele>
        <time>2015-07-17T22:17:31Z</time>
      </trkpt>
      <trkpt lat="35.95287" lon="120.213495">
        <ele>2.1</ele>
        <time>2015-07-17T22:17:35Z</time>
      </trkpt>
      <trkpt lat="35.952841" lon="120.213378">
        <ele>2.1</ele>
        <time>2015-07-17T22:17:39Z</time>
      </trkpt>
      <trkpt lat="35.952821" lon="120.213276">
        <ele>2.1</ele>
        <time>2015-07-17T22:17:43Z</time>
      </trkpt>
      <trkpt lat="35.952803" lon="120.213166">
        <ele>2.1</ele>
        <time>2015-07-17T22:17:47Z</time>
      </trkpt>
      <trkpt lat="35.952772" lon="120.213058">
        <ele>2.1</ele>
        <time>2015-07-17T22:17:51Z</time>
      </trkpt>
      <trkpt lat="35.95274" lon="120.212951">
        <ele>2.1</ele>
        <time>2015-07-17T22:17:55Z</time>
      </trkpt>
      <trkpt lat="35.952711" lon="120.212834">
        <ele>2.1</ele>
        <time>2015-07-17T22:17:59Z</time>
      </trkpt>
      <trkpt lat="35.952681" lon="120.21272">
        <ele>2.1</ele>
        <time>2015-07-17T22:18:03Z</time>
      </trkpt>
      <trkpt lat="35.952663" lon="120.212593">
        <ele>2.1</ele>
        <time>2015-07-17T22:18:07Z</time>
      </trkpt>
      <trkpt lat="35.952632" lon="120.212477">
        <ele>2.1</ele>
        <time>2015-07-17T22:18:11Z</time>
      </trkpt>
      <trkpt lat="35.952608" lon="120.212365">
        <ele>2.1</ele>
        <time>2015-07-17T22:18:15Z</time>
      </trkpt>
      <trkpt lat="35.952571" lon="120.212274">
        <ele>2.1</ele>
        <time>2015-07-17T22:18:19Z</time>
      </trkpt>
      <trkpt lat="35.952531" lon="120.212175">
        <ele>2.1</ele>
        <time>2015-07-17T22:18:23Z</time>
      </trkpt>
      <trkpt lat="35.952537" lon="120.212076">
        <ele>2.0</ele>
        <time>2015-07-17T22:18:27Z</time>
      </trkpt>
      <trkpt lat="35.952579" lon="120.211981">
        <ele>2.0</ele>
        <time>2015-07-17T22:18:31Z</time>
      </trkpt>
      <trkpt lat="35.952657" lon="120.211746">
        <ele>1.9</ele>
        <time>2015-07-17T22:18:35Z</time>
      </trkpt>
      <trkpt lat="35.952692" lon="120.211701">
        <ele>1.8</ele>
        <time>2015-07-17T22:18:43Z</time>
      </trkpt>
      <trkpt lat="35.952742" lon="120.211706">
        <ele>1.7</ele>
        <time>2015-07-17T22:18:47Z</time>
      </trkpt>
      <trkpt lat="35.952801" lon="120.211723">
        <ele>1.7</ele>
        <time>2015-07-17T22:18:51Z</time>
      </trkpt>
      <trkpt lat="35.952889" lon="120.211725">
        <ele>1.6</ele>
        <time>2015-07-17T22:18:55Z</time>
      </trkpt>
      <trkpt lat="35.952989" lon="120.211742">
        <ele>1.6</ele>
        <time>2015-07-17T22:18:59Z</time>
      </trkpt>
      <trkpt lat="35.953083" lon="120.211758">
        <ele>1.5</ele>
        <time>2015-07-17T22:19:03Z</time>
      </trkpt>
      <trkpt lat="35.95319" lon="120.211738">
        <ele>1.5</ele>
        <time>2015-07-17T22:19:07Z</time>
      </trkpt>
      <trkpt lat="35.9533" lon="120.211723">
        <ele>1.4</ele>
        <time>2015-07-17T22:19:11Z</time>
      </trkpt>
      <trkpt lat="35.953399" lon="120.211708">
        <ele>1.4</ele>
        <time>2015-07-17T22:19:15Z</time>
      </trkpt>
      <trkpt lat="35.953501" lon="120.211698">
        <ele>1.4</ele>
        <time>2015-07-17T22:19:19Z</time>
      </trkpt>
      <trkpt lat="35.95361" lon="120.211677">
        <ele>1.4</ele>
        <time>2015-07-17T22:19:23Z</time>
      </trkpt>
      <trkpt lat="35.953711" lon="120.211639">
        <ele>1.4</ele>
        <time>2015-07-17T22:19:27Z</time>
      </trkpt>
      <trkpt lat="35.953813" lon="120.211599">
        <ele>1.4</ele>
        <time>2015-07-17T22:19:31Z</time>
      </trkpt>
      <trkpt lat="35.953917" lon="120.211568">
        <ele>1.4</ele>
        <time>2015-07-17T22:19:35Z</time>
      </trkpt>
      <trkpt lat="35.954021" lon="120.211524">
        <ele>1.5</ele>
        <time>2015-07-17T22:19:39Z</time>
      </trkpt>
      <trkpt lat="35.954088" lon="120.211454">
        <ele>1.5</ele>
        <time>2015-07-17T22:19:43Z</time>
      </trkpt>
      <trkpt lat="35.954097" lon="120.211357">
        <ele>1.5</ele>
        <time>2015-07-17T22:19:47Z</time>
      </trkpt>
      <trkpt lat="35.954072" lon="120.211239">
        <ele>1.6</ele>
        <time>2015-07-17T22:19:51Z</time>
      </trkpt>
      <trkpt lat="35.954048" lon="120.211122">
        <ele>1.6</ele>
        <time>2015-07-17T22:19:55Z</time>
      </trkpt>
      <trkpt lat="35.954023" lon="120.211006">
        <ele>1.7</ele>
        <time>2015-07-17T22:19:59Z</time>
      </trkpt>
      <trkpt lat="35.954021" lon="120.210889">
        <ele>1.8</ele>
        <time>2015-07-17T22:20:03Z</time>
      </trkpt>
      <trkpt lat="35.954041" lon="120.210773">
        <ele>1.8</ele>
        <time>2015-07-17T22:20:07Z</time>
      </trkpt>
      <trkpt lat="35.954059" lon="120.210657">
        <ele>1.9</ele>
        <time>2015-07-17T22:20:11Z</time>
      </trkpt>
      <trkpt lat="35.954071" lon="120.210542">
        <ele>2.0</ele>
        <time>2015-07-17T22:20:15Z</time>
      </trkpt>
      <trkpt lat="35.954069" lon="120.210426">
        <ele>2.0</ele>
        <time>2015-07-17T22:20:19Z</time>
      </trkpt>
      <trkpt lat="35.954053" lon="120.210315">
        <ele>2.1</ele>
        <time>2015-07-17T22:20:23Z</time>
      </trkpt>
      <trkpt lat="35.954031" lon="120.210208">
        <ele>2.1</ele>
        <time>2015-07-17T22:20:27Z</time>
      </trkpt>
      <trkpt lat="35.954003" lon="120.210097">
        <ele>2.1</ele>
        <time>2015-07-17T22:20:31Z</time>
      </trkpt>
      <trkpt lat="35.953971" lon="120.20998">
        <ele>2.0</ele>
        <time>2015-07-17T22:20:35Z</time>
      </trkpt>
      <trkpt lat="35.953952" lon="120.209865">
        <ele>2.0</ele>
        <time>2015-07-17T22:20:39Z</time>
      </trkpt>
      <trkpt lat="35.953924" lon="120.209753">
        <ele>2.0</ele>
        <time>2015-07-17T22:20:43Z</time>
      </trkpt>
      <trkpt lat="35.953887" lon="120.209642">
        <ele>1.9</ele>
        <time>2015-07-17T22:20:47Z</time>
      </trkpt>
      <trkpt lat="35.953855" lon="120.20953">
        <ele>1.9</ele>
        <time>2015-07-17T22:20:51Z</time>
      </trkpt>
      <trkpt lat="35.953826" lon="120.209415">
        <ele>1.9</ele>
        <time>2015-07-17T22:20:55Z</time>
      </trkpt>
      <trkpt lat="35.9538" lon="120.209304">
        <ele>1.8</ele>
        <time>2015-07-17T22:20:59Z</time>
      </trkpt>
      <trkpt lat="35.95378" lon="120.209189">
        <ele>1.8</ele>
        <time>2015-07-17T22:21:03Z</time>
      </trkpt>
      <trkpt lat="35.953757" lon="120.209076">
        <ele>1.8</ele>
        <time>2015-07-17T22:21:07Z</time>
      </trkpt>
      <trkpt lat="35.953728" lon="120.208964">
        <ele>1.7</ele>
        <time>2015-07-17T22:21:11Z</time>
      </trkpt>
      <trkpt lat="35.953697" lon="120.208848">
        <ele>1.7</ele>
        <time>2015-07-17T22:21:15Z</time>
      </trkpt>
      <trkpt lat="35.953675" lon="120.20873">
        <ele>1.7</ele>
        <time>2015-07-17T22:21:19Z</time>
      </trkpt>
      <trkpt lat="35.95365" lon="120.208586">
        <ele>1.7</ele>
        <time>2015-07-17T22:21:23Z</time>
      </trkpt>
      <trkpt lat="35.95362" lon="120.208461">
        <ele>1.7</ele>
        <time>2015-07-17T22:21:27Z</time>
      </trkpt>
      <trkpt lat="35.953589" lon="120.208344">
        <ele>1.7</ele>
        <time>2015-07-17T22:21:31Z</time>
      </trkpt>
      <trkpt lat="35.953573" lon="120.208221">
        <ele>1.7</ele>
        <time>2015-07-17T22:21:35Z</time>
      </trkpt>
      <trkpt lat="35.953618" lon="120.208114">
        <ele>1.8</ele>
        <time>2015-07-17T22:21:39Z</time>
      </trkpt>
      <trkpt lat="35.953744" lon="120.208038">
        <ele>1.9</ele>
        <time>2015-07-17T22:21:43Z</time>
      </trkpt>
      <trkpt lat="35.95385" lon="120.208005">
        <ele>2.0</ele>
        <time>2015-07-17T22:21:47Z</time>
      </trkpt>
      <trkpt lat="35.953954" lon="120.207976">
        <ele>2.2</ele>
        <time>2015-07-17T22:21:51Z</time>
      </trkpt>
      <trkpt lat="35.954056" lon="120.20796">
        <ele>2.5</ele>
        <time>2015-07-17T22:21:55Z</time>
      </trkpt>
      <trkpt lat="35.954143" lon="120.207952">
        <ele>2.8</ele>
        <time>2015-07-17T22:21:59Z</time>
      </trkpt>
      <trkpt lat="35.95423" lon="120.207932">
        <ele>3.2</ele>
        <time>2015-07-17T22:22:03Z</time>
      </trkpt>
      <trkpt lat="35.954325" lon="120.207893">
        <ele>3.6</ele>
        <time>2015-07-17T22:22:07Z</time>
      </trkpt>
      <trkpt lat="35.954414" lon="120.207856">
        <ele>4.0</ele>
        <time>2015-07-17T22:22:11Z</time>
      </trkpt>
      <trkpt lat="35.954508" lon="120.207839">
        <ele>4.4</ele>
        <time>2015-07-17T22:22:15Z</time>
      </trkpt>
      <trkpt lat="35.954599" lon="120.207822">
        <ele>4.9</ele>
        <time>2015-07-17T22:22:19Z</time>
      </trkpt>
      <trkpt lat="35.954688" lon="120.207797">
        <ele>5.3</ele>
        <time>2015-07-17T22:22:23Z</time>
      </trkpt>
      <trkpt lat="35.954782" lon="120.207766">
        <ele>5.8</ele>
        <time>2015-07-17T22:22:27Z</time>
      </trkpt>
      <trkpt lat="35.954874" lon="120.207735">
        <ele>6.2</ele>
        <time>2015-07-17T22:22:31Z</time>
      </trkpt>
      <trkpt lat="35.954976" lon="120.207706">
        <ele>6.7</ele>
        <time>2015-07-17T22:22:39Z</time>
      </trkpt>
      <trkpt lat="35.955163" lon="120.207635">
        <ele>7.2</ele>
        <time>2015-07-17T22:22:43Z</time>
      </trkpt>
      <trkpt lat="35.955261" lon="120.207592">
        <ele>7.7</ele>
        <time>2015-07-17T22:22:51Z</time>
      </trkpt>
      <trkpt lat="35.955368" lon="120.207546">
        <ele>8.2</ele>
        <time>2015-07-17T22:22:55Z</time>
      </trkpt>
      <trkpt lat="35.955451" lon="120.207524">
        <ele>8.7</ele>
        <time>2015-07-17T22:22:59Z</time>
      </trkpt>
      <trkpt lat="35.955551" lon="120.20749">
        <ele>9.2</ele>
        <time>2015-07-17T22:23:03Z</time>
      </trkpt>
      <trkpt lat="35.955652" lon="120.207447">
        <ele>9.7</ele>
        <time>2015-07-17T22:23:07Z</time>
      </trkpt>
      <trkpt lat="35.955754" lon="120.207424">
        <ele>10.2</ele>
        <time>2015-07-17T22:23:11Z</time>
      </trkpt>
      <trkpt lat="35.955867" lon="120.207409">
        <ele>10.6</ele>
        <time>2015-07-17T22:23:15Z</time>
      </trkpt>
      <trkpt lat="35.955976" lon="120.207393">
        <ele>11.0</ele>
        <time>2015-07-17T22:23:19Z</time>
      </trkpt>
      <trkpt lat="35.956088" lon="120.207371">
        <ele>11.4</ele>
        <time>2015-07-17T22:23:23Z</time>
      </trkpt>
      <trkpt lat="35.956192" lon="120.207353">
        <ele>11.7</ele>
        <time>2015-07-17T22:23:27Z</time>
      </trkpt>
      <trkpt lat="35.956271" lon="120.207348">
        <ele>11.9</ele>
        <time>2015-07-17T22:23:31Z</time>
      </trkpt>
      <trkpt lat="35.956331" lon="120.207344">
        <ele>12.1</ele>
        <time>2015-07-17T22:23:35Z</time>
      </trkpt>
      <trkpt lat="35.956404" lon="120.207329">
        <ele>12.2</ele>
        <time>2015-07-17T22:23:39Z</time>
      </trkpt>
      <trkpt lat="35.956469" lon="120.207362">
        <ele>12.3</ele>
        <time>2015-07-17T22:23:43Z</time>
      </trkpt>
      <trkpt lat="35.956481" lon="120.207483">
        <ele>12.5</ele>
        <time>2015-07-17T22:23:47Z</time>
      </trkpt>
      <trkpt lat="35.956496" lon="120.207603">
        <ele>12.6</ele>
        <time>2015-07-17T22:23:51Z</time>
      </trkpt>
      <trkpt lat="35.956519" lon="120.20777">
        <ele>12.7</ele>
        <time>2015-07-17T22:23:55Z</time>
      </trkpt>
      <trkpt lat="35.956547" lon="120.207906">
        <ele>12.8</ele>
        <time>2015-07-17T22:23:59Z</time>
      </trkpt>
      <trkpt lat="35.956563" lon="120.208036">
        <ele>12.9</ele>
        <time>2015-07-17T22:24:03Z</time>
      </trkpt>
      <trkpt lat="35.95655" lon="120.208174">
        <ele>12.9</ele>
        <time>2015-07-17T22:24:07Z</time>
      </trkpt>
      <trkpt lat="35.956555" lon="120.208298">
        <ele>13.0</ele>
        <time>2015-07-17T22:24:11Z</time>
      </trkpt>
      <trkpt lat="35.956574" lon="120.208415">
        <ele>13.0</ele>
        <time>2015-07-17T22:24:15Z</time>
      </trkpt>
      <extensions>
        <breaktype>2</breaktype>
      </extensions>
    </trkseg>
  </trk>
  <extensions>
    <ssrlog>
      <logseg>
        <logpt time="2015-07-17T21:52:52Z">
          <spd>3.6</spd>
          <str>0.0</str>
        </logpt>
        <logpt time="2015-07-17T21:52:59Z">
          <spd>3.6</spd>
          <str>0.0</str>
        </logpt>
        <logpt time="2015-07-17T21:53:00Z">
          <spd>4.0</spd>
          <str>41.0</str>
        </logpt>
        <logpt time="2015-07-17T21:53:03Z">
          <spd>2.7</spd>
          <str>56.0</str>
        </logpt>
        <logpt time="2015-07-17T21:53:07Z">
          <spd>0.0</spd>
          <str>63.0</str>
        </logpt>
        <logpt time="2015-07-17T21:53:11Z">
          <spd>0.0</spd>
          <str>70.0</str>
        </logpt>
        <logpt time="2015-07-17T21:53:15Z">
          <spd>0.0</spd>
          <str>73.0</str>
        </logpt>
        <logpt time="2015-07-17T21:53:19Z">
          <spd>0.0</spd>
          <str>75.0</str>
        </logpt>
        <logpt time="2015-07-17T21:53:23Z">
          <spd>0.0</spd>
          <str>76.0</str>
        </logpt>
        <logpt time="2015-07-17T21:53:27Z">
          <spd>0.0</spd>
          <str>78.0</str>
        </logpt>
        <logpt time="2015-07-17T21:53:31Z">
          <spd>0.0</spd>
          <str>79.0</str>
        </logpt>
        <logpt time="2015-07-17T21:53:35Z">
          <spd>0.0</spd>
          <str>80.0</str>
        </logpt>
        <logpt time="2015-07-17T21:53:39Z">
          <spd>3.6</spd>
          <str>81.0</str>
        </logpt>
        <logpt time="2015-07-17T21:53:43Z">
          <spd>3.6</spd>
          <str>81.0</str>
        </logpt>
        <logpt time="2015-07-17T21:53:47Z">
          <spd>5.8</spd>
          <str>82.0</str>
        </logpt>
        <logpt time="2015-07-17T21:53:51Z">
          <spd>7.2</spd>
          <str>83.0</str>
        </logpt>
        <logpt time="2015-07-17T21:53:55Z">
          <spd>7.7</spd>
          <str>88.0</str>
        </logpt>
        <logpt time="2015-07-17T21:53:59Z">
          <spd>8.1</spd>
          <str>88.0</str>
        </logpt>
        <logpt time="2015-07-17T21:54:03Z">
          <spd>8.6</spd>
          <str>89.0</str>
        </logpt>
        <logpt time="2015-07-17T21:54:07Z">
          <spd>9.0</spd>
          <str>89.0</str>
        </logpt>
        <logpt time="2015-07-17T21:54:11Z">
          <spd>9.4</spd>
          <str>88.0</str>
        </logpt>
        <logpt time="2015-07-17T21:54:15Z">
          <spd>9.0</spd>
          <str>88.0</str>
        </logpt>
        <logpt time="2015-07-17T21:54:19Z">
          <spd>7.2</spd>
          <str>89.0</str>
        </logpt>
        <logpt time="2015-07-17T21:54:23Z">
          <spd>7.2</spd>
          <str>89.0</str>
        </logpt>
        <logpt time="2015-07-17T21:54:27Z">
          <spd>7.2</spd>
          <str>89.0</str>
        </logpt>
        <logpt time="2015-07-17T21:54:31Z">
          <spd>7.2</spd>
          <str>89.0</str>
        </logpt>
        <logpt time="2015-07-17T21:54:35Z">
          <spd>6.8</spd>
          <str>89.0</str>
        </logpt>
        <logpt time="2015-07-17T21:54:39Z">
          <spd>6.3</spd>
          <str>88.0</str>
        </logpt>
        <logpt time="2015-07-17T21:54:43Z">
          <spd>6.3</spd>
          <str>88.0</str>
        </logpt>
        <logpt time="2015-07-17T21:54:47Z">
          <spd>7.2</spd>
          <str>88.0</str>
        </logpt>
        <logpt time="2015-07-17T21:54:51Z">
          <spd>7.2</spd>
          <str>89.0</str>
        </logpt>
        <logpt time="2015-07-17T21:54:55Z">
          <spd>7.2</spd>
          <str>89.0</str>
        </logpt>
        <logpt time="2015-07-17T21:54:59Z">
          <spd>7.7</spd>
          <str>89.0</str>
        </logpt>
        <logpt time="2015-07-17T21:55:03Z">
          <spd>8.1</spd>
          <str>89.0</str>
        </logpt>
        <logpt time="2015-07-17T21:55:07Z">
          <spd>7.7</spd>
          <str>89.0</str>
        </logpt>
        <logpt time="2015-07-17T21:55:11Z">
          <spd>7.7</spd>
          <str>89.0</str>
        </logpt>
        <logpt time="2015-07-17T21:55:15Z">
          <spd>7.7</spd>
          <str>89.0</str>
        </logpt>
        <logpt time="2015-07-17T21:55:19Z">
          <spd>8.1</spd>
          <str>89.0</str>
        </logpt>
        <logpt time="2015-07-17T21:55:23Z">
          <spd>8.1</spd>
          <str>90.0</str>
        </logpt>
        <logpt time="2015-07-17T21:55:27Z">
          <spd>8.6</spd>
          <str>90.0</str>
        </logpt>
        <logpt time="2015-07-17T21:55:31Z">
          <spd>9.0</spd>
          <str>90.0</str>
        </logpt>
        <logpt time="2015-07-17T21:55:35Z">
          <spd>9.4</spd>
          <str>89.0</str>
        </logpt>
        <logpt time="2015-07-17T21:55:39Z">
          <spd>9.0</spd>
          <str>90.0</str>
        </logpt>
        <logpt time="2015-07-17T21:55:43Z">
          <spd>8.1</spd>
          <str>90.0</str>
        </logpt>
        <logpt time="2015-07-17T21:55:47Z">
          <spd>7.7</spd>
          <str>90.0</str>
        </logpt>
        <logpt time="2015-07-17T21:55:51Z">
          <spd>6.8</spd>
          <str>89.0</str>
        </logpt>
        <logpt time="2015-07-17T21:55:55Z">
          <spd>6.8</spd>
          <str>89.0</str>
        </logpt>
        <logpt time="2015-07-17T21:55:59Z">
          <spd>7.2</spd>
          <str>89.0</str>
        </logpt>
        <logpt time="2015-07-17T21:56:03Z">
          <spd>7.7</spd>
          <str>90.0</str>
        </logpt>
        <logpt time="2015-07-17T21:56:07Z">
          <spd>8.1</spd>
          <str>89.0</str>
        </logpt>
        <logpt time="2015-07-17T21:56:11Z">
          <spd>8.6</spd>
          <str>89.0</str>
        </logpt>
        <logpt time="2015-07-17T21:56:15Z">
          <spd>8.6</spd>
          <str>89.0</str>
        </logpt>
        <logpt time="2015-07-17T21:56:19Z">
          <spd>9.0</spd>
          <str>89.0</str>
        </logpt>
        <logpt time="2015-07-17T21:56:23Z">
          <spd>9.4</spd>
          <str>89.0</str>
        </logpt>
        <logpt time="2015-07-17T21:56:27Z">
          <spd>9.9</spd>
          <str>89.0</str>
        </logpt>
        <logpt time="2015-07-17T21:56:31Z">
          <spd>9.9</spd>
          <str>89.0</str>
        </logpt>
        <logpt time="2015-07-17T21:56:35Z">
          <spd>9.9</spd>
          <str>89.0</str>
        </logpt>
        <logpt time="2015-07-17T21:56:39Z">
          <spd>9.9</spd>
          <str>89.0</str>
        </logpt>
        <logpt time="2015-07-17T21:56:43Z">
          <spd>9.9</spd>
          <str>89.0</str>
        </logpt>
        <logpt time="2015-07-17T21:56:47Z">
          <spd>9.4</spd>
          <str>89.0</str>
        </logpt>
        <logpt time="2015-07-17T21:56:51Z">
          <spd>9.4</spd>
          <str>90.0</str>
        </logpt>
        <logpt time="2015-07-17T21:56:55Z">
          <spd>9.4</spd>
          <str>89.0</str>
        </logpt>
        <logpt time="2015-07-17T21:56:59Z">
          <spd>9.4</spd>
          <str>89.0</str>
        </logpt>
        <logpt time="2015-07-17T21:57:03Z">
          <spd>9.4</spd>
          <str>89.0</str>
        </logpt>
        <logpt time="2015-07-17T21:57:07Z">
          <spd>9.4</spd>
          <str>90.0</str>
        </logpt>
        <logpt time="2015-07-17T21:57:11Z">
          <spd>9.4</spd>
          <str>90.0</str>
        </logpt>
        <logpt time="2015-07-17T21:57:15Z">
          <spd>9.4</spd>
          <str>90.0</str>
        </logpt>
        <logpt time="2015-07-17T21:57:19Z">
          <spd>9.9</spd>
          <str>89.0</str>
        </logpt>
        <logpt time="2015-07-17T21:57:23Z">
          <spd>9.9</spd>
          <str>89.0</str>
        </logpt>
        <logpt time="2015-07-17T21:57:27Z">
          <spd>9.0</spd>
          <str>88.0</str>
        </logpt>
        <logpt time="2015-07-17T21:57:31Z">
          <spd>7.7</spd>
          <str>86.0</str>
        </logpt>
        <logpt time="2015-07-17T21:57:35Z">
          <spd>6.8</spd>
          <str>85.0</str>
        </logpt>
        <logpt time="2015-07-17T21:57:39Z">
          <spd>6.8</spd>
          <str>85.0</str>
        </logpt>
        <logpt time="2015-07-17T21:57:43Z">
          <spd>7.2</spd>
          <str>85.0</str>
        </logpt>
        <logpt time="2015-07-17T21:57:47Z">
          <spd>8.1</spd>
          <str>84.0</str>
        </logpt>
        <logpt time="2015-07-17T21:57:51Z">
          <spd>8.6</spd>
          <str>84.0</str>
        </logpt>
        <logpt time="2015-07-17T21:57:55Z">
          <spd>8.6</spd>
          <str>85.0</str>
        </logpt>
        <logpt time="2015-07-17T21:57:59Z">
          <spd>8.6</spd>
          <str>85.0</str>
        </logpt>
        <logpt time="2015-07-17T21:58:03Z">
          <spd>8.6</spd>
          <str>85.0</str>
        </logpt>
        <logpt time="2015-07-17T21:58:07Z">
          <spd>8.6</spd>
          <str>85.0</str>
        </logpt>
        <logpt time="2015-07-17T21:58:11Z">
          <spd>9.0</spd>
          <str>85.0</str>
        </logpt>
        <logpt time="2015-07-17T21:58:15Z">
          <spd>9.4</spd>
          <str>85.0</str>
        </logpt>
        <logpt time="2015-07-17T21:58:19Z">
          <spd>9.4</spd>
          <str>85.0</str>
        </logpt>
        <logpt time="2015-07-17T21:58:23Z">
          <spd>10.3</spd>
          <str>85.0</str>
        </logpt>
        <logpt time="2015-07-17T21:58:27Z">
          <spd>10.3</spd>
          <str>87.0</str>
        </logpt>
        <logpt time="2015-07-17T21:58:31Z">
          <spd>10.3</spd>
          <str>89.0</str>
        </logpt>
        <logpt time="2015-07-17T21:58:35Z">
          <spd>10.8</spd>
          <str>90.0</str>
        </logpt>
        <logpt time="2015-07-17T21:58:39Z">
          <spd>10.8</spd>
          <str>90.0</str>
        </logpt>
        <logpt time="2015-07-17T21:58:43Z">
          <spd>10.8</spd>
          <str>90.0</str>
        </logpt>
        <logpt time="2015-07-17T21:58:47Z">
          <spd>10.3</spd>
          <str>90.0</str>
        </logpt>
        <logpt time="2015-07-17T21:58:51Z">
          <spd>10.3</spd>
          <str>90.0</str>
        </logpt>
        <logpt time="2015-07-17T21:58:55Z">
          <spd>9.9</spd>
          <str>90.0</str>
        </logpt>
        <logpt time="2015-07-17T21:58:59Z">
          <spd>9.9</spd>
          <str>90.0</str>
        </logpt>
        <logpt time="2015-07-17T21:59:03Z">
          <spd>10.3</spd>
          <str>90.0</str>
        </logpt>
        <logpt time="2015-07-17T21:59:07Z">
          <spd>10.3</spd>
          <str>90.0</str>
        </logpt>
        <logpt time="2015-07-17T21:59:11Z">
          <spd>9.9</spd>
          <str>90.0</str>
        </logpt>
        <logpt time="2015-07-17T21:59:15Z">
          <spd>9.9</spd>
          <str>90.0</str>
        </logpt>
        <logpt time="2015-07-17T21:59:19Z">
          <spd>9.9</spd>
          <str>90.0</str>
        </logpt>
        <logpt time="2015-07-17T21:59:23Z">
          <spd>9.9</spd>
          <str>90.0</str>
        </logpt>
        <logpt time="2015-07-17T21:59:27Z">
          <spd>9.9</spd>
          <str>90.0</str>
        </logpt>
        <logpt time="2015-07-17T21:59:31Z">
          <spd>9.9</spd>
          <str>90.0</str>
        </logpt>
        <logpt time="2015-07-17T21:59:35Z">
          <spd>9.9</spd>
          <str>90.0</str>
        </logpt>
        <logpt time="2015-07-17T21:59:39Z">
          <spd>9.9</spd>
          <str>90.0</str>
        </logpt>
        <logpt time="2015-07-17T21:59:43Z">
          <spd>9.9</spd>
          <str>89.0</str>
        </logpt>
        <logpt time="2015-07-17T21:59:47Z">
          <spd>9.9</spd>
          <str>90.0</str>
        </logpt>
        <logpt time="2015-07-17T21:59:51Z">
          <spd>9.9</spd>
          <str>90.0</str>
        </logpt>
        <logpt time="2015-07-17T21:59:55Z">
          <spd>10.3</spd>
          <str>90.0</str>
        </logpt>
        <logpt time="2015-07-17T21:59:59Z">
          <spd>9.9</spd>
          <str>90.0</str>
        </logpt>
        <logpt time="2015-07-17T22:00:03Z">
          <spd>9.9</spd>
          <str>90.0</str>
        </logpt>
        <logpt time="2015-07-17T22:00:07Z">
          <spd>9.9</spd>
          <str>90.0</str>
        </logpt>
        <logpt time="2015-07-17T22:00:11Z">
          <spd>9.9</spd>
          <str>90.0</str>
        </logpt>
        <logpt time="2015-07-17T22:00:15Z">
          <spd>9.4</spd>
          <str>90.0</str>
        </logpt>
        <logpt time="2015-07-17T22:00:19Z">
          <spd>9.4</spd>
          <str>90.0</str>
        </logpt>
        <logpt time="2015-07-17T22:00:23Z">
          <spd>9.4</spd>
          <str>90.0</str>
        </logpt>
        <logpt time="2015-07-17T22:00:27Z">
          <spd>9.4</spd>
          <str>90.0</str>
        </logpt>
        <logpt time="2015-07-17T22:00:31Z">
          <spd>9.9</spd>
          <str>89.0</str>
        </logpt>
        <logpt time="2015-07-17T22:00:35Z">
          <spd>9.9</spd>
          <str>89.0</str>
        </logpt>
        <logpt time="2015-07-17T22:00:39Z">
          <spd>9.9</spd>
          <str>89.0</str>
        </logpt>
        <logpt time="2015-07-17T22:00:43Z">
          <spd>9.9</spd>
          <str>89.0</str>
        </logpt>
        <logpt time="2015-07-17T22:00:47Z">
          <spd>9.9</spd>
          <str>90.0</str>
        </logpt>
        <logpt time="2015-07-17T22:00:51Z">
          <spd>10.3</spd>
          <str>90.0</str>
        </logpt>
        <logpt time="2015-07-17T22:00:55Z">
          <spd>10.3</spd>
          <str>90.0</str>
        </logpt>
        <logpt time="2015-07-17T22:00:59Z">
          <spd>10.8</spd>
          <str>90.0</str>
        </logpt>
        <logpt time="2015-07-17T22:01:03Z">
          <spd>10.8</spd>
          <str>89.0</str>
        </logpt>
        <logpt time="2015-07-17T22:01:07Z">
          <spd>10.3</spd>
          <str>90.0</str>
        </logpt>
        <logpt time="2015-07-17T22:01:11Z">
          <spd>9.9</spd>
          <str>90.0</str>
        </logpt>
        <logpt time="2015-07-17T22:01:15Z">
          <spd>9.9</spd>
          <str>90.0</str>
        </logpt>
        <logpt time="2015-07-17T22:01:19Z">
          <spd>9.9</spd>
          <str>90.0</str>
        </logpt>
        <logpt time="2015-07-17T22:01:23Z">
          <spd>9.9</spd>
          <str>90.0</str>
        </logpt>
        <logpt time="2015-07-17T22:01:27Z">
          <spd>10.3</spd>
          <str>89.0</str>
        </logpt>
        <logpt time="2015-07-17T22:01:31Z">
          <spd>10.3</spd>
          <str>90.0</str>
        </logpt>
        <logpt time="2015-07-17T22:01:35Z">
          <spd>10.3</spd>
          <str>90.0</str>
        </logpt>
        <logpt time="2015-07-17T22:01:39Z">
          <spd>9.9</spd>
          <str>90.0</str>
        </logpt>
        <logpt time="2015-07-17T22:01:43Z">
          <spd>9.9</spd>
          <str>90.0</str>
        </logpt>
        <logpt time="2015-07-17T22:01:47Z">
          <spd>10.3</spd>
          <str>90.0</str>
        </logpt>
        <logpt time="2015-07-17T22:01:51Z">
          <spd>9.9</spd>
          <str>90.0</str>
        </logpt>
        <logpt time="2015-07-17T22:01:55Z">
          <spd>9.4</spd>
          <str>90.0</str>
        </logpt>
        <logpt time="2015-07-17T22:01:59Z">
          <spd>9.4</spd>
          <str>90.0</str>
        </logpt>
        <logpt time="2015-07-17T22:02:03Z">
          <spd>9.4</spd>
          <str>90.0</str>
        </logpt>
        <logpt time="2015-07-17T22:02:07Z">
          <spd>9.4</spd>
          <str>90.0</str>
        </logpt>
        <logpt time="2015-07-17T22:02:11Z">
          <spd>9.9</spd>
          <str>90.0</str>
        </logpt>
        <logpt time="2015-07-17T22:02:15Z">
          <spd>9.9</spd>
          <str>90.0</str>
        </logpt>
        <logpt time="2015-07-17T22:02:19Z">
          <spd>10.3</spd>
          <str>90.0</str>
        </logpt>
        <logpt time="2015-07-17T22:02:23Z">
          <spd>10.3</spd>
          <str>90.0</str>
        </logpt>
        <logpt time="2015-07-17T22:02:27Z">
          <spd>10.8</spd>
          <str>90.0</str>
        </logpt>
        <logpt time="2015-07-17T22:02:31Z">
          <spd>11.3</spd>
          <str>89.0</str>
        </logpt>
        <logpt time="2015-07-17T22:02:35Z">
          <spd>11.3</spd>
          <str>89.0</str>
        </logpt>
        <logpt time="2015-07-17T22:02:39Z">
          <spd>11.3</spd>
          <str>89.0</str>
        </logpt>
        <logpt time="2015-07-17T22:02:43Z">
          <spd>10.8</spd>
          <str>89.0</str>
        </logpt>
        <logpt time="2015-07-17T22:02:47Z">
          <spd>10.8</spd>
          <str>89.0</str>
        </logpt>
        <logpt time="2015-07-17T22:02:51Z">
          <spd>11.3</spd>
          <str>89.0</str>
        </logpt>
        <logpt time="2015-07-17T22:02:55Z">
          <spd>11.3</spd>
          <str>89.0</str>
        </logpt>
        <logpt time="2015-07-17T22:02:59Z">
          <spd>10.8</spd>
          <str>89.0</str>
        </logpt>
        <logpt time="2015-07-17T22:03:03Z">
          <spd>10.3</spd>
          <str>88.0</str>
        </logpt>
        <logpt time="2015-07-17T22:03:07Z">
          <spd>9.9</spd>
          <str>88.0</str>
        </logpt>
        <logpt time="2015-07-17T22:03:11Z">
          <spd>9.9</spd>
          <str>88.0</str>
        </logpt>
        <logpt time="2015-07-17T22:03:15Z">
          <spd>9.4</spd>
          <str>88.0</str>
        </logpt>
        <logpt time="2015-07-17T22:03:19Z">
          <spd>9.4</spd>
          <str>89.0</str>
        </logpt>
        <logpt time="2015-07-17T22:03:23Z">
          <spd>9.0</spd>
          <str>88.0</str>
        </logpt>
        <logpt time="2015-07-17T22:03:27Z">
          <spd>9.4</spd>
          <str>89.0</str>
        </logpt>
        <logpt time="2015-07-17T22:03:31Z">
          <spd>9.4</spd>
          <str>89.0</str>
        </logpt>
        <logpt time="2015-07-17T22:03:35Z">
          <spd>10.3</spd>
          <str>89.0</str>
        </logpt>
        <logpt time="2015-07-17T22:03:39Z">
          <spd>10.3</spd>
          <str>89.0</str>
        </logpt>
        <logpt time="2015-07-17T22:03:43Z">
          <spd>10.8</spd>
          <str>89.0</str>
        </logpt>
        <logpt time="2015-07-17T22:03:47Z">
          <spd>10.8</spd>
          <str>89.0</str>
        </logpt>
        <logpt time="2015-07-17T22:03:51Z">
          <spd>10.8</spd>
          <str>89.0</str>
        </logpt>
        <logpt time="2015-07-17T22:03:55Z">
          <spd>11.3</spd>
          <str>89.0</str>
        </logpt>
        <logpt time="2015-07-17T22:03:59Z">
          <spd>10.8</spd>
          <str>89.0</str>
        </logpt>
        <logpt time="2015-07-17T22:04:03Z">
          <spd>10.3</spd>
          <str>90.0</str>
        </logpt>
        <logpt time="2015-07-17T22:04:07Z">
          <spd>10.3</spd>
          <str>89.0</str>
        </logpt>
        <logpt time="2015-07-17T22:04:11Z">
          <spd>10.8</spd>
          <str>89.0</str>
        </logpt>
        <logpt time="2015-07-17T22:04:15Z">
          <spd>11.3</spd>
          <str>89.0</str>
        </logpt>
        <logpt time="2015-07-17T22:04:19Z">
          <spd>10.8</spd>
          <str>89.0</str>
        </logpt>
        <logpt time="2015-07-17T22:04:23Z">
          <spd>10.8</spd>
          <str>90.0</str>
        </logpt>
        <logpt time="2015-07-17T22:04:27Z">
          <spd>10.8</spd>
          <str>89.0</str>
        </logpt>
        <logpt time="2015-07-17T22:04:31Z">
          <spd>11.3</spd>
          <str>89.0</str>
        </logpt>
        <logpt time="2015-07-17T22:04:35Z">
          <spd>11.3</spd>
          <str>89.0</str>
        </logpt>
        <logpt time="2015-07-17T22:04:39Z">
          <spd>11.3</spd>
          <str>89.0</str>
        </logpt>
        <logpt time="2015-07-17T22:04:43Z">
          <spd>11.3</spd>
          <str>90.0</str>
        </logpt>
        <logpt time="2015-07-17T22:04:47Z">
          <spd>11.3</spd>
          <str>90.0</str>
        </logpt>
        <logpt time="2015-07-17T22:04:51Z">
          <spd>11.3</spd>
          <str>90.0</str>
        </logpt>
        <logpt time="2015-07-17T22:04:55Z">
          <spd>11.7</spd>
          <str>90.0</str>
        </logpt>
        <logpt time="2015-07-17T22:04:59Z">
          <spd>11.7</spd>
          <str>90.0</str>
        </logpt>
        <logpt time="2015-07-17T22:05:03Z">
          <spd>11.7</spd>
          <str>90.0</str>
        </logpt>
        <logpt time="2015-07-17T22:05:07Z">
          <spd>12.2</spd>
          <str>90.0</str>
        </logpt>
        <logpt time="2015-07-17T22:05:11Z">
          <spd>11.7</spd>
          <str>90.0</str>
        </logpt>
        <logpt time="2015-07-17T22:05:15Z">
          <spd>11.3</spd>
          <str>90.0</str>
        </logpt>
        <logpt time="2015-07-17T22:05:19Z">
          <spd>11.3</spd>
          <str>90.0</str>
        </logpt>
        <logpt time="2015-07-17T22:05:23Z">
          <spd>10.8</spd>
          <str>90.0</str>
        </logpt>
        <logpt time="2015-07-17T22:05:27Z">
          <spd>10.8</spd>
          <str>91.0</str>
        </logpt>
        <logpt time="2015-07-17T22:05:31Z">
          <spd>10.3</spd>
          <str>91.0</str>
        </logpt>
        <logpt time="2015-07-17T22:05:35Z">
          <spd>10.3</spd>
          <str>91.0</str>
        </logpt>
        <logpt time="2015-07-17T22:05:39Z">
          <spd>10.8</spd>
          <str>91.0</str>
        </logpt>
        <logpt time="2015-07-17T22:05:43Z">
          <spd>10.8</spd>
          <str>91.0</str>
        </logpt>
        <logpt time="2015-07-17T22:05:47Z">
          <spd>10.8</spd>
          <str>91.0</str>
        </logpt>
        <logpt time="2015-07-17T22:05:51Z">
          <spd>10.3</spd>
          <str>91.0</str>
        </logpt>
        <logpt time="2015-07-17T22:05:55Z">
          <spd>10.3</spd>
          <str>91.0</str>
        </logpt>
        <logpt time="2015-07-17T22:05:59Z">
          <spd>10.3</spd>
          <str>90.0</str>
        </logpt>
        <logpt time="2015-07-17T22:06:03Z">
          <spd>9.9</spd>
          <str>90.0</str>
        </logpt>
        <logpt time="2015-07-17T22:06:07Z">
          <spd>9.4</spd>
          <str>90.0</str>
        </logpt>
        <logpt time="2015-07-17T22:06:11Z">
          <spd>9.4</spd>
          <str>90.0</str>
        </logpt>
        <logpt time="2015-07-17T22:06:15Z">
          <spd>9.9</spd>
          <str>90.0</str>
        </logpt>
        <logpt time="2015-07-17T22:06:19Z">
          <spd>9.9</spd>
          <str>90.0</str>
        </logpt>
        <logpt time="2015-07-17T22:06:23Z">
          <spd>9.9</spd>
          <str>90.0</str>
        </logpt>
        <logpt time="2015-07-17T22:06:27Z">
          <spd>9.9</spd>
          <str>90.0</str>
        </logpt>
        <logpt time="2015-07-17T22:06:31Z">
          <spd>9.9</spd>
          <str>90.0</str>
        </logpt>
        <logpt time="2015-07-17T22:06:35Z">
          <spd>10.3</spd>
          <str>90.0</str>
        </logpt>
        <logpt time="2015-07-17T22:06:39Z">
          <spd>9.9</spd>
          <str>89.0</str>
        </logpt>
        <logpt time="2015-07-17T22:06:43Z">
          <spd>9.9</spd>
          <str>89.0</str>
        </logpt>
        <logpt time="2015-07-17T22:06:47Z">
          <spd>9.4</spd>
          <str>89.0</str>
        </logpt>
        <logpt time="2015-07-17T22:06:51Z">
          <spd>9.4</spd>
          <str>89.0</str>
        </logpt>
        <logpt time="2015-07-17T22:06:55Z">
          <spd>9.9</spd>
          <str>89.0</str>
        </logpt>
        <logpt time="2015-07-17T22:06:59Z">
          <spd>9.9</spd>
          <str>89.0</str>
        </logpt>
        <logpt time="2015-07-17T22:07:03Z">
          <spd>9.4</spd>
          <str>89.0</str>
        </logpt>
        <logpt time="2015-07-17T22:07:07Z">
          <spd>9.4</spd>
          <str>89.0</str>
        </logpt>
        <logpt time="2015-07-17T22:07:11Z">
          <spd>9.4</spd>
          <str>89.0</str>
        </logpt>
        <logpt time="2015-07-17T22:07:15Z">
          <spd>9.4</spd>
          <str>88.0</str>
        </logpt>
        <logpt time="2015-07-17T22:07:19Z">
          <spd>9.4</spd>
          <str>88.0</str>
        </logpt>
        <logpt time="2015-07-17T22:07:23Z">
          <spd>9.4</spd>
          <str>88.0</str>
        </logpt>
        <logpt time="2015-07-17T22:07:27Z">
          <spd>9.4</spd>
          <str>89.0</str>
        </logpt>
        <logpt time="2015-07-17T22:07:31Z">
          <spd>9.4</spd>
          <str>88.0</str>
        </logpt>
        <logpt time="2015-07-17T22:07:35Z">
          <spd>9.4</spd>
          <str>88.0</str>
        </logpt>
        <logpt time="2015-07-17T22:07:39Z">
          <spd>9.9</spd>
          <str>89.0</str>
        </logpt>
        <logpt time="2015-07-17T22:07:43Z">
          <spd>9.9</spd>
          <str>88.0</str>
        </logpt>
        <logpt time="2015-07-17T22:07:47Z">
          <spd>9.4</spd>
          <str>88.0</str>
        </logpt>
        <logpt time="2015-07-17T22:07:51Z">
          <spd>9.9</spd>
          <str>88.0</str>
        </logpt>
        <logpt time="2015-07-17T22:07:55Z">
          <spd>9.9</spd>
          <str>88.0</str>
        </logpt>
        <logpt time="2015-07-17T22:07:59Z">
          <spd>10.3</spd>
          <str>89.0</str>
        </logpt>
        <logpt time="2015-07-17T22:08:03Z">
          <spd>10.3</spd>
          <str>88.0</str>
        </logpt>
        <logpt time="2015-07-17T22:08:07Z">
          <spd>10.3</spd>
          <str>89.0</str>
        </logpt>
        <logpt time="2015-07-17T22:08:11Z">
          <spd>10.3</spd>
          <str>88.0</str>
        </logpt>
        <logpt time="2015-07-17T22:08:15Z">
          <spd>10.3</spd>
          <str>89.0</str>
        </logpt>
        <logpt time="2015-07-17T22:08:19Z">
          <spd>10.8</spd>
          <str>89.0</str>
        </logpt>
        <logpt time="2015-07-17T22:08:23Z">
          <spd>10.8</spd>
          <str>89.0</str>
        </logpt>
        <logpt time="2015-07-17T22:08:27Z">
          <spd>10.3</spd>
          <str>88.0</str>
        </logpt>
        <logpt time="2015-07-17T22:08:31Z">
          <spd>10.8</spd>
          <str>89.0</str>
        </logpt>
        <logpt time="2015-07-17T22:08:35Z">
          <spd>10.8</spd>
          <str>89.0</str>
        </logpt>
        <logpt time="2015-07-17T22:08:39Z">
          <spd>10.8</spd>
          <str>89.0</str>
        </logpt>
        <logpt time="2015-07-17T22:08:43Z">
          <spd>10.8</spd>
          <str>89.0</str>
        </logpt>
        <logpt time="2015-07-17T22:08:47Z">
          <spd>10.3</spd>
          <str>89.0</str>
        </logpt>
        <logpt time="2015-07-17T22:08:51Z">
          <spd>9.9</spd>
          <str>89.0</str>
        </logpt>
        <logpt time="2015-07-17T22:08:55Z">
          <spd>9.9</spd>
          <str>89.0</str>
        </logpt>
        <logpt time="2015-07-17T22:08:59Z">
          <spd>9.9</spd>
          <str>89.0</str>
        </logpt>
        <logpt time="2015-07-17T22:09:03Z">
          <spd>9.4</spd>
          <str>89.0</str>
        </logpt>
        <logpt time="2015-07-17T22:09:07Z">
          <spd>9.4</spd>
          <str>89.0</str>
        </logpt>
        <logpt time="2015-07-17T22:09:11Z">
          <spd>9.4</spd>
          <str>89.0</str>
        </logpt>
        <logpt time="2015-07-17T22:09:15Z">
          <spd>9.4</spd>
          <str>89.0</str>
        </logpt>
        <logpt time="2015-07-17T22:09:19Z">
          <spd>9.4</spd>
          <str>89.0</str>
        </logpt>
        <logpt time="2015-07-17T22:09:23Z">
          <spd>9.4</spd>
          <str>89.0</str>
        </logpt>
        <logpt time="2015-07-17T22:09:27Z">
          <spd>9.4</spd>
          <str>89.0</str>
        </logpt>
        <logpt time="2015-07-17T22:09:31Z">
          <spd>9.9</spd>
          <str>89.0</str>
        </logpt>
        <logpt time="2015-07-17T22:09:35Z">
          <spd>9.9</spd>
          <str>89.0</str>
        </logpt>
        <logpt time="2015-07-17T22:09:39Z">
          <spd>9.9</spd>
          <str>89.0</str>
        </logpt>
        <logpt time="2015-07-17T22:09:43Z">
          <spd>9.9</spd>
          <str>88.0</str>
        </logpt>
        <logpt time="2015-07-17T22:09:47Z">
          <spd>9.9</spd>
          <str>88.0</str>
        </logpt>
        <logpt time="2015-07-17T22:09:51Z">
          <spd>9.9</spd>
          <str>89.0</str>
        </logpt>
        <logpt time="2015-07-17T22:09:55Z">
          <spd>9.9</spd>
          <str>88.0</str>
        </logpt>
        <logpt time="2015-07-17T22:09:59Z">
          <spd>9.9</spd>
          <str>88.0</str>
        </logpt>
        <logpt time="2015-07-17T22:10:03Z">
          <spd>10.3</spd>
          <str>88.0</str>
        </logpt>
        <logpt time="2015-07-17T22:10:07Z">
          <spd>10.3</spd>
          <str>88.0</str>
        </logpt>
        <logpt time="2015-07-17T22:10:11Z">
          <spd>10.3</spd>
          <str>88.0</str>
        </logpt>
        <logpt time="2015-07-17T22:10:15Z">
          <spd>10.3</spd>
          <str>88.0</str>
        </logpt>
        <logpt time="2015-07-17T22:10:19Z">
          <spd>9.9</spd>
          <str>88.0</str>
        </logpt>
        <logpt time="2015-07-17T22:10:23Z">
          <spd>10.3</spd>
          <str>88.0</str>
        </logpt>
        <logpt time="2015-07-17T22:10:27Z">
          <spd>10.3</spd>
          <str>87.0</str>
        </logpt>
        <logpt time="2015-07-17T22:10:31Z">
          <spd>10.3</spd>
          <str>87.0</str>
        </logpt>
        <logpt time="2015-07-17T22:10:35Z">
          <spd>10.3</spd>
          <str>88.0</str>
        </logpt>
        <logpt time="2015-07-17T22:10:39Z">
          <spd>9.9</spd>
          <str>87.0</str>
        </logpt>
        <logpt time="2015-07-17T22:10:43Z">
          <spd>9.9</spd>
          <str>87.0</str>
        </logpt>
        <logpt time="2015-07-17T22:10:47Z">
          <spd>9.4</spd>
          <str>88.0</str>
        </logpt>
        <logpt time="2015-07-17T22:10:51Z">
          <spd>9.4</spd>
          <str>87.0</str>
        </logpt>
        <logpt time="2015-07-17T22:10:55Z">
          <spd>9.4</spd>
          <str>88.0</str>
        </logpt>
        <logpt time="2015-07-17T22:10:59Z">
          <spd>9.4</spd>
          <str>87.0</str>
        </logpt>
        <logpt time="2015-07-17T22:11:03Z">
          <spd>9.9</spd>
          <str>88.0</str>
        </logpt>
        <logpt time="2015-07-17T22:11:07Z">
          <spd>9.9</spd>
          <str>88.0</str>
        </logpt>
        <logpt time="2015-07-17T22:11:11Z">
          <spd>9.9</spd>
          <str>88.0</str>
        </logpt>
        <logpt time="2015-07-17T22:11:15Z">
          <spd>9.9</spd>
          <str>88.0</str>
        </logpt>
        <logpt time="2015-07-17T22:11:19Z">
          <spd>9.9</spd>
          <str>88.0</str>
        </logpt>
        <logpt time="2015-07-17T22:11:23Z">
          <spd>10.3</spd>
          <str>88.0</str>
        </logpt>
        <logpt time="2015-07-17T22:11:27Z">
          <spd>10.3</spd>
          <str>88.0</str>
        </logpt>
        <logpt time="2015-07-17T22:11:31Z">
          <spd>10.3</spd>
          <str>88.0</str>
        </logpt>
        <logpt time="2015-07-17T22:11:35Z">
          <spd>9.9</spd>
          <str>88.0</str>
        </logpt>
        <logpt time="2015-07-17T22:11:39Z">
          <spd>9.9</spd>
          <str>88.0</str>
        </logpt>
        <logpt time="2015-07-17T22:11:43Z">
          <spd>9.9</spd>
          <str>89.0</str>
        </logpt>
        <logpt time="2015-07-17T22:11:47Z">
          <spd>9.9</spd>
          <str>89.0</str>
        </logpt>
        <logpt time="2015-07-17T22:11:51Z">
          <spd>9.9</spd>
          <str>88.0</str>
        </logpt>
        <logpt time="2015-07-17T22:11:55Z">
          <spd>9.9</spd>
          <str>88.0</str>
        </logpt>
        <logpt time="2015-07-17T22:11:59Z">
          <spd>9.4</spd>
          <str>89.0</str>
        </logpt>
        <logpt time="2015-07-17T22:12:03Z">
          <spd>9.4</spd>
          <str>89.0</str>
        </logpt>
        <logpt time="2015-07-17T22:12:07Z">
          <spd>9.4</spd>
          <str>88.0</str>
        </logpt>
        <logpt time="2015-07-17T22:12:11Z">
          <spd>9.0</spd>
          <str>89.0</str>
        </logpt>
        <logpt time="2015-07-17T22:12:15Z">
          <spd>9.0</spd>
          <str>89.0</str>
        </logpt>
        <logpt time="2015-07-17T22:12:19Z">
          <spd>9.4</spd>
          <str>89.0</str>
        </logpt>
        <logpt time="2015-07-17T22:12:23Z">
          <spd>9.9</spd>
          <str>89.0</str>
        </logpt>
        <logpt time="2015-07-17T22:12:27Z">
          <spd>9.9</spd>
          <str>89.0</str>
        </logpt>
        <logpt time="2015-07-17T22:12:31Z">
          <spd>9.9</spd>
          <str>89.0</str>
        </logpt>
        <logpt time="2015-07-17T22:12:35Z">
          <spd>9.9</spd>
          <str>89.0</str>
        </logpt>
        <logpt time="2015-07-17T22:12:39Z">
          <spd>9.9</spd>
          <str>89.0</str>
        </logpt>
        <logpt time="2015-07-17T22:12:43Z">
          <spd>9.9</spd>
          <str>89.0</str>
        </logpt>
        <logpt time="2015-07-17T22:12:47Z">
          <spd>9.9</spd>
          <str>89.0</str>
        </logpt>
        <logpt time="2015-07-17T22:12:51Z">
          <spd>10.3</spd>
          <str>89.0</str>
        </logpt>
        <logpt time="2015-07-17T22:12:55Z">
          <spd>10.3</spd>
          <str>89.0</str>
        </logpt>
        <logpt time="2015-07-17T22:12:59Z">
          <spd>10.3</spd>
          <str>89.0</str>
        </logpt>
        <logpt time="2015-07-17T22:13:03Z">
          <spd>10.3</spd>
          <str>89.0</str>
        </logpt>
        <logpt time="2015-07-17T22:13:07Z">
          <spd>10.3</spd>
          <str>89.0</str>
        </logpt>
        <logpt time="2015-07-17T22:13:11Z">
          <spd>10.3</spd>
          <str>89.0</str>
        </logpt>
        <logpt time="2015-07-17T22:13:15Z">
          <spd>10.3</spd>
          <str>89.0</str>
        </logpt>
        <logpt time="2015-07-17T22:13:19Z">
          <spd>10.3</spd>
          <str>89.0</str>
        </logpt>
        <logpt time="2015-07-17T22:13:23Z">
          <spd>10.3</spd>
          <str>89.0</str>
        </logpt>
        <logpt time="2015-07-17T22:13:27Z">
          <spd>10.3</spd>
          <str>89.0</str>
        </logpt>
        <logpt time="2015-07-17T22:13:31Z">
          <spd>10.3</spd>
          <str>89.0</str>
        </logpt>
        <logpt time="2015-07-17T22:13:35Z">
          <spd>10.3</spd>
          <str>89.0</str>
        </logpt>
        <logpt time="2015-07-17T22:13:39Z">
          <spd>10.8</spd>
          <str>89.0</str>
        </logpt>
        <logpt time="2015-07-17T22:13:43Z">
          <spd>10.3</spd>
          <str>90.0</str>
        </logpt>
        <logpt time="2015-07-17T22:13:47Z">
          <spd>10.3</spd>
          <str>89.0</str>
        </logpt>
        <logpt time="2015-07-17T22:13:51Z">
          <spd>10.3</spd>
          <str>89.0</str>
        </logpt>
        <logpt time="2015-07-17T22:13:55Z">
          <spd>10.3</spd>
          <str>89.0</str>
        </logpt>
        <logpt time="2015-07-17T22:13:59Z">
          <spd>9.9</spd>
          <str>90.0</str>
        </logpt>
        <logpt time="2015-07-17T22:14:03Z">
          <spd>9.9</spd>
          <str>90.0</str>
        </logpt>
        <logpt time="2015-07-17T22:14:07Z">
          <spd>9.9</spd>
          <str>90.0</str>
        </logpt>
        <logpt time="2015-07-17T22:14:11Z">
          <spd>9.9</spd>
          <str>89.0</str>
        </logpt>
        <logpt time="2015-07-17T22:14:15Z">
          <spd>9.9</spd>
          <str>89.0</str>
        </logpt>
        <logpt time="2015-07-17T22:14:19Z">
          <spd>9.9</spd>
          <str>90.0</str>
        </logpt>
        <logpt time="2015-07-17T22:14:23Z">
          <spd>9.9</spd>
          <str>90.0</str>
        </logpt>
        <logpt time="2015-07-17T22:14:27Z">
          <spd>9.4</spd>
          <str>90.0</str>
        </logpt>
        <logpt time="2015-07-17T22:14:31Z">
          <spd>9.0</spd>
          <str>90.0</str>
        </logpt>
        <logpt time="2015-07-17T22:14:35Z">
          <spd>9.4</spd>
          <str>89.0</str>
        </logpt>
        <logpt time="2015-07-17T22:14:39Z">
          <spd>9.4</spd>
          <str>89.0</str>
        </logpt>
        <logpt time="2015-07-17T22:14:43Z">
          <spd>9.4</spd>
          <str>89.0</str>
        </logpt>
        <logpt time="2015-07-17T22:14:47Z">
          <spd>9.4</spd>
          <str>90.0</str>
        </logpt>
        <logpt time="2015-07-17T22:14:51Z">
          <spd>9.9</spd>
          <str>89.0</str>
        </logpt>
        <logpt time="2015-07-17T22:14:55Z">
          <spd>9.9</spd>
          <str>89.0</str>
        </logpt>
        <logpt time="2015-07-17T22:14:59Z">
          <spd>9.9</spd>
          <str>89.0</str>
        </logpt>
        <logpt time="2015-07-17T22:15:03Z">
          <spd>9.4</spd>
          <str>89.0</str>
        </logpt>
        <logpt time="2015-07-17T22:15:07Z">
          <spd>9.9</spd>
          <str>89.0</str>
        </logpt>
        <logpt time="2015-07-17T22:15:11Z">
          <spd>9.4</spd>
          <str>90.0</str>
        </logpt>
        <logpt time="2015-07-17T22:15:15Z">
          <spd>9.9</spd>
          <str>89.0</str>
        </logpt>
        <logpt time="2015-07-17T22:15:19Z">
          <spd>9.9</spd>
          <str>89.0</str>
        </logpt>
        <logpt time="2015-07-17T22:15:23Z">
          <spd>9.9</spd>
          <str>89.0</str>
        </logpt>
        <logpt time="2015-07-17T22:15:27Z">
          <spd>10.3</spd>
          <str>89.0</str>
        </logpt>
        <logpt time="2015-07-17T22:15:31Z">
          <spd>9.9</spd>
          <str>90.0</str>
        </logpt>
        <logpt time="2015-07-17T22:15:35Z">
          <spd>9.9</spd>
          <str>90.0</str>
        </logpt>
        <logpt time="2015-07-17T22:15:39Z">
          <spd>9.9</spd>
          <str>89.0</str>
        </logpt>
        <logpt time="2015-07-17T22:15:43Z">
          <spd>9.9</spd>
          <str>89.0</str>
        </logpt>
        <logpt time="2015-07-17T22:15:47Z">
          <spd>9.9</spd>
          <str>89.0</str>
        </logpt>
        <logpt time="2015-07-17T22:15:51Z">
          <spd>9.4</spd>
          <str>90.0</str>
        </logpt>
        <logpt time="2015-07-17T22:15:55Z">
          <spd>9.4</spd>
          <str>90.0</str>
        </logpt>
        <logpt time="2015-07-17T22:15:59Z">
          <spd>9.4</spd>
          <str>89.0</str>
        </logpt>
        <logpt time="2015-07-17T22:16:03Z">
          <spd>9.4</spd>
          <str>89.0</str>
        </logpt>
        <logpt time="2015-07-17T22:16:07Z">
          <spd>9.4</spd>
          <str>89.0</str>
        </logpt>
        <logpt time="2015-07-17T22:16:11Z">
          <spd>9.4</spd>
          <str>89.0</str>
        </logpt>
        <logpt time="2015-07-17T22:16:15Z">
          <spd>9.4</spd>
          <str>89.0</str>
        </logpt>
        <logpt time="2015-07-17T22:16:19Z">
          <spd>9.4</spd>
          <str>89.0</str>
        </logpt>
        <logpt time="2015-07-17T22:16:23Z">
          <spd>9.4</spd>
          <str>89.0</str>
        </logpt>
        <logpt time="2015-07-17T22:16:27Z">
          <spd>9.4</spd>
          <str>89.0</str>
        </logpt>
        <logpt time="2015-07-17T22:16:31Z">
          <spd>9.4</spd>
          <str>89.0</str>
        </logpt>
        <logpt time="2015-07-17T22:16:35Z">
          <spd>9.4</spd>
          <str>89.0</str>
        </logpt>
        <logpt time="2015-07-17T22:16:39Z">
          <spd>9.4</spd>
          <str>89.0</str>
        </logpt>
        <logpt time="2015-07-17T22:16:43Z">
          <spd>9.4</spd>
          <str>89.0</str>
        </logpt>
        <logpt time="2015-07-17T22:16:47Z">
          <spd>9.9</spd>
          <str>89.0</str>
        </logpt>
        <logpt time="2015-07-17T22:16:51Z">
          <spd>9.9</spd>
          <str>89.0</str>
        </logpt>
        <logpt time="2015-07-17T22:16:55Z">
          <spd>9.9</spd>
          <str>89.0</str>
        </logpt>
        <logpt time="2015-07-17T22:16:59Z">
          <spd>9.0</spd>
          <str>88.0</str>
        </logpt>
        <logpt time="2015-07-17T22:17:03Z">
          <spd>8.1</spd>
          <str>88.0</str>
        </logpt>
        <logpt time="2015-07-17T22:17:07Z">
          <spd>7.2</spd>
          <str>87.0</str>
        </logpt>
        <logpt time="2015-07-17T22:17:11Z">
          <spd>7.2</spd>
          <str>86.0</str>
        </logpt>
        <logpt time="2015-07-17T22:17:15Z">
          <spd>7.7</spd>
          <str>87.0</str>
        </logpt>
        <logpt time="2015-07-17T22:17:19Z">
          <spd>8.6</spd>
          <str>86.0</str>
        </logpt>
        <logpt time="2015-07-17T22:17:23Z">
          <spd>8.6</spd>
          <str>86.0</str>
        </logpt>
        <logpt time="2015-07-17T22:17:27Z">
          <spd>9.0</spd>
          <str>87.0</str>
        </logpt>
        <logpt time="2015-07-17T22:17:31Z">
          <spd>9.0</spd>
          <str>87.0</str>
        </logpt>
        <logpt time="2015-07-17T22:17:35Z">
          <spd>9.4</spd>
          <str>87.0</str>
        </logpt>
        <logpt time="2015-07-17T22:17:39Z">
          <spd>9.4</spd>
          <str>87.0</str>
        </logpt>
        <logpt time="2015-07-17T22:17:43Z">
          <spd>9.0</spd>
          <str>86.0</str>
        </logpt>
        <logpt time="2015-07-17T22:17:47Z">
          <spd>9.4</spd>
          <str>86.0</str>
        </logpt>
        <logpt time="2015-07-17T22:17:51Z">
          <spd>9.0</spd>
          <str>87.0</str>
        </logpt>
        <logpt time="2015-07-17T22:17:55Z">
          <spd>9.4</spd>
          <str>87.0</str>
        </logpt>
        <logpt time="2015-07-17T22:17:59Z">
          <spd>9.4</spd>
          <str>88.0</str>
        </logpt>
        <logpt time="2015-07-17T22:18:03Z">
          <spd>9.4</spd>
          <str>88.0</str>
        </logpt>
        <logpt time="2015-07-17T22:18:07Z">
          <spd>9.9</spd>
          <str>89.0</str>
        </logpt>
        <logpt time="2015-07-17T22:18:11Z">
          <spd>9.9</spd>
          <str>89.0</str>
        </logpt>
        <logpt time="2015-07-17T22:18:15Z">
          <spd>9.4</spd>
          <str>89.0</str>
        </logpt>
        <logpt time="2015-07-17T22:18:19Z">
          <spd>9.4</spd>
          <str>90.0</str>
        </logpt>
        <logpt time="2015-07-17T22:18:23Z">
          <spd>9.0</spd>
          <str>89.0</str>
        </logpt>
        <logpt time="2015-07-17T22:18:27Z">
          <spd>9.0</spd>
          <str>89.0</str>
        </logpt>
        <logpt time="2015-07-17T22:18:31Z">
          <spd>9.0</spd>
          <str>89.0</str>
        </logpt>
        <logpt time="2015-07-17T22:18:35Z">
          <spd>9.4</spd>
          <str>89.0</str>
        </logpt>
        <logpt time="2015-07-17T22:18:39Z">
          <spd>9.4</spd>
          <str>89.0</str>
        </logpt>
        <logpt time="2015-07-17T22:18:43Z">
          <spd>8.6</spd>
          <str>89.0</str>
        </logpt>
        <logpt time="2015-07-17T22:18:47Z">
          <spd>9.0</spd>
          <str>88.0</str>
        </logpt>
        <logpt time="2015-07-17T22:18:51Z">
          <spd>9.0</spd>
          <str>88.0</str>
        </logpt>
        <logpt time="2015-07-17T22:18:55Z">
          <spd>9.0</spd>
          <str>87.0</str>
        </logpt>
        <logpt time="2015-07-17T22:18:59Z">
          <spd>9.0</spd>
          <str>87.0</str>
        </logpt>
        <logpt time="2015-07-17T22:19:03Z">
          <spd>9.4</spd>
          <str>87.0</str>
        </logpt>
        <logpt time="2015-07-17T22:19:07Z">
          <spd>9.9</spd>
          <str>87.0</str>
        </logpt>
        <logpt time="2015-07-17T22:19:11Z">
          <spd>9.9</spd>
          <str>87.0</str>
        </logpt>
        <logpt time="2015-07-17T22:19:15Z">
          <spd>9.9</spd>
          <str>86.0</str>
        </logpt>
        <logpt time="2015-07-17T22:19:19Z">
          <spd>9.9</spd>
          <str>86.0</str>
        </logpt>
        <logpt time="2015-07-17T22:19:23Z">
          <spd>10.3</spd>
          <str>86.0</str>
        </logpt>
        <logpt time="2015-07-17T22:19:27Z">
          <spd>10.3</spd>
          <str>86.0</str>
        </logpt>
        <logpt time="2015-07-17T22:19:31Z">
          <spd>10.3</spd>
          <str>86.0</str>
        </logpt>
        <logpt time="2015-07-17T22:19:35Z">
          <spd>10.3</spd>
          <str>86.0</str>
        </logpt>
        <logpt time="2015-07-17T22:19:39Z">
          <spd>10.3</spd>
          <str>85.0</str>
        </logpt>
        <logpt time="2015-07-17T22:19:43Z">
          <spd>9.9</spd>
          <str>86.0</str>
        </logpt>
        <logpt time="2015-07-17T22:19:47Z">
          <spd>9.9</spd>
          <str>86.0</str>
        </logpt>
        <logpt time="2015-07-17T22:19:51Z">
          <spd>9.9</spd>
          <str>86.0</str>
        </logpt>
        <logpt time="2015-07-17T22:19:55Z">
          <spd>9.4</spd>
          <str>87.0</str>
        </logpt>
        <logpt time="2015-07-17T22:19:59Z">
          <spd>9.9</spd>
          <str>87.0</str>
        </logpt>
        <logpt time="2015-07-17T22:20:03Z">
          <spd>9.4</spd>
          <str>87.0</str>
        </logpt>
        <logpt time="2015-07-17T22:20:07Z">
          <spd>9.4</spd>
          <str>87.0</str>
        </logpt>
        <logpt time="2015-07-17T22:20:11Z">
          <spd>9.4</spd>
          <str>87.0</str>
        </logpt>
        <logpt time="2015-07-17T22:20:15Z">
          <spd>9.4</spd>
          <str>87.0</str>
        </logpt>
        <logpt time="2015-07-17T22:20:19Z">
          <spd>9.4</spd>
          <str>88.0</str>
        </logpt>
        <logpt time="2015-07-17T22:20:23Z">
          <spd>9.4</spd>
          <str>87.0</str>
        </logpt>
        <logpt time="2015-07-17T22:20:27Z">
          <spd>9.4</spd>
          <str>88.0</str>
        </logpt>
        <logpt time="2015-07-17T22:20:31Z">
          <spd>9.4</spd>
          <str>88.0</str>
        </logpt>
        <logpt time="2015-07-17T22:20:35Z">
          <spd>9.4</spd>
          <str>88.0</str>
        </logpt>
        <logpt time="2015-07-17T22:20:39Z">
          <spd>9.4</spd>
          <str>88.0</str>
        </logpt>
        <logpt time="2015-07-17T22:20:43Z">
          <spd>9.4</spd>
          <str>88.0</str>
        </logpt>
        <logpt time="2015-07-17T22:20:47Z">
          <spd>9.4</spd>
          <str>89.0</str>
        </logpt>
        <logpt time="2015-07-17T22:20:51Z">
          <spd>9.4</spd>
          <str>89.0</str>
        </logpt>
        <logpt time="2015-07-17T22:20:55Z">
          <spd>9.4</spd>
          <str>89.0</str>
        </logpt>
        <logpt time="2015-07-17T22:20:59Z">
          <spd>9.4</spd>
          <str>89.0</str>
        </logpt>
        <logpt time="2015-07-17T22:21:03Z">
          <spd>9.4</spd>
          <str>89.0</str>
        </logpt>
        <logpt time="2015-07-17T22:21:07Z">
          <spd>9.4</spd>
          <str>89.0</str>
        </logpt>
        <logpt time="2015-07-17T22:21:11Z">
          <spd>9.4</spd>
          <str>89.0</str>
        </logpt>
        <logpt time="2015-07-17T22:21:15Z">
          <spd>9.4</spd>
          <str>89.0</str>
        </logpt>
        <logpt time="2015-07-17T22:21:19Z">
          <spd>9.4</spd>
          <str>89.0</str>
        </logpt>
        <logpt time="2015-07-17T22:21:23Z">
          <spd>10.3</spd>
          <str>89.0</str>
        </logpt>
        <logpt time="2015-07-17T22:21:27Z">
          <spd>10.3</spd>
          <str>89.0</str>
        </logpt>
        <logpt time="2015-07-17T22:21:31Z">
          <spd>10.3</spd>
          <str>89.0</str>
        </logpt>
        <logpt time="2015-07-17T22:21:35Z">
          <spd>10.3</spd>
          <str>88.0</str>
        </logpt>
        <logpt time="2015-07-17T22:21:39Z">
          <spd>9.9</spd>
          <str>88.0</str>
        </logpt>
        <logpt time="2015-07-17T22:21:43Z">
          <spd>9.9</spd>
          <str>88.0</str>
        </logpt>
        <logpt time="2015-07-17T22:21:47Z">
          <spd>9.9</spd>
          <str>88.0</str>
        </logpt>
        <logpt time="2015-07-17T22:21:51Z">
          <spd>9.9</spd>
          <str>88.0</str>
        </logpt>
        <logpt time="2015-07-17T22:21:55Z">
          <spd>10.3</spd>
          <str>88.0</str>
        </logpt>
        <logpt time="2015-07-17T22:21:59Z">
          <spd>9.9</spd>
          <str>88.0</str>
        </logpt>
        <logpt time="2015-07-17T22:22:03Z">
          <spd>9.9</spd>
          <str>88.0</str>
        </logpt>
        <logpt time="2015-07-17T22:22:07Z">
          <spd>9.9</spd>
          <str>88.0</str>
        </logpt>
        <logpt time="2015-07-17T22:22:11Z">
          <spd>9.9</spd>
          <str>88.0</str>
        </logpt>
        <logpt time="2015-07-17T22:22:15Z">
          <spd>9.4</spd>
          <str>88.0</str>
        </logpt>
        <logpt time="2015-07-17T22:22:19Z">
          <spd>9.4</spd>
          <str>88.0</str>
        </logpt>
        <logpt time="2015-07-17T22:22:23Z">
          <spd>9.4</spd>
          <str>88.0</str>
        </logpt>
        <logpt time="2015-07-17T22:22:27Z">
          <spd>9.4</spd>
          <str>89.0</str>
        </logpt>
        <logpt time="2015-07-17T22:22:31Z">
          <spd>9.4</spd>
          <str>88.0</str>
        </logpt>
        <logpt time="2015-07-17T22:22:35Z">
          <spd>9.9</spd>
          <str>88.0</str>
        </logpt>
        <logpt time="2015-07-17T22:22:39Z">
          <spd>9.9</spd>
          <str>89.0</str>
        </logpt>
        <logpt time="2015-07-17T22:22:43Z">
          <spd>9.9</spd>
          <str>89.0</str>
        </logpt>
        <logpt time="2015-07-17T22:22:47Z">
          <spd>9.9</spd>
          <str>88.0</str>
        </logpt>
        <logpt time="2015-07-17T22:22:51Z">
          <spd>9.9</spd>
          <str>88.0</str>
        </logpt>
        <logpt time="2015-07-17T22:22:55Z">
          <spd>9.9</spd>
          <str>89.0</str>
        </logpt>
        <logpt time="2015-07-17T22:22:59Z">
          <spd>9.9</spd>
          <str>89.0</str>
        </logpt>
        <logpt time="2015-07-17T22:23:03Z">
          <spd>9.9</spd>
          <str>89.0</str>
        </logpt>
        <logpt time="2015-07-17T22:23:07Z">
          <spd>9.9</spd>
          <str>88.0</str>
        </logpt>
        <logpt time="2015-07-17T22:23:11Z">
          <spd>10.3</spd>
          <str>88.0</str>
        </logpt>
        <logpt time="2015-07-17T22:23:15Z">
          <spd>10.3</spd>
          <str>88.0</str>
        </logpt>
        <logpt time="2015-07-17T22:23:19Z">
          <spd>10.3</spd>
          <str>88.0</str>
        </logpt>
        <logpt time="2015-07-17T22:23:23Z">
          <spd>10.8</spd>
          <str>88.0</str>
        </logpt>
        <logpt time="2015-07-17T22:23:27Z">
          <spd>10.8</spd>
          <str>88.0</str>
        </logpt>
        <logpt time="2015-07-17T22:23:31Z">
          <spd>9.9</spd>
          <str>88.0</str>
        </logpt>
        <logpt time="2015-07-17T22:23:35Z">
          <spd>9.0</spd>
          <str>88.0</str>
        </logpt>
        <logpt time="2015-07-17T22:23:39Z">
          <spd>8.6</spd>
          <str>88.0</str>
        </logpt>
        <logpt time="2015-07-17T22:23:43Z">
          <spd>8.6</spd>
          <str>88.0</str>
        </logpt>
        <logpt time="2015-07-17T22:23:47Z">
          <spd>9.0</spd>
          <str>88.0</str>
        </logpt>
        <logpt time="2015-07-17T22:23:51Z">
          <spd>9.0</spd>
          <str>87.0</str>
        </logpt>
        <logpt time="2015-07-17T22:23:55Z">
          <spd>9.0</spd>
          <str>88.0</str>
        </logpt>
        <logpt time="2015-07-17T22:23:59Z">
          <spd>9.4</spd>
          <str>88.0</str>
        </logpt>
        <logpt time="2015-07-17T22:24:03Z">
          <spd>9.9</spd>
          <str>88.0</str>
        </logpt>
        <logpt time="2015-07-17T22:24:07Z">
          <spd>9.9</spd>
          <str>88.0</str>
        </logpt>
        <logpt time="2015-07-17T22:24:11Z">
          <spd>9.9</spd>
          <str>88.0</str>
        </logpt>
        <logpt time="2015-07-17T22:24:15Z">
          <spd>9.9</spd>
          <str>88.0</str>
        </logpt>
        <breaktype>2</breaktype>
      </logseg>
    </ssrlog>
    <laps>
      <summary start="2015-07-17T21:52:52Z" type="0" end="2015-07-17T22:24:25Z" isautolap="0">
        <distance>5012</distance>
        <calorie>296</calorie>
        <speed max="11.25" avg="9.9"/>
        <cad max="91" avg="89"/>
        <rtime>1847</rtime>
        <acttype subtype="0">1</acttype>
      </summary>
    </laps>
  </extensions>
</gpx>
