<?xml version='1.0' encoding='utf-8'?>
<gpx xmlns:xsi="http://www.w3.org/2001/XMLSchema-instance" xmlns="http://www.brytonsport.com/BDX/2/2" version="2.2.0.3" creator="bryton">
  <metadata>
    <name>2015/05/20 05:30</name>
    <time>2015-05-19T21:30:02Z</time>
    <bounds minlat="35.952501" maxlon="120.226887" minlon="120.207516" maxlat="35.965164"/>
    <extensions>
      <user>
        <bike>0<wheel>204.00</wheel></bike>
        <weight>68</weight>
        <gender>1</gender>
        <height>172</height>
        <age>28</age>
        <mhr>190</mhr>
        <lthr>172</lthr>
        <map>0</map>
        <ftp>0</ftp>
        <zonedef type="1">
          <zone high="74" id="1" low="0"/>
          <zone high="80" id="2" low="74"/>
          <zone high="85" id="3" low="80"/>
          <zone high="91" id="4" low="85"/>
          <zone high="93" id="5" low="91"/>
          <zone high="95" id="6" low="93"/>
          <zone high="0" id="7" low="95"/>
        </zonedef>
        <zonedef type="2">
          <zone high="80" id="1" low="0"/>
          <zone high="87" id="2" low="80"/>
          <zone high="91" id="3" low="87"/>
          <zone high="100" id="4" low="91"/>
          <zone high="101" id="5" low="100"/>
          <zone high="105" id="6" low="101"/>
          <zone high="0" id="7" low="105"/>
        </zonedef>
        <zonedef type="3">
          <zone high="40" id="1" low="17"/>
          <zone high="55" id="2" low="40"/>
          <zone high="65" id="3" low="55"/>
          <zone high="75" id="4" low="65"/>
          <zone high="85" id="5" low="75"/>
          <zone high="110" id="6" low="85"/>
          <zone high="65535" id="7" low="110"/>
        </zonedef>
        <zonedef type="4">
          <zone high="55" id="1" low="23"/>
          <zone high="75" id="2" low="55"/>
          <zone high="90" id="3" low="75"/>
          <zone high="105" id="4" low="90"/>
          <zone high="120" id="5" low="105"/>
          <zone high="150" id="6" low="120"/>
          <zone high="65535" id="7" low="150"/>
        </zonedef>
      </user>
      <sys version="1.0.0.R041 BB2.8.0.14">Cardio60<apps><app version="148" name="bc"/></apps></sys>
      <sharetype>2</sharetype>
      <acttype subtype="0">1</acttype>
      <trvTime>30</trvTime>
      <trvDist>5055</trvDist>
      <stime>1432071002</stime>
      <etime>1432072855</etime>
    </extensions>
  </metadata>
  <rte>
    <number>2</number>
    <rtept lat="35.956879" lon="120.20984">
      <type>1</type>
    </rtept>
    <rtept lat="35.956737" lon="120.208391">
      <type>2</type>
    </rtept>
  </rte>
  <trk>
    <trkseg>
      <trkpt lat="35.956879" lon="120.20984">
        <ele>12.6</ele>
        <time>2015-05-19T21:30:12Z</time>
      </trkpt>
      <trkpt lat="35.956982" lon="120.209819">
        <ele>12.7</ele>
        <time>2015-05-19T21:30:16Z</time>
      </trkpt>
      <trkpt lat="35.957032" lon="120.209812">
        <ele>12.7</ele>
        <time>2015-05-19T21:30:20Z</time>
      </trkpt>
      <trkpt lat="35.957078" lon="120.209798">
        <ele>12.7</ele>
        <time>2015-05-19T21:30:24Z</time>
      </trkpt>
      <trkpt lat="35.957099" lon="120.209773">
        <ele>12.7</ele>
        <time>2015-05-19T21:30:28Z</time>
      </trkpt>
      <trkpt lat="35.957189" lon="120.209745">
        <ele>12.7</ele>
        <time>2015-05-19T21:30:44Z</time>
      </trkpt>
      <trkpt lat="35.957262" lon="120.20974">
        <ele>12.7</ele>
        <time>2015-05-19T21:30:48Z</time>
      </trkpt>
      <trkpt lat="35.957358" lon="120.20974">
        <ele>12.7</ele>
        <time>2015-05-19T21:30:52Z</time>
      </trkpt>
      <trkpt lat="35.957557" lon="120.209754">
        <ele>12.8</ele>
        <time>2015-05-19T21:30:56Z</time>
      </trkpt>
      <trkpt lat="35.957675" lon="120.209761">
        <ele>12.8</ele>
        <time>2015-05-19T21:31:04Z</time>
      </trkpt>
      <trkpt lat="35.957772" lon="120.209851">
        <ele>12.8</ele>
        <time>2015-05-19T21:31:08Z</time>
      </trkpt>
      <trkpt lat="35.957836" lon="120.209962">
        <ele>13.0</ele>
        <time>2015-05-19T21:31:12Z</time>
      </trkpt>
      <trkpt lat="35.957879" lon="120.210083">
        <ele>13.2</ele>
        <time>2015-05-19T21:31:16Z</time>
      </trkpt>
      <trkpt lat="35.957917" lon="120.210202">
        <ele>13.3</ele>
        <time>2015-05-19T21:31:20Z</time>
      </trkpt>
      <trkpt lat="35.957953" lon="120.210328">
        <ele>13.6</ele>
        <time>2015-05-19T21:31:24Z</time>
      </trkpt>
      <trkpt lat="35.957986" lon="120.210451">
        <ele>13.8</ele>
        <time>2015-05-19T21:31:28Z</time>
      </trkpt>
      <trkpt lat="35.958027" lon="120.210576">
        <ele>14.0</ele>
        <time>2015-05-19T21:31:32Z</time>
      </trkpt>
      <trkpt lat="35.958087" lon="120.210675">
        <ele>14.3</ele>
        <time>2015-05-19T21:31:36Z</time>
      </trkpt>
      <trkpt lat="35.95814" lon="120.210741">
        <ele>14.6</ele>
        <time>2015-05-19T21:31:40Z</time>
      </trkpt>
      <trkpt lat="35.95819" lon="120.210762">
        <ele>14.8</ele>
        <time>2015-05-19T21:31:44Z</time>
      </trkpt>
      <trkpt lat="35.958252" lon="120.210768">
        <ele>15.1</ele>
        <time>2015-05-19T21:31:48Z</time>
      </trkpt>
      <trkpt lat="35.958333" lon="120.210756">
        <ele>15.4</ele>
        <time>2015-05-19T21:31:52Z</time>
      </trkpt>
      <trkpt lat="35.95842" lon="120.21073">
        <ele>15.8</ele>
        <time>2015-05-19T21:31:56Z</time>
      </trkpt>
      <trkpt lat="35.958501" lon="120.210682">
        <ele>16.2</ele>
        <time>2015-05-19T21:32:00Z</time>
      </trkpt>
      <trkpt lat="35.958576" lon="120.210629">
        <ele>16.6</ele>
        <time>2015-05-19T21:32:04Z</time>
      </trkpt>
      <trkpt lat="35.95865" lon="120.210615">
        <ele>17.1</ele>
        <time>2015-05-19T21:32:08Z</time>
      </trkpt>
      <trkpt lat="35.958713" lon="120.210596">
        <ele>17.5</ele>
        <time>2015-05-19T21:32:12Z</time>
      </trkpt>
      <trkpt lat="35.958763" lon="120.210591">
        <ele>18.0</ele>
        <time>2015-05-19T21:32:16Z</time>
      </trkpt>
      <trkpt lat="35.958839" lon="120.210574">
        <ele>18.5</ele>
        <time>2015-05-19T21:32:20Z</time>
      </trkpt>
      <trkpt lat="35.95893" lon="120.210546">
        <ele>18.9</ele>
        <time>2015-05-19T21:32:24Z</time>
      </trkpt>
      <trkpt lat="35.959046" lon="120.210514">
        <ele>19.4</ele>
        <time>2015-05-19T21:32:28Z</time>
      </trkpt>
      <trkpt lat="35.959193" lon="120.210456">
        <ele>19.8</ele>
        <time>2015-05-19T21:32:32Z</time>
      </trkpt>
      <trkpt lat="35.959311" lon="120.210406">
        <ele>20.2</ele>
        <time>2015-05-19T21:32:36Z</time>
      </trkpt>
      <trkpt lat="35.959421" lon="120.210376">
        <ele>20.7</ele>
        <time>2015-05-19T21:32:40Z</time>
      </trkpt>
      <trkpt lat="35.959508" lon="120.210347">
        <ele>21.0</ele>
        <time>2015-05-19T21:32:44Z</time>
      </trkpt>
      <trkpt lat="35.959595" lon="120.210318">
        <ele>21.4</ele>
        <time>2015-05-19T21:32:48Z</time>
      </trkpt>
      <trkpt lat="35.959686" lon="120.210301">
        <ele>21.6</ele>
        <time>2015-05-19T21:32:52Z</time>
      </trkpt>
      <trkpt lat="35.959768" lon="120.210286">
        <ele>21.9</ele>
        <time>2015-05-19T21:32:56Z</time>
      </trkpt>
      <trkpt lat="35.959839" lon="120.210285">
        <ele>22.1</ele>
        <time>2015-05-19T21:33:00Z</time>
      </trkpt>
      <trkpt lat="35.959918" lon="120.210279">
        <ele>22.2</ele>
        <time>2015-05-19T21:33:04Z</time>
      </trkpt>
      <trkpt lat="35.960016" lon="120.210233">
        <ele>22.4</ele>
        <time>2015-05-19T21:33:08Z</time>
      </trkpt>
      <trkpt lat="35.960107" lon="120.210189">
        <ele>22.5</ele>
        <time>2015-05-19T21:33:12Z</time>
      </trkpt>
      <trkpt lat="35.960197" lon="120.21014">
        <ele>22.5</ele>
        <time>2015-05-19T21:33:16Z</time>
      </trkpt>
      <trkpt lat="35.960294" lon="120.210118">
        <ele>22.5</ele>
        <time>2015-05-19T21:33:20Z</time>
      </trkpt>
      <trkpt lat="35.960477" lon="120.210197">
        <ele>22.5</ele>
        <time>2015-05-19T21:33:24Z</time>
      </trkpt>
      <trkpt lat="35.960543" lon="120.210293">
        <ele>22.5</ele>
        <time>2015-05-19T21:33:32Z</time>
      </trkpt>
      <trkpt lat="35.960602" lon="120.210394">
        <ele>22.4</ele>
        <time>2015-05-19T21:33:36Z</time>
      </trkpt>
      <trkpt lat="35.960628" lon="120.210505">
        <ele>22.2</ele>
        <time>2015-05-19T21:33:40Z</time>
      </trkpt>
      <trkpt lat="35.960636" lon="120.210622">
        <ele>22.1</ele>
        <time>2015-05-19T21:33:44Z</time>
      </trkpt>
      <trkpt lat="35.960668" lon="120.210737">
        <ele>21.9</ele>
        <time>2015-05-19T21:33:48Z</time>
      </trkpt>
      <trkpt lat="35.960725" lon="120.210853">
        <ele>21.8</ele>
        <time>2015-05-19T21:33:52Z</time>
      </trkpt>
      <trkpt lat="35.96077" lon="120.210963">
        <ele>21.6</ele>
        <time>2015-05-19T21:33:56Z</time>
      </trkpt>
      <trkpt lat="35.960808" lon="120.211061">
        <ele>21.3</ele>
        <time>2015-05-19T21:34:00Z</time>
      </trkpt>
      <trkpt lat="35.960832" lon="120.211166">
        <ele>21.1</ele>
        <time>2015-05-19T21:34:04Z</time>
      </trkpt>
      <trkpt lat="35.960845" lon="120.211277">
        <ele>20.8</ele>
        <time>2015-05-19T21:34:08Z</time>
      </trkpt>
      <trkpt lat="35.960864" lon="120.211385">
        <ele>20.6</ele>
        <time>2015-05-19T21:34:12Z</time>
      </trkpt>
      <trkpt lat="35.960874" lon="120.211505">
        <ele>20.3</ele>
        <time>2015-05-19T21:34:16Z</time>
      </trkpt>
      <trkpt lat="35.960872" lon="120.211634">
        <ele>20.1</ele>
        <time>2015-05-19T21:34:20Z</time>
      </trkpt>
      <trkpt lat="35.960886" lon="120.211756">
        <ele>19.9</ele>
        <time>2015-05-19T21:34:24Z</time>
      </trkpt>
      <trkpt lat="35.960901" lon="120.211867">
        <ele>19.7</ele>
        <time>2015-05-19T21:34:28Z</time>
      </trkpt>
      <trkpt lat="35.960921" lon="120.211974">
        <ele>19.5</ele>
        <time>2015-05-19T21:34:32Z</time>
      </trkpt>
      <trkpt lat="35.960945" lon="120.21209">
        <ele>19.3</ele>
        <time>2015-05-19T21:34:36Z</time>
      </trkpt>
      <trkpt lat="35.960972" lon="120.212212">
        <ele>19.1</ele>
        <time>2015-05-19T21:34:40Z</time>
      </trkpt>
      <trkpt lat="35.960999" lon="120.212329">
        <ele>18.9</ele>
        <time>2015-05-19T21:34:44Z</time>
      </trkpt>
      <trkpt lat="35.961033" lon="120.212449">
        <ele>18.7</ele>
        <time>2015-05-19T21:34:48Z</time>
      </trkpt>
      <trkpt lat="35.961072" lon="120.212565">
        <ele>18.5</ele>
        <time>2015-05-19T21:34:52Z</time>
      </trkpt>
      <trkpt lat="35.961104" lon="120.212663">
        <ele>18.3</ele>
        <time>2015-05-19T21:34:56Z</time>
      </trkpt>
      <trkpt lat="35.961136" lon="120.212769">
        <ele>18.1</ele>
        <time>2015-05-19T21:35:00Z</time>
      </trkpt>
      <trkpt lat="35.961166" lon="120.212879">
        <ele>18.0</ele>
        <time>2015-05-19T21:35:04Z</time>
      </trkpt>
      <trkpt lat="35.961177" lon="120.212993">
        <ele>17.9</ele>
        <time>2015-05-19T21:35:08Z</time>
      </trkpt>
      <trkpt lat="35.961188" lon="120.213095">
        <ele>17.9</ele>
        <time>2015-05-19T21:35:12Z</time>
      </trkpt>
      <trkpt lat="35.961211" lon="120.213204">
        <ele>17.9</ele>
        <time>2015-05-19T21:35:16Z</time>
      </trkpt>
      <trkpt lat="35.96124" lon="120.213323">
        <ele>17.9</ele>
        <time>2015-05-19T21:35:20Z</time>
      </trkpt>
      <trkpt lat="35.961264" lon="120.21344">
        <ele>18.0</ele>
        <time>2015-05-19T21:35:24Z</time>
      </trkpt>
      <trkpt lat="35.961282" lon="120.213561">
        <ele>18.0</ele>
        <time>2015-05-19T21:35:28Z</time>
      </trkpt>
      <trkpt lat="35.9613" lon="120.213669">
        <ele>18.1</ele>
        <time>2015-05-19T21:35:32Z</time>
      </trkpt>
      <trkpt lat="35.961326" lon="120.213785">
        <ele>18.2</ele>
        <time>2015-05-19T21:35:36Z</time>
      </trkpt>
      <trkpt lat="35.961354" lon="120.213903">
        <ele>18.2</ele>
        <time>2015-05-19T21:35:40Z</time>
      </trkpt>
      <trkpt lat="35.961394" lon="120.214015">
        <ele>18.3</ele>
        <time>2015-05-19T21:35:44Z</time>
      </trkpt>
      <trkpt lat="35.961424" lon="120.214127">
        <ele>18.4</ele>
        <time>2015-05-19T21:35:48Z</time>
      </trkpt>
      <trkpt lat="35.961453" lon="120.214238">
        <ele>18.5</ele>
        <time>2015-05-19T21:35:52Z</time>
      </trkpt>
      <trkpt lat="35.961478" lon="120.214343">
        <ele>18.6</ele>
        <time>2015-05-19T21:35:56Z</time>
      </trkpt>
      <trkpt lat="35.961505" lon="120.214442">
        <ele>18.8</ele>
        <time>2015-05-19T21:36:00Z</time>
      </trkpt>
      <trkpt lat="35.961525" lon="120.214541">
        <ele>19.0</ele>
        <time>2015-05-19T21:36:04Z</time>
      </trkpt>
      <trkpt lat="35.961537" lon="120.214644">
        <ele>19.2</ele>
        <time>2015-05-19T21:36:08Z</time>
      </trkpt>
      <trkpt lat="35.961547" lon="120.214757">
        <ele>19.4</ele>
        <time>2015-05-19T21:36:12Z</time>
      </trkpt>
      <trkpt lat="35.961561" lon="120.214873">
        <ele>19.7</ele>
        <time>2015-05-19T21:36:16Z</time>
      </trkpt>
      <trkpt lat="35.961581" lon="120.214985">
        <ele>19.9</ele>
        <time>2015-05-19T21:36:20Z</time>
      </trkpt>
      <trkpt lat="35.961609" lon="120.215094">
        <ele>20.1</ele>
        <time>2015-05-19T21:36:24Z</time>
      </trkpt>
      <trkpt lat="35.961642" lon="120.215207">
        <ele>20.3</ele>
        <time>2015-05-19T21:36:28Z</time>
      </trkpt>
      <trkpt lat="35.961676" lon="120.215314">
        <ele>20.5</ele>
        <time>2015-05-19T21:36:32Z</time>
      </trkpt>
      <trkpt lat="35.961704" lon="120.215432">
        <ele>20.6</ele>
        <time>2015-05-19T21:36:36Z</time>
      </trkpt>
      <trkpt lat="35.961785" lon="120.215674">
        <ele>20.7</ele>
        <time>2015-05-19T21:36:40Z</time>
      </trkpt>
      <trkpt lat="35.961839" lon="120.215788">
        <ele>20.7</ele>
        <time>2015-05-19T21:36:48Z</time>
      </trkpt>
      <trkpt lat="35.961897" lon="120.215894">
        <ele>20.7</ele>
        <time>2015-05-19T21:36:52Z</time>
      </trkpt>
      <trkpt lat="35.96195" lon="120.215995">
        <ele>20.7</ele>
        <time>2015-05-19T21:36:56Z</time>
      </trkpt>
      <trkpt lat="35.961978" lon="120.216102">
        <ele>20.7</ele>
        <time>2015-05-19T21:37:00Z</time>
      </trkpt>
      <trkpt lat="35.962015" lon="120.216215">
        <ele>20.7</ele>
        <time>2015-05-19T21:37:04Z</time>
      </trkpt>
      <trkpt lat="35.962048" lon="120.216336">
        <ele>20.7</ele>
        <time>2015-05-19T21:37:08Z</time>
      </trkpt>
      <trkpt lat="35.962088" lon="120.216454">
        <ele>20.6</ele>
        <time>2015-05-19T21:37:12Z</time>
      </trkpt>
      <trkpt lat="35.962118" lon="120.216565">
        <ele>20.5</ele>
        <time>2015-05-19T21:37:16Z</time>
      </trkpt>
      <trkpt lat="35.96215" lon="120.216671">
        <ele>20.4</ele>
        <time>2015-05-19T21:37:20Z</time>
      </trkpt>
      <trkpt lat="35.9622" lon="120.216774">
        <ele>20.3</ele>
        <time>2015-05-19T21:37:24Z</time>
      </trkpt>
      <trkpt lat="35.962232" lon="120.216887">
        <ele>20.2</ele>
        <time>2015-05-19T21:37:28Z</time>
      </trkpt>
      <trkpt lat="35.96225" lon="120.217001">
        <ele>20.1</ele>
        <time>2015-05-19T21:37:32Z</time>
      </trkpt>
      <trkpt lat="35.962283" lon="120.217102">
        <ele>19.9</ele>
        <time>2015-05-19T21:37:36Z</time>
      </trkpt>
      <trkpt lat="35.962321" lon="120.217199">
        <ele>19.7</ele>
        <time>2015-05-19T21:37:40Z</time>
      </trkpt>
      <trkpt lat="35.962367" lon="120.217296">
        <ele>19.5</ele>
        <time>2015-05-19T21:37:44Z</time>
      </trkpt>
      <trkpt lat="35.962411" lon="120.217396">
        <ele>19.3</ele>
        <time>2015-05-19T21:37:48Z</time>
      </trkpt>
      <trkpt lat="35.962449" lon="120.217494">
        <ele>19.1</ele>
        <time>2015-05-19T21:37:52Z</time>
      </trkpt>
      <trkpt lat="35.962491" lon="120.217594">
        <ele>18.9</ele>
        <time>2015-05-19T21:37:56Z</time>
      </trkpt>
      <trkpt lat="35.962547" lon="120.217699">
        <ele>18.8</ele>
        <time>2015-05-19T21:38:00Z</time>
      </trkpt>
      <trkpt lat="35.962587" lon="120.217808">
        <ele>18.6</ele>
        <time>2015-05-19T21:38:04Z</time>
      </trkpt>
      <trkpt lat="35.962634" lon="120.217919">
        <ele>18.5</ele>
        <time>2015-05-19T21:38:08Z</time>
      </trkpt>
      <trkpt lat="35.962683" lon="120.21803">
        <ele>18.4</ele>
        <time>2015-05-19T21:38:12Z</time>
      </trkpt>
      <trkpt lat="35.962722" lon="120.218135">
        <ele>18.3</ele>
        <time>2015-05-19T21:38:16Z</time>
      </trkpt>
      <trkpt lat="35.962755" lon="120.218237">
        <ele>18.2</ele>
        <time>2015-05-19T21:38:20Z</time>
      </trkpt>
      <trkpt lat="35.962777" lon="120.218345">
        <ele>18.2</ele>
        <time>2015-05-19T21:38:24Z</time>
      </trkpt>
      <trkpt lat="35.962812" lon="120.218453">
        <ele>18.2</ele>
        <time>2015-05-19T21:38:28Z</time>
      </trkpt>
      <trkpt lat="35.962854" lon="120.218555">
        <ele>18.2</ele>
        <time>2015-05-19T21:38:32Z</time>
      </trkpt>
      <trkpt lat="35.962893" lon="120.21866">
        <ele>18.2</ele>
        <time>2015-05-19T21:38:36Z</time>
      </trkpt>
      <trkpt lat="35.962941" lon="120.218765">
        <ele>18.2</ele>
        <time>2015-05-19T21:38:40Z</time>
      </trkpt>
      <trkpt lat="35.962989" lon="120.218877">
        <ele>18.3</ele>
        <time>2015-05-19T21:38:44Z</time>
      </trkpt>
      <trkpt lat="35.963041" lon="120.218991">
        <ele>18.3</ele>
        <time>2015-05-19T21:38:48Z</time>
      </trkpt>
      <trkpt lat="35.963078" lon="120.219095">
        <ele>18.3</ele>
        <time>2015-05-19T21:38:52Z</time>
      </trkpt>
      <trkpt lat="35.963113" lon="120.219189">
        <ele>18.4</ele>
        <time>2015-05-19T21:38:56Z</time>
      </trkpt>
      <trkpt lat="35.963159" lon="120.219285">
        <ele>18.4</ele>
        <time>2015-05-19T21:39:00Z</time>
      </trkpt>
      <trkpt lat="35.963206" lon="120.219383">
        <ele>18.4</ele>
        <time>2015-05-19T21:39:04Z</time>
      </trkpt>
      <trkpt lat="35.96325" lon="120.219479">
        <ele>18.5</ele>
        <time>2015-05-19T21:39:08Z</time>
      </trkpt>
      <trkpt lat="35.963287" lon="120.21958">
        <ele>18.5</ele>
        <time>2015-05-19T21:39:12Z</time>
      </trkpt>
      <trkpt lat="35.963324" lon="120.21968">
        <ele>18.5</ele>
        <time>2015-05-19T21:39:16Z</time>
      </trkpt>
      <trkpt lat="35.963362" lon="120.21978">
        <ele>18.6</ele>
        <time>2015-05-19T21:39:20Z</time>
      </trkpt>
      <trkpt lat="35.963404" lon="120.219879">
        <ele>18.6</ele>
        <time>2015-05-19T21:39:24Z</time>
      </trkpt>
      <trkpt lat="35.963437" lon="120.219974">
        <ele>18.6</ele>
        <time>2015-05-19T21:39:28Z</time>
      </trkpt>
      <trkpt lat="35.96347" lon="120.220074">
        <ele>18.6</ele>
        <time>2015-05-19T21:39:32Z</time>
      </trkpt>
      <trkpt lat="35.963514" lon="120.220176">
        <ele>18.5</ele>
        <time>2015-05-19T21:39:36Z</time>
      </trkpt>
      <trkpt lat="35.963567" lon="120.220282">
        <ele>18.4</ele>
        <time>2015-05-19T21:39:40Z</time>
      </trkpt>
      <trkpt lat="35.963617" lon="120.220396">
        <ele>18.3</ele>
        <time>2015-05-19T21:39:44Z</time>
      </trkpt>
      <trkpt lat="35.963739" lon="120.220594">
        <ele>18.2</ele>
        <time>2015-05-19T21:39:48Z</time>
      </trkpt>
      <trkpt lat="35.963784" lon="120.220709">
        <ele>18.0</ele>
        <time>2015-05-19T21:39:56Z</time>
      </trkpt>
      <trkpt lat="35.963829" lon="120.220818">
        <ele>17.8</ele>
        <time>2015-05-19T21:40:00Z</time>
      </trkpt>
      <trkpt lat="35.963895" lon="120.220921">
        <ele>17.6</ele>
        <time>2015-05-19T21:40:04Z</time>
      </trkpt>
      <trkpt lat="35.963942" lon="120.221028">
        <ele>17.4</ele>
        <time>2015-05-19T21:40:08Z</time>
      </trkpt>
      <trkpt lat="35.963973" lon="120.221148">
        <ele>17.2</ele>
        <time>2015-05-19T21:40:12Z</time>
      </trkpt>
      <trkpt lat="35.964025" lon="120.221261">
        <ele>16.9</ele>
        <time>2015-05-19T21:40:16Z</time>
      </trkpt>
      <trkpt lat="35.964082" lon="120.221374">
        <ele>16.6</ele>
        <time>2015-05-19T21:40:20Z</time>
      </trkpt>
      <trkpt lat="35.964124" lon="120.221488">
        <ele>16.2</ele>
        <time>2015-05-19T21:40:24Z</time>
      </trkpt>
      <trkpt lat="35.964175" lon="120.221601">
        <ele>15.7</ele>
        <time>2015-05-19T21:40:28Z</time>
      </trkpt>
      <trkpt lat="35.964229" lon="120.221712">
        <ele>15.1</ele>
        <time>2015-05-19T21:40:32Z</time>
      </trkpt>
      <trkpt lat="35.964275" lon="120.221819">
        <ele>14.5</ele>
        <time>2015-05-19T21:40:36Z</time>
      </trkpt>
      <trkpt lat="35.964314" lon="120.221937">
        <ele>13.9</ele>
        <time>2015-05-19T21:40:40Z</time>
      </trkpt>
      <trkpt lat="35.964355" lon="120.22205">
        <ele>13.3</ele>
        <time>2015-05-19T21:40:44Z</time>
      </trkpt>
      <trkpt lat="35.964413" lon="120.222148">
        <ele>12.7</ele>
        <time>2015-05-19T21:40:48Z</time>
      </trkpt>
      <trkpt lat="35.964471" lon="120.22224">
        <ele>12.1</ele>
        <time>2015-05-19T21:40:52Z</time>
      </trkpt>
      <trkpt lat="35.964524" lon="120.222348">
        <ele>11.5</ele>
        <time>2015-05-19T21:40:56Z</time>
      </trkpt>
      <trkpt lat="35.964569" lon="120.222446">
        <ele>10.9</ele>
        <time>2015-05-19T21:41:00Z</time>
      </trkpt>
      <trkpt lat="35.964599" lon="120.22255">
        <ele>10.2</ele>
        <time>2015-05-19T21:41:04Z</time>
      </trkpt>
      <trkpt lat="35.964685" lon="120.222768">
        <ele>9.6</ele>
        <time>2015-05-19T21:41:08Z</time>
      </trkpt>
      <trkpt lat="35.964733" lon="120.222879">
        <ele>9.0</ele>
        <time>2015-05-19T21:41:16Z</time>
      </trkpt>
      <trkpt lat="35.964786" lon="120.22299">
        <ele>8.5</ele>
        <time>2015-05-19T21:41:20Z</time>
      </trkpt>
      <trkpt lat="35.964833" lon="120.223093">
        <ele>7.9</ele>
        <time>2015-05-19T21:41:24Z</time>
      </trkpt>
      <trkpt lat="35.964886" lon="120.223212">
        <ele>7.3</ele>
        <time>2015-05-19T21:41:28Z</time>
      </trkpt>
      <trkpt lat="35.96492" lon="120.223339">
        <ele>6.7</ele>
        <time>2015-05-19T21:41:32Z</time>
      </trkpt>
      <trkpt lat="35.964972" lon="120.22346">
        <ele>6.1</ele>
        <time>2015-05-19T21:41:36Z</time>
      </trkpt>
      <trkpt lat="35.965025" lon="120.22358">
        <ele>5.6</ele>
        <time>2015-05-19T21:41:40Z</time>
      </trkpt>
      <trkpt lat="35.965073" lon="120.223692">
        <ele>5.1</ele>
        <time>2015-05-19T21:41:44Z</time>
      </trkpt>
      <trkpt lat="35.965136" lon="120.22381">
        <ele>4.7</ele>
        <time>2015-05-19T21:41:48Z</time>
      </trkpt>
      <trkpt lat="35.965164" lon="120.223935">
        <ele>4.4</ele>
        <time>2015-05-19T21:41:52Z</time>
      </trkpt>
      <trkpt lat="35.965115" lon="120.22407">
        <ele>4.2</ele>
        <time>2015-05-19T21:41:56Z</time>
      </trkpt>
      <trkpt lat="35.965048" lon="120.2242">
        <ele>4.0</ele>
        <time>2015-05-19T21:42:00Z</time>
      </trkpt>
      <trkpt lat="35.964964" lon="120.224289">
        <ele>4.0</ele>
        <time>2015-05-19T21:42:04Z</time>
      </trkpt>
      <trkpt lat="35.964866" lon="120.224337">
        <ele>3.9</ele>
        <time>2015-05-19T21:42:08Z</time>
      </trkpt>
      <trkpt lat="35.964749" lon="120.22436">
        <ele>3.8</ele>
        <time>2015-05-19T21:42:12Z</time>
      </trkpt>
      <trkpt lat="35.96463" lon="120.224389">
        <ele>3.8</ele>
        <time>2015-05-19T21:42:16Z</time>
      </trkpt>
      <trkpt lat="35.964511" lon="120.224425">
        <ele>3.8</ele>
        <time>2015-05-19T21:42:20Z</time>
      </trkpt>
      <trkpt lat="35.964392" lon="120.22447">
        <ele>3.8</ele>
        <time>2015-05-19T21:42:24Z</time>
      </trkpt>
      <trkpt lat="35.964272" lon="120.224526">
        <ele>3.8</ele>
        <time>2015-05-19T21:42:28Z</time>
      </trkpt>
      <trkpt lat="35.964166" lon="120.224566">
        <ele>3.8</ele>
        <time>2015-05-19T21:42:32Z</time>
      </trkpt>
      <trkpt lat="35.964051" lon="120.224602">
        <ele>3.8</ele>
        <time>2015-05-19T21:42:36Z</time>
      </trkpt>
      <trkpt lat="35.963934" lon="120.224643">
        <ele>3.9</ele>
        <time>2015-05-19T21:42:40Z</time>
      </trkpt>
      <trkpt lat="35.96382" lon="120.224668">
        <ele>3.9</ele>
        <time>2015-05-19T21:42:44Z</time>
      </trkpt>
      <trkpt lat="35.963715" lon="120.224721">
        <ele>4.0</ele>
        <time>2015-05-19T21:42:48Z</time>
      </trkpt>
      <trkpt lat="35.963606" lon="120.224769">
        <ele>4.1</ele>
        <time>2015-05-19T21:42:52Z</time>
      </trkpt>
      <trkpt lat="35.963511" lon="120.224821">
        <ele>4.3</ele>
        <time>2015-05-19T21:42:56Z</time>
      </trkpt>
      <trkpt lat="35.963419" lon="120.224864">
        <ele>4.4</ele>
        <time>2015-05-19T21:43:00Z</time>
      </trkpt>
      <trkpt lat="35.96333" lon="120.224903">
        <ele>4.6</ele>
        <time>2015-05-19T21:43:04Z</time>
      </trkpt>
      <trkpt lat="35.963245" lon="120.224934">
        <ele>4.8</ele>
        <time>2015-05-19T21:43:08Z</time>
      </trkpt>
      <trkpt lat="35.963159" lon="120.224973">
        <ele>5.0</ele>
        <time>2015-05-19T21:43:12Z</time>
      </trkpt>
      <trkpt lat="35.963064" lon="120.22502">
        <ele>5.2</ele>
        <time>2015-05-19T21:43:16Z</time>
      </trkpt>
      <trkpt lat="35.962958" lon="120.225078">
        <ele>5.4</ele>
        <time>2015-05-19T21:43:20Z</time>
      </trkpt>
      <trkpt lat="35.96284" lon="120.225157">
        <ele>5.6</ele>
        <time>2015-05-19T21:43:24Z</time>
      </trkpt>
      <trkpt lat="35.962733" lon="120.225237">
        <ele>5.8</ele>
        <time>2015-05-19T21:43:28Z</time>
      </trkpt>
      <trkpt lat="35.962625" lon="120.225319">
        <ele>6.0</ele>
        <time>2015-05-19T21:43:32Z</time>
      </trkpt>
      <trkpt lat="35.96252" lon="120.22538">
        <ele>6.3</ele>
        <time>2015-05-19T21:43:36Z</time>
      </trkpt>
      <trkpt lat="35.962424" lon="120.225428">
        <ele>6.5</ele>
        <time>2015-05-19T21:43:40Z</time>
      </trkpt>
      <trkpt lat="35.962325" lon="120.225475">
        <ele>6.8</ele>
        <time>2015-05-19T21:43:44Z</time>
      </trkpt>
      <trkpt lat="35.96224" lon="120.22549">
        <ele>7.1</ele>
        <time>2015-05-19T21:43:48Z</time>
      </trkpt>
      <trkpt lat="35.962157" lon="120.225494">
        <ele>7.3</ele>
        <time>2015-05-19T21:43:52Z</time>
      </trkpt>
      <trkpt lat="35.962072" lon="120.225522">
        <ele>7.7</ele>
        <time>2015-05-19T21:43:56Z</time>
      </trkpt>
      <trkpt lat="35.961985" lon="120.225539">
        <ele>8.0</ele>
        <time>2015-05-19T21:44:00Z</time>
      </trkpt>
      <trkpt lat="35.961809" lon="120.225581">
        <ele>8.4</ele>
        <time>2015-05-19T21:44:04Z</time>
      </trkpt>
      <trkpt lat="35.961725" lon="120.225619">
        <ele>8.8</ele>
        <time>2015-05-19T21:44:12Z</time>
      </trkpt>
      <trkpt lat="35.961643" lon="120.225649">
        <ele>9.1</ele>
        <time>2015-05-19T21:44:16Z</time>
      </trkpt>
      <trkpt lat="35.96156" lon="120.225687">
        <ele>9.5</ele>
        <time>2015-05-19T21:44:20Z</time>
      </trkpt>
      <trkpt lat="35.961472" lon="120.225729">
        <ele>9.9</ele>
        <time>2015-05-19T21:44:24Z</time>
      </trkpt>
      <trkpt lat="35.961385" lon="120.22578">
        <ele>10.3</ele>
        <time>2015-05-19T21:44:28Z</time>
      </trkpt>
      <trkpt lat="35.961295" lon="120.225825">
        <ele>10.7</ele>
        <time>2015-05-19T21:44:32Z</time>
      </trkpt>
      <trkpt lat="35.96121" lon="120.225855">
        <ele>11.2</ele>
        <time>2015-05-19T21:44:36Z</time>
      </trkpt>
      <trkpt lat="35.961134" lon="120.225882">
        <ele>11.6</ele>
        <time>2015-05-19T21:44:40Z</time>
      </trkpt>
      <trkpt lat="35.961054" lon="120.225913">
        <ele>12.0</ele>
        <time>2015-05-19T21:44:44Z</time>
      </trkpt>
      <trkpt lat="35.960972" lon="120.225938">
        <ele>12.5</ele>
        <time>2015-05-19T21:44:48Z</time>
      </trkpt>
      <trkpt lat="35.960889" lon="120.225968">
        <ele>12.9</ele>
        <time>2015-05-19T21:44:52Z</time>
      </trkpt>
      <trkpt lat="35.960799" lon="120.226">
        <ele>13.4</ele>
        <time>2015-05-19T21:44:56Z</time>
      </trkpt>
      <trkpt lat="35.960712" lon="120.22604">
        <ele>13.8</ele>
        <time>2015-05-19T21:45:00Z</time>
      </trkpt>
      <trkpt lat="35.960631" lon="120.226068">
        <ele>14.3</ele>
        <time>2015-05-19T21:45:04Z</time>
      </trkpt>
      <trkpt lat="35.960558" lon="120.226098">
        <ele>14.8</ele>
        <time>2015-05-19T21:45:08Z</time>
      </trkpt>
      <trkpt lat="35.960493" lon="120.226127">
        <ele>15.2</ele>
        <time>2015-05-19T21:45:12Z</time>
      </trkpt>
      <trkpt lat="35.960387" lon="120.226176">
        <ele>15.7</ele>
        <time>2015-05-19T21:45:16Z</time>
      </trkpt>
      <trkpt lat="35.960276" lon="120.226234">
        <ele>16.2</ele>
        <time>2015-05-19T21:45:20Z</time>
      </trkpt>
      <trkpt lat="35.960177" lon="120.226289">
        <ele>16.6</ele>
        <time>2015-05-19T21:45:24Z</time>
      </trkpt>
      <trkpt lat="35.960085" lon="120.226334">
        <ele>17.1</ele>
        <time>2015-05-19T21:45:28Z</time>
      </trkpt>
      <trkpt lat="35.959998" lon="120.226383">
        <ele>17.5</ele>
        <time>2015-05-19T21:45:32Z</time>
      </trkpt>
      <trkpt lat="35.959905" lon="120.226426">
        <ele>17.9</ele>
        <time>2015-05-19T21:45:36Z</time>
      </trkpt>
      <trkpt lat="35.959802" lon="120.226467">
        <ele>18.3</ele>
        <time>2015-05-19T21:45:40Z</time>
      </trkpt>
      <trkpt lat="35.959707" lon="120.226507">
        <ele>18.7</ele>
        <time>2015-05-19T21:45:44Z</time>
      </trkpt>
      <trkpt lat="35.959616" lon="120.226544">
        <ele>19.1</ele>
        <time>2015-05-19T21:45:48Z</time>
      </trkpt>
      <trkpt lat="35.959523" lon="120.226576">
        <ele>19.4</ele>
        <time>2015-05-19T21:45:52Z</time>
      </trkpt>
      <trkpt lat="35.959446" lon="120.226609">
        <ele>19.7</ele>
        <time>2015-05-19T21:45:56Z</time>
      </trkpt>
      <trkpt lat="35.959369" lon="120.22664">
        <ele>20.0</ele>
        <time>2015-05-19T21:46:00Z</time>
      </trkpt>
      <trkpt lat="35.959284" lon="120.226674">
        <ele>20.3</ele>
        <time>2015-05-19T21:46:04Z</time>
      </trkpt>
      <trkpt lat="35.959193" lon="120.226707">
        <ele>20.5</ele>
        <time>2015-05-19T21:46:08Z</time>
      </trkpt>
      <trkpt lat="35.959104" lon="120.226737">
        <ele>20.8</ele>
        <time>2015-05-19T21:46:12Z</time>
      </trkpt>
      <trkpt lat="35.95901" lon="120.226773">
        <ele>21.0</ele>
        <time>2015-05-19T21:46:16Z</time>
      </trkpt>
      <trkpt lat="35.95892" lon="120.226813">
        <ele>21.1</ele>
        <time>2015-05-19T21:46:20Z</time>
      </trkpt>
      <trkpt lat="35.958831" lon="120.226847">
        <ele>21.3</ele>
        <time>2015-05-19T21:46:24Z</time>
      </trkpt>
      <trkpt lat="35.958741" lon="120.226876">
        <ele>21.4</ele>
        <time>2015-05-19T21:46:28Z</time>
      </trkpt>
      <trkpt lat="35.958641" lon="120.226887">
        <ele>21.6</ele>
        <time>2015-05-19T21:46:32Z</time>
      </trkpt>
      <trkpt lat="35.958552" lon="120.226875">
        <ele>21.6</ele>
        <time>2015-05-19T21:46:36Z</time>
      </trkpt>
      <trkpt lat="35.95848" lon="120.226842">
        <ele>21.7</ele>
        <time>2015-05-19T21:46:40Z</time>
      </trkpt>
      <trkpt lat="35.958326" lon="120.22667">
        <ele>21.8</ele>
        <time>2015-05-19T21:46:44Z</time>
      </trkpt>
      <trkpt lat="35.958252" lon="120.226577">
        <ele>21.8</ele>
        <time>2015-05-19T21:46:52Z</time>
      </trkpt>
      <trkpt lat="35.95819" lon="120.226485">
        <ele>21.9</ele>
        <time>2015-05-19T21:46:56Z</time>
      </trkpt>
      <trkpt lat="35.958142" lon="120.226398">
        <ele>21.9</ele>
        <time>2015-05-19T21:47:00Z</time>
      </trkpt>
      <trkpt lat="35.958086" lon="120.226305">
        <ele>21.9</ele>
        <time>2015-05-19T21:47:04Z</time>
      </trkpt>
      <trkpt lat="35.958037" lon="120.22621">
        <ele>21.8</ele>
        <time>2015-05-19T21:47:08Z</time>
      </trkpt>
      <trkpt lat="35.957897" lon="120.226029">
        <ele>21.8</ele>
        <time>2015-05-19T21:47:12Z</time>
      </trkpt>
      <trkpt lat="35.957834" lon="120.225945">
        <ele>21.8</ele>
        <time>2015-05-19T21:47:20Z</time>
      </trkpt>
      <trkpt lat="35.957776" lon="120.225852">
        <ele>21.7</ele>
        <time>2015-05-19T21:47:24Z</time>
      </trkpt>
      <trkpt lat="35.957714" lon="120.225757">
        <ele>21.7</ele>
        <time>2015-05-19T21:47:28Z</time>
      </trkpt>
      <trkpt lat="35.957633" lon="120.225664">
        <ele>21.6</ele>
        <time>2015-05-19T21:47:32Z</time>
      </trkpt>
      <trkpt lat="35.957559" lon="120.225568">
        <ele>21.6</ele>
        <time>2015-05-19T21:47:36Z</time>
      </trkpt>
      <trkpt lat="35.957492" lon="120.22546">
        <ele>21.5</ele>
        <time>2015-05-19T21:47:40Z</time>
      </trkpt>
      <trkpt lat="35.957431" lon="120.225354">
        <ele>21.4</ele>
        <time>2015-05-19T21:47:44Z</time>
      </trkpt>
      <trkpt lat="35.95737" lon="120.225256">
        <ele>21.3</ele>
        <time>2015-05-19T21:47:48Z</time>
      </trkpt>
      <trkpt lat="35.957309" lon="120.225162">
        <ele>21.2</ele>
        <time>2015-05-19T21:47:52Z</time>
      </trkpt>
      <trkpt lat="35.957253" lon="120.225063">
        <ele>21.0</ele>
        <time>2015-05-19T21:47:56Z</time>
      </trkpt>
      <trkpt lat="35.957197" lon="120.224966">
        <ele>20.9</ele>
        <time>2015-05-19T21:48:00Z</time>
      </trkpt>
      <trkpt lat="35.957129" lon="120.224876">
        <ele>20.7</ele>
        <time>2015-05-19T21:48:04Z</time>
      </trkpt>
      <trkpt lat="35.957061" lon="120.224784">
        <ele>20.5</ele>
        <time>2015-05-19T21:48:08Z</time>
      </trkpt>
      <trkpt lat="35.95699" lon="120.224699">
        <ele>20.3</ele>
        <time>2015-05-19T21:48:12Z</time>
      </trkpt>
      <trkpt lat="35.95692" lon="120.224611">
        <ele>20.1</ele>
        <time>2015-05-19T21:48:16Z</time>
      </trkpt>
      <trkpt lat="35.956791" lon="120.224393">
        <ele>19.9</ele>
        <time>2015-05-19T21:48:20Z</time>
      </trkpt>
      <trkpt lat="35.95673" lon="120.224283">
        <ele>19.7</ele>
        <time>2015-05-19T21:48:28Z</time>
      </trkpt>
      <trkpt lat="35.95669" lon="120.224178">
        <ele>19.5</ele>
        <time>2015-05-19T21:48:32Z</time>
      </trkpt>
      <trkpt lat="35.956656" lon="120.224063">
        <ele>19.3</ele>
        <time>2015-05-19T21:48:36Z</time>
      </trkpt>
      <trkpt lat="35.956597" lon="120.223955">
        <ele>19.1</ele>
        <time>2015-05-19T21:48:40Z</time>
      </trkpt>
      <trkpt lat="35.956525" lon="120.223842">
        <ele>18.9</ele>
        <time>2015-05-19T21:48:44Z</time>
      </trkpt>
      <trkpt lat="35.956452" lon="120.22374">
        <ele>18.7</ele>
        <time>2015-05-19T21:48:48Z</time>
      </trkpt>
      <trkpt lat="35.95638" lon="120.223642">
        <ele>18.4</ele>
        <time>2015-05-19T21:48:52Z</time>
      </trkpt>
      <trkpt lat="35.95631" lon="120.223542">
        <ele>18.2</ele>
        <time>2015-05-19T21:48:56Z</time>
      </trkpt>
      <trkpt lat="35.956249" lon="120.223447">
        <ele>18.0</ele>
        <time>2015-05-19T21:49:00Z</time>
      </trkpt>
      <trkpt lat="35.956188" lon="120.22336">
        <ele>17.7</ele>
        <time>2015-05-19T21:49:04Z</time>
      </trkpt>
      <trkpt lat="35.956129" lon="120.223273">
        <ele>17.5</ele>
        <time>2015-05-19T21:49:08Z</time>
      </trkpt>
      <trkpt lat="35.956068" lon="120.223189">
        <ele>17.3</ele>
        <time>2015-05-19T21:49:12Z</time>
      </trkpt>
      <trkpt lat="35.956004" lon="120.223095">
        <ele>17.1</ele>
        <time>2015-05-19T21:49:16Z</time>
      </trkpt>
      <trkpt lat="35.955943" lon="120.222999">
        <ele>16.8</ele>
        <time>2015-05-19T21:49:20Z</time>
      </trkpt>
      <trkpt lat="35.955885" lon="120.222899">
        <ele>16.7</ele>
        <time>2015-05-19T21:49:24Z</time>
      </trkpt>
      <trkpt lat="35.95583" lon="120.222784">
        <ele>16.5</ele>
        <time>2015-05-19T21:49:28Z</time>
      </trkpt>
      <trkpt lat="35.955781" lon="120.222671">
        <ele>16.4</ele>
        <time>2015-05-19T21:49:32Z</time>
      </trkpt>
      <trkpt lat="35.95571" lon="120.222581">
        <ele>16.3</ele>
        <time>2015-05-19T21:49:36Z</time>
      </trkpt>
      <trkpt lat="35.955657" lon="120.222483">
        <ele>16.3</ele>
        <time>2015-05-19T21:49:40Z</time>
      </trkpt>
      <trkpt lat="35.95561" lon="120.22237">
        <ele>16.2</ele>
        <time>2015-05-19T21:49:44Z</time>
      </trkpt>
      <trkpt lat="35.955563" lon="120.222261">
        <ele>16.2</ele>
        <time>2015-05-19T21:49:48Z</time>
      </trkpt>
      <trkpt lat="35.955527" lon="120.222143">
        <ele>16.2</ele>
        <time>2015-05-19T21:49:52Z</time>
      </trkpt>
      <trkpt lat="35.955473" lon="120.222039">
        <ele>16.2</ele>
        <time>2015-05-19T21:49:56Z</time>
      </trkpt>
      <trkpt lat="35.955406" lon="120.221939">
        <ele>16.3</ele>
        <time>2015-05-19T21:50:00Z</time>
      </trkpt>
      <trkpt lat="35.955341" lon="120.22184">
        <ele>16.3</ele>
        <time>2015-05-19T21:50:04Z</time>
      </trkpt>
      <trkpt lat="35.955197" lon="120.221645">
        <ele>16.4</ele>
        <time>2015-05-19T21:50:08Z</time>
      </trkpt>
      <trkpt lat="35.955154" lon="120.221541">
        <ele>16.4</ele>
        <time>2015-05-19T21:50:16Z</time>
      </trkpt>
      <trkpt lat="35.955109" lon="120.221433">
        <ele>16.5</ele>
        <time>2015-05-19T21:50:20Z</time>
      </trkpt>
      <trkpt lat="35.955053" lon="120.221328">
        <ele>16.6</ele>
        <time>2015-05-19T21:50:24Z</time>
      </trkpt>
      <trkpt lat="35.955002" lon="120.221218">
        <ele>16.7</ele>
        <time>2015-05-19T21:50:28Z</time>
      </trkpt>
      <trkpt lat="35.95496" lon="120.221108">
        <ele>16.8</ele>
        <time>2015-05-19T21:50:32Z</time>
      </trkpt>
      <trkpt lat="35.954931" lon="120.22099">
        <ele>16.9</ele>
        <time>2015-05-19T21:50:36Z</time>
      </trkpt>
      <trkpt lat="35.954888" lon="120.22088">
        <ele>17.0</ele>
        <time>2015-05-19T21:50:40Z</time>
      </trkpt>
      <trkpt lat="35.954841" lon="120.220775">
        <ele>17.1</ele>
        <time>2015-05-19T21:50:44Z</time>
      </trkpt>
      <trkpt lat="35.954786" lon="120.220676">
        <ele>17.2</ele>
        <time>2015-05-19T21:50:48Z</time>
      </trkpt>
      <trkpt lat="35.954736" lon="120.220576">
        <ele>17.3</ele>
        <time>2015-05-19T21:50:52Z</time>
      </trkpt>
      <trkpt lat="35.95468" lon="120.220471">
        <ele>17.3</ele>
        <time>2015-05-19T21:50:56Z</time>
      </trkpt>
      <trkpt lat="35.954618" lon="120.22038">
        <ele>17.3</ele>
        <time>2015-05-19T21:51:00Z</time>
      </trkpt>
      <trkpt lat="35.954567" lon="120.22027">
        <ele>17.3</ele>
        <time>2015-05-19T21:51:04Z</time>
      </trkpt>
      <trkpt lat="35.954528" lon="120.220135">
        <ele>17.3</ele>
        <time>2015-05-19T21:51:08Z</time>
      </trkpt>
      <trkpt lat="35.954479" lon="120.220015">
        <ele>17.3</ele>
        <time>2015-05-19T21:51:12Z</time>
      </trkpt>
      <trkpt lat="35.954429" lon="120.219906">
        <ele>17.2</ele>
        <time>2015-05-19T21:51:16Z</time>
      </trkpt>
      <trkpt lat="35.954375" lon="120.219785">
        <ele>17.1</ele>
        <time>2015-05-19T21:51:20Z</time>
      </trkpt>
      <trkpt lat="35.954337" lon="120.219663">
        <ele>17.0</ele>
        <time>2015-05-19T21:51:24Z</time>
      </trkpt>
      <trkpt lat="35.954312" lon="120.219543">
        <ele>16.8</ele>
        <time>2015-05-19T21:51:28Z</time>
      </trkpt>
      <trkpt lat="35.954285" lon="120.219423">
        <ele>16.6</ele>
        <time>2015-05-19T21:51:32Z</time>
      </trkpt>
      <trkpt lat="35.954252" lon="120.219298">
        <ele>16.4</ele>
        <time>2015-05-19T21:51:36Z</time>
      </trkpt>
      <trkpt lat="35.954215" lon="120.219171">
        <ele>16.1</ele>
        <time>2015-05-19T21:51:40Z</time>
      </trkpt>
      <trkpt lat="35.95419" lon="120.219046">
        <ele>15.8</ele>
        <time>2015-05-19T21:51:44Z</time>
      </trkpt>
      <trkpt lat="35.954147" lon="120.218921">
        <ele>15.5</ele>
        <time>2015-05-19T21:51:48Z</time>
      </trkpt>
      <trkpt lat="35.954106" lon="120.218807">
        <ele>15.1</ele>
        <time>2015-05-19T21:51:52Z</time>
      </trkpt>
      <trkpt lat="35.954071" lon="120.218698">
        <ele>14.7</ele>
        <time>2015-05-19T21:51:56Z</time>
      </trkpt>
      <trkpt lat="35.954034" lon="120.218571">
        <ele>14.3</ele>
        <time>2015-05-19T21:52:00Z</time>
      </trkpt>
      <trkpt lat="35.953988" lon="120.218439">
        <ele>13.8</ele>
        <time>2015-05-19T21:52:04Z</time>
      </trkpt>
      <trkpt lat="35.953942" lon="120.218311">
        <ele>13.4</ele>
        <time>2015-05-19T21:52:08Z</time>
      </trkpt>
      <trkpt lat="35.953906" lon="120.218187">
        <ele>12.9</ele>
        <time>2015-05-19T21:52:12Z</time>
      </trkpt>
      <trkpt lat="35.953866" lon="120.218063">
        <ele>12.3</ele>
        <time>2015-05-19T21:52:16Z</time>
      </trkpt>
      <trkpt lat="35.953826" lon="120.217933">
        <ele>11.8</ele>
        <time>2015-05-19T21:52:20Z</time>
      </trkpt>
      <trkpt lat="35.953786" lon="120.217801">
        <ele>11.2</ele>
        <time>2015-05-19T21:52:24Z</time>
      </trkpt>
      <trkpt lat="35.95374" lon="120.217663">
        <ele>10.6</ele>
        <time>2015-05-19T21:52:28Z</time>
      </trkpt>
      <trkpt lat="35.95369" lon="120.217511">
        <ele>10.0</ele>
        <time>2015-05-19T21:52:32Z</time>
      </trkpt>
      <trkpt lat="35.953638" lon="120.21735">
        <ele>9.4</ele>
        <time>2015-05-19T21:52:36Z</time>
      </trkpt>
      <trkpt lat="35.953593" lon="120.217196">
        <ele>8.8</ele>
        <time>2015-05-19T21:52:40Z</time>
      </trkpt>
      <trkpt lat="35.953568" lon="120.217048">
        <ele>8.2</ele>
        <time>2015-05-19T21:52:44Z</time>
      </trkpt>
      <trkpt lat="35.953543" lon="120.216901">
        <ele>7.7</ele>
        <time>2015-05-19T21:52:48Z</time>
      </trkpt>
      <trkpt lat="35.953516" lon="120.216755">
        <ele>7.1</ele>
        <time>2015-05-19T21:52:52Z</time>
      </trkpt>
      <trkpt lat="35.953435" lon="120.21647">
        <ele>6.5</ele>
        <time>2015-05-19T21:52:56Z</time>
      </trkpt>
      <trkpt lat="35.953398" lon="120.216333">
        <ele>6.0</ele>
        <time>2015-05-19T21:53:04Z</time>
      </trkpt>
      <trkpt lat="35.953366" lon="120.216197">
        <ele>5.5</ele>
        <time>2015-05-19T21:53:08Z</time>
      </trkpt>
      <trkpt lat="35.953341" lon="120.216057">
        <ele>5.0</ele>
        <time>2015-05-19T21:53:12Z</time>
      </trkpt>
      <trkpt lat="35.95327" lon="120.215736">
        <ele>4.5</ele>
        <time>2015-05-19T21:53:16Z</time>
      </trkpt>
      <trkpt lat="35.953229" lon="120.215583">
        <ele>4.1</ele>
        <time>2015-05-19T21:53:24Z</time>
      </trkpt>
      <trkpt lat="35.953191" lon="120.215441">
        <ele>3.7</ele>
        <time>2015-05-19T21:53:28Z</time>
      </trkpt>
      <trkpt lat="35.953154" lon="120.215312">
        <ele>3.4</ele>
        <time>2015-05-19T21:53:32Z</time>
      </trkpt>
      <trkpt lat="35.953118" lon="120.215174">
        <ele>3.1</ele>
        <time>2015-05-19T21:53:36Z</time>
      </trkpt>
      <trkpt lat="35.953083" lon="120.215027">
        <ele>2.9</ele>
        <time>2015-05-19T21:53:40Z</time>
      </trkpt>
      <trkpt lat="35.95304" lon="120.214894">
        <ele>2.6</ele>
        <time>2015-05-19T21:53:44Z</time>
      </trkpt>
      <trkpt lat="35.953006" lon="120.214767">
        <ele>2.5</ele>
        <time>2015-05-19T21:53:48Z</time>
      </trkpt>
      <trkpt lat="35.952979" lon="120.214634">
        <ele>2.3</ele>
        <time>2015-05-19T21:53:52Z</time>
      </trkpt>
      <trkpt lat="35.952972" lon="120.214505">
        <ele>2.2</ele>
        <time>2015-05-19T21:53:56Z</time>
      </trkpt>
      <trkpt lat="35.952964" lon="120.214381">
        <ele>2.1</ele>
        <time>2015-05-19T21:54:00Z</time>
      </trkpt>
      <trkpt lat="35.952946" lon="120.214272">
        <ele>2.0</ele>
        <time>2015-05-19T21:54:04Z</time>
      </trkpt>
      <trkpt lat="35.952924" lon="120.214164">
        <ele>2.0</ele>
        <time>2015-05-19T21:54:08Z</time>
      </trkpt>
      <trkpt lat="35.952892" lon="120.21405">
        <ele>2.0</ele>
        <time>2015-05-19T21:54:12Z</time>
      </trkpt>
      <trkpt lat="35.952858" lon="120.213927">
        <ele>1.9</ele>
        <time>2015-05-19T21:54:16Z</time>
      </trkpt>
      <trkpt lat="35.952826" lon="120.213798">
        <ele>1.9</ele>
        <time>2015-05-19T21:54:20Z</time>
      </trkpt>
      <trkpt lat="35.952799" lon="120.213673">
        <ele>1.9</ele>
        <time>2015-05-19T21:54:24Z</time>
      </trkpt>
      <trkpt lat="35.952774" lon="120.213549">
        <ele>1.9</ele>
        <time>2015-05-19T21:54:28Z</time>
      </trkpt>
      <trkpt lat="35.952751" lon="120.213434">
        <ele>1.9</ele>
        <time>2015-05-19T21:54:32Z</time>
      </trkpt>
      <trkpt lat="35.95273" lon="120.213316">
        <ele>1.9</ele>
        <time>2015-05-19T21:54:36Z</time>
      </trkpt>
      <trkpt lat="35.952704" lon="120.213205">
        <ele>1.9</ele>
        <time>2015-05-19T21:54:40Z</time>
      </trkpt>
      <trkpt lat="35.952648" lon="120.212962">
        <ele>1.9</ele>
        <time>2015-05-19T21:54:44Z</time>
      </trkpt>
      <trkpt lat="35.952637" lon="120.212825">
        <ele>2.0</ele>
        <time>2015-05-19T21:54:52Z</time>
      </trkpt>
      <trkpt lat="35.952619" lon="120.212705">
        <ele>2.0</ele>
        <time>2015-05-19T21:54:56Z</time>
      </trkpt>
      <trkpt lat="35.952588" lon="120.212582">
        <ele>2.0</ele>
        <time>2015-05-19T21:55:00Z</time>
      </trkpt>
      <trkpt lat="35.95254" lon="120.212453">
        <ele>2.0</ele>
        <time>2015-05-19T21:55:04Z</time>
      </trkpt>
      <trkpt lat="35.952501" lon="120.212338">
        <ele>2.0</ele>
        <time>2015-05-19T21:55:08Z</time>
      </trkpt>
      <trkpt lat="35.952534" lon="120.212224">
        <ele>2.0</ele>
        <time>2015-05-19T21:55:12Z</time>
      </trkpt>
      <trkpt lat="35.952579" lon="120.212112">
        <ele>1.9</ele>
        <time>2015-05-19T21:55:16Z</time>
      </trkpt>
      <trkpt lat="35.952604" lon="120.211998">
        <ele>1.9</ele>
        <time>2015-05-19T21:55:20Z</time>
      </trkpt>
      <trkpt lat="35.952636" lon="120.211903">
        <ele>1.8</ele>
        <time>2015-05-19T21:55:24Z</time>
      </trkpt>
      <trkpt lat="35.952684" lon="120.211873">
        <ele>1.8</ele>
        <time>2015-05-19T21:55:28Z</time>
      </trkpt>
      <trkpt lat="35.952769" lon="120.211842">
        <ele>1.7</ele>
        <time>2015-05-19T21:55:32Z</time>
      </trkpt>
      <trkpt lat="35.953084" lon="120.211869">
        <ele>1.7</ele>
        <time>2015-05-19T21:55:36Z</time>
      </trkpt>
      <trkpt lat="35.953223" lon="120.211863">
        <ele>1.6</ele>
        <time>2015-05-19T21:55:44Z</time>
      </trkpt>
      <trkpt lat="35.95334" lon="120.211832">
        <ele>1.5</ele>
        <time>2015-05-19T21:55:48Z</time>
      </trkpt>
      <trkpt lat="35.953449" lon="120.211821">
        <ele>1.5</ele>
        <time>2015-05-19T21:55:52Z</time>
      </trkpt>
      <trkpt lat="35.953549" lon="120.211804">
        <ele>1.4</ele>
        <time>2015-05-19T21:55:56Z</time>
      </trkpt>
      <trkpt lat="35.953652" lon="120.211771">
        <ele>1.4</ele>
        <time>2015-05-19T21:56:00Z</time>
      </trkpt>
      <trkpt lat="35.953753" lon="120.211737">
        <ele>1.4</ele>
        <time>2015-05-19T21:56:04Z</time>
      </trkpt>
      <trkpt lat="35.953854" lon="120.211722">
        <ele>1.4</ele>
        <time>2015-05-19T21:56:08Z</time>
      </trkpt>
      <trkpt lat="35.953951" lon="120.211685">
        <ele>1.4</ele>
        <time>2015-05-19T21:56:12Z</time>
      </trkpt>
      <trkpt lat="35.954048" lon="120.211635">
        <ele>1.5</ele>
        <time>2015-05-19T21:56:16Z</time>
      </trkpt>
      <trkpt lat="35.954108" lon="120.211551">
        <ele>1.5</ele>
        <time>2015-05-19T21:56:20Z</time>
      </trkpt>
      <trkpt lat="35.954096" lon="120.21145">
        <ele>1.6</ele>
        <time>2015-05-19T21:56:24Z</time>
      </trkpt>
      <trkpt lat="35.954048" lon="120.211361">
        <ele>1.6</ele>
        <time>2015-05-19T21:56:28Z</time>
      </trkpt>
      <trkpt lat="35.954005" lon="120.211231">
        <ele>1.7</ele>
        <time>2015-05-19T21:56:32Z</time>
      </trkpt>
      <trkpt lat="35.953991" lon="120.211102">
        <ele>1.7</ele>
        <time>2015-05-19T21:56:36Z</time>
      </trkpt>
      <trkpt lat="35.954022" lon="120.210974">
        <ele>1.8</ele>
        <time>2015-05-19T21:56:40Z</time>
      </trkpt>
      <trkpt lat="35.954047" lon="120.210854">
        <ele>1.9</ele>
        <time>2015-05-19T21:56:44Z</time>
      </trkpt>
      <trkpt lat="35.95403" lon="120.210731">
        <ele>1.9</ele>
        <time>2015-05-19T21:56:48Z</time>
      </trkpt>
      <trkpt lat="35.953997" lon="120.210606">
        <ele>1.9</ele>
        <time>2015-05-19T21:56:52Z</time>
      </trkpt>
      <trkpt lat="35.953974" lon="120.210489">
        <ele>1.9</ele>
        <time>2015-05-19T21:56:56Z</time>
      </trkpt>
      <trkpt lat="35.953955" lon="120.210368">
        <ele>1.9</ele>
        <time>2015-05-19T21:57:00Z</time>
      </trkpt>
      <trkpt lat="35.953921" lon="120.210239">
        <ele>1.8</ele>
        <time>2015-05-19T21:57:04Z</time>
      </trkpt>
      <trkpt lat="35.95389" lon="120.210105">
        <ele>1.8</ele>
        <time>2015-05-19T21:57:08Z</time>
      </trkpt>
      <trkpt lat="35.953849" lon="120.20985">
        <ele>1.8</ele>
        <time>2015-05-19T21:57:12Z</time>
      </trkpt>
      <trkpt lat="35.95383" lon="120.209719">
        <ele>1.8</ele>
        <time>2015-05-19T21:57:20Z</time>
      </trkpt>
      <trkpt lat="35.953799" lon="120.209598">
        <ele>1.8</ele>
        <time>2015-05-19T21:57:24Z</time>
      </trkpt>
      <trkpt lat="35.953758" lon="120.209469">
        <ele>1.8</ele>
        <time>2015-05-19T21:57:28Z</time>
      </trkpt>
      <trkpt lat="35.953685" lon="120.209221">
        <ele>1.8</ele>
        <time>2015-05-19T21:57:32Z</time>
      </trkpt>
      <trkpt lat="35.95366" lon="120.209099">
        <ele>1.8</ele>
        <time>2015-05-19T21:57:40Z</time>
      </trkpt>
      <trkpt lat="35.953632" lon="120.208973">
        <ele>1.8</ele>
        <time>2015-05-19T21:57:44Z</time>
      </trkpt>
      <trkpt lat="35.953607" lon="120.208853">
        <ele>1.7</ele>
        <time>2015-05-19T21:57:48Z</time>
      </trkpt>
      <trkpt lat="35.953588" lon="120.208736">
        <ele>1.7</ele>
        <time>2015-05-19T21:57:52Z</time>
      </trkpt>
      <trkpt lat="35.953559" lon="120.208621">
        <ele>1.7</ele>
        <time>2015-05-19T21:57:56Z</time>
      </trkpt>
      <trkpt lat="35.953548" lon="120.208518">
        <ele>1.7</ele>
        <time>2015-05-19T21:58:00Z</time>
      </trkpt>
      <trkpt lat="35.95357" lon="120.20841">
        <ele>1.7</ele>
        <time>2015-05-19T21:58:04Z</time>
      </trkpt>
      <trkpt lat="35.953655" lon="120.208354">
        <ele>1.7</ele>
        <time>2015-05-19T21:58:08Z</time>
      </trkpt>
      <trkpt lat="35.953764" lon="120.208317">
        <ele>1.7</ele>
        <time>2015-05-19T21:58:12Z</time>
      </trkpt>
      <trkpt lat="35.95387" lon="120.208281">
        <ele>1.8</ele>
        <time>2015-05-19T21:58:16Z</time>
      </trkpt>
      <trkpt lat="35.953972" lon="120.208258">
        <ele>2.0</ele>
        <time>2015-05-19T21:58:20Z</time>
      </trkpt>
      <trkpt lat="35.954068" lon="120.208254">
        <ele>2.3</ele>
        <time>2015-05-19T21:58:24Z</time>
      </trkpt>
      <trkpt lat="35.954162" lon="120.208234">
        <ele>2.6</ele>
        <time>2015-05-19T21:58:28Z</time>
      </trkpt>
      <trkpt lat="35.954272" lon="120.208181">
        <ele>2.9</ele>
        <time>2015-05-19T21:58:32Z</time>
      </trkpt>
      <trkpt lat="35.954376" lon="120.20814">
        <ele>3.3</ele>
        <time>2015-05-19T21:58:36Z</time>
      </trkpt>
      <trkpt lat="35.954472" lon="120.208099">
        <ele>3.7</ele>
        <time>2015-05-19T21:58:40Z</time>
      </trkpt>
      <trkpt lat="35.954568" lon="120.208069">
        <ele>4.2</ele>
        <time>2015-05-19T21:58:44Z</time>
      </trkpt>
      <trkpt lat="35.954669" lon="120.20804">
        <ele>4.6</ele>
        <time>2015-05-19T21:58:48Z</time>
      </trkpt>
      <trkpt lat="35.954772" lon="120.208006">
        <ele>5.1</ele>
        <time>2015-05-19T21:58:52Z</time>
      </trkpt>
      <trkpt lat="35.954873" lon="120.207954">
        <ele>5.6</ele>
        <time>2015-05-19T21:58:56Z</time>
      </trkpt>
      <trkpt lat="35.955057" lon="120.207875">
        <ele>6.1</ele>
        <time>2015-05-19T21:59:00Z</time>
      </trkpt>
      <trkpt lat="35.955142" lon="120.207837">
        <ele>6.6</ele>
        <time>2015-05-19T21:59:08Z</time>
      </trkpt>
      <trkpt lat="35.95523" lon="120.207804">
        <ele>7.1</ele>
        <time>2015-05-19T21:59:12Z</time>
      </trkpt>
      <trkpt lat="35.955324" lon="120.207765">
        <ele>7.6</ele>
        <time>2015-05-19T21:59:16Z</time>
      </trkpt>
      <trkpt lat="35.955413" lon="120.207716">
        <ele>8.1</ele>
        <time>2015-05-19T21:59:20Z</time>
      </trkpt>
      <trkpt lat="35.955534" lon="120.207691">
        <ele>8.7</ele>
        <time>2015-05-19T21:59:24Z</time>
      </trkpt>
      <trkpt lat="35.95566" lon="120.207664">
        <ele>9.2</ele>
        <time>2015-05-19T21:59:28Z</time>
      </trkpt>
      <trkpt lat="35.955775" lon="120.207646">
        <ele>9.7</ele>
        <time>2015-05-19T21:59:32Z</time>
      </trkpt>
      <trkpt lat="35.955891" lon="120.207643">
        <ele>10.2</ele>
        <time>2015-05-19T21:59:36Z</time>
      </trkpt>
      <trkpt lat="35.956003" lon="120.207638">
        <ele>10.6</ele>
        <time>2015-05-19T21:59:40Z</time>
      </trkpt>
      <trkpt lat="35.956104" lon="120.207637">
        <ele>11.0</ele>
        <time>2015-05-19T21:59:44Z</time>
      </trkpt>
      <trkpt lat="35.956185" lon="120.207632">
        <ele>11.3</ele>
        <time>2015-05-19T21:59:48Z</time>
      </trkpt>
      <trkpt lat="35.95626" lon="120.207606">
        <ele>11.5</ele>
        <time>2015-05-19T21:59:52Z</time>
      </trkpt>
      <trkpt lat="35.956349" lon="120.207549">
        <ele>11.7</ele>
        <time>2015-05-19T21:59:56Z</time>
      </trkpt>
      <trkpt lat="35.956454" lon="120.207516">
        <ele>12.0</ele>
        <time>2015-05-19T22:00:00Z</time>
      </trkpt>
      <trkpt lat="35.956517" lon="120.207589">
        <ele>12.1</ele>
        <time>2015-05-19T22:00:04Z</time>
      </trkpt>
      <trkpt lat="35.95657" lon="120.207696">
        <ele>12.3</ele>
        <time>2015-05-19T22:00:08Z</time>
      </trkpt>
      <trkpt lat="35.956605" lon="120.207809">
        <ele>12.5</ele>
        <time>2015-05-19T22:00:12Z</time>
      </trkpt>
      <trkpt lat="35.956631" lon="120.20793">
        <ele>12.6</ele>
        <time>2015-05-19T22:00:16Z</time>
      </trkpt>
      <trkpt lat="35.956697" lon="120.208161">
        <ele>12.8</ele>
        <time>2015-05-19T22:00:20Z</time>
      </trkpt>
      <trkpt lat="35.956719" lon="120.208276">
        <ele>12.9</ele>
        <time>2015-05-19T22:00:28Z</time>
      </trkpt>
      <trkpt lat="35.956737" lon="120.208391">
        <ele>13.0</ele>
        <time>2015-05-19T22:00:32Z</time>
      </trkpt>
      <extensions>
        <breaktype>2</breaktype>
      </extensions>
    </trkseg>
  </trk>
  <extensions>
    <ssrlog>
      <logseg>
        <logpt time="2015-05-19T21:30:02Z">
          <spd>0.0</spd>
          <str>0.0</str>
        </logpt>
        <logpt time="2015-05-19T21:30:06Z">
          <spd>0.0</spd>
          <str>0.0</str>
        </logpt>
        <logpt time="2015-05-19T21:30:12Z">
          <spd>1.8</spd>
          <str>35.0</str>
        </logpt>
        <logpt time="2015-05-19T21:30:14Z">
          <spd>4.0</spd>
          <str>54.0</str>
        </logpt>
        <logpt time="2015-05-19T21:30:16Z">
          <spd>4.5</spd>
          <str>60.0</str>
        </logpt>
        <logpt time="2015-05-19T21:30:20Z">
          <spd>5.0</spd>
          <str>68.0</str>
        </logpt>
        <logpt time="2015-05-19T21:30:24Z">
          <spd>5.0</spd>
          <str>66.0</str>
        </logpt>
        <logpt time="2015-05-19T21:30:28Z">
          <spd>3.6</spd>
          <str>66.0</str>
        </logpt>
        <logpt time="2015-05-19T21:30:32Z">
          <spd>3.1</spd>
          <str>66.0</str>
        </logpt>
        <logpt time="2015-05-19T21:30:36Z">
          <spd>0.0</spd>
          <str>0.0</str>
        </logpt>
        <logpt time="2015-05-19T21:30:40Z">
          <spd>0.0</spd>
          <str>47.0</str>
        </logpt>
        <logpt time="2015-05-19T21:30:44Z">
          <spd>3.6</spd>
          <str>52.0</str>
        </logpt>
        <logpt time="2015-05-19T21:30:48Z">
          <spd>5.8</spd>
          <str>55.0</str>
        </logpt>
        <logpt time="2015-05-19T21:30:52Z">
          <spd>7.2</spd>
          <str>58.0</str>
        </logpt>
        <logpt time="2015-05-19T21:30:56Z">
          <spd>8.1</spd>
          <str>61.0</str>
        </logpt>
        <logpt time="2015-05-19T21:31:00Z">
          <spd>9.0</spd>
          <str>63.0</str>
        </logpt>
        <logpt time="2015-05-19T21:31:04Z">
          <spd>9.4</spd>
          <str>66.0</str>
        </logpt>
        <logpt time="2015-05-19T21:31:08Z">
          <spd>10.3</spd>
          <str>69.0</str>
        </logpt>
        <logpt time="2015-05-19T21:31:12Z">
          <spd>10.3</spd>
          <str>70.0</str>
        </logpt>
        <logpt time="2015-05-19T21:31:16Z">
          <spd>10.3</spd>
          <str>70.0</str>
        </logpt>
        <logpt time="2015-05-19T21:31:20Z">
          <spd>10.8</spd>
          <str>70.0</str>
        </logpt>
        <logpt time="2015-05-19T21:31:24Z">
          <spd>10.3</spd>
          <str>73.0</str>
        </logpt>
        <logpt time="2015-05-19T21:31:28Z">
          <spd>10.8</spd>
          <str>91.0</str>
        </logpt>
        <logpt time="2015-05-19T21:31:32Z">
          <spd>10.8</spd>
          <str>91.0</str>
        </logpt>
        <logpt time="2015-05-19T21:31:36Z">
          <spd>9.9</spd>
          <str>90.0</str>
        </logpt>
        <logpt time="2015-05-19T21:31:40Z">
          <spd>9.0</spd>
          <str>90.0</str>
        </logpt>
        <logpt time="2015-05-19T21:31:44Z">
          <spd>8.1</spd>
          <str>90.0</str>
        </logpt>
        <logpt time="2015-05-19T21:31:48Z">
          <spd>8.1</spd>
          <str>90.0</str>
        </logpt>
        <logpt time="2015-05-19T21:31:52Z">
          <spd>8.1</spd>
          <str>90.0</str>
        </logpt>
        <logpt time="2015-05-19T21:31:56Z">
          <spd>8.1</spd>
          <str>90.0</str>
        </logpt>
        <logpt time="2015-05-19T21:32:00Z">
          <spd>8.6</spd>
          <str>90.0</str>
        </logpt>
        <logpt time="2015-05-19T21:32:04Z">
          <spd>8.6</spd>
          <str>91.0</str>
        </logpt>
        <logpt time="2015-05-19T21:32:08Z">
          <spd>8.1</spd>
          <str>91.0</str>
        </logpt>
        <logpt time="2015-05-19T21:32:12Z">
          <spd>7.7</spd>
          <str>91.0</str>
        </logpt>
        <logpt time="2015-05-19T21:32:16Z">
          <spd>7.7</spd>
          <str>91.0</str>
        </logpt>
        <logpt time="2015-05-19T21:32:20Z">
          <spd>7.7</spd>
          <str>90.0</str>
        </logpt>
        <logpt time="2015-05-19T21:32:24Z">
          <spd>8.1</spd>
          <str>90.0</str>
        </logpt>
        <logpt time="2015-05-19T21:32:28Z">
          <spd>8.1</spd>
          <str>90.0</str>
        </logpt>
        <logpt time="2015-05-19T21:32:32Z">
          <spd>8.6</spd>
          <str>90.0</str>
        </logpt>
        <logpt time="2015-05-19T21:32:36Z">
          <spd>9.0</spd>
          <str>90.0</str>
        </logpt>
        <logpt time="2015-05-19T21:32:40Z">
          <spd>9.4</spd>
          <str>90.0</str>
        </logpt>
        <logpt time="2015-05-19T21:32:44Z">
          <spd>9.0</spd>
          <str>90.0</str>
        </logpt>
        <logpt time="2015-05-19T21:32:48Z">
          <spd>9.0</spd>
          <str>90.0</str>
        </logpt>
        <logpt time="2015-05-19T21:32:52Z">
          <spd>9.0</spd>
          <str>90.0</str>
        </logpt>
        <logpt time="2015-05-19T21:32:56Z">
          <spd>8.6</spd>
          <str>90.0</str>
        </logpt>
        <logpt time="2015-05-19T21:33:00Z">
          <spd>8.6</spd>
          <str>90.0</str>
        </logpt>
        <logpt time="2015-05-19T21:33:04Z">
          <spd>8.6</spd>
          <str>90.0</str>
        </logpt>
        <logpt time="2015-05-19T21:33:08Z">
          <spd>9.0</spd>
          <str>90.0</str>
        </logpt>
        <logpt time="2015-05-19T21:33:12Z">
          <spd>9.0</spd>
          <str>90.0</str>
        </logpt>
        <logpt time="2015-05-19T21:33:16Z">
          <spd>9.0</spd>
          <str>90.0</str>
        </logpt>
        <logpt time="2015-05-19T21:33:20Z">
          <spd>9.4</spd>
          <str>90.0</str>
        </logpt>
        <logpt time="2015-05-19T21:33:24Z">
          <spd>9.4</spd>
          <str>90.0</str>
        </logpt>
        <logpt time="2015-05-19T21:33:28Z">
          <spd>9.4</spd>
          <str>90.0</str>
        </logpt>
        <logpt time="2015-05-19T21:33:32Z">
          <spd>9.4</spd>
          <str>89.0</str>
        </logpt>
        <logpt time="2015-05-19T21:33:36Z">
          <spd>9.4</spd>
          <str>89.0</str>
        </logpt>
        <logpt time="2015-05-19T21:33:40Z">
          <spd>9.4</spd>
          <str>89.0</str>
        </logpt>
        <logpt time="2015-05-19T21:33:44Z">
          <spd>9.4</spd>
          <str>89.0</str>
        </logpt>
        <logpt time="2015-05-19T21:33:48Z">
          <spd>9.9</spd>
          <str>89.0</str>
        </logpt>
        <logpt time="2015-05-19T21:33:52Z">
          <spd>9.9</spd>
          <str>89.0</str>
        </logpt>
        <logpt time="2015-05-19T21:33:56Z">
          <spd>9.9</spd>
          <str>89.0</str>
        </logpt>
        <logpt time="2015-05-19T21:34:00Z">
          <spd>9.4</spd>
          <str>89.0</str>
        </logpt>
        <logpt time="2015-05-19T21:34:04Z">
          <spd>9.4</spd>
          <str>89.0</str>
        </logpt>
        <logpt time="2015-05-19T21:34:08Z">
          <spd>9.4</spd>
          <str>89.0</str>
        </logpt>
        <logpt time="2015-05-19T21:34:12Z">
          <spd>9.4</spd>
          <str>89.0</str>
        </logpt>
        <logpt time="2015-05-19T21:34:16Z">
          <spd>9.4</spd>
          <str>89.0</str>
        </logpt>
        <logpt time="2015-05-19T21:34:20Z">
          <spd>9.9</spd>
          <str>90.0</str>
        </logpt>
        <logpt time="2015-05-19T21:34:24Z">
          <spd>9.9</spd>
          <str>90.0</str>
        </logpt>
        <logpt time="2015-05-19T21:34:28Z">
          <spd>9.4</spd>
          <str>90.0</str>
        </logpt>
        <logpt time="2015-05-19T21:34:32Z">
          <spd>9.4</spd>
          <str>90.0</str>
        </logpt>
        <logpt time="2015-05-19T21:34:36Z">
          <spd>9.4</spd>
          <str>90.0</str>
        </logpt>
        <logpt time="2015-05-19T21:34:40Z">
          <spd>9.9</spd>
          <str>90.0</str>
        </logpt>
        <logpt time="2015-05-19T21:34:44Z">
          <spd>9.9</spd>
          <str>90.0</str>
        </logpt>
        <logpt time="2015-05-19T21:34:48Z">
          <spd>9.9</spd>
          <str>90.0</str>
        </logpt>
        <logpt time="2015-05-19T21:34:52Z">
          <spd>9.9</spd>
          <str>90.0</str>
        </logpt>
        <logpt time="2015-05-19T21:34:56Z">
          <spd>9.4</spd>
          <str>90.0</str>
        </logpt>
        <logpt time="2015-05-19T21:35:00Z">
          <spd>9.4</spd>
          <str>90.0</str>
        </logpt>
        <logpt time="2015-05-19T21:35:04Z">
          <spd>9.4</spd>
          <str>90.0</str>
        </logpt>
        <logpt time="2015-05-19T21:35:08Z">
          <spd>9.4</spd>
          <str>90.0</str>
        </logpt>
        <logpt time="2015-05-19T21:35:12Z">
          <spd>9.0</spd>
          <str>90.0</str>
        </logpt>
        <logpt time="2015-05-19T21:35:16Z">
          <spd>9.4</spd>
          <str>90.0</str>
        </logpt>
        <logpt time="2015-05-19T21:35:20Z">
          <spd>9.4</spd>
          <str>90.0</str>
        </logpt>
        <logpt time="2015-05-19T21:35:24Z">
          <spd>9.4</spd>
          <str>90.0</str>
        </logpt>
        <logpt time="2015-05-19T21:35:28Z">
          <spd>9.4</spd>
          <str>90.0</str>
        </logpt>
        <logpt time="2015-05-19T21:35:32Z">
          <spd>9.4</spd>
          <str>89.0</str>
        </logpt>
        <logpt time="2015-05-19T21:35:36Z">
          <spd>9.4</spd>
          <str>90.0</str>
        </logpt>
        <logpt time="2015-05-19T21:35:40Z">
          <spd>9.4</spd>
          <str>90.0</str>
        </logpt>
        <logpt time="2015-05-19T21:35:44Z">
          <spd>9.9</spd>
          <str>90.0</str>
        </logpt>
        <logpt time="2015-05-19T21:35:48Z">
          <spd>9.4</spd>
          <str>90.0</str>
        </logpt>
        <logpt time="2015-05-19T21:35:52Z">
          <spd>9.4</spd>
          <str>89.0</str>
        </logpt>
        <logpt time="2015-05-19T21:35:56Z">
          <spd>9.4</spd>
          <str>89.0</str>
        </logpt>
        <logpt time="2015-05-19T21:36:00Z">
          <spd>9.0</spd>
          <str>89.0</str>
        </logpt>
        <logpt time="2015-05-19T21:36:04Z">
          <spd>9.0</spd>
          <str>89.0</str>
        </logpt>
        <logpt time="2015-05-19T21:36:08Z">
          <spd>9.0</spd>
          <str>89.0</str>
        </logpt>
        <logpt time="2015-05-19T21:36:12Z">
          <spd>9.0</spd>
          <str>89.0</str>
        </logpt>
        <logpt time="2015-05-19T21:36:16Z">
          <spd>9.0</spd>
          <str>89.0</str>
        </logpt>
        <logpt time="2015-05-19T21:36:20Z">
          <spd>9.0</spd>
          <str>89.0</str>
        </logpt>
        <logpt time="2015-05-19T21:36:24Z">
          <spd>9.0</spd>
          <str>89.0</str>
        </logpt>
        <logpt time="2015-05-19T21:36:28Z">
          <spd>9.4</spd>
          <str>89.0</str>
        </logpt>
        <logpt time="2015-05-19T21:36:32Z">
          <spd>9.4</spd>
          <str>89.0</str>
        </logpt>
        <logpt time="2015-05-19T21:36:36Z">
          <spd>9.4</spd>
          <str>89.0</str>
        </logpt>
        <logpt time="2015-05-19T21:36:40Z">
          <spd>9.9</spd>
          <str>89.0</str>
        </logpt>
        <logpt time="2015-05-19T21:36:44Z">
          <spd>9.9</spd>
          <str>89.0</str>
        </logpt>
        <logpt time="2015-05-19T21:36:48Z">
          <spd>10.3</spd>
          <str>89.0</str>
        </logpt>
        <logpt time="2015-05-19T21:36:52Z">
          <spd>10.3</spd>
          <str>89.0</str>
        </logpt>
        <logpt time="2015-05-19T21:36:56Z">
          <spd>9.9</spd>
          <str>89.0</str>
        </logpt>
        <logpt time="2015-05-19T21:37:00Z">
          <spd>9.9</spd>
          <str>89.0</str>
        </logpt>
        <logpt time="2015-05-19T21:37:04Z">
          <spd>9.9</spd>
          <str>89.0</str>
        </logpt>
        <logpt time="2015-05-19T21:37:08Z">
          <spd>9.9</spd>
          <str>90.0</str>
        </logpt>
        <logpt time="2015-05-19T21:37:12Z">
          <spd>9.9</spd>
          <str>89.0</str>
        </logpt>
        <logpt time="2015-05-19T21:37:16Z">
          <spd>9.9</spd>
          <str>89.0</str>
        </logpt>
        <logpt time="2015-05-19T21:37:20Z">
          <spd>9.9</spd>
          <str>89.0</str>
        </logpt>
        <logpt time="2015-05-19T21:37:24Z">
          <spd>9.9</spd>
          <str>90.0</str>
        </logpt>
        <logpt time="2015-05-19T21:37:28Z">
          <spd>9.9</spd>
          <str>89.0</str>
        </logpt>
        <logpt time="2015-05-19T21:37:32Z">
          <spd>9.4</spd>
          <str>89.0</str>
        </logpt>
        <logpt time="2015-05-19T21:37:36Z">
          <spd>9.4</spd>
          <str>89.0</str>
        </logpt>
        <logpt time="2015-05-19T21:37:40Z">
          <spd>9.4</spd>
          <str>89.0</str>
        </logpt>
        <logpt time="2015-05-19T21:37:44Z">
          <spd>9.4</spd>
          <str>89.0</str>
        </logpt>
        <logpt time="2015-05-19T21:37:48Z">
          <spd>9.0</spd>
          <str>89.0</str>
        </logpt>
        <logpt time="2015-05-19T21:37:52Z">
          <spd>9.0</spd>
          <str>89.0</str>
        </logpt>
        <logpt time="2015-05-19T21:37:56Z">
          <spd>9.4</spd>
          <str>89.0</str>
        </logpt>
        <logpt time="2015-05-19T21:38:00Z">
          <spd>9.4</spd>
          <str>89.0</str>
        </logpt>
        <logpt time="2015-05-19T21:38:04Z">
          <spd>9.4</spd>
          <str>89.0</str>
        </logpt>
        <logpt time="2015-05-19T21:38:08Z">
          <spd>9.9</spd>
          <str>89.0</str>
        </logpt>
        <logpt time="2015-05-19T21:38:12Z">
          <spd>9.9</spd>
          <str>89.0</str>
        </logpt>
        <logpt time="2015-05-19T21:38:16Z">
          <spd>9.4</spd>
          <str>89.0</str>
        </logpt>
        <logpt time="2015-05-19T21:38:20Z">
          <spd>9.4</spd>
          <str>89.0</str>
        </logpt>
        <logpt time="2015-05-19T21:38:24Z">
          <spd>9.4</spd>
          <str>89.0</str>
        </logpt>
        <logpt time="2015-05-19T21:38:28Z">
          <spd>9.4</spd>
          <str>89.0</str>
        </logpt>
        <logpt time="2015-05-19T21:38:32Z">
          <spd>9.4</spd>
          <str>89.0</str>
        </logpt>
        <logpt time="2015-05-19T21:38:36Z">
          <spd>9.4</spd>
          <str>89.0</str>
        </logpt>
        <logpt time="2015-05-19T21:38:40Z">
          <spd>9.4</spd>
          <str>89.0</str>
        </logpt>
        <logpt time="2015-05-19T21:38:44Z">
          <spd>9.9</spd>
          <str>89.0</str>
        </logpt>
        <logpt time="2015-05-19T21:38:48Z">
          <spd>9.9</spd>
          <str>89.0</str>
        </logpt>
        <logpt time="2015-05-19T21:38:52Z">
          <spd>9.4</spd>
          <str>89.0</str>
        </logpt>
        <logpt time="2015-05-19T21:38:56Z">
          <spd>9.4</spd>
          <str>89.0</str>
        </logpt>
        <logpt time="2015-05-19T21:39:00Z">
          <spd>9.4</spd>
          <str>89.0</str>
        </logpt>
        <logpt time="2015-05-19T21:39:04Z">
          <spd>9.4</spd>
          <str>89.0</str>
        </logpt>
        <logpt time="2015-05-19T21:39:08Z">
          <spd>9.0</spd>
          <str>89.0</str>
        </logpt>
        <logpt time="2015-05-19T21:39:12Z">
          <spd>9.0</spd>
          <str>89.0</str>
        </logpt>
        <logpt time="2015-05-19T21:39:16Z">
          <spd>9.0</spd>
          <str>89.0</str>
        </logpt>
        <logpt time="2015-05-19T21:39:20Z">
          <spd>9.0</spd>
          <str>90.0</str>
        </logpt>
        <logpt time="2015-05-19T21:39:24Z">
          <spd>9.0</spd>
          <str>90.0</str>
        </logpt>
        <logpt time="2015-05-19T21:39:28Z">
          <spd>9.0</spd>
          <str>90.0</str>
        </logpt>
        <logpt time="2015-05-19T21:39:32Z">
          <spd>9.0</spd>
          <str>90.0</str>
        </logpt>
        <logpt time="2015-05-19T21:39:36Z">
          <spd>9.0</spd>
          <str>90.0</str>
        </logpt>
        <logpt time="2015-05-19T21:39:40Z">
          <spd>9.4</spd>
          <str>90.0</str>
        </logpt>
        <logpt time="2015-05-19T21:39:44Z">
          <spd>9.4</spd>
          <str>90.0</str>
        </logpt>
        <logpt time="2015-05-19T21:39:48Z">
          <spd>9.9</spd>
          <str>90.0</str>
        </logpt>
        <logpt time="2015-05-19T21:39:52Z">
          <spd>9.9</spd>
          <str>90.0</str>
        </logpt>
        <logpt time="2015-05-19T21:39:56Z">
          <spd>9.9</spd>
          <str>90.0</str>
        </logpt>
        <logpt time="2015-05-19T21:40:00Z">
          <spd>9.9</spd>
          <str>90.0</str>
        </logpt>
        <logpt time="2015-05-19T21:40:04Z">
          <spd>9.9</spd>
          <str>90.0</str>
        </logpt>
        <logpt time="2015-05-19T21:40:08Z">
          <spd>9.9</spd>
          <str>90.0</str>
        </logpt>
        <logpt time="2015-05-19T21:40:12Z">
          <spd>10.3</spd>
          <str>90.0</str>
        </logpt>
        <logpt time="2015-05-19T21:40:16Z">
          <spd>10.3</spd>
          <str>90.0</str>
        </logpt>
        <logpt time="2015-05-19T21:40:20Z">
          <spd>10.3</spd>
          <str>90.0</str>
        </logpt>
        <logpt time="2015-05-19T21:40:24Z">
          <spd>10.3</spd>
          <str>90.0</str>
        </logpt>
        <logpt time="2015-05-19T21:40:28Z">
          <spd>10.3</spd>
          <str>90.0</str>
        </logpt>
        <logpt time="2015-05-19T21:40:32Z">
          <spd>10.3</spd>
          <str>89.0</str>
        </logpt>
        <logpt time="2015-05-19T21:40:36Z">
          <spd>10.3</spd>
          <str>89.0</str>
        </logpt>
        <logpt time="2015-05-19T21:40:40Z">
          <spd>10.3</spd>
          <str>89.0</str>
        </logpt>
        <logpt time="2015-05-19T21:40:44Z">
          <spd>10.3</spd>
          <str>89.0</str>
        </logpt>
        <logpt time="2015-05-19T21:40:48Z">
          <spd>9.9</spd>
          <str>89.0</str>
        </logpt>
        <logpt time="2015-05-19T21:40:52Z">
          <spd>9.9</spd>
          <str>89.0</str>
        </logpt>
        <logpt time="2015-05-19T21:40:56Z">
          <spd>9.9</spd>
          <str>89.0</str>
        </logpt>
        <logpt time="2015-05-19T21:41:00Z">
          <spd>9.9</spd>
          <str>89.0</str>
        </logpt>
        <logpt time="2015-05-19T21:41:04Z">
          <spd>9.4</spd>
          <str>89.0</str>
        </logpt>
        <logpt time="2015-05-19T21:41:08Z">
          <spd>9.9</spd>
          <str>89.0</str>
        </logpt>
        <logpt time="2015-05-19T21:41:12Z">
          <spd>9.9</spd>
          <str>89.0</str>
        </logpt>
        <logpt time="2015-05-19T21:41:16Z">
          <spd>9.9</spd>
          <str>89.0</str>
        </logpt>
        <logpt time="2015-05-19T21:41:20Z">
          <spd>9.9</spd>
          <str>89.0</str>
        </logpt>
        <logpt time="2015-05-19T21:41:24Z">
          <spd>10.3</spd>
          <str>89.0</str>
        </logpt>
        <logpt time="2015-05-19T21:41:28Z">
          <spd>10.3</spd>
          <str>89.0</str>
        </logpt>
        <logpt time="2015-05-19T21:41:32Z">
          <spd>10.3</spd>
          <str>90.0</str>
        </logpt>
        <logpt time="2015-05-19T21:41:36Z">
          <spd>10.8</spd>
          <str>90.0</str>
        </logpt>
        <logpt time="2015-05-19T21:41:40Z">
          <spd>10.8</spd>
          <str>90.0</str>
        </logpt>
        <logpt time="2015-05-19T21:41:44Z">
          <spd>10.8</spd>
          <str>89.0</str>
        </logpt>
        <logpt time="2015-05-19T21:41:48Z">
          <spd>10.8</spd>
          <str>89.0</str>
        </logpt>
        <logpt time="2015-05-19T21:41:52Z">
          <spd>10.8</spd>
          <str>89.0</str>
        </logpt>
        <logpt time="2015-05-19T21:41:56Z">
          <spd>11.3</spd>
          <str>90.0</str>
        </logpt>
        <logpt time="2015-05-19T21:42:00Z">
          <spd>11.3</spd>
          <str>90.0</str>
        </logpt>
        <logpt time="2015-05-19T21:42:04Z">
          <spd>11.3</spd>
          <str>90.0</str>
        </logpt>
        <logpt time="2015-05-19T21:42:08Z">
          <spd>11.3</spd>
          <str>90.0</str>
        </logpt>
        <logpt time="2015-05-19T21:42:12Z">
          <spd>11.3</spd>
          <str>90.0</str>
        </logpt>
        <logpt time="2015-05-19T21:42:16Z">
          <spd>11.7</spd>
          <str>90.0</str>
        </logpt>
        <logpt time="2015-05-19T21:42:20Z">
          <spd>11.7</spd>
          <str>90.0</str>
        </logpt>
        <logpt time="2015-05-19T21:42:24Z">
          <spd>12.2</spd>
          <str>90.0</str>
        </logpt>
        <logpt time="2015-05-19T21:42:28Z">
          <spd>11.7</spd>
          <str>90.0</str>
        </logpt>
        <logpt time="2015-05-19T21:42:32Z">
          <spd>11.7</spd>
          <str>89.0</str>
        </logpt>
        <logpt time="2015-05-19T21:42:36Z">
          <spd>11.7</spd>
          <str>89.0</str>
        </logpt>
        <logpt time="2015-05-19T21:42:40Z">
          <spd>11.7</spd>
          <str>89.0</str>
        </logpt>
        <logpt time="2015-05-19T21:42:44Z">
          <spd>11.7</spd>
          <str>89.0</str>
        </logpt>
        <logpt time="2015-05-19T21:42:48Z">
          <spd>11.7</spd>
          <str>89.0</str>
        </logpt>
        <logpt time="2015-05-19T21:42:52Z">
          <spd>11.3</spd>
          <str>89.0</str>
        </logpt>
        <logpt time="2015-05-19T21:42:56Z">
          <spd>11.3</spd>
          <str>89.0</str>
        </logpt>
        <logpt time="2015-05-19T21:43:00Z">
          <spd>10.8</spd>
          <str>89.0</str>
        </logpt>
        <logpt time="2015-05-19T21:43:04Z">
          <spd>10.3</spd>
          <str>89.0</str>
        </logpt>
        <logpt time="2015-05-19T21:43:08Z">
          <spd>9.9</spd>
          <str>89.0</str>
        </logpt>
        <logpt time="2015-05-19T21:43:12Z">
          <spd>9.9</spd>
          <str>89.0</str>
        </logpt>
        <logpt time="2015-05-19T21:43:16Z">
          <spd>10.3</spd>
          <str>89.0</str>
        </logpt>
        <logpt time="2015-05-19T21:43:20Z">
          <spd>10.8</spd>
          <str>89.0</str>
        </logpt>
        <logpt time="2015-05-19T21:43:24Z">
          <spd>11.3</spd>
          <str>89.0</str>
        </logpt>
        <logpt time="2015-05-19T21:43:28Z">
          <spd>11.3</spd>
          <str>89.0</str>
        </logpt>
        <logpt time="2015-05-19T21:43:32Z">
          <spd>11.3</spd>
          <str>89.0</str>
        </logpt>
        <logpt time="2015-05-19T21:43:36Z">
          <spd>11.3</spd>
          <str>89.0</str>
        </logpt>
        <logpt time="2015-05-19T21:43:40Z">
          <spd>11.3</spd>
          <str>89.0</str>
        </logpt>
        <logpt time="2015-05-19T21:43:44Z">
          <spd>10.8</spd>
          <str>89.0</str>
        </logpt>
        <logpt time="2015-05-19T21:43:48Z">
          <spd>9.9</spd>
          <str>89.0</str>
        </logpt>
        <logpt time="2015-05-19T21:43:52Z">
          <spd>9.9</spd>
          <str>89.0</str>
        </logpt>
        <logpt time="2015-05-19T21:43:56Z">
          <spd>9.4</spd>
          <str>89.0</str>
        </logpt>
        <logpt time="2015-05-19T21:44:00Z">
          <spd>9.4</spd>
          <str>89.0</str>
        </logpt>
        <logpt time="2015-05-19T21:44:04Z">
          <spd>9.4</spd>
          <str>89.0</str>
        </logpt>
        <logpt time="2015-05-19T21:44:08Z">
          <spd>9.4</spd>
          <str>89.0</str>
        </logpt>
        <logpt time="2015-05-19T21:44:12Z">
          <spd>9.0</spd>
          <str>89.0</str>
        </logpt>
        <logpt time="2015-05-19T21:44:16Z">
          <spd>9.0</spd>
          <str>89.0</str>
        </logpt>
        <logpt time="2015-05-19T21:44:20Z">
          <spd>9.0</spd>
          <str>88.0</str>
        </logpt>
        <logpt time="2015-05-19T21:44:24Z">
          <spd>9.0</spd>
          <str>89.0</str>
        </logpt>
        <logpt time="2015-05-19T21:44:28Z">
          <spd>9.4</spd>
          <str>89.0</str>
        </logpt>
        <logpt time="2015-05-19T21:44:32Z">
          <spd>9.4</spd>
          <str>88.0</str>
        </logpt>
        <logpt time="2015-05-19T21:44:36Z">
          <spd>9.0</spd>
          <str>88.0</str>
        </logpt>
        <logpt time="2015-05-19T21:44:40Z">
          <spd>9.0</spd>
          <str>89.0</str>
        </logpt>
        <logpt time="2015-05-19T21:44:44Z">
          <spd>8.6</spd>
          <str>88.0</str>
        </logpt>
        <logpt time="2015-05-19T21:44:48Z">
          <spd>8.6</spd>
          <str>88.0</str>
        </logpt>
        <logpt time="2015-05-19T21:44:52Z">
          <spd>9.0</spd>
          <str>89.0</str>
        </logpt>
        <logpt time="2015-05-19T21:44:56Z">
          <spd>9.0</spd>
          <str>89.0</str>
        </logpt>
        <logpt time="2015-05-19T21:45:00Z">
          <spd>9.0</spd>
          <str>88.0</str>
        </logpt>
        <logpt time="2015-05-19T21:45:04Z">
          <spd>8.6</spd>
          <str>89.0</str>
        </logpt>
        <logpt time="2015-05-19T21:45:08Z">
          <spd>8.1</spd>
          <str>89.0</str>
        </logpt>
        <logpt time="2015-05-19T21:45:12Z">
          <spd>8.6</spd>
          <str>88.0</str>
        </logpt>
        <logpt time="2015-05-19T21:45:16Z">
          <spd>9.0</spd>
          <str>88.0</str>
        </logpt>
        <logpt time="2015-05-19T21:45:20Z">
          <spd>9.4</spd>
          <str>89.0</str>
        </logpt>
        <logpt time="2015-05-19T21:45:24Z">
          <spd>9.4</spd>
          <str>88.0</str>
        </logpt>
        <logpt time="2015-05-19T21:45:28Z">
          <spd>9.4</spd>
          <str>88.0</str>
        </logpt>
        <logpt time="2015-05-19T21:45:32Z">
          <spd>9.4</spd>
          <str>89.0</str>
        </logpt>
        <logpt time="2015-05-19T21:45:36Z">
          <spd>9.9</spd>
          <str>89.0</str>
        </logpt>
        <logpt time="2015-05-19T21:45:40Z">
          <spd>9.9</spd>
          <str>88.0</str>
        </logpt>
        <logpt time="2015-05-19T21:45:44Z">
          <spd>9.9</spd>
          <str>89.0</str>
        </logpt>
        <logpt time="2015-05-19T21:45:48Z">
          <spd>9.9</spd>
          <str>89.0</str>
        </logpt>
        <logpt time="2015-05-19T21:45:52Z">
          <spd>9.4</spd>
          <str>89.0</str>
        </logpt>
        <logpt time="2015-05-19T21:45:56Z">
          <spd>9.4</spd>
          <str>89.0</str>
        </logpt>
        <logpt time="2015-05-19T21:46:00Z">
          <spd>9.0</spd>
          <str>89.0</str>
        </logpt>
        <logpt time="2015-05-19T21:46:04Z">
          <spd>9.0</spd>
          <str>89.0</str>
        </logpt>
        <logpt time="2015-05-19T21:46:08Z">
          <spd>9.0</spd>
          <str>89.0</str>
        </logpt>
        <logpt time="2015-05-19T21:46:12Z">
          <spd>9.4</spd>
          <str>89.0</str>
        </logpt>
        <logpt time="2015-05-19T21:46:16Z">
          <spd>9.4</spd>
          <str>89.0</str>
        </logpt>
        <logpt time="2015-05-19T21:46:20Z">
          <spd>9.4</spd>
          <str>89.0</str>
        </logpt>
        <logpt time="2015-05-19T21:46:24Z">
          <spd>9.4</spd>
          <str>89.0</str>
        </logpt>
        <logpt time="2015-05-19T21:46:28Z">
          <spd>9.4</spd>
          <str>89.0</str>
        </logpt>
        <logpt time="2015-05-19T21:46:32Z">
          <spd>9.4</spd>
          <str>89.0</str>
        </logpt>
        <logpt time="2015-05-19T21:46:36Z">
          <spd>9.0</spd>
          <str>89.0</str>
        </logpt>
        <logpt time="2015-05-19T21:46:40Z">
          <spd>9.0</spd>
          <str>89.0</str>
        </logpt>
        <logpt time="2015-05-19T21:46:44Z">
          <spd>9.4</spd>
          <str>89.0</str>
        </logpt>
        <logpt time="2015-05-19T21:46:48Z">
          <spd>9.9</spd>
          <str>89.0</str>
        </logpt>
        <logpt time="2015-05-19T21:46:52Z">
          <spd>9.9</spd>
          <str>89.0</str>
        </logpt>
        <logpt time="2015-05-19T21:46:56Z">
          <spd>9.4</spd>
          <str>89.0</str>
        </logpt>
        <logpt time="2015-05-19T21:47:00Z">
          <spd>9.4</spd>
          <str>89.0</str>
        </logpt>
        <logpt time="2015-05-19T21:47:04Z">
          <spd>9.4</spd>
          <str>89.0</str>
        </logpt>
        <logpt time="2015-05-19T21:47:08Z">
          <spd>9.4</spd>
          <str>89.0</str>
        </logpt>
        <logpt time="2015-05-19T21:47:12Z">
          <spd>9.4</spd>
          <str>90.0</str>
        </logpt>
        <logpt time="2015-05-19T21:47:16Z">
          <spd>9.4</spd>
          <str>90.0</str>
        </logpt>
        <logpt time="2015-05-19T21:47:20Z">
          <spd>9.4</spd>
          <str>90.0</str>
        </logpt>
        <logpt time="2015-05-19T21:47:24Z">
          <spd>9.4</spd>
          <str>90.0</str>
        </logpt>
        <logpt time="2015-05-19T21:47:28Z">
          <spd>9.9</spd>
          <str>90.0</str>
        </logpt>
        <logpt time="2015-05-19T21:47:32Z">
          <spd>9.9</spd>
          <str>90.0</str>
        </logpt>
        <logpt time="2015-05-19T21:47:36Z">
          <spd>10.3</spd>
          <str>90.0</str>
        </logpt>
        <logpt time="2015-05-19T21:47:40Z">
          <spd>10.3</spd>
          <str>90.0</str>
        </logpt>
        <logpt time="2015-05-19T21:47:44Z">
          <spd>10.3</spd>
          <str>90.0</str>
        </logpt>
        <logpt time="2015-05-19T21:47:48Z">
          <spd>10.3</spd>
          <str>90.0</str>
        </logpt>
        <logpt time="2015-05-19T21:47:52Z">
          <spd>10.3</spd>
          <str>90.0</str>
        </logpt>
        <logpt time="2015-05-19T21:47:56Z">
          <spd>9.9</spd>
          <str>90.0</str>
        </logpt>
        <logpt time="2015-05-19T21:48:00Z">
          <spd>9.9</spd>
          <str>90.0</str>
        </logpt>
        <logpt time="2015-05-19T21:48:04Z">
          <spd>9.9</spd>
          <str>90.0</str>
        </logpt>
        <logpt time="2015-05-19T21:48:08Z">
          <spd>9.9</spd>
          <str>90.0</str>
        </logpt>
        <logpt time="2015-05-19T21:48:12Z">
          <spd>9.9</spd>
          <str>90.0</str>
        </logpt>
        <logpt time="2015-05-19T21:48:16Z">
          <spd>10.3</spd>
          <str>90.0</str>
        </logpt>
        <logpt time="2015-05-19T21:48:20Z">
          <spd>10.3</spd>
          <str>90.0</str>
        </logpt>
        <logpt time="2015-05-19T21:48:24Z">
          <spd>10.3</spd>
          <str>90.0</str>
        </logpt>
        <logpt time="2015-05-19T21:48:28Z">
          <spd>10.3</spd>
          <str>90.0</str>
        </logpt>
        <logpt time="2015-05-19T21:48:32Z">
          <spd>10.3</spd>
          <str>90.0</str>
        </logpt>
        <logpt time="2015-05-19T21:48:36Z">
          <spd>10.3</spd>
          <str>90.0</str>
        </logpt>
        <logpt time="2015-05-19T21:48:40Z">
          <spd>10.3</spd>
          <str>90.0</str>
        </logpt>
        <logpt time="2015-05-19T21:48:44Z">
          <spd>10.8</spd>
          <str>90.0</str>
        </logpt>
        <logpt time="2015-05-19T21:48:48Z">
          <spd>10.8</spd>
          <str>90.0</str>
        </logpt>
        <logpt time="2015-05-19T21:48:52Z">
          <spd>10.8</spd>
          <str>89.0</str>
        </logpt>
        <logpt time="2015-05-19T21:48:56Z">
          <spd>10.8</spd>
          <str>89.0</str>
        </logpt>
        <logpt time="2015-05-19T21:49:00Z">
          <spd>10.3</spd>
          <str>89.0</str>
        </logpt>
        <logpt time="2015-05-19T21:49:04Z">
          <spd>9.9</spd>
          <str>89.0</str>
        </logpt>
        <logpt time="2015-05-19T21:49:08Z">
          <spd>9.9</spd>
          <str>89.0</str>
        </logpt>
        <logpt time="2015-05-19T21:49:12Z">
          <spd>9.9</spd>
          <str>89.0</str>
        </logpt>
        <logpt time="2015-05-19T21:49:16Z">
          <spd>9.9</spd>
          <str>89.0</str>
        </logpt>
        <logpt time="2015-05-19T21:49:20Z">
          <spd>9.9</spd>
          <str>89.0</str>
        </logpt>
        <logpt time="2015-05-19T21:49:24Z">
          <spd>9.9</spd>
          <str>89.0</str>
        </logpt>
        <logpt time="2015-05-19T21:49:28Z">
          <spd>10.3</spd>
          <str>89.0</str>
        </logpt>
        <logpt time="2015-05-19T21:49:32Z">
          <spd>10.3</spd>
          <str>89.0</str>
        </logpt>
        <logpt time="2015-05-19T21:49:36Z">
          <spd>9.9</spd>
          <str>89.0</str>
        </logpt>
        <logpt time="2015-05-19T21:49:40Z">
          <spd>9.9</spd>
          <str>89.0</str>
        </logpt>
        <logpt time="2015-05-19T21:49:44Z">
          <spd>9.9</spd>
          <str>89.0</str>
        </logpt>
        <logpt time="2015-05-19T21:49:48Z">
          <spd>10.3</spd>
          <str>89.0</str>
        </logpt>
        <logpt time="2015-05-19T21:49:52Z">
          <spd>9.9</spd>
          <str>89.0</str>
        </logpt>
        <logpt time="2015-05-19T21:49:56Z">
          <spd>10.3</spd>
          <str>89.0</str>
        </logpt>
        <logpt time="2015-05-19T21:50:00Z">
          <spd>10.3</spd>
          <str>89.0</str>
        </logpt>
        <logpt time="2015-05-19T21:50:04Z">
          <spd>10.3</spd>
          <str>89.0</str>
        </logpt>
        <logpt time="2015-05-19T21:50:08Z">
          <spd>10.3</spd>
          <str>89.0</str>
        </logpt>
        <logpt time="2015-05-19T21:50:12Z">
          <spd>10.3</spd>
          <str>89.0</str>
        </logpt>
        <logpt time="2015-05-19T21:50:16Z">
          <spd>10.3</spd>
          <str>89.0</str>
        </logpt>
        <logpt time="2015-05-19T21:50:20Z">
          <spd>10.3</spd>
          <str>89.0</str>
        </logpt>
        <logpt time="2015-05-19T21:50:24Z">
          <spd>10.3</spd>
          <str>89.0</str>
        </logpt>
        <logpt time="2015-05-19T21:50:28Z">
          <spd>10.3</spd>
          <str>89.0</str>
        </logpt>
        <logpt time="2015-05-19T21:50:32Z">
          <spd>9.9</spd>
          <str>89.0</str>
        </logpt>
        <logpt time="2015-05-19T21:50:36Z">
          <spd>9.9</spd>
          <str>89.0</str>
        </logpt>
        <logpt time="2015-05-19T21:50:40Z">
          <spd>9.9</spd>
          <str>89.0</str>
        </logpt>
        <logpt time="2015-05-19T21:50:44Z">
          <spd>9.9</spd>
          <str>89.0</str>
        </logpt>
        <logpt time="2015-05-19T21:50:48Z">
          <spd>9.9</spd>
          <str>89.0</str>
        </logpt>
        <logpt time="2015-05-19T21:50:52Z">
          <spd>9.9</spd>
          <str>89.0</str>
        </logpt>
        <logpt time="2015-05-19T21:50:56Z">
          <spd>9.9</spd>
          <str>90.0</str>
        </logpt>
        <logpt time="2015-05-19T21:51:00Z">
          <spd>9.9</spd>
          <str>90.0</str>
        </logpt>
        <logpt time="2015-05-19T21:51:04Z">
          <spd>9.9</spd>
          <str>90.0</str>
        </logpt>
        <logpt time="2015-05-19T21:51:08Z">
          <spd>10.3</spd>
          <str>89.0</str>
        </logpt>
        <logpt time="2015-05-19T21:51:12Z">
          <spd>10.3</spd>
          <str>90.0</str>
        </logpt>
        <logpt time="2015-05-19T21:51:16Z">
          <spd>10.3</spd>
          <str>90.0</str>
        </logpt>
        <logpt time="2015-05-19T21:51:20Z">
          <spd>10.8</spd>
          <str>90.0</str>
        </logpt>
        <logpt time="2015-05-19T21:51:24Z">
          <spd>10.3</spd>
          <str>90.0</str>
        </logpt>
        <logpt time="2015-05-19T21:51:28Z">
          <spd>10.3</spd>
          <str>90.0</str>
        </logpt>
        <logpt time="2015-05-19T21:51:32Z">
          <spd>10.3</spd>
          <str>90.0</str>
        </logpt>
        <logpt time="2015-05-19T21:51:36Z">
          <spd>10.3</spd>
          <str>90.0</str>
        </logpt>
        <logpt time="2015-05-19T21:51:40Z">
          <spd>10.3</spd>
          <str>90.0</str>
        </logpt>
        <logpt time="2015-05-19T21:51:44Z">
          <spd>10.8</spd>
          <str>90.0</str>
        </logpt>
        <logpt time="2015-05-19T21:51:48Z">
          <spd>10.8</spd>
          <str>90.0</str>
        </logpt>
        <logpt time="2015-05-19T21:51:52Z">
          <spd>10.3</spd>
          <str>90.0</str>
        </logpt>
        <logpt time="2015-05-19T21:51:56Z">
          <spd>10.3</spd>
          <str>90.0</str>
        </logpt>
        <logpt time="2015-05-19T21:52:00Z">
          <spd>10.8</spd>
          <str>90.0</str>
        </logpt>
        <logpt time="2015-05-19T21:52:04Z">
          <spd>10.8</spd>
          <str>90.0</str>
        </logpt>
        <logpt time="2015-05-19T21:52:08Z">
          <spd>10.8</spd>
          <str>90.0</str>
        </logpt>
        <logpt time="2015-05-19T21:52:12Z">
          <spd>10.8</spd>
          <str>90.0</str>
        </logpt>
        <logpt time="2015-05-19T21:52:16Z">
          <spd>10.8</spd>
          <str>90.0</str>
        </logpt>
        <logpt time="2015-05-19T21:52:20Z">
          <spd>10.8</spd>
          <str>90.0</str>
        </logpt>
        <logpt time="2015-05-19T21:52:24Z">
          <spd>11.3</spd>
          <str>90.0</str>
        </logpt>
        <logpt time="2015-05-19T21:52:28Z">
          <spd>11.3</spd>
          <str>90.0</str>
        </logpt>
        <logpt time="2015-05-19T21:52:32Z">
          <spd>12.2</spd>
          <str>90.0</str>
        </logpt>
        <logpt time="2015-05-19T21:52:36Z">
          <spd>12.6</spd>
          <str>91.0</str>
        </logpt>
        <logpt time="2015-05-19T21:52:40Z">
          <spd>12.6</spd>
          <str>91.0</str>
        </logpt>
        <logpt time="2015-05-19T21:52:44Z">
          <spd>12.2</spd>
          <str>91.0</str>
        </logpt>
        <logpt time="2015-05-19T21:52:48Z">
          <spd>12.2</spd>
          <str>91.0</str>
        </logpt>
        <logpt time="2015-05-19T21:52:52Z">
          <spd>12.2</spd>
          <str>92.0</str>
        </logpt>
        <logpt time="2015-05-19T21:52:56Z">
          <spd>12.2</spd>
          <str>92.0</str>
        </logpt>
        <logpt time="2015-05-19T21:53:00Z">
          <spd>12.2</spd>
          <str>92.0</str>
        </logpt>
        <logpt time="2015-05-19T21:53:04Z">
          <spd>12.2</spd>
          <str>92.0</str>
        </logpt>
        <logpt time="2015-05-19T21:53:08Z">
          <spd>12.2</spd>
          <str>92.0</str>
        </logpt>
        <logpt time="2015-05-19T21:53:12Z">
          <spd>12.2</spd>
          <str>92.0</str>
        </logpt>
        <logpt time="2015-05-19T21:53:16Z">
          <spd>12.6</spd>
          <str>93.0</str>
        </logpt>
        <logpt time="2015-05-19T21:53:20Z">
          <spd>12.6</spd>
          <str>93.0</str>
        </logpt>
        <logpt time="2015-05-19T21:53:24Z">
          <spd>12.6</spd>
          <str>93.0</str>
        </logpt>
        <logpt time="2015-05-19T21:53:28Z">
          <spd>12.2</spd>
          <str>93.0</str>
        </logpt>
        <logpt time="2015-05-19T21:53:32Z">
          <spd>12.2</spd>
          <str>93.0</str>
        </logpt>
        <logpt time="2015-05-19T21:53:36Z">
          <spd>12.2</spd>
          <str>93.0</str>
        </logpt>
        <logpt time="2015-05-19T21:53:40Z">
          <spd>12.2</spd>
          <str>92.0</str>
        </logpt>
        <logpt time="2015-05-19T21:53:44Z">
          <spd>11.7</spd>
          <str>92.0</str>
        </logpt>
        <logpt time="2015-05-19T21:53:48Z">
          <spd>11.7</spd>
          <str>92.0</str>
        </logpt>
        <logpt time="2015-05-19T21:53:52Z">
          <spd>11.7</spd>
          <str>92.0</str>
        </logpt>
        <logpt time="2015-05-19T21:53:56Z">
          <spd>11.3</spd>
          <str>92.0</str>
        </logpt>
        <logpt time="2015-05-19T21:54:00Z">
          <spd>10.8</spd>
          <str>91.0</str>
        </logpt>
        <logpt time="2015-05-19T21:54:04Z">
          <spd>10.3</spd>
          <str>91.0</str>
        </logpt>
        <logpt time="2015-05-19T21:54:08Z">
          <spd>10.3</spd>
          <str>91.0</str>
        </logpt>
        <logpt time="2015-05-19T21:54:12Z">
          <spd>10.3</spd>
          <str>91.0</str>
        </logpt>
        <logpt time="2015-05-19T21:54:16Z">
          <spd>10.3</spd>
          <str>91.0</str>
        </logpt>
        <logpt time="2015-05-19T21:54:20Z">
          <spd>10.3</spd>
          <str>91.0</str>
        </logpt>
        <logpt time="2015-05-19T21:54:24Z">
          <spd>10.3</spd>
          <str>91.0</str>
        </logpt>
        <logpt time="2015-05-19T21:54:28Z">
          <spd>10.3</spd>
          <str>90.0</str>
        </logpt>
        <logpt time="2015-05-19T21:54:32Z">
          <spd>10.3</spd>
          <str>90.0</str>
        </logpt>
        <logpt time="2015-05-19T21:54:36Z">
          <spd>9.9</spd>
          <str>90.0</str>
        </logpt>
        <logpt time="2015-05-19T21:54:40Z">
          <spd>9.9</spd>
          <str>90.0</str>
        </logpt>
        <logpt time="2015-05-19T21:54:44Z">
          <spd>9.9</spd>
          <str>90.0</str>
        </logpt>
        <logpt time="2015-05-19T21:54:48Z">
          <spd>10.3</spd>
          <str>90.0</str>
        </logpt>
        <logpt time="2015-05-19T21:54:52Z">
          <spd>10.3</spd>
          <str>90.0</str>
        </logpt>
        <logpt time="2015-05-19T21:54:56Z">
          <spd>10.3</spd>
          <str>90.0</str>
        </logpt>
        <logpt time="2015-05-19T21:55:00Z">
          <spd>10.3</spd>
          <str>91.0</str>
        </logpt>
        <logpt time="2015-05-19T21:55:04Z">
          <spd>10.3</spd>
          <str>91.0</str>
        </logpt>
        <logpt time="2015-05-19T21:55:08Z">
          <spd>10.3</spd>
          <str>91.0</str>
        </logpt>
        <logpt time="2015-05-19T21:55:12Z">
          <spd>10.3</spd>
          <str>90.0</str>
        </logpt>
        <logpt time="2015-05-19T21:55:16Z">
          <spd>10.3</spd>
          <str>90.0</str>
        </logpt>
        <logpt time="2015-05-19T21:55:20Z">
          <spd>9.9</spd>
          <str>90.0</str>
        </logpt>
        <logpt time="2015-05-19T21:55:24Z">
          <spd>9.9</spd>
          <str>90.0</str>
        </logpt>
        <logpt time="2015-05-19T21:55:28Z">
          <spd>9.4</spd>
          <str>89.0</str>
        </logpt>
        <logpt time="2015-05-19T21:55:32Z">
          <spd>9.4</spd>
          <str>89.0</str>
        </logpt>
        <logpt time="2015-05-19T21:55:36Z">
          <spd>10.3</spd>
          <str>89.0</str>
        </logpt>
        <logpt time="2015-05-19T21:55:40Z">
          <spd>12.6</spd>
          <str>89.0</str>
        </logpt>
        <logpt time="2015-05-19T21:55:44Z">
          <spd>12.6</spd>
          <str>89.0</str>
        </logpt>
        <logpt time="2015-05-19T21:55:48Z">
          <spd>12.2</spd>
          <str>89.0</str>
        </logpt>
        <logpt time="2015-05-19T21:55:52Z">
          <spd>11.7</spd>
          <str>88.0</str>
        </logpt>
        <logpt time="2015-05-19T21:55:56Z">
          <spd>11.3</spd>
          <str>88.0</str>
        </logpt>
        <logpt time="2015-05-19T21:56:00Z">
          <spd>11.3</spd>
          <str>88.0</str>
        </logpt>
        <logpt time="2015-05-19T21:56:04Z">
          <spd>10.8</spd>
          <str>88.0</str>
        </logpt>
        <logpt time="2015-05-19T21:56:08Z">
          <spd>10.8</spd>
          <str>87.0</str>
        </logpt>
        <logpt time="2015-05-19T21:56:12Z">
          <spd>10.8</spd>
          <str>88.0</str>
        </logpt>
        <logpt time="2015-05-19T21:56:16Z">
          <spd>10.3</spd>
          <str>87.0</str>
        </logpt>
        <logpt time="2015-05-19T21:56:20Z">
          <spd>10.3</spd>
          <str>87.0</str>
        </logpt>
        <logpt time="2015-05-19T21:56:24Z">
          <spd>10.3</spd>
          <str>87.0</str>
        </logpt>
        <logpt time="2015-05-19T21:56:28Z">
          <spd>10.3</spd>
          <str>88.0</str>
        </logpt>
        <logpt time="2015-05-19T21:56:32Z">
          <spd>10.3</spd>
          <str>88.0</str>
        </logpt>
        <logpt time="2015-05-19T21:56:36Z">
          <spd>10.3</spd>
          <str>88.0</str>
        </logpt>
        <logpt time="2015-05-19T21:56:40Z">
          <spd>10.3</spd>
          <str>88.0</str>
        </logpt>
        <logpt time="2015-05-19T21:56:44Z">
          <spd>10.3</spd>
          <str>88.0</str>
        </logpt>
        <logpt time="2015-05-19T21:56:48Z">
          <spd>10.3</spd>
          <str>88.0</str>
        </logpt>
        <logpt time="2015-05-19T21:56:52Z">
          <spd>10.3</spd>
          <str>88.0</str>
        </logpt>
        <logpt time="2015-05-19T21:56:56Z">
          <spd>10.3</spd>
          <str>88.0</str>
        </logpt>
        <logpt time="2015-05-19T21:57:00Z">
          <spd>10.3</spd>
          <str>89.0</str>
        </logpt>
        <logpt time="2015-05-19T21:57:04Z">
          <spd>10.3</spd>
          <str>89.0</str>
        </logpt>
        <logpt time="2015-05-19T21:57:08Z">
          <spd>10.8</spd>
          <str>89.0</str>
        </logpt>
        <logpt time="2015-05-19T21:57:12Z">
          <spd>10.3</spd>
          <str>90.0</str>
        </logpt>
        <logpt time="2015-05-19T21:57:16Z">
          <spd>10.8</spd>
          <str>90.0</str>
        </logpt>
        <logpt time="2015-05-19T21:57:20Z">
          <spd>10.8</spd>
          <str>90.0</str>
        </logpt>
        <logpt time="2015-05-19T21:57:24Z">
          <spd>10.8</spd>
          <str>90.0</str>
        </logpt>
        <logpt time="2015-05-19T21:57:28Z">
          <spd>10.8</spd>
          <str>90.0</str>
        </logpt>
        <logpt time="2015-05-19T21:57:32Z">
          <spd>10.8</spd>
          <str>90.0</str>
        </logpt>
        <logpt time="2015-05-19T21:57:36Z">
          <spd>10.8</spd>
          <str>90.0</str>
        </logpt>
        <logpt time="2015-05-19T21:57:40Z">
          <spd>10.3</spd>
          <str>90.0</str>
        </logpt>
        <logpt time="2015-05-19T21:57:44Z">
          <spd>10.3</spd>
          <str>90.0</str>
        </logpt>
        <logpt time="2015-05-19T21:57:48Z">
          <spd>10.3</spd>
          <str>90.0</str>
        </logpt>
        <logpt time="2015-05-19T21:57:52Z">
          <spd>10.3</spd>
          <str>90.0</str>
        </logpt>
        <logpt time="2015-05-19T21:57:56Z">
          <spd>9.9</spd>
          <str>90.0</str>
        </logpt>
        <logpt time="2015-05-19T21:58:00Z">
          <spd>9.9</spd>
          <str>90.0</str>
        </logpt>
        <logpt time="2015-05-19T21:58:04Z">
          <spd>9.4</spd>
          <str>89.0</str>
        </logpt>
        <logpt time="2015-05-19T21:58:08Z">
          <spd>9.9</spd>
          <str>89.0</str>
        </logpt>
        <logpt time="2015-05-19T21:58:12Z">
          <spd>9.9</spd>
          <str>89.0</str>
        </logpt>
        <logpt time="2015-05-19T21:58:16Z">
          <spd>10.3</spd>
          <str>89.0</str>
        </logpt>
        <logpt time="2015-05-19T21:58:20Z">
          <spd>9.9</spd>
          <str>89.0</str>
        </logpt>
        <logpt time="2015-05-19T21:58:24Z">
          <spd>9.9</spd>
          <str>89.0</str>
        </logpt>
        <logpt time="2015-05-19T21:58:28Z">
          <spd>9.9</spd>
          <str>88.0</str>
        </logpt>
        <logpt time="2015-05-19T21:58:32Z">
          <spd>10.3</spd>
          <str>89.0</str>
        </logpt>
        <logpt time="2015-05-19T21:58:36Z">
          <spd>10.3</spd>
          <str>89.0</str>
        </logpt>
        <logpt time="2015-05-19T21:58:40Z">
          <spd>10.3</spd>
          <str>88.0</str>
        </logpt>
        <logpt time="2015-05-19T21:58:44Z">
          <spd>10.3</spd>
          <str>88.0</str>
        </logpt>
        <logpt time="2015-05-19T21:58:48Z">
          <spd>10.3</spd>
          <str>89.0</str>
        </logpt>
        <logpt time="2015-05-19T21:58:52Z">
          <spd>10.3</spd>
          <str>89.0</str>
        </logpt>
        <logpt time="2015-05-19T21:58:56Z">
          <spd>10.3</spd>
          <str>89.0</str>
        </logpt>
        <logpt time="2015-05-19T21:59:00Z">
          <spd>10.3</spd>
          <str>88.0</str>
        </logpt>
        <logpt time="2015-05-19T21:59:04Z">
          <spd>9.9</spd>
          <str>89.0</str>
        </logpt>
        <logpt time="2015-05-19T21:59:08Z">
          <spd>9.9</spd>
          <str>89.0</str>
        </logpt>
        <logpt time="2015-05-19T21:59:12Z">
          <spd>9.9</spd>
          <str>89.0</str>
        </logpt>
        <logpt time="2015-05-19T21:59:16Z">
          <spd>9.9</spd>
          <str>88.0</str>
        </logpt>
        <logpt time="2015-05-19T21:59:20Z">
          <spd>9.9</spd>
          <str>88.0</str>
        </logpt>
        <logpt time="2015-05-19T21:59:24Z">
          <spd>10.8</spd>
          <str>88.0</str>
        </logpt>
        <logpt time="2015-05-19T21:59:28Z">
          <spd>10.8</spd>
          <str>89.0</str>
        </logpt>
        <logpt time="2015-05-19T21:59:32Z">
          <spd>11.3</spd>
          <str>88.0</str>
        </logpt>
        <logpt time="2015-05-19T21:59:36Z">
          <spd>11.3</spd>
          <str>88.0</str>
        </logpt>
        <logpt time="2015-05-19T21:59:40Z">
          <spd>11.3</spd>
          <str>89.0</str>
        </logpt>
        <logpt time="2015-05-19T21:59:44Z">
          <spd>10.8</spd>
          <str>89.0</str>
        </logpt>
        <logpt time="2015-05-19T21:59:48Z">
          <spd>10.3</spd>
          <str>88.0</str>
        </logpt>
        <logpt time="2015-05-19T21:59:52Z">
          <spd>9.9</spd>
          <str>88.0</str>
        </logpt>
        <logpt time="2015-05-19T21:59:56Z">
          <spd>9.9</spd>
          <str>88.0</str>
        </logpt>
        <logpt time="2015-05-19T22:00:00Z">
          <spd>9.4</spd>
          <str>88.0</str>
        </logpt>
        <logpt time="2015-05-19T22:00:04Z">
          <spd>9.9</spd>
          <str>88.0</str>
        </logpt>
        <logpt time="2015-05-19T22:00:08Z">
          <spd>9.9</spd>
          <str>88.0</str>
        </logpt>
        <logpt time="2015-05-19T22:00:12Z">
          <spd>9.9</spd>
          <str>88.0</str>
        </logpt>
        <logpt time="2015-05-19T22:00:16Z">
          <spd>9.9</spd>
          <str>88.0</str>
        </logpt>
        <logpt time="2015-05-19T22:00:20Z">
          <spd>9.9</spd>
          <str>88.0</str>
        </logpt>
        <logpt time="2015-05-19T22:00:24Z">
          <spd>9.9</spd>
          <str>89.0</str>
        </logpt>
        <logpt time="2015-05-19T22:00:28Z">
          <spd>9.9</spd>
          <str>89.0</str>
        </logpt>
        <logpt time="2015-05-19T22:00:32Z">
          <spd>9.9</spd>
          <str>89.0</str>
        </logpt>
        <breaktype>2</breaktype>
      </logseg>
    </ssrlog>
    <laps>
      <summary start="2015-05-19T21:30:02Z" type="0" end="2015-05-19T22:00:55Z" isautolap="0">
        <distance>5055</distance>
        <calorie>286</calorie>
        <speed max="11.7" avg="9.9"/>
        <cad max="94" avg="88"/>
        <rtime>1819</rtime>
        <acttype subtype="0">1</acttype>
      </summary>
    </laps>
  </extensions>
</gpx>
