<?xml version='1.0' encoding='utf-8'?>
<gpx xmlns:xsi="http://www.w3.org/2001/XMLSchema-instance" xmlns="http://www.brytonsport.com/BDX/2/2" version="2.2.0.3" creator="bryton">
  <metadata>
    <name>2015/09/09 09:30</name>
    <time>2015-09-09T01:30:59Z</time>
    <bounds minlat="35.923392" maxlon="120.212928" minlon="120.183192" maxlat="35.957945"/>
    <extensions>
      <user>
        <bike>0<wheel>204.00</wheel></bike>
        <weight>68</weight>
        <gender>1</gender>
        <height>172</height>
        <age>28</age>
        <mhr>190</mhr>
        <lthr>172</lthr>
        <map>0</map>
        <ftp>0</ftp>
        <zonedef type="1">
          <zone high="74" id="1" low="0"/>
          <zone high="80" id="2" low="74"/>
          <zone high="85" id="3" low="80"/>
          <zone high="91" id="4" low="85"/>
          <zone high="93" id="5" low="91"/>
          <zone high="95" id="6" low="93"/>
          <zone high="0" id="7" low="95"/>
        </zonedef>
        <zonedef type="2">
          <zone high="80" id="1" low="0"/>
          <zone high="87" id="2" low="80"/>
          <zone high="91" id="3" low="87"/>
          <zone high="100" id="4" low="91"/>
          <zone high="101" id="5" low="100"/>
          <zone high="105" id="6" low="101"/>
          <zone high="0" id="7" low="105"/>
        </zonedef>
        <zonedef type="3">
          <zone high="40" id="1" low="17"/>
          <zone high="55" id="2" low="40"/>
          <zone high="65" id="3" low="55"/>
          <zone high="75" id="4" low="65"/>
          <zone high="85" id="5" low="75"/>
          <zone high="110" id="6" low="85"/>
          <zone high="65535" id="7" low="110"/>
        </zonedef>
        <zonedef type="4">
          <zone high="55" id="1" low="23"/>
          <zone high="75" id="2" low="55"/>
          <zone high="90" id="3" low="75"/>
          <zone high="105" id="4" low="90"/>
          <zone high="120" id="5" low="105"/>
          <zone high="150" id="6" low="120"/>
          <zone high="65535" id="7" low="150"/>
        </zonedef>
      </user>
      <sys version="1.0.0.R041 BB2.8.0.14">Cardio60<apps><app version="148" name="bc"/></apps></sys>
      <sharetype>2</sharetype>
      <acttype subtype="0">1</acttype>
      <trvTime>65</trvTime>
      <trvDist>10001</trvDist>
      <stime>1441762259</stime>
      <etime>1441766195</etime>
    </extensions>
  </metadata>
  <rte>
    <number>2</number>
    <rtept lat="35.956812" lon="120.209916">
      <type>1</type>
    </rtept>
    <rtept lat="35.939181" lon="120.210334">
      <type>2</type>
    </rtept>
  </rte>
  <trk>
    <trkseg>
      <trkpt lat="35.956812" lon="120.209916">
        <ele>13.1</ele>
        <time>2015-09-09T01:31:24Z</time>
      </trkpt>
      <trkpt lat="35.957411" lon="120.209758">
        <ele>13.0</ele>
        <time>2015-09-09T01:31:28Z</time>
      </trkpt>
      <trkpt lat="35.957498" lon="120.209745">
        <ele>12.9</ele>
        <time>2015-09-09T01:31:36Z</time>
      </trkpt>
      <trkpt lat="35.957618" lon="120.209725">
        <ele>12.8</ele>
        <time>2015-09-09T01:31:40Z</time>
      </trkpt>
      <trkpt lat="35.957715" lon="120.209739">
        <ele>12.7</ele>
        <time>2015-09-09T01:31:44Z</time>
      </trkpt>
      <trkpt lat="35.957777" lon="120.209807">
        <ele>12.5</ele>
        <time>2015-09-09T01:31:48Z</time>
      </trkpt>
      <trkpt lat="35.957816" lon="120.209897">
        <ele>12.4</ele>
        <time>2015-09-09T01:31:52Z</time>
      </trkpt>
      <trkpt lat="35.957856" lon="120.209999">
        <ele>12.2</ele>
        <time>2015-09-09T01:31:56Z</time>
      </trkpt>
      <trkpt lat="35.957888" lon="120.210104">
        <ele>12.1</ele>
        <time>2015-09-09T01:32:00Z</time>
      </trkpt>
      <trkpt lat="35.957918" lon="120.210214">
        <ele>11.9</ele>
        <time>2015-09-09T01:32:04Z</time>
      </trkpt>
      <trkpt lat="35.957936" lon="120.210331">
        <ele>11.7</ele>
        <time>2015-09-09T01:32:08Z</time>
      </trkpt>
      <trkpt lat="35.957945" lon="120.210451">
        <ele>11.6</ele>
        <time>2015-09-09T01:32:12Z</time>
      </trkpt>
      <trkpt lat="35.957886" lon="120.210573">
        <ele>11.4</ele>
        <time>2015-09-09T01:32:16Z</time>
      </trkpt>
      <trkpt lat="35.957783" lon="120.210659">
        <ele>11.1</ele>
        <time>2015-09-09T01:32:20Z</time>
      </trkpt>
      <trkpt lat="35.957674" lon="120.210699">
        <ele>10.8</ele>
        <time>2015-09-09T01:32:24Z</time>
      </trkpt>
      <trkpt lat="35.957576" lon="120.210709">
        <ele>10.5</ele>
        <time>2015-09-09T01:32:28Z</time>
      </trkpt>
      <trkpt lat="35.95749" lon="120.210737">
        <ele>10.2</ele>
        <time>2015-09-09T01:32:32Z</time>
      </trkpt>
      <trkpt lat="35.957406" lon="120.210757">
        <ele>9.9</ele>
        <time>2015-09-09T01:32:36Z</time>
      </trkpt>
      <trkpt lat="35.957311" lon="120.210756">
        <ele>9.5</ele>
        <time>2015-09-09T01:32:40Z</time>
      </trkpt>
      <trkpt lat="35.957218" lon="120.210764">
        <ele>9.2</ele>
        <time>2015-09-09T01:32:44Z</time>
      </trkpt>
      <trkpt lat="35.957119" lon="120.210793">
        <ele>8.9</ele>
        <time>2015-09-09T01:32:48Z</time>
      </trkpt>
      <trkpt lat="35.957024" lon="120.210813">
        <ele>8.6</ele>
        <time>2015-09-09T01:32:52Z</time>
      </trkpt>
      <trkpt lat="35.956936" lon="120.210786">
        <ele>8.3</ele>
        <time>2015-09-09T01:32:56Z</time>
      </trkpt>
      <trkpt lat="35.956862" lon="120.210743">
        <ele>8.0</ele>
        <time>2015-09-09T01:33:00Z</time>
      </trkpt>
      <trkpt lat="35.956773" lon="120.210736">
        <ele>7.7</ele>
        <time>2015-09-09T01:33:04Z</time>
      </trkpt>
      <trkpt lat="35.956671" lon="120.210755">
        <ele>7.4</ele>
        <time>2015-09-09T01:33:08Z</time>
      </trkpt>
      <trkpt lat="35.956553" lon="120.210806">
        <ele>7.1</ele>
        <time>2015-09-09T01:33:12Z</time>
      </trkpt>
      <trkpt lat="35.956449" lon="120.210862">
        <ele>6.9</ele>
        <time>2015-09-09T01:33:16Z</time>
      </trkpt>
      <trkpt lat="35.956364" lon="120.2109">
        <ele>6.6</ele>
        <time>2015-09-09T01:33:20Z</time>
      </trkpt>
      <trkpt lat="35.956303" lon="120.210945">
        <ele>6.4</ele>
        <time>2015-09-09T01:33:24Z</time>
      </trkpt>
      <trkpt lat="35.956228" lon="120.210952">
        <ele>6.1</ele>
        <time>2015-09-09T01:33:28Z</time>
      </trkpt>
      <trkpt lat="35.956141" lon="120.210955">
        <ele>5.9</ele>
        <time>2015-09-09T01:33:32Z</time>
      </trkpt>
      <trkpt lat="35.956054" lon="120.210957">
        <ele>5.7</ele>
        <time>2015-09-09T01:33:36Z</time>
      </trkpt>
      <trkpt lat="35.95598" lon="120.210943">
        <ele>5.5</ele>
        <time>2015-09-09T01:33:40Z</time>
      </trkpt>
      <trkpt lat="35.955904" lon="120.210949">
        <ele>5.3</ele>
        <time>2015-09-09T01:33:44Z</time>
      </trkpt>
      <trkpt lat="35.955808" lon="120.211">
        <ele>5.1</ele>
        <time>2015-09-09T01:33:48Z</time>
      </trkpt>
      <trkpt lat="35.955707" lon="120.211001">
        <ele>4.9</ele>
        <time>2015-09-09T01:33:52Z</time>
      </trkpt>
      <trkpt lat="35.955619" lon="120.210999">
        <ele>4.7</ele>
        <time>2015-09-09T01:33:56Z</time>
      </trkpt>
      <trkpt lat="35.955538" lon="120.211033">
        <ele>4.5</ele>
        <time>2015-09-09T01:34:00Z</time>
      </trkpt>
      <trkpt lat="35.955509" lon="120.211122">
        <ele>4.3</ele>
        <time>2015-09-09T01:34:04Z</time>
      </trkpt>
      <trkpt lat="35.955523" lon="120.21127">
        <ele>4.1</ele>
        <time>2015-09-09T01:34:08Z</time>
      </trkpt>
      <trkpt lat="35.955517" lon="120.211387">
        <ele>4.0</ele>
        <time>2015-09-09T01:34:12Z</time>
      </trkpt>
      <trkpt lat="35.955449" lon="120.211404">
        <ele>3.8</ele>
        <time>2015-09-09T01:34:16Z</time>
      </trkpt>
      <trkpt lat="35.955391" lon="120.211373">
        <ele>3.6</ele>
        <time>2015-09-09T01:34:20Z</time>
      </trkpt>
      <trkpt lat="35.955368" lon="120.211372">
        <ele>3.5</ele>
        <time>2015-09-09T01:34:24Z</time>
      </trkpt>
      <trkpt lat="35.95533" lon="120.211383">
        <ele>3.3</ele>
        <time>2015-09-09T01:34:28Z</time>
      </trkpt>
      <trkpt lat="35.955279" lon="120.211439">
        <ele>3.1</ele>
        <time>2015-09-09T01:34:32Z</time>
      </trkpt>
      <trkpt lat="35.955194" lon="120.211472">
        <ele>3.0</ele>
        <time>2015-09-09T01:34:36Z</time>
      </trkpt>
      <trkpt lat="35.955096" lon="120.211501">
        <ele>2.8</ele>
        <time>2015-09-09T01:34:40Z</time>
      </trkpt>
      <trkpt lat="35.95499" lon="120.211532">
        <ele>2.7</ele>
        <time>2015-09-09T01:34:44Z</time>
      </trkpt>
      <trkpt lat="35.954894" lon="120.211571">
        <ele>2.6</ele>
        <time>2015-09-09T01:34:48Z</time>
      </trkpt>
      <trkpt lat="35.954791" lon="120.211583">
        <ele>2.4</ele>
        <time>2015-09-09T01:34:52Z</time>
      </trkpt>
      <trkpt lat="35.954679" lon="120.211603">
        <ele>2.3</ele>
        <time>2015-09-09T01:34:56Z</time>
      </trkpt>
      <trkpt lat="35.954576" lon="120.211627">
        <ele>2.2</ele>
        <time>2015-09-09T01:35:00Z</time>
      </trkpt>
      <trkpt lat="35.954483" lon="120.211642">
        <ele>2.1</ele>
        <time>2015-09-09T01:35:04Z</time>
      </trkpt>
      <trkpt lat="35.954383" lon="120.211666">
        <ele>2.0</ele>
        <time>2015-09-09T01:35:08Z</time>
      </trkpt>
      <trkpt lat="35.954282" lon="120.21169">
        <ele>1.9</ele>
        <time>2015-09-09T01:35:12Z</time>
      </trkpt>
      <trkpt lat="35.954178" lon="120.211713">
        <ele>1.8</ele>
        <time>2015-09-09T01:35:16Z</time>
      </trkpt>
      <trkpt lat="35.954074" lon="120.211731">
        <ele>1.8</ele>
        <time>2015-09-09T01:35:20Z</time>
      </trkpt>
      <trkpt lat="35.953979" lon="120.211749">
        <ele>1.8</ele>
        <time>2015-09-09T01:35:24Z</time>
      </trkpt>
      <trkpt lat="35.953872" lon="120.211745">
        <ele>1.7</ele>
        <time>2015-09-09T01:35:28Z</time>
      </trkpt>
      <trkpt lat="35.953781" lon="120.211735">
        <ele>1.7</ele>
        <time>2015-09-09T01:35:32Z</time>
      </trkpt>
      <trkpt lat="35.953703" lon="120.211743">
        <ele>1.7</ele>
        <time>2015-09-09T01:35:36Z</time>
      </trkpt>
      <trkpt lat="35.953613" lon="120.211748">
        <ele>1.6</ele>
        <time>2015-09-09T01:35:40Z</time>
      </trkpt>
      <trkpt lat="35.95352" lon="120.211791">
        <ele>1.6</ele>
        <time>2015-09-09T01:35:44Z</time>
      </trkpt>
      <trkpt lat="35.953412" lon="120.211799">
        <ele>1.6</ele>
        <time>2015-09-09T01:35:48Z</time>
      </trkpt>
      <trkpt lat="35.95332" lon="120.211811">
        <ele>1.6</ele>
        <time>2015-09-09T01:35:52Z</time>
      </trkpt>
      <trkpt lat="35.953206" lon="120.211837">
        <ele>1.6</ele>
        <time>2015-09-09T01:35:56Z</time>
      </trkpt>
      <trkpt lat="35.9531" lon="120.21187">
        <ele>1.6</ele>
        <time>2015-09-09T01:36:00Z</time>
      </trkpt>
      <trkpt lat="35.952998" lon="120.211893">
        <ele>1.5</ele>
        <time>2015-09-09T01:36:04Z</time>
      </trkpt>
      <trkpt lat="35.952892" lon="120.211869">
        <ele>1.5</ele>
        <time>2015-09-09T01:36:08Z</time>
      </trkpt>
      <trkpt lat="35.952798" lon="120.211812">
        <ele>1.5</ele>
        <time>2015-09-09T01:36:12Z</time>
      </trkpt>
      <trkpt lat="35.95272" lon="120.211772">
        <ele>1.5</ele>
        <time>2015-09-09T01:36:16Z</time>
      </trkpt>
      <trkpt lat="35.95266" lon="120.211758">
        <ele>1.5</ele>
        <time>2015-09-09T01:36:20Z</time>
      </trkpt>
      <trkpt lat="35.952595" lon="120.211739">
        <ele>1.5</ele>
        <time>2015-09-09T01:36:24Z</time>
      </trkpt>
      <trkpt lat="35.952501" lon="120.211698">
        <ele>1.5</ele>
        <time>2015-09-09T01:36:28Z</time>
      </trkpt>
      <trkpt lat="35.952414" lon="120.211655">
        <ele>1.5</ele>
        <time>2015-09-09T01:36:32Z</time>
      </trkpt>
      <trkpt lat="35.952342" lon="120.211585">
        <ele>1.4</ele>
        <time>2015-09-09T01:36:36Z</time>
      </trkpt>
      <trkpt lat="35.952305" lon="120.211503">
        <ele>1.4</ele>
        <time>2015-09-09T01:36:40Z</time>
      </trkpt>
      <trkpt lat="35.95229" lon="120.211418">
        <ele>1.3</ele>
        <time>2015-09-09T01:36:44Z</time>
      </trkpt>
      <trkpt lat="35.952253" lon="120.211327">
        <ele>1.3</ele>
        <time>2015-09-09T01:36:48Z</time>
      </trkpt>
      <trkpt lat="35.952222" lon="120.211225">
        <ele>1.3</ele>
        <time>2015-09-09T01:36:52Z</time>
      </trkpt>
      <trkpt lat="35.952191" lon="120.21112">
        <ele>1.2</ele>
        <time>2015-09-09T01:36:56Z</time>
      </trkpt>
      <trkpt lat="35.952156" lon="120.211009">
        <ele>1.2</ele>
        <time>2015-09-09T01:37:00Z</time>
      </trkpt>
      <trkpt lat="35.952131" lon="120.210897">
        <ele>1.1</ele>
        <time>2015-09-09T01:37:04Z</time>
      </trkpt>
      <trkpt lat="35.9521" lon="120.210824">
        <ele>1.1</ele>
        <time>2015-09-09T01:37:08Z</time>
      </trkpt>
      <trkpt lat="35.952077" lon="120.210787">
        <ele>1.1</ele>
        <time>2015-09-09T01:37:12Z</time>
      </trkpt>
      <trkpt lat="35.952063" lon="120.210735">
        <ele>1.0</ele>
        <time>2015-09-09T01:37:16Z</time>
      </trkpt>
      <trkpt lat="35.952051" lon="120.210661">
        <ele>1.0</ele>
        <time>2015-09-09T01:37:20Z</time>
      </trkpt>
      <trkpt lat="35.952029" lon="120.210568">
        <ele>1.0</ele>
        <time>2015-09-09T01:37:24Z</time>
      </trkpt>
      <trkpt lat="35.952005" lon="120.21046">
        <ele>1.0</ele>
        <time>2015-09-09T01:37:28Z</time>
      </trkpt>
      <trkpt lat="35.951988" lon="120.210412">
        <ele>1.0</ele>
        <time>2015-09-09T01:37:32Z</time>
      </trkpt>
      <trkpt lat="35.95192" lon="120.21041">
        <ele>1.0</ele>
        <time>2015-09-09T01:37:36Z</time>
      </trkpt>
      <trkpt lat="35.951814" lon="120.210432">
        <ele>1.0</ele>
        <time>2015-09-09T01:37:40Z</time>
      </trkpt>
      <trkpt lat="35.951704" lon="120.210476">
        <ele>1.0</ele>
        <time>2015-09-09T01:37:44Z</time>
      </trkpt>
      <trkpt lat="35.951603" lon="120.210542">
        <ele>1.0</ele>
        <time>2015-09-09T01:37:48Z</time>
      </trkpt>
      <trkpt lat="35.951504" lon="120.210569">
        <ele>1.1</ele>
        <time>2015-09-09T01:37:52Z</time>
      </trkpt>
      <trkpt lat="35.951415" lon="120.210554">
        <ele>1.1</ele>
        <time>2015-09-09T01:37:56Z</time>
      </trkpt>
      <trkpt lat="35.951336" lon="120.210556">
        <ele>1.2</ele>
        <time>2015-09-09T01:38:00Z</time>
      </trkpt>
      <trkpt lat="35.951185" lon="120.210561">
        <ele>1.2</ele>
        <time>2015-09-09T01:38:04Z</time>
      </trkpt>
      <trkpt lat="35.951099" lon="120.210606">
        <ele>1.2</ele>
        <time>2015-09-09T01:38:08Z</time>
      </trkpt>
      <trkpt lat="35.951031" lon="120.210653">
        <ele>1.2</ele>
        <time>2015-09-09T01:38:12Z</time>
      </trkpt>
      <trkpt lat="35.950942" lon="120.210692">
        <ele>1.2</ele>
        <time>2015-09-09T01:38:16Z</time>
      </trkpt>
      <trkpt lat="35.950826" lon="120.210709">
        <ele>1.2</ele>
        <time>2015-09-09T01:38:20Z</time>
      </trkpt>
      <trkpt lat="35.950719" lon="120.21072">
        <ele>1.2</ele>
        <time>2015-09-09T01:38:24Z</time>
      </trkpt>
      <trkpt lat="35.950624" lon="120.210767">
        <ele>1.2</ele>
        <time>2015-09-09T01:38:28Z</time>
      </trkpt>
      <trkpt lat="35.950524" lon="120.21081">
        <ele>1.2</ele>
        <time>2015-09-09T01:38:32Z</time>
      </trkpt>
      <trkpt lat="35.950408" lon="120.21082">
        <ele>1.2</ele>
        <time>2015-09-09T01:38:36Z</time>
      </trkpt>
      <trkpt lat="35.950284" lon="120.210832">
        <ele>1.1</ele>
        <time>2015-09-09T01:38:40Z</time>
      </trkpt>
      <trkpt lat="35.950176" lon="120.210856">
        <ele>1.1</ele>
        <time>2015-09-09T01:38:44Z</time>
      </trkpt>
      <trkpt lat="35.950072" lon="120.210865">
        <ele>1.0</ele>
        <time>2015-09-09T01:38:48Z</time>
      </trkpt>
      <trkpt lat="35.949982" lon="120.210896">
        <ele>0.9</ele>
        <time>2015-09-09T01:38:52Z</time>
      </trkpt>
      <trkpt lat="35.949908" lon="120.210928">
        <ele>0.8</ele>
        <time>2015-09-09T01:38:56Z</time>
      </trkpt>
      <trkpt lat="35.949811" lon="120.210947">
        <ele>0.7</ele>
        <time>2015-09-09T01:39:00Z</time>
      </trkpt>
      <trkpt lat="35.949711" lon="120.21095">
        <ele>0.5</ele>
        <time>2015-09-09T01:39:04Z</time>
      </trkpt>
      <trkpt lat="35.949609" lon="120.210973">
        <ele>0.4</ele>
        <time>2015-09-09T01:39:08Z</time>
      </trkpt>
      <trkpt lat="35.949514" lon="120.210991">
        <ele>0.3</ele>
        <time>2015-09-09T01:39:12Z</time>
      </trkpt>
      <trkpt lat="35.949405" lon="120.211006">
        <ele>0.1</ele>
        <time>2015-09-09T01:39:16Z</time>
      </trkpt>
      <trkpt lat="35.949301" lon="120.21103">
        <ele>0.0</ele>
        <time>2015-09-09T01:39:20Z</time>
      </trkpt>
      <trkpt lat="35.949195" lon="120.211064">
        <ele>-0.0</ele>
        <time>2015-09-09T01:39:24Z</time>
      </trkpt>
      <trkpt lat="35.949105" lon="120.211098">
        <ele>-0.1</ele>
        <time>2015-09-09T01:39:28Z</time>
      </trkpt>
      <trkpt lat="35.94901" lon="120.211139">
        <ele>-0.1</ele>
        <time>2015-09-09T01:39:32Z</time>
      </trkpt>
      <trkpt lat="35.948924" lon="120.211139">
        <ele>-0.1</ele>
        <time>2015-09-09T01:39:36Z</time>
      </trkpt>
      <trkpt lat="35.948823" lon="120.211146">
        <ele>-0.1</ele>
        <time>2015-09-09T01:39:40Z</time>
      </trkpt>
      <trkpt lat="35.948712" lon="120.211181">
        <ele>-0.1</ele>
        <time>2015-09-09T01:39:44Z</time>
      </trkpt>
      <trkpt lat="35.948607" lon="120.211227">
        <ele>-0.1</ele>
        <time>2015-09-09T01:39:48Z</time>
      </trkpt>
      <trkpt lat="35.9485" lon="120.21126">
        <ele>-0.1</ele>
        <time>2015-09-09T01:39:52Z</time>
      </trkpt>
      <trkpt lat="35.948398" lon="120.211285">
        <ele>-0.1</ele>
        <time>2015-09-09T01:39:56Z</time>
      </trkpt>
      <trkpt lat="35.948311" lon="120.211313">
        <ele>-0.1</ele>
        <time>2015-09-09T01:40:00Z</time>
      </trkpt>
      <trkpt lat="35.948222" lon="120.211342">
        <ele>-0.1</ele>
        <time>2015-09-09T01:40:04Z</time>
      </trkpt>
      <trkpt lat="35.948125" lon="120.211369">
        <ele>-0.1</ele>
        <time>2015-09-09T01:40:08Z</time>
      </trkpt>
      <trkpt lat="35.948018" lon="120.211406">
        <ele>0.0</ele>
        <time>2015-09-09T01:40:12Z</time>
      </trkpt>
      <trkpt lat="35.947916" lon="120.211435">
        <ele>0.1</ele>
        <time>2015-09-09T01:40:16Z</time>
      </trkpt>
      <trkpt lat="35.947809" lon="120.211444">
        <ele>0.2</ele>
        <time>2015-09-09T01:40:20Z</time>
      </trkpt>
      <trkpt lat="35.947701" lon="120.211451">
        <ele>0.3</ele>
        <time>2015-09-09T01:40:24Z</time>
      </trkpt>
      <trkpt lat="35.947577" lon="120.211452">
        <ele>0.5</ele>
        <time>2015-09-09T01:40:32Z</time>
      </trkpt>
      <trkpt lat="35.947476" lon="120.211454">
        <ele>0.6</ele>
        <time>2015-09-09T01:40:36Z</time>
      </trkpt>
      <trkpt lat="35.947291" lon="120.211503">
        <ele>0.8</ele>
        <time>2015-09-09T01:40:40Z</time>
      </trkpt>
      <trkpt lat="35.947211" lon="120.21155">
        <ele>0.9</ele>
        <time>2015-09-09T01:40:48Z</time>
      </trkpt>
      <trkpt lat="35.947124" lon="120.211581">
        <ele>1.0</ele>
        <time>2015-09-09T01:40:52Z</time>
      </trkpt>
      <trkpt lat="35.94704" lon="120.211604">
        <ele>1.0</ele>
        <time>2015-09-09T01:40:56Z</time>
      </trkpt>
      <trkpt lat="35.946952" lon="120.211621">
        <ele>1.1</ele>
        <time>2015-09-09T01:41:00Z</time>
      </trkpt>
      <trkpt lat="35.946765" lon="120.21166">
        <ele>1.1</ele>
        <time>2015-09-09T01:41:04Z</time>
      </trkpt>
      <trkpt lat="35.946654" lon="120.211692">
        <ele>1.2</ele>
        <time>2015-09-09T01:41:08Z</time>
      </trkpt>
      <trkpt lat="35.946426" lon="120.211763">
        <ele>1.2</ele>
        <time>2015-09-09T01:41:16Z</time>
      </trkpt>
      <trkpt lat="35.946313" lon="120.2118">
        <ele>1.3</ele>
        <time>2015-09-09T01:41:24Z</time>
      </trkpt>
      <trkpt lat="35.946221" lon="120.211836">
        <ele>1.3</ele>
        <time>2015-09-09T01:41:28Z</time>
      </trkpt>
      <trkpt lat="35.946138" lon="120.211867">
        <ele>1.5</ele>
        <time>2015-09-09T01:41:32Z</time>
      </trkpt>
      <trkpt lat="35.946059" lon="120.2119">
        <ele>1.6</ele>
        <time>2015-09-09T01:41:36Z</time>
      </trkpt>
      <trkpt lat="35.945978" lon="120.211926">
        <ele>1.7</ele>
        <time>2015-09-09T01:41:40Z</time>
      </trkpt>
      <trkpt lat="35.945893" lon="120.211943">
        <ele>1.9</ele>
        <time>2015-09-09T01:41:44Z</time>
      </trkpt>
      <trkpt lat="35.945726" lon="120.211948">
        <ele>2.1</ele>
        <time>2015-09-09T01:41:48Z</time>
      </trkpt>
      <trkpt lat="35.945639" lon="120.211986">
        <ele>2.2</ele>
        <time>2015-09-09T01:41:52Z</time>
      </trkpt>
      <trkpt lat="35.945547" lon="120.212025">
        <ele>2.4</ele>
        <time>2015-09-09T01:41:56Z</time>
      </trkpt>
      <trkpt lat="35.94544" lon="120.212066">
        <ele>2.6</ele>
        <time>2015-09-09T01:42:00Z</time>
      </trkpt>
      <trkpt lat="35.945248" lon="120.212164">
        <ele>2.8</ele>
        <time>2015-09-09T01:42:04Z</time>
      </trkpt>
      <trkpt lat="35.945154" lon="120.212216">
        <ele>3.0</ele>
        <time>2015-09-09T01:42:12Z</time>
      </trkpt>
      <trkpt lat="35.94506" lon="120.212274">
        <ele>3.1</ele>
        <time>2015-09-09T01:42:16Z</time>
      </trkpt>
      <trkpt lat="35.944975" lon="120.212333">
        <ele>3.3</ele>
        <time>2015-09-09T01:42:20Z</time>
      </trkpt>
      <trkpt lat="35.944885" lon="120.212361">
        <ele>3.5</ele>
        <time>2015-09-09T01:42:24Z</time>
      </trkpt>
      <trkpt lat="35.944793" lon="120.212396">
        <ele>3.7</ele>
        <time>2015-09-09T01:42:28Z</time>
      </trkpt>
      <trkpt lat="35.944703" lon="120.212441">
        <ele>3.9</ele>
        <time>2015-09-09T01:42:32Z</time>
      </trkpt>
      <trkpt lat="35.944616" lon="120.212486">
        <ele>4.2</ele>
        <time>2015-09-09T01:42:36Z</time>
      </trkpt>
      <trkpt lat="35.944526" lon="120.212525">
        <ele>4.4</ele>
        <time>2015-09-09T01:42:40Z</time>
      </trkpt>
      <trkpt lat="35.944441" lon="120.212576">
        <ele>4.6</ele>
        <time>2015-09-09T01:42:44Z</time>
      </trkpt>
      <trkpt lat="35.944361" lon="120.212615">
        <ele>4.7</ele>
        <time>2015-09-09T01:42:48Z</time>
      </trkpt>
      <trkpt lat="35.944264" lon="120.212663">
        <ele>4.9</ele>
        <time>2015-09-09T01:42:52Z</time>
      </trkpt>
      <trkpt lat="35.944174" lon="120.212706">
        <ele>5.0</ele>
        <time>2015-09-09T01:42:56Z</time>
      </trkpt>
      <trkpt lat="35.944089" lon="120.212746">
        <ele>5.1</ele>
        <time>2015-09-09T01:43:00Z</time>
      </trkpt>
      <trkpt lat="35.944008" lon="120.212797">
        <ele>5.2</ele>
        <time>2015-09-09T01:43:04Z</time>
      </trkpt>
      <trkpt lat="35.943931" lon="120.212851">
        <ele>5.2</ele>
        <time>2015-09-09T01:43:08Z</time>
      </trkpt>
      <trkpt lat="35.943852" lon="120.212922">
        <ele>5.2</ele>
        <time>2015-09-09T01:43:12Z</time>
      </trkpt>
      <trkpt lat="35.943761" lon="120.212928">
        <ele>5.2</ele>
        <time>2015-09-09T01:43:16Z</time>
      </trkpt>
      <trkpt lat="35.94368" lon="120.2129">
        <ele>5.1</ele>
        <time>2015-09-09T01:43:20Z</time>
      </trkpt>
      <trkpt lat="35.943612" lon="120.212844">
        <ele>5.0</ele>
        <time>2015-09-09T01:43:24Z</time>
      </trkpt>
      <trkpt lat="35.943558" lon="120.212764">
        <ele>4.9</ele>
        <time>2015-09-09T01:43:28Z</time>
      </trkpt>
      <trkpt lat="35.943508" lon="120.212689">
        <ele>4.8</ele>
        <time>2015-09-09T01:43:32Z</time>
      </trkpt>
      <trkpt lat="35.94345" lon="120.212604">
        <ele>4.6</ele>
        <time>2015-09-09T01:43:36Z</time>
      </trkpt>
      <trkpt lat="35.943391" lon="120.212519">
        <ele>4.4</ele>
        <time>2015-09-09T01:43:40Z</time>
      </trkpt>
      <trkpt lat="35.943335" lon="120.212433">
        <ele>4.2</ele>
        <time>2015-09-09T01:43:44Z</time>
      </trkpt>
      <trkpt lat="35.943279" lon="120.21234">
        <ele>3.9</ele>
        <time>2015-09-09T01:43:48Z</time>
      </trkpt>
      <trkpt lat="35.943162" lon="120.212144">
        <ele>3.7</ele>
        <time>2015-09-09T01:43:52Z</time>
      </trkpt>
      <trkpt lat="35.943117" lon="120.212034">
        <ele>3.5</ele>
        <time>2015-09-09T01:44:00Z</time>
      </trkpt>
      <trkpt lat="35.943087" lon="120.211924">
        <ele>3.2</ele>
        <time>2015-09-09T01:44:04Z</time>
      </trkpt>
      <trkpt lat="35.943041" lon="120.211823">
        <ele>3.0</ele>
        <time>2015-09-09T01:44:08Z</time>
      </trkpt>
      <trkpt lat="35.943002" lon="120.211725">
        <ele>2.7</ele>
        <time>2015-09-09T01:44:12Z</time>
      </trkpt>
      <trkpt lat="35.94297" lon="120.211619">
        <ele>2.4</ele>
        <time>2015-09-09T01:44:16Z</time>
      </trkpt>
      <trkpt lat="35.942918" lon="120.211504">
        <ele>2.2</ele>
        <time>2015-09-09T01:44:20Z</time>
      </trkpt>
      <trkpt lat="35.942869" lon="120.211395">
        <ele>1.9</ele>
        <time>2015-09-09T01:44:24Z</time>
      </trkpt>
      <trkpt lat="35.942814" lon="120.211292">
        <ele>1.6</ele>
        <time>2015-09-09T01:44:28Z</time>
      </trkpt>
      <trkpt lat="35.942728" lon="120.211201">
        <ele>1.4</ele>
        <time>2015-09-09T01:44:32Z</time>
      </trkpt>
      <trkpt lat="35.94265" lon="120.211114">
        <ele>1.1</ele>
        <time>2015-09-09T01:44:36Z</time>
      </trkpt>
      <trkpt lat="35.942586" lon="120.211033">
        <ele>0.9</ele>
        <time>2015-09-09T01:44:40Z</time>
      </trkpt>
      <trkpt lat="35.942527" lon="120.210944">
        <ele>0.7</ele>
        <time>2015-09-09T01:44:44Z</time>
      </trkpt>
      <trkpt lat="35.942465" lon="120.210858">
        <ele>0.6</ele>
        <time>2015-09-09T01:44:48Z</time>
      </trkpt>
      <trkpt lat="35.942409" lon="120.210765">
        <ele>0.4</ele>
        <time>2015-09-09T01:44:52Z</time>
      </trkpt>
      <trkpt lat="35.942354" lon="120.210665">
        <ele>0.3</ele>
        <time>2015-09-09T01:44:56Z</time>
      </trkpt>
      <trkpt lat="35.942301" lon="120.210555">
        <ele>0.1</ele>
        <time>2015-09-09T01:45:00Z</time>
      </trkpt>
      <trkpt lat="35.942229" lon="120.210453">
        <ele>-0.1</ele>
        <time>2015-09-09T01:45:04Z</time>
      </trkpt>
      <trkpt lat="35.942143" lon="120.210352">
        <ele>-0.3</ele>
        <time>2015-09-09T01:45:08Z</time>
      </trkpt>
      <trkpt lat="35.942065" lon="120.210262">
        <ele>-0.6</ele>
        <time>2015-09-09T01:45:12Z</time>
      </trkpt>
      <trkpt lat="35.942001" lon="120.210172">
        <ele>-0.9</ele>
        <time>2015-09-09T01:45:16Z</time>
      </trkpt>
      <trkpt lat="35.941954" lon="120.210076">
        <ele>-1.2</ele>
        <time>2015-09-09T01:45:20Z</time>
      </trkpt>
      <trkpt lat="35.941841" lon="120.209904">
        <ele>-1.4</ele>
        <time>2015-09-09T01:45:24Z</time>
      </trkpt>
      <trkpt lat="35.941766" lon="120.209843">
        <ele>-1.6</ele>
        <time>2015-09-09T01:45:28Z</time>
      </trkpt>
      <trkpt lat="35.941683" lon="120.209822">
        <ele>-1.8</ele>
        <time>2015-09-09T01:45:32Z</time>
      </trkpt>
      <trkpt lat="35.941598" lon="120.209858">
        <ele>-1.9</ele>
        <time>2015-09-09T01:45:36Z</time>
      </trkpt>
      <trkpt lat="35.941539" lon="120.209944">
        <ele>-2.0</ele>
        <time>2015-09-09T01:45:40Z</time>
      </trkpt>
      <trkpt lat="35.941483" lon="120.21006">
        <ele>-2.0</ele>
        <time>2015-09-09T01:45:48Z</time>
      </trkpt>
      <trkpt lat="35.941424" lon="120.210153">
        <ele>-2.0</ele>
        <time>2015-09-09T01:45:52Z</time>
      </trkpt>
      <trkpt lat="35.941354" lon="120.210224">
        <ele>-2.0</ele>
        <time>2015-09-09T01:45:56Z</time>
      </trkpt>
      <trkpt lat="35.941192" lon="120.210351">
        <ele>-1.9</ele>
        <time>2015-09-09T01:46:00Z</time>
      </trkpt>
      <trkpt lat="35.941109" lon="120.210401">
        <ele>-1.9</ele>
        <time>2015-09-09T01:46:04Z</time>
      </trkpt>
      <trkpt lat="35.941021" lon="120.210399">
        <ele>-1.8</ele>
        <time>2015-09-09T01:46:08Z</time>
      </trkpt>
      <trkpt lat="35.940922" lon="120.210398">
        <ele>-1.8</ele>
        <time>2015-09-09T01:46:12Z</time>
      </trkpt>
      <trkpt lat="35.940825" lon="120.210397">
        <ele>-1.7</ele>
        <time>2015-09-09T01:46:16Z</time>
      </trkpt>
      <trkpt lat="35.940729" lon="120.210377">
        <ele>-1.7</ele>
        <time>2015-09-09T01:46:20Z</time>
      </trkpt>
      <trkpt lat="35.940641" lon="120.210345">
        <ele>-1.6</ele>
        <time>2015-09-09T01:46:24Z</time>
      </trkpt>
      <trkpt lat="35.940561" lon="120.210318">
        <ele>-1.5</ele>
        <time>2015-09-09T01:46:28Z</time>
      </trkpt>
      <trkpt lat="35.940494" lon="120.210281">
        <ele>-1.4</ele>
        <time>2015-09-09T01:46:32Z</time>
      </trkpt>
      <trkpt lat="35.940421" lon="120.210246">
        <ele>-1.2</ele>
        <time>2015-09-09T01:46:36Z</time>
      </trkpt>
      <trkpt lat="35.940345" lon="120.210199">
        <ele>-0.9</ele>
        <time>2015-09-09T01:46:40Z</time>
      </trkpt>
      <trkpt lat="35.94026" lon="120.210172">
        <ele>-0.6</ele>
        <time>2015-09-09T01:46:44Z</time>
      </trkpt>
      <trkpt lat="35.940157" lon="120.210182">
        <ele>-0.3</ele>
        <time>2015-09-09T01:46:52Z</time>
      </trkpt>
      <trkpt lat="35.939973" lon="120.210221">
        <ele>-0.1</ele>
        <time>2015-09-09T01:46:56Z</time>
      </trkpt>
      <trkpt lat="35.939884" lon="120.210248">
        <ele>0.1</ele>
        <time>2015-09-09T01:47:04Z</time>
      </trkpt>
      <trkpt lat="35.939788" lon="120.210289">
        <ele>0.3</ele>
        <time>2015-09-09T01:47:08Z</time>
      </trkpt>
      <trkpt lat="35.939689" lon="120.210336">
        <ele>0.4</ele>
        <time>2015-09-09T01:47:12Z</time>
      </trkpt>
      <trkpt lat="35.939468" lon="120.210393">
        <ele>0.5</ele>
        <time>2015-09-09T01:47:16Z</time>
      </trkpt>
      <trkpt lat="35.93936" lon="120.210415">
        <ele>0.6</ele>
        <time>2015-09-09T01:47:24Z</time>
      </trkpt>
      <trkpt lat="35.939182" lon="120.210499">
        <ele>0.7</ele>
        <time>2015-09-09T01:47:28Z</time>
      </trkpt>
      <trkpt lat="35.939098" lon="120.210557">
        <ele>0.7</ele>
        <time>2015-09-09T01:47:32Z</time>
      </trkpt>
      <trkpt lat="35.939012" lon="120.210612">
        <ele>0.7</ele>
        <time>2015-09-09T01:47:40Z</time>
      </trkpt>
      <trkpt lat="35.938925" lon="120.210643">
        <ele>0.8</ele>
        <time>2015-09-09T01:47:44Z</time>
      </trkpt>
      <trkpt lat="35.938831" lon="120.210667">
        <ele>0.8</ele>
        <time>2015-09-09T01:47:48Z</time>
      </trkpt>
      <trkpt lat="35.938734" lon="120.210685">
        <ele>0.8</ele>
        <time>2015-09-09T01:47:52Z</time>
      </trkpt>
      <trkpt lat="35.938643" lon="120.210715">
        <ele>0.8</ele>
        <time>2015-09-09T01:47:56Z</time>
      </trkpt>
      <trkpt lat="35.938557" lon="120.210711">
        <ele>0.8</ele>
        <time>2015-09-09T01:48:00Z</time>
      </trkpt>
      <trkpt lat="35.938465" lon="120.210696">
        <ele>0.8</ele>
        <time>2015-09-09T01:48:04Z</time>
      </trkpt>
      <trkpt lat="35.938373" lon="120.210679">
        <ele>0.8</ele>
        <time>2015-09-09T01:48:08Z</time>
      </trkpt>
      <trkpt lat="35.938288" lon="120.210656">
        <ele>0.8</ele>
        <time>2015-09-09T01:48:12Z</time>
      </trkpt>
      <trkpt lat="35.938107" lon="120.210607">
        <ele>0.8</ele>
        <time>2015-09-09T01:48:16Z</time>
      </trkpt>
      <trkpt lat="35.938019" lon="120.210581">
        <ele>0.7</ele>
        <time>2015-09-09T01:48:24Z</time>
      </trkpt>
      <trkpt lat="35.937942" lon="120.210531">
        <ele>0.6</ele>
        <time>2015-09-09T01:48:28Z</time>
      </trkpt>
      <trkpt lat="35.93788" lon="120.210448">
        <ele>0.5</ele>
        <time>2015-09-09T01:48:32Z</time>
      </trkpt>
      <trkpt lat="35.937744" lon="120.210301">
        <ele>0.5</ele>
        <time>2015-09-09T01:48:36Z</time>
      </trkpt>
      <trkpt lat="35.937663" lon="120.210241">
        <ele>0.4</ele>
        <time>2015-09-09T01:48:40Z</time>
      </trkpt>
      <trkpt lat="35.937573" lon="120.210194">
        <ele>0.3</ele>
        <time>2015-09-09T01:48:44Z</time>
      </trkpt>
      <trkpt lat="35.937472" lon="120.210141">
        <ele>0.2</ele>
        <time>2015-09-09T01:48:48Z</time>
      </trkpt>
      <trkpt lat="35.937379" lon="120.210087">
        <ele>0.1</ele>
        <time>2015-09-09T01:48:52Z</time>
      </trkpt>
      <trkpt lat="35.93729" lon="120.210042">
        <ele>0.0</ele>
        <time>2015-09-09T01:49:00Z</time>
      </trkpt>
      <trkpt lat="35.937113" lon="120.209995">
        <ele>-0.0</ele>
        <time>2015-09-09T01:49:04Z</time>
      </trkpt>
      <trkpt lat="35.937023" lon="120.209961">
        <ele>-0.1</ele>
        <time>2015-09-09T01:49:12Z</time>
      </trkpt>
      <trkpt lat="35.936947" lon="120.209916">
        <ele>-0.1</ele>
        <time>2015-09-09T01:49:16Z</time>
      </trkpt>
      <trkpt lat="35.936814" lon="120.209778">
        <ele>-0.2</ele>
        <time>2015-09-09T01:49:20Z</time>
      </trkpt>
      <trkpt lat="35.93675" lon="120.209695">
        <ele>-0.2</ele>
        <time>2015-09-09T01:49:24Z</time>
      </trkpt>
      <trkpt lat="35.936689" lon="120.209608">
        <ele>-0.3</ele>
        <time>2015-09-09T01:49:32Z</time>
      </trkpt>
      <trkpt lat="35.936538" lon="120.209467">
        <ele>-0.3</ele>
        <time>2015-09-09T01:49:36Z</time>
      </trkpt>
      <trkpt lat="35.936458" lon="120.2094">
        <ele>-0.3</ele>
        <time>2015-09-09T01:49:40Z</time>
      </trkpt>
      <trkpt lat="35.936376" lon="120.209337">
        <ele>-0.3</ele>
        <time>2015-09-09T01:49:48Z</time>
      </trkpt>
      <trkpt lat="35.936307" lon="120.209269">
        <ele>-0.4</ele>
        <time>2015-09-09T01:49:52Z</time>
      </trkpt>
      <trkpt lat="35.936243" lon="120.209186">
        <ele>-0.4</ele>
        <time>2015-09-09T01:49:56Z</time>
      </trkpt>
      <trkpt lat="35.936175" lon="120.209093">
        <ele>-0.3</ele>
        <time>2015-09-09T01:50:00Z</time>
      </trkpt>
      <trkpt lat="35.936106" lon="120.208993">
        <ele>-0.3</ele>
        <time>2015-09-09T01:50:04Z</time>
      </trkpt>
      <trkpt lat="35.936034" lon="120.208904">
        <ele>-0.3</ele>
        <time>2015-09-09T01:50:08Z</time>
      </trkpt>
      <trkpt lat="35.935972" lon="120.208822">
        <ele>-0.2</ele>
        <time>2015-09-09T01:50:12Z</time>
      </trkpt>
      <trkpt lat="35.935908" lon="120.20874">
        <ele>-0.1</ele>
        <time>2015-09-09T01:50:16Z</time>
      </trkpt>
      <trkpt lat="35.935839" lon="120.208666">
        <ele>-0.0</ele>
        <time>2015-09-09T01:50:20Z</time>
      </trkpt>
      <trkpt lat="35.935768" lon="120.208595">
        <ele>0.1</ele>
        <time>2015-09-09T01:50:24Z</time>
      </trkpt>
      <trkpt lat="35.935685" lon="120.208531">
        <ele>0.2</ele>
        <time>2015-09-09T01:50:28Z</time>
      </trkpt>
      <trkpt lat="35.935595" lon="120.208461">
        <ele>0.3</ele>
        <time>2015-09-09T01:50:32Z</time>
      </trkpt>
      <trkpt lat="35.935521" lon="120.208409">
        <ele>0.4</ele>
        <time>2015-09-09T01:50:36Z</time>
      </trkpt>
      <trkpt lat="35.93544" lon="120.208359">
        <ele>0.5</ele>
        <time>2015-09-09T01:50:40Z</time>
      </trkpt>
      <trkpt lat="35.935355" lon="120.208305">
        <ele>0.5</ele>
        <time>2015-09-09T01:50:44Z</time>
      </trkpt>
      <trkpt lat="35.93527" lon="120.208251">
        <ele>0.6</ele>
        <time>2015-09-09T01:50:48Z</time>
      </trkpt>
      <trkpt lat="35.935198" lon="120.208177">
        <ele>0.6</ele>
        <time>2015-09-09T01:50:52Z</time>
      </trkpt>
      <trkpt lat="35.935146" lon="120.208081">
        <ele>0.6</ele>
        <time>2015-09-09T01:50:56Z</time>
      </trkpt>
      <trkpt lat="35.935099" lon="120.20798">
        <ele>0.6</ele>
        <time>2015-09-09T01:51:00Z</time>
      </trkpt>
      <trkpt lat="35.935059" lon="120.207885">
        <ele>0.6</ele>
        <time>2015-09-09T01:51:04Z</time>
      </trkpt>
      <trkpt lat="35.935003" lon="120.207792">
        <ele>0.6</ele>
        <time>2015-09-09T01:51:08Z</time>
      </trkpt>
      <trkpt lat="35.934928" lon="120.2077">
        <ele>0.6</ele>
        <time>2015-09-09T01:51:12Z</time>
      </trkpt>
      <trkpt lat="35.934849" lon="120.207615">
        <ele>0.7</ele>
        <time>2015-09-09T01:51:16Z</time>
      </trkpt>
      <trkpt lat="35.934774" lon="120.207536">
        <ele>0.7</ele>
        <time>2015-09-09T01:51:20Z</time>
      </trkpt>
      <trkpt lat="35.934724" lon="120.207452">
        <ele>0.7</ele>
        <time>2015-09-09T01:51:24Z</time>
      </trkpt>
      <trkpt lat="35.93469" lon="120.207357">
        <ele>0.8</ele>
        <time>2015-09-09T01:51:28Z</time>
      </trkpt>
      <trkpt lat="35.934647" lon="120.207241">
        <ele>0.8</ele>
        <time>2015-09-09T01:51:32Z</time>
      </trkpt>
      <trkpt lat="35.934618" lon="120.207123">
        <ele>0.8</ele>
        <time>2015-09-09T01:51:36Z</time>
      </trkpt>
      <trkpt lat="35.934593" lon="120.207016">
        <ele>0.8</ele>
        <time>2015-09-09T01:51:40Z</time>
      </trkpt>
      <trkpt lat="35.934537" lon="120.206921">
        <ele>0.8</ele>
        <time>2015-09-09T01:51:44Z</time>
      </trkpt>
      <trkpt lat="35.934466" lon="120.206826">
        <ele>0.8</ele>
        <time>2015-09-09T01:51:48Z</time>
      </trkpt>
      <trkpt lat="35.934386" lon="120.206735">
        <ele>0.8</ele>
        <time>2015-09-09T01:51:52Z</time>
      </trkpt>
      <trkpt lat="35.934304" lon="120.206653">
        <ele>0.7</ele>
        <time>2015-09-09T01:51:56Z</time>
      </trkpt>
      <trkpt lat="35.934236" lon="120.206569">
        <ele>0.6</ele>
        <time>2015-09-09T01:52:00Z</time>
      </trkpt>
      <trkpt lat="35.934174" lon="120.206471">
        <ele>0.5</ele>
        <time>2015-09-09T01:52:04Z</time>
      </trkpt>
      <trkpt lat="35.934126" lon="120.206377">
        <ele>0.4</ele>
        <time>2015-09-09T01:52:08Z</time>
      </trkpt>
      <trkpt lat="35.934096" lon="120.206286">
        <ele>0.4</ele>
        <time>2015-09-09T01:52:12Z</time>
      </trkpt>
      <trkpt lat="35.934059" lon="120.2062">
        <ele>0.3</ele>
        <time>2015-09-09T01:52:16Z</time>
      </trkpt>
      <trkpt lat="35.934017" lon="120.20612">
        <ele>0.3</ele>
        <time>2015-09-09T01:52:20Z</time>
      </trkpt>
      <trkpt lat="35.933993" lon="120.206022">
        <ele>0.3</ele>
        <time>2015-09-09T01:52:24Z</time>
      </trkpt>
      <trkpt lat="35.933976" lon="120.205916">
        <ele>0.4</ele>
        <time>2015-09-09T01:52:28Z</time>
      </trkpt>
      <trkpt lat="35.933965" lon="120.20581">
        <ele>0.4</ele>
        <time>2015-09-09T01:52:32Z</time>
      </trkpt>
      <trkpt lat="35.933943" lon="120.205688">
        <ele>0.4</ele>
        <time>2015-09-09T01:52:36Z</time>
      </trkpt>
      <trkpt lat="35.933907" lon="120.205571">
        <ele>0.4</ele>
        <time>2015-09-09T01:52:40Z</time>
      </trkpt>
      <trkpt lat="35.933867" lon="120.205459">
        <ele>0.4</ele>
        <time>2015-09-09T01:52:44Z</time>
      </trkpt>
      <trkpt lat="35.933814" lon="120.205358">
        <ele>0.4</ele>
        <time>2015-09-09T01:52:48Z</time>
      </trkpt>
      <trkpt lat="35.933682" lon="120.205174">
        <ele>0.4</ele>
        <time>2015-09-09T01:52:52Z</time>
      </trkpt>
      <trkpt lat="35.933618" lon="120.205084">
        <ele>0.4</ele>
        <time>2015-09-09T01:52:56Z</time>
      </trkpt>
      <trkpt lat="35.933564" lon="120.204978">
        <ele>0.4</ele>
        <time>2015-09-09T01:53:00Z</time>
      </trkpt>
      <trkpt lat="35.933528" lon="120.20486">
        <ele>0.4</ele>
        <time>2015-09-09T01:53:04Z</time>
      </trkpt>
      <trkpt lat="35.933517" lon="120.204744">
        <ele>0.4</ele>
        <time>2015-09-09T01:53:08Z</time>
      </trkpt>
      <trkpt lat="35.933527" lon="120.204638">
        <ele>0.4</ele>
        <time>2015-09-09T01:53:12Z</time>
      </trkpt>
      <trkpt lat="35.933551" lon="120.204531">
        <ele>0.5</ele>
        <time>2015-09-09T01:53:16Z</time>
      </trkpt>
      <trkpt lat="35.933564" lon="120.204414">
        <ele>0.5</ele>
        <time>2015-09-09T01:53:20Z</time>
      </trkpt>
      <trkpt lat="35.933583" lon="120.204295">
        <ele>0.6</ele>
        <time>2015-09-09T01:53:24Z</time>
      </trkpt>
      <trkpt lat="35.933582" lon="120.204181">
        <ele>0.7</ele>
        <time>2015-09-09T01:53:28Z</time>
      </trkpt>
      <trkpt lat="35.933548" lon="120.204075">
        <ele>0.7</ele>
        <time>2015-09-09T01:53:32Z</time>
      </trkpt>
      <trkpt lat="35.933495" lon="120.203961">
        <ele>0.8</ele>
        <time>2015-09-09T01:53:36Z</time>
      </trkpt>
      <trkpt lat="35.933436" lon="120.203841">
        <ele>0.9</ele>
        <time>2015-09-09T01:53:40Z</time>
      </trkpt>
      <trkpt lat="35.933376" lon="120.203738">
        <ele>0.9</ele>
        <time>2015-09-09T01:53:44Z</time>
      </trkpt>
      <trkpt lat="35.933314" lon="120.203638">
        <ele>0.9</ele>
        <time>2015-09-09T01:53:48Z</time>
      </trkpt>
      <trkpt lat="35.933259" lon="120.203535">
        <ele>0.9</ele>
        <time>2015-09-09T01:53:52Z</time>
      </trkpt>
      <trkpt lat="35.933203" lon="120.20343">
        <ele>0.9</ele>
        <time>2015-09-09T01:53:56Z</time>
      </trkpt>
      <trkpt lat="35.933186" lon="120.203312">
        <ele>0.9</ele>
        <time>2015-09-09T01:54:00Z</time>
      </trkpt>
      <trkpt lat="35.933192" lon="120.2032">
        <ele>0.9</ele>
        <time>2015-09-09T01:54:04Z</time>
      </trkpt>
      <trkpt lat="35.93319" lon="120.203089">
        <ele>0.9</ele>
        <time>2015-09-09T01:54:08Z</time>
      </trkpt>
      <trkpt lat="35.933177" lon="120.202967">
        <ele>0.9</ele>
        <time>2015-09-09T01:54:12Z</time>
      </trkpt>
      <trkpt lat="35.933153" lon="120.202842">
        <ele>0.9</ele>
        <time>2015-09-09T01:54:16Z</time>
      </trkpt>
      <trkpt lat="35.933129" lon="120.202716">
        <ele>0.8</ele>
        <time>2015-09-09T01:54:20Z</time>
      </trkpt>
      <trkpt lat="35.933097" lon="120.202604">
        <ele>0.8</ele>
        <time>2015-09-09T01:54:24Z</time>
      </trkpt>
      <trkpt lat="35.93305" lon="120.202492">
        <ele>0.8</ele>
        <time>2015-09-09T01:54:28Z</time>
      </trkpt>
      <trkpt lat="35.932993" lon="120.202381">
        <ele>0.8</ele>
        <time>2015-09-09T01:54:32Z</time>
      </trkpt>
      <trkpt lat="35.932932" lon="120.202263">
        <ele>0.8</ele>
        <time>2015-09-09T01:54:36Z</time>
      </trkpt>
      <trkpt lat="35.932889" lon="120.202159">
        <ele>0.8</ele>
        <time>2015-09-09T01:54:40Z</time>
      </trkpt>
      <trkpt lat="35.932841" lon="120.202046">
        <ele>0.8</ele>
        <time>2015-09-09T01:54:44Z</time>
      </trkpt>
      <trkpt lat="35.932809" lon="120.201942">
        <ele>0.8</ele>
        <time>2015-09-09T01:54:48Z</time>
      </trkpt>
      <trkpt lat="35.9328" lon="120.201833">
        <ele>0.8</ele>
        <time>2015-09-09T01:54:52Z</time>
      </trkpt>
      <trkpt lat="35.932784" lon="120.201722">
        <ele>0.8</ele>
        <time>2015-09-09T01:54:56Z</time>
      </trkpt>
      <trkpt lat="35.932765" lon="120.201599">
        <ele>0.8</ele>
        <time>2015-09-09T01:55:00Z</time>
      </trkpt>
      <trkpt lat="35.932744" lon="120.201478">
        <ele>0.8</ele>
        <time>2015-09-09T01:55:04Z</time>
      </trkpt>
      <trkpt lat="35.932714" lon="120.201374">
        <ele>0.8</ele>
        <time>2015-09-09T01:55:08Z</time>
      </trkpt>
      <trkpt lat="35.932673" lon="120.201272">
        <ele>0.8</ele>
        <time>2015-09-09T01:55:12Z</time>
      </trkpt>
      <trkpt lat="35.932628" lon="120.201189">
        <ele>0.8</ele>
        <time>2015-09-09T01:55:16Z</time>
      </trkpt>
      <trkpt lat="35.932568" lon="120.20109">
        <ele>0.9</ele>
        <time>2015-09-09T01:55:20Z</time>
      </trkpt>
      <trkpt lat="35.932501" lon="120.200984">
        <ele>0.9</ele>
        <time>2015-09-09T01:55:24Z</time>
      </trkpt>
      <trkpt lat="35.932448" lon="120.200878">
        <ele>1.0</ele>
        <time>2015-09-09T01:55:28Z</time>
      </trkpt>
      <trkpt lat="35.932418" lon="120.200766">
        <ele>1.0</ele>
        <time>2015-09-09T01:55:32Z</time>
      </trkpt>
      <trkpt lat="35.93239" lon="120.200651">
        <ele>1.1</ele>
        <time>2015-09-09T01:55:36Z</time>
      </trkpt>
      <trkpt lat="35.93237" lon="120.200539">
        <ele>1.2</ele>
        <time>2015-09-09T01:55:40Z</time>
      </trkpt>
      <trkpt lat="35.932349" lon="120.200423">
        <ele>1.2</ele>
        <time>2015-09-09T01:55:44Z</time>
      </trkpt>
      <trkpt lat="35.932314" lon="120.200306">
        <ele>1.3</ele>
        <time>2015-09-09T01:55:48Z</time>
      </trkpt>
      <trkpt lat="35.93227" lon="120.200195">
        <ele>1.4</ele>
        <time>2015-09-09T01:55:52Z</time>
      </trkpt>
      <trkpt lat="35.932223" lon="120.200088">
        <ele>1.4</ele>
        <time>2015-09-09T01:55:56Z</time>
      </trkpt>
      <trkpt lat="35.932179" lon="120.199991">
        <ele>1.5</ele>
        <time>2015-09-09T01:56:00Z</time>
      </trkpt>
      <trkpt lat="35.932138" lon="120.19989">
        <ele>1.6</ele>
        <time>2015-09-09T01:56:04Z</time>
      </trkpt>
      <trkpt lat="35.932091" lon="120.199795">
        <ele>1.6</ele>
        <time>2015-09-09T01:56:08Z</time>
      </trkpt>
      <trkpt lat="35.932042" lon="120.1997">
        <ele>1.6</ele>
        <time>2015-09-09T01:56:12Z</time>
      </trkpt>
      <trkpt lat="35.931945" lon="120.199497">
        <ele>1.7</ele>
        <time>2015-09-09T01:56:16Z</time>
      </trkpt>
      <trkpt lat="35.931883" lon="120.199406">
        <ele>1.7</ele>
        <time>2015-09-09T01:56:24Z</time>
      </trkpt>
      <trkpt lat="35.931825" lon="120.199313">
        <ele>1.8</ele>
        <time>2015-09-09T01:56:28Z</time>
      </trkpt>
      <trkpt lat="35.931779" lon="120.199211">
        <ele>1.8</ele>
        <time>2015-09-09T01:56:32Z</time>
      </trkpt>
      <trkpt lat="35.931724" lon="120.199107">
        <ele>1.9</ele>
        <time>2015-09-09T01:56:36Z</time>
      </trkpt>
      <trkpt lat="35.931667" lon="120.19899">
        <ele>1.8</ele>
        <time>2015-09-09T01:56:40Z</time>
      </trkpt>
      <trkpt lat="35.931635" lon="120.198874">
        <ele>1.8</ele>
        <time>2015-09-09T01:56:44Z</time>
      </trkpt>
      <trkpt lat="35.931607" lon="120.198762">
        <ele>1.8</ele>
        <time>2015-09-09T01:56:48Z</time>
      </trkpt>
      <trkpt lat="35.931601" lon="120.198652">
        <ele>1.8</ele>
        <time>2015-09-09T01:56:52Z</time>
      </trkpt>
      <trkpt lat="35.931619" lon="120.198539">
        <ele>1.7</ele>
        <time>2015-09-09T01:56:56Z</time>
      </trkpt>
      <trkpt lat="35.931649" lon="120.19842">
        <ele>1.7</ele>
        <time>2015-09-09T01:57:00Z</time>
      </trkpt>
      <trkpt lat="35.931693" lon="120.198314">
        <ele>1.7</ele>
        <time>2015-09-09T01:57:04Z</time>
      </trkpt>
      <trkpt lat="35.931749" lon="120.198208">
        <ele>1.6</ele>
        <time>2015-09-09T01:57:08Z</time>
      </trkpt>
      <trkpt lat="35.931799" lon="120.198095">
        <ele>1.6</ele>
        <time>2015-09-09T01:57:12Z</time>
      </trkpt>
      <trkpt lat="35.931827" lon="120.19797">
        <ele>1.7</ele>
        <time>2015-09-09T01:57:16Z</time>
      </trkpt>
      <trkpt lat="35.931827" lon="120.19784">
        <ele>1.7</ele>
        <time>2015-09-09T01:57:20Z</time>
      </trkpt>
      <trkpt lat="35.931812" lon="120.197691">
        <ele>1.8</ele>
        <time>2015-09-09T01:57:24Z</time>
      </trkpt>
      <trkpt lat="35.931779" lon="120.197558">
        <ele>1.8</ele>
        <time>2015-09-09T01:57:28Z</time>
      </trkpt>
      <trkpt lat="35.931745" lon="120.197439">
        <ele>1.9</ele>
        <time>2015-09-09T01:57:32Z</time>
      </trkpt>
      <trkpt lat="35.931706" lon="120.197329">
        <ele>2.0</ele>
        <time>2015-09-09T01:57:36Z</time>
      </trkpt>
      <trkpt lat="35.931659" lon="120.197222">
        <ele>2.1</ele>
        <time>2015-09-09T01:57:40Z</time>
      </trkpt>
      <trkpt lat="35.931609" lon="120.197112">
        <ele>2.3</ele>
        <time>2015-09-09T01:57:44Z</time>
      </trkpt>
      <trkpt lat="35.931557" lon="120.197011">
        <ele>2.4</ele>
        <time>2015-09-09T01:57:48Z</time>
      </trkpt>
      <trkpt lat="35.931504" lon="120.196912">
        <ele>2.6</ele>
        <time>2015-09-09T01:57:52Z</time>
      </trkpt>
      <trkpt lat="35.931472" lon="120.196804">
        <ele>2.7</ele>
        <time>2015-09-09T01:57:56Z</time>
      </trkpt>
      <trkpt lat="35.931458" lon="120.1967">
        <ele>2.9</ele>
        <time>2015-09-09T01:58:00Z</time>
      </trkpt>
      <trkpt lat="35.93145" lon="120.196595">
        <ele>3.1</ele>
        <time>2015-09-09T01:58:04Z</time>
      </trkpt>
      <trkpt lat="35.931445" lon="120.19649">
        <ele>3.3</ele>
        <time>2015-09-09T01:58:08Z</time>
      </trkpt>
      <trkpt lat="35.931459" lon="120.196373">
        <ele>3.6</ele>
        <time>2015-09-09T01:58:12Z</time>
      </trkpt>
      <trkpt lat="35.931469" lon="120.196255">
        <ele>3.8</ele>
        <time>2015-09-09T01:58:16Z</time>
      </trkpt>
      <trkpt lat="35.931464" lon="120.196118">
        <ele>4.0</ele>
        <time>2015-09-09T01:58:20Z</time>
      </trkpt>
      <trkpt lat="35.931474" lon="120.196007">
        <ele>4.3</ele>
        <time>2015-09-09T01:58:24Z</time>
      </trkpt>
      <trkpt lat="35.931484" lon="120.195904">
        <ele>4.5</ele>
        <time>2015-09-09T01:58:28Z</time>
      </trkpt>
      <trkpt lat="35.931498" lon="120.195683">
        <ele>4.8</ele>
        <time>2015-09-09T01:58:32Z</time>
      </trkpt>
      <trkpt lat="35.931505" lon="120.195559">
        <ele>5.0</ele>
        <time>2015-09-09T01:58:36Z</time>
      </trkpt>
      <trkpt lat="35.93152" lon="120.195442">
        <ele>5.2</ele>
        <time>2015-09-09T01:58:40Z</time>
      </trkpt>
      <trkpt lat="35.931547" lon="120.19533">
        <ele>5.4</ele>
        <time>2015-09-09T01:58:44Z</time>
      </trkpt>
      <trkpt lat="35.931582" lon="120.195232">
        <ele>5.5</ele>
        <time>2015-09-09T01:58:48Z</time>
      </trkpt>
      <trkpt lat="35.931615" lon="120.195127">
        <ele>5.7</ele>
        <time>2015-09-09T01:58:52Z</time>
      </trkpt>
      <trkpt lat="35.931642" lon="120.195027">
        <ele>5.9</ele>
        <time>2015-09-09T01:58:56Z</time>
      </trkpt>
      <trkpt lat="35.931653" lon="120.194894">
        <ele>6.0</ele>
        <time>2015-09-09T01:59:04Z</time>
      </trkpt>
      <trkpt lat="35.931679" lon="120.19476">
        <ele>6.1</ele>
        <time>2015-09-09T01:59:08Z</time>
      </trkpt>
      <trkpt lat="35.93171" lon="120.194628">
        <ele>6.3</ele>
        <time>2015-09-09T01:59:12Z</time>
      </trkpt>
      <trkpt lat="35.931743" lon="120.194496">
        <ele>6.4</ele>
        <time>2015-09-09T01:59:16Z</time>
      </trkpt>
      <trkpt lat="35.931764" lon="120.194372">
        <ele>6.5</ele>
        <time>2015-09-09T01:59:20Z</time>
      </trkpt>
      <trkpt lat="35.931783" lon="120.19426">
        <ele>6.5</ele>
        <time>2015-09-09T01:59:24Z</time>
      </trkpt>
      <trkpt lat="35.931802" lon="120.194161">
        <ele>6.6</ele>
        <time>2015-09-09T01:59:28Z</time>
      </trkpt>
      <trkpt lat="35.931814" lon="120.194063">
        <ele>6.7</ele>
        <time>2015-09-09T01:59:32Z</time>
      </trkpt>
      <trkpt lat="35.931821" lon="120.193949">
        <ele>6.7</ele>
        <time>2015-09-09T01:59:36Z</time>
      </trkpt>
      <trkpt lat="35.931841" lon="120.193838">
        <ele>6.8</ele>
        <time>2015-09-09T01:59:40Z</time>
      </trkpt>
      <trkpt lat="35.931866" lon="120.193714">
        <ele>6.8</ele>
        <time>2015-09-09T01:59:44Z</time>
      </trkpt>
      <trkpt lat="35.931898" lon="120.19347">
        <ele>6.8</ele>
        <time>2015-09-09T01:59:48Z</time>
      </trkpt>
      <trkpt lat="35.931903" lon="120.193349">
        <ele>6.8</ele>
        <time>2015-09-09T01:59:52Z</time>
      </trkpt>
      <trkpt lat="35.931901" lon="120.193228">
        <ele>6.8</ele>
        <time>2015-09-09T01:59:56Z</time>
      </trkpt>
      <trkpt lat="35.931912" lon="120.193094">
        <ele>6.8</ele>
        <time>2015-09-09T02:00:00Z</time>
      </trkpt>
      <trkpt lat="35.931927" lon="120.192962">
        <ele>6.8</ele>
        <time>2015-09-09T02:00:04Z</time>
      </trkpt>
      <trkpt lat="35.931942" lon="120.192831">
        <ele>6.8</ele>
        <time>2015-09-09T02:00:08Z</time>
      </trkpt>
      <trkpt lat="35.931949" lon="120.192705">
        <ele>6.8</ele>
        <time>2015-09-09T02:00:12Z</time>
      </trkpt>
      <trkpt lat="35.931935" lon="120.192564">
        <ele>6.8</ele>
        <time>2015-09-09T02:00:16Z</time>
      </trkpt>
      <trkpt lat="35.931894" lon="120.192427">
        <ele>6.8</ele>
        <time>2015-09-09T02:00:20Z</time>
      </trkpt>
      <trkpt lat="35.93185" lon="120.192301">
        <ele>6.7</ele>
        <time>2015-09-09T02:00:24Z</time>
      </trkpt>
      <trkpt lat="35.931799" lon="120.192187">
        <ele>6.7</ele>
        <time>2015-09-09T02:00:28Z</time>
      </trkpt>
      <trkpt lat="35.931737" lon="120.192079">
        <ele>6.7</ele>
        <time>2015-09-09T02:00:32Z</time>
      </trkpt>
      <trkpt lat="35.931673" lon="120.191995">
        <ele>6.6</ele>
        <time>2015-09-09T02:00:36Z</time>
      </trkpt>
      <trkpt lat="35.931602" lon="120.191934">
        <ele>6.6</ele>
        <time>2015-09-09T02:00:40Z</time>
      </trkpt>
      <trkpt lat="35.931523" lon="120.191877">
        <ele>6.5</ele>
        <time>2015-09-09T02:00:44Z</time>
      </trkpt>
      <trkpt lat="35.931432" lon="120.191822">
        <ele>6.5</ele>
        <time>2015-09-09T02:00:48Z</time>
      </trkpt>
      <trkpt lat="35.931332" lon="120.191757">
        <ele>6.4</ele>
        <time>2015-09-09T02:00:52Z</time>
      </trkpt>
      <trkpt lat="35.931243" lon="120.1917">
        <ele>6.4</ele>
        <time>2015-09-09T02:00:56Z</time>
      </trkpt>
      <trkpt lat="35.931166" lon="120.191653">
        <ele>6.3</ele>
        <time>2015-09-09T02:01:00Z</time>
      </trkpt>
      <trkpt lat="35.931086" lon="120.191609">
        <ele>6.3</ele>
        <time>2015-09-09T02:01:04Z</time>
      </trkpt>
      <trkpt lat="35.930993" lon="120.191567">
        <ele>6.2</ele>
        <time>2015-09-09T02:01:08Z</time>
      </trkpt>
      <trkpt lat="35.930893" lon="120.191535">
        <ele>6.1</ele>
        <time>2015-09-09T02:01:12Z</time>
      </trkpt>
      <trkpt lat="35.930793" lon="120.191529">
        <ele>6.0</ele>
        <time>2015-09-09T02:01:16Z</time>
      </trkpt>
      <trkpt lat="35.930702" lon="120.191538">
        <ele>5.9</ele>
        <time>2015-09-09T02:01:20Z</time>
      </trkpt>
      <trkpt lat="35.93062" lon="120.191558">
        <ele>5.8</ele>
        <time>2015-09-09T02:01:24Z</time>
      </trkpt>
      <trkpt lat="35.930528" lon="120.191573">
        <ele>5.7</ele>
        <time>2015-09-09T02:01:28Z</time>
      </trkpt>
      <trkpt lat="35.930427" lon="120.191594">
        <ele>5.6</ele>
        <time>2015-09-09T02:01:32Z</time>
      </trkpt>
      <trkpt lat="35.930337" lon="120.191592">
        <ele>5.4</ele>
        <time>2015-09-09T02:01:36Z</time>
      </trkpt>
      <trkpt lat="35.930233" lon="120.191583">
        <ele>5.3</ele>
        <time>2015-09-09T02:01:40Z</time>
      </trkpt>
      <trkpt lat="35.930128" lon="120.19157">
        <ele>5.1</ele>
        <time>2015-09-09T02:01:44Z</time>
      </trkpt>
      <trkpt lat="35.930031" lon="120.191552">
        <ele>4.9</ele>
        <time>2015-09-09T02:01:48Z</time>
      </trkpt>
      <trkpt lat="35.929932" lon="120.191533">
        <ele>4.8</ele>
        <time>2015-09-09T02:01:52Z</time>
      </trkpt>
      <trkpt lat="35.929829" lon="120.191513">
        <ele>4.6</ele>
        <time>2015-09-09T02:01:56Z</time>
      </trkpt>
      <trkpt lat="35.929727" lon="120.191508">
        <ele>4.5</ele>
        <time>2015-09-09T02:02:00Z</time>
      </trkpt>
      <trkpt lat="35.929636" lon="120.191499">
        <ele>4.3</ele>
        <time>2015-09-09T02:02:04Z</time>
      </trkpt>
      <trkpt lat="35.929547" lon="120.191483">
        <ele>4.2</ele>
        <time>2015-09-09T02:02:08Z</time>
      </trkpt>
      <trkpt lat="35.929456" lon="120.191464">
        <ele>4.0</ele>
        <time>2015-09-09T02:02:12Z</time>
      </trkpt>
      <trkpt lat="35.929361" lon="120.191433">
        <ele>3.8</ele>
        <time>2015-09-09T02:02:16Z</time>
      </trkpt>
      <trkpt lat="35.929278" lon="120.191411">
        <ele>3.5</ele>
        <time>2015-09-09T02:02:20Z</time>
      </trkpt>
      <trkpt lat="35.92919" lon="120.191417">
        <ele>3.3</ele>
        <time>2015-09-09T02:02:24Z</time>
      </trkpt>
      <trkpt lat="35.92909" lon="120.191436">
        <ele>3.1</ele>
        <time>2015-09-09T02:02:28Z</time>
      </trkpt>
      <trkpt lat="35.929001" lon="120.191448">
        <ele>2.9</ele>
        <time>2015-09-09T02:02:32Z</time>
      </trkpt>
      <trkpt lat="35.928918" lon="120.19147">
        <ele>2.6</ele>
        <time>2015-09-09T02:02:36Z</time>
      </trkpt>
      <trkpt lat="35.928832" lon="120.191505">
        <ele>2.4</ele>
        <time>2015-09-09T02:02:40Z</time>
      </trkpt>
      <trkpt lat="35.928736" lon="120.191537">
        <ele>2.2</ele>
        <time>2015-09-09T02:02:44Z</time>
      </trkpt>
      <trkpt lat="35.928636" lon="120.191549">
        <ele>2.0</ele>
        <time>2015-09-09T02:02:48Z</time>
      </trkpt>
      <trkpt lat="35.928524" lon="120.191543">
        <ele>1.9</ele>
        <time>2015-09-09T02:02:52Z</time>
      </trkpt>
      <trkpt lat="35.928415" lon="120.191529">
        <ele>1.7</ele>
        <time>2015-09-09T02:02:56Z</time>
      </trkpt>
      <trkpt lat="35.928317" lon="120.191511">
        <ele>1.6</ele>
        <time>2015-09-09T02:03:00Z</time>
      </trkpt>
      <trkpt lat="35.928228" lon="120.191484">
        <ele>1.4</ele>
        <time>2015-09-09T02:03:04Z</time>
      </trkpt>
      <trkpt lat="35.92814" lon="120.191466">
        <ele>1.3</ele>
        <time>2015-09-09T02:03:08Z</time>
      </trkpt>
      <trkpt lat="35.928047" lon="120.191449">
        <ele>1.2</ele>
        <time>2015-09-09T02:03:12Z</time>
      </trkpt>
      <trkpt lat="35.927966" lon="120.191435">
        <ele>1.1</ele>
        <time>2015-09-09T02:03:16Z</time>
      </trkpt>
      <trkpt lat="35.92789" lon="120.191428">
        <ele>0.9</ele>
        <time>2015-09-09T02:03:20Z</time>
      </trkpt>
      <trkpt lat="35.927806" lon="120.191433">
        <ele>0.8</ele>
        <time>2015-09-09T02:03:24Z</time>
      </trkpt>
      <trkpt lat="35.927722" lon="120.191449">
        <ele>0.7</ele>
        <time>2015-09-09T02:03:28Z</time>
      </trkpt>
      <trkpt lat="35.92763" lon="120.191479">
        <ele>0.5</ele>
        <time>2015-09-09T02:03:32Z</time>
      </trkpt>
      <trkpt lat="35.927545" lon="120.191517">
        <ele>0.4</ele>
        <time>2015-09-09T02:03:36Z</time>
      </trkpt>
      <trkpt lat="35.927452" lon="120.191546">
        <ele>0.2</ele>
        <time>2015-09-09T02:03:40Z</time>
      </trkpt>
      <trkpt lat="35.92735" lon="120.191576">
        <ele>0.1</ele>
        <time>2015-09-09T02:03:44Z</time>
      </trkpt>
      <trkpt lat="35.92725" lon="120.191592">
        <ele>0.0</ele>
        <time>2015-09-09T02:03:48Z</time>
      </trkpt>
      <trkpt lat="35.927143" lon="120.191604">
        <ele>-0.1</ele>
        <time>2015-09-09T02:03:52Z</time>
      </trkpt>
      <trkpt lat="35.927046" lon="120.191609">
        <ele>-0.2</ele>
        <time>2015-09-09T02:03:56Z</time>
      </trkpt>
      <trkpt lat="35.926947" lon="120.191601">
        <ele>-0.2</ele>
        <time>2015-09-09T02:04:00Z</time>
      </trkpt>
      <trkpt lat="35.926848" lon="120.191597">
        <ele>-0.3</ele>
        <time>2015-09-09T02:04:04Z</time>
      </trkpt>
      <trkpt lat="35.926753" lon="120.191585">
        <ele>-0.4</ele>
        <time>2015-09-09T02:04:08Z</time>
      </trkpt>
      <trkpt lat="35.92666" lon="120.191572">
        <ele>-0.4</ele>
        <time>2015-09-09T02:04:12Z</time>
      </trkpt>
      <trkpt lat="35.926564" lon="120.191567">
        <ele>-0.5</ele>
        <time>2015-09-09T02:04:16Z</time>
      </trkpt>
      <trkpt lat="35.926479" lon="120.191562">
        <ele>-0.6</ele>
        <time>2015-09-09T02:04:20Z</time>
      </trkpt>
      <trkpt lat="35.926385" lon="120.191573">
        <ele>-0.6</ele>
        <time>2015-09-09T02:04:24Z</time>
      </trkpt>
      <trkpt lat="35.926277" lon="120.191579">
        <ele>-0.7</ele>
        <time>2015-09-09T02:04:28Z</time>
      </trkpt>
      <trkpt lat="35.926166" lon="120.191572">
        <ele>-0.8</ele>
        <time>2015-09-09T02:04:32Z</time>
      </trkpt>
      <trkpt lat="35.926063" lon="120.191556">
        <ele>-0.8</ele>
        <time>2015-09-09T02:04:36Z</time>
      </trkpt>
      <trkpt lat="35.925963" lon="120.191521">
        <ele>-0.9</ele>
        <time>2015-09-09T02:04:40Z</time>
      </trkpt>
      <trkpt lat="35.925877" lon="120.19147">
        <ele>-0.9</ele>
        <time>2015-09-09T02:04:44Z</time>
      </trkpt>
      <trkpt lat="35.925797" lon="120.191411">
        <ele>-0.9</ele>
        <time>2015-09-09T02:04:48Z</time>
      </trkpt>
      <trkpt lat="35.925721" lon="120.191353">
        <ele>-0.9</ele>
        <time>2015-09-09T02:04:52Z</time>
      </trkpt>
      <trkpt lat="35.92565" lon="120.191295">
        <ele>-0.9</ele>
        <time>2015-09-09T02:04:56Z</time>
      </trkpt>
      <trkpt lat="35.925573" lon="120.191231">
        <ele>-0.9</ele>
        <time>2015-09-09T02:05:00Z</time>
      </trkpt>
      <trkpt lat="35.9255" lon="120.191177">
        <ele>-0.8</ele>
        <time>2015-09-09T02:05:04Z</time>
      </trkpt>
      <trkpt lat="35.925424" lon="120.19113">
        <ele>-0.7</ele>
        <time>2015-09-09T02:05:08Z</time>
      </trkpt>
      <trkpt lat="35.925349" lon="120.191088">
        <ele>-0.7</ele>
        <time>2015-09-09T02:05:12Z</time>
      </trkpt>
      <trkpt lat="35.925269" lon="120.191036">
        <ele>-0.6</ele>
        <time>2015-09-09T02:05:16Z</time>
      </trkpt>
      <trkpt lat="35.925142" lon="120.190868">
        <ele>-0.6</ele>
        <time>2015-09-09T02:05:20Z</time>
      </trkpt>
      <trkpt lat="35.925108" lon="120.190777">
        <ele>-0.5</ele>
        <time>2015-09-09T02:05:24Z</time>
      </trkpt>
      <trkpt lat="35.925067" lon="120.1907">
        <ele>-0.5</ele>
        <time>2015-09-09T02:05:28Z</time>
      </trkpt>
      <trkpt lat="35.925028" lon="120.190632">
        <ele>-0.5</ele>
        <time>2015-09-09T02:05:32Z</time>
      </trkpt>
      <trkpt lat="35.924971" lon="120.190544">
        <ele>-0.5</ele>
        <time>2015-09-09T02:05:36Z</time>
      </trkpt>
      <trkpt lat="35.924906" lon="120.190454">
        <ele>-0.6</ele>
        <time>2015-09-09T02:05:40Z</time>
      </trkpt>
      <trkpt lat="35.924844" lon="120.19036">
        <ele>-0.6</ele>
        <time>2015-09-09T02:05:44Z</time>
      </trkpt>
      <trkpt lat="35.924808" lon="120.190265">
        <ele>-0.6</ele>
        <time>2015-09-09T02:05:48Z</time>
      </trkpt>
      <trkpt lat="35.924793" lon="120.190178">
        <ele>-0.6</ele>
        <time>2015-09-09T02:05:52Z</time>
      </trkpt>
      <trkpt lat="35.924777" lon="120.190073">
        <ele>-0.6</ele>
        <time>2015-09-09T02:05:56Z</time>
      </trkpt>
      <trkpt lat="35.924774" lon="120.189953">
        <ele>-0.6</ele>
        <time>2015-09-09T02:06:00Z</time>
      </trkpt>
      <trkpt lat="35.924755" lon="120.189828">
        <ele>-0.6</ele>
        <time>2015-09-09T02:06:04Z</time>
      </trkpt>
      <trkpt lat="35.924724" lon="120.189703">
        <ele>-0.6</ele>
        <time>2015-09-09T02:06:08Z</time>
      </trkpt>
      <trkpt lat="35.924693" lon="120.189583">
        <ele>-0.6</ele>
        <time>2015-09-09T02:06:12Z</time>
      </trkpt>
      <trkpt lat="35.924656" lon="120.189466">
        <ele>-0.6</ele>
        <time>2015-09-09T02:06:16Z</time>
      </trkpt>
      <trkpt lat="35.924612" lon="120.18936">
        <ele>-0.6</ele>
        <time>2015-09-09T02:06:20Z</time>
      </trkpt>
      <trkpt lat="35.92456" lon="120.189265">
        <ele>-0.6</ele>
        <time>2015-09-09T02:06:24Z</time>
      </trkpt>
      <trkpt lat="35.924499" lon="120.189194">
        <ele>-0.6</ele>
        <time>2015-09-09T02:06:28Z</time>
      </trkpt>
      <trkpt lat="35.924428" lon="120.18915">
        <ele>-0.5</ele>
        <time>2015-09-09T02:06:32Z</time>
      </trkpt>
      <trkpt lat="35.924349" lon="120.189116">
        <ele>-0.5</ele>
        <time>2015-09-09T02:06:36Z</time>
      </trkpt>
      <trkpt lat="35.924271" lon="120.189086">
        <ele>-0.4</ele>
        <time>2015-09-09T02:06:40Z</time>
      </trkpt>
      <trkpt lat="35.92419" lon="120.189055">
        <ele>-0.3</ele>
        <time>2015-09-09T02:06:44Z</time>
      </trkpt>
      <trkpt lat="35.924107" lon="120.189018">
        <ele>-0.2</ele>
        <time>2015-09-09T02:06:48Z</time>
      </trkpt>
      <trkpt lat="35.924034" lon="120.188976">
        <ele>-0.1</ele>
        <time>2015-09-09T02:06:52Z</time>
      </trkpt>
      <trkpt lat="35.92396" lon="120.188916">
        <ele>0.0</ele>
        <time>2015-09-09T02:06:56Z</time>
      </trkpt>
      <trkpt lat="35.923901" lon="120.188825">
        <ele>0.2</ele>
        <time>2015-09-09T02:07:00Z</time>
      </trkpt>
      <trkpt lat="35.923894" lon="120.188715">
        <ele>0.3</ele>
        <time>2015-09-09T02:07:04Z</time>
      </trkpt>
      <trkpt lat="35.923894" lon="120.188612">
        <ele>0.4</ele>
        <time>2015-09-09T02:07:08Z</time>
      </trkpt>
      <trkpt lat="35.923904" lon="120.188505">
        <ele>0.5</ele>
        <time>2015-09-09T02:07:12Z</time>
      </trkpt>
      <trkpt lat="35.923925" lon="120.188399">
        <ele>0.6</ele>
        <time>2015-09-09T02:07:16Z</time>
      </trkpt>
      <trkpt lat="35.923958" lon="120.188293">
        <ele>0.7</ele>
        <time>2015-09-09T02:07:20Z</time>
      </trkpt>
      <trkpt lat="35.924001" lon="120.188194">
        <ele>0.8</ele>
        <time>2015-09-09T02:07:24Z</time>
      </trkpt>
      <trkpt lat="35.924046" lon="120.18809">
        <ele>0.9</ele>
        <time>2015-09-09T02:07:28Z</time>
      </trkpt>
      <trkpt lat="35.924095" lon="120.187992">
        <ele>0.9</ele>
        <time>2015-09-09T02:07:32Z</time>
      </trkpt>
      <trkpt lat="35.924133" lon="120.187888">
        <ele>1.0</ele>
        <time>2015-09-09T02:07:36Z</time>
      </trkpt>
      <trkpt lat="35.924151" lon="120.187768">
        <ele>1.1</ele>
        <time>2015-09-09T02:07:40Z</time>
      </trkpt>
      <trkpt lat="35.92416" lon="120.187648">
        <ele>1.2</ele>
        <time>2015-09-09T02:07:44Z</time>
      </trkpt>
      <trkpt lat="35.924161" lon="120.187533">
        <ele>1.2</ele>
        <time>2015-09-09T02:07:48Z</time>
      </trkpt>
      <trkpt lat="35.924158" lon="120.187424">
        <ele>1.3</ele>
        <time>2015-09-09T02:07:52Z</time>
      </trkpt>
      <trkpt lat="35.924152" lon="120.187312">
        <ele>1.3</ele>
        <time>2015-09-09T02:07:56Z</time>
      </trkpt>
      <trkpt lat="35.924146" lon="120.187197">
        <ele>1.3</ele>
        <time>2015-09-09T02:08:00Z</time>
      </trkpt>
      <trkpt lat="35.924124" lon="120.187083">
        <ele>1.3</ele>
        <time>2015-09-09T02:08:04Z</time>
      </trkpt>
      <trkpt lat="35.924093" lon="120.186969">
        <ele>1.3</ele>
        <time>2015-09-09T02:08:08Z</time>
      </trkpt>
      <trkpt lat="35.924066" lon="120.186865">
        <ele>1.3</ele>
        <time>2015-09-09T02:08:12Z</time>
      </trkpt>
      <trkpt lat="35.924033" lon="120.186764">
        <ele>1.3</ele>
        <time>2015-09-09T02:08:16Z</time>
      </trkpt>
      <trkpt lat="35.923995" lon="120.186661">
        <ele>1.3</ele>
        <time>2015-09-09T02:08:20Z</time>
      </trkpt>
      <trkpt lat="35.923959" lon="120.186548">
        <ele>1.3</ele>
        <time>2015-09-09T02:08:24Z</time>
      </trkpt>
      <trkpt lat="35.923924" lon="120.186435">
        <ele>1.4</ele>
        <time>2015-09-09T02:08:28Z</time>
      </trkpt>
      <trkpt lat="35.923894" lon="120.186321">
        <ele>1.4</ele>
        <time>2015-09-09T02:08:32Z</time>
      </trkpt>
      <trkpt lat="35.923852" lon="120.186196">
        <ele>1.4</ele>
        <time>2015-09-09T02:08:36Z</time>
      </trkpt>
      <trkpt lat="35.923819" lon="120.186088">
        <ele>1.5</ele>
        <time>2015-09-09T02:08:40Z</time>
      </trkpt>
      <trkpt lat="35.92376" lon="120.185997">
        <ele>1.5</ele>
        <time>2015-09-09T02:08:44Z</time>
      </trkpt>
      <trkpt lat="35.923677" lon="120.185925">
        <ele>1.5</ele>
        <time>2015-09-09T02:08:48Z</time>
      </trkpt>
      <trkpt lat="35.923587" lon="120.185854">
        <ele>1.5</ele>
        <time>2015-09-09T02:08:52Z</time>
      </trkpt>
      <trkpt lat="35.923502" lon="120.185781">
        <ele>1.5</ele>
        <time>2015-09-09T02:08:56Z</time>
      </trkpt>
      <trkpt lat="35.923423" lon="120.185705">
        <ele>1.5</ele>
        <time>2015-09-09T02:09:00Z</time>
      </trkpt>
      <trkpt lat="35.923392" lon="120.185606">
        <ele>1.5</ele>
        <time>2015-09-09T02:09:04Z</time>
      </trkpt>
      <trkpt lat="35.923434" lon="120.185507">
        <ele>1.5</ele>
        <time>2015-09-09T02:09:08Z</time>
      </trkpt>
      <trkpt lat="35.923479" lon="120.18542">
        <ele>1.5</ele>
        <time>2015-09-09T02:09:12Z</time>
      </trkpt>
      <trkpt lat="35.923529" lon="120.185337">
        <ele>1.5</ele>
        <time>2015-09-09T02:09:16Z</time>
      </trkpt>
      <trkpt lat="35.923588" lon="120.185256">
        <ele>1.5</ele>
        <time>2015-09-09T02:09:20Z</time>
      </trkpt>
      <trkpt lat="35.92364" lon="120.185157">
        <ele>1.5</ele>
        <time>2015-09-09T02:09:24Z</time>
      </trkpt>
      <trkpt lat="35.923689" lon="120.185041">
        <ele>1.4</ele>
        <time>2015-09-09T02:09:28Z</time>
      </trkpt>
      <trkpt lat="35.923749" lon="120.184954">
        <ele>1.4</ele>
        <time>2015-09-09T02:09:32Z</time>
      </trkpt>
      <trkpt lat="35.923821" lon="120.184889">
        <ele>1.4</ele>
        <time>2015-09-09T02:09:36Z</time>
      </trkpt>
      <trkpt lat="35.923893" lon="120.184833">
        <ele>1.4</ele>
        <time>2015-09-09T02:09:40Z</time>
      </trkpt>
      <trkpt lat="35.923975" lon="120.184779">
        <ele>1.3</ele>
        <time>2015-09-09T02:09:44Z</time>
      </trkpt>
      <trkpt lat="35.924068" lon="120.184722">
        <ele>1.3</ele>
        <time>2015-09-09T02:09:48Z</time>
      </trkpt>
      <trkpt lat="35.924157" lon="120.184672">
        <ele>1.2</ele>
        <time>2015-09-09T02:09:52Z</time>
      </trkpt>
      <trkpt lat="35.924232" lon="120.184628">
        <ele>1.2</ele>
        <time>2015-09-09T02:09:56Z</time>
      </trkpt>
      <trkpt lat="35.924311" lon="120.184582">
        <ele>1.1</ele>
        <time>2015-09-09T02:10:00Z</time>
      </trkpt>
      <trkpt lat="35.92441" lon="120.184456">
        <ele>1.1</ele>
        <time>2015-09-09T02:10:04Z</time>
      </trkpt>
      <trkpt lat="35.924394" lon="120.184344">
        <ele>1.1</ele>
        <time>2015-09-09T02:10:12Z</time>
      </trkpt>
      <trkpt lat="35.924361" lon="120.184244">
        <ele>1.1</ele>
        <time>2015-09-09T02:10:16Z</time>
      </trkpt>
      <trkpt lat="35.924326" lon="120.184141">
        <ele>1.0</ele>
        <time>2015-09-09T02:10:20Z</time>
      </trkpt>
      <trkpt lat="35.924291" lon="120.184032">
        <ele>1.0</ele>
        <time>2015-09-09T02:10:24Z</time>
      </trkpt>
      <trkpt lat="35.924261" lon="120.18392">
        <ele>1.0</ele>
        <time>2015-09-09T02:10:28Z</time>
      </trkpt>
      <trkpt lat="35.92423" lon="120.183811">
        <ele>1.0</ele>
        <time>2015-09-09T02:10:32Z</time>
      </trkpt>
      <trkpt lat="35.924193" lon="120.183703">
        <ele>1.0</ele>
        <time>2015-09-09T02:10:36Z</time>
      </trkpt>
      <trkpt lat="35.924155" lon="120.183599">
        <ele>1.0</ele>
        <time>2015-09-09T02:10:40Z</time>
      </trkpt>
      <trkpt lat="35.924126" lon="120.183491">
        <ele>1.0</ele>
        <time>2015-09-09T02:10:44Z</time>
      </trkpt>
      <trkpt lat="35.924104" lon="120.183389">
        <ele>1.0</ele>
        <time>2015-09-09T02:10:48Z</time>
      </trkpt>
      <trkpt lat="35.924079" lon="120.183308">
        <ele>1.0</ele>
        <time>2015-09-09T02:10:52Z</time>
      </trkpt>
      <trkpt lat="35.924062" lon="120.183241">
        <ele>1.0</ele>
        <time>2015-09-09T02:10:56Z</time>
      </trkpt>
      <trkpt lat="35.924052" lon="120.183211">
        <ele>1.0</ele>
        <time>2015-09-09T02:11:00Z</time>
      </trkpt>
      <trkpt lat="35.924136" lon="120.183201">
        <ele>1.0</ele>
        <time>2015-09-09T02:11:56Z</time>
      </trkpt>
      <trkpt lat="35.924157" lon="120.183192">
        <ele>1.0</ele>
        <time>2015-09-09T02:12:00Z</time>
      </trkpt>
      <trkpt lat="35.924156" lon="120.183269">
        <ele>1.0</ele>
        <time>2015-09-09T02:12:20Z</time>
      </trkpt>
      <trkpt lat="35.924184" lon="120.183371">
        <ele>1.0</ele>
        <time>2015-09-09T02:12:24Z</time>
      </trkpt>
      <trkpt lat="35.924216" lon="120.183482">
        <ele>1.0</ele>
        <time>2015-09-09T02:12:28Z</time>
      </trkpt>
      <trkpt lat="35.92425" lon="120.183596">
        <ele>1.0</ele>
        <time>2015-09-09T02:12:32Z</time>
      </trkpt>
      <trkpt lat="35.924289" lon="120.183708">
        <ele>1.0</ele>
        <time>2015-09-09T02:12:36Z</time>
      </trkpt>
      <trkpt lat="35.924321" lon="120.183824">
        <ele>1.0</ele>
        <time>2015-09-09T02:12:40Z</time>
      </trkpt>
      <trkpt lat="35.924352" lon="120.183941">
        <ele>0.9</ele>
        <time>2015-09-09T02:12:44Z</time>
      </trkpt>
      <trkpt lat="35.92438" lon="120.184055">
        <ele>0.9</ele>
        <time>2015-09-09T02:12:48Z</time>
      </trkpt>
      <trkpt lat="35.924409" lon="120.184163">
        <ele>0.9</ele>
        <time>2015-09-09T02:12:52Z</time>
      </trkpt>
      <trkpt lat="35.924438" lon="120.184276">
        <ele>0.8</ele>
        <time>2015-09-09T02:12:56Z</time>
      </trkpt>
      <trkpt lat="35.924451" lon="120.18439">
        <ele>0.8</ele>
        <time>2015-09-09T02:13:00Z</time>
      </trkpt>
      <trkpt lat="35.924474" lon="120.184501">
        <ele>0.8</ele>
        <time>2015-09-09T02:13:04Z</time>
      </trkpt>
      <trkpt lat="35.924507" lon="120.184618">
        <ele>0.8</ele>
        <time>2015-09-09T02:13:08Z</time>
      </trkpt>
      <trkpt lat="35.924531" lon="120.184735">
        <ele>0.8</ele>
        <time>2015-09-09T02:13:12Z</time>
      </trkpt>
      <trkpt lat="35.924554" lon="120.184847">
        <ele>0.8</ele>
        <time>2015-09-09T02:13:16Z</time>
      </trkpt>
      <trkpt lat="35.924575" lon="120.184953">
        <ele>0.8</ele>
        <time>2015-09-09T02:13:20Z</time>
      </trkpt>
      <trkpt lat="35.924583" lon="120.185065">
        <ele>0.9</ele>
        <time>2015-09-09T02:13:24Z</time>
      </trkpt>
      <trkpt lat="35.92457" lon="120.185187">
        <ele>0.9</ele>
        <time>2015-09-09T02:13:28Z</time>
      </trkpt>
      <trkpt lat="35.92454" lon="120.185299">
        <ele>1.0</ele>
        <time>2015-09-09T02:13:32Z</time>
      </trkpt>
      <trkpt lat="35.924508" lon="120.185398">
        <ele>1.1</ele>
        <time>2015-09-09T02:13:36Z</time>
      </trkpt>
      <trkpt lat="35.924491" lon="120.185499">
        <ele>1.2</ele>
        <time>2015-09-09T02:13:40Z</time>
      </trkpt>
      <trkpt lat="35.924496" lon="120.185595">
        <ele>1.2</ele>
        <time>2015-09-09T02:13:44Z</time>
      </trkpt>
      <trkpt lat="35.924543" lon="120.185663">
        <ele>1.2</ele>
        <time>2015-09-09T02:13:48Z</time>
      </trkpt>
      <trkpt lat="35.924617" lon="120.185717">
        <ele>1.3</ele>
        <time>2015-09-09T02:13:52Z</time>
      </trkpt>
      <trkpt lat="35.92468" lon="120.185807">
        <ele>1.3</ele>
        <time>2015-09-09T02:13:56Z</time>
      </trkpt>
      <trkpt lat="35.924715" lon="120.185915">
        <ele>1.3</ele>
        <time>2015-09-09T02:14:00Z</time>
      </trkpt>
      <trkpt lat="35.924724" lon="120.186033">
        <ele>1.4</ele>
        <time>2015-09-09T02:14:04Z</time>
      </trkpt>
      <trkpt lat="35.924724" lon="120.186145">
        <ele>1.4</ele>
        <time>2015-09-09T02:14:08Z</time>
      </trkpt>
      <trkpt lat="35.924731" lon="120.186254">
        <ele>1.4</ele>
        <time>2015-09-09T02:14:12Z</time>
      </trkpt>
      <trkpt lat="35.924738" lon="120.186358">
        <ele>1.4</ele>
        <time>2015-09-09T02:14:16Z</time>
      </trkpt>
      <trkpt lat="35.924723" lon="120.18647">
        <ele>1.4</ele>
        <time>2015-09-09T02:14:20Z</time>
      </trkpt>
      <trkpt lat="35.924721" lon="120.186586">
        <ele>1.5</ele>
        <time>2015-09-09T02:14:24Z</time>
      </trkpt>
      <trkpt lat="35.924747" lon="120.18669">
        <ele>1.4</ele>
        <time>2015-09-09T02:14:28Z</time>
      </trkpt>
      <trkpt lat="35.924773" lon="120.186799">
        <ele>1.4</ele>
        <time>2015-09-09T02:14:32Z</time>
      </trkpt>
      <trkpt lat="35.924806" lon="120.186913">
        <ele>1.4</ele>
        <time>2015-09-09T02:14:36Z</time>
      </trkpt>
      <trkpt lat="35.924825" lon="120.187152">
        <ele>1.3</ele>
        <time>2015-09-09T02:14:40Z</time>
      </trkpt>
      <trkpt lat="35.92483" lon="120.187267">
        <ele>1.3</ele>
        <time>2015-09-09T02:14:44Z</time>
      </trkpt>
      <trkpt lat="35.924842" lon="120.187384">
        <ele>1.2</ele>
        <time>2015-09-09T02:14:48Z</time>
      </trkpt>
      <trkpt lat="35.924854" lon="120.187505">
        <ele>1.1</ele>
        <time>2015-09-09T02:14:52Z</time>
      </trkpt>
      <trkpt lat="35.924873" lon="120.187619">
        <ele>1.0</ele>
        <time>2015-09-09T02:14:56Z</time>
      </trkpt>
      <trkpt lat="35.924893" lon="120.187731">
        <ele>0.8</ele>
        <time>2015-09-09T02:15:00Z</time>
      </trkpt>
      <trkpt lat="35.924927" lon="120.187833">
        <ele>0.7</ele>
        <time>2015-09-09T02:15:04Z</time>
      </trkpt>
      <trkpt lat="35.924979" lon="120.187916">
        <ele>0.7</ele>
        <time>2015-09-09T02:15:08Z</time>
      </trkpt>
      <trkpt lat="35.925015" lon="120.188013">
        <ele>0.6</ele>
        <time>2015-09-09T02:15:12Z</time>
      </trkpt>
      <trkpt lat="35.92503" lon="120.188124">
        <ele>0.5</ele>
        <time>2015-09-09T02:15:16Z</time>
      </trkpt>
      <trkpt lat="35.925046" lon="120.188235">
        <ele>0.5</ele>
        <time>2015-09-09T02:15:20Z</time>
      </trkpt>
      <trkpt lat="35.925064" lon="120.188356">
        <ele>0.5</ele>
        <time>2015-09-09T02:15:28Z</time>
      </trkpt>
      <trkpt lat="35.925089" lon="120.188489">
        <ele>0.5</ele>
        <time>2015-09-09T02:15:32Z</time>
      </trkpt>
      <trkpt lat="35.925104" lon="120.188603">
        <ele>0.5</ele>
        <time>2015-09-09T02:15:36Z</time>
      </trkpt>
      <trkpt lat="35.925113" lon="120.188715">
        <ele>0.5</ele>
        <time>2015-09-09T02:15:40Z</time>
      </trkpt>
      <trkpt lat="35.925129" lon="120.18882">
        <ele>0.5</ele>
        <time>2015-09-09T02:15:44Z</time>
      </trkpt>
      <trkpt lat="35.925149" lon="120.188935">
        <ele>0.5</ele>
        <time>2015-09-09T02:15:48Z</time>
      </trkpt>
      <trkpt lat="35.925172" lon="120.189067">
        <ele>0.5</ele>
        <time>2015-09-09T02:15:52Z</time>
      </trkpt>
      <trkpt lat="35.925191" lon="120.189178">
        <ele>0.5</ele>
        <time>2015-09-09T02:15:56Z</time>
      </trkpt>
      <trkpt lat="35.925207" lon="120.18929">
        <ele>0.5</ele>
        <time>2015-09-09T02:16:00Z</time>
      </trkpt>
      <trkpt lat="35.92522" lon="120.189407">
        <ele>0.5</ele>
        <time>2015-09-09T02:16:04Z</time>
      </trkpt>
      <trkpt lat="35.925236" lon="120.189513">
        <ele>0.4</ele>
        <time>2015-09-09T02:16:08Z</time>
      </trkpt>
      <trkpt lat="35.925263" lon="120.189619">
        <ele>0.4</ele>
        <time>2015-09-09T02:16:12Z</time>
      </trkpt>
      <trkpt lat="35.925293" lon="120.189725">
        <ele>0.3</ele>
        <time>2015-09-09T02:16:16Z</time>
      </trkpt>
      <trkpt lat="35.925331" lon="120.189831">
        <ele>0.3</ele>
        <time>2015-09-09T02:16:20Z</time>
      </trkpt>
      <trkpt lat="35.925386" lon="120.189928">
        <ele>0.2</ele>
        <time>2015-09-09T02:16:24Z</time>
      </trkpt>
      <trkpt lat="35.925445" lon="120.190026">
        <ele>0.2</ele>
        <time>2015-09-09T02:16:28Z</time>
      </trkpt>
      <trkpt lat="35.925496" lon="120.190126">
        <ele>0.1</ele>
        <time>2015-09-09T02:16:32Z</time>
      </trkpt>
      <trkpt lat="35.92555" lon="120.19022">
        <ele>0.1</ele>
        <time>2015-09-09T02:16:36Z</time>
      </trkpt>
      <trkpt lat="35.925608" lon="120.190309">
        <ele>0.1</ele>
        <time>2015-09-09T02:16:40Z</time>
      </trkpt>
      <trkpt lat="35.925667" lon="120.190394">
        <ele>0.1</ele>
        <time>2015-09-09T02:16:44Z</time>
      </trkpt>
      <trkpt lat="35.92573" lon="120.190474">
        <ele>0.0</ele>
        <time>2015-09-09T02:16:48Z</time>
      </trkpt>
      <trkpt lat="35.925814" lon="120.190555">
        <ele>-0.0</ele>
        <time>2015-09-09T02:16:52Z</time>
      </trkpt>
      <trkpt lat="35.9259" lon="120.190628">
        <ele>-0.1</ele>
        <time>2015-09-09T02:16:56Z</time>
      </trkpt>
      <trkpt lat="35.925986" lon="120.190691">
        <ele>-0.1</ele>
        <time>2015-09-09T02:17:00Z</time>
      </trkpt>
      <trkpt lat="35.926067" lon="120.190756">
        <ele>-0.2</ele>
        <time>2015-09-09T02:17:04Z</time>
      </trkpt>
      <trkpt lat="35.926152" lon="120.190818">
        <ele>-0.2</ele>
        <time>2015-09-09T02:17:08Z</time>
      </trkpt>
      <trkpt lat="35.92624" lon="120.190872">
        <ele>-0.2</ele>
        <time>2015-09-09T02:17:12Z</time>
      </trkpt>
      <trkpt lat="35.926325" lon="120.190923">
        <ele>-0.2</ele>
        <time>2015-09-09T02:17:16Z</time>
      </trkpt>
      <trkpt lat="35.926411" lon="120.190977">
        <ele>-0.2</ele>
        <time>2015-09-09T02:17:20Z</time>
      </trkpt>
      <trkpt lat="35.926513" lon="120.191034">
        <ele>-0.2</ele>
        <time>2015-09-09T02:17:24Z</time>
      </trkpt>
      <trkpt lat="35.926597" lon="120.191078">
        <ele>-0.2</ele>
        <time>2015-09-09T02:17:28Z</time>
      </trkpt>
      <trkpt lat="35.926688" lon="120.191118">
        <ele>-0.1</ele>
        <time>2015-09-09T02:17:32Z</time>
      </trkpt>
      <trkpt lat="35.926779" lon="120.191144">
        <ele>-0.1</ele>
        <time>2015-09-09T02:17:36Z</time>
      </trkpt>
      <trkpt lat="35.926871" lon="120.191167">
        <ele>0.0</ele>
        <time>2015-09-09T02:17:40Z</time>
      </trkpt>
      <trkpt lat="35.926963" lon="120.191175">
        <ele>0.1</ele>
        <time>2015-09-09T02:17:44Z</time>
      </trkpt>
      <trkpt lat="35.927058" lon="120.191171">
        <ele>0.1</ele>
        <time>2015-09-09T02:17:48Z</time>
      </trkpt>
      <trkpt lat="35.927151" lon="120.19116">
        <ele>0.2</ele>
        <time>2015-09-09T02:17:52Z</time>
      </trkpt>
      <trkpt lat="35.927241" lon="120.191153">
        <ele>0.2</ele>
        <time>2015-09-09T02:17:56Z</time>
      </trkpt>
      <trkpt lat="35.927333" lon="120.191131">
        <ele>0.3</ele>
        <time>2015-09-09T02:18:00Z</time>
      </trkpt>
      <trkpt lat="35.927432" lon="120.191096">
        <ele>0.3</ele>
        <time>2015-09-09T02:18:04Z</time>
      </trkpt>
      <trkpt lat="35.927528" lon="120.191051">
        <ele>0.4</ele>
        <time>2015-09-09T02:18:08Z</time>
      </trkpt>
      <trkpt lat="35.927621" lon="120.191015">
        <ele>0.5</ele>
        <time>2015-09-09T02:18:12Z</time>
      </trkpt>
      <trkpt lat="35.92771" lon="120.191015">
        <ele>0.5</ele>
        <time>2015-09-09T02:18:16Z</time>
      </trkpt>
      <trkpt lat="35.927796" lon="120.190994">
        <ele>0.6</ele>
        <time>2015-09-09T02:18:20Z</time>
      </trkpt>
      <trkpt lat="35.927884" lon="120.19096">
        <ele>0.7</ele>
        <time>2015-09-09T02:18:24Z</time>
      </trkpt>
      <trkpt lat="35.927978" lon="120.190954">
        <ele>0.8</ele>
        <time>2015-09-09T02:18:28Z</time>
      </trkpt>
      <trkpt lat="35.928054" lon="120.190908">
        <ele>0.9</ele>
        <time>2015-09-09T02:18:32Z</time>
      </trkpt>
      <trkpt lat="35.928261" lon="120.190874">
        <ele>1.0</ele>
        <time>2015-09-09T02:18:40Z</time>
      </trkpt>
      <trkpt lat="35.928451" lon="120.190931">
        <ele>1.1</ele>
        <time>2015-09-09T02:18:48Z</time>
      </trkpt>
      <trkpt lat="35.928541" lon="120.190985">
        <ele>1.2</ele>
        <time>2015-09-09T02:18:52Z</time>
      </trkpt>
      <trkpt lat="35.92863" lon="120.191031">
        <ele>1.3</ele>
        <time>2015-09-09T02:18:56Z</time>
      </trkpt>
      <trkpt lat="35.928713" lon="120.191036">
        <ele>1.5</ele>
        <time>2015-09-09T02:19:00Z</time>
      </trkpt>
      <trkpt lat="35.928795" lon="120.191022">
        <ele>1.6</ele>
        <time>2015-09-09T02:19:04Z</time>
      </trkpt>
      <trkpt lat="35.928879" lon="120.191021">
        <ele>1.8</ele>
        <time>2015-09-09T02:19:08Z</time>
      </trkpt>
      <trkpt lat="35.929023" lon="120.191115">
        <ele>1.9</ele>
        <time>2015-09-09T02:19:12Z</time>
      </trkpt>
      <trkpt lat="35.929104" lon="120.191188">
        <ele>2.1</ele>
        <time>2015-09-09T02:19:20Z</time>
      </trkpt>
      <trkpt lat="35.929185" lon="120.191216">
        <ele>2.3</ele>
        <time>2015-09-09T02:19:24Z</time>
      </trkpt>
      <trkpt lat="35.929265" lon="120.191192">
        <ele>2.5</ele>
        <time>2015-09-09T02:19:28Z</time>
      </trkpt>
      <trkpt lat="35.929438" lon="120.191205">
        <ele>2.8</ele>
        <time>2015-09-09T02:19:32Z</time>
      </trkpt>
      <trkpt lat="35.929532" lon="120.191189">
        <ele>3.0</ele>
        <time>2015-09-09T02:19:40Z</time>
      </trkpt>
      <trkpt lat="35.929625" lon="120.191227">
        <ele>3.2</ele>
        <time>2015-09-09T02:19:44Z</time>
      </trkpt>
      <trkpt lat="35.929705" lon="120.191281">
        <ele>3.4</ele>
        <time>2015-09-09T02:19:48Z</time>
      </trkpt>
      <trkpt lat="35.929791" lon="120.191286">
        <ele>3.6</ele>
        <time>2015-09-09T02:19:52Z</time>
      </trkpt>
      <trkpt lat="35.929876" lon="120.191256">
        <ele>3.8</ele>
        <time>2015-09-09T02:19:56Z</time>
      </trkpt>
      <trkpt lat="35.929958" lon="120.191222">
        <ele>3.9</ele>
        <time>2015-09-09T02:20:00Z</time>
      </trkpt>
      <trkpt lat="35.930053" lon="120.191217">
        <ele>4.1</ele>
        <time>2015-09-09T02:20:04Z</time>
      </trkpt>
      <trkpt lat="35.930144" lon="120.191264">
        <ele>4.3</ele>
        <time>2015-09-09T02:20:08Z</time>
      </trkpt>
      <trkpt lat="35.930226" lon="120.191313">
        <ele>4.4</ele>
        <time>2015-09-09T02:20:12Z</time>
      </trkpt>
      <trkpt lat="35.930312" lon="120.191334">
        <ele>4.6</ele>
        <time>2015-09-09T02:20:16Z</time>
      </trkpt>
      <trkpt lat="35.930406" lon="120.191338">
        <ele>4.7</ele>
        <time>2015-09-09T02:20:20Z</time>
      </trkpt>
      <trkpt lat="35.930497" lon="120.191334">
        <ele>4.9</ele>
        <time>2015-09-09T02:20:24Z</time>
      </trkpt>
      <trkpt lat="35.930587" lon="120.191326">
        <ele>5.0</ele>
        <time>2015-09-09T02:20:28Z</time>
      </trkpt>
      <trkpt lat="35.930678" lon="120.191318">
        <ele>5.1</ele>
        <time>2015-09-09T02:20:32Z</time>
      </trkpt>
      <trkpt lat="35.93076" lon="120.191285">
        <ele>5.2</ele>
        <time>2015-09-09T02:20:36Z</time>
      </trkpt>
      <trkpt lat="35.930842" lon="120.191236">
        <ele>5.3</ele>
        <time>2015-09-09T02:20:40Z</time>
      </trkpt>
      <trkpt lat="35.930935" lon="120.191226">
        <ele>5.3</ele>
        <time>2015-09-09T02:20:44Z</time>
      </trkpt>
      <trkpt lat="35.931028" lon="120.191228">
        <ele>5.4</ele>
        <time>2015-09-09T02:20:48Z</time>
      </trkpt>
      <trkpt lat="35.931217" lon="120.191237">
        <ele>5.4</ele>
        <time>2015-09-09T02:20:52Z</time>
      </trkpt>
      <trkpt lat="35.931407" lon="120.191304">
        <ele>5.4</ele>
        <time>2015-09-09T02:21:00Z</time>
      </trkpt>
      <trkpt lat="35.931504" lon="120.19133">
        <ele>5.4</ele>
        <time>2015-09-09T02:21:08Z</time>
      </trkpt>
      <trkpt lat="35.931603" lon="120.191346">
        <ele>5.4</ele>
        <time>2015-09-09T02:21:12Z</time>
      </trkpt>
      <trkpt lat="35.931697" lon="120.191364">
        <ele>5.3</ele>
        <time>2015-09-09T02:21:16Z</time>
      </trkpt>
      <trkpt lat="35.931894" lon="120.19141">
        <ele>5.3</ele>
        <time>2015-09-09T02:21:20Z</time>
      </trkpt>
      <trkpt lat="35.93199" lon="120.19143">
        <ele>5.2</ele>
        <time>2015-09-09T02:21:28Z</time>
      </trkpt>
      <trkpt lat="35.932078" lon="120.191458">
        <ele>5.1</ele>
        <time>2015-09-09T02:21:32Z</time>
      </trkpt>
      <trkpt lat="35.93216" lon="120.191499">
        <ele>5.0</ele>
        <time>2015-09-09T02:21:36Z</time>
      </trkpt>
      <trkpt lat="35.932317" lon="120.19166">
        <ele>4.9</ele>
        <time>2015-09-09T02:21:40Z</time>
      </trkpt>
      <trkpt lat="35.932361" lon="120.191768">
        <ele>4.8</ele>
        <time>2015-09-09T02:21:48Z</time>
      </trkpt>
      <trkpt lat="35.932388" lon="120.191871">
        <ele>4.7</ele>
        <time>2015-09-09T02:21:52Z</time>
      </trkpt>
      <trkpt lat="35.932424" lon="120.191977">
        <ele>4.5</ele>
        <time>2015-09-09T02:21:56Z</time>
      </trkpt>
      <trkpt lat="35.932474" lon="120.192081">
        <ele>4.4</ele>
        <time>2015-09-09T02:22:00Z</time>
      </trkpt>
      <trkpt lat="35.932528" lon="120.192172">
        <ele>4.3</ele>
        <time>2015-09-09T02:22:04Z</time>
      </trkpt>
      <trkpt lat="35.932642" lon="120.192349">
        <ele>4.2</ele>
        <time>2015-09-09T02:22:08Z</time>
      </trkpt>
      <trkpt lat="35.932684" lon="120.192456">
        <ele>4.2</ele>
        <time>2015-09-09T02:22:16Z</time>
      </trkpt>
      <trkpt lat="35.932724" lon="120.192575">
        <ele>4.1</ele>
        <time>2015-09-09T02:22:20Z</time>
      </trkpt>
      <trkpt lat="35.932766" lon="120.192688">
        <ele>4.1</ele>
        <time>2015-09-09T02:22:24Z</time>
      </trkpt>
      <trkpt lat="35.932767" lon="120.192795">
        <ele>4.0</ele>
        <time>2015-09-09T02:22:28Z</time>
      </trkpt>
      <trkpt lat="35.932731" lon="120.192895">
        <ele>4.1</ele>
        <time>2015-09-09T02:22:32Z</time>
      </trkpt>
      <trkpt lat="35.932704" lon="120.193004">
        <ele>4.1</ele>
        <time>2015-09-09T02:22:36Z</time>
      </trkpt>
      <trkpt lat="35.932671" lon="120.193118">
        <ele>4.1</ele>
        <time>2015-09-09T02:22:40Z</time>
      </trkpt>
      <trkpt lat="35.932647" lon="120.193226">
        <ele>4.1</ele>
        <time>2015-09-09T02:22:44Z</time>
      </trkpt>
      <trkpt lat="35.932664" lon="120.193339">
        <ele>4.1</ele>
        <time>2015-09-09T02:22:48Z</time>
      </trkpt>
      <trkpt lat="35.932681" lon="120.193459">
        <ele>4.1</ele>
        <time>2015-09-09T02:22:52Z</time>
      </trkpt>
      <trkpt lat="35.932651" lon="120.193572">
        <ele>4.2</ele>
        <time>2015-09-09T02:22:56Z</time>
      </trkpt>
      <trkpt lat="35.932575" lon="120.193626">
        <ele>4.2</ele>
        <time>2015-09-09T02:23:00Z</time>
      </trkpt>
      <trkpt lat="35.932501" lon="120.193676">
        <ele>4.2</ele>
        <time>2015-09-09T02:23:04Z</time>
      </trkpt>
      <trkpt lat="35.932437" lon="120.193738">
        <ele>4.2</ele>
        <time>2015-09-09T02:23:08Z</time>
      </trkpt>
      <trkpt lat="35.932382" lon="120.193815">
        <ele>4.3</ele>
        <time>2015-09-09T02:23:12Z</time>
      </trkpt>
      <trkpt lat="35.932338" lon="120.193909">
        <ele>4.3</ele>
        <time>2015-09-09T02:23:16Z</time>
      </trkpt>
      <trkpt lat="35.932294" lon="120.194011">
        <ele>4.3</ele>
        <time>2015-09-09T02:23:20Z</time>
      </trkpt>
      <trkpt lat="35.93226" lon="120.194117">
        <ele>4.3</ele>
        <time>2015-09-09T02:23:24Z</time>
      </trkpt>
      <trkpt lat="35.932235" lon="120.194241">
        <ele>4.3</ele>
        <time>2015-09-09T02:23:28Z</time>
      </trkpt>
      <trkpt lat="35.932213" lon="120.194371">
        <ele>4.3</ele>
        <time>2015-09-09T02:23:32Z</time>
      </trkpt>
      <trkpt lat="35.9322" lon="120.194498">
        <ele>4.4</ele>
        <time>2015-09-09T02:23:36Z</time>
      </trkpt>
      <trkpt lat="35.932204" lon="120.194632">
        <ele>4.4</ele>
        <time>2015-09-09T02:23:40Z</time>
      </trkpt>
      <trkpt lat="35.932207" lon="120.194774">
        <ele>4.4</ele>
        <time>2015-09-09T02:23:44Z</time>
      </trkpt>
      <trkpt lat="35.932213" lon="120.194908">
        <ele>4.3</ele>
        <time>2015-09-09T02:23:48Z</time>
      </trkpt>
      <trkpt lat="35.932214" lon="120.19503">
        <ele>4.3</ele>
        <time>2015-09-09T02:23:52Z</time>
      </trkpt>
      <trkpt lat="35.932159" lon="120.195121">
        <ele>4.2</ele>
        <time>2015-09-09T02:23:56Z</time>
      </trkpt>
      <trkpt lat="35.932086" lon="120.195178">
        <ele>4.1</ele>
        <time>2015-09-09T02:24:00Z</time>
      </trkpt>
      <trkpt lat="35.932012" lon="120.195231">
        <ele>4.0</ele>
        <time>2015-09-09T02:24:04Z</time>
      </trkpt>
      <trkpt lat="35.931946" lon="120.195292">
        <ele>3.9</ele>
        <time>2015-09-09T02:24:08Z</time>
      </trkpt>
      <trkpt lat="35.931893" lon="120.195369">
        <ele>3.7</ele>
        <time>2015-09-09T02:24:12Z</time>
      </trkpt>
      <trkpt lat="35.931856" lon="120.195471">
        <ele>3.6</ele>
        <time>2015-09-09T02:24:16Z</time>
      </trkpt>
      <trkpt lat="35.931825" lon="120.195582">
        <ele>3.4</ele>
        <time>2015-09-09T02:24:20Z</time>
      </trkpt>
      <trkpt lat="35.931811" lon="120.195706">
        <ele>3.2</ele>
        <time>2015-09-09T02:24:24Z</time>
      </trkpt>
      <trkpt lat="35.931807" lon="120.195827">
        <ele>3.1</ele>
        <time>2015-09-09T02:24:28Z</time>
      </trkpt>
      <trkpt lat="35.931817" lon="120.195942">
        <ele>2.9</ele>
        <time>2015-09-09T02:24:32Z</time>
      </trkpt>
      <trkpt lat="35.931822" lon="120.196059">
        <ele>2.8</ele>
        <time>2015-09-09T02:24:36Z</time>
      </trkpt>
      <trkpt lat="35.931813" lon="120.196172">
        <ele>2.7</ele>
        <time>2015-09-09T02:24:40Z</time>
      </trkpt>
      <trkpt lat="35.931789" lon="120.196284">
        <ele>2.5</ele>
        <time>2015-09-09T02:24:44Z</time>
      </trkpt>
      <trkpt lat="35.931761" lon="120.1964">
        <ele>2.3</ele>
        <time>2015-09-09T02:24:48Z</time>
      </trkpt>
      <trkpt lat="35.931745" lon="120.196513">
        <ele>2.1</ele>
        <time>2015-09-09T02:24:52Z</time>
      </trkpt>
      <trkpt lat="35.93181" lon="120.196708">
        <ele>2.0</ele>
        <time>2015-09-09T02:24:56Z</time>
      </trkpt>
      <trkpt lat="35.93186" lon="120.196799">
        <ele>1.8</ele>
        <time>2015-09-09T02:25:04Z</time>
      </trkpt>
      <trkpt lat="35.931901" lon="120.196895">
        <ele>1.7</ele>
        <time>2015-09-09T02:25:08Z</time>
      </trkpt>
      <trkpt lat="35.931947" lon="120.196989">
        <ele>1.5</ele>
        <time>2015-09-09T02:25:12Z</time>
      </trkpt>
      <trkpt lat="35.93199" lon="120.197089">
        <ele>1.4</ele>
        <time>2015-09-09T02:25:16Z</time>
      </trkpt>
      <trkpt lat="35.932033" lon="120.197191">
        <ele>1.3</ele>
        <time>2015-09-09T02:25:20Z</time>
      </trkpt>
      <trkpt lat="35.932067" lon="120.197294">
        <ele>1.2</ele>
        <time>2015-09-09T02:25:24Z</time>
      </trkpt>
      <trkpt lat="35.932091" lon="120.197393">
        <ele>1.1</ele>
        <time>2015-09-09T02:25:28Z</time>
      </trkpt>
      <trkpt lat="35.932119" lon="120.197493">
        <ele>1.0</ele>
        <time>2015-09-09T02:25:32Z</time>
      </trkpt>
      <trkpt lat="35.932141" lon="120.197601">
        <ele>0.9</ele>
        <time>2015-09-09T02:25:36Z</time>
      </trkpt>
      <trkpt lat="35.932204" lon="120.197815">
        <ele>0.8</ele>
        <time>2015-09-09T02:25:40Z</time>
      </trkpt>
      <trkpt lat="35.93226" lon="120.198056">
        <ele>0.8</ele>
        <time>2015-09-09T02:25:48Z</time>
      </trkpt>
      <trkpt lat="35.932287" lon="120.198165">
        <ele>0.7</ele>
        <time>2015-09-09T02:25:52Z</time>
      </trkpt>
      <trkpt lat="35.932313" lon="120.198266">
        <ele>0.7</ele>
        <time>2015-09-09T02:25:56Z</time>
      </trkpt>
      <trkpt lat="35.932339" lon="120.198366">
        <ele>0.7</ele>
        <time>2015-09-09T02:26:00Z</time>
      </trkpt>
      <trkpt lat="35.932381" lon="120.198457">
        <ele>0.6</ele>
        <time>2015-09-09T02:26:04Z</time>
      </trkpt>
      <trkpt lat="35.932441" lon="120.198511">
        <ele>0.6</ele>
        <time>2015-09-09T02:26:08Z</time>
      </trkpt>
      <trkpt lat="35.932516" lon="120.198506">
        <ele>0.5</ele>
        <time>2015-09-09T02:26:12Z</time>
      </trkpt>
      <trkpt lat="35.932608" lon="120.198495">
        <ele>0.5</ele>
        <time>2015-09-09T02:26:16Z</time>
      </trkpt>
      <trkpt lat="35.932719" lon="120.198508">
        <ele>0.5</ele>
        <time>2015-09-09T02:26:20Z</time>
      </trkpt>
      <trkpt lat="35.932822" lon="120.198539">
        <ele>0.6</ele>
        <time>2015-09-09T02:26:24Z</time>
      </trkpt>
      <trkpt lat="35.93291" lon="120.198587">
        <ele>0.7</ele>
        <time>2015-09-09T02:26:28Z</time>
      </trkpt>
      <trkpt lat="35.932982" lon="120.198658">
        <ele>0.7</ele>
        <time>2015-09-09T02:26:32Z</time>
      </trkpt>
      <trkpt lat="35.933034" lon="120.198759">
        <ele>0.7</ele>
        <time>2015-09-09T02:26:36Z</time>
      </trkpt>
      <trkpt lat="35.93306" lon="120.198874">
        <ele>0.7</ele>
        <time>2015-09-09T02:26:40Z</time>
      </trkpt>
      <trkpt lat="35.933063" lon="120.198983">
        <ele>0.8</ele>
        <time>2015-09-09T02:26:44Z</time>
      </trkpt>
      <trkpt lat="35.933051" lon="120.199101">
        <ele>0.8</ele>
        <time>2015-09-09T02:26:48Z</time>
      </trkpt>
      <trkpt lat="35.93302" lon="120.199212">
        <ele>0.8</ele>
        <time>2015-09-09T02:26:52Z</time>
      </trkpt>
      <trkpt lat="35.932979" lon="120.199315">
        <ele>0.8</ele>
        <time>2015-09-09T02:26:56Z</time>
      </trkpt>
      <trkpt lat="35.932932" lon="120.199414">
        <ele>0.8</ele>
        <time>2015-09-09T02:27:00Z</time>
      </trkpt>
      <trkpt lat="35.93288" lon="120.199502">
        <ele>0.8</ele>
        <time>2015-09-09T02:27:04Z</time>
      </trkpt>
      <trkpt lat="35.932821" lon="120.199588">
        <ele>0.8</ele>
        <time>2015-09-09T02:27:08Z</time>
      </trkpt>
      <trkpt lat="35.932758" lon="120.199678">
        <ele>0.7</ele>
        <time>2015-09-09T02:27:12Z</time>
      </trkpt>
      <trkpt lat="35.932733" lon="120.199779">
        <ele>0.7</ele>
        <time>2015-09-09T02:27:16Z</time>
      </trkpt>
      <trkpt lat="35.932741" lon="120.199887">
        <ele>0.7</ele>
        <time>2015-09-09T02:27:20Z</time>
      </trkpt>
      <trkpt lat="35.93276" lon="120.200006">
        <ele>0.7</ele>
        <time>2015-09-09T02:27:24Z</time>
      </trkpt>
      <trkpt lat="35.93278" lon="120.200127">
        <ele>0.7</ele>
        <time>2015-09-09T02:27:28Z</time>
      </trkpt>
      <trkpt lat="35.932804" lon="120.200244">
        <ele>0.7</ele>
        <time>2015-09-09T02:27:32Z</time>
      </trkpt>
      <trkpt lat="35.932828" lon="120.200354">
        <ele>0.7</ele>
        <time>2015-09-09T02:27:36Z</time>
      </trkpt>
      <trkpt lat="35.932861" lon="120.200461">
        <ele>0.7</ele>
        <time>2015-09-09T02:27:40Z</time>
      </trkpt>
      <trkpt lat="35.932897" lon="120.200572">
        <ele>0.7</ele>
        <time>2015-09-09T02:27:44Z</time>
      </trkpt>
      <trkpt lat="35.932935" lon="120.20068">
        <ele>0.7</ele>
        <time>2015-09-09T02:27:48Z</time>
      </trkpt>
      <trkpt lat="35.932983" lon="120.200781">
        <ele>0.6</ele>
        <time>2015-09-09T02:27:52Z</time>
      </trkpt>
      <trkpt lat="35.933022" lon="120.200887">
        <ele>0.5</ele>
        <time>2015-09-09T02:27:56Z</time>
      </trkpt>
      <trkpt lat="35.93305" lon="120.20099">
        <ele>0.5</ele>
        <time>2015-09-09T02:28:00Z</time>
      </trkpt>
      <trkpt lat="35.933084" lon="120.201092">
        <ele>0.4</ele>
        <time>2015-09-09T02:28:04Z</time>
      </trkpt>
      <trkpt lat="35.933135" lon="120.201187">
        <ele>0.4</ele>
        <time>2015-09-09T02:28:08Z</time>
      </trkpt>
      <trkpt lat="35.933198" lon="120.201279">
        <ele>0.3</ele>
        <time>2015-09-09T02:28:12Z</time>
      </trkpt>
      <trkpt lat="35.933262" lon="120.201361">
        <ele>0.3</ele>
        <time>2015-09-09T02:28:16Z</time>
      </trkpt>
      <trkpt lat="35.93334" lon="120.201449">
        <ele>0.3</ele>
        <time>2015-09-09T02:28:20Z</time>
      </trkpt>
      <trkpt lat="35.933417" lon="120.201523">
        <ele>0.3</ele>
        <time>2015-09-09T02:28:24Z</time>
      </trkpt>
      <trkpt lat="35.93348" lon="120.201611">
        <ele>0.2</ele>
        <time>2015-09-09T02:28:28Z</time>
      </trkpt>
      <trkpt lat="35.933525" lon="120.201714">
        <ele>0.2</ele>
        <time>2015-09-09T02:28:32Z</time>
      </trkpt>
      <trkpt lat="35.933564" lon="120.201822">
        <ele>0.2</ele>
        <time>2015-09-09T02:28:36Z</time>
      </trkpt>
      <trkpt lat="35.933592" lon="120.201938">
        <ele>0.2</ele>
        <time>2015-09-09T02:28:44Z</time>
      </trkpt>
      <trkpt lat="35.933613" lon="120.20206">
        <ele>0.2</ele>
        <time>2015-09-09T02:28:48Z</time>
      </trkpt>
      <trkpt lat="35.933625" lon="120.202179">
        <ele>0.2</ele>
        <time>2015-09-09T02:28:52Z</time>
      </trkpt>
      <trkpt lat="35.933624" lon="120.202294">
        <ele>0.2</ele>
        <time>2015-09-09T02:28:56Z</time>
      </trkpt>
      <trkpt lat="35.933624" lon="120.202517">
        <ele>0.2</ele>
        <time>2015-09-09T02:29:00Z</time>
      </trkpt>
      <trkpt lat="35.933628" lon="120.202632">
        <ele>0.2</ele>
        <time>2015-09-09T02:29:08Z</time>
      </trkpt>
      <trkpt lat="35.933694" lon="120.202843">
        <ele>0.2</ele>
        <time>2015-09-09T02:29:12Z</time>
      </trkpt>
      <trkpt lat="35.933816" lon="120.203013">
        <ele>0.2</ele>
        <time>2015-09-09T02:29:16Z</time>
      </trkpt>
      <trkpt lat="35.933892" lon="120.20324">
        <ele>0.2</ele>
        <time>2015-09-09T02:29:24Z</time>
      </trkpt>
      <trkpt lat="35.93392" lon="120.203362">
        <ele>0.2</ele>
        <time>2015-09-09T02:29:28Z</time>
      </trkpt>
      <trkpt lat="35.933933" lon="120.203488">
        <ele>0.2</ele>
        <time>2015-09-09T02:29:32Z</time>
      </trkpt>
      <trkpt lat="35.93394" lon="120.203612">
        <ele>0.2</ele>
        <time>2015-09-09T02:29:36Z</time>
      </trkpt>
      <trkpt lat="35.933951" lon="120.203737">
        <ele>0.1</ele>
        <time>2015-09-09T02:29:40Z</time>
      </trkpt>
      <trkpt lat="35.933959" lon="120.203825">
        <ele>0.1</ele>
        <time>2015-09-09T02:29:44Z</time>
      </trkpt>
      <trkpt lat="35.933988" lon="120.20391">
        <ele>0.0</ele>
        <time>2015-09-09T02:29:52Z</time>
      </trkpt>
      <trkpt lat="35.934" lon="120.204011">
        <ele>-0.1</ele>
        <time>2015-09-09T02:29:56Z</time>
      </trkpt>
      <trkpt lat="35.933983" lon="120.204116">
        <ele>-0.1</ele>
        <time>2015-09-09T02:30:00Z</time>
      </trkpt>
      <trkpt lat="35.933987" lon="120.204325">
        <ele>-0.2</ele>
        <time>2015-09-09T02:30:04Z</time>
      </trkpt>
      <trkpt lat="35.934012" lon="120.204427">
        <ele>-0.2</ele>
        <time>2015-09-09T02:30:12Z</time>
      </trkpt>
      <trkpt lat="35.934114" lon="120.204624">
        <ele>-0.2</ele>
        <time>2015-09-09T02:30:16Z</time>
      </trkpt>
      <trkpt lat="35.934174" lon="120.204723">
        <ele>-0.2</ele>
        <time>2015-09-09T02:30:20Z</time>
      </trkpt>
      <trkpt lat="35.934231" lon="120.204816">
        <ele>-0.2</ele>
        <time>2015-09-09T02:30:24Z</time>
      </trkpt>
      <trkpt lat="35.934298" lon="120.204899">
        <ele>-0.2</ele>
        <time>2015-09-09T02:30:32Z</time>
      </trkpt>
      <trkpt lat="35.934359" lon="120.204992">
        <ele>-0.2</ele>
        <time>2015-09-09T02:30:36Z</time>
      </trkpt>
      <trkpt lat="35.934409" lon="120.205097">
        <ele>-0.2</ele>
        <time>2015-09-09T02:30:40Z</time>
      </trkpt>
      <trkpt lat="35.934451" lon="120.205198">
        <ele>-0.2</ele>
        <time>2015-09-09T02:30:44Z</time>
      </trkpt>
      <trkpt lat="35.934494" lon="120.205296">
        <ele>-0.2</ele>
        <time>2015-09-09T02:30:48Z</time>
      </trkpt>
      <trkpt lat="35.934537" lon="120.205402">
        <ele>-0.2</ele>
        <time>2015-09-09T02:30:52Z</time>
      </trkpt>
      <trkpt lat="35.934579" lon="120.205509">
        <ele>-0.2</ele>
        <time>2015-09-09T02:30:56Z</time>
      </trkpt>
      <trkpt lat="35.934611" lon="120.205622">
        <ele>-0.1</ele>
        <time>2015-09-09T02:31:00Z</time>
      </trkpt>
      <trkpt lat="35.934686" lon="120.205836">
        <ele>-0.1</ele>
        <time>2015-09-09T02:31:04Z</time>
      </trkpt>
      <trkpt lat="35.934728" lon="120.205946">
        <ele>-0.0</ele>
        <time>2015-09-09T02:31:12Z</time>
      </trkpt>
      <trkpt lat="35.934751" lon="120.206063">
        <ele>0.0</ele>
        <time>2015-09-09T02:31:16Z</time>
      </trkpt>
      <trkpt lat="35.934767" lon="120.206169">
        <ele>0.1</ele>
        <time>2015-09-09T02:31:20Z</time>
      </trkpt>
      <trkpt lat="35.934833" lon="120.206379">
        <ele>0.1</ele>
        <time>2015-09-09T02:31:24Z</time>
      </trkpt>
      <trkpt lat="35.934857" lon="120.206483">
        <ele>0.2</ele>
        <time>2015-09-09T02:31:32Z</time>
      </trkpt>
      <trkpt lat="35.934924" lon="120.206668">
        <ele>0.2</ele>
        <time>2015-09-09T02:31:36Z</time>
      </trkpt>
      <trkpt lat="35.934993" lon="120.206739">
        <ele>0.3</ele>
        <time>2015-09-09T02:31:40Z</time>
      </trkpt>
      <trkpt lat="35.935047" lon="120.206822">
        <ele>0.3</ele>
        <time>2015-09-09T02:31:44Z</time>
      </trkpt>
      <trkpt lat="35.935091" lon="120.206905">
        <ele>0.4</ele>
        <time>2015-09-09T02:31:48Z</time>
      </trkpt>
      <trkpt lat="35.935151" lon="120.206978">
        <ele>0.4</ele>
        <time>2015-09-09T02:31:52Z</time>
      </trkpt>
      <trkpt lat="35.935221" lon="120.207054">
        <ele>0.4</ele>
        <time>2015-09-09T02:32:00Z</time>
      </trkpt>
      <trkpt lat="35.935291" lon="120.207132">
        <ele>0.4</ele>
        <time>2015-09-09T02:32:04Z</time>
      </trkpt>
      <trkpt lat="35.935345" lon="120.20722">
        <ele>0.4</ele>
        <time>2015-09-09T02:32:08Z</time>
      </trkpt>
      <trkpt lat="35.935371" lon="120.207425">
        <ele>0.4</ele>
        <time>2015-09-09T02:32:12Z</time>
      </trkpt>
      <trkpt lat="35.935372" lon="120.207539">
        <ele>0.4</ele>
        <time>2015-09-09T02:32:20Z</time>
      </trkpt>
      <trkpt lat="35.935409" lon="120.207637">
        <ele>0.3</ele>
        <time>2015-09-09T02:32:24Z</time>
      </trkpt>
      <trkpt lat="35.935477" lon="120.2077">
        <ele>0.3</ele>
        <time>2015-09-09T02:32:28Z</time>
      </trkpt>
      <trkpt lat="35.935607" lon="120.207829">
        <ele>0.3</ele>
        <time>2015-09-09T02:32:32Z</time>
      </trkpt>
      <trkpt lat="35.935666" lon="120.207914">
        <ele>0.3</ele>
        <time>2015-09-09T02:32:40Z</time>
      </trkpt>
      <trkpt lat="35.935733" lon="120.207993">
        <ele>0.3</ele>
        <time>2015-09-09T02:32:44Z</time>
      </trkpt>
      <trkpt lat="35.93581" lon="120.208043">
        <ele>0.2</ele>
        <time>2015-09-09T02:32:48Z</time>
      </trkpt>
      <trkpt lat="35.935885" lon="120.2081">
        <ele>0.1</ele>
        <time>2015-09-09T02:32:52Z</time>
      </trkpt>
      <trkpt lat="35.935947" lon="120.20818">
        <ele>0.0</ele>
        <time>2015-09-09T02:32:56Z</time>
      </trkpt>
      <trkpt lat="35.935987" lon="120.20828">
        <ele>-0.0</ele>
        <time>2015-09-09T02:33:00Z</time>
      </trkpt>
      <trkpt lat="35.936019" lon="120.208384">
        <ele>-0.1</ele>
        <time>2015-09-09T02:33:04Z</time>
      </trkpt>
      <trkpt lat="35.936072" lon="120.208473">
        <ele>-0.2</ele>
        <time>2015-09-09T02:33:08Z</time>
      </trkpt>
      <trkpt lat="35.936137" lon="120.208535">
        <ele>-0.3</ele>
        <time>2015-09-09T02:33:12Z</time>
      </trkpt>
      <trkpt lat="35.936302" lon="120.20861">
        <ele>-0.3</ele>
        <time>2015-09-09T02:33:16Z</time>
      </trkpt>
      <trkpt lat="35.936388" lon="120.208653">
        <ele>-0.4</ele>
        <time>2015-09-09T02:33:20Z</time>
      </trkpt>
      <trkpt lat="35.936467" lon="120.208715">
        <ele>-0.5</ele>
        <time>2015-09-09T02:33:28Z</time>
      </trkpt>
      <trkpt lat="35.93654" lon="120.208795">
        <ele>-0.5</ele>
        <time>2015-09-09T02:33:32Z</time>
      </trkpt>
      <trkpt lat="35.936604" lon="120.20888">
        <ele>-0.5</ele>
        <time>2015-09-09T02:33:36Z</time>
      </trkpt>
      <trkpt lat="35.936713" lon="120.209063">
        <ele>-0.5</ele>
        <time>2015-09-09T02:33:40Z</time>
      </trkpt>
      <trkpt lat="35.936752" lon="120.209169">
        <ele>-0.5</ele>
        <time>2015-09-09T02:33:44Z</time>
      </trkpt>
      <trkpt lat="35.936794" lon="120.209272">
        <ele>-0.5</ele>
        <time>2015-09-09T02:33:48Z</time>
      </trkpt>
      <trkpt lat="35.936847" lon="120.209367">
        <ele>-0.5</ele>
        <time>2015-09-09T02:33:52Z</time>
      </trkpt>
      <trkpt lat="35.936912" lon="120.209433">
        <ele>-0.4</ele>
        <time>2015-09-09T02:33:56Z</time>
      </trkpt>
      <trkpt lat="35.936978" lon="120.20947">
        <ele>-0.4</ele>
        <time>2015-09-09T02:34:00Z</time>
      </trkpt>
      <trkpt lat="35.93706" lon="120.209483">
        <ele>-0.3</ele>
        <time>2015-09-09T02:34:08Z</time>
      </trkpt>
      <trkpt lat="35.937148" lon="120.209496">
        <ele>-0.3</ele>
        <time>2015-09-09T02:34:12Z</time>
      </trkpt>
      <trkpt lat="35.937238" lon="120.209533">
        <ele>-0.3</ele>
        <time>2015-09-09T02:34:16Z</time>
      </trkpt>
      <trkpt lat="35.937406" lon="120.209652">
        <ele>-0.2</ele>
        <time>2015-09-09T02:34:20Z</time>
      </trkpt>
      <trkpt lat="35.937487" lon="120.209713">
        <ele>-0.1</ele>
        <time>2015-09-09T02:34:28Z</time>
      </trkpt>
      <trkpt lat="35.937577" lon="120.209752">
        <ele>-0.1</ele>
        <time>2015-09-09T02:34:32Z</time>
      </trkpt>
      <trkpt lat="35.93766" lon="120.209792">
        <ele>-0.0</ele>
        <time>2015-09-09T02:34:36Z</time>
      </trkpt>
      <trkpt lat="35.93781" lon="120.209922">
        <ele>0.0</ele>
        <time>2015-09-09T02:34:40Z</time>
      </trkpt>
      <trkpt lat="35.937894" lon="120.209979">
        <ele>0.1</ele>
        <time>2015-09-09T02:34:48Z</time>
      </trkpt>
      <trkpt lat="35.937967" lon="120.210023">
        <ele>0.1</ele>
        <time>2015-09-09T02:34:52Z</time>
      </trkpt>
      <trkpt lat="35.938045" lon="120.210056">
        <ele>0.2</ele>
        <time>2015-09-09T02:34:56Z</time>
      </trkpt>
      <trkpt lat="35.938134" lon="120.210085">
        <ele>0.2</ele>
        <time>2015-09-09T02:35:00Z</time>
      </trkpt>
      <trkpt lat="35.938223" lon="120.210107">
        <ele>0.2</ele>
        <time>2015-09-09T02:35:04Z</time>
      </trkpt>
      <trkpt lat="35.938332" lon="120.210123">
        <ele>0.3</ele>
        <time>2015-09-09T02:35:08Z</time>
      </trkpt>
      <trkpt lat="35.938412" lon="120.210144">
        <ele>0.3</ele>
        <time>2015-09-09T02:35:12Z</time>
      </trkpt>
      <trkpt lat="35.938498" lon="120.210181">
        <ele>0.4</ele>
        <time>2015-09-09T02:35:16Z</time>
      </trkpt>
      <trkpt lat="35.938586" lon="120.210232">
        <ele>0.4</ele>
        <time>2015-09-09T02:35:20Z</time>
      </trkpt>
      <trkpt lat="35.938677" lon="120.21031">
        <ele>0.4</ele>
        <time>2015-09-09T02:35:24Z</time>
      </trkpt>
      <trkpt lat="35.938754" lon="120.210379">
        <ele>0.4</ele>
        <time>2015-09-09T02:35:28Z</time>
      </trkpt>
      <trkpt lat="35.938828" lon="120.210398">
        <ele>0.3</ele>
        <time>2015-09-09T02:35:32Z</time>
      </trkpt>
      <trkpt lat="35.938909" lon="120.210373">
        <ele>0.3</ele>
        <time>2015-09-09T02:35:36Z</time>
      </trkpt>
      <trkpt lat="35.939007" lon="120.210375">
        <ele>0.2</ele>
        <time>2015-09-09T02:35:40Z</time>
      </trkpt>
      <trkpt lat="35.9391" lon="120.21038">
        <ele>0.2</ele>
        <time>2015-09-09T02:35:44Z</time>
      </trkpt>
      <trkpt lat="35.939181" lon="120.210334">
        <ele>0.1</ele>
        <time>2015-09-09T02:35:48Z</time>
      </trkpt>
      <extensions>
        <breaktype>2</breaktype>
      </extensions>
    </trkseg>
  </trk>
  <extensions>
    <ssrlog>
      <logseg>
        <logpt time="2015-09-09T01:30:59Z">
          <spd>0.0</spd>
          <str>0.0</str>
        </logpt>
        <logpt time="2015-09-09T01:31:03Z">
          <spd>0.0</spd>
          <str>45.0</str>
        </logpt>
        <logpt time="2015-09-09T01:31:07Z">
          <spd>4.0</spd>
          <str>61.0</str>
        </logpt>
        <logpt time="2015-09-09T01:31:11Z">
          <spd>7.7</spd>
          <str>70.0</str>
        </logpt>
        <logpt time="2015-09-09T01:31:24Z">
          <spd>10.3</spd>
          <str>80.0</str>
        </logpt>
        <logpt time="2015-09-09T01:31:28Z">
          <spd>9.9</spd>
          <str>80.0</str>
        </logpt>
        <logpt time="2015-09-09T01:31:32Z">
          <spd>9.4</spd>
          <str>81.0</str>
        </logpt>
        <logpt time="2015-09-09T01:31:36Z">
          <spd>9.9</spd>
          <str>81.0</str>
        </logpt>
        <logpt time="2015-09-09T01:31:40Z">
          <spd>10.8</spd>
          <str>82.0</str>
        </logpt>
        <logpt time="2015-09-09T01:31:44Z">
          <spd>9.9</spd>
          <str>82.0</str>
        </logpt>
        <logpt time="2015-09-09T01:31:48Z">
          <spd>9.0</spd>
          <str>83.0</str>
        </logpt>
        <logpt time="2015-09-09T01:31:52Z">
          <spd>9.4</spd>
          <str>83.0</str>
        </logpt>
        <logpt time="2015-09-09T01:31:56Z">
          <spd>9.4</spd>
          <str>84.0</str>
        </logpt>
        <logpt time="2015-09-09T01:32:00Z">
          <spd>9.4</spd>
          <str>84.0</str>
        </logpt>
        <logpt time="2015-09-09T01:32:04Z">
          <spd>9.4</spd>
          <str>88.0</str>
        </logpt>
        <logpt time="2015-09-09T01:32:08Z">
          <spd>9.4</spd>
          <str>88.0</str>
        </logpt>
        <logpt time="2015-09-09T01:32:12Z">
          <spd>9.4</spd>
          <str>88.0</str>
        </logpt>
        <logpt time="2015-09-09T01:32:16Z">
          <spd>9.9</spd>
          <str>88.0</str>
        </logpt>
        <logpt time="2015-09-09T01:32:20Z">
          <spd>9.9</spd>
          <str>88.0</str>
        </logpt>
        <logpt time="2015-09-09T01:32:24Z">
          <spd>9.9</spd>
          <str>88.0</str>
        </logpt>
        <logpt time="2015-09-09T01:32:28Z">
          <spd>9.9</spd>
          <str>87.0</str>
        </logpt>
        <logpt time="2015-09-09T01:32:32Z">
          <spd>9.4</spd>
          <str>88.0</str>
        </logpt>
        <logpt time="2015-09-09T01:32:36Z">
          <spd>9.4</spd>
          <str>88.0</str>
        </logpt>
        <logpt time="2015-09-09T01:32:40Z">
          <spd>9.4</spd>
          <str>87.0</str>
        </logpt>
        <logpt time="2015-09-09T01:32:44Z">
          <spd>9.4</spd>
          <str>88.0</str>
        </logpt>
        <logpt time="2015-09-09T01:32:48Z">
          <spd>9.4</spd>
          <str>87.0</str>
        </logpt>
        <logpt time="2015-09-09T01:32:52Z">
          <spd>9.4</spd>
          <str>88.0</str>
        </logpt>
        <logpt time="2015-09-09T01:32:56Z">
          <spd>9.4</spd>
          <str>88.0</str>
        </logpt>
        <logpt time="2015-09-09T01:33:00Z">
          <spd>9.0</spd>
          <str>88.0</str>
        </logpt>
        <logpt time="2015-09-09T01:33:04Z">
          <spd>9.0</spd>
          <str>88.0</str>
        </logpt>
        <logpt time="2015-09-09T01:33:08Z">
          <spd>9.4</spd>
          <str>88.0</str>
        </logpt>
        <logpt time="2015-09-09T01:33:12Z">
          <spd>9.9</spd>
          <str>88.0</str>
        </logpt>
        <logpt time="2015-09-09T01:33:16Z">
          <spd>10.3</spd>
          <str>88.0</str>
        </logpt>
        <logpt time="2015-09-09T01:33:20Z">
          <spd>9.4</spd>
          <str>88.0</str>
        </logpt>
        <logpt time="2015-09-09T01:33:24Z">
          <spd>9.0</spd>
          <str>88.0</str>
        </logpt>
        <logpt time="2015-09-09T01:33:28Z">
          <spd>9.0</spd>
          <str>88.0</str>
        </logpt>
        <logpt time="2015-09-09T01:33:32Z">
          <spd>9.0</spd>
          <str>88.0</str>
        </logpt>
        <logpt time="2015-09-09T01:33:36Z">
          <spd>8.6</spd>
          <str>88.0</str>
        </logpt>
        <logpt time="2015-09-09T01:33:40Z">
          <spd>8.6</spd>
          <str>87.0</str>
        </logpt>
        <logpt time="2015-09-09T01:33:44Z">
          <spd>8.6</spd>
          <str>87.0</str>
        </logpt>
        <logpt time="2015-09-09T01:33:48Z">
          <spd>9.0</spd>
          <str>88.0</str>
        </logpt>
        <logpt time="2015-09-09T01:33:52Z">
          <spd>9.0</spd>
          <str>88.0</str>
        </logpt>
        <logpt time="2015-09-09T01:33:56Z">
          <spd>9.0</spd>
          <str>87.0</str>
        </logpt>
        <logpt time="2015-09-09T01:34:00Z">
          <spd>9.0</spd>
          <str>86.0</str>
        </logpt>
        <logpt time="2015-09-09T01:34:04Z">
          <spd>9.0</spd>
          <str>86.0</str>
        </logpt>
        <logpt time="2015-09-09T01:34:08Z">
          <spd>9.0</spd>
          <str>86.0</str>
        </logpt>
        <logpt time="2015-09-09T01:34:12Z">
          <spd>9.0</spd>
          <str>86.0</str>
        </logpt>
        <logpt time="2015-09-09T01:34:16Z">
          <spd>8.6</spd>
          <str>84.0</str>
        </logpt>
        <logpt time="2015-09-09T01:34:20Z">
          <spd>9.0</spd>
          <str>83.0</str>
        </logpt>
        <logpt time="2015-09-09T01:34:24Z">
          <spd>7.7</spd>
          <str>83.0</str>
        </logpt>
        <logpt time="2015-09-09T01:34:28Z">
          <spd>7.2</spd>
          <str>83.0</str>
        </logpt>
        <logpt time="2015-09-09T01:34:32Z">
          <spd>7.2</spd>
          <str>83.0</str>
        </logpt>
        <logpt time="2015-09-09T01:34:36Z">
          <spd>7.7</spd>
          <str>83.0</str>
        </logpt>
        <logpt time="2015-09-09T01:34:40Z">
          <spd>8.6</spd>
          <str>83.0</str>
        </logpt>
        <logpt time="2015-09-09T01:34:44Z">
          <spd>9.0</spd>
          <str>83.0</str>
        </logpt>
        <logpt time="2015-09-09T01:34:48Z">
          <spd>9.0</spd>
          <str>83.0</str>
        </logpt>
        <logpt time="2015-09-09T01:34:52Z">
          <spd>9.4</spd>
          <str>83.0</str>
        </logpt>
        <logpt time="2015-09-09T01:34:56Z">
          <spd>9.9</spd>
          <str>83.0</str>
        </logpt>
        <logpt time="2015-09-09T01:35:00Z">
          <spd>9.9</spd>
          <str>84.0</str>
        </logpt>
        <logpt time="2015-09-09T01:35:04Z">
          <spd>9.9</spd>
          <str>84.0</str>
        </logpt>
        <logpt time="2015-09-09T01:35:08Z">
          <spd>9.9</spd>
          <str>84.0</str>
        </logpt>
        <logpt time="2015-09-09T01:35:12Z">
          <spd>9.9</spd>
          <str>84.0</str>
        </logpt>
        <logpt time="2015-09-09T01:35:16Z">
          <spd>10.3</spd>
          <str>85.0</str>
        </logpt>
        <logpt time="2015-09-09T01:35:20Z">
          <spd>10.3</spd>
          <str>87.0</str>
        </logpt>
        <logpt time="2015-09-09T01:35:24Z">
          <spd>10.3</spd>
          <str>87.0</str>
        </logpt>
        <logpt time="2015-09-09T01:35:28Z">
          <spd>9.9</spd>
          <str>87.0</str>
        </logpt>
        <logpt time="2015-09-09T01:35:32Z">
          <spd>9.4</spd>
          <str>87.0</str>
        </logpt>
        <logpt time="2015-09-09T01:35:36Z">
          <spd>9.4</spd>
          <str>87.0</str>
        </logpt>
        <logpt time="2015-09-09T01:35:40Z">
          <spd>9.4</spd>
          <str>87.0</str>
        </logpt>
        <logpt time="2015-09-09T01:35:44Z">
          <spd>9.9</spd>
          <str>87.0</str>
        </logpt>
        <logpt time="2015-09-09T01:35:48Z">
          <spd>9.9</spd>
          <str>87.0</str>
        </logpt>
        <logpt time="2015-09-09T01:35:52Z">
          <spd>9.9</spd>
          <str>87.0</str>
        </logpt>
        <logpt time="2015-09-09T01:35:56Z">
          <spd>10.3</spd>
          <str>87.0</str>
        </logpt>
        <logpt time="2015-09-09T01:36:00Z">
          <spd>10.3</spd>
          <str>87.0</str>
        </logpt>
        <logpt time="2015-09-09T01:36:04Z">
          <spd>10.3</spd>
          <str>87.0</str>
        </logpt>
        <logpt time="2015-09-09T01:36:08Z">
          <spd>10.3</spd>
          <str>86.0</str>
        </logpt>
        <logpt time="2015-09-09T01:36:12Z">
          <spd>10.3</spd>
          <str>86.0</str>
        </logpt>
        <logpt time="2015-09-09T01:36:16Z">
          <spd>9.9</spd>
          <str>86.0</str>
        </logpt>
        <logpt time="2015-09-09T01:36:20Z">
          <spd>9.9</spd>
          <str>86.0</str>
        </logpt>
        <logpt time="2015-09-09T01:36:24Z">
          <spd>9.4</spd>
          <str>86.0</str>
        </logpt>
        <logpt time="2015-09-09T01:36:28Z">
          <spd>9.4</spd>
          <str>86.0</str>
        </logpt>
        <logpt time="2015-09-09T01:36:32Z">
          <spd>9.4</spd>
          <str>86.0</str>
        </logpt>
        <logpt time="2015-09-09T01:36:36Z">
          <spd>9.4</spd>
          <str>86.0</str>
        </logpt>
        <logpt time="2015-09-09T01:36:40Z">
          <spd>9.0</spd>
          <str>86.0</str>
        </logpt>
        <logpt time="2015-09-09T01:36:44Z">
          <spd>8.6</spd>
          <str>86.0</str>
        </logpt>
        <logpt time="2015-09-09T01:36:48Z">
          <spd>8.6</spd>
          <str>86.0</str>
        </logpt>
        <logpt time="2015-09-09T01:36:52Z">
          <spd>8.6</spd>
          <str>86.0</str>
        </logpt>
        <logpt time="2015-09-09T01:36:56Z">
          <spd>8.6</spd>
          <str>86.0</str>
        </logpt>
        <logpt time="2015-09-09T01:37:00Z">
          <spd>9.0</spd>
          <str>86.0</str>
        </logpt>
        <logpt time="2015-09-09T01:37:04Z">
          <spd>9.0</spd>
          <str>86.0</str>
        </logpt>
        <logpt time="2015-09-09T01:37:08Z">
          <spd>8.1</spd>
          <str>85.0</str>
        </logpt>
        <logpt time="2015-09-09T01:37:12Z">
          <spd>7.2</spd>
          <str>84.0</str>
        </logpt>
        <logpt time="2015-09-09T01:37:16Z">
          <spd>6.8</spd>
          <str>83.0</str>
        </logpt>
        <logpt time="2015-09-09T01:37:20Z">
          <spd>6.8</spd>
          <str>83.0</str>
        </logpt>
        <logpt time="2015-09-09T01:37:24Z">
          <spd>7.2</spd>
          <str>83.0</str>
        </logpt>
        <logpt time="2015-09-09T01:37:28Z">
          <spd>7.2</spd>
          <str>81.0</str>
        </logpt>
        <logpt time="2015-09-09T01:37:32Z">
          <spd>6.8</spd>
          <str>81.0</str>
        </logpt>
        <logpt time="2015-09-09T01:37:36Z">
          <spd>7.7</spd>
          <str>81.0</str>
        </logpt>
        <logpt time="2015-09-09T01:37:40Z">
          <spd>8.1</spd>
          <str>81.0</str>
        </logpt>
        <logpt time="2015-09-09T01:37:44Z">
          <spd>8.6</spd>
          <str>82.0</str>
        </logpt>
        <logpt time="2015-09-09T01:37:48Z">
          <spd>9.0</spd>
          <str>81.0</str>
        </logpt>
        <logpt time="2015-09-09T01:37:52Z">
          <spd>9.4</spd>
          <str>81.0</str>
        </logpt>
        <logpt time="2015-09-09T01:37:56Z">
          <spd>9.0</spd>
          <str>81.0</str>
        </logpt>
        <logpt time="2015-09-09T01:38:00Z">
          <spd>9.0</spd>
          <str>81.0</str>
        </logpt>
        <logpt time="2015-09-09T01:38:04Z">
          <spd>8.6</spd>
          <str>83.0</str>
        </logpt>
        <logpt time="2015-09-09T01:38:08Z">
          <spd>8.6</spd>
          <str>85.0</str>
        </logpt>
        <logpt time="2015-09-09T01:38:12Z">
          <spd>8.6</spd>
          <str>85.0</str>
        </logpt>
        <logpt time="2015-09-09T01:38:16Z">
          <spd>9.0</spd>
          <str>86.0</str>
        </logpt>
        <logpt time="2015-09-09T01:38:20Z">
          <spd>9.4</spd>
          <str>85.0</str>
        </logpt>
        <logpt time="2015-09-09T01:38:24Z">
          <spd>9.4</spd>
          <str>88.0</str>
        </logpt>
        <logpt time="2015-09-09T01:38:28Z">
          <spd>9.9</spd>
          <str>88.0</str>
        </logpt>
        <logpt time="2015-09-09T01:38:32Z">
          <spd>9.9</spd>
          <str>88.0</str>
        </logpt>
        <logpt time="2015-09-09T01:38:36Z">
          <spd>10.3</spd>
          <str>88.0</str>
        </logpt>
        <logpt time="2015-09-09T01:38:40Z">
          <spd>10.8</spd>
          <str>88.0</str>
        </logpt>
        <logpt time="2015-09-09T01:38:44Z">
          <spd>10.8</spd>
          <str>88.0</str>
        </logpt>
        <logpt time="2015-09-09T01:38:48Z">
          <spd>10.8</spd>
          <str>88.0</str>
        </logpt>
        <logpt time="2015-09-09T01:38:52Z">
          <spd>10.3</spd>
          <str>88.0</str>
        </logpt>
        <logpt time="2015-09-09T01:38:56Z">
          <spd>9.9</spd>
          <str>88.0</str>
        </logpt>
        <logpt time="2015-09-09T01:39:00Z">
          <spd>9.9</spd>
          <str>89.0</str>
        </logpt>
        <logpt time="2015-09-09T01:39:04Z">
          <spd>9.9</spd>
          <str>89.0</str>
        </logpt>
        <logpt time="2015-09-09T01:39:08Z">
          <spd>9.9</spd>
          <str>89.0</str>
        </logpt>
        <logpt time="2015-09-09T01:39:12Z">
          <spd>9.9</spd>
          <str>89.0</str>
        </logpt>
        <logpt time="2015-09-09T01:39:16Z">
          <spd>10.3</spd>
          <str>89.0</str>
        </logpt>
        <logpt time="2015-09-09T01:39:20Z">
          <spd>10.3</spd>
          <str>89.0</str>
        </logpt>
        <logpt time="2015-09-09T01:39:24Z">
          <spd>10.3</spd>
          <str>89.0</str>
        </logpt>
        <logpt time="2015-09-09T01:39:28Z">
          <spd>10.3</spd>
          <str>89.0</str>
        </logpt>
        <logpt time="2015-09-09T01:39:32Z">
          <spd>10.3</spd>
          <str>89.0</str>
        </logpt>
        <logpt time="2015-09-09T01:39:36Z">
          <spd>9.9</spd>
          <str>90.0</str>
        </logpt>
        <logpt time="2015-09-09T01:39:40Z">
          <spd>9.9</spd>
          <str>90.0</str>
        </logpt>
        <logpt time="2015-09-09T01:39:44Z">
          <spd>10.3</spd>
          <str>90.0</str>
        </logpt>
        <logpt time="2015-09-09T01:39:48Z">
          <spd>10.3</spd>
          <str>90.0</str>
        </logpt>
        <logpt time="2015-09-09T01:39:52Z">
          <spd>10.3</spd>
          <str>90.0</str>
        </logpt>
        <logpt time="2015-09-09T01:39:56Z">
          <spd>10.3</spd>
          <str>90.0</str>
        </logpt>
        <logpt time="2015-09-09T01:40:00Z">
          <spd>9.9</spd>
          <str>90.0</str>
        </logpt>
        <logpt time="2015-09-09T01:40:04Z">
          <spd>9.9</spd>
          <str>90.0</str>
        </logpt>
        <logpt time="2015-09-09T01:40:08Z">
          <spd>9.9</spd>
          <str>90.0</str>
        </logpt>
        <logpt time="2015-09-09T01:40:12Z">
          <spd>10.3</spd>
          <str>90.0</str>
        </logpt>
        <logpt time="2015-09-09T01:40:16Z">
          <spd>10.3</spd>
          <str>90.0</str>
        </logpt>
        <logpt time="2015-09-09T01:40:20Z">
          <spd>10.3</spd>
          <str>90.0</str>
        </logpt>
        <logpt time="2015-09-09T01:40:24Z">
          <spd>10.3</spd>
          <str>90.0</str>
        </logpt>
        <logpt time="2015-09-09T01:40:28Z">
          <spd>10.8</spd>
          <str>90.0</str>
        </logpt>
        <logpt time="2015-09-09T01:40:32Z">
          <spd>10.8</spd>
          <str>90.0</str>
        </logpt>
        <logpt time="2015-09-09T01:40:36Z">
          <spd>10.3</spd>
          <str>90.0</str>
        </logpt>
        <logpt time="2015-09-09T01:40:40Z">
          <spd>10.3</spd>
          <str>90.0</str>
        </logpt>
        <logpt time="2015-09-09T01:40:44Z">
          <spd>9.9</spd>
          <str>90.0</str>
        </logpt>
        <logpt time="2015-09-09T01:40:48Z">
          <spd>9.9</spd>
          <str>89.0</str>
        </logpt>
        <logpt time="2015-09-09T01:40:52Z">
          <spd>9.4</spd>
          <str>90.0</str>
        </logpt>
        <logpt time="2015-09-09T01:40:56Z">
          <spd>9.4</spd>
          <str>90.0</str>
        </logpt>
        <logpt time="2015-09-09T01:41:00Z">
          <spd>9.4</spd>
          <str>90.0</str>
        </logpt>
        <logpt time="2015-09-09T01:41:04Z">
          <spd>9.4</spd>
          <str>89.0</str>
        </logpt>
        <logpt time="2015-09-09T01:41:08Z">
          <spd>9.9</spd>
          <str>89.0</str>
        </logpt>
        <logpt time="2015-09-09T01:41:12Z">
          <spd>10.3</spd>
          <str>90.0</str>
        </logpt>
        <logpt time="2015-09-09T01:41:16Z">
          <spd>10.3</spd>
          <str>89.0</str>
        </logpt>
        <logpt time="2015-09-09T01:41:20Z">
          <spd>10.8</spd>
          <str>89.0</str>
        </logpt>
        <logpt time="2015-09-09T01:41:24Z">
          <spd>10.8</spd>
          <str>89.0</str>
        </logpt>
        <logpt time="2015-09-09T01:41:28Z">
          <spd>10.3</spd>
          <str>89.0</str>
        </logpt>
        <logpt time="2015-09-09T01:41:32Z">
          <spd>9.9</spd>
          <str>89.0</str>
        </logpt>
        <logpt time="2015-09-09T01:41:36Z">
          <spd>9.4</spd>
          <str>89.0</str>
        </logpt>
        <logpt time="2015-09-09T01:41:40Z">
          <spd>9.4</spd>
          <str>89.0</str>
        </logpt>
        <logpt time="2015-09-09T01:41:44Z">
          <spd>9.0</spd>
          <str>89.0</str>
        </logpt>
        <logpt time="2015-09-09T01:41:48Z">
          <spd>9.0</spd>
          <str>89.0</str>
        </logpt>
        <logpt time="2015-09-09T01:41:52Z">
          <spd>9.0</spd>
          <str>89.0</str>
        </logpt>
        <logpt time="2015-09-09T01:41:56Z">
          <spd>9.4</spd>
          <str>89.0</str>
        </logpt>
        <logpt time="2015-09-09T01:42:00Z">
          <spd>9.9</spd>
          <str>89.0</str>
        </logpt>
        <logpt time="2015-09-09T01:42:04Z">
          <spd>9.9</spd>
          <str>89.0</str>
        </logpt>
        <logpt time="2015-09-09T01:42:08Z">
          <spd>9.9</spd>
          <str>89.0</str>
        </logpt>
        <logpt time="2015-09-09T01:42:12Z">
          <spd>9.9</spd>
          <str>89.0</str>
        </logpt>
        <logpt time="2015-09-09T01:42:16Z">
          <spd>9.9</spd>
          <str>89.0</str>
        </logpt>
        <logpt time="2015-09-09T01:42:20Z">
          <spd>9.9</spd>
          <str>89.0</str>
        </logpt>
        <logpt time="2015-09-09T01:42:24Z">
          <spd>9.9</spd>
          <str>89.0</str>
        </logpt>
        <logpt time="2015-09-09T01:42:28Z">
          <spd>9.9</spd>
          <str>88.0</str>
        </logpt>
        <logpt time="2015-09-09T01:42:32Z">
          <spd>9.9</spd>
          <str>89.0</str>
        </logpt>
        <logpt time="2015-09-09T01:42:36Z">
          <spd>9.4</spd>
          <str>89.0</str>
        </logpt>
        <logpt time="2015-09-09T01:42:40Z">
          <spd>9.9</spd>
          <str>89.0</str>
        </logpt>
        <logpt time="2015-09-09T01:42:44Z">
          <spd>9.4</spd>
          <str>89.0</str>
        </logpt>
        <logpt time="2015-09-09T01:42:48Z">
          <spd>9.4</spd>
          <str>89.0</str>
        </logpt>
        <logpt time="2015-09-09T01:42:52Z">
          <spd>9.9</spd>
          <str>89.0</str>
        </logpt>
        <logpt time="2015-09-09T01:42:56Z">
          <spd>9.4</spd>
          <str>88.0</str>
        </logpt>
        <logpt time="2015-09-09T01:43:00Z">
          <spd>9.4</spd>
          <str>89.0</str>
        </logpt>
        <logpt time="2015-09-09T01:43:04Z">
          <spd>9.4</spd>
          <str>89.0</str>
        </logpt>
        <logpt time="2015-09-09T01:43:08Z">
          <spd>9.4</spd>
          <str>89.0</str>
        </logpt>
        <logpt time="2015-09-09T01:43:12Z">
          <spd>9.4</spd>
          <str>89.0</str>
        </logpt>
        <logpt time="2015-09-09T01:43:16Z">
          <spd>9.4</spd>
          <str>89.0</str>
        </logpt>
        <logpt time="2015-09-09T01:43:20Z">
          <spd>9.4</spd>
          <str>89.0</str>
        </logpt>
        <logpt time="2015-09-09T01:43:24Z">
          <spd>9.4</spd>
          <str>89.0</str>
        </logpt>
        <logpt time="2015-09-09T01:43:28Z">
          <spd>9.4</spd>
          <str>89.0</str>
        </logpt>
        <logpt time="2015-09-09T01:43:32Z">
          <spd>9.4</spd>
          <str>89.0</str>
        </logpt>
        <logpt time="2015-09-09T01:43:36Z">
          <spd>9.0</spd>
          <str>89.0</str>
        </logpt>
        <logpt time="2015-09-09T01:43:40Z">
          <spd>9.0</spd>
          <str>89.0</str>
        </logpt>
        <logpt time="2015-09-09T01:43:44Z">
          <spd>9.0</spd>
          <str>89.0</str>
        </logpt>
        <logpt time="2015-09-09T01:43:48Z">
          <spd>9.4</spd>
          <str>89.0</str>
        </logpt>
        <logpt time="2015-09-09T01:43:52Z">
          <spd>9.4</spd>
          <str>89.0</str>
        </logpt>
        <logpt time="2015-09-09T01:43:56Z">
          <spd>9.4</spd>
          <str>90.0</str>
        </logpt>
        <logpt time="2015-09-09T01:44:00Z">
          <spd>9.4</spd>
          <str>89.0</str>
        </logpt>
        <logpt time="2015-09-09T01:44:04Z">
          <spd>9.4</spd>
          <str>89.0</str>
        </logpt>
        <logpt time="2015-09-09T01:44:08Z">
          <spd>9.4</spd>
          <str>89.0</str>
        </logpt>
        <logpt time="2015-09-09T01:44:12Z">
          <spd>9.4</spd>
          <str>89.0</str>
        </logpt>
        <logpt time="2015-09-09T01:44:16Z">
          <spd>9.4</spd>
          <str>89.0</str>
        </logpt>
        <logpt time="2015-09-09T01:44:20Z">
          <spd>9.4</spd>
          <str>89.0</str>
        </logpt>
        <logpt time="2015-09-09T01:44:24Z">
          <spd>9.9</spd>
          <str>89.0</str>
        </logpt>
        <logpt time="2015-09-09T01:44:28Z">
          <spd>9.9</spd>
          <str>89.0</str>
        </logpt>
        <logpt time="2015-09-09T01:44:32Z">
          <spd>9.9</spd>
          <str>89.0</str>
        </logpt>
        <logpt time="2015-09-09T01:44:36Z">
          <spd>9.9</spd>
          <str>89.0</str>
        </logpt>
        <logpt time="2015-09-09T01:44:40Z">
          <spd>9.9</spd>
          <str>89.0</str>
        </logpt>
        <logpt time="2015-09-09T01:44:44Z">
          <spd>9.9</spd>
          <str>89.0</str>
        </logpt>
        <logpt time="2015-09-09T01:44:48Z">
          <spd>9.4</spd>
          <str>89.0</str>
        </logpt>
        <logpt time="2015-09-09T01:44:52Z">
          <spd>9.4</spd>
          <str>89.0</str>
        </logpt>
        <logpt time="2015-09-09T01:44:56Z">
          <spd>9.4</spd>
          <str>89.0</str>
        </logpt>
        <logpt time="2015-09-09T01:45:00Z">
          <spd>9.9</spd>
          <str>89.0</str>
        </logpt>
        <logpt time="2015-09-09T01:45:04Z">
          <spd>9.9</spd>
          <str>89.0</str>
        </logpt>
        <logpt time="2015-09-09T01:45:08Z">
          <spd>10.3</spd>
          <str>89.0</str>
        </logpt>
        <logpt time="2015-09-09T01:45:12Z">
          <spd>10.3</spd>
          <str>89.0</str>
        </logpt>
        <logpt time="2015-09-09T01:45:16Z">
          <spd>10.3</spd>
          <str>89.0</str>
        </logpt>
        <logpt time="2015-09-09T01:45:20Z">
          <spd>9.9</spd>
          <str>89.0</str>
        </logpt>
        <logpt time="2015-09-09T01:45:24Z">
          <spd>9.4</spd>
          <str>89.0</str>
        </logpt>
        <logpt time="2015-09-09T01:45:28Z">
          <spd>9.4</spd>
          <str>89.0</str>
        </logpt>
        <logpt time="2015-09-09T01:45:32Z">
          <spd>9.0</spd>
          <str>89.0</str>
        </logpt>
        <logpt time="2015-09-09T01:45:36Z">
          <spd>9.4</spd>
          <str>89.0</str>
        </logpt>
        <logpt time="2015-09-09T01:45:40Z">
          <spd>9.4</spd>
          <str>89.0</str>
        </logpt>
        <logpt time="2015-09-09T01:45:44Z">
          <spd>9.4</spd>
          <str>89.0</str>
        </logpt>
        <logpt time="2015-09-09T01:45:48Z">
          <spd>9.4</spd>
          <str>89.0</str>
        </logpt>
        <logpt time="2015-09-09T01:45:52Z">
          <spd>9.4</spd>
          <str>89.0</str>
        </logpt>
        <logpt time="2015-09-09T01:45:56Z">
          <spd>9.4</spd>
          <str>89.0</str>
        </logpt>
        <logpt time="2015-09-09T01:46:00Z">
          <spd>9.4</spd>
          <str>89.0</str>
        </logpt>
        <logpt time="2015-09-09T01:46:04Z">
          <spd>9.4</spd>
          <str>89.0</str>
        </logpt>
        <logpt time="2015-09-09T01:46:08Z">
          <spd>9.0</spd>
          <str>89.0</str>
        </logpt>
        <logpt time="2015-09-09T01:46:12Z">
          <spd>9.4</spd>
          <str>89.0</str>
        </logpt>
        <logpt time="2015-09-09T01:46:16Z">
          <spd>9.4</spd>
          <str>89.0</str>
        </logpt>
        <logpt time="2015-09-09T01:46:20Z">
          <spd>9.4</spd>
          <str>89.0</str>
        </logpt>
        <logpt time="2015-09-09T01:46:24Z">
          <spd>9.4</spd>
          <str>89.0</str>
        </logpt>
        <logpt time="2015-09-09T01:46:28Z">
          <spd>9.4</spd>
          <str>89.0</str>
        </logpt>
        <logpt time="2015-09-09T01:46:32Z">
          <spd>9.0</spd>
          <str>89.0</str>
        </logpt>
        <logpt time="2015-09-09T01:46:36Z">
          <spd>8.6</spd>
          <str>89.0</str>
        </logpt>
        <logpt time="2015-09-09T01:46:40Z">
          <spd>8.6</spd>
          <str>89.0</str>
        </logpt>
        <logpt time="2015-09-09T01:46:44Z">
          <spd>8.6</spd>
          <str>89.0</str>
        </logpt>
        <logpt time="2015-09-09T01:46:48Z">
          <spd>9.0</spd>
          <str>89.0</str>
        </logpt>
        <logpt time="2015-09-09T01:46:52Z">
          <spd>9.0</spd>
          <str>89.0</str>
        </logpt>
        <logpt time="2015-09-09T01:46:56Z">
          <spd>9.0</spd>
          <str>89.0</str>
        </logpt>
        <logpt time="2015-09-09T01:47:00Z">
          <spd>9.0</spd>
          <str>89.0</str>
        </logpt>
        <logpt time="2015-09-09T01:47:04Z">
          <spd>9.4</spd>
          <str>90.0</str>
        </logpt>
        <logpt time="2015-09-09T01:47:08Z">
          <spd>9.4</spd>
          <str>90.0</str>
        </logpt>
        <logpt time="2015-09-09T01:47:12Z">
          <spd>9.9</spd>
          <str>90.0</str>
        </logpt>
        <logpt time="2015-09-09T01:47:16Z">
          <spd>10.3</spd>
          <str>90.0</str>
        </logpt>
        <logpt time="2015-09-09T01:47:20Z">
          <spd>10.3</spd>
          <str>90.0</str>
        </logpt>
        <logpt time="2015-09-09T01:47:24Z">
          <spd>10.3</spd>
          <str>90.0</str>
        </logpt>
        <logpt time="2015-09-09T01:47:28Z">
          <spd>9.9</spd>
          <str>90.0</str>
        </logpt>
        <logpt time="2015-09-09T01:47:32Z">
          <spd>9.9</spd>
          <str>90.0</str>
        </logpt>
        <logpt time="2015-09-09T01:47:36Z">
          <spd>9.9</spd>
          <str>90.0</str>
        </logpt>
        <logpt time="2015-09-09T01:47:40Z">
          <spd>9.9</spd>
          <str>90.0</str>
        </logpt>
        <logpt time="2015-09-09T01:47:44Z">
          <spd>9.9</spd>
          <str>90.0</str>
        </logpt>
        <logpt time="2015-09-09T01:47:48Z">
          <spd>9.9</spd>
          <str>90.0</str>
        </logpt>
        <logpt time="2015-09-09T01:47:52Z">
          <spd>9.4</spd>
          <str>90.0</str>
        </logpt>
        <logpt time="2015-09-09T01:47:56Z">
          <spd>9.4</spd>
          <str>90.0</str>
        </logpt>
        <logpt time="2015-09-09T01:48:00Z">
          <spd>9.4</spd>
          <str>90.0</str>
        </logpt>
        <logpt time="2015-09-09T01:48:04Z">
          <spd>9.4</spd>
          <str>89.0</str>
        </logpt>
        <logpt time="2015-09-09T01:48:08Z">
          <spd>9.4</spd>
          <str>90.0</str>
        </logpt>
        <logpt time="2015-09-09T01:48:12Z">
          <spd>9.4</spd>
          <str>90.0</str>
        </logpt>
        <logpt time="2015-09-09T01:48:16Z">
          <spd>9.4</spd>
          <str>90.0</str>
        </logpt>
        <logpt time="2015-09-09T01:48:20Z">
          <spd>9.0</spd>
          <str>89.0</str>
        </logpt>
        <logpt time="2015-09-09T01:48:24Z">
          <spd>9.0</spd>
          <str>89.0</str>
        </logpt>
        <logpt time="2015-09-09T01:48:28Z">
          <spd>9.0</spd>
          <str>89.0</str>
        </logpt>
        <logpt time="2015-09-09T01:48:32Z">
          <spd>9.0</spd>
          <str>90.0</str>
        </logpt>
        <logpt time="2015-09-09T01:48:36Z">
          <spd>9.0</spd>
          <str>90.0</str>
        </logpt>
        <logpt time="2015-09-09T01:48:40Z">
          <spd>9.0</spd>
          <str>89.0</str>
        </logpt>
        <logpt time="2015-09-09T01:48:44Z">
          <spd>9.4</spd>
          <str>89.0</str>
        </logpt>
        <logpt time="2015-09-09T01:48:48Z">
          <spd>9.4</spd>
          <str>89.0</str>
        </logpt>
        <logpt time="2015-09-09T01:48:52Z">
          <spd>9.9</spd>
          <str>89.0</str>
        </logpt>
        <logpt time="2015-09-09T01:48:56Z">
          <spd>9.9</spd>
          <str>89.0</str>
        </logpt>
        <logpt time="2015-09-09T01:49:00Z">
          <spd>9.9</spd>
          <str>90.0</str>
        </logpt>
        <logpt time="2015-09-09T01:49:04Z">
          <spd>9.4</spd>
          <str>89.0</str>
        </logpt>
        <logpt time="2015-09-09T01:49:08Z">
          <spd>9.4</spd>
          <str>89.0</str>
        </logpt>
        <logpt time="2015-09-09T01:49:12Z">
          <spd>9.4</spd>
          <str>89.0</str>
        </logpt>
        <logpt time="2015-09-09T01:49:16Z">
          <spd>9.0</spd>
          <str>89.0</str>
        </logpt>
        <logpt time="2015-09-09T01:49:20Z">
          <spd>9.0</spd>
          <str>90.0</str>
        </logpt>
        <logpt time="2015-09-09T01:49:24Z">
          <spd>9.0</spd>
          <str>89.0</str>
        </logpt>
        <logpt time="2015-09-09T01:49:28Z">
          <spd>9.0</spd>
          <str>89.0</str>
        </logpt>
        <logpt time="2015-09-09T01:49:32Z">
          <spd>9.0</spd>
          <str>89.0</str>
        </logpt>
        <logpt time="2015-09-09T01:49:36Z">
          <spd>9.4</spd>
          <str>89.0</str>
        </logpt>
        <logpt time="2015-09-09T01:49:40Z">
          <spd>9.4</spd>
          <str>90.0</str>
        </logpt>
        <logpt time="2015-09-09T01:49:44Z">
          <spd>9.4</spd>
          <str>90.0</str>
        </logpt>
        <logpt time="2015-09-09T01:49:48Z">
          <spd>9.4</spd>
          <str>90.0</str>
        </logpt>
        <logpt time="2015-09-09T01:49:52Z">
          <spd>9.4</spd>
          <str>90.0</str>
        </logpt>
        <logpt time="2015-09-09T01:49:56Z">
          <spd>9.4</spd>
          <str>89.0</str>
        </logpt>
        <logpt time="2015-09-09T01:50:00Z">
          <spd>9.4</spd>
          <str>89.0</str>
        </logpt>
        <logpt time="2015-09-09T01:50:04Z">
          <spd>9.9</spd>
          <str>90.0</str>
        </logpt>
        <logpt time="2015-09-09T01:50:08Z">
          <spd>9.9</spd>
          <str>90.0</str>
        </logpt>
        <logpt time="2015-09-09T01:50:12Z">
          <spd>9.4</spd>
          <str>90.0</str>
        </logpt>
        <logpt time="2015-09-09T01:50:16Z">
          <spd>9.4</spd>
          <str>90.0</str>
        </logpt>
        <logpt time="2015-09-09T01:50:20Z">
          <spd>9.4</spd>
          <str>90.0</str>
        </logpt>
        <logpt time="2015-09-09T01:50:24Z">
          <spd>9.4</spd>
          <str>90.0</str>
        </logpt>
        <logpt time="2015-09-09T01:50:28Z">
          <spd>9.4</spd>
          <str>90.0</str>
        </logpt>
        <logpt time="2015-09-09T01:50:32Z">
          <spd>9.4</spd>
          <str>90.0</str>
        </logpt>
        <logpt time="2015-09-09T01:50:36Z">
          <spd>9.4</spd>
          <str>90.0</str>
        </logpt>
        <logpt time="2015-09-09T01:50:40Z">
          <spd>9.4</spd>
          <str>90.0</str>
        </logpt>
        <logpt time="2015-09-09T01:50:44Z">
          <spd>9.4</spd>
          <str>90.0</str>
        </logpt>
        <logpt time="2015-09-09T01:50:48Z">
          <spd>9.4</spd>
          <str>90.0</str>
        </logpt>
        <logpt time="2015-09-09T01:50:52Z">
          <spd>9.4</spd>
          <str>90.0</str>
        </logpt>
        <logpt time="2015-09-09T01:50:56Z">
          <spd>9.4</spd>
          <str>90.0</str>
        </logpt>
        <logpt time="2015-09-09T01:51:00Z">
          <spd>9.4</spd>
          <str>90.0</str>
        </logpt>
        <logpt time="2015-09-09T01:51:04Z">
          <spd>9.0</spd>
          <str>90.0</str>
        </logpt>
        <logpt time="2015-09-09T01:51:08Z">
          <spd>9.4</spd>
          <str>90.0</str>
        </logpt>
        <logpt time="2015-09-09T01:51:12Z">
          <spd>9.9</spd>
          <str>90.0</str>
        </logpt>
        <logpt time="2015-09-09T01:51:16Z">
          <spd>9.9</spd>
          <str>90.0</str>
        </logpt>
        <logpt time="2015-09-09T01:51:20Z">
          <spd>9.9</spd>
          <str>90.0</str>
        </logpt>
        <logpt time="2015-09-09T01:51:24Z">
          <spd>9.4</spd>
          <str>89.0</str>
        </logpt>
        <logpt time="2015-09-09T01:51:28Z">
          <spd>9.4</spd>
          <str>89.0</str>
        </logpt>
        <logpt time="2015-09-09T01:51:32Z">
          <spd>9.4</spd>
          <str>90.0</str>
        </logpt>
        <logpt time="2015-09-09T01:51:36Z">
          <spd>9.4</spd>
          <str>89.0</str>
        </logpt>
        <logpt time="2015-09-09T01:51:40Z">
          <spd>9.4</spd>
          <str>89.0</str>
        </logpt>
        <logpt time="2015-09-09T01:51:44Z">
          <spd>9.4</spd>
          <str>89.0</str>
        </logpt>
        <logpt time="2015-09-09T01:51:48Z">
          <spd>9.9</spd>
          <str>90.0</str>
        </logpt>
        <logpt time="2015-09-09T01:51:52Z">
          <spd>9.9</spd>
          <str>89.0</str>
        </logpt>
        <logpt time="2015-09-09T01:51:56Z">
          <spd>9.9</spd>
          <str>89.0</str>
        </logpt>
        <logpt time="2015-09-09T01:52:00Z">
          <spd>9.9</spd>
          <str>89.0</str>
        </logpt>
        <logpt time="2015-09-09T01:52:04Z">
          <spd>9.9</spd>
          <str>89.0</str>
        </logpt>
        <logpt time="2015-09-09T01:52:08Z">
          <spd>9.4</spd>
          <str>89.0</str>
        </logpt>
        <logpt time="2015-09-09T01:52:12Z">
          <spd>9.4</spd>
          <str>89.0</str>
        </logpt>
        <logpt time="2015-09-09T01:52:16Z">
          <spd>9.0</spd>
          <str>89.0</str>
        </logpt>
        <logpt time="2015-09-09T01:52:20Z">
          <spd>8.6</spd>
          <str>89.0</str>
        </logpt>
        <logpt time="2015-09-09T01:52:24Z">
          <spd>8.6</spd>
          <str>89.0</str>
        </logpt>
        <logpt time="2015-09-09T01:52:28Z">
          <spd>8.6</spd>
          <str>89.0</str>
        </logpt>
        <logpt time="2015-09-09T01:52:32Z">
          <spd>8.6</spd>
          <str>89.0</str>
        </logpt>
        <logpt time="2015-09-09T01:52:36Z">
          <spd>9.0</spd>
          <str>89.0</str>
        </logpt>
        <logpt time="2015-09-09T01:52:40Z">
          <spd>9.4</spd>
          <str>89.0</str>
        </logpt>
        <logpt time="2015-09-09T01:52:44Z">
          <spd>9.4</spd>
          <str>89.0</str>
        </logpt>
        <logpt time="2015-09-09T01:52:48Z">
          <spd>9.4</spd>
          <str>89.0</str>
        </logpt>
        <logpt time="2015-09-09T01:52:52Z">
          <spd>9.4</spd>
          <str>89.0</str>
        </logpt>
        <logpt time="2015-09-09T01:52:56Z">
          <spd>9.4</spd>
          <str>89.0</str>
        </logpt>
        <logpt time="2015-09-09T01:53:00Z">
          <spd>9.9</spd>
          <str>90.0</str>
        </logpt>
        <logpt time="2015-09-09T01:53:04Z">
          <spd>9.9</spd>
          <str>90.0</str>
        </logpt>
        <logpt time="2015-09-09T01:53:08Z">
          <spd>9.9</spd>
          <str>90.0</str>
        </logpt>
        <logpt time="2015-09-09T01:53:12Z">
          <spd>9.4</spd>
          <str>89.0</str>
        </logpt>
        <logpt time="2015-09-09T01:53:16Z">
          <spd>9.4</spd>
          <str>89.0</str>
        </logpt>
        <logpt time="2015-09-09T01:53:20Z">
          <spd>9.4</spd>
          <str>90.0</str>
        </logpt>
        <logpt time="2015-09-09T01:53:24Z">
          <spd>9.4</spd>
          <str>89.0</str>
        </logpt>
        <logpt time="2015-09-09T01:53:28Z">
          <spd>9.4</spd>
          <str>89.0</str>
        </logpt>
        <logpt time="2015-09-09T01:53:32Z">
          <spd>9.4</spd>
          <str>89.0</str>
        </logpt>
        <logpt time="2015-09-09T01:53:36Z">
          <spd>9.9</spd>
          <str>89.0</str>
        </logpt>
        <logpt time="2015-09-09T01:53:40Z">
          <spd>9.9</spd>
          <str>89.0</str>
        </logpt>
        <logpt time="2015-09-09T01:53:44Z">
          <spd>9.9</spd>
          <str>89.0</str>
        </logpt>
        <logpt time="2015-09-09T01:53:48Z">
          <spd>9.9</spd>
          <str>89.0</str>
        </logpt>
        <logpt time="2015-09-09T01:53:52Z">
          <spd>10.3</spd>
          <str>89.0</str>
        </logpt>
        <logpt time="2015-09-09T01:53:56Z">
          <spd>9.9</spd>
          <str>89.0</str>
        </logpt>
        <logpt time="2015-09-09T01:54:00Z">
          <spd>9.9</spd>
          <str>89.0</str>
        </logpt>
        <logpt time="2015-09-09T01:54:04Z">
          <spd>9.9</spd>
          <str>89.0</str>
        </logpt>
        <logpt time="2015-09-09T01:54:08Z">
          <spd>9.4</spd>
          <str>89.0</str>
        </logpt>
        <logpt time="2015-09-09T01:54:12Z">
          <spd>9.9</spd>
          <str>89.0</str>
        </logpt>
        <logpt time="2015-09-09T01:54:16Z">
          <spd>9.9</spd>
          <str>89.0</str>
        </logpt>
        <logpt time="2015-09-09T01:54:20Z">
          <spd>9.9</spd>
          <str>89.0</str>
        </logpt>
        <logpt time="2015-09-09T01:54:24Z">
          <spd>9.9</spd>
          <str>90.0</str>
        </logpt>
        <logpt time="2015-09-09T01:54:28Z">
          <spd>9.9</spd>
          <str>90.0</str>
        </logpt>
        <logpt time="2015-09-09T01:54:32Z">
          <spd>10.3</spd>
          <str>90.0</str>
        </logpt>
        <logpt time="2015-09-09T01:54:36Z">
          <spd>10.3</spd>
          <str>90.0</str>
        </logpt>
        <logpt time="2015-09-09T01:54:40Z">
          <spd>9.9</spd>
          <str>90.0</str>
        </logpt>
        <logpt time="2015-09-09T01:54:44Z">
          <spd>10.3</spd>
          <str>90.0</str>
        </logpt>
        <logpt time="2015-09-09T01:54:48Z">
          <spd>9.9</spd>
          <str>90.0</str>
        </logpt>
        <logpt time="2015-09-09T01:54:52Z">
          <spd>9.4</spd>
          <str>90.0</str>
        </logpt>
        <logpt time="2015-09-09T01:54:56Z">
          <spd>9.4</spd>
          <str>90.0</str>
        </logpt>
        <logpt time="2015-09-09T01:55:00Z">
          <spd>9.9</spd>
          <str>90.0</str>
        </logpt>
        <logpt time="2015-09-09T01:55:04Z">
          <spd>9.9</spd>
          <str>90.0</str>
        </logpt>
        <logpt time="2015-09-09T01:55:08Z">
          <spd>9.4</spd>
          <str>90.0</str>
        </logpt>
        <logpt time="2015-09-09T01:55:12Z">
          <spd>9.4</spd>
          <str>90.0</str>
        </logpt>
        <logpt time="2015-09-09T01:55:16Z">
          <spd>9.0</spd>
          <str>90.0</str>
        </logpt>
        <logpt time="2015-09-09T01:55:20Z">
          <spd>9.4</spd>
          <str>90.0</str>
        </logpt>
        <logpt time="2015-09-09T01:55:24Z">
          <spd>9.9</spd>
          <str>90.0</str>
        </logpt>
        <logpt time="2015-09-09T01:55:28Z">
          <spd>9.4</spd>
          <str>90.0</str>
        </logpt>
        <logpt time="2015-09-09T01:55:32Z">
          <spd>9.9</spd>
          <str>90.0</str>
        </logpt>
        <logpt time="2015-09-09T01:55:36Z">
          <spd>9.4</spd>
          <str>90.0</str>
        </logpt>
        <logpt time="2015-09-09T01:55:40Z">
          <spd>9.4</spd>
          <str>90.0</str>
        </logpt>
        <logpt time="2015-09-09T01:55:44Z">
          <spd>9.4</spd>
          <str>89.0</str>
        </logpt>
        <logpt time="2015-09-09T01:55:48Z">
          <spd>9.9</spd>
          <str>90.0</str>
        </logpt>
        <logpt time="2015-09-09T01:55:52Z">
          <spd>9.9</spd>
          <str>90.0</str>
        </logpt>
        <logpt time="2015-09-09T01:55:56Z">
          <spd>9.9</spd>
          <str>90.0</str>
        </logpt>
        <logpt time="2015-09-09T01:56:00Z">
          <spd>9.4</spd>
          <str>90.0</str>
        </logpt>
        <logpt time="2015-09-09T01:56:04Z">
          <spd>9.4</spd>
          <str>90.0</str>
        </logpt>
        <logpt time="2015-09-09T01:56:08Z">
          <spd>9.4</spd>
          <str>90.0</str>
        </logpt>
        <logpt time="2015-09-09T01:56:12Z">
          <spd>9.4</spd>
          <str>90.0</str>
        </logpt>
        <logpt time="2015-09-09T01:56:16Z">
          <spd>9.4</spd>
          <str>90.0</str>
        </logpt>
        <logpt time="2015-09-09T01:56:20Z">
          <spd>9.4</spd>
          <str>90.0</str>
        </logpt>
        <logpt time="2015-09-09T01:56:24Z">
          <spd>9.4</spd>
          <str>90.0</str>
        </logpt>
        <logpt time="2015-09-09T01:56:28Z">
          <spd>9.4</spd>
          <str>90.0</str>
        </logpt>
        <logpt time="2015-09-09T01:56:32Z">
          <spd>9.4</spd>
          <str>90.0</str>
        </logpt>
        <logpt time="2015-09-09T01:56:36Z">
          <spd>9.9</spd>
          <str>90.0</str>
        </logpt>
        <logpt time="2015-09-09T01:56:40Z">
          <spd>9.9</spd>
          <str>90.0</str>
        </logpt>
        <logpt time="2015-09-09T01:56:44Z">
          <spd>9.9</spd>
          <str>90.0</str>
        </logpt>
        <logpt time="2015-09-09T01:56:48Z">
          <spd>9.9</spd>
          <str>90.0</str>
        </logpt>
        <logpt time="2015-09-09T01:56:52Z">
          <spd>9.4</spd>
          <str>89.0</str>
        </logpt>
        <logpt time="2015-09-09T01:56:56Z">
          <spd>9.4</spd>
          <str>89.0</str>
        </logpt>
        <logpt time="2015-09-09T01:57:00Z">
          <spd>9.4</spd>
          <str>90.0</str>
        </logpt>
        <logpt time="2015-09-09T01:57:04Z">
          <spd>9.9</spd>
          <str>90.0</str>
        </logpt>
        <logpt time="2015-09-09T01:57:08Z">
          <spd>9.9</spd>
          <str>89.0</str>
        </logpt>
        <logpt time="2015-09-09T01:57:12Z">
          <spd>9.9</spd>
          <str>89.0</str>
        </logpt>
        <logpt time="2015-09-09T01:57:16Z">
          <spd>10.3</spd>
          <str>89.0</str>
        </logpt>
        <logpt time="2015-09-09T01:57:20Z">
          <spd>10.3</spd>
          <str>89.0</str>
        </logpt>
        <logpt time="2015-09-09T01:57:24Z">
          <spd>10.3</spd>
          <str>90.0</str>
        </logpt>
        <logpt time="2015-09-09T01:57:28Z">
          <spd>10.3</spd>
          <str>90.0</str>
        </logpt>
        <logpt time="2015-09-09T01:57:32Z">
          <spd>10.3</spd>
          <str>89.0</str>
        </logpt>
        <logpt time="2015-09-09T01:57:36Z">
          <spd>10.3</spd>
          <str>89.0</str>
        </logpt>
        <logpt time="2015-09-09T01:57:40Z">
          <spd>10.3</spd>
          <str>89.0</str>
        </logpt>
        <logpt time="2015-09-09T01:57:44Z">
          <spd>10.3</spd>
          <str>89.0</str>
        </logpt>
        <logpt time="2015-09-09T01:57:48Z">
          <spd>9.9</spd>
          <str>89.0</str>
        </logpt>
        <logpt time="2015-09-09T01:57:52Z">
          <spd>9.9</spd>
          <str>89.0</str>
        </logpt>
        <logpt time="2015-09-09T01:57:56Z">
          <spd>9.9</spd>
          <str>89.0</str>
        </logpt>
        <logpt time="2015-09-09T01:58:00Z">
          <spd>9.4</spd>
          <str>89.0</str>
        </logpt>
        <logpt time="2015-09-09T01:58:04Z">
          <spd>9.4</spd>
          <str>89.0</str>
        </logpt>
        <logpt time="2015-09-09T01:58:08Z">
          <spd>9.0</spd>
          <str>90.0</str>
        </logpt>
        <logpt time="2015-09-09T01:58:12Z">
          <spd>9.4</spd>
          <str>90.0</str>
        </logpt>
        <logpt time="2015-09-09T01:58:16Z">
          <spd>9.4</spd>
          <str>90.0</str>
        </logpt>
        <logpt time="2015-09-09T01:58:20Z">
          <spd>9.9</spd>
          <str>90.0</str>
        </logpt>
        <logpt time="2015-09-09T01:58:24Z">
          <spd>9.4</spd>
          <str>90.0</str>
        </logpt>
        <logpt time="2015-09-09T01:58:28Z">
          <spd>9.4</spd>
          <str>89.0</str>
        </logpt>
        <logpt time="2015-09-09T01:58:32Z">
          <spd>9.4</spd>
          <str>90.0</str>
        </logpt>
        <logpt time="2015-09-09T01:58:36Z">
          <spd>9.4</spd>
          <str>90.0</str>
        </logpt>
        <logpt time="2015-09-09T01:58:40Z">
          <spd>9.4</spd>
          <str>90.0</str>
        </logpt>
        <logpt time="2015-09-09T01:58:44Z">
          <spd>9.4</spd>
          <str>90.0</str>
        </logpt>
        <logpt time="2015-09-09T01:58:48Z">
          <spd>9.4</spd>
          <str>90.0</str>
        </logpt>
        <logpt time="2015-09-09T01:58:52Z">
          <spd>9.0</spd>
          <str>90.0</str>
        </logpt>
        <logpt time="2015-09-09T01:58:56Z">
          <spd>9.0</spd>
          <str>90.0</str>
        </logpt>
        <logpt time="2015-09-09T01:59:00Z">
          <spd>9.0</spd>
          <str>90.0</str>
        </logpt>
        <logpt time="2015-09-09T01:59:04Z">
          <spd>9.4</spd>
          <str>90.0</str>
        </logpt>
        <logpt time="2015-09-09T01:59:08Z">
          <spd>9.4</spd>
          <str>90.0</str>
        </logpt>
        <logpt time="2015-09-09T01:59:12Z">
          <spd>9.4</spd>
          <str>90.0</str>
        </logpt>
        <logpt time="2015-09-09T01:59:16Z">
          <spd>9.9</spd>
          <str>90.0</str>
        </logpt>
        <logpt time="2015-09-09T01:59:20Z">
          <spd>9.9</spd>
          <str>90.0</str>
        </logpt>
        <logpt time="2015-09-09T01:59:24Z">
          <spd>9.4</spd>
          <str>90.0</str>
        </logpt>
        <logpt time="2015-09-09T01:59:28Z">
          <spd>9.0</spd>
          <str>90.0</str>
        </logpt>
        <logpt time="2015-09-09T01:59:32Z">
          <spd>9.0</spd>
          <str>90.0</str>
        </logpt>
        <logpt time="2015-09-09T01:59:36Z">
          <spd>9.0</spd>
          <str>90.0</str>
        </logpt>
        <logpt time="2015-09-09T01:59:40Z">
          <spd>9.0</spd>
          <str>90.0</str>
        </logpt>
        <logpt time="2015-09-09T01:59:44Z">
          <spd>9.4</spd>
          <str>90.0</str>
        </logpt>
        <logpt time="2015-09-09T01:59:48Z">
          <spd>9.4</spd>
          <str>90.0</str>
        </logpt>
        <logpt time="2015-09-09T01:59:52Z">
          <spd>9.4</spd>
          <str>90.0</str>
        </logpt>
        <logpt time="2015-09-09T01:59:56Z">
          <spd>9.9</spd>
          <str>90.0</str>
        </logpt>
        <logpt time="2015-09-09T02:00:00Z">
          <spd>9.9</spd>
          <str>90.0</str>
        </logpt>
        <logpt time="2015-09-09T02:00:04Z">
          <spd>9.9</spd>
          <str>89.0</str>
        </logpt>
        <logpt time="2015-09-09T02:00:08Z">
          <spd>10.3</spd>
          <str>89.0</str>
        </logpt>
        <logpt time="2015-09-09T02:00:12Z">
          <spd>10.3</spd>
          <str>90.0</str>
        </logpt>
        <logpt time="2015-09-09T02:00:16Z">
          <spd>10.3</spd>
          <str>90.0</str>
        </logpt>
        <logpt time="2015-09-09T02:00:20Z">
          <spd>10.8</spd>
          <str>90.0</str>
        </logpt>
        <logpt time="2015-09-09T02:00:24Z">
          <spd>10.8</spd>
          <str>90.0</str>
        </logpt>
        <logpt time="2015-09-09T02:00:28Z">
          <spd>10.8</spd>
          <str>89.0</str>
        </logpt>
        <logpt time="2015-09-09T02:00:32Z">
          <spd>10.8</spd>
          <str>89.0</str>
        </logpt>
        <logpt time="2015-09-09T02:00:36Z">
          <spd>10.3</spd>
          <str>89.0</str>
        </logpt>
        <logpt time="2015-09-09T02:00:40Z">
          <spd>9.9</spd>
          <str>90.0</str>
        </logpt>
        <logpt time="2015-09-09T02:00:44Z">
          <spd>9.9</spd>
          <str>90.0</str>
        </logpt>
        <logpt time="2015-09-09T02:00:48Z">
          <spd>9.9</spd>
          <str>90.0</str>
        </logpt>
        <logpt time="2015-09-09T02:00:52Z">
          <spd>10.3</spd>
          <str>89.0</str>
        </logpt>
        <logpt time="2015-09-09T02:00:56Z">
          <spd>9.9</spd>
          <str>89.0</str>
        </logpt>
        <logpt time="2015-09-09T02:01:00Z">
          <spd>9.9</spd>
          <str>89.0</str>
        </logpt>
        <logpt time="2015-09-09T02:01:04Z">
          <spd>9.4</spd>
          <str>90.0</str>
        </logpt>
        <logpt time="2015-09-09T02:01:08Z">
          <spd>9.4</spd>
          <str>90.0</str>
        </logpt>
        <logpt time="2015-09-09T02:01:12Z">
          <spd>9.9</spd>
          <str>90.0</str>
        </logpt>
        <logpt time="2015-09-09T02:01:16Z">
          <spd>9.9</spd>
          <str>90.0</str>
        </logpt>
        <logpt time="2015-09-09T02:01:20Z">
          <spd>9.4</spd>
          <str>89.0</str>
        </logpt>
        <logpt time="2015-09-09T02:01:24Z">
          <spd>9.4</spd>
          <str>89.0</str>
        </logpt>
        <logpt time="2015-09-09T02:01:28Z">
          <spd>9.4</spd>
          <str>90.0</str>
        </logpt>
        <logpt time="2015-09-09T02:01:32Z">
          <spd>9.4</spd>
          <str>90.0</str>
        </logpt>
        <logpt time="2015-09-09T02:01:36Z">
          <spd>9.4</spd>
          <str>90.0</str>
        </logpt>
        <logpt time="2015-09-09T02:01:40Z">
          <spd>9.9</spd>
          <str>89.0</str>
        </logpt>
        <logpt time="2015-09-09T02:01:44Z">
          <spd>9.9</spd>
          <str>89.0</str>
        </logpt>
        <logpt time="2015-09-09T02:01:48Z">
          <spd>9.9</spd>
          <str>89.0</str>
        </logpt>
        <logpt time="2015-09-09T02:01:52Z">
          <spd>9.9</spd>
          <str>90.0</str>
        </logpt>
        <logpt time="2015-09-09T02:01:56Z">
          <spd>9.9</spd>
          <str>90.0</str>
        </logpt>
        <logpt time="2015-09-09T02:02:00Z">
          <spd>9.9</spd>
          <str>90.0</str>
        </logpt>
        <logpt time="2015-09-09T02:02:04Z">
          <spd>9.9</spd>
          <str>90.0</str>
        </logpt>
        <logpt time="2015-09-09T02:02:08Z">
          <spd>9.4</spd>
          <str>89.0</str>
        </logpt>
        <logpt time="2015-09-09T02:02:12Z">
          <spd>9.4</spd>
          <str>89.0</str>
        </logpt>
        <logpt time="2015-09-09T02:02:16Z">
          <spd>9.4</spd>
          <str>89.0</str>
        </logpt>
        <logpt time="2015-09-09T02:02:20Z">
          <spd>9.4</spd>
          <str>90.0</str>
        </logpt>
        <logpt time="2015-09-09T02:02:24Z">
          <spd>9.4</spd>
          <str>90.0</str>
        </logpt>
        <logpt time="2015-09-09T02:02:28Z">
          <spd>9.4</spd>
          <str>90.0</str>
        </logpt>
        <logpt time="2015-09-09T02:02:32Z">
          <spd>9.4</spd>
          <str>89.0</str>
        </logpt>
        <logpt time="2015-09-09T02:02:36Z">
          <spd>9.0</spd>
          <str>89.0</str>
        </logpt>
        <logpt time="2015-09-09T02:02:40Z">
          <spd>9.0</spd>
          <str>90.0</str>
        </logpt>
        <logpt time="2015-09-09T02:02:44Z">
          <spd>9.4</spd>
          <str>90.0</str>
        </logpt>
        <logpt time="2015-09-09T02:02:48Z">
          <spd>9.4</spd>
          <str>90.0</str>
        </logpt>
        <logpt time="2015-09-09T02:02:52Z">
          <spd>9.9</spd>
          <str>90.0</str>
        </logpt>
        <logpt time="2015-09-09T02:02:56Z">
          <spd>10.3</spd>
          <str>90.0</str>
        </logpt>
        <logpt time="2015-09-09T02:03:00Z">
          <spd>9.9</spd>
          <str>90.0</str>
        </logpt>
        <logpt time="2015-09-09T02:03:04Z">
          <spd>9.9</spd>
          <str>90.0</str>
        </logpt>
        <logpt time="2015-09-09T02:03:08Z">
          <spd>9.4</spd>
          <str>90.0</str>
        </logpt>
        <logpt time="2015-09-09T02:03:12Z">
          <spd>9.4</spd>
          <str>90.0</str>
        </logpt>
        <logpt time="2015-09-09T02:03:16Z">
          <spd>9.0</spd>
          <str>90.0</str>
        </logpt>
        <logpt time="2015-09-09T02:03:20Z">
          <spd>9.0</spd>
          <str>90.0</str>
        </logpt>
        <logpt time="2015-09-09T02:03:24Z">
          <spd>9.0</spd>
          <str>90.0</str>
        </logpt>
        <logpt time="2015-09-09T02:03:28Z">
          <spd>9.0</spd>
          <str>90.0</str>
        </logpt>
        <logpt time="2015-09-09T02:03:32Z">
          <spd>9.0</spd>
          <str>90.0</str>
        </logpt>
        <logpt time="2015-09-09T02:03:36Z">
          <spd>9.0</spd>
          <str>90.0</str>
        </logpt>
        <logpt time="2015-09-09T02:03:40Z">
          <spd>9.0</spd>
          <str>90.0</str>
        </logpt>
        <logpt time="2015-09-09T02:03:44Z">
          <spd>9.4</spd>
          <str>90.0</str>
        </logpt>
        <logpt time="2015-09-09T02:03:48Z">
          <spd>9.9</spd>
          <str>90.0</str>
        </logpt>
        <logpt time="2015-09-09T02:03:52Z">
          <spd>9.9</spd>
          <str>90.0</str>
        </logpt>
        <logpt time="2015-09-09T02:03:56Z">
          <spd>9.9</spd>
          <str>89.0</str>
        </logpt>
        <logpt time="2015-09-09T02:04:00Z">
          <spd>9.9</spd>
          <str>89.0</str>
        </logpt>
        <logpt time="2015-09-09T02:04:04Z">
          <spd>9.9</spd>
          <str>89.0</str>
        </logpt>
        <logpt time="2015-09-09T02:04:08Z">
          <spd>9.9</spd>
          <str>90.0</str>
        </logpt>
        <logpt time="2015-09-09T02:04:12Z">
          <spd>9.4</spd>
          <str>90.0</str>
        </logpt>
        <logpt time="2015-09-09T02:04:16Z">
          <spd>9.4</spd>
          <str>90.0</str>
        </logpt>
        <logpt time="2015-09-09T02:04:20Z">
          <spd>9.4</spd>
          <str>90.0</str>
        </logpt>
        <logpt time="2015-09-09T02:04:24Z">
          <spd>9.4</spd>
          <str>90.0</str>
        </logpt>
        <logpt time="2015-09-09T02:04:28Z">
          <spd>9.9</spd>
          <str>90.0</str>
        </logpt>
        <logpt time="2015-09-09T02:04:32Z">
          <spd>9.9</spd>
          <str>89.0</str>
        </logpt>
        <logpt time="2015-09-09T02:04:36Z">
          <spd>10.3</spd>
          <str>89.0</str>
        </logpt>
        <logpt time="2015-09-09T02:04:40Z">
          <spd>10.3</spd>
          <str>90.0</str>
        </logpt>
        <logpt time="2015-09-09T02:04:44Z">
          <spd>9.9</spd>
          <str>90.0</str>
        </logpt>
        <logpt time="2015-09-09T02:04:48Z">
          <spd>9.9</spd>
          <str>90.0</str>
        </logpt>
        <logpt time="2015-09-09T02:04:52Z">
          <spd>9.4</spd>
          <str>89.0</str>
        </logpt>
        <logpt time="2015-09-09T02:04:56Z">
          <spd>9.4</spd>
          <str>90.0</str>
        </logpt>
        <logpt time="2015-09-09T02:05:00Z">
          <spd>9.4</spd>
          <str>90.0</str>
        </logpt>
        <logpt time="2015-09-09T02:05:04Z">
          <spd>9.0</spd>
          <str>90.0</str>
        </logpt>
        <logpt time="2015-09-09T02:05:08Z">
          <spd>9.0</spd>
          <str>90.0</str>
        </logpt>
        <logpt time="2015-09-09T02:05:12Z">
          <spd>9.0</spd>
          <str>89.0</str>
        </logpt>
        <logpt time="2015-09-09T02:05:16Z">
          <spd>9.0</spd>
          <str>89.0</str>
        </logpt>
        <logpt time="2015-09-09T02:05:20Z">
          <spd>9.0</spd>
          <str>89.0</str>
        </logpt>
        <logpt time="2015-09-09T02:05:24Z">
          <spd>9.0</spd>
          <str>89.0</str>
        </logpt>
        <logpt time="2015-09-09T02:05:28Z">
          <spd>9.0</spd>
          <str>90.0</str>
        </logpt>
        <logpt time="2015-09-09T02:05:32Z">
          <spd>8.6</spd>
          <str>90.0</str>
        </logpt>
        <logpt time="2015-09-09T02:05:36Z">
          <spd>8.6</spd>
          <str>90.0</str>
        </logpt>
        <logpt time="2015-09-09T02:05:40Z">
          <spd>9.0</spd>
          <str>90.0</str>
        </logpt>
        <logpt time="2015-09-09T02:05:44Z">
          <spd>9.0</spd>
          <str>90.0</str>
        </logpt>
        <logpt time="2015-09-09T02:05:48Z">
          <spd>9.0</spd>
          <str>90.0</str>
        </logpt>
        <logpt time="2015-09-09T02:05:52Z">
          <spd>8.6</spd>
          <str>89.0</str>
        </logpt>
        <logpt time="2015-09-09T02:05:56Z">
          <spd>8.6</spd>
          <str>89.0</str>
        </logpt>
        <logpt time="2015-09-09T02:06:00Z">
          <spd>9.0</spd>
          <str>89.0</str>
        </logpt>
        <logpt time="2015-09-09T02:06:04Z">
          <spd>9.4</spd>
          <str>89.0</str>
        </logpt>
        <logpt time="2015-09-09T02:06:08Z">
          <spd>9.4</spd>
          <str>89.0</str>
        </logpt>
        <logpt time="2015-09-09T02:06:12Z">
          <spd>9.9</spd>
          <str>89.0</str>
        </logpt>
        <logpt time="2015-09-09T02:06:16Z">
          <spd>9.9</spd>
          <str>89.0</str>
        </logpt>
        <logpt time="2015-09-09T02:06:20Z">
          <spd>9.9</spd>
          <str>89.0</str>
        </logpt>
        <logpt time="2015-09-09T02:06:24Z">
          <spd>9.4</spd>
          <str>89.0</str>
        </logpt>
        <logpt time="2015-09-09T02:06:28Z">
          <spd>9.4</spd>
          <str>89.0</str>
        </logpt>
        <logpt time="2015-09-09T02:06:32Z">
          <spd>9.0</spd>
          <str>89.0</str>
        </logpt>
        <logpt time="2015-09-09T02:06:36Z">
          <spd>9.0</spd>
          <str>89.0</str>
        </logpt>
        <logpt time="2015-09-09T02:06:40Z">
          <spd>8.6</spd>
          <str>88.0</str>
        </logpt>
        <logpt time="2015-09-09T02:06:44Z">
          <spd>8.6</spd>
          <str>89.0</str>
        </logpt>
        <logpt time="2015-09-09T02:06:48Z">
          <spd>8.6</spd>
          <str>89.0</str>
        </logpt>
        <logpt time="2015-09-09T02:06:52Z">
          <spd>8.6</spd>
          <str>89.0</str>
        </logpt>
        <logpt time="2015-09-09T02:06:56Z">
          <spd>8.6</spd>
          <str>89.0</str>
        </logpt>
        <logpt time="2015-09-09T02:07:00Z">
          <spd>9.0</spd>
          <str>89.0</str>
        </logpt>
        <logpt time="2015-09-09T02:07:04Z">
          <spd>9.0</spd>
          <str>90.0</str>
        </logpt>
        <logpt time="2015-09-09T02:07:08Z">
          <spd>9.0</spd>
          <str>89.0</str>
        </logpt>
        <logpt time="2015-09-09T02:07:12Z">
          <spd>8.6</spd>
          <str>89.0</str>
        </logpt>
        <logpt time="2015-09-09T02:07:16Z">
          <spd>9.0</spd>
          <str>89.0</str>
        </logpt>
        <logpt time="2015-09-09T02:07:20Z">
          <spd>9.0</spd>
          <str>90.0</str>
        </logpt>
        <logpt time="2015-09-09T02:07:24Z">
          <spd>9.0</spd>
          <str>90.0</str>
        </logpt>
        <logpt time="2015-09-09T02:07:28Z">
          <spd>9.0</spd>
          <str>90.0</str>
        </logpt>
        <logpt time="2015-09-09T02:07:32Z">
          <spd>9.0</spd>
          <str>89.0</str>
        </logpt>
        <logpt time="2015-09-09T02:07:36Z">
          <spd>9.0</spd>
          <str>89.0</str>
        </logpt>
        <logpt time="2015-09-09T02:07:40Z">
          <spd>9.4</spd>
          <str>90.0</str>
        </logpt>
        <logpt time="2015-09-09T02:07:44Z">
          <spd>9.4</spd>
          <str>90.0</str>
        </logpt>
        <logpt time="2015-09-09T02:07:48Z">
          <spd>9.4</spd>
          <str>90.0</str>
        </logpt>
        <logpt time="2015-09-09T02:07:52Z">
          <spd>9.0</spd>
          <str>90.0</str>
        </logpt>
        <logpt time="2015-09-09T02:07:56Z">
          <spd>9.4</spd>
          <str>90.0</str>
        </logpt>
        <logpt time="2015-09-09T02:08:00Z">
          <spd>9.4</spd>
          <str>90.0</str>
        </logpt>
        <logpt time="2015-09-09T02:08:04Z">
          <spd>9.4</spd>
          <str>90.0</str>
        </logpt>
        <logpt time="2015-09-09T02:08:08Z">
          <spd>9.4</spd>
          <str>90.0</str>
        </logpt>
        <logpt time="2015-09-09T02:08:12Z">
          <spd>9.4</spd>
          <str>90.0</str>
        </logpt>
        <logpt time="2015-09-09T02:08:16Z">
          <spd>9.0</spd>
          <str>90.0</str>
        </logpt>
        <logpt time="2015-09-09T02:08:20Z">
          <spd>9.4</spd>
          <str>90.0</str>
        </logpt>
        <logpt time="2015-09-09T02:08:24Z">
          <spd>9.4</spd>
          <str>90.0</str>
        </logpt>
        <logpt time="2015-09-09T02:08:28Z">
          <spd>9.4</spd>
          <str>90.0</str>
        </logpt>
        <logpt time="2015-09-09T02:08:32Z">
          <spd>9.4</spd>
          <str>90.0</str>
        </logpt>
        <logpt time="2015-09-09T02:08:36Z">
          <spd>9.9</spd>
          <str>90.0</str>
        </logpt>
        <logpt time="2015-09-09T02:08:40Z">
          <spd>9.9</spd>
          <str>90.0</str>
        </logpt>
        <logpt time="2015-09-09T02:08:44Z">
          <spd>9.9</spd>
          <str>90.0</str>
        </logpt>
        <logpt time="2015-09-09T02:08:48Z">
          <spd>9.9</spd>
          <str>90.0</str>
        </logpt>
        <logpt time="2015-09-09T02:08:52Z">
          <spd>9.9</spd>
          <str>90.0</str>
        </logpt>
        <logpt time="2015-09-09T02:08:56Z">
          <spd>9.9</spd>
          <str>90.0</str>
        </logpt>
        <logpt time="2015-09-09T02:09:00Z">
          <spd>9.9</spd>
          <str>90.0</str>
        </logpt>
        <logpt time="2015-09-09T02:09:04Z">
          <spd>9.9</spd>
          <str>89.0</str>
        </logpt>
        <logpt time="2015-09-09T02:09:08Z">
          <spd>9.9</spd>
          <str>89.0</str>
        </logpt>
        <logpt time="2015-09-09T02:09:12Z">
          <spd>9.9</spd>
          <str>89.0</str>
        </logpt>
        <logpt time="2015-09-09T02:09:16Z">
          <spd>9.4</spd>
          <str>90.0</str>
        </logpt>
        <logpt time="2015-09-09T02:09:20Z">
          <spd>9.4</spd>
          <str>89.0</str>
        </logpt>
        <logpt time="2015-09-09T02:09:24Z">
          <spd>9.4</spd>
          <str>89.0</str>
        </logpt>
        <logpt time="2015-09-09T02:09:28Z">
          <spd>9.9</spd>
          <str>89.0</str>
        </logpt>
        <logpt time="2015-09-09T02:09:32Z">
          <spd>9.4</spd>
          <str>89.0</str>
        </logpt>
        <logpt time="2015-09-09T02:09:36Z">
          <spd>9.4</spd>
          <str>89.0</str>
        </logpt>
        <logpt time="2015-09-09T02:09:40Z">
          <spd>9.0</spd>
          <str>89.0</str>
        </logpt>
        <logpt time="2015-09-09T02:09:44Z">
          <spd>9.4</spd>
          <str>89.0</str>
        </logpt>
        <logpt time="2015-09-09T02:09:48Z">
          <spd>9.4</spd>
          <str>89.0</str>
        </logpt>
        <logpt time="2015-09-09T02:09:52Z">
          <spd>9.4</spd>
          <str>89.0</str>
        </logpt>
        <logpt time="2015-09-09T02:09:56Z">
          <spd>9.4</spd>
          <str>89.0</str>
        </logpt>
        <logpt time="2015-09-09T02:10:00Z">
          <spd>9.0</spd>
          <str>89.0</str>
        </logpt>
        <logpt time="2015-09-09T02:10:04Z">
          <spd>8.6</spd>
          <str>89.0</str>
        </logpt>
        <logpt time="2015-09-09T02:10:08Z">
          <spd>9.0</spd>
          <str>89.0</str>
        </logpt>
        <logpt time="2015-09-09T02:10:12Z">
          <spd>9.0</spd>
          <str>89.0</str>
        </logpt>
        <logpt time="2015-09-09T02:10:16Z">
          <spd>9.0</spd>
          <str>89.0</str>
        </logpt>
        <logpt time="2015-09-09T02:10:20Z">
          <spd>9.0</spd>
          <str>89.0</str>
        </logpt>
        <logpt time="2015-09-09T02:10:24Z">
          <spd>9.0</spd>
          <str>89.0</str>
        </logpt>
        <logpt time="2015-09-09T02:10:28Z">
          <spd>9.4</spd>
          <str>89.0</str>
        </logpt>
        <logpt time="2015-09-09T02:10:32Z">
          <spd>9.4</spd>
          <str>89.0</str>
        </logpt>
        <logpt time="2015-09-09T02:10:36Z">
          <spd>9.4</spd>
          <str>89.0</str>
        </logpt>
        <logpt time="2015-09-09T02:10:40Z">
          <spd>9.4</spd>
          <str>89.0</str>
        </logpt>
        <logpt time="2015-09-09T02:10:44Z">
          <spd>9.4</spd>
          <str>89.0</str>
        </logpt>
        <logpt time="2015-09-09T02:10:48Z">
          <spd>9.0</spd>
          <str>89.0</str>
        </logpt>
        <logpt time="2015-09-09T02:10:52Z">
          <spd>8.6</spd>
          <str>87.0</str>
        </logpt>
        <logpt time="2015-09-09T02:10:56Z">
          <spd>8.1</spd>
          <str>85.0</str>
        </logpt>
        <logpt time="2015-09-09T02:11:00Z">
          <spd>6.8</spd>
          <str>85.0</str>
        </logpt>
        <logpt time="2015-09-09T02:11:04Z">
          <spd>0.0</spd>
          <str>85.0</str>
        </logpt>
        <logpt time="2015-09-09T02:11:08Z">
          <spd>0.0</spd>
          <str>0.0</str>
        </logpt>
        <logpt time="2015-09-09T02:11:12Z">
          <spd>0.0</spd>
          <str>0.0</str>
        </logpt>
        <logpt time="2015-09-09T02:11:16Z">
          <spd>0.0</spd>
          <str>0.0</str>
        </logpt>
        <logpt time="2015-09-09T02:11:20Z">
          <spd>0.0</spd>
          <str>55.0</str>
        </logpt>
        <logpt time="2015-09-09T02:11:24Z">
          <spd>0.0</spd>
          <str>55.0</str>
        </logpt>
        <logpt time="2015-09-09T02:11:28Z">
          <spd>0.0</spd>
          <str>55.0</str>
        </logpt>
        <logpt time="2015-09-09T02:11:32Z">
          <spd>0.0</spd>
          <str>0.0</str>
        </logpt>
        <logpt time="2015-09-09T02:11:36Z">
          <spd>0.0</spd>
          <str>0.0</str>
        </logpt>
        <logpt time="2015-09-09T02:11:40Z">
          <spd>0.0</spd>
          <str>0.0</str>
        </logpt>
        <logpt time="2015-09-09T02:11:44Z">
          <spd>0.0</spd>
          <str>0.0</str>
        </logpt>
        <logpt time="2015-09-09T02:11:48Z">
          <spd>0.0</spd>
          <str>0.0</str>
        </logpt>
        <logpt time="2015-09-09T02:11:52Z">
          <spd>1.8</spd>
          <str>11.0</str>
        </logpt>
        <logpt time="2015-09-09T02:11:56Z">
          <spd>1.8</spd>
          <str>11.0</str>
        </logpt>
        <logpt time="2015-09-09T02:12:00Z">
          <spd>0.0</spd>
          <str>11.0</str>
        </logpt>
        <logpt time="2015-09-09T02:12:04Z">
          <spd>0.0</spd>
          <str>0.0</str>
        </logpt>
        <logpt time="2015-09-09T02:12:08Z">
          <spd>0.0</spd>
          <str>0.0</str>
        </logpt>
        <logpt time="2015-09-09T02:12:12Z">
          <spd>0.0</spd>
          <str>0.0</str>
        </logpt>
        <logpt time="2015-09-09T02:12:16Z">
          <spd>1.4</spd>
          <str>8.0</str>
        </logpt>
        <logpt time="2015-09-09T02:12:20Z">
          <spd>4.5</spd>
          <str>25.0</str>
        </logpt>
        <logpt time="2015-09-09T02:12:24Z">
          <spd>6.8</spd>
          <str>33.0</str>
        </logpt>
        <logpt time="2015-09-09T02:12:28Z">
          <spd>8.1</spd>
          <str>39.0</str>
        </logpt>
        <logpt time="2015-09-09T02:12:32Z">
          <spd>9.0</spd>
          <str>44.0</str>
        </logpt>
        <logpt time="2015-09-09T02:12:36Z">
          <spd>9.4</spd>
          <str>48.0</str>
        </logpt>
        <logpt time="2015-09-09T02:12:40Z">
          <spd>9.9</spd>
          <str>51.0</str>
        </logpt>
        <logpt time="2015-09-09T02:12:44Z">
          <spd>9.9</spd>
          <str>54.0</str>
        </logpt>
        <logpt time="2015-09-09T02:12:48Z">
          <spd>9.9</spd>
          <str>56.0</str>
        </logpt>
        <logpt time="2015-09-09T02:12:52Z">
          <spd>9.4</spd>
          <str>58.0</str>
        </logpt>
        <logpt time="2015-09-09T02:12:56Z">
          <spd>9.4</spd>
          <str>89.0</str>
        </logpt>
        <logpt time="2015-09-09T02:13:00Z">
          <spd>9.4</spd>
          <str>90.0</str>
        </logpt>
        <logpt time="2015-09-09T02:13:04Z">
          <spd>9.4</spd>
          <str>90.0</str>
        </logpt>
        <logpt time="2015-09-09T02:13:08Z">
          <spd>9.9</spd>
          <str>90.0</str>
        </logpt>
        <logpt time="2015-09-09T02:13:12Z">
          <spd>9.9</spd>
          <str>90.0</str>
        </logpt>
        <logpt time="2015-09-09T02:13:16Z">
          <spd>9.4</spd>
          <str>90.0</str>
        </logpt>
        <logpt time="2015-09-09T02:13:20Z">
          <spd>9.4</spd>
          <str>90.0</str>
        </logpt>
        <logpt time="2015-09-09T02:13:24Z">
          <spd>9.4</spd>
          <str>90.0</str>
        </logpt>
        <logpt time="2015-09-09T02:13:28Z">
          <spd>9.4</spd>
          <str>90.0</str>
        </logpt>
        <logpt time="2015-09-09T02:13:32Z">
          <spd>9.4</spd>
          <str>90.0</str>
        </logpt>
        <logpt time="2015-09-09T02:13:36Z">
          <spd>9.4</spd>
          <str>90.0</str>
        </logpt>
        <logpt time="2015-09-09T02:13:40Z">
          <spd>9.0</spd>
          <str>90.0</str>
        </logpt>
        <logpt time="2015-09-09T02:13:44Z">
          <spd>9.0</spd>
          <str>90.0</str>
        </logpt>
        <logpt time="2015-09-09T02:13:48Z">
          <spd>8.6</spd>
          <str>89.0</str>
        </logpt>
        <logpt time="2015-09-09T02:13:52Z">
          <spd>8.6</spd>
          <str>89.0</str>
        </logpt>
        <logpt time="2015-09-09T02:13:56Z">
          <spd>8.6</spd>
          <str>90.0</str>
        </logpt>
        <logpt time="2015-09-09T02:14:00Z">
          <spd>9.0</spd>
          <str>90.0</str>
        </logpt>
        <logpt time="2015-09-09T02:14:04Z">
          <spd>9.0</spd>
          <str>90.0</str>
        </logpt>
        <logpt time="2015-09-09T02:14:08Z">
          <spd>9.0</spd>
          <str>90.0</str>
        </logpt>
        <logpt time="2015-09-09T02:14:12Z">
          <spd>9.0</spd>
          <str>90.0</str>
        </logpt>
        <logpt time="2015-09-09T02:14:16Z">
          <spd>9.0</spd>
          <str>90.0</str>
        </logpt>
        <logpt time="2015-09-09T02:14:20Z">
          <spd>9.0</spd>
          <str>89.0</str>
        </logpt>
        <logpt time="2015-09-09T02:14:24Z">
          <spd>9.0</spd>
          <str>89.0</str>
        </logpt>
        <logpt time="2015-09-09T02:14:28Z">
          <spd>9.0</spd>
          <str>90.0</str>
        </logpt>
        <logpt time="2015-09-09T02:14:32Z">
          <spd>9.0</spd>
          <str>90.0</str>
        </logpt>
        <logpt time="2015-09-09T02:14:36Z">
          <spd>9.4</spd>
          <str>90.0</str>
        </logpt>
        <logpt time="2015-09-09T02:14:40Z">
          <spd>9.4</spd>
          <str>90.0</str>
        </logpt>
        <logpt time="2015-09-09T02:14:44Z">
          <spd>9.4</spd>
          <str>90.0</str>
        </logpt>
        <logpt time="2015-09-09T02:14:48Z">
          <spd>9.4</spd>
          <str>90.0</str>
        </logpt>
        <logpt time="2015-09-09T02:14:52Z">
          <spd>9.4</spd>
          <str>90.0</str>
        </logpt>
        <logpt time="2015-09-09T02:14:56Z">
          <spd>9.4</spd>
          <str>90.0</str>
        </logpt>
        <logpt time="2015-09-09T02:15:00Z">
          <spd>9.4</spd>
          <str>90.0</str>
        </logpt>
        <logpt time="2015-09-09T02:15:04Z">
          <spd>9.4</spd>
          <str>90.0</str>
        </logpt>
        <logpt time="2015-09-09T02:15:08Z">
          <spd>9.0</spd>
          <str>90.0</str>
        </logpt>
        <logpt time="2015-09-09T02:15:12Z">
          <spd>9.0</spd>
          <str>90.0</str>
        </logpt>
        <logpt time="2015-09-09T02:15:16Z">
          <spd>9.0</spd>
          <str>90.0</str>
        </logpt>
        <logpt time="2015-09-09T02:15:20Z">
          <spd>9.0</spd>
          <str>90.0</str>
        </logpt>
        <logpt time="2015-09-09T02:15:24Z">
          <spd>9.0</spd>
          <str>90.0</str>
        </logpt>
        <logpt time="2015-09-09T02:15:28Z">
          <spd>9.4</spd>
          <str>90.0</str>
        </logpt>
        <logpt time="2015-09-09T02:15:32Z">
          <spd>9.4</spd>
          <str>90.0</str>
        </logpt>
        <logpt time="2015-09-09T02:15:36Z">
          <spd>9.4</spd>
          <str>90.0</str>
        </logpt>
        <logpt time="2015-09-09T02:15:40Z">
          <spd>9.4</spd>
          <str>90.0</str>
        </logpt>
        <logpt time="2015-09-09T02:15:44Z">
          <spd>9.4</spd>
          <str>90.0</str>
        </logpt>
        <logpt time="2015-09-09T02:15:48Z">
          <spd>9.4</spd>
          <str>90.0</str>
        </logpt>
        <logpt time="2015-09-09T02:15:52Z">
          <spd>9.4</spd>
          <str>90.0</str>
        </logpt>
        <logpt time="2015-09-09T02:15:56Z">
          <spd>9.4</spd>
          <str>91.0</str>
        </logpt>
        <logpt time="2015-09-09T02:16:00Z">
          <spd>9.4</spd>
          <str>91.0</str>
        </logpt>
        <logpt time="2015-09-09T02:16:04Z">
          <spd>9.4</spd>
          <str>91.0</str>
        </logpt>
        <logpt time="2015-09-09T02:16:08Z">
          <spd>9.4</spd>
          <str>90.0</str>
        </logpt>
        <logpt time="2015-09-09T02:16:12Z">
          <spd>9.4</spd>
          <str>90.0</str>
        </logpt>
        <logpt time="2015-09-09T02:16:16Z">
          <spd>9.4</spd>
          <str>90.0</str>
        </logpt>
        <logpt time="2015-09-09T02:16:20Z">
          <spd>9.4</spd>
          <str>90.0</str>
        </logpt>
        <logpt time="2015-09-09T02:16:24Z">
          <spd>9.4</spd>
          <str>90.0</str>
        </logpt>
        <logpt time="2015-09-09T02:16:28Z">
          <spd>9.4</spd>
          <str>90.0</str>
        </logpt>
        <logpt time="2015-09-09T02:16:32Z">
          <spd>9.4</spd>
          <str>90.0</str>
        </logpt>
        <logpt time="2015-09-09T02:16:36Z">
          <spd>9.4</spd>
          <str>90.0</str>
        </logpt>
        <logpt time="2015-09-09T02:16:40Z">
          <spd>9.4</spd>
          <str>90.0</str>
        </logpt>
        <logpt time="2015-09-09T02:16:44Z">
          <spd>9.4</spd>
          <str>90.0</str>
        </logpt>
        <logpt time="2015-09-09T02:16:48Z">
          <spd>9.4</spd>
          <str>90.0</str>
        </logpt>
        <logpt time="2015-09-09T02:16:52Z">
          <spd>9.9</spd>
          <str>90.0</str>
        </logpt>
        <logpt time="2015-09-09T02:16:56Z">
          <spd>9.9</spd>
          <str>90.0</str>
        </logpt>
        <logpt time="2015-09-09T02:17:00Z">
          <spd>9.9</spd>
          <str>90.0</str>
        </logpt>
        <logpt time="2015-09-09T02:17:04Z">
          <spd>9.9</spd>
          <str>90.0</str>
        </logpt>
        <logpt time="2015-09-09T02:17:08Z">
          <spd>9.9</spd>
          <str>90.0</str>
        </logpt>
        <logpt time="2015-09-09T02:17:12Z">
          <spd>9.9</spd>
          <str>90.0</str>
        </logpt>
        <logpt time="2015-09-09T02:17:16Z">
          <spd>9.9</spd>
          <str>90.0</str>
        </logpt>
        <logpt time="2015-09-09T02:17:20Z">
          <spd>9.9</spd>
          <str>90.0</str>
        </logpt>
        <logpt time="2015-09-09T02:17:24Z">
          <spd>9.9</spd>
          <str>90.0</str>
        </logpt>
        <logpt time="2015-09-09T02:17:28Z">
          <spd>9.9</spd>
          <str>90.0</str>
        </logpt>
        <logpt time="2015-09-09T02:17:32Z">
          <spd>9.9</spd>
          <str>90.0</str>
        </logpt>
        <logpt time="2015-09-09T02:17:36Z">
          <spd>9.9</spd>
          <str>90.0</str>
        </logpt>
        <logpt time="2015-09-09T02:17:40Z">
          <spd>9.4</spd>
          <str>90.0</str>
        </logpt>
        <logpt time="2015-09-09T02:17:44Z">
          <spd>9.4</spd>
          <str>90.0</str>
        </logpt>
        <logpt time="2015-09-09T02:17:48Z">
          <spd>9.4</spd>
          <str>90.0</str>
        </logpt>
        <logpt time="2015-09-09T02:17:52Z">
          <spd>9.4</spd>
          <str>90.0</str>
        </logpt>
        <logpt time="2015-09-09T02:17:56Z">
          <spd>9.4</spd>
          <str>90.0</str>
        </logpt>
        <logpt time="2015-09-09T02:18:00Z">
          <spd>9.4</spd>
          <str>90.0</str>
        </logpt>
        <logpt time="2015-09-09T02:18:04Z">
          <spd>9.4</spd>
          <str>90.0</str>
        </logpt>
        <logpt time="2015-09-09T02:18:08Z">
          <spd>9.9</spd>
          <str>90.0</str>
        </logpt>
        <logpt time="2015-09-09T02:18:12Z">
          <spd>9.9</spd>
          <str>90.0</str>
        </logpt>
        <logpt time="2015-09-09T02:18:16Z">
          <spd>9.4</spd>
          <str>90.0</str>
        </logpt>
        <logpt time="2015-09-09T02:18:20Z">
          <spd>9.4</spd>
          <str>91.0</str>
        </logpt>
        <logpt time="2015-09-09T02:18:24Z">
          <spd>9.4</spd>
          <str>91.0</str>
        </logpt>
        <logpt time="2015-09-09T02:18:28Z">
          <spd>9.4</spd>
          <str>91.0</str>
        </logpt>
        <logpt time="2015-09-09T02:18:32Z">
          <spd>9.0</spd>
          <str>91.0</str>
        </logpt>
        <logpt time="2015-09-09T02:18:36Z">
          <spd>9.0</spd>
          <str>91.0</str>
        </logpt>
        <logpt time="2015-09-09T02:18:40Z">
          <spd>9.4</spd>
          <str>91.0</str>
        </logpt>
        <logpt time="2015-09-09T02:18:44Z">
          <spd>9.4</spd>
          <str>90.0</str>
        </logpt>
        <logpt time="2015-09-09T02:18:48Z">
          <spd>9.4</spd>
          <str>90.0</str>
        </logpt>
        <logpt time="2015-09-09T02:18:52Z">
          <spd>9.4</spd>
          <str>90.0</str>
        </logpt>
        <logpt time="2015-09-09T02:18:56Z">
          <spd>9.4</spd>
          <str>90.0</str>
        </logpt>
        <logpt time="2015-09-09T02:19:00Z">
          <spd>9.0</spd>
          <str>90.0</str>
        </logpt>
        <logpt time="2015-09-09T02:19:04Z">
          <spd>9.0</spd>
          <str>90.0</str>
        </logpt>
        <logpt time="2015-09-09T02:19:08Z">
          <spd>9.0</spd>
          <str>90.0</str>
        </logpt>
        <logpt time="2015-09-09T02:19:12Z">
          <spd>9.0</spd>
          <str>90.0</str>
        </logpt>
        <logpt time="2015-09-09T02:19:16Z">
          <spd>9.0</spd>
          <str>90.0</str>
        </logpt>
        <logpt time="2015-09-09T02:19:20Z">
          <spd>9.0</spd>
          <str>90.0</str>
        </logpt>
        <logpt time="2015-09-09T02:19:24Z">
          <spd>9.0</spd>
          <str>89.0</str>
        </logpt>
        <logpt time="2015-09-09T02:19:28Z">
          <spd>9.0</spd>
          <str>89.0</str>
        </logpt>
        <logpt time="2015-09-09T02:19:32Z">
          <spd>9.0</spd>
          <str>90.0</str>
        </logpt>
        <logpt time="2015-09-09T02:19:36Z">
          <spd>9.0</spd>
          <str>89.0</str>
        </logpt>
        <logpt time="2015-09-09T02:19:40Z">
          <spd>9.0</spd>
          <str>90.0</str>
        </logpt>
        <logpt time="2015-09-09T02:19:44Z">
          <spd>9.0</spd>
          <str>90.0</str>
        </logpt>
        <logpt time="2015-09-09T02:19:48Z">
          <spd>9.0</spd>
          <str>90.0</str>
        </logpt>
        <logpt time="2015-09-09T02:19:52Z">
          <spd>9.0</spd>
          <str>89.0</str>
        </logpt>
        <logpt time="2015-09-09T02:19:56Z">
          <spd>9.0</spd>
          <str>89.0</str>
        </logpt>
        <logpt time="2015-09-09T02:20:00Z">
          <spd>9.0</spd>
          <str>89.0</str>
        </logpt>
        <logpt time="2015-09-09T02:20:04Z">
          <spd>9.4</spd>
          <str>90.0</str>
        </logpt>
        <logpt time="2015-09-09T02:20:08Z">
          <spd>9.4</spd>
          <str>89.0</str>
        </logpt>
        <logpt time="2015-09-09T02:20:12Z">
          <spd>9.0</spd>
          <str>89.0</str>
        </logpt>
        <logpt time="2015-09-09T02:20:16Z">
          <spd>9.0</spd>
          <str>89.0</str>
        </logpt>
        <logpt time="2015-09-09T02:20:20Z">
          <spd>9.0</spd>
          <str>89.0</str>
        </logpt>
        <logpt time="2015-09-09T02:20:24Z">
          <spd>9.0</spd>
          <str>90.0</str>
        </logpt>
        <logpt time="2015-09-09T02:20:28Z">
          <spd>9.0</spd>
          <str>90.0</str>
        </logpt>
        <logpt time="2015-09-09T02:20:32Z">
          <spd>9.0</spd>
          <str>89.0</str>
        </logpt>
        <logpt time="2015-09-09T02:20:36Z">
          <spd>9.0</spd>
          <str>89.0</str>
        </logpt>
        <logpt time="2015-09-09T02:20:40Z">
          <spd>9.0</spd>
          <str>89.0</str>
        </logpt>
        <logpt time="2015-09-09T02:20:44Z">
          <spd>9.0</spd>
          <str>89.0</str>
        </logpt>
        <logpt time="2015-09-09T02:20:48Z">
          <spd>9.0</spd>
          <str>89.0</str>
        </logpt>
        <logpt time="2015-09-09T02:20:52Z">
          <spd>9.4</spd>
          <str>90.0</str>
        </logpt>
        <logpt time="2015-09-09T02:20:56Z">
          <spd>9.4</spd>
          <str>90.0</str>
        </logpt>
        <logpt time="2015-09-09T02:21:00Z">
          <spd>9.4</spd>
          <str>89.0</str>
        </logpt>
        <logpt time="2015-09-09T02:21:04Z">
          <spd>9.4</spd>
          <str>89.0</str>
        </logpt>
        <logpt time="2015-09-09T02:21:08Z">
          <spd>9.9</spd>
          <str>90.0</str>
        </logpt>
        <logpt time="2015-09-09T02:21:12Z">
          <spd>9.9</spd>
          <str>90.0</str>
        </logpt>
        <logpt time="2015-09-09T02:21:16Z">
          <spd>9.9</spd>
          <str>90.0</str>
        </logpt>
        <logpt time="2015-09-09T02:21:20Z">
          <spd>9.9</spd>
          <str>90.0</str>
        </logpt>
        <logpt time="2015-09-09T02:21:24Z">
          <spd>9.9</spd>
          <str>90.0</str>
        </logpt>
        <logpt time="2015-09-09T02:21:28Z">
          <spd>9.4</spd>
          <str>89.0</str>
        </logpt>
        <logpt time="2015-09-09T02:21:32Z">
          <spd>9.4</spd>
          <str>89.0</str>
        </logpt>
        <logpt time="2015-09-09T02:21:36Z">
          <spd>9.4</spd>
          <str>90.0</str>
        </logpt>
        <logpt time="2015-09-09T02:21:40Z">
          <spd>9.9</spd>
          <str>89.0</str>
        </logpt>
        <logpt time="2015-09-09T02:21:44Z">
          <spd>9.9</spd>
          <str>89.0</str>
        </logpt>
        <logpt time="2015-09-09T02:21:48Z">
          <spd>9.4</spd>
          <str>89.0</str>
        </logpt>
        <logpt time="2015-09-09T02:21:52Z">
          <spd>9.4</spd>
          <str>89.0</str>
        </logpt>
        <logpt time="2015-09-09T02:21:56Z">
          <spd>9.4</spd>
          <str>89.0</str>
        </logpt>
        <logpt time="2015-09-09T02:22:00Z">
          <spd>9.4</spd>
          <str>89.0</str>
        </logpt>
        <logpt time="2015-09-09T02:22:04Z">
          <spd>9.4</spd>
          <str>90.0</str>
        </logpt>
        <logpt time="2015-09-09T02:22:08Z">
          <spd>9.4</spd>
          <str>90.0</str>
        </logpt>
        <logpt time="2015-09-09T02:22:12Z">
          <spd>9.4</spd>
          <str>89.0</str>
        </logpt>
        <logpt time="2015-09-09T02:22:16Z">
          <spd>9.4</spd>
          <str>89.0</str>
        </logpt>
        <logpt time="2015-09-09T02:22:20Z">
          <spd>9.9</spd>
          <str>89.0</str>
        </logpt>
        <logpt time="2015-09-09T02:22:24Z">
          <spd>9.4</spd>
          <str>89.0</str>
        </logpt>
        <logpt time="2015-09-09T02:22:28Z">
          <spd>9.4</spd>
          <str>89.0</str>
        </logpt>
        <logpt time="2015-09-09T02:22:32Z">
          <spd>9.4</spd>
          <str>89.0</str>
        </logpt>
        <logpt time="2015-09-09T02:22:36Z">
          <spd>9.4</spd>
          <str>89.0</str>
        </logpt>
        <logpt time="2015-09-09T02:22:40Z">
          <spd>9.4</spd>
          <str>89.0</str>
        </logpt>
        <logpt time="2015-09-09T02:22:44Z">
          <spd>9.4</spd>
          <str>89.0</str>
        </logpt>
        <logpt time="2015-09-09T02:22:48Z">
          <spd>9.4</spd>
          <str>89.0</str>
        </logpt>
        <logpt time="2015-09-09T02:22:52Z">
          <spd>9.4</spd>
          <str>89.0</str>
        </logpt>
        <logpt time="2015-09-09T02:22:56Z">
          <spd>9.4</spd>
          <str>89.0</str>
        </logpt>
        <logpt time="2015-09-09T02:23:00Z">
          <spd>9.4</spd>
          <str>89.0</str>
        </logpt>
        <logpt time="2015-09-09T02:23:04Z">
          <spd>9.4</spd>
          <str>89.0</str>
        </logpt>
        <logpt time="2015-09-09T02:23:08Z">
          <spd>9.0</spd>
          <str>89.0</str>
        </logpt>
        <logpt time="2015-09-09T02:23:12Z">
          <spd>9.0</spd>
          <str>89.0</str>
        </logpt>
        <logpt time="2015-09-09T02:23:16Z">
          <spd>9.0</spd>
          <str>89.0</str>
        </logpt>
        <logpt time="2015-09-09T02:23:20Z">
          <spd>9.0</spd>
          <str>89.0</str>
        </logpt>
        <logpt time="2015-09-09T02:23:24Z">
          <spd>9.0</spd>
          <str>89.0</str>
        </logpt>
        <logpt time="2015-09-09T02:23:28Z">
          <spd>9.4</spd>
          <str>89.0</str>
        </logpt>
        <logpt time="2015-09-09T02:23:32Z">
          <spd>9.9</spd>
          <str>89.0</str>
        </logpt>
        <logpt time="2015-09-09T02:23:36Z">
          <spd>9.9</spd>
          <str>89.0</str>
        </logpt>
        <logpt time="2015-09-09T02:23:40Z">
          <spd>10.3</spd>
          <str>89.0</str>
        </logpt>
        <logpt time="2015-09-09T02:23:44Z">
          <spd>10.3</spd>
          <str>89.0</str>
        </logpt>
        <logpt time="2015-09-09T02:23:48Z">
          <spd>10.3</spd>
          <str>89.0</str>
        </logpt>
        <logpt time="2015-09-09T02:23:52Z">
          <spd>10.3</spd>
          <str>89.0</str>
        </logpt>
        <logpt time="2015-09-09T02:23:56Z">
          <spd>9.9</spd>
          <str>89.0</str>
        </logpt>
        <logpt time="2015-09-09T02:24:00Z">
          <spd>9.9</spd>
          <str>89.0</str>
        </logpt>
        <logpt time="2015-09-09T02:24:04Z">
          <spd>9.4</spd>
          <str>90.0</str>
        </logpt>
        <logpt time="2015-09-09T02:24:08Z">
          <spd>9.0</spd>
          <str>89.0</str>
        </logpt>
        <logpt time="2015-09-09T02:24:12Z">
          <spd>9.0</spd>
          <str>89.0</str>
        </logpt>
        <logpt time="2015-09-09T02:24:16Z">
          <spd>9.0</spd>
          <str>89.0</str>
        </logpt>
        <logpt time="2015-09-09T02:24:20Z">
          <spd>9.4</spd>
          <str>90.0</str>
        </logpt>
        <logpt time="2015-09-09T02:24:24Z">
          <spd>9.4</spd>
          <str>90.0</str>
        </logpt>
        <logpt time="2015-09-09T02:24:28Z">
          <spd>9.4</spd>
          <str>89.0</str>
        </logpt>
        <logpt time="2015-09-09T02:24:32Z">
          <spd>9.4</spd>
          <str>89.0</str>
        </logpt>
        <logpt time="2015-09-09T02:24:36Z">
          <spd>9.4</spd>
          <str>89.0</str>
        </logpt>
        <logpt time="2015-09-09T02:24:40Z">
          <spd>9.4</spd>
          <str>90.0</str>
        </logpt>
        <logpt time="2015-09-09T02:24:44Z">
          <spd>9.4</spd>
          <str>90.0</str>
        </logpt>
        <logpt time="2015-09-09T02:24:48Z">
          <spd>9.4</spd>
          <str>90.0</str>
        </logpt>
        <logpt time="2015-09-09T02:24:52Z">
          <spd>9.4</spd>
          <str>90.0</str>
        </logpt>
        <logpt time="2015-09-09T02:24:56Z">
          <spd>9.0</spd>
          <str>90.0</str>
        </logpt>
        <logpt time="2015-09-09T02:25:00Z">
          <spd>9.0</spd>
          <str>90.0</str>
        </logpt>
        <logpt time="2015-09-09T02:25:04Z">
          <spd>9.0</spd>
          <str>90.0</str>
        </logpt>
        <logpt time="2015-09-09T02:25:08Z">
          <spd>9.0</spd>
          <str>90.0</str>
        </logpt>
        <logpt time="2015-09-09T02:25:12Z">
          <spd>9.0</spd>
          <str>90.0</str>
        </logpt>
        <logpt time="2015-09-09T02:25:16Z">
          <spd>9.0</spd>
          <str>90.0</str>
        </logpt>
        <logpt time="2015-09-09T02:25:20Z">
          <spd>9.0</spd>
          <str>90.0</str>
        </logpt>
        <logpt time="2015-09-09T02:25:24Z">
          <spd>9.0</spd>
          <str>90.0</str>
        </logpt>
        <logpt time="2015-09-09T02:25:28Z">
          <spd>9.0</spd>
          <str>91.0</str>
        </logpt>
        <logpt time="2015-09-09T02:25:32Z">
          <spd>9.0</spd>
          <str>90.0</str>
        </logpt>
        <logpt time="2015-09-09T02:25:36Z">
          <spd>9.0</spd>
          <str>90.0</str>
        </logpt>
        <logpt time="2015-09-09T02:25:40Z">
          <spd>9.0</spd>
          <str>90.0</str>
        </logpt>
        <logpt time="2015-09-09T02:25:44Z">
          <spd>9.0</spd>
          <str>90.0</str>
        </logpt>
        <logpt time="2015-09-09T02:25:48Z">
          <spd>9.4</spd>
          <str>90.0</str>
        </logpt>
        <logpt time="2015-09-09T02:25:52Z">
          <spd>9.4</spd>
          <str>90.0</str>
        </logpt>
        <logpt time="2015-09-09T02:25:56Z">
          <spd>9.0</spd>
          <str>90.0</str>
        </logpt>
        <logpt time="2015-09-09T02:26:00Z">
          <spd>9.0</spd>
          <str>90.0</str>
        </logpt>
        <logpt time="2015-09-09T02:26:04Z">
          <spd>9.0</spd>
          <str>90.0</str>
        </logpt>
        <logpt time="2015-09-09T02:26:08Z">
          <spd>8.6</spd>
          <str>90.0</str>
        </logpt>
        <logpt time="2015-09-09T02:26:12Z">
          <spd>8.6</spd>
          <str>90.0</str>
        </logpt>
        <logpt time="2015-09-09T02:26:16Z">
          <spd>9.0</spd>
          <str>89.0</str>
        </logpt>
        <logpt time="2015-09-09T02:26:20Z">
          <spd>9.4</spd>
          <str>89.0</str>
        </logpt>
        <logpt time="2015-09-09T02:26:24Z">
          <spd>9.4</spd>
          <str>89.0</str>
        </logpt>
        <logpt time="2015-09-09T02:26:28Z">
          <spd>9.4</spd>
          <str>90.0</str>
        </logpt>
        <logpt time="2015-09-09T02:26:32Z">
          <spd>9.4</spd>
          <str>89.0</str>
        </logpt>
        <logpt time="2015-09-09T02:26:36Z">
          <spd>9.4</spd>
          <str>89.0</str>
        </logpt>
        <logpt time="2015-09-09T02:26:40Z">
          <spd>9.4</spd>
          <str>89.0</str>
        </logpt>
        <logpt time="2015-09-09T02:26:44Z">
          <spd>9.4</spd>
          <str>89.0</str>
        </logpt>
        <logpt time="2015-09-09T02:26:48Z">
          <spd>9.4</spd>
          <str>90.0</str>
        </logpt>
        <logpt time="2015-09-09T02:26:52Z">
          <spd>9.4</spd>
          <str>89.0</str>
        </logpt>
        <logpt time="2015-09-09T02:26:56Z">
          <spd>9.4</spd>
          <str>90.0</str>
        </logpt>
        <logpt time="2015-09-09T02:27:00Z">
          <spd>9.4</spd>
          <str>89.0</str>
        </logpt>
        <logpt time="2015-09-09T02:27:04Z">
          <spd>9.4</spd>
          <str>89.0</str>
        </logpt>
        <logpt time="2015-09-09T02:27:08Z">
          <spd>9.4</spd>
          <str>90.0</str>
        </logpt>
        <logpt time="2015-09-09T02:27:12Z">
          <spd>9.4</spd>
          <str>89.0</str>
        </logpt>
        <logpt time="2015-09-09T02:27:16Z">
          <spd>9.0</spd>
          <str>89.0</str>
        </logpt>
        <logpt time="2015-09-09T02:27:20Z">
          <spd>9.0</spd>
          <str>89.0</str>
        </logpt>
        <logpt time="2015-09-09T02:27:24Z">
          <spd>9.4</spd>
          <str>89.0</str>
        </logpt>
        <logpt time="2015-09-09T02:27:28Z">
          <spd>9.4</spd>
          <str>89.0</str>
        </logpt>
        <logpt time="2015-09-09T02:27:32Z">
          <spd>9.4</spd>
          <str>89.0</str>
        </logpt>
        <logpt time="2015-09-09T02:27:36Z">
          <spd>9.4</spd>
          <str>90.0</str>
        </logpt>
        <logpt time="2015-09-09T02:27:40Z">
          <spd>9.4</spd>
          <str>90.0</str>
        </logpt>
        <logpt time="2015-09-09T02:27:44Z">
          <spd>9.4</spd>
          <str>90.0</str>
        </logpt>
        <logpt time="2015-09-09T02:27:48Z">
          <spd>9.4</spd>
          <str>90.0</str>
        </logpt>
        <logpt time="2015-09-09T02:27:52Z">
          <spd>9.4</spd>
          <str>90.0</str>
        </logpt>
        <logpt time="2015-09-09T02:27:56Z">
          <spd>9.4</spd>
          <str>90.0</str>
        </logpt>
        <logpt time="2015-09-09T02:28:00Z">
          <spd>9.4</spd>
          <str>90.0</str>
        </logpt>
        <logpt time="2015-09-09T02:28:04Z">
          <spd>9.4</spd>
          <str>89.0</str>
        </logpt>
        <logpt time="2015-09-09T02:28:08Z">
          <spd>9.4</spd>
          <str>89.0</str>
        </logpt>
        <logpt time="2015-09-09T02:28:12Z">
          <spd>9.4</spd>
          <str>90.0</str>
        </logpt>
        <logpt time="2015-09-09T02:28:16Z">
          <spd>9.4</spd>
          <str>90.0</str>
        </logpt>
        <logpt time="2015-09-09T02:28:20Z">
          <spd>9.4</spd>
          <str>90.0</str>
        </logpt>
        <logpt time="2015-09-09T02:28:24Z">
          <spd>9.4</spd>
          <str>89.0</str>
        </logpt>
        <logpt time="2015-09-09T02:28:28Z">
          <spd>9.4</spd>
          <str>90.0</str>
        </logpt>
        <logpt time="2015-09-09T02:28:32Z">
          <spd>9.4</spd>
          <str>90.0</str>
        </logpt>
        <logpt time="2015-09-09T02:28:36Z">
          <spd>9.4</spd>
          <str>90.0</str>
        </logpt>
        <logpt time="2015-09-09T02:28:40Z">
          <spd>9.4</spd>
          <str>90.0</str>
        </logpt>
        <logpt time="2015-09-09T02:28:44Z">
          <spd>9.9</spd>
          <str>89.0</str>
        </logpt>
        <logpt time="2015-09-09T02:28:48Z">
          <spd>9.9</spd>
          <str>89.0</str>
        </logpt>
        <logpt time="2015-09-09T02:28:52Z">
          <spd>9.9</spd>
          <str>89.0</str>
        </logpt>
        <logpt time="2015-09-09T02:28:56Z">
          <spd>9.4</spd>
          <str>89.0</str>
        </logpt>
        <logpt time="2015-09-09T02:29:00Z">
          <spd>9.4</spd>
          <str>89.0</str>
        </logpt>
        <logpt time="2015-09-09T02:29:04Z">
          <spd>9.4</spd>
          <str>90.0</str>
        </logpt>
        <logpt time="2015-09-09T02:29:08Z">
          <spd>9.4</spd>
          <str>89.0</str>
        </logpt>
        <logpt time="2015-09-09T02:29:12Z">
          <spd>9.4</spd>
          <str>89.0</str>
        </logpt>
        <logpt time="2015-09-09T02:29:16Z">
          <spd>9.4</spd>
          <str>89.0</str>
        </logpt>
        <logpt time="2015-09-09T02:29:20Z">
          <spd>9.4</spd>
          <str>90.0</str>
        </logpt>
        <logpt time="2015-09-09T02:29:24Z">
          <spd>9.4</spd>
          <str>89.0</str>
        </logpt>
        <logpt time="2015-09-09T02:29:28Z">
          <spd>9.9</spd>
          <str>89.0</str>
        </logpt>
        <logpt time="2015-09-09T02:29:32Z">
          <spd>9.9</spd>
          <str>89.0</str>
        </logpt>
        <logpt time="2015-09-09T02:29:36Z">
          <spd>9.9</spd>
          <str>89.0</str>
        </logpt>
        <logpt time="2015-09-09T02:29:40Z">
          <spd>9.9</spd>
          <str>89.0</str>
        </logpt>
        <logpt time="2015-09-09T02:29:44Z">
          <spd>9.4</spd>
          <str>89.0</str>
        </logpt>
        <logpt time="2015-09-09T02:29:48Z">
          <spd>9.0</spd>
          <str>89.0</str>
        </logpt>
        <logpt time="2015-09-09T02:29:52Z">
          <spd>9.0</spd>
          <str>89.0</str>
        </logpt>
        <logpt time="2015-09-09T02:29:56Z">
          <spd>9.0</spd>
          <str>89.0</str>
        </logpt>
        <logpt time="2015-09-09T02:30:00Z">
          <spd>8.6</spd>
          <str>89.0</str>
        </logpt>
        <logpt time="2015-09-09T02:30:04Z">
          <spd>8.6</spd>
          <str>90.0</str>
        </logpt>
        <logpt time="2015-09-09T02:30:08Z">
          <spd>8.6</spd>
          <str>90.0</str>
        </logpt>
        <logpt time="2015-09-09T02:30:12Z">
          <spd>8.6</spd>
          <str>89.0</str>
        </logpt>
        <logpt time="2015-09-09T02:30:16Z">
          <spd>9.0</spd>
          <str>89.0</str>
        </logpt>
        <logpt time="2015-09-09T02:30:20Z">
          <spd>9.0</spd>
          <str>89.0</str>
        </logpt>
        <logpt time="2015-09-09T02:30:24Z">
          <spd>9.4</spd>
          <str>89.0</str>
        </logpt>
        <logpt time="2015-09-09T02:30:28Z">
          <spd>9.4</spd>
          <str>90.0</str>
        </logpt>
        <logpt time="2015-09-09T02:30:32Z">
          <spd>9.4</spd>
          <str>89.0</str>
        </logpt>
        <logpt time="2015-09-09T02:30:36Z">
          <spd>9.4</spd>
          <str>89.0</str>
        </logpt>
        <logpt time="2015-09-09T02:30:40Z">
          <spd>9.4</spd>
          <str>89.0</str>
        </logpt>
        <logpt time="2015-09-09T02:30:44Z">
          <spd>9.4</spd>
          <str>89.0</str>
        </logpt>
        <logpt time="2015-09-09T02:30:48Z">
          <spd>9.4</spd>
          <str>89.0</str>
        </logpt>
        <logpt time="2015-09-09T02:30:52Z">
          <spd>9.4</spd>
          <str>89.0</str>
        </logpt>
        <logpt time="2015-09-09T02:30:56Z">
          <spd>9.4</spd>
          <str>89.0</str>
        </logpt>
        <logpt time="2015-09-09T02:31:00Z">
          <spd>9.4</spd>
          <str>89.0</str>
        </logpt>
        <logpt time="2015-09-09T02:31:04Z">
          <spd>9.4</spd>
          <str>89.0</str>
        </logpt>
        <logpt time="2015-09-09T02:31:08Z">
          <spd>9.4</spd>
          <str>89.0</str>
        </logpt>
        <logpt time="2015-09-09T02:31:12Z">
          <spd>9.4</spd>
          <str>90.0</str>
        </logpt>
        <logpt time="2015-09-09T02:31:16Z">
          <spd>9.4</spd>
          <str>89.0</str>
        </logpt>
        <logpt time="2015-09-09T02:31:20Z">
          <spd>9.4</spd>
          <str>89.0</str>
        </logpt>
        <logpt time="2015-09-09T02:31:24Z">
          <spd>9.4</spd>
          <str>89.0</str>
        </logpt>
        <logpt time="2015-09-09T02:31:28Z">
          <spd>9.4</spd>
          <str>89.0</str>
        </logpt>
        <logpt time="2015-09-09T02:31:32Z">
          <spd>9.0</spd>
          <str>89.0</str>
        </logpt>
        <logpt time="2015-09-09T02:31:36Z">
          <spd>9.0</spd>
          <str>89.0</str>
        </logpt>
        <logpt time="2015-09-09T02:31:40Z">
          <spd>9.0</spd>
          <str>89.0</str>
        </logpt>
        <logpt time="2015-09-09T02:31:44Z">
          <spd>9.0</spd>
          <str>89.0</str>
        </logpt>
        <logpt time="2015-09-09T02:31:48Z">
          <spd>8.6</spd>
          <str>89.0</str>
        </logpt>
        <logpt time="2015-09-09T02:31:52Z">
          <spd>8.6</spd>
          <str>89.0</str>
        </logpt>
        <logpt time="2015-09-09T02:31:56Z">
          <spd>8.6</spd>
          <str>89.0</str>
        </logpt>
        <logpt time="2015-09-09T02:32:00Z">
          <spd>9.0</spd>
          <str>89.0</str>
        </logpt>
        <logpt time="2015-09-09T02:32:04Z">
          <spd>9.0</spd>
          <str>89.0</str>
        </logpt>
        <logpt time="2015-09-09T02:32:08Z">
          <spd>9.0</spd>
          <str>89.0</str>
        </logpt>
        <logpt time="2015-09-09T02:32:12Z">
          <spd>9.0</spd>
          <str>89.0</str>
        </logpt>
        <logpt time="2015-09-09T02:32:16Z">
          <spd>9.0</spd>
          <str>89.0</str>
        </logpt>
        <logpt time="2015-09-09T02:32:20Z">
          <spd>9.0</spd>
          <str>89.0</str>
        </logpt>
        <logpt time="2015-09-09T02:32:24Z">
          <spd>9.0</spd>
          <str>89.0</str>
        </logpt>
        <logpt time="2015-09-09T02:32:28Z">
          <spd>8.6</spd>
          <str>89.0</str>
        </logpt>
        <logpt time="2015-09-09T02:32:32Z">
          <spd>8.6</spd>
          <str>89.0</str>
        </logpt>
        <logpt time="2015-09-09T02:32:36Z">
          <spd>8.6</spd>
          <str>89.0</str>
        </logpt>
        <logpt time="2015-09-09T02:32:40Z">
          <spd>9.0</spd>
          <str>89.0</str>
        </logpt>
        <logpt time="2015-09-09T02:32:44Z">
          <spd>9.0</spd>
          <str>89.0</str>
        </logpt>
        <logpt time="2015-09-09T02:32:48Z">
          <spd>9.0</spd>
          <str>89.0</str>
        </logpt>
        <logpt time="2015-09-09T02:32:52Z">
          <spd>9.0</spd>
          <str>89.0</str>
        </logpt>
        <logpt time="2015-09-09T02:32:56Z">
          <spd>9.0</spd>
          <str>89.0</str>
        </logpt>
        <logpt time="2015-09-09T02:33:00Z">
          <spd>9.0</spd>
          <str>89.0</str>
        </logpt>
        <logpt time="2015-09-09T02:33:04Z">
          <spd>9.0</spd>
          <str>89.0</str>
        </logpt>
        <logpt time="2015-09-09T02:33:08Z">
          <spd>9.0</spd>
          <str>89.0</str>
        </logpt>
        <logpt time="2015-09-09T02:33:12Z">
          <spd>8.6</spd>
          <str>89.0</str>
        </logpt>
        <logpt time="2015-09-09T02:33:16Z">
          <spd>9.0</spd>
          <str>89.0</str>
        </logpt>
        <logpt time="2015-09-09T02:33:20Z">
          <spd>9.0</spd>
          <str>89.0</str>
        </logpt>
        <logpt time="2015-09-09T02:33:24Z">
          <spd>9.0</spd>
          <str>89.0</str>
        </logpt>
        <logpt time="2015-09-09T02:33:28Z">
          <spd>9.0</spd>
          <str>89.0</str>
        </logpt>
        <logpt time="2015-09-09T02:33:32Z">
          <spd>9.4</spd>
          <str>89.0</str>
        </logpt>
        <logpt time="2015-09-09T02:33:36Z">
          <spd>9.4</spd>
          <str>89.0</str>
        </logpt>
        <logpt time="2015-09-09T02:33:40Z">
          <spd>9.4</spd>
          <str>89.0</str>
        </logpt>
        <logpt time="2015-09-09T02:33:44Z">
          <spd>9.4</spd>
          <str>90.0</str>
        </logpt>
        <logpt time="2015-09-09T02:33:48Z">
          <spd>9.4</spd>
          <str>90.0</str>
        </logpt>
        <logpt time="2015-09-09T02:33:52Z">
          <spd>9.4</spd>
          <str>90.0</str>
        </logpt>
        <logpt time="2015-09-09T02:33:56Z">
          <spd>9.0</spd>
          <str>90.0</str>
        </logpt>
        <logpt time="2015-09-09T02:34:00Z">
          <spd>9.0</spd>
          <str>89.0</str>
        </logpt>
        <logpt time="2015-09-09T02:34:04Z">
          <spd>8.6</spd>
          <str>89.0</str>
        </logpt>
        <logpt time="2015-09-09T02:34:08Z">
          <spd>8.6</spd>
          <str>89.0</str>
        </logpt>
        <logpt time="2015-09-09T02:34:12Z">
          <spd>8.6</spd>
          <str>89.0</str>
        </logpt>
        <logpt time="2015-09-09T02:34:16Z">
          <spd>9.0</spd>
          <str>90.0</str>
        </logpt>
        <logpt time="2015-09-09T02:34:20Z">
          <spd>9.0</spd>
          <str>90.0</str>
        </logpt>
        <logpt time="2015-09-09T02:34:24Z">
          <spd>9.4</spd>
          <str>90.0</str>
        </logpt>
        <logpt time="2015-09-09T02:34:28Z">
          <spd>9.4</spd>
          <str>90.0</str>
        </logpt>
        <logpt time="2015-09-09T02:34:32Z">
          <spd>9.4</spd>
          <str>89.0</str>
        </logpt>
        <logpt time="2015-09-09T02:34:36Z">
          <spd>9.0</spd>
          <str>89.0</str>
        </logpt>
        <logpt time="2015-09-09T02:34:40Z">
          <spd>9.0</spd>
          <str>90.0</str>
        </logpt>
        <logpt time="2015-09-09T02:34:44Z">
          <spd>9.4</spd>
          <str>90.0</str>
        </logpt>
        <logpt time="2015-09-09T02:34:48Z">
          <spd>9.4</spd>
          <str>90.0</str>
        </logpt>
        <logpt time="2015-09-09T02:34:52Z">
          <spd>9.0</spd>
          <str>90.0</str>
        </logpt>
        <logpt time="2015-09-09T02:34:56Z">
          <spd>9.0</spd>
          <str>89.0</str>
        </logpt>
        <logpt time="2015-09-09T02:35:00Z">
          <spd>9.0</spd>
          <str>89.0</str>
        </logpt>
        <logpt time="2015-09-09T02:35:04Z">
          <spd>9.0</spd>
          <str>90.0</str>
        </logpt>
        <logpt time="2015-09-09T02:35:08Z">
          <spd>9.4</spd>
          <str>90.0</str>
        </logpt>
        <logpt time="2015-09-09T02:35:12Z">
          <spd>9.0</spd>
          <str>90.0</str>
        </logpt>
        <logpt time="2015-09-09T02:35:16Z">
          <spd>9.0</spd>
          <str>89.0</str>
        </logpt>
        <logpt time="2015-09-09T02:35:20Z">
          <spd>9.4</spd>
          <str>89.0</str>
        </logpt>
        <logpt time="2015-09-09T02:35:24Z">
          <spd>9.4</spd>
          <str>89.0</str>
        </logpt>
        <logpt time="2015-09-09T02:35:28Z">
          <spd>9.4</spd>
          <str>89.0</str>
        </logpt>
        <logpt time="2015-09-09T02:35:32Z">
          <spd>9.0</spd>
          <str>90.0</str>
        </logpt>
        <logpt time="2015-09-09T02:35:36Z">
          <spd>9.0</spd>
          <str>90.0</str>
        </logpt>
        <logpt time="2015-09-09T02:35:40Z">
          <spd>9.0</spd>
          <str>89.0</str>
        </logpt>
        <logpt time="2015-09-09T02:35:44Z">
          <spd>9.0</spd>
          <str>89.0</str>
        </logpt>
        <logpt time="2015-09-09T02:35:48Z">
          <spd>9.0</spd>
          <str>89.0</str>
        </logpt>
        <breaktype>2</breaktype>
      </logseg>
    </ssrlog>
    <laps>
      <summary start="2015-09-09T01:30:59Z" type="0" end="2015-09-09T02:36:35Z" isautolap="0">
        <distance>10001</distance>
        <calorie>612</calorie>
        <speed max="9.9" avg="9.45"/>
        <cad max="91" avg="88"/>
        <rtime>3859</rtime>
        <acttype subtype="0">1</acttype>
      </summary>
    </laps>
  </extensions>
</gpx>
