<?xml version='1.0' encoding='utf-8'?>
<gpx xmlns:xsi="http://www.w3.org/2001/XMLSchema-instance" xmlns="http://www.brytonsport.com/BDX/2/2" version="2.2.0.3" creator="bryton">
  <metadata>
    <name>2016/01/15 05:49</name>
    <time>2016-01-14T21:49:43Z</time>
    <bounds minlat="35.95189" maxlon="120.226931" minlon="120.207476" maxlat="35.965016"/>
    <extensions>
      <user>
        <bike>0<wheel>204.00</wheel></bike>
        <weight>68</weight>
        <gender>1</gender>
        <height>172</height>
        <age>29</age>
        <mhr>190</mhr>
        <lthr>172</lthr>
        <map>0</map>
        <ftp>0</ftp>
        <zonedef type="1">
          <zone high="74" id="1" low="0"/>
          <zone high="80" id="2" low="74"/>
          <zone high="85" id="3" low="80"/>
          <zone high="91" id="4" low="85"/>
          <zone high="93" id="5" low="91"/>
          <zone high="95" id="6" low="93"/>
          <zone high="0" id="7" low="95"/>
        </zonedef>
        <zonedef type="2">
          <zone high="80" id="1" low="0"/>
          <zone high="87" id="2" low="80"/>
          <zone high="91" id="3" low="87"/>
          <zone high="100" id="4" low="91"/>
          <zone high="101" id="5" low="100"/>
          <zone high="105" id="6" low="101"/>
          <zone high="0" id="7" low="105"/>
        </zonedef>
        <zonedef type="3">
          <zone high="40" id="1" low="17"/>
          <zone high="55" id="2" low="40"/>
          <zone high="65" id="3" low="55"/>
          <zone high="75" id="4" low="65"/>
          <zone high="85" id="5" low="75"/>
          <zone high="110" id="6" low="85"/>
          <zone high="65535" id="7" low="110"/>
        </zonedef>
        <zonedef type="4">
          <zone high="55" id="1" low="23"/>
          <zone high="75" id="2" low="55"/>
          <zone high="90" id="3" low="75"/>
          <zone high="105" id="4" low="90"/>
          <zone high="120" id="5" low="105"/>
          <zone high="150" id="6" low="120"/>
          <zone high="65535" id="7" low="150"/>
        </zonedef>
      </user>
      <sys version="1.0.0.R041 BB2.8.0.14">Cardio60<apps><app version="148" name="bc"/></apps></sys>
      <sharetype>2</sharetype>
      <acttype subtype="0">1</acttype>
      <trvTime>33</trvTime>
      <trvDist>5029</trvDist>
      <stime>1452808183</stime>
      <etime>1452810208</etime>
    </extensions>
  </metadata>
  <rte>
    <number>2</number>
    <rtept lat="35.956765" lon="120.209905">
      <type>1</type>
    </rtept>
    <rtept lat="35.956602" lon="120.208442">
      <type>2</type>
    </rtept>
  </rte>
  <trk>
    <trkseg/>
    <trkseg>
      <trkpt lat="35.956765" lon="120.209905">
        <ele>11.9</ele>
        <time>2016-01-14T21:50:34Z</time>
      </trkpt>
      <trkpt lat="35.956802" lon="120.209881">
        <ele>12.0</ele>
        <time>2016-01-14T21:50:38Z</time>
      </trkpt>
      <trkpt lat="35.956837" lon="120.209849">
        <ele>12.1</ele>
        <time>2016-01-14T21:50:42Z</time>
      </trkpt>
      <trkpt lat="35.956871" lon="120.20982">
        <ele>12.2</ele>
        <time>2016-01-14T21:50:46Z</time>
      </trkpt>
      <trkpt lat="35.956928" lon="120.209809">
        <ele>12.3</ele>
        <time>2016-01-14T21:50:50Z</time>
      </trkpt>
      <trkpt lat="35.957005" lon="120.209816">
        <ele>12.3</ele>
        <time>2016-01-14T21:50:54Z</time>
      </trkpt>
      <trkpt lat="35.957085" lon="120.209812">
        <ele>12.4</ele>
        <time>2016-01-14T21:50:58Z</time>
      </trkpt>
      <trkpt lat="35.957168" lon="120.209788">
        <ele>12.4</ele>
        <time>2016-01-14T21:51:02Z</time>
      </trkpt>
      <trkpt lat="35.957237" lon="120.209772">
        <ele>12.4</ele>
        <time>2016-01-14T21:51:06Z</time>
      </trkpt>
      <trkpt lat="35.957298" lon="120.209765">
        <ele>12.3</ele>
        <time>2016-01-14T21:51:10Z</time>
      </trkpt>
      <trkpt lat="35.957358" lon="120.209746">
        <ele>12.3</ele>
        <time>2016-01-14T21:51:14Z</time>
      </trkpt>
      <trkpt lat="35.957424" lon="120.209711">
        <ele>12.4</ele>
        <time>2016-01-14T21:51:18Z</time>
      </trkpt>
      <trkpt lat="35.957508" lon="120.2097">
        <ele>12.5</ele>
        <time>2016-01-14T21:51:22Z</time>
      </trkpt>
      <trkpt lat="35.957605" lon="120.209785">
        <ele>12.6</ele>
        <time>2016-01-14T21:51:26Z</time>
      </trkpt>
      <trkpt lat="35.957699" lon="120.2099">
        <ele>12.6</ele>
        <time>2016-01-14T21:51:30Z</time>
      </trkpt>
      <trkpt lat="35.957775" lon="120.210013">
        <ele>12.7</ele>
        <time>2016-01-14T21:51:34Z</time>
      </trkpt>
      <trkpt lat="35.957826" lon="120.210123">
        <ele>12.8</ele>
        <time>2016-01-14T21:51:38Z</time>
      </trkpt>
      <trkpt lat="35.957862" lon="120.210229">
        <ele>12.9</ele>
        <time>2016-01-14T21:51:42Z</time>
      </trkpt>
      <trkpt lat="35.957899" lon="120.210329">
        <ele>13.0</ele>
        <time>2016-01-14T21:51:46Z</time>
      </trkpt>
      <trkpt lat="35.957918" lon="120.210429">
        <ele>13.1</ele>
        <time>2016-01-14T21:51:50Z</time>
      </trkpt>
      <trkpt lat="35.957935" lon="120.210534">
        <ele>13.2</ele>
        <time>2016-01-14T21:51:54Z</time>
      </trkpt>
      <trkpt lat="35.957967" lon="120.210616">
        <ele>13.3</ele>
        <time>2016-01-14T21:51:58Z</time>
      </trkpt>
      <trkpt lat="35.958005" lon="120.210668">
        <ele>13.5</ele>
        <time>2016-01-14T21:52:02Z</time>
      </trkpt>
      <trkpt lat="35.958044" lon="120.210697">
        <ele>13.7</ele>
        <time>2016-01-14T21:52:06Z</time>
      </trkpt>
      <trkpt lat="35.958082" lon="120.21069">
        <ele>14.0</ele>
        <time>2016-01-14T21:52:10Z</time>
      </trkpt>
      <trkpt lat="35.958113" lon="120.210678">
        <ele>14.3</ele>
        <time>2016-01-14T21:52:14Z</time>
      </trkpt>
      <trkpt lat="35.958155" lon="120.210667">
        <ele>14.6</ele>
        <time>2016-01-14T21:52:18Z</time>
      </trkpt>
      <trkpt lat="35.958223" lon="120.21066">
        <ele>15.0</ele>
        <time>2016-01-14T21:52:22Z</time>
      </trkpt>
      <trkpt lat="35.958286" lon="120.210639">
        <ele>15.4</ele>
        <time>2016-01-14T21:52:26Z</time>
      </trkpt>
      <trkpt lat="35.95831" lon="120.210578">
        <ele>15.8</ele>
        <time>2016-01-14T21:52:30Z</time>
      </trkpt>
      <trkpt lat="35.958377" lon="120.210537">
        <ele>16.3</ele>
        <time>2016-01-14T21:52:34Z</time>
      </trkpt>
      <trkpt lat="35.958484" lon="120.210512">
        <ele>16.8</ele>
        <time>2016-01-14T21:52:38Z</time>
      </trkpt>
      <trkpt lat="35.958578" lon="120.210504">
        <ele>17.3</ele>
        <time>2016-01-14T21:52:42Z</time>
      </trkpt>
      <trkpt lat="35.958654" lon="120.210487">
        <ele>17.8</ele>
        <time>2016-01-14T21:52:46Z</time>
      </trkpt>
      <trkpt lat="35.958766" lon="120.210469">
        <ele>18.3</ele>
        <time>2016-01-14T21:52:50Z</time>
      </trkpt>
      <trkpt lat="35.958921" lon="120.210418">
        <ele>18.7</ele>
        <time>2016-01-14T21:52:54Z</time>
      </trkpt>
      <trkpt lat="35.959064" lon="120.210357">
        <ele>19.2</ele>
        <time>2016-01-14T21:52:58Z</time>
      </trkpt>
      <trkpt lat="35.959186" lon="120.210327">
        <ele>19.7</ele>
        <time>2016-01-14T21:53:02Z</time>
      </trkpt>
      <trkpt lat="35.959319" lon="120.210311">
        <ele>20.1</ele>
        <time>2016-01-14T21:53:06Z</time>
      </trkpt>
      <trkpt lat="35.959421" lon="120.210298">
        <ele>20.6</ele>
        <time>2016-01-14T21:53:10Z</time>
      </trkpt>
      <trkpt lat="35.959523" lon="120.210285">
        <ele>21.0</ele>
        <time>2016-01-14T21:53:14Z</time>
      </trkpt>
      <trkpt lat="35.959623" lon="120.210275">
        <ele>21.3</ele>
        <time>2016-01-14T21:53:18Z</time>
      </trkpt>
      <trkpt lat="35.959719" lon="120.210269">
        <ele>21.6</ele>
        <time>2016-01-14T21:53:22Z</time>
      </trkpt>
      <trkpt lat="35.959787" lon="120.210261">
        <ele>21.9</ele>
        <time>2016-01-14T21:53:26Z</time>
      </trkpt>
      <trkpt lat="35.959858" lon="120.210248">
        <ele>22.1</ele>
        <time>2016-01-14T21:53:30Z</time>
      </trkpt>
      <trkpt lat="35.95992" lon="120.210226">
        <ele>22.2</ele>
        <time>2016-01-14T21:53:34Z</time>
      </trkpt>
      <trkpt lat="35.96" lon="120.210208">
        <ele>22.3</ele>
        <time>2016-01-14T21:53:38Z</time>
      </trkpt>
      <trkpt lat="35.960088" lon="120.210186">
        <ele>22.4</ele>
        <time>2016-01-14T21:53:42Z</time>
      </trkpt>
      <trkpt lat="35.960185" lon="120.210169">
        <ele>22.4</ele>
        <time>2016-01-14T21:53:46Z</time>
      </trkpt>
      <trkpt lat="35.960278" lon="120.210203">
        <ele>22.4</ele>
        <time>2016-01-14T21:53:50Z</time>
      </trkpt>
      <trkpt lat="35.960339" lon="120.210294">
        <ele>22.4</ele>
        <time>2016-01-14T21:53:54Z</time>
      </trkpt>
      <trkpt lat="35.960377" lon="120.210392">
        <ele>22.3</ele>
        <time>2016-01-14T21:53:58Z</time>
      </trkpt>
      <trkpt lat="35.960422" lon="120.210498">
        <ele>22.2</ele>
        <time>2016-01-14T21:54:02Z</time>
      </trkpt>
      <trkpt lat="35.96047" lon="120.210612">
        <ele>22.1</ele>
        <time>2016-01-14T21:54:06Z</time>
      </trkpt>
      <trkpt lat="35.960525" lon="120.210727">
        <ele>21.9</ele>
        <time>2016-01-14T21:54:10Z</time>
      </trkpt>
      <trkpt lat="35.96056" lon="120.210843">
        <ele>21.7</ele>
        <time>2016-01-14T21:54:14Z</time>
      </trkpt>
      <trkpt lat="35.960573" lon="120.210948">
        <ele>21.5</ele>
        <time>2016-01-14T21:54:18Z</time>
      </trkpt>
      <trkpt lat="35.96059" lon="120.211051">
        <ele>21.3</ele>
        <time>2016-01-14T21:54:22Z</time>
      </trkpt>
      <trkpt lat="35.960618" lon="120.21115">
        <ele>21.1</ele>
        <time>2016-01-14T21:54:26Z</time>
      </trkpt>
      <trkpt lat="35.960643" lon="120.211248">
        <ele>20.9</ele>
        <time>2016-01-14T21:54:30Z</time>
      </trkpt>
      <trkpt lat="35.960666" lon="120.211353">
        <ele>20.6</ele>
        <time>2016-01-14T21:54:34Z</time>
      </trkpt>
      <trkpt lat="35.960691" lon="120.21146">
        <ele>20.3</ele>
        <time>2016-01-14T21:54:38Z</time>
      </trkpt>
      <trkpt lat="35.96072" lon="120.211563">
        <ele>20.1</ele>
        <time>2016-01-14T21:54:42Z</time>
      </trkpt>
      <trkpt lat="35.960736" lon="120.211668">
        <ele>19.9</ele>
        <time>2016-01-14T21:54:46Z</time>
      </trkpt>
      <trkpt lat="35.960762" lon="120.211772">
        <ele>19.6</ele>
        <time>2016-01-14T21:54:50Z</time>
      </trkpt>
      <trkpt lat="35.960794" lon="120.211876">
        <ele>19.4</ele>
        <time>2016-01-14T21:54:54Z</time>
      </trkpt>
      <trkpt lat="35.960806" lon="120.211979">
        <ele>19.2</ele>
        <time>2016-01-14T21:54:58Z</time>
      </trkpt>
      <trkpt lat="35.960831" lon="120.21208">
        <ele>19.0</ele>
        <time>2016-01-14T21:55:02Z</time>
      </trkpt>
      <trkpt lat="35.960862" lon="120.21219">
        <ele>18.8</ele>
        <time>2016-01-14T21:55:06Z</time>
      </trkpt>
      <trkpt lat="35.960884" lon="120.212311">
        <ele>18.6</ele>
        <time>2016-01-14T21:55:10Z</time>
      </trkpt>
      <trkpt lat="35.960892" lon="120.212426">
        <ele>18.3</ele>
        <time>2016-01-14T21:55:18Z</time>
      </trkpt>
      <trkpt lat="35.96091" lon="120.212542">
        <ele>18.1</ele>
        <time>2016-01-14T21:55:22Z</time>
      </trkpt>
      <trkpt lat="35.960939" lon="120.212642">
        <ele>17.9</ele>
        <time>2016-01-14T21:55:26Z</time>
      </trkpt>
      <trkpt lat="35.961023" lon="120.212833">
        <ele>17.8</ele>
        <time>2016-01-14T21:55:30Z</time>
      </trkpt>
      <trkpt lat="35.961054" lon="120.212939">
        <ele>17.6</ele>
        <time>2016-01-14T21:55:34Z</time>
      </trkpt>
      <trkpt lat="35.961078" lon="120.213044">
        <ele>17.6</ele>
        <time>2016-01-14T21:55:38Z</time>
      </trkpt>
      <trkpt lat="35.961096" lon="120.213148">
        <ele>17.5</ele>
        <time>2016-01-14T21:55:42Z</time>
      </trkpt>
      <trkpt lat="35.961113" lon="120.213253">
        <ele>17.5</ele>
        <time>2016-01-14T21:55:46Z</time>
      </trkpt>
      <trkpt lat="35.96114" lon="120.213363">
        <ele>17.5</ele>
        <time>2016-01-14T21:55:50Z</time>
      </trkpt>
      <trkpt lat="35.961172" lon="120.213477">
        <ele>17.6</ele>
        <time>2016-01-14T21:55:54Z</time>
      </trkpt>
      <trkpt lat="35.961198" lon="120.213591">
        <ele>17.6</ele>
        <time>2016-01-14T21:55:58Z</time>
      </trkpt>
      <trkpt lat="35.961229" lon="120.213703">
        <ele>17.7</ele>
        <time>2016-01-14T21:56:02Z</time>
      </trkpt>
      <trkpt lat="35.961258" lon="120.213818">
        <ele>17.8</ele>
        <time>2016-01-14T21:56:06Z</time>
      </trkpt>
      <trkpt lat="35.961287" lon="120.213937">
        <ele>17.9</ele>
        <time>2016-01-14T21:56:10Z</time>
      </trkpt>
      <trkpt lat="35.961326" lon="120.214061">
        <ele>18.0</ele>
        <time>2016-01-14T21:56:14Z</time>
      </trkpt>
      <trkpt lat="35.961367" lon="120.214193">
        <ele>18.1</ele>
        <time>2016-01-14T21:56:18Z</time>
      </trkpt>
      <trkpt lat="35.961395" lon="120.214327">
        <ele>18.2</ele>
        <time>2016-01-14T21:56:22Z</time>
      </trkpt>
      <trkpt lat="35.961421" lon="120.214449">
        <ele>18.3</ele>
        <time>2016-01-14T21:56:26Z</time>
      </trkpt>
      <trkpt lat="35.961433" lon="120.214554">
        <ele>18.5</ele>
        <time>2016-01-14T21:56:30Z</time>
      </trkpt>
      <trkpt lat="35.961446" lon="120.214648">
        <ele>18.7</ele>
        <time>2016-01-14T21:56:34Z</time>
      </trkpt>
      <trkpt lat="35.961455" lon="120.21475">
        <ele>18.8</ele>
        <time>2016-01-14T21:56:38Z</time>
      </trkpt>
      <trkpt lat="35.961472" lon="120.214854">
        <ele>19.1</ele>
        <time>2016-01-14T21:56:42Z</time>
      </trkpt>
      <trkpt lat="35.961487" lon="120.214969">
        <ele>19.3</ele>
        <time>2016-01-14T21:56:46Z</time>
      </trkpt>
      <trkpt lat="35.961521" lon="120.215077">
        <ele>19.5</ele>
        <time>2016-01-14T21:56:50Z</time>
      </trkpt>
      <trkpt lat="35.961545" lon="120.215185">
        <ele>19.7</ele>
        <time>2016-01-14T21:56:54Z</time>
      </trkpt>
      <trkpt lat="35.961556" lon="120.215287">
        <ele>19.9</ele>
        <time>2016-01-14T21:56:58Z</time>
      </trkpt>
      <trkpt lat="35.961571" lon="120.215391">
        <ele>20.0</ele>
        <time>2016-01-14T21:57:02Z</time>
      </trkpt>
      <trkpt lat="35.961585" lon="120.215507">
        <ele>20.1</ele>
        <time>2016-01-14T21:57:06Z</time>
      </trkpt>
      <trkpt lat="35.96161" lon="120.215609">
        <ele>20.2</ele>
        <time>2016-01-14T21:57:10Z</time>
      </trkpt>
      <trkpt lat="35.961643" lon="120.215724">
        <ele>20.2</ele>
        <time>2016-01-14T21:57:14Z</time>
      </trkpt>
      <trkpt lat="35.961662" lon="120.215832">
        <ele>20.2</ele>
        <time>2016-01-14T21:57:18Z</time>
      </trkpt>
      <trkpt lat="35.961685" lon="120.215938">
        <ele>20.2</ele>
        <time>2016-01-14T21:57:26Z</time>
      </trkpt>
      <trkpt lat="35.961706" lon="120.216044">
        <ele>20.2</ele>
        <time>2016-01-14T21:57:30Z</time>
      </trkpt>
      <trkpt lat="35.961733" lon="120.216136">
        <ele>20.1</ele>
        <time>2016-01-14T21:57:34Z</time>
      </trkpt>
      <trkpt lat="35.961801" lon="120.216332">
        <ele>20.0</ele>
        <time>2016-01-14T21:57:38Z</time>
      </trkpt>
      <trkpt lat="35.96185" lon="120.216446">
        <ele>20.0</ele>
        <time>2016-01-14T21:57:42Z</time>
      </trkpt>
      <trkpt lat="35.96191" lon="120.216556">
        <ele>19.9</ele>
        <time>2016-01-14T21:57:46Z</time>
      </trkpt>
      <trkpt lat="35.961956" lon="120.216659">
        <ele>19.8</ele>
        <time>2016-01-14T21:57:50Z</time>
      </trkpt>
      <trkpt lat="35.961984" lon="120.216764">
        <ele>19.7</ele>
        <time>2016-01-14T21:57:54Z</time>
      </trkpt>
      <trkpt lat="35.962004" lon="120.216866">
        <ele>19.6</ele>
        <time>2016-01-14T21:57:58Z</time>
      </trkpt>
      <trkpt lat="35.962028" lon="120.216974">
        <ele>19.5</ele>
        <time>2016-01-14T21:58:02Z</time>
      </trkpt>
      <trkpt lat="35.96206" lon="120.217074">
        <ele>19.3</ele>
        <time>2016-01-14T21:58:06Z</time>
      </trkpt>
      <trkpt lat="35.962088" lon="120.217169">
        <ele>19.2</ele>
        <time>2016-01-14T21:58:10Z</time>
      </trkpt>
      <trkpt lat="35.962122" lon="120.217268">
        <ele>19.0</ele>
        <time>2016-01-14T21:58:14Z</time>
      </trkpt>
      <trkpt lat="35.962174" lon="120.217363">
        <ele>18.9</ele>
        <time>2016-01-14T21:58:18Z</time>
      </trkpt>
      <trkpt lat="35.962234" lon="120.217456">
        <ele>18.7</ele>
        <time>2016-01-14T21:58:22Z</time>
      </trkpt>
      <trkpt lat="35.962306" lon="120.217555">
        <ele>18.5</ele>
        <time>2016-01-14T21:58:26Z</time>
      </trkpt>
      <trkpt lat="35.962362" lon="120.217658">
        <ele>18.4</ele>
        <time>2016-01-14T21:58:30Z</time>
      </trkpt>
      <trkpt lat="35.962416" lon="120.217759">
        <ele>18.2</ele>
        <time>2016-01-14T21:58:34Z</time>
      </trkpt>
      <trkpt lat="35.962462" lon="120.21786">
        <ele>18.1</ele>
        <time>2016-01-14T21:58:38Z</time>
      </trkpt>
      <trkpt lat="35.962495" lon="120.217965">
        <ele>18.0</ele>
        <time>2016-01-14T21:58:42Z</time>
      </trkpt>
      <trkpt lat="35.962523" lon="120.218056">
        <ele>17.9</ele>
        <time>2016-01-14T21:58:46Z</time>
      </trkpt>
      <trkpt lat="35.962546" lon="120.218147">
        <ele>17.9</ele>
        <time>2016-01-14T21:58:50Z</time>
      </trkpt>
      <trkpt lat="35.962588" lon="120.218241">
        <ele>17.9</ele>
        <time>2016-01-14T21:58:54Z</time>
      </trkpt>
      <trkpt lat="35.962638" lon="120.21834">
        <ele>17.9</ele>
        <time>2016-01-14T21:58:58Z</time>
      </trkpt>
      <trkpt lat="35.962692" lon="120.218438">
        <ele>18.0</ele>
        <time>2016-01-14T21:59:02Z</time>
      </trkpt>
      <trkpt lat="35.962741" lon="120.218536">
        <ele>18.0</ele>
        <time>2016-01-14T21:59:06Z</time>
      </trkpt>
      <trkpt lat="35.96278" lon="120.218636">
        <ele>18.0</ele>
        <time>2016-01-14T21:59:10Z</time>
      </trkpt>
      <trkpt lat="35.962821" lon="120.218739">
        <ele>18.1</ele>
        <time>2016-01-14T21:59:14Z</time>
      </trkpt>
      <trkpt lat="35.962874" lon="120.218836">
        <ele>18.1</ele>
        <time>2016-01-14T21:59:22Z</time>
      </trkpt>
      <trkpt lat="35.962983" lon="120.219029">
        <ele>18.1</ele>
        <time>2016-01-14T21:59:26Z</time>
      </trkpt>
      <trkpt lat="35.963029" lon="120.219131">
        <ele>18.2</ele>
        <time>2016-01-14T21:59:34Z</time>
      </trkpt>
      <trkpt lat="35.963054" lon="120.219234">
        <ele>18.2</ele>
        <time>2016-01-14T21:59:38Z</time>
      </trkpt>
      <trkpt lat="35.963077" lon="120.219324">
        <ele>18.3</ele>
        <time>2016-01-14T21:59:42Z</time>
      </trkpt>
      <trkpt lat="35.963152" lon="120.219514">
        <ele>18.3</ele>
        <time>2016-01-14T21:59:46Z</time>
      </trkpt>
      <trkpt lat="35.963204" lon="120.219619">
        <ele>18.3</ele>
        <time>2016-01-14T21:59:50Z</time>
      </trkpt>
      <trkpt lat="35.963247" lon="120.219721">
        <ele>18.4</ele>
        <time>2016-01-14T21:59:54Z</time>
      </trkpt>
      <trkpt lat="35.963289" lon="120.219824">
        <ele>18.4</ele>
        <time>2016-01-14T21:59:58Z</time>
      </trkpt>
      <trkpt lat="35.963335" lon="120.219936">
        <ele>18.4</ele>
        <time>2016-01-14T22:00:02Z</time>
      </trkpt>
      <trkpt lat="35.963386" lon="120.220042">
        <ele>18.5</ele>
        <time>2016-01-14T22:00:06Z</time>
      </trkpt>
      <trkpt lat="35.963441" lon="120.22014">
        <ele>18.5</ele>
        <time>2016-01-14T22:00:10Z</time>
      </trkpt>
      <trkpt lat="35.963486" lon="120.220241">
        <ele>18.4</ele>
        <time>2016-01-14T22:00:14Z</time>
      </trkpt>
      <trkpt lat="35.96352" lon="120.220337">
        <ele>18.3</ele>
        <time>2016-01-14T22:00:18Z</time>
      </trkpt>
      <trkpt lat="35.963555" lon="120.220432">
        <ele>18.2</ele>
        <time>2016-01-14T22:00:22Z</time>
      </trkpt>
      <trkpt lat="35.963605" lon="120.220538">
        <ele>18.0</ele>
        <time>2016-01-14T22:00:26Z</time>
      </trkpt>
      <trkpt lat="35.96364" lon="120.22065">
        <ele>17.8</ele>
        <time>2016-01-14T22:00:30Z</time>
      </trkpt>
      <trkpt lat="35.963702" lon="120.220774">
        <ele>17.6</ele>
        <time>2016-01-14T22:00:34Z</time>
      </trkpt>
      <trkpt lat="35.963769" lon="120.220882">
        <ele>17.4</ele>
        <time>2016-01-14T22:00:38Z</time>
      </trkpt>
      <trkpt lat="35.963831" lon="120.220984">
        <ele>17.1</ele>
        <time>2016-01-14T22:00:42Z</time>
      </trkpt>
      <trkpt lat="35.963872" lon="120.22109">
        <ele>16.7</ele>
        <time>2016-01-14T22:00:46Z</time>
      </trkpt>
      <trkpt lat="35.963909" lon="120.2212">
        <ele>16.3</ele>
        <time>2016-01-14T22:00:50Z</time>
      </trkpt>
      <trkpt lat="35.963996" lon="120.221393">
        <ele>15.8</ele>
        <time>2016-01-14T22:00:58Z</time>
      </trkpt>
      <trkpt lat="35.964089" lon="120.221588">
        <ele>15.2</ele>
        <time>2016-01-14T22:01:06Z</time>
      </trkpt>
      <trkpt lat="35.964139" lon="120.221699">
        <ele>14.6</ele>
        <time>2016-01-14T22:01:10Z</time>
      </trkpt>
      <trkpt lat="35.964189" lon="120.221806">
        <ele>14.0</ele>
        <time>2016-01-14T22:01:14Z</time>
      </trkpt>
      <trkpt lat="35.964246" lon="120.22192">
        <ele>13.4</ele>
        <time>2016-01-14T22:01:18Z</time>
      </trkpt>
      <trkpt lat="35.9643" lon="120.222034">
        <ele>12.7</ele>
        <time>2016-01-14T22:01:22Z</time>
      </trkpt>
      <trkpt lat="35.964344" lon="120.222144">
        <ele>12.1</ele>
        <time>2016-01-14T22:01:30Z</time>
      </trkpt>
      <trkpt lat="35.96443" lon="120.222364">
        <ele>11.4</ele>
        <time>2016-01-14T22:01:34Z</time>
      </trkpt>
      <trkpt lat="35.964471" lon="120.222475">
        <ele>10.7</ele>
        <time>2016-01-14T22:01:42Z</time>
      </trkpt>
      <trkpt lat="35.96451" lon="120.222583">
        <ele>10.1</ele>
        <time>2016-01-14T22:01:46Z</time>
      </trkpt>
      <trkpt lat="35.964551" lon="120.222697">
        <ele>9.4</ele>
        <time>2016-01-14T22:01:50Z</time>
      </trkpt>
      <trkpt lat="35.964663" lon="120.222928">
        <ele>8.8</ele>
        <time>2016-01-14T22:01:54Z</time>
      </trkpt>
      <trkpt lat="35.9647" lon="120.223039">
        <ele>8.2</ele>
        <time>2016-01-14T22:02:02Z</time>
      </trkpt>
      <trkpt lat="35.964712" lon="120.223146">
        <ele>7.6</ele>
        <time>2016-01-14T22:02:06Z</time>
      </trkpt>
      <trkpt lat="35.964749" lon="120.223262">
        <ele>7.0</ele>
        <time>2016-01-14T22:02:10Z</time>
      </trkpt>
      <trkpt lat="35.964828" lon="120.223483">
        <ele>6.5</ele>
        <time>2016-01-14T22:02:14Z</time>
      </trkpt>
      <trkpt lat="35.964895" lon="120.223614">
        <ele>5.9</ele>
        <time>2016-01-14T22:02:22Z</time>
      </trkpt>
      <trkpt lat="35.965005" lon="120.223848">
        <ele>5.4</ele>
        <time>2016-01-14T22:02:26Z</time>
      </trkpt>
      <trkpt lat="35.965016" lon="120.223968">
        <ele>5.0</ele>
        <time>2016-01-14T22:02:30Z</time>
      </trkpt>
      <trkpt lat="35.964989" lon="120.224089">
        <ele>4.6</ele>
        <time>2016-01-14T22:02:34Z</time>
      </trkpt>
      <trkpt lat="35.964938" lon="120.224194">
        <ele>4.3</ele>
        <time>2016-01-14T22:02:38Z</time>
      </trkpt>
      <trkpt lat="35.964851" lon="120.22427">
        <ele>4.1</ele>
        <time>2016-01-14T22:02:42Z</time>
      </trkpt>
      <trkpt lat="35.964757" lon="120.224319">
        <ele>4.0</ele>
        <time>2016-01-14T22:02:50Z</time>
      </trkpt>
      <trkpt lat="35.964605" lon="120.224398">
        <ele>3.9</ele>
        <time>2016-01-14T22:02:54Z</time>
      </trkpt>
      <trkpt lat="35.964528" lon="120.22442">
        <ele>3.9</ele>
        <time>2016-01-14T22:03:02Z</time>
      </trkpt>
      <trkpt lat="35.96444" lon="120.224453">
        <ele>3.8</ele>
        <time>2016-01-14T22:03:06Z</time>
      </trkpt>
      <trkpt lat="35.964347" lon="120.224495">
        <ele>3.8</ele>
        <time>2016-01-14T22:03:10Z</time>
      </trkpt>
      <trkpt lat="35.964175" lon="120.224561">
        <ele>3.8</ele>
        <time>2016-01-14T22:03:14Z</time>
      </trkpt>
      <trkpt lat="35.964082" lon="120.224602">
        <ele>3.8</ele>
        <time>2016-01-14T22:03:18Z</time>
      </trkpt>
      <trkpt lat="35.963992" lon="120.224646">
        <ele>3.9</ele>
        <time>2016-01-14T22:03:26Z</time>
      </trkpt>
      <trkpt lat="35.963911" lon="120.224692">
        <ele>4.0</ele>
        <time>2016-01-14T22:03:30Z</time>
      </trkpt>
      <trkpt lat="35.963701" lon="120.224761">
        <ele>4.1</ele>
        <time>2016-01-14T22:03:34Z</time>
      </trkpt>
      <trkpt lat="35.963596" lon="120.224796">
        <ele>4.3</ele>
        <time>2016-01-14T22:03:38Z</time>
      </trkpt>
      <trkpt lat="35.963498" lon="120.224835">
        <ele>4.5</ele>
        <time>2016-01-14T22:03:42Z</time>
      </trkpt>
      <trkpt lat="35.963397" lon="120.224886">
        <ele>4.7</ele>
        <time>2016-01-14T22:03:50Z</time>
      </trkpt>
      <trkpt lat="35.963295" lon="120.224925">
        <ele>4.9</ele>
        <time>2016-01-14T22:03:54Z</time>
      </trkpt>
      <trkpt lat="35.963204" lon="120.224964">
        <ele>5.1</ele>
        <time>2016-01-14T22:03:58Z</time>
      </trkpt>
      <trkpt lat="35.963016" lon="120.225029">
        <ele>5.4</ele>
        <time>2016-01-14T22:04:02Z</time>
      </trkpt>
      <trkpt lat="35.962909" lon="120.225063">
        <ele>5.6</ele>
        <time>2016-01-14T22:04:10Z</time>
      </trkpt>
      <trkpt lat="35.962814" lon="120.225115">
        <ele>5.8</ele>
        <time>2016-01-14T22:04:14Z</time>
      </trkpt>
      <trkpt lat="35.962711" lon="120.225183">
        <ele>6.1</ele>
        <time>2016-01-14T22:04:18Z</time>
      </trkpt>
      <trkpt lat="35.962541" lon="120.22528">
        <ele>6.4</ele>
        <time>2016-01-14T22:04:22Z</time>
      </trkpt>
      <trkpt lat="35.962452" lon="120.225311">
        <ele>6.6</ele>
        <time>2016-01-14T22:04:30Z</time>
      </trkpt>
      <trkpt lat="35.962247" lon="120.225368">
        <ele>6.9</ele>
        <time>2016-01-14T22:04:34Z</time>
      </trkpt>
      <trkpt lat="35.96216" lon="120.225403">
        <ele>7.2</ele>
        <time>2016-01-14T22:04:38Z</time>
      </trkpt>
      <trkpt lat="35.962085" lon="120.225436">
        <ele>7.6</ele>
        <time>2016-01-14T22:04:42Z</time>
      </trkpt>
      <trkpt lat="35.962022" lon="120.225468">
        <ele>7.9</ele>
        <time>2016-01-14T22:04:46Z</time>
      </trkpt>
      <trkpt lat="35.961959" lon="120.225505">
        <ele>8.3</ele>
        <time>2016-01-14T22:04:50Z</time>
      </trkpt>
      <trkpt lat="35.961883" lon="120.225537">
        <ele>8.7</ele>
        <time>2016-01-14T22:04:58Z</time>
      </trkpt>
      <trkpt lat="35.961689" lon="120.225596">
        <ele>9.2</ele>
        <time>2016-01-14T22:05:02Z</time>
      </trkpt>
      <trkpt lat="35.961612" lon="120.225623">
        <ele>9.6</ele>
        <time>2016-01-14T22:05:10Z</time>
      </trkpt>
      <trkpt lat="35.961522" lon="120.225644">
        <ele>10.1</ele>
        <time>2016-01-14T22:05:14Z</time>
      </trkpt>
      <trkpt lat="35.961335" lon="120.225696">
        <ele>10.6</ele>
        <time>2016-01-14T22:05:18Z</time>
      </trkpt>
      <trkpt lat="35.961239" lon="120.225741">
        <ele>11.0</ele>
        <time>2016-01-14T22:05:22Z</time>
      </trkpt>
      <trkpt lat="35.961152" lon="120.225786">
        <ele>11.5</ele>
        <time>2016-01-14T22:05:30Z</time>
      </trkpt>
      <trkpt lat="35.961075" lon="120.22582">
        <ele>11.9</ele>
        <time>2016-01-14T22:05:34Z</time>
      </trkpt>
      <trkpt lat="35.960993" lon="120.225869">
        <ele>12.4</ele>
        <time>2016-01-14T22:05:38Z</time>
      </trkpt>
      <trkpt lat="35.960901" lon="120.225916">
        <ele>12.9</ele>
        <time>2016-01-14T22:05:42Z</time>
      </trkpt>
      <trkpt lat="35.960816" lon="120.225961">
        <ele>13.3</ele>
        <time>2016-01-14T22:05:46Z</time>
      </trkpt>
      <trkpt lat="35.96066" lon="120.226041">
        <ele>13.9</ele>
        <time>2016-01-14T22:05:50Z</time>
      </trkpt>
      <trkpt lat="35.960568" lon="120.226079">
        <ele>14.4</ele>
        <time>2016-01-14T22:05:58Z</time>
      </trkpt>
      <trkpt lat="35.960476" lon="120.226116">
        <ele>14.9</ele>
        <time>2016-01-14T22:06:02Z</time>
      </trkpt>
      <trkpt lat="35.960391" lon="120.22616">
        <ele>15.4</ele>
        <time>2016-01-14T22:06:06Z</time>
      </trkpt>
      <trkpt lat="35.960295" lon="120.226192">
        <ele>15.9</ele>
        <time>2016-01-14T22:06:10Z</time>
      </trkpt>
      <trkpt lat="35.960196" lon="120.226239">
        <ele>16.3</ele>
        <time>2016-01-14T22:06:14Z</time>
      </trkpt>
      <trkpt lat="35.960099" lon="120.226284">
        <ele>16.8</ele>
        <time>2016-01-14T22:06:18Z</time>
      </trkpt>
      <trkpt lat="35.960006" lon="120.226327">
        <ele>17.3</ele>
        <time>2016-01-14T22:06:22Z</time>
      </trkpt>
      <trkpt lat="35.959916" lon="120.226361">
        <ele>17.7</ele>
        <time>2016-01-14T22:06:26Z</time>
      </trkpt>
      <trkpt lat="35.959824" lon="120.226393">
        <ele>18.2</ele>
        <time>2016-01-14T22:06:30Z</time>
      </trkpt>
      <trkpt lat="35.959734" lon="120.226432">
        <ele>18.6</ele>
        <time>2016-01-14T22:06:34Z</time>
      </trkpt>
      <trkpt lat="35.959645" lon="120.226478">
        <ele>18.9</ele>
        <time>2016-01-14T22:06:38Z</time>
      </trkpt>
      <trkpt lat="35.959556" lon="120.226522">
        <ele>19.3</ele>
        <time>2016-01-14T22:06:42Z</time>
      </trkpt>
      <trkpt lat="35.959465" lon="120.226572">
        <ele>19.6</ele>
        <time>2016-01-14T22:06:46Z</time>
      </trkpt>
      <trkpt lat="35.95938" lon="120.226611">
        <ele>19.9</ele>
        <time>2016-01-14T22:06:50Z</time>
      </trkpt>
      <trkpt lat="35.9593" lon="120.226647">
        <ele>20.2</ele>
        <time>2016-01-14T22:06:54Z</time>
      </trkpt>
      <trkpt lat="35.95922" lon="120.226694">
        <ele>20.4</ele>
        <time>2016-01-14T22:06:58Z</time>
      </trkpt>
      <trkpt lat="35.959146" lon="120.226737">
        <ele>20.6</ele>
        <time>2016-01-14T22:07:02Z</time>
      </trkpt>
      <trkpt lat="35.959071" lon="120.226765">
        <ele>20.9</ele>
        <time>2016-01-14T22:07:06Z</time>
      </trkpt>
      <trkpt lat="35.958989" lon="120.226799">
        <ele>21.0</ele>
        <time>2016-01-14T22:07:10Z</time>
      </trkpt>
      <trkpt lat="35.958897" lon="120.226842">
        <ele>21.2</ele>
        <time>2016-01-14T22:07:14Z</time>
      </trkpt>
      <trkpt lat="35.958807" lon="120.226878">
        <ele>21.4</ele>
        <time>2016-01-14T22:07:18Z</time>
      </trkpt>
      <trkpt lat="35.958707" lon="120.226921">
        <ele>21.5</ele>
        <time>2016-01-14T22:07:22Z</time>
      </trkpt>
      <trkpt lat="35.958612" lon="120.226931">
        <ele>21.6</ele>
        <time>2016-01-14T22:07:26Z</time>
      </trkpt>
      <trkpt lat="35.958523" lon="120.226897">
        <ele>21.7</ele>
        <time>2016-01-14T22:07:30Z</time>
      </trkpt>
      <trkpt lat="35.958458" lon="120.226882">
        <ele>21.8</ele>
        <time>2016-01-14T22:07:34Z</time>
      </trkpt>
      <trkpt lat="35.958397" lon="120.226841">
        <ele>21.8</ele>
        <time>2016-01-14T22:07:38Z</time>
      </trkpt>
      <trkpt lat="35.958337" lon="120.226773">
        <ele>21.9</ele>
        <time>2016-01-14T22:07:42Z</time>
      </trkpt>
      <trkpt lat="35.958275" lon="120.226684">
        <ele>21.9</ele>
        <time>2016-01-14T22:07:46Z</time>
      </trkpt>
      <trkpt lat="35.958221" lon="120.226593">
        <ele>22.0</ele>
        <time>2016-01-14T22:07:50Z</time>
      </trkpt>
      <trkpt lat="35.958168" lon="120.226499">
        <ele>22.0</ele>
        <time>2016-01-14T22:07:54Z</time>
      </trkpt>
      <trkpt lat="35.958125" lon="120.226438">
        <ele>22.0</ele>
        <time>2016-01-14T22:07:58Z</time>
      </trkpt>
      <trkpt lat="35.958088" lon="120.226382">
        <ele>22.0</ele>
        <time>2016-01-14T22:08:02Z</time>
      </trkpt>
      <trkpt lat="35.958047" lon="120.226323">
        <ele>22.0</ele>
        <time>2016-01-14T22:08:06Z</time>
      </trkpt>
      <trkpt lat="35.958002" lon="120.226251">
        <ele>21.9</ele>
        <time>2016-01-14T22:08:10Z</time>
      </trkpt>
      <trkpt lat="35.957945" lon="120.226167">
        <ele>21.9</ele>
        <time>2016-01-14T22:08:14Z</time>
      </trkpt>
      <trkpt lat="35.957889" lon="120.226082">
        <ele>21.9</ele>
        <time>2016-01-14T22:08:18Z</time>
      </trkpt>
      <trkpt lat="35.957838" lon="120.225994">
        <ele>21.8</ele>
        <time>2016-01-14T22:08:22Z</time>
      </trkpt>
      <trkpt lat="35.957781" lon="120.225904">
        <ele>21.8</ele>
        <time>2016-01-14T22:08:26Z</time>
      </trkpt>
      <trkpt lat="35.957724" lon="120.225813">
        <ele>21.7</ele>
        <time>2016-01-14T22:08:30Z</time>
      </trkpt>
      <trkpt lat="35.957668" lon="120.225729">
        <ele>21.7</ele>
        <time>2016-01-14T22:08:34Z</time>
      </trkpt>
      <trkpt lat="35.957607" lon="120.22565">
        <ele>21.6</ele>
        <time>2016-01-14T22:08:38Z</time>
      </trkpt>
      <trkpt lat="35.957551" lon="120.225563">
        <ele>21.6</ele>
        <time>2016-01-14T22:08:42Z</time>
      </trkpt>
      <trkpt lat="35.957499" lon="120.225471">
        <ele>21.5</ele>
        <time>2016-01-14T22:08:46Z</time>
      </trkpt>
      <trkpt lat="35.957438" lon="120.225379">
        <ele>21.5</ele>
        <time>2016-01-14T22:08:50Z</time>
      </trkpt>
      <trkpt lat="35.957373" lon="120.225295">
        <ele>21.4</ele>
        <time>2016-01-14T22:08:54Z</time>
      </trkpt>
      <trkpt lat="35.957309" lon="120.22521">
        <ele>21.3</ele>
        <time>2016-01-14T22:08:58Z</time>
      </trkpt>
      <trkpt lat="35.957257" lon="120.225117">
        <ele>21.2</ele>
        <time>2016-01-14T22:09:02Z</time>
      </trkpt>
      <trkpt lat="35.95721" lon="120.22502">
        <ele>21.1</ele>
        <time>2016-01-14T22:09:06Z</time>
      </trkpt>
      <trkpt lat="35.957154" lon="120.224932">
        <ele>20.9</ele>
        <time>2016-01-14T22:09:10Z</time>
      </trkpt>
      <trkpt lat="35.957104" lon="120.224848">
        <ele>20.8</ele>
        <time>2016-01-14T22:09:14Z</time>
      </trkpt>
      <trkpt lat="35.957047" lon="120.224753">
        <ele>20.6</ele>
        <time>2016-01-14T22:09:18Z</time>
      </trkpt>
      <trkpt lat="35.956992" lon="120.224656">
        <ele>20.5</ele>
        <time>2016-01-14T22:09:22Z</time>
      </trkpt>
      <trkpt lat="35.95694" lon="120.224567">
        <ele>20.3</ele>
        <time>2016-01-14T22:09:26Z</time>
      </trkpt>
      <trkpt lat="35.956888" lon="120.224474">
        <ele>20.1</ele>
        <time>2016-01-14T22:09:30Z</time>
      </trkpt>
      <trkpt lat="35.956845" lon="120.224392">
        <ele>19.9</ele>
        <time>2016-01-14T22:09:34Z</time>
      </trkpt>
      <trkpt lat="35.956791" lon="120.224309">
        <ele>19.8</ele>
        <time>2016-01-14T22:09:38Z</time>
      </trkpt>
      <trkpt lat="35.956724" lon="120.224209">
        <ele>19.6</ele>
        <time>2016-01-14T22:09:42Z</time>
      </trkpt>
      <trkpt lat="35.956659" lon="120.224106">
        <ele>19.4</ele>
        <time>2016-01-14T22:09:46Z</time>
      </trkpt>
      <trkpt lat="35.95659" lon="120.224004">
        <ele>19.2</ele>
        <time>2016-01-14T22:09:50Z</time>
      </trkpt>
      <trkpt lat="35.95653" lon="120.223905">
        <ele>19.0</ele>
        <time>2016-01-14T22:09:54Z</time>
      </trkpt>
      <trkpt lat="35.956461" lon="120.223803">
        <ele>18.7</ele>
        <time>2016-01-14T22:09:58Z</time>
      </trkpt>
      <trkpt lat="35.956403" lon="120.223709">
        <ele>18.5</ele>
        <time>2016-01-14T22:10:02Z</time>
      </trkpt>
      <trkpt lat="35.956347" lon="120.223621">
        <ele>18.3</ele>
        <time>2016-01-14T22:10:06Z</time>
      </trkpt>
      <trkpt lat="35.956281" lon="120.223529">
        <ele>18.1</ele>
        <time>2016-01-14T22:10:10Z</time>
      </trkpt>
      <trkpt lat="35.956213" lon="120.223437">
        <ele>17.9</ele>
        <time>2016-01-14T22:10:14Z</time>
      </trkpt>
      <trkpt lat="35.956148" lon="120.223338">
        <ele>17.6</ele>
        <time>2016-01-14T22:10:18Z</time>
      </trkpt>
      <trkpt lat="35.956088" lon="120.223244">
        <ele>17.4</ele>
        <time>2016-01-14T22:10:22Z</time>
      </trkpt>
      <trkpt lat="35.956028" lon="120.223151">
        <ele>17.2</ele>
        <time>2016-01-14T22:10:26Z</time>
      </trkpt>
      <trkpt lat="35.955973" lon="120.223048">
        <ele>16.9</ele>
        <time>2016-01-14T22:10:30Z</time>
      </trkpt>
      <trkpt lat="35.955909" lon="120.222957">
        <ele>16.8</ele>
        <time>2016-01-14T22:10:34Z</time>
      </trkpt>
      <trkpt lat="35.955855" lon="120.222868">
        <ele>16.6</ele>
        <time>2016-01-14T22:10:38Z</time>
      </trkpt>
      <trkpt lat="35.955811" lon="120.22276">
        <ele>16.5</ele>
        <time>2016-01-14T22:10:42Z</time>
      </trkpt>
      <trkpt lat="35.955757" lon="120.222648">
        <ele>16.4</ele>
        <time>2016-01-14T22:10:46Z</time>
      </trkpt>
      <trkpt lat="35.955697" lon="120.222551">
        <ele>16.3</ele>
        <time>2016-01-14T22:10:50Z</time>
      </trkpt>
      <trkpt lat="35.955644" lon="120.222451">
        <ele>16.3</ele>
        <time>2016-01-14T22:10:54Z</time>
      </trkpt>
      <trkpt lat="35.955591" lon="120.222332">
        <ele>16.2</ele>
        <time>2016-01-14T22:10:58Z</time>
      </trkpt>
      <trkpt lat="35.955534" lon="120.222205">
        <ele>16.2</ele>
        <time>2016-01-14T22:11:02Z</time>
      </trkpt>
      <trkpt lat="35.95548" lon="120.222098">
        <ele>16.2</ele>
        <time>2016-01-14T22:11:06Z</time>
      </trkpt>
      <trkpt lat="35.955414" lon="120.222002">
        <ele>16.3</ele>
        <time>2016-01-14T22:11:14Z</time>
      </trkpt>
      <trkpt lat="35.955306" lon="120.221791">
        <ele>16.3</ele>
        <time>2016-01-14T22:11:18Z</time>
      </trkpt>
      <trkpt lat="35.955265" lon="120.221693">
        <ele>16.3</ele>
        <time>2016-01-14T22:11:22Z</time>
      </trkpt>
      <trkpt lat="35.95521" lon="120.221595">
        <ele>16.4</ele>
        <time>2016-01-14T22:11:30Z</time>
      </trkpt>
      <trkpt lat="35.955154" lon="120.221483">
        <ele>16.5</ele>
        <time>2016-01-14T22:11:34Z</time>
      </trkpt>
      <trkpt lat="35.955098" lon="120.22136">
        <ele>16.5</ele>
        <time>2016-01-14T22:11:38Z</time>
      </trkpt>
      <trkpt lat="35.955049" lon="120.22126">
        <ele>16.6</ele>
        <time>2016-01-14T22:11:42Z</time>
      </trkpt>
      <trkpt lat="35.954999" lon="120.221154">
        <ele>16.7</ele>
        <time>2016-01-14T22:11:46Z</time>
      </trkpt>
      <trkpt lat="35.954942" lon="120.221051">
        <ele>16.8</ele>
        <time>2016-01-14T22:11:50Z</time>
      </trkpt>
      <trkpt lat="35.954895" lon="120.220948">
        <ele>16.9</ele>
        <time>2016-01-14T22:11:54Z</time>
      </trkpt>
      <trkpt lat="35.954855" lon="120.22082">
        <ele>17.0</ele>
        <time>2016-01-14T22:11:58Z</time>
      </trkpt>
      <trkpt lat="35.954806" lon="120.220718">
        <ele>17.1</ele>
        <time>2016-01-14T22:12:02Z</time>
      </trkpt>
      <trkpt lat="35.954749" lon="120.22062">
        <ele>17.2</ele>
        <time>2016-01-14T22:12:06Z</time>
      </trkpt>
      <trkpt lat="35.9547" lon="120.220518">
        <ele>17.3</ele>
        <time>2016-01-14T22:12:10Z</time>
      </trkpt>
      <trkpt lat="35.954651" lon="120.220413">
        <ele>17.3</ele>
        <time>2016-01-14T22:12:14Z</time>
      </trkpt>
      <trkpt lat="35.95461" lon="120.2203">
        <ele>17.4</ele>
        <time>2016-01-14T22:12:18Z</time>
      </trkpt>
      <trkpt lat="35.954569" lon="120.220197">
        <ele>17.4</ele>
        <time>2016-01-14T22:12:22Z</time>
      </trkpt>
      <trkpt lat="35.954521" lon="120.220093">
        <ele>17.4</ele>
        <time>2016-01-14T22:12:26Z</time>
      </trkpt>
      <trkpt lat="35.954472" lon="120.219983">
        <ele>17.3</ele>
        <time>2016-01-14T22:12:30Z</time>
      </trkpt>
      <trkpt lat="35.954435" lon="120.219877">
        <ele>17.3</ele>
        <time>2016-01-14T22:12:34Z</time>
      </trkpt>
      <trkpt lat="35.954397" lon="120.219773">
        <ele>17.2</ele>
        <time>2016-01-14T22:12:38Z</time>
      </trkpt>
      <trkpt lat="35.954353" lon="120.219667">
        <ele>17.1</ele>
        <time>2016-01-14T22:12:42Z</time>
      </trkpt>
      <trkpt lat="35.954315" lon="120.219556">
        <ele>17.0</ele>
        <time>2016-01-14T22:12:46Z</time>
      </trkpt>
      <trkpt lat="35.95428" lon="120.219447">
        <ele>16.8</ele>
        <time>2016-01-14T22:12:50Z</time>
      </trkpt>
      <trkpt lat="35.954234" lon="120.219336">
        <ele>16.6</ele>
        <time>2016-01-14T22:12:54Z</time>
      </trkpt>
      <trkpt lat="35.954196" lon="120.219224">
        <ele>16.4</ele>
        <time>2016-01-14T22:12:58Z</time>
      </trkpt>
      <trkpt lat="35.954173" lon="120.219117">
        <ele>16.2</ele>
        <time>2016-01-14T22:13:02Z</time>
      </trkpt>
      <trkpt lat="35.95413" lon="120.219014">
        <ele>15.9</ele>
        <time>2016-01-14T22:13:06Z</time>
      </trkpt>
      <trkpt lat="35.954092" lon="120.218912">
        <ele>15.6</ele>
        <time>2016-01-14T22:13:10Z</time>
      </trkpt>
      <trkpt lat="35.954052" lon="120.218814">
        <ele>15.4</ele>
        <time>2016-01-14T22:13:14Z</time>
      </trkpt>
      <trkpt lat="35.954006" lon="120.21872">
        <ele>15.0</ele>
        <time>2016-01-14T22:13:18Z</time>
      </trkpt>
      <trkpt lat="35.953973" lon="120.218612">
        <ele>14.7</ele>
        <time>2016-01-14T22:13:22Z</time>
      </trkpt>
      <trkpt lat="35.953941" lon="120.218506">
        <ele>14.3</ele>
        <time>2016-01-14T22:13:26Z</time>
      </trkpt>
      <trkpt lat="35.953909" lon="120.218411">
        <ele>13.9</ele>
        <time>2016-01-14T22:13:30Z</time>
      </trkpt>
      <trkpt lat="35.953883" lon="120.218306">
        <ele>13.5</ele>
        <time>2016-01-14T22:13:34Z</time>
      </trkpt>
      <trkpt lat="35.953861" lon="120.218198">
        <ele>13.1</ele>
        <time>2016-01-14T22:13:38Z</time>
      </trkpt>
      <trkpt lat="35.953834" lon="120.218088">
        <ele>12.7</ele>
        <time>2016-01-14T22:13:42Z</time>
      </trkpt>
      <trkpt lat="35.953803" lon="120.217979">
        <ele>12.2</ele>
        <time>2016-01-14T22:13:46Z</time>
      </trkpt>
      <trkpt lat="35.953765" lon="120.21787">
        <ele>11.7</ele>
        <time>2016-01-14T22:13:50Z</time>
      </trkpt>
      <trkpt lat="35.953736" lon="120.217761">
        <ele>11.3</ele>
        <time>2016-01-14T22:13:54Z</time>
      </trkpt>
      <trkpt lat="35.953701" lon="120.217644">
        <ele>10.8</ele>
        <time>2016-01-14T22:13:58Z</time>
      </trkpt>
      <trkpt lat="35.953662" lon="120.217534">
        <ele>10.3</ele>
        <time>2016-01-14T22:14:02Z</time>
      </trkpt>
      <trkpt lat="35.953633" lon="120.217427">
        <ele>9.8</ele>
        <time>2016-01-14T22:14:06Z</time>
      </trkpt>
      <trkpt lat="35.953591" lon="120.217307">
        <ele>9.3</ele>
        <time>2016-01-14T22:14:10Z</time>
      </trkpt>
      <trkpt lat="35.953561" lon="120.217187">
        <ele>8.8</ele>
        <time>2016-01-14T22:14:14Z</time>
      </trkpt>
      <trkpt lat="35.953534" lon="120.21707">
        <ele>8.3</ele>
        <time>2016-01-14T22:14:18Z</time>
      </trkpt>
      <trkpt lat="35.953503" lon="120.216959">
        <ele>7.9</ele>
        <time>2016-01-14T22:14:22Z</time>
      </trkpt>
      <trkpt lat="35.953471" lon="120.21685">
        <ele>7.4</ele>
        <time>2016-01-14T22:14:26Z</time>
      </trkpt>
      <trkpt lat="35.953444" lon="120.216738">
        <ele>7.0</ele>
        <time>2016-01-14T22:14:30Z</time>
      </trkpt>
      <trkpt lat="35.953407" lon="120.21661">
        <ele>6.6</ele>
        <time>2016-01-14T22:14:34Z</time>
      </trkpt>
      <trkpt lat="35.95338" lon="120.216482">
        <ele>6.2</ele>
        <time>2016-01-14T22:14:38Z</time>
      </trkpt>
      <trkpt lat="35.953353" lon="120.216354">
        <ele>5.8</ele>
        <time>2016-01-14T22:14:42Z</time>
      </trkpt>
      <trkpt lat="35.95332" lon="120.216231">
        <ele>5.4</ele>
        <time>2016-01-14T22:14:46Z</time>
      </trkpt>
      <trkpt lat="35.953281" lon="120.216111">
        <ele>5.1</ele>
        <time>2016-01-14T22:14:50Z</time>
      </trkpt>
      <trkpt lat="35.953249" lon="120.216001">
        <ele>4.8</ele>
        <time>2016-01-14T22:14:54Z</time>
      </trkpt>
      <trkpt lat="35.953229" lon="120.215902">
        <ele>4.5</ele>
        <time>2016-01-14T22:14:58Z</time>
      </trkpt>
      <trkpt lat="35.953221" lon="120.215784">
        <ele>4.2</ele>
        <time>2016-01-14T22:15:02Z</time>
      </trkpt>
      <trkpt lat="35.953203" lon="120.215664">
        <ele>3.9</ele>
        <time>2016-01-14T22:15:06Z</time>
      </trkpt>
      <trkpt lat="35.953175" lon="120.215548">
        <ele>3.7</ele>
        <time>2016-01-14T22:15:10Z</time>
      </trkpt>
      <trkpt lat="35.953147" lon="120.215427">
        <ele>3.4</ele>
        <time>2016-01-14T22:15:14Z</time>
      </trkpt>
      <trkpt lat="35.953133" lon="120.215332">
        <ele>3.1</ele>
        <time>2016-01-14T22:15:18Z</time>
      </trkpt>
      <trkpt lat="35.953129" lon="120.21527">
        <ele>2.9</ele>
        <time>2016-01-14T22:15:22Z</time>
      </trkpt>
      <trkpt lat="35.953116" lon="120.215214">
        <ele>2.7</ele>
        <time>2016-01-14T22:15:26Z</time>
      </trkpt>
      <trkpt lat="35.953101" lon="120.215182">
        <ele>2.6</ele>
        <time>2016-01-14T22:15:30Z</time>
      </trkpt>
      <trkpt lat="35.95309" lon="120.215139">
        <ele>2.4</ele>
        <time>2016-01-14T22:15:34Z</time>
      </trkpt>
      <trkpt lat="35.953065" lon="120.215057">
        <ele>2.3</ele>
        <time>2016-01-14T22:15:38Z</time>
      </trkpt>
      <trkpt lat="35.953035" lon="120.214971">
        <ele>2.2</ele>
        <time>2016-01-14T22:15:42Z</time>
      </trkpt>
      <trkpt lat="35.953013" lon="120.214872">
        <ele>2.1</ele>
        <time>2016-01-14T22:15:46Z</time>
      </trkpt>
      <trkpt lat="35.952991" lon="120.214769">
        <ele>2.0</ele>
        <time>2016-01-14T22:15:50Z</time>
      </trkpt>
      <trkpt lat="35.952971" lon="120.214672">
        <ele>1.9</ele>
        <time>2016-01-14T22:15:54Z</time>
      </trkpt>
      <trkpt lat="35.952963" lon="120.214578">
        <ele>1.9</ele>
        <time>2016-01-14T22:15:58Z</time>
      </trkpt>
      <trkpt lat="35.95295" lon="120.214474">
        <ele>1.9</ele>
        <time>2016-01-14T22:16:02Z</time>
      </trkpt>
      <trkpt lat="35.952921" lon="120.214363">
        <ele>1.8</ele>
        <time>2016-01-14T22:16:06Z</time>
      </trkpt>
      <trkpt lat="35.952903" lon="120.214255">
        <ele>1.8</ele>
        <time>2016-01-14T22:16:10Z</time>
      </trkpt>
      <trkpt lat="35.952891" lon="120.214158">
        <ele>1.8</ele>
        <time>2016-01-14T22:16:14Z</time>
      </trkpt>
      <trkpt lat="35.952871" lon="120.214048">
        <ele>1.9</ele>
        <time>2016-01-14T22:16:18Z</time>
      </trkpt>
      <trkpt lat="35.952819" lon="120.213914">
        <ele>1.9</ele>
        <time>2016-01-14T22:16:22Z</time>
      </trkpt>
      <trkpt lat="35.952788" lon="120.213777">
        <ele>1.9</ele>
        <time>2016-01-14T22:16:26Z</time>
      </trkpt>
      <trkpt lat="35.952782" lon="120.213668">
        <ele>1.9</ele>
        <time>2016-01-14T22:16:30Z</time>
      </trkpt>
      <trkpt lat="35.952775" lon="120.213555">
        <ele>1.9</ele>
        <time>2016-01-14T22:16:34Z</time>
      </trkpt>
      <trkpt lat="35.952768" lon="120.213441">
        <ele>1.9</ele>
        <time>2016-01-14T22:16:38Z</time>
      </trkpt>
      <trkpt lat="35.952758" lon="120.213326">
        <ele>2.0</ele>
        <time>2016-01-14T22:16:42Z</time>
      </trkpt>
      <trkpt lat="35.952739" lon="120.21321">
        <ele>2.0</ele>
        <time>2016-01-14T22:16:46Z</time>
      </trkpt>
      <trkpt lat="35.952713" lon="120.213102">
        <ele>2.0</ele>
        <time>2016-01-14T22:16:50Z</time>
      </trkpt>
      <trkpt lat="35.952679" lon="120.212976">
        <ele>2.0</ele>
        <time>2016-01-14T22:16:54Z</time>
      </trkpt>
      <trkpt lat="35.952638" lon="120.212844">
        <ele>2.0</ele>
        <time>2016-01-14T22:16:58Z</time>
      </trkpt>
      <trkpt lat="35.952605" lon="120.212732">
        <ele>2.0</ele>
        <time>2016-01-14T22:17:02Z</time>
      </trkpt>
      <trkpt lat="35.952576" lon="120.212621">
        <ele>1.9</ele>
        <time>2016-01-14T22:17:06Z</time>
      </trkpt>
      <trkpt lat="35.952549" lon="120.212509">
        <ele>1.9</ele>
        <time>2016-01-14T22:17:10Z</time>
      </trkpt>
      <trkpt lat="35.952521" lon="120.212393">
        <ele>1.9</ele>
        <time>2016-01-14T22:17:14Z</time>
      </trkpt>
      <trkpt lat="35.952488" lon="120.212275">
        <ele>1.8</ele>
        <time>2016-01-14T22:17:18Z</time>
      </trkpt>
      <trkpt lat="35.952464" lon="120.212155">
        <ele>1.8</ele>
        <time>2016-01-14T22:17:22Z</time>
      </trkpt>
      <trkpt lat="35.952455" lon="120.212051">
        <ele>1.7</ele>
        <time>2016-01-14T22:17:26Z</time>
      </trkpt>
      <trkpt lat="35.952431" lon="120.211964">
        <ele>1.7</ele>
        <time>2016-01-14T22:17:30Z</time>
      </trkpt>
      <trkpt lat="35.952416" lon="120.211879">
        <ele>1.6</ele>
        <time>2016-01-14T22:17:34Z</time>
      </trkpt>
      <trkpt lat="35.952393" lon="120.211775">
        <ele>1.5</ele>
        <time>2016-01-14T22:17:38Z</time>
      </trkpt>
      <trkpt lat="35.952368" lon="120.211655">
        <ele>1.5</ele>
        <time>2016-01-14T22:17:42Z</time>
      </trkpt>
      <trkpt lat="35.952343" lon="120.211537">
        <ele>1.4</ele>
        <time>2016-01-14T22:17:46Z</time>
      </trkpt>
      <trkpt lat="35.952321" lon="120.211418">
        <ele>1.3</ele>
        <time>2016-01-14T22:17:50Z</time>
      </trkpt>
      <trkpt lat="35.952294" lon="120.211299">
        <ele>1.3</ele>
        <time>2016-01-14T22:17:54Z</time>
      </trkpt>
      <trkpt lat="35.952274" lon="120.211187">
        <ele>1.2</ele>
        <time>2016-01-14T22:17:58Z</time>
      </trkpt>
      <trkpt lat="35.952251" lon="120.211078">
        <ele>1.1</ele>
        <time>2016-01-14T22:18:02Z</time>
      </trkpt>
      <trkpt lat="35.952228" lon="120.210957">
        <ele>1.1</ele>
        <time>2016-01-14T22:18:06Z</time>
      </trkpt>
      <trkpt lat="35.9522" lon="120.210838">
        <ele>1.0</ele>
        <time>2016-01-14T22:18:10Z</time>
      </trkpt>
      <trkpt lat="35.952174" lon="120.210728">
        <ele>0.9</ele>
        <time>2016-01-14T22:18:14Z</time>
      </trkpt>
      <trkpt lat="35.952141" lon="120.210616">
        <ele>0.9</ele>
        <time>2016-01-14T22:18:18Z</time>
      </trkpt>
      <trkpt lat="35.952121" lon="120.210495">
        <ele>0.8</ele>
        <time>2016-01-14T22:18:22Z</time>
      </trkpt>
      <trkpt lat="35.952102" lon="120.210379">
        <ele>0.8</ele>
        <time>2016-01-14T22:18:26Z</time>
      </trkpt>
      <trkpt lat="35.952083" lon="120.210279">
        <ele>0.7</ele>
        <time>2016-01-14T22:18:30Z</time>
      </trkpt>
      <trkpt lat="35.952057" lon="120.210175">
        <ele>0.6</ele>
        <time>2016-01-14T22:18:34Z</time>
      </trkpt>
      <trkpt lat="35.95203" lon="120.21006">
        <ele>0.6</ele>
        <time>2016-01-14T22:18:38Z</time>
      </trkpt>
      <trkpt lat="35.952009" lon="120.20994">
        <ele>0.5</ele>
        <time>2016-01-14T22:18:42Z</time>
      </trkpt>
      <trkpt lat="35.951987" lon="120.209833">
        <ele>0.5</ele>
        <time>2016-01-14T22:18:46Z</time>
      </trkpt>
      <trkpt lat="35.951959" lon="120.209715">
        <ele>0.4</ele>
        <time>2016-01-14T22:18:50Z</time>
      </trkpt>
      <trkpt lat="35.951929" lon="120.2096">
        <ele>0.4</ele>
        <time>2016-01-14T22:18:54Z</time>
      </trkpt>
      <trkpt lat="35.951902" lon="120.209493">
        <ele>0.3</ele>
        <time>2016-01-14T22:18:58Z</time>
      </trkpt>
      <trkpt lat="35.95189" lon="120.209392">
        <ele>0.3</ele>
        <time>2016-01-14T22:19:02Z</time>
      </trkpt>
      <trkpt lat="35.951911" lon="120.209284">
        <ele>0.3</ele>
        <time>2016-01-14T22:19:06Z</time>
      </trkpt>
      <trkpt lat="35.951943" lon="120.209181">
        <ele>0.2</ele>
        <time>2016-01-14T22:19:10Z</time>
      </trkpt>
      <trkpt lat="35.951975" lon="120.209083">
        <ele>0.3</ele>
        <time>2016-01-14T22:19:14Z</time>
      </trkpt>
      <trkpt lat="35.951992" lon="120.208984">
        <ele>0.3</ele>
        <time>2016-01-14T22:19:18Z</time>
      </trkpt>
      <trkpt lat="35.951994" lon="120.208881">
        <ele>0.3</ele>
        <time>2016-01-14T22:19:22Z</time>
      </trkpt>
      <trkpt lat="35.951997" lon="120.208779">
        <ele>0.4</ele>
        <time>2016-01-14T22:19:26Z</time>
      </trkpt>
      <trkpt lat="35.951983" lon="120.208663">
        <ele>0.4</ele>
        <time>2016-01-14T22:19:30Z</time>
      </trkpt>
      <trkpt lat="35.952009" lon="120.208604">
        <ele>0.5</ele>
        <time>2016-01-14T22:19:34Z</time>
      </trkpt>
      <trkpt lat="35.952074" lon="120.208583">
        <ele>0.6</ele>
        <time>2016-01-14T22:19:38Z</time>
      </trkpt>
      <trkpt lat="35.95216" lon="120.208564">
        <ele>0.7</ele>
        <time>2016-01-14T22:19:42Z</time>
      </trkpt>
      <trkpt lat="35.952245" lon="120.208548">
        <ele>0.8</ele>
        <time>2016-01-14T22:19:46Z</time>
      </trkpt>
      <trkpt lat="35.952337" lon="120.208531">
        <ele>0.9</ele>
        <time>2016-01-14T22:19:50Z</time>
      </trkpt>
      <trkpt lat="35.952438" lon="120.208508">
        <ele>0.9</ele>
        <time>2016-01-14T22:19:54Z</time>
      </trkpt>
      <trkpt lat="35.952516" lon="120.208472">
        <ele>1.0</ele>
        <time>2016-01-14T22:19:58Z</time>
      </trkpt>
      <trkpt lat="35.952599" lon="120.208448">
        <ele>1.1</ele>
        <time>2016-01-14T22:20:02Z</time>
      </trkpt>
      <trkpt lat="35.952684" lon="120.208438">
        <ele>1.1</ele>
        <time>2016-01-14T22:20:06Z</time>
      </trkpt>
      <trkpt lat="35.952772" lon="120.208414">
        <ele>1.2</ele>
        <time>2016-01-14T22:20:10Z</time>
      </trkpt>
      <trkpt lat="35.952867" lon="120.208386">
        <ele>1.3</ele>
        <time>2016-01-14T22:20:14Z</time>
      </trkpt>
      <trkpt lat="35.952963" lon="120.208339">
        <ele>1.3</ele>
        <time>2016-01-14T22:20:18Z</time>
      </trkpt>
      <trkpt lat="35.953053" lon="120.208303">
        <ele>1.4</ele>
        <time>2016-01-14T22:20:22Z</time>
      </trkpt>
      <trkpt lat="35.953163" lon="120.208287">
        <ele>1.5</ele>
        <time>2016-01-14T22:20:26Z</time>
      </trkpt>
      <trkpt lat="35.953269" lon="120.208274">
        <ele>1.5</ele>
        <time>2016-01-14T22:20:30Z</time>
      </trkpt>
      <trkpt lat="35.953354" lon="120.208259">
        <ele>1.6</ele>
        <time>2016-01-14T22:20:34Z</time>
      </trkpt>
      <trkpt lat="35.953445" lon="120.208264">
        <ele>1.7</ele>
        <time>2016-01-14T22:20:38Z</time>
      </trkpt>
      <trkpt lat="35.953536" lon="120.20826">
        <ele>1.8</ele>
        <time>2016-01-14T22:20:42Z</time>
      </trkpt>
      <trkpt lat="35.953614" lon="120.208238">
        <ele>1.8</ele>
        <time>2016-01-14T22:20:46Z</time>
      </trkpt>
      <trkpt lat="35.953698" lon="120.208215">
        <ele>1.9</ele>
        <time>2016-01-14T22:20:50Z</time>
      </trkpt>
      <trkpt lat="35.953787" lon="120.208191">
        <ele>2.0</ele>
        <time>2016-01-14T22:20:54Z</time>
      </trkpt>
      <trkpt lat="35.953877" lon="120.20817">
        <ele>2.1</ele>
        <time>2016-01-14T22:20:58Z</time>
      </trkpt>
      <trkpt lat="35.953967" lon="120.208164">
        <ele>2.2</ele>
        <time>2016-01-14T22:21:02Z</time>
      </trkpt>
      <trkpt lat="35.954047" lon="120.208154">
        <ele>2.4</ele>
        <time>2016-01-14T22:21:06Z</time>
      </trkpt>
      <trkpt lat="35.954124" lon="120.208136">
        <ele>2.6</ele>
        <time>2016-01-14T22:21:10Z</time>
      </trkpt>
      <trkpt lat="35.954222" lon="120.2081">
        <ele>2.8</ele>
        <time>2016-01-14T22:21:14Z</time>
      </trkpt>
      <trkpt lat="35.954315" lon="120.208071">
        <ele>3.1</ele>
        <time>2016-01-14T22:21:18Z</time>
      </trkpt>
      <trkpt lat="35.954402" lon="120.208046">
        <ele>3.4</ele>
        <time>2016-01-14T22:21:22Z</time>
      </trkpt>
      <trkpt lat="35.954492" lon="120.208022">
        <ele>3.8</ele>
        <time>2016-01-14T22:21:26Z</time>
      </trkpt>
      <trkpt lat="35.954574" lon="120.207991">
        <ele>4.2</ele>
        <time>2016-01-14T22:21:30Z</time>
      </trkpt>
      <trkpt lat="35.95467" lon="120.207967">
        <ele>4.6</ele>
        <time>2016-01-14T22:21:34Z</time>
      </trkpt>
      <trkpt lat="35.954784" lon="120.207935">
        <ele>5.0</ele>
        <time>2016-01-14T22:21:38Z</time>
      </trkpt>
      <trkpt lat="35.954887" lon="120.20791">
        <ele>5.4</ele>
        <time>2016-01-14T22:21:42Z</time>
      </trkpt>
      <trkpt lat="35.95498" lon="120.207876">
        <ele>5.9</ele>
        <time>2016-01-14T22:21:46Z</time>
      </trkpt>
      <trkpt lat="35.955079" lon="120.207852">
        <ele>6.3</ele>
        <time>2016-01-14T22:21:50Z</time>
      </trkpt>
      <trkpt lat="35.955171" lon="120.207811">
        <ele>6.8</ele>
        <time>2016-01-14T22:21:54Z</time>
      </trkpt>
      <trkpt lat="35.955249" lon="120.207762">
        <ele>7.2</ele>
        <time>2016-01-14T22:21:58Z</time>
      </trkpt>
      <trkpt lat="35.955324" lon="120.207729">
        <ele>7.7</ele>
        <time>2016-01-14T22:22:02Z</time>
      </trkpt>
      <trkpt lat="35.955391" lon="120.207687">
        <ele>8.2</ele>
        <time>2016-01-14T22:22:06Z</time>
      </trkpt>
      <trkpt lat="35.955478" lon="120.207636">
        <ele>8.7</ele>
        <time>2016-01-14T22:22:10Z</time>
      </trkpt>
      <trkpt lat="35.955578" lon="120.207602">
        <ele>9.2</ele>
        <time>2016-01-14T22:22:14Z</time>
      </trkpt>
      <trkpt lat="35.95569" lon="120.207587">
        <ele>9.6</ele>
        <time>2016-01-14T22:22:18Z</time>
      </trkpt>
      <trkpt lat="35.955788" lon="120.207578">
        <ele>10.1</ele>
        <time>2016-01-14T22:22:22Z</time>
      </trkpt>
      <trkpt lat="35.95588" lon="120.207568">
        <ele>10.4</ele>
        <time>2016-01-14T22:22:26Z</time>
      </trkpt>
      <trkpt lat="35.955968" lon="120.207558">
        <ele>10.8</ele>
        <time>2016-01-14T22:22:30Z</time>
      </trkpt>
      <trkpt lat="35.95606" lon="120.207544">
        <ele>11.1</ele>
        <time>2016-01-14T22:22:34Z</time>
      </trkpt>
      <trkpt lat="35.956133" lon="120.207523">
        <ele>11.4</ele>
        <time>2016-01-14T22:22:38Z</time>
      </trkpt>
      <trkpt lat="35.956207" lon="120.207497">
        <ele>11.6</ele>
        <time>2016-01-14T22:22:42Z</time>
      </trkpt>
      <trkpt lat="35.95628" lon="120.207476">
        <ele>11.8</ele>
        <time>2016-01-14T22:22:46Z</time>
      </trkpt>
      <trkpt lat="35.956352" lon="120.207482">
        <ele>12.0</ele>
        <time>2016-01-14T22:22:50Z</time>
      </trkpt>
      <trkpt lat="35.956414" lon="120.207576">
        <ele>12.1</ele>
        <time>2016-01-14T22:22:54Z</time>
      </trkpt>
      <trkpt lat="35.956457" lon="120.207677">
        <ele>12.2</ele>
        <time>2016-01-14T22:22:58Z</time>
      </trkpt>
      <trkpt lat="35.956489" lon="120.207767">
        <ele>12.4</ele>
        <time>2016-01-14T22:23:02Z</time>
      </trkpt>
      <trkpt lat="35.956524" lon="120.207853">
        <ele>12.5</ele>
        <time>2016-01-14T22:23:06Z</time>
      </trkpt>
      <trkpt lat="35.956553" lon="120.207934">
        <ele>12.6</ele>
        <time>2016-01-14T22:23:10Z</time>
      </trkpt>
      <trkpt lat="35.956571" lon="120.208022">
        <ele>12.6</ele>
        <time>2016-01-14T22:23:14Z</time>
      </trkpt>
      <trkpt lat="35.956576" lon="120.208121">
        <ele>12.7</ele>
        <time>2016-01-14T22:23:18Z</time>
      </trkpt>
      <trkpt lat="35.956579" lon="120.20822">
        <ele>12.7</ele>
        <time>2016-01-14T22:23:22Z</time>
      </trkpt>
      <trkpt lat="35.956593" lon="120.208329">
        <ele>12.8</ele>
        <time>2016-01-14T22:23:26Z</time>
      </trkpt>
      <trkpt lat="35.956602" lon="120.208442">
        <ele>12.8</ele>
        <time>2016-01-14T22:23:30Z</time>
      </trkpt>
      <extensions>
        <breaktype>2</breaktype>
      </extensions>
    </trkseg>
  </trk>
  <extensions>
    <ssrlog>
      <logseg>
        <logpt time="2016-01-14T21:49:43Z">
          <spd>0.0</spd>
          <str>0.0</str>
        </logpt>
        <logpt time="2016-01-14T21:49:47Z">
          <spd>0.0</spd>
          <str>0.0</str>
        </logpt>
        <logpt time="2016-01-14T21:49:51Z">
          <spd>0.0</spd>
          <str>0.0</str>
        </logpt>
        <breaktype>2</breaktype>
      </logseg>
      <logseg>
        <logpt time="2016-01-14T21:50:34Z">
          <spd>3.6</spd>
          <str>0.0</str>
        </logpt>
        <logpt time="2016-01-14T21:50:38Z">
          <spd>3.6</spd>
          <str>0.0</str>
        </logpt>
        <logpt time="2016-01-14T21:50:42Z">
          <spd>3.6</spd>
          <str>0.0</str>
        </logpt>
        <logpt time="2016-01-14T21:50:46Z">
          <spd>4.0</spd>
          <str>84.0</str>
        </logpt>
        <logpt time="2016-01-14T21:50:50Z">
          <spd>5.0</spd>
          <str>83.0</str>
        </logpt>
        <logpt time="2016-01-14T21:50:54Z">
          <spd>6.3</spd>
          <str>86.0</str>
        </logpt>
        <logpt time="2016-01-14T21:50:58Z">
          <spd>6.8</spd>
          <str>85.0</str>
        </logpt>
        <logpt time="2016-01-14T21:51:02Z">
          <spd>7.2</spd>
          <str>86.0</str>
        </logpt>
        <logpt time="2016-01-14T21:51:06Z">
          <spd>7.2</spd>
          <str>86.0</str>
        </logpt>
        <logpt time="2016-01-14T21:51:10Z">
          <spd>6.8</spd>
          <str>86.0</str>
        </logpt>
        <logpt time="2016-01-14T21:51:14Z">
          <spd>6.3</spd>
          <str>87.0</str>
        </logpt>
        <logpt time="2016-01-14T21:51:18Z">
          <spd>6.8</spd>
          <str>87.0</str>
        </logpt>
        <logpt time="2016-01-14T21:51:22Z">
          <spd>7.2</spd>
          <str>87.0</str>
        </logpt>
        <logpt time="2016-01-14T21:51:26Z">
          <spd>6.8</spd>
          <str>87.0</str>
        </logpt>
        <logpt time="2016-01-14T21:51:30Z">
          <spd>6.3</spd>
          <str>88.0</str>
        </logpt>
        <logpt time="2016-01-14T21:51:34Z">
          <spd>6.3</spd>
          <str>88.0</str>
        </logpt>
        <logpt time="2016-01-14T21:51:38Z">
          <spd>7.2</spd>
          <str>88.0</str>
        </logpt>
        <logpt time="2016-01-14T21:51:42Z">
          <spd>7.7</spd>
          <str>88.0</str>
        </logpt>
        <logpt time="2016-01-14T21:51:46Z">
          <spd>8.1</spd>
          <str>88.0</str>
        </logpt>
        <logpt time="2016-01-14T21:51:50Z">
          <spd>8.1</spd>
          <str>89.0</str>
        </logpt>
        <logpt time="2016-01-14T21:51:54Z">
          <spd>8.1</spd>
          <str>89.0</str>
        </logpt>
        <logpt time="2016-01-14T21:51:58Z">
          <spd>8.1</spd>
          <str>89.0</str>
        </logpt>
        <logpt time="2016-01-14T21:52:02Z">
          <spd>7.2</spd>
          <str>89.0</str>
        </logpt>
        <logpt time="2016-01-14T21:52:06Z">
          <spd>6.8</spd>
          <str>89.0</str>
        </logpt>
        <logpt time="2016-01-14T21:52:10Z">
          <spd>6.8</spd>
          <str>89.0</str>
        </logpt>
        <logpt time="2016-01-14T21:52:14Z">
          <spd>6.8</spd>
          <str>89.0</str>
        </logpt>
        <logpt time="2016-01-14T21:52:18Z">
          <spd>6.3</spd>
          <str>89.0</str>
        </logpt>
        <logpt time="2016-01-14T21:52:22Z">
          <spd>6.8</spd>
          <str>89.0</str>
        </logpt>
        <logpt time="2016-01-14T21:52:26Z">
          <spd>6.8</spd>
          <str>89.0</str>
        </logpt>
        <logpt time="2016-01-14T21:52:30Z">
          <spd>6.3</spd>
          <str>89.0</str>
        </logpt>
        <logpt time="2016-01-14T21:52:34Z">
          <spd>6.8</spd>
          <str>89.0</str>
        </logpt>
        <logpt time="2016-01-14T21:52:38Z">
          <spd>7.7</spd>
          <str>90.0</str>
        </logpt>
        <logpt time="2016-01-14T21:52:42Z">
          <spd>7.7</spd>
          <str>90.0</str>
        </logpt>
        <logpt time="2016-01-14T21:52:46Z">
          <spd>7.7</spd>
          <str>90.0</str>
        </logpt>
        <logpt time="2016-01-14T21:52:50Z">
          <spd>8.1</spd>
          <str>89.0</str>
        </logpt>
        <logpt time="2016-01-14T21:52:54Z">
          <spd>7.7</spd>
          <str>90.0</str>
        </logpt>
        <logpt time="2016-01-14T21:52:58Z">
          <spd>7.7</spd>
          <str>90.0</str>
        </logpt>
        <logpt time="2016-01-14T21:53:02Z">
          <spd>8.1</spd>
          <str>90.0</str>
        </logpt>
        <logpt time="2016-01-14T21:53:06Z">
          <spd>7.7</spd>
          <str>90.0</str>
        </logpt>
        <logpt time="2016-01-14T21:53:10Z">
          <spd>8.6</spd>
          <str>89.0</str>
        </logpt>
        <logpt time="2016-01-14T21:53:14Z">
          <spd>8.6</spd>
          <str>89.0</str>
        </logpt>
        <logpt time="2016-01-14T21:53:18Z">
          <spd>9.0</spd>
          <str>89.0</str>
        </logpt>
        <logpt time="2016-01-14T21:53:22Z">
          <spd>9.0</spd>
          <str>89.0</str>
        </logpt>
        <logpt time="2016-01-14T21:53:26Z">
          <spd>8.6</spd>
          <str>89.0</str>
        </logpt>
        <logpt time="2016-01-14T21:53:30Z">
          <spd>8.1</spd>
          <str>89.0</str>
        </logpt>
        <logpt time="2016-01-14T21:53:34Z">
          <spd>7.7</spd>
          <str>88.0</str>
        </logpt>
        <logpt time="2016-01-14T21:53:38Z">
          <spd>8.1</spd>
          <str>88.0</str>
        </logpt>
        <logpt time="2016-01-14T21:53:42Z">
          <spd>8.1</spd>
          <str>88.0</str>
        </logpt>
        <logpt time="2016-01-14T21:53:46Z">
          <spd>8.6</spd>
          <str>88.0</str>
        </logpt>
        <logpt time="2016-01-14T21:53:50Z">
          <spd>8.6</spd>
          <str>88.0</str>
        </logpt>
        <logpt time="2016-01-14T21:53:54Z">
          <spd>8.6</spd>
          <str>88.0</str>
        </logpt>
        <logpt time="2016-01-14T21:53:58Z">
          <spd>9.0</spd>
          <str>88.0</str>
        </logpt>
        <logpt time="2016-01-14T21:54:02Z">
          <spd>9.0</spd>
          <str>88.0</str>
        </logpt>
        <logpt time="2016-01-14T21:54:06Z">
          <spd>9.4</spd>
          <str>87.0</str>
        </logpt>
        <logpt time="2016-01-14T21:54:10Z">
          <spd>9.9</spd>
          <str>88.0</str>
        </logpt>
        <logpt time="2016-01-14T21:54:14Z">
          <spd>9.9</spd>
          <str>88.0</str>
        </logpt>
        <logpt time="2016-01-14T21:54:18Z">
          <spd>9.4</spd>
          <str>88.0</str>
        </logpt>
        <logpt time="2016-01-14T21:54:22Z">
          <spd>9.4</spd>
          <str>88.0</str>
        </logpt>
        <logpt time="2016-01-14T21:54:26Z">
          <spd>9.0</spd>
          <str>88.0</str>
        </logpt>
        <logpt time="2016-01-14T21:54:30Z">
          <spd>9.0</spd>
          <str>88.0</str>
        </logpt>
        <logpt time="2016-01-14T21:54:34Z">
          <spd>9.0</spd>
          <str>88.0</str>
        </logpt>
        <logpt time="2016-01-14T21:54:38Z">
          <spd>9.0</spd>
          <str>88.0</str>
        </logpt>
        <logpt time="2016-01-14T21:54:42Z">
          <spd>9.0</spd>
          <str>88.0</str>
        </logpt>
        <logpt time="2016-01-14T21:54:46Z">
          <spd>9.0</spd>
          <str>88.0</str>
        </logpt>
        <logpt time="2016-01-14T21:54:50Z">
          <spd>9.0</spd>
          <str>88.0</str>
        </logpt>
        <logpt time="2016-01-14T21:54:54Z">
          <spd>9.0</spd>
          <str>88.0</str>
        </logpt>
        <logpt time="2016-01-14T21:54:58Z">
          <spd>9.0</spd>
          <str>89.0</str>
        </logpt>
        <logpt time="2016-01-14T21:55:02Z">
          <spd>8.6</spd>
          <str>88.0</str>
        </logpt>
        <logpt time="2016-01-14T21:55:06Z">
          <spd>9.0</spd>
          <str>89.0</str>
        </logpt>
        <logpt time="2016-01-14T21:55:10Z">
          <spd>9.0</spd>
          <str>89.0</str>
        </logpt>
        <logpt time="2016-01-14T21:55:14Z">
          <spd>9.0</spd>
          <str>88.0</str>
        </logpt>
        <logpt time="2016-01-14T21:55:18Z">
          <spd>9.4</spd>
          <str>88.0</str>
        </logpt>
        <logpt time="2016-01-14T21:55:22Z">
          <spd>9.0</spd>
          <str>88.0</str>
        </logpt>
        <logpt time="2016-01-14T21:55:26Z">
          <spd>9.0</spd>
          <str>88.0</str>
        </logpt>
        <logpt time="2016-01-14T21:55:30Z">
          <spd>9.0</spd>
          <str>88.0</str>
        </logpt>
        <logpt time="2016-01-14T21:55:34Z">
          <spd>9.0</spd>
          <str>88.0</str>
        </logpt>
        <logpt time="2016-01-14T21:55:38Z">
          <spd>9.0</spd>
          <str>88.0</str>
        </logpt>
        <logpt time="2016-01-14T21:55:42Z">
          <spd>9.0</spd>
          <str>88.0</str>
        </logpt>
        <logpt time="2016-01-14T21:55:46Z">
          <spd>9.0</spd>
          <str>88.0</str>
        </logpt>
        <logpt time="2016-01-14T21:55:50Z">
          <spd>9.0</spd>
          <str>88.0</str>
        </logpt>
        <logpt time="2016-01-14T21:55:54Z">
          <spd>9.0</spd>
          <str>88.0</str>
        </logpt>
        <logpt time="2016-01-14T21:55:58Z">
          <spd>9.4</spd>
          <str>88.0</str>
        </logpt>
        <logpt time="2016-01-14T21:56:02Z">
          <spd>9.4</spd>
          <str>89.0</str>
        </logpt>
        <logpt time="2016-01-14T21:56:06Z">
          <spd>9.4</spd>
          <str>88.0</str>
        </logpt>
        <logpt time="2016-01-14T21:56:10Z">
          <spd>9.4</spd>
          <str>88.0</str>
        </logpt>
        <logpt time="2016-01-14T21:56:14Z">
          <spd>9.9</spd>
          <str>88.0</str>
        </logpt>
        <logpt time="2016-01-14T21:56:18Z">
          <spd>10.3</spd>
          <str>88.0</str>
        </logpt>
        <logpt time="2016-01-14T21:56:22Z">
          <spd>10.3</spd>
          <str>88.0</str>
        </logpt>
        <logpt time="2016-01-14T21:56:26Z">
          <spd>10.3</spd>
          <str>88.0</str>
        </logpt>
        <logpt time="2016-01-14T21:56:30Z">
          <spd>9.9</spd>
          <str>88.0</str>
        </logpt>
        <logpt time="2016-01-14T21:56:34Z">
          <spd>9.4</spd>
          <str>89.0</str>
        </logpt>
        <logpt time="2016-01-14T21:56:38Z">
          <spd>9.0</spd>
          <str>88.0</str>
        </logpt>
        <logpt time="2016-01-14T21:56:42Z">
          <spd>9.0</spd>
          <str>88.0</str>
        </logpt>
        <logpt time="2016-01-14T21:56:46Z">
          <spd>9.0</spd>
          <str>88.0</str>
        </logpt>
        <logpt time="2016-01-14T21:56:50Z">
          <spd>9.0</spd>
          <str>89.0</str>
        </logpt>
        <logpt time="2016-01-14T21:56:54Z">
          <spd>9.0</spd>
          <str>89.0</str>
        </logpt>
        <logpt time="2016-01-14T21:56:58Z">
          <spd>9.0</spd>
          <str>88.0</str>
        </logpt>
        <logpt time="2016-01-14T21:57:02Z">
          <spd>9.0</spd>
          <str>88.0</str>
        </logpt>
        <logpt time="2016-01-14T21:57:06Z">
          <spd>9.0</spd>
          <str>89.0</str>
        </logpt>
        <logpt time="2016-01-14T21:57:10Z">
          <spd>9.0</spd>
          <str>89.0</str>
        </logpt>
        <logpt time="2016-01-14T21:57:14Z">
          <spd>9.0</spd>
          <str>89.0</str>
        </logpt>
        <logpt time="2016-01-14T21:57:18Z">
          <spd>9.0</spd>
          <str>89.0</str>
        </logpt>
        <logpt time="2016-01-14T21:57:22Z">
          <spd>9.0</spd>
          <str>89.0</str>
        </logpt>
        <logpt time="2016-01-14T21:57:26Z">
          <spd>9.0</spd>
          <str>89.0</str>
        </logpt>
        <logpt time="2016-01-14T21:57:30Z">
          <spd>9.0</spd>
          <str>89.0</str>
        </logpt>
        <logpt time="2016-01-14T21:57:34Z">
          <spd>8.6</spd>
          <str>89.0</str>
        </logpt>
        <logpt time="2016-01-14T21:57:38Z">
          <spd>8.6</spd>
          <str>89.0</str>
        </logpt>
        <logpt time="2016-01-14T21:57:42Z">
          <spd>9.0</spd>
          <str>89.0</str>
        </logpt>
        <logpt time="2016-01-14T21:57:46Z">
          <spd>9.4</spd>
          <str>89.0</str>
        </logpt>
        <logpt time="2016-01-14T21:57:50Z">
          <spd>9.4</spd>
          <str>88.0</str>
        </logpt>
        <logpt time="2016-01-14T21:57:54Z">
          <spd>9.4</spd>
          <str>88.0</str>
        </logpt>
        <logpt time="2016-01-14T21:57:58Z">
          <spd>9.0</spd>
          <str>89.0</str>
        </logpt>
        <logpt time="2016-01-14T21:58:02Z">
          <spd>9.0</spd>
          <str>89.0</str>
        </logpt>
        <logpt time="2016-01-14T21:58:06Z">
          <spd>9.0</spd>
          <str>88.0</str>
        </logpt>
        <logpt time="2016-01-14T21:58:10Z">
          <spd>9.0</spd>
          <str>88.0</str>
        </logpt>
        <logpt time="2016-01-14T21:58:14Z">
          <spd>9.0</spd>
          <str>88.0</str>
        </logpt>
        <logpt time="2016-01-14T21:58:18Z">
          <spd>9.0</spd>
          <str>88.0</str>
        </logpt>
        <logpt time="2016-01-14T21:58:22Z">
          <spd>9.0</spd>
          <str>89.0</str>
        </logpt>
        <logpt time="2016-01-14T21:58:26Z">
          <spd>9.4</spd>
          <str>88.0</str>
        </logpt>
        <logpt time="2016-01-14T21:58:30Z">
          <spd>9.4</spd>
          <str>88.0</str>
        </logpt>
        <logpt time="2016-01-14T21:58:34Z">
          <spd>9.4</spd>
          <str>89.0</str>
        </logpt>
        <logpt time="2016-01-14T21:58:38Z">
          <spd>9.4</spd>
          <str>89.0</str>
        </logpt>
        <logpt time="2016-01-14T21:58:42Z">
          <spd>9.4</spd>
          <str>88.0</str>
        </logpt>
        <logpt time="2016-01-14T21:58:46Z">
          <spd>9.0</spd>
          <str>88.0</str>
        </logpt>
        <logpt time="2016-01-14T21:58:50Z">
          <spd>9.0</spd>
          <str>89.0</str>
        </logpt>
        <logpt time="2016-01-14T21:58:54Z">
          <spd>8.6</spd>
          <str>89.0</str>
        </logpt>
        <logpt time="2016-01-14T21:58:58Z">
          <spd>9.0</spd>
          <str>89.0</str>
        </logpt>
        <logpt time="2016-01-14T21:59:02Z">
          <spd>9.0</spd>
          <str>89.0</str>
        </logpt>
        <logpt time="2016-01-14T21:59:06Z">
          <spd>9.0</spd>
          <str>89.0</str>
        </logpt>
        <logpt time="2016-01-14T21:59:10Z">
          <spd>9.0</spd>
          <str>89.0</str>
        </logpt>
        <logpt time="2016-01-14T21:59:14Z">
          <spd>9.0</spd>
          <str>89.0</str>
        </logpt>
        <logpt time="2016-01-14T21:59:18Z">
          <spd>9.0</spd>
          <str>89.0</str>
        </logpt>
        <logpt time="2016-01-14T21:59:22Z">
          <spd>9.4</spd>
          <str>89.0</str>
        </logpt>
        <logpt time="2016-01-14T21:59:26Z">
          <spd>9.4</spd>
          <str>89.0</str>
        </logpt>
        <logpt time="2016-01-14T21:59:30Z">
          <spd>9.4</spd>
          <str>89.0</str>
        </logpt>
        <logpt time="2016-01-14T21:59:34Z">
          <spd>9.4</spd>
          <str>89.0</str>
        </logpt>
        <logpt time="2016-01-14T21:59:38Z">
          <spd>9.0</spd>
          <str>88.0</str>
        </logpt>
        <logpt time="2016-01-14T21:59:42Z">
          <spd>9.0</spd>
          <str>89.0</str>
        </logpt>
        <logpt time="2016-01-14T21:59:46Z">
          <spd>8.6</spd>
          <str>89.0</str>
        </logpt>
        <logpt time="2016-01-14T21:59:50Z">
          <spd>9.0</spd>
          <str>88.0</str>
        </logpt>
        <logpt time="2016-01-14T21:59:54Z">
          <spd>9.0</spd>
          <str>89.0</str>
        </logpt>
        <logpt time="2016-01-14T21:59:58Z">
          <spd>9.0</spd>
          <str>89.0</str>
        </logpt>
        <logpt time="2016-01-14T22:00:02Z">
          <spd>9.4</spd>
          <str>88.0</str>
        </logpt>
        <logpt time="2016-01-14T22:00:06Z">
          <spd>9.4</spd>
          <str>88.0</str>
        </logpt>
        <logpt time="2016-01-14T22:00:10Z">
          <spd>9.4</spd>
          <str>88.0</str>
        </logpt>
        <logpt time="2016-01-14T22:00:14Z">
          <spd>9.4</spd>
          <str>88.0</str>
        </logpt>
        <logpt time="2016-01-14T22:00:18Z">
          <spd>9.4</spd>
          <str>88.0</str>
        </logpt>
        <logpt time="2016-01-14T22:00:22Z">
          <spd>9.0</spd>
          <str>88.0</str>
        </logpt>
        <logpt time="2016-01-14T22:00:26Z">
          <spd>9.4</spd>
          <str>88.0</str>
        </logpt>
        <logpt time="2016-01-14T22:00:30Z">
          <spd>9.4</spd>
          <str>88.0</str>
        </logpt>
        <logpt time="2016-01-14T22:00:34Z">
          <spd>9.9</spd>
          <str>88.0</str>
        </logpt>
        <logpt time="2016-01-14T22:00:38Z">
          <spd>10.3</spd>
          <str>88.0</str>
        </logpt>
        <logpt time="2016-01-14T22:00:42Z">
          <spd>10.3</spd>
          <str>88.0</str>
        </logpt>
        <logpt time="2016-01-14T22:00:46Z">
          <spd>9.9</spd>
          <str>88.0</str>
        </logpt>
        <logpt time="2016-01-14T22:00:50Z">
          <spd>9.9</spd>
          <str>88.0</str>
        </logpt>
        <logpt time="2016-01-14T22:00:54Z">
          <spd>9.9</spd>
          <str>88.0</str>
        </logpt>
        <logpt time="2016-01-14T22:00:58Z">
          <spd>9.4</spd>
          <str>87.0</str>
        </logpt>
        <logpt time="2016-01-14T22:01:02Z">
          <spd>9.4</spd>
          <str>88.0</str>
        </logpt>
        <logpt time="2016-01-14T22:01:06Z">
          <spd>9.4</spd>
          <str>87.0</str>
        </logpt>
        <logpt time="2016-01-14T22:01:10Z">
          <spd>9.4</spd>
          <str>88.0</str>
        </logpt>
        <logpt time="2016-01-14T22:01:14Z">
          <spd>9.9</spd>
          <str>87.0</str>
        </logpt>
        <logpt time="2016-01-14T22:01:18Z">
          <spd>9.9</spd>
          <str>87.0</str>
        </logpt>
        <logpt time="2016-01-14T22:01:22Z">
          <spd>10.3</spd>
          <str>87.0</str>
        </logpt>
        <logpt time="2016-01-14T22:01:26Z">
          <spd>9.9</spd>
          <str>87.0</str>
        </logpt>
        <logpt time="2016-01-14T22:01:30Z">
          <spd>9.9</spd>
          <str>88.0</str>
        </logpt>
        <logpt time="2016-01-14T22:01:34Z">
          <spd>9.9</spd>
          <str>88.0</str>
        </logpt>
        <logpt time="2016-01-14T22:01:38Z">
          <spd>9.9</spd>
          <str>88.0</str>
        </logpt>
        <logpt time="2016-01-14T22:01:42Z">
          <spd>9.9</spd>
          <str>88.0</str>
        </logpt>
        <logpt time="2016-01-14T22:01:46Z">
          <spd>9.9</spd>
          <str>88.0</str>
        </logpt>
        <logpt time="2016-01-14T22:01:50Z">
          <spd>9.9</spd>
          <str>88.0</str>
        </logpt>
        <logpt time="2016-01-14T22:01:54Z">
          <spd>10.3</spd>
          <str>87.0</str>
        </logpt>
        <logpt time="2016-01-14T22:01:58Z">
          <spd>10.3</spd>
          <str>88.0</str>
        </logpt>
        <logpt time="2016-01-14T22:02:02Z">
          <spd>9.9</spd>
          <str>88.0</str>
        </logpt>
        <logpt time="2016-01-14T22:02:06Z">
          <spd>9.9</spd>
          <str>87.0</str>
        </logpt>
        <logpt time="2016-01-14T22:02:10Z">
          <spd>9.9</spd>
          <str>88.0</str>
        </logpt>
        <logpt time="2016-01-14T22:02:14Z">
          <spd>9.9</spd>
          <str>88.0</str>
        </logpt>
        <logpt time="2016-01-14T22:02:18Z">
          <spd>9.9</spd>
          <str>88.0</str>
        </logpt>
        <logpt time="2016-01-14T22:02:22Z">
          <spd>10.3</spd>
          <str>88.0</str>
        </logpt>
        <logpt time="2016-01-14T22:02:26Z">
          <spd>10.3</spd>
          <str>88.0</str>
        </logpt>
        <logpt time="2016-01-14T22:02:30Z">
          <spd>10.3</spd>
          <str>88.0</str>
        </logpt>
        <logpt time="2016-01-14T22:02:34Z">
          <spd>10.3</spd>
          <str>88.0</str>
        </logpt>
        <logpt time="2016-01-14T22:02:38Z">
          <spd>10.3</spd>
          <str>88.0</str>
        </logpt>
        <logpt time="2016-01-14T22:02:42Z">
          <spd>10.3</spd>
          <str>88.0</str>
        </logpt>
        <logpt time="2016-01-14T22:02:46Z">
          <spd>10.3</spd>
          <str>88.0</str>
        </logpt>
        <logpt time="2016-01-14T22:02:50Z">
          <spd>10.3</spd>
          <str>88.0</str>
        </logpt>
        <logpt time="2016-01-14T22:02:54Z">
          <spd>9.4</spd>
          <str>88.0</str>
        </logpt>
        <logpt time="2016-01-14T22:02:58Z">
          <spd>9.4</spd>
          <str>88.0</str>
        </logpt>
        <logpt time="2016-01-14T22:03:02Z">
          <spd>9.0</spd>
          <str>88.0</str>
        </logpt>
        <logpt time="2016-01-14T22:03:06Z">
          <spd>9.4</spd>
          <str>88.0</str>
        </logpt>
        <logpt time="2016-01-14T22:03:10Z">
          <spd>9.4</spd>
          <str>88.0</str>
        </logpt>
        <logpt time="2016-01-14T22:03:14Z">
          <spd>9.4</spd>
          <str>88.0</str>
        </logpt>
        <logpt time="2016-01-14T22:03:18Z">
          <spd>9.4</spd>
          <str>88.0</str>
        </logpt>
        <logpt time="2016-01-14T22:03:22Z">
          <spd>9.4</spd>
          <str>88.0</str>
        </logpt>
        <logpt time="2016-01-14T22:03:26Z">
          <spd>9.4</spd>
          <str>88.0</str>
        </logpt>
        <logpt time="2016-01-14T22:03:30Z">
          <spd>9.4</spd>
          <str>88.0</str>
        </logpt>
        <logpt time="2016-01-14T22:03:34Z">
          <spd>9.9</spd>
          <str>88.0</str>
        </logpt>
        <logpt time="2016-01-14T22:03:38Z">
          <spd>9.9</spd>
          <str>88.0</str>
        </logpt>
        <logpt time="2016-01-14T22:03:42Z">
          <spd>10.3</spd>
          <str>88.0</str>
        </logpt>
        <logpt time="2016-01-14T22:03:46Z">
          <spd>10.3</spd>
          <str>88.0</str>
        </logpt>
        <logpt time="2016-01-14T22:03:50Z">
          <spd>10.3</spd>
          <str>89.0</str>
        </logpt>
        <logpt time="2016-01-14T22:03:54Z">
          <spd>10.3</spd>
          <str>88.0</str>
        </logpt>
        <logpt time="2016-01-14T22:03:58Z">
          <spd>10.3</spd>
          <str>88.0</str>
        </logpt>
        <logpt time="2016-01-14T22:04:02Z">
          <spd>10.3</spd>
          <str>89.0</str>
        </logpt>
        <logpt time="2016-01-14T22:04:06Z">
          <spd>10.3</spd>
          <str>89.0</str>
        </logpt>
        <logpt time="2016-01-14T22:04:10Z">
          <spd>10.3</spd>
          <str>89.0</str>
        </logpt>
        <logpt time="2016-01-14T22:04:14Z">
          <spd>10.3</spd>
          <str>89.0</str>
        </logpt>
        <logpt time="2016-01-14T22:04:18Z">
          <spd>10.8</spd>
          <str>89.0</str>
        </logpt>
        <logpt time="2016-01-14T22:04:22Z">
          <spd>9.9</spd>
          <str>89.0</str>
        </logpt>
        <logpt time="2016-01-14T22:04:26Z">
          <spd>9.9</spd>
          <str>88.0</str>
        </logpt>
        <logpt time="2016-01-14T22:04:30Z">
          <spd>9.9</spd>
          <str>89.0</str>
        </logpt>
        <logpt time="2016-01-14T22:04:34Z">
          <spd>9.9</spd>
          <str>89.0</str>
        </logpt>
        <logpt time="2016-01-14T22:04:38Z">
          <spd>9.9</spd>
          <str>89.0</str>
        </logpt>
        <logpt time="2016-01-14T22:04:42Z">
          <spd>9.4</spd>
          <str>89.0</str>
        </logpt>
        <logpt time="2016-01-14T22:04:46Z">
          <spd>9.0</spd>
          <str>88.0</str>
        </logpt>
        <logpt time="2016-01-14T22:04:50Z">
          <spd>8.6</spd>
          <str>88.0</str>
        </logpt>
        <logpt time="2016-01-14T22:04:54Z">
          <spd>8.1</spd>
          <str>89.0</str>
        </logpt>
        <logpt time="2016-01-14T22:04:58Z">
          <spd>8.6</spd>
          <str>88.0</str>
        </logpt>
        <logpt time="2016-01-14T22:05:02Z">
          <spd>9.0</spd>
          <str>88.0</str>
        </logpt>
        <logpt time="2016-01-14T22:05:06Z">
          <spd>8.6</spd>
          <str>88.0</str>
        </logpt>
        <logpt time="2016-01-14T22:05:10Z">
          <spd>8.6</spd>
          <str>88.0</str>
        </logpt>
        <logpt time="2016-01-14T22:05:14Z">
          <spd>9.0</spd>
          <str>88.0</str>
        </logpt>
        <logpt time="2016-01-14T22:05:18Z">
          <spd>9.0</spd>
          <str>88.0</str>
        </logpt>
        <logpt time="2016-01-14T22:05:22Z">
          <spd>9.4</spd>
          <str>88.0</str>
        </logpt>
        <logpt time="2016-01-14T22:05:26Z">
          <spd>9.4</spd>
          <str>88.0</str>
        </logpt>
        <logpt time="2016-01-14T22:05:30Z">
          <spd>9.0</spd>
          <str>88.0</str>
        </logpt>
        <logpt time="2016-01-14T22:05:34Z">
          <spd>9.0</spd>
          <str>88.0</str>
        </logpt>
        <logpt time="2016-01-14T22:05:38Z">
          <spd>9.4</spd>
          <str>88.0</str>
        </logpt>
        <logpt time="2016-01-14T22:05:42Z">
          <spd>9.4</spd>
          <str>88.0</str>
        </logpt>
        <logpt time="2016-01-14T22:05:46Z">
          <spd>9.0</spd>
          <str>89.0</str>
        </logpt>
        <logpt time="2016-01-14T22:05:50Z">
          <spd>9.0</spd>
          <str>89.0</str>
        </logpt>
        <logpt time="2016-01-14T22:05:54Z">
          <spd>9.0</spd>
          <str>88.0</str>
        </logpt>
        <logpt time="2016-01-14T22:05:58Z">
          <spd>9.0</spd>
          <str>89.0</str>
        </logpt>
        <logpt time="2016-01-14T22:06:02Z">
          <spd>9.0</spd>
          <str>88.0</str>
        </logpt>
        <logpt time="2016-01-14T22:06:06Z">
          <spd>9.4</spd>
          <str>88.0</str>
        </logpt>
        <logpt time="2016-01-14T22:06:10Z">
          <spd>9.4</spd>
          <str>89.0</str>
        </logpt>
        <logpt time="2016-01-14T22:06:14Z">
          <spd>9.9</spd>
          <str>89.0</str>
        </logpt>
        <logpt time="2016-01-14T22:06:18Z">
          <spd>9.9</spd>
          <str>88.0</str>
        </logpt>
        <logpt time="2016-01-14T22:06:22Z">
          <spd>9.9</spd>
          <str>89.0</str>
        </logpt>
        <logpt time="2016-01-14T22:06:26Z">
          <spd>9.4</spd>
          <str>89.0</str>
        </logpt>
        <logpt time="2016-01-14T22:06:30Z">
          <spd>9.4</spd>
          <str>89.0</str>
        </logpt>
        <logpt time="2016-01-14T22:06:34Z">
          <spd>9.4</spd>
          <str>89.0</str>
        </logpt>
        <logpt time="2016-01-14T22:06:38Z">
          <spd>9.4</spd>
          <str>89.0</str>
        </logpt>
        <logpt time="2016-01-14T22:06:42Z">
          <spd>9.4</spd>
          <str>89.0</str>
        </logpt>
        <logpt time="2016-01-14T22:06:46Z">
          <spd>9.4</spd>
          <str>89.0</str>
        </logpt>
        <logpt time="2016-01-14T22:06:50Z">
          <spd>9.4</spd>
          <str>89.0</str>
        </logpt>
        <logpt time="2016-01-14T22:06:54Z">
          <spd>9.4</spd>
          <str>89.0</str>
        </logpt>
        <logpt time="2016-01-14T22:06:58Z">
          <spd>9.0</spd>
          <str>89.0</str>
        </logpt>
        <logpt time="2016-01-14T22:07:02Z">
          <spd>9.0</spd>
          <str>89.0</str>
        </logpt>
        <logpt time="2016-01-14T22:07:06Z">
          <spd>8.6</spd>
          <str>89.0</str>
        </logpt>
        <logpt time="2016-01-14T22:07:10Z">
          <spd>8.6</spd>
          <str>89.0</str>
        </logpt>
        <logpt time="2016-01-14T22:07:14Z">
          <spd>9.0</spd>
          <str>89.0</str>
        </logpt>
        <logpt time="2016-01-14T22:07:18Z">
          <spd>9.0</spd>
          <str>89.0</str>
        </logpt>
        <logpt time="2016-01-14T22:07:22Z">
          <spd>9.4</spd>
          <str>89.0</str>
        </logpt>
        <logpt time="2016-01-14T22:07:26Z">
          <spd>9.4</spd>
          <str>89.0</str>
        </logpt>
        <logpt time="2016-01-14T22:07:30Z">
          <spd>9.4</spd>
          <str>89.0</str>
        </logpt>
        <logpt time="2016-01-14T22:07:34Z">
          <spd>8.6</spd>
          <str>88.0</str>
        </logpt>
        <logpt time="2016-01-14T22:07:38Z">
          <spd>8.6</spd>
          <str>88.0</str>
        </logpt>
        <logpt time="2016-01-14T22:07:42Z">
          <spd>8.1</spd>
          <str>88.0</str>
        </logpt>
        <logpt time="2016-01-14T22:07:46Z">
          <spd>8.6</spd>
          <str>88.0</str>
        </logpt>
        <logpt time="2016-01-14T22:07:50Z">
          <spd>8.6</spd>
          <str>88.0</str>
        </logpt>
        <logpt time="2016-01-14T22:07:54Z">
          <spd>9.0</spd>
          <str>88.0</str>
        </logpt>
        <logpt time="2016-01-14T22:07:58Z">
          <spd>8.6</spd>
          <str>86.0</str>
        </logpt>
        <logpt time="2016-01-14T22:08:02Z">
          <spd>8.1</spd>
          <str>86.0</str>
        </logpt>
        <logpt time="2016-01-14T22:08:06Z">
          <spd>7.7</spd>
          <str>85.0</str>
        </logpt>
        <logpt time="2016-01-14T22:08:10Z">
          <spd>7.7</spd>
          <str>84.0</str>
        </logpt>
        <logpt time="2016-01-14T22:08:14Z">
          <spd>8.1</spd>
          <str>85.0</str>
        </logpt>
        <logpt time="2016-01-14T22:08:18Z">
          <spd>8.1</spd>
          <str>84.0</str>
        </logpt>
        <logpt time="2016-01-14T22:08:22Z">
          <spd>8.1</spd>
          <str>84.0</str>
        </logpt>
        <logpt time="2016-01-14T22:08:26Z">
          <spd>8.6</spd>
          <str>85.0</str>
        </logpt>
        <logpt time="2016-01-14T22:08:30Z">
          <spd>8.6</spd>
          <str>85.0</str>
        </logpt>
        <logpt time="2016-01-14T22:08:34Z">
          <spd>8.6</spd>
          <str>86.0</str>
        </logpt>
        <logpt time="2016-01-14T22:08:38Z">
          <spd>9.0</spd>
          <str>85.0</str>
        </logpt>
        <logpt time="2016-01-14T22:08:42Z">
          <spd>9.0</spd>
          <str>85.0</str>
        </logpt>
        <logpt time="2016-01-14T22:08:46Z">
          <spd>9.0</spd>
          <str>86.0</str>
        </logpt>
        <logpt time="2016-01-14T22:08:50Z">
          <spd>9.0</spd>
          <str>86.0</str>
        </logpt>
        <logpt time="2016-01-14T22:08:54Z">
          <spd>9.0</spd>
          <str>86.0</str>
        </logpt>
        <logpt time="2016-01-14T22:08:58Z">
          <spd>9.0</spd>
          <str>87.0</str>
        </logpt>
        <logpt time="2016-01-14T22:09:02Z">
          <spd>9.0</spd>
          <str>89.0</str>
        </logpt>
        <logpt time="2016-01-14T22:09:06Z">
          <spd>9.0</spd>
          <str>90.0</str>
        </logpt>
        <logpt time="2016-01-14T22:09:10Z">
          <spd>9.0</spd>
          <str>90.0</str>
        </logpt>
        <logpt time="2016-01-14T22:09:14Z">
          <spd>9.0</spd>
          <str>89.0</str>
        </logpt>
        <logpt time="2016-01-14T22:09:18Z">
          <spd>9.0</spd>
          <str>90.0</str>
        </logpt>
        <logpt time="2016-01-14T22:09:22Z">
          <spd>9.4</spd>
          <str>90.0</str>
        </logpt>
        <logpt time="2016-01-14T22:09:26Z">
          <spd>9.0</spd>
          <str>90.0</str>
        </logpt>
        <logpt time="2016-01-14T22:09:30Z">
          <spd>9.0</spd>
          <str>90.0</str>
        </logpt>
        <logpt time="2016-01-14T22:09:34Z">
          <spd>9.0</spd>
          <str>90.0</str>
        </logpt>
        <logpt time="2016-01-14T22:09:38Z">
          <spd>9.0</spd>
          <str>90.0</str>
        </logpt>
        <logpt time="2016-01-14T22:09:42Z">
          <spd>9.0</spd>
          <str>89.0</str>
        </logpt>
        <logpt time="2016-01-14T22:09:46Z">
          <spd>9.4</spd>
          <str>90.0</str>
        </logpt>
        <logpt time="2016-01-14T22:09:50Z">
          <spd>9.9</spd>
          <str>90.0</str>
        </logpt>
        <logpt time="2016-01-14T22:09:54Z">
          <spd>9.9</spd>
          <str>90.0</str>
        </logpt>
        <logpt time="2016-01-14T22:09:58Z">
          <spd>9.9</spd>
          <str>89.0</str>
        </logpt>
        <logpt time="2016-01-14T22:10:02Z">
          <spd>9.9</spd>
          <str>89.0</str>
        </logpt>
        <logpt time="2016-01-14T22:10:06Z">
          <spd>9.9</spd>
          <str>90.0</str>
        </logpt>
        <logpt time="2016-01-14T22:10:10Z">
          <spd>9.9</spd>
          <str>90.0</str>
        </logpt>
        <logpt time="2016-01-14T22:10:14Z">
          <spd>9.9</spd>
          <str>90.0</str>
        </logpt>
        <logpt time="2016-01-14T22:10:18Z">
          <spd>9.9</spd>
          <str>90.0</str>
        </logpt>
        <logpt time="2016-01-14T22:10:22Z">
          <spd>9.9</spd>
          <str>90.0</str>
        </logpt>
        <logpt time="2016-01-14T22:10:26Z">
          <spd>9.9</spd>
          <str>90.0</str>
        </logpt>
        <logpt time="2016-01-14T22:10:30Z">
          <spd>9.9</spd>
          <str>89.0</str>
        </logpt>
        <logpt time="2016-01-14T22:10:34Z">
          <spd>9.9</spd>
          <str>89.0</str>
        </logpt>
        <logpt time="2016-01-14T22:10:38Z">
          <spd>9.4</spd>
          <str>89.0</str>
        </logpt>
        <logpt time="2016-01-14T22:10:42Z">
          <spd>9.4</spd>
          <str>90.0</str>
        </logpt>
        <logpt time="2016-01-14T22:10:46Z">
          <spd>9.9</spd>
          <str>89.0</str>
        </logpt>
        <logpt time="2016-01-14T22:10:50Z">
          <spd>9.9</spd>
          <str>89.0</str>
        </logpt>
        <logpt time="2016-01-14T22:10:54Z">
          <spd>9.9</spd>
          <str>89.0</str>
        </logpt>
        <logpt time="2016-01-14T22:10:58Z">
          <spd>9.9</spd>
          <str>89.0</str>
        </logpt>
        <logpt time="2016-01-14T22:11:02Z">
          <spd>10.3</spd>
          <str>89.0</str>
        </logpt>
        <logpt time="2016-01-14T22:11:06Z">
          <spd>10.3</spd>
          <str>89.0</str>
        </logpt>
        <logpt time="2016-01-14T22:11:10Z">
          <spd>10.3</spd>
          <str>89.0</str>
        </logpt>
        <logpt time="2016-01-14T22:11:14Z">
          <spd>10.3</spd>
          <str>89.0</str>
        </logpt>
        <logpt time="2016-01-14T22:11:18Z">
          <spd>10.3</spd>
          <str>89.0</str>
        </logpt>
        <logpt time="2016-01-14T22:11:22Z">
          <spd>9.9</spd>
          <str>89.0</str>
        </logpt>
        <logpt time="2016-01-14T22:11:26Z">
          <spd>9.9</spd>
          <str>88.0</str>
        </logpt>
        <logpt time="2016-01-14T22:11:30Z">
          <spd>9.9</spd>
          <str>89.0</str>
        </logpt>
        <logpt time="2016-01-14T22:11:34Z">
          <spd>10.3</spd>
          <str>89.0</str>
        </logpt>
        <logpt time="2016-01-14T22:11:38Z">
          <spd>10.3</spd>
          <str>89.0</str>
        </logpt>
        <logpt time="2016-01-14T22:11:42Z">
          <spd>9.9</spd>
          <str>89.0</str>
        </logpt>
        <logpt time="2016-01-14T22:11:46Z">
          <spd>10.3</spd>
          <str>89.0</str>
        </logpt>
        <logpt time="2016-01-14T22:11:50Z">
          <spd>9.9</spd>
          <str>89.0</str>
        </logpt>
        <logpt time="2016-01-14T22:11:54Z">
          <spd>9.9</spd>
          <str>89.0</str>
        </logpt>
        <logpt time="2016-01-14T22:11:58Z">
          <spd>10.3</spd>
          <str>89.0</str>
        </logpt>
        <logpt time="2016-01-14T22:12:02Z">
          <spd>9.9</spd>
          <str>89.0</str>
        </logpt>
        <logpt time="2016-01-14T22:12:06Z">
          <spd>9.9</spd>
          <str>89.0</str>
        </logpt>
        <logpt time="2016-01-14T22:12:10Z">
          <spd>9.9</spd>
          <str>89.0</str>
        </logpt>
        <logpt time="2016-01-14T22:12:14Z">
          <spd>9.9</spd>
          <str>89.0</str>
        </logpt>
        <logpt time="2016-01-14T22:12:18Z">
          <spd>9.9</spd>
          <str>89.0</str>
        </logpt>
        <logpt time="2016-01-14T22:12:22Z">
          <spd>9.9</spd>
          <str>89.0</str>
        </logpt>
        <logpt time="2016-01-14T22:12:26Z">
          <spd>9.9</spd>
          <str>89.0</str>
        </logpt>
        <logpt time="2016-01-14T22:12:30Z">
          <spd>9.9</spd>
          <str>89.0</str>
        </logpt>
        <logpt time="2016-01-14T22:12:34Z">
          <spd>9.9</spd>
          <str>89.0</str>
        </logpt>
        <logpt time="2016-01-14T22:12:38Z">
          <spd>9.4</spd>
          <str>89.0</str>
        </logpt>
        <logpt time="2016-01-14T22:12:42Z">
          <spd>9.4</spd>
          <str>89.0</str>
        </logpt>
        <logpt time="2016-01-14T22:12:46Z">
          <spd>9.4</spd>
          <str>89.0</str>
        </logpt>
        <logpt time="2016-01-14T22:12:50Z">
          <spd>9.4</spd>
          <str>89.0</str>
        </logpt>
        <logpt time="2016-01-14T22:12:54Z">
          <spd>9.9</spd>
          <str>89.0</str>
        </logpt>
        <logpt time="2016-01-14T22:12:58Z">
          <spd>9.9</spd>
          <str>89.0</str>
        </logpt>
        <logpt time="2016-01-14T22:13:02Z">
          <spd>9.4</spd>
          <str>89.0</str>
        </logpt>
        <logpt time="2016-01-14T22:13:06Z">
          <spd>9.4</spd>
          <str>89.0</str>
        </logpt>
        <logpt time="2016-01-14T22:13:10Z">
          <spd>9.4</spd>
          <str>89.0</str>
        </logpt>
        <logpt time="2016-01-14T22:13:14Z">
          <spd>9.4</spd>
          <str>89.0</str>
        </logpt>
        <logpt time="2016-01-14T22:13:18Z">
          <spd>9.4</spd>
          <str>89.0</str>
        </logpt>
        <logpt time="2016-01-14T22:13:22Z">
          <spd>9.4</spd>
          <str>89.0</str>
        </logpt>
        <logpt time="2016-01-14T22:13:26Z">
          <spd>9.0</spd>
          <str>89.0</str>
        </logpt>
        <logpt time="2016-01-14T22:13:30Z">
          <spd>9.0</spd>
          <str>89.0</str>
        </logpt>
        <logpt time="2016-01-14T22:13:34Z">
          <spd>9.0</spd>
          <str>89.0</str>
        </logpt>
        <logpt time="2016-01-14T22:13:38Z">
          <spd>9.0</spd>
          <str>89.0</str>
        </logpt>
        <logpt time="2016-01-14T22:13:42Z">
          <spd>9.0</spd>
          <str>89.0</str>
        </logpt>
        <logpt time="2016-01-14T22:13:46Z">
          <spd>9.0</spd>
          <str>89.0</str>
        </logpt>
        <logpt time="2016-01-14T22:13:50Z">
          <spd>9.4</spd>
          <str>88.0</str>
        </logpt>
        <logpt time="2016-01-14T22:13:54Z">
          <spd>9.4</spd>
          <str>89.0</str>
        </logpt>
        <logpt time="2016-01-14T22:13:58Z">
          <spd>9.4</spd>
          <str>89.0</str>
        </logpt>
        <logpt time="2016-01-14T22:14:02Z">
          <spd>9.4</spd>
          <str>89.0</str>
        </logpt>
        <logpt time="2016-01-14T22:14:06Z">
          <spd>9.4</spd>
          <str>89.0</str>
        </logpt>
        <logpt time="2016-01-14T22:14:10Z">
          <spd>9.9</spd>
          <str>88.0</str>
        </logpt>
        <logpt time="2016-01-14T22:14:14Z">
          <spd>9.9</spd>
          <str>89.0</str>
        </logpt>
        <logpt time="2016-01-14T22:14:18Z">
          <spd>9.9</spd>
          <str>89.0</str>
        </logpt>
        <logpt time="2016-01-14T22:14:22Z">
          <spd>9.9</spd>
          <str>89.0</str>
        </logpt>
        <logpt time="2016-01-14T22:14:26Z">
          <spd>9.4</spd>
          <str>89.0</str>
        </logpt>
        <logpt time="2016-01-14T22:14:30Z">
          <spd>9.9</spd>
          <str>89.0</str>
        </logpt>
        <logpt time="2016-01-14T22:14:34Z">
          <spd>9.9</spd>
          <str>89.0</str>
        </logpt>
        <logpt time="2016-01-14T22:14:38Z">
          <spd>9.9</spd>
          <str>89.0</str>
        </logpt>
        <logpt time="2016-01-14T22:14:42Z">
          <spd>9.9</spd>
          <str>89.0</str>
        </logpt>
        <logpt time="2016-01-14T22:14:46Z">
          <spd>9.9</spd>
          <str>89.0</str>
        </logpt>
        <logpt time="2016-01-14T22:14:50Z">
          <spd>9.9</spd>
          <str>89.0</str>
        </logpt>
        <logpt time="2016-01-14T22:14:54Z">
          <spd>9.9</spd>
          <str>89.0</str>
        </logpt>
        <logpt time="2016-01-14T22:14:58Z">
          <spd>9.4</spd>
          <str>89.0</str>
        </logpt>
        <logpt time="2016-01-14T22:15:02Z">
          <spd>9.4</spd>
          <str>89.0</str>
        </logpt>
        <logpt time="2016-01-14T22:15:06Z">
          <spd>9.4</spd>
          <str>89.0</str>
        </logpt>
        <logpt time="2016-01-14T22:15:10Z">
          <spd>9.9</spd>
          <str>89.0</str>
        </logpt>
        <logpt time="2016-01-14T22:15:14Z">
          <spd>9.9</spd>
          <str>89.0</str>
        </logpt>
        <logpt time="2016-01-14T22:15:18Z">
          <spd>9.0</spd>
          <str>88.0</str>
        </logpt>
        <logpt time="2016-01-14T22:15:22Z">
          <spd>8.1</spd>
          <str>86.0</str>
        </logpt>
        <logpt time="2016-01-14T22:15:26Z">
          <spd>7.2</spd>
          <str>85.0</str>
        </logpt>
        <logpt time="2016-01-14T22:15:30Z">
          <spd>6.3</spd>
          <str>85.0</str>
        </logpt>
        <logpt time="2016-01-14T22:15:34Z">
          <spd>5.8</spd>
          <str>78.0</str>
        </logpt>
        <logpt time="2016-01-14T22:15:38Z">
          <spd>6.3</spd>
          <str>77.0</str>
        </logpt>
        <logpt time="2016-01-14T22:15:42Z">
          <spd>6.3</spd>
          <str>77.0</str>
        </logpt>
        <logpt time="2016-01-14T22:15:46Z">
          <spd>6.8</spd>
          <str>78.0</str>
        </logpt>
        <logpt time="2016-01-14T22:15:50Z">
          <spd>7.2</spd>
          <str>77.0</str>
        </logpt>
        <logpt time="2016-01-14T22:15:54Z">
          <spd>7.7</spd>
          <str>77.0</str>
        </logpt>
        <logpt time="2016-01-14T22:15:58Z">
          <spd>7.7</spd>
          <str>77.0</str>
        </logpt>
        <logpt time="2016-01-14T22:16:02Z">
          <spd>7.7</spd>
          <str>77.0</str>
        </logpt>
        <logpt time="2016-01-14T22:16:06Z">
          <spd>8.1</spd>
          <str>77.0</str>
        </logpt>
        <logpt time="2016-01-14T22:16:10Z">
          <spd>8.1</spd>
          <str>77.0</str>
        </logpt>
        <logpt time="2016-01-14T22:16:14Z">
          <spd>8.1</spd>
          <str>77.0</str>
        </logpt>
        <logpt time="2016-01-14T22:16:18Z">
          <spd>8.6</spd>
          <str>78.0</str>
        </logpt>
        <logpt time="2016-01-14T22:16:22Z">
          <spd>9.4</spd>
          <str>80.0</str>
        </logpt>
        <logpt time="2016-01-14T22:16:26Z">
          <spd>9.4</spd>
          <str>88.0</str>
        </logpt>
        <logpt time="2016-01-14T22:16:30Z">
          <spd>9.4</spd>
          <str>88.0</str>
        </logpt>
        <logpt time="2016-01-14T22:16:34Z">
          <spd>9.4</spd>
          <str>88.0</str>
        </logpt>
        <logpt time="2016-01-14T22:16:38Z">
          <spd>9.4</spd>
          <str>89.0</str>
        </logpt>
        <logpt time="2016-01-14T22:16:42Z">
          <spd>9.4</spd>
          <str>89.0</str>
        </logpt>
        <logpt time="2016-01-14T22:16:46Z">
          <spd>9.4</spd>
          <str>88.0</str>
        </logpt>
        <logpt time="2016-01-14T22:16:50Z">
          <spd>9.4</spd>
          <str>89.0</str>
        </logpt>
        <logpt time="2016-01-14T22:16:54Z">
          <spd>9.9</spd>
          <str>89.0</str>
        </logpt>
        <logpt time="2016-01-14T22:16:58Z">
          <spd>9.9</spd>
          <str>88.0</str>
        </logpt>
        <logpt time="2016-01-14T22:17:02Z">
          <spd>9.9</spd>
          <str>88.0</str>
        </logpt>
        <logpt time="2016-01-14T22:17:06Z">
          <spd>9.9</spd>
          <str>89.0</str>
        </logpt>
        <logpt time="2016-01-14T22:17:10Z">
          <spd>9.9</spd>
          <str>88.0</str>
        </logpt>
        <logpt time="2016-01-14T22:17:14Z">
          <spd>9.9</spd>
          <str>88.0</str>
        </logpt>
        <logpt time="2016-01-14T22:17:18Z">
          <spd>9.9</spd>
          <str>88.0</str>
        </logpt>
        <logpt time="2016-01-14T22:17:22Z">
          <spd>9.9</spd>
          <str>88.0</str>
        </logpt>
        <logpt time="2016-01-14T22:17:26Z">
          <spd>9.4</spd>
          <str>88.0</str>
        </logpt>
        <logpt time="2016-01-14T22:17:30Z">
          <spd>9.0</spd>
          <str>88.0</str>
        </logpt>
        <logpt time="2016-01-14T22:17:34Z">
          <spd>8.6</spd>
          <str>88.0</str>
        </logpt>
        <logpt time="2016-01-14T22:17:38Z">
          <spd>8.6</spd>
          <str>88.0</str>
        </logpt>
        <logpt time="2016-01-14T22:17:42Z">
          <spd>9.0</spd>
          <str>88.0</str>
        </logpt>
        <logpt time="2016-01-14T22:17:46Z">
          <spd>9.0</spd>
          <str>88.0</str>
        </logpt>
        <logpt time="2016-01-14T22:17:50Z">
          <spd>9.4</spd>
          <str>88.0</str>
        </logpt>
        <logpt time="2016-01-14T22:17:54Z">
          <spd>9.4</spd>
          <str>88.0</str>
        </logpt>
        <logpt time="2016-01-14T22:17:58Z">
          <spd>9.4</spd>
          <str>89.0</str>
        </logpt>
        <logpt time="2016-01-14T22:18:02Z">
          <spd>9.4</spd>
          <str>89.0</str>
        </logpt>
        <logpt time="2016-01-14T22:18:06Z">
          <spd>9.4</spd>
          <str>88.0</str>
        </logpt>
        <logpt time="2016-01-14T22:18:10Z">
          <spd>9.4</spd>
          <str>89.0</str>
        </logpt>
        <logpt time="2016-01-14T22:18:14Z">
          <spd>9.4</spd>
          <str>89.0</str>
        </logpt>
        <logpt time="2016-01-14T22:18:18Z">
          <spd>9.4</spd>
          <str>89.0</str>
        </logpt>
        <logpt time="2016-01-14T22:18:22Z">
          <spd>9.9</spd>
          <str>89.0</str>
        </logpt>
        <logpt time="2016-01-14T22:18:26Z">
          <spd>9.4</spd>
          <str>89.0</str>
        </logpt>
        <logpt time="2016-01-14T22:18:30Z">
          <spd>9.4</spd>
          <str>90.0</str>
        </logpt>
        <logpt time="2016-01-14T22:18:34Z">
          <spd>9.4</spd>
          <str>90.0</str>
        </logpt>
        <logpt time="2016-01-14T22:18:38Z">
          <spd>9.4</spd>
          <str>90.0</str>
        </logpt>
        <logpt time="2016-01-14T22:18:42Z">
          <spd>9.4</spd>
          <str>90.0</str>
        </logpt>
        <logpt time="2016-01-14T22:18:46Z">
          <spd>9.4</spd>
          <str>90.0</str>
        </logpt>
        <logpt time="2016-01-14T22:18:50Z">
          <spd>9.4</spd>
          <str>90.0</str>
        </logpt>
        <logpt time="2016-01-14T22:18:54Z">
          <spd>9.4</spd>
          <str>90.0</str>
        </logpt>
        <logpt time="2016-01-14T22:18:58Z">
          <spd>9.4</spd>
          <str>90.0</str>
        </logpt>
        <logpt time="2016-01-14T22:19:02Z">
          <spd>9.0</spd>
          <str>90.0</str>
        </logpt>
        <logpt time="2016-01-14T22:19:06Z">
          <spd>9.0</spd>
          <str>90.0</str>
        </logpt>
        <logpt time="2016-01-14T22:19:10Z">
          <spd>9.0</spd>
          <str>90.0</str>
        </logpt>
        <logpt time="2016-01-14T22:19:14Z">
          <spd>9.0</spd>
          <str>90.0</str>
        </logpt>
        <logpt time="2016-01-14T22:19:18Z">
          <spd>9.0</spd>
          <str>90.0</str>
        </logpt>
        <logpt time="2016-01-14T22:19:22Z">
          <spd>8.6</spd>
          <str>89.0</str>
        </logpt>
        <logpt time="2016-01-14T22:19:26Z">
          <spd>8.6</spd>
          <str>89.0</str>
        </logpt>
        <logpt time="2016-01-14T22:19:30Z">
          <spd>9.0</spd>
          <str>89.0</str>
        </logpt>
        <logpt time="2016-01-14T22:19:34Z">
          <spd>8.1</spd>
          <str>89.0</str>
        </logpt>
        <logpt time="2016-01-14T22:19:38Z">
          <spd>8.6</spd>
          <str>89.0</str>
        </logpt>
        <logpt time="2016-01-14T22:19:42Z">
          <spd>8.6</spd>
          <str>88.0</str>
        </logpt>
        <logpt time="2016-01-14T22:19:46Z">
          <spd>8.6</spd>
          <str>88.0</str>
        </logpt>
        <logpt time="2016-01-14T22:19:50Z">
          <spd>9.0</spd>
          <str>88.0</str>
        </logpt>
        <logpt time="2016-01-14T22:19:54Z">
          <spd>9.0</spd>
          <str>88.0</str>
        </logpt>
        <logpt time="2016-01-14T22:19:58Z">
          <spd>9.0</spd>
          <str>88.0</str>
        </logpt>
        <logpt time="2016-01-14T22:20:02Z">
          <spd>9.0</spd>
          <str>88.0</str>
        </logpt>
        <logpt time="2016-01-14T22:20:06Z">
          <spd>9.0</spd>
          <str>88.0</str>
        </logpt>
        <logpt time="2016-01-14T22:20:10Z">
          <spd>9.0</spd>
          <str>88.0</str>
        </logpt>
        <logpt time="2016-01-14T22:20:14Z">
          <spd>9.0</spd>
          <str>88.0</str>
        </logpt>
        <logpt time="2016-01-14T22:20:18Z">
          <spd>9.4</spd>
          <str>88.0</str>
        </logpt>
        <logpt time="2016-01-14T22:20:22Z">
          <spd>9.4</spd>
          <str>88.0</str>
        </logpt>
        <logpt time="2016-01-14T22:20:26Z">
          <spd>9.9</spd>
          <str>88.0</str>
        </logpt>
        <logpt time="2016-01-14T22:20:30Z">
          <spd>9.9</spd>
          <str>88.0</str>
        </logpt>
        <logpt time="2016-01-14T22:20:34Z">
          <spd>9.4</spd>
          <str>88.0</str>
        </logpt>
        <logpt time="2016-01-14T22:20:38Z">
          <spd>9.4</spd>
          <str>88.0</str>
        </logpt>
        <logpt time="2016-01-14T22:20:42Z">
          <spd>9.4</spd>
          <str>88.0</str>
        </logpt>
        <logpt time="2016-01-14T22:20:46Z">
          <spd>9.0</spd>
          <str>88.0</str>
        </logpt>
        <logpt time="2016-01-14T22:20:50Z">
          <spd>9.0</spd>
          <str>89.0</str>
        </logpt>
        <logpt time="2016-01-14T22:20:54Z">
          <spd>9.0</spd>
          <str>88.0</str>
        </logpt>
        <logpt time="2016-01-14T22:20:58Z">
          <spd>9.0</spd>
          <str>88.0</str>
        </logpt>
        <logpt time="2016-01-14T22:21:02Z">
          <spd>9.0</spd>
          <str>89.0</str>
        </logpt>
        <logpt time="2016-01-14T22:21:06Z">
          <spd>8.6</spd>
          <str>88.0</str>
        </logpt>
        <logpt time="2016-01-14T22:21:10Z">
          <spd>8.6</spd>
          <str>88.0</str>
        </logpt>
        <logpt time="2016-01-14T22:21:14Z">
          <spd>9.0</spd>
          <str>89.0</str>
        </logpt>
        <logpt time="2016-01-14T22:21:18Z">
          <spd>9.0</spd>
          <str>89.0</str>
        </logpt>
        <logpt time="2016-01-14T22:21:22Z">
          <spd>9.0</spd>
          <str>88.0</str>
        </logpt>
        <logpt time="2016-01-14T22:21:26Z">
          <spd>9.0</spd>
          <str>89.0</str>
        </logpt>
        <logpt time="2016-01-14T22:21:30Z">
          <spd>9.0</spd>
          <str>89.0</str>
        </logpt>
        <logpt time="2016-01-14T22:21:34Z">
          <spd>9.0</spd>
          <str>89.0</str>
        </logpt>
        <logpt time="2016-01-14T22:21:38Z">
          <spd>9.9</spd>
          <str>89.0</str>
        </logpt>
        <logpt time="2016-01-14T22:21:42Z">
          <spd>9.9</spd>
          <str>89.0</str>
        </logpt>
        <logpt time="2016-01-14T22:21:46Z">
          <spd>9.9</spd>
          <str>89.0</str>
        </logpt>
        <logpt time="2016-01-14T22:21:50Z">
          <spd>9.9</spd>
          <str>89.0</str>
        </logpt>
        <logpt time="2016-01-14T22:21:54Z">
          <spd>9.9</spd>
          <str>89.0</str>
        </logpt>
        <logpt time="2016-01-14T22:21:58Z">
          <spd>9.4</spd>
          <str>89.0</str>
        </logpt>
        <logpt time="2016-01-14T22:22:02Z">
          <spd>9.4</spd>
          <str>88.0</str>
        </logpt>
        <logpt time="2016-01-14T22:22:06Z">
          <spd>9.0</spd>
          <str>89.0</str>
        </logpt>
        <logpt time="2016-01-14T22:22:10Z">
          <spd>9.0</spd>
          <str>88.0</str>
        </logpt>
        <logpt time="2016-01-14T22:22:14Z">
          <spd>9.4</spd>
          <str>88.0</str>
        </logpt>
        <logpt time="2016-01-14T22:22:18Z">
          <spd>9.9</spd>
          <str>88.0</str>
        </logpt>
        <logpt time="2016-01-14T22:22:22Z">
          <spd>9.9</spd>
          <str>88.0</str>
        </logpt>
        <logpt time="2016-01-14T22:22:26Z">
          <spd>9.4</spd>
          <str>88.0</str>
        </logpt>
        <logpt time="2016-01-14T22:22:30Z">
          <spd>9.4</spd>
          <str>87.0</str>
        </logpt>
        <logpt time="2016-01-14T22:22:34Z">
          <spd>9.4</spd>
          <str>87.0</str>
        </logpt>
        <logpt time="2016-01-14T22:22:38Z">
          <spd>9.0</spd>
          <str>87.0</str>
        </logpt>
        <logpt time="2016-01-14T22:22:42Z">
          <spd>9.0</spd>
          <str>87.0</str>
        </logpt>
        <logpt time="2016-01-14T22:22:46Z">
          <spd>8.6</spd>
          <str>87.0</str>
        </logpt>
        <logpt time="2016-01-14T22:22:50Z">
          <spd>8.6</spd>
          <str>87.0</str>
        </logpt>
        <logpt time="2016-01-14T22:22:54Z">
          <spd>8.6</spd>
          <str>87.0</str>
        </logpt>
        <logpt time="2016-01-14T22:22:58Z">
          <spd>8.6</spd>
          <str>87.0</str>
        </logpt>
        <logpt time="2016-01-14T22:23:02Z">
          <spd>8.6</spd>
          <str>87.0</str>
        </logpt>
        <logpt time="2016-01-14T22:23:06Z">
          <spd>8.6</spd>
          <str>87.0</str>
        </logpt>
        <logpt time="2016-01-14T22:23:10Z">
          <spd>8.1</spd>
          <str>87.0</str>
        </logpt>
        <logpt time="2016-01-14T22:23:14Z">
          <spd>8.1</spd>
          <str>88.0</str>
        </logpt>
        <logpt time="2016-01-14T22:23:18Z">
          <spd>8.1</spd>
          <str>88.0</str>
        </logpt>
        <logpt time="2016-01-14T22:23:22Z">
          <spd>8.1</spd>
          <str>88.0</str>
        </logpt>
        <logpt time="2016-01-14T22:23:26Z">
          <spd>8.1</spd>
          <str>88.0</str>
        </logpt>
        <logpt time="2016-01-14T22:23:30Z">
          <spd>8.1</spd>
          <str>88.0</str>
        </logpt>
        <breaktype>2</breaktype>
      </logseg>
    </ssrlog>
    <laps>
      <summary start="2016-01-14T21:49:43Z" type="0" end="2016-01-14T22:23:28Z" isautolap="0">
        <distance>5029</distance>
        <calorie>285</calorie>
        <speed max="9.9" avg="9.0"/>
        <cad max="90" avg="87"/>
        <rtime>1973</rtime>
        <acttype subtype="0">1</acttype>
      </summary>
    </laps>
  </extensions>
</gpx>
